op,element_type,analysis,n,sparsity,time_ns
SUM,double,"AnalysisFlag::min",1024,0.001,8802
SUM,double,"AnalysisFlag::min",1024,0.001,5469
SUM,double,"AnalysisFlag::min",1024,0.001,4985
SUM,double,"AnalysisFlag::min",1024,0.001,4948
SUM,double,"AnalysisFlag::min",1024,0.001,4907
SUM,double,"AnalysisFlag::min",1024,0.001,4909
SUM,double,"AnalysisFlag::min",1024,0.001,4967
SUM,double,"AnalysisFlag::min",1024,0.001,4880
SUM,double,"AnalysisFlag::min",1024,0.001,4882
SUM,double,"AnalysisFlag::min",1024,0.001,4840
SUM,double,"AnalysisFlag::min",2048,0.001,13963
SUM,double,"AnalysisFlag::min",2048,0.001,13069
SUM,double,"AnalysisFlag::min",2048,0.001,13033
SUM,double,"AnalysisFlag::min",2048,0.001,12955
SUM,double,"AnalysisFlag::min",2048,0.001,13831
SUM,double,"AnalysisFlag::min",2048,0.001,13180
SUM,double,"AnalysisFlag::min",2048,0.001,13083
SUM,double,"AnalysisFlag::min",2048,0.001,13079
SUM,double,"AnalysisFlag::min",2048,0.001,13063
SUM,double,"AnalysisFlag::min",2048,0.001,13123
SUM,double,"AnalysisFlag::min",4096,0.001,39198
SUM,double,"AnalysisFlag::min",4096,0.001,42494
SUM,double,"AnalysisFlag::min",4096,0.001,42449
SUM,double,"AnalysisFlag::min",4096,0.001,37860
SUM,double,"AnalysisFlag::min",4096,0.001,37750
SUM,double,"AnalysisFlag::min",4096,0.001,37764
SUM,double,"AnalysisFlag::min",4096,0.001,37889
SUM,double,"AnalysisFlag::min",4096,0.001,49189
SUM,double,"AnalysisFlag::min",4096,0.001,41651
SUM,double,"AnalysisFlag::min",4096,0.001,37919
SUM,int64_t,"AnalysisFlag::min",1024,0.001,9087
SUM,int64_t,"AnalysisFlag::min",1024,0.001,2838
SUM,int64_t,"AnalysisFlag::min",1024,0.001,2839
SUM,int64_t,"AnalysisFlag::min",1024,0.001,2830
SUM,int64_t,"AnalysisFlag::min",1024,0.001,2769
SUM,int64_t,"AnalysisFlag::min",1024,0.001,2809
SUM,int64_t,"AnalysisFlag::min",1024,0.001,2749
SUM,int64_t,"AnalysisFlag::min",1024,0.001,2798
SUM,int64_t,"AnalysisFlag::min",1024,0.001,2819
SUM,int64_t,"AnalysisFlag::min",1024,0.001,2837
SUM,int64_t,"AnalysisFlag::min",2048,0.001,9048
SUM,int64_t,"AnalysisFlag::min",2048,0.001,9016
SUM,int64_t,"AnalysisFlag::min",2048,0.001,8217
SUM,int64_t,"AnalysisFlag::min",2048,0.001,8296
SUM,int64_t,"AnalysisFlag::min",2048,0.001,8354
SUM,int64_t,"AnalysisFlag::min",2048,0.001,8348
SUM,int64_t,"AnalysisFlag::min",2048,0.001,10125
SUM,int64_t,"AnalysisFlag::min",2048,0.001,8338
SUM,int64_t,"AnalysisFlag::min",2048,0.001,8343
SUM,int64_t,"AnalysisFlag::min",2048,0.001,8370
SUM,int64_t,"AnalysisFlag::min",4096,0.001,29151
SUM,int64_t,"AnalysisFlag::min",4096,0.001,29155
SUM,int64_t,"AnalysisFlag::min",4096,0.001,29153
SUM,int64_t,"AnalysisFlag::min",4096,0.001,29160
SUM,int64_t,"AnalysisFlag::min",4096,0.001,29065
SUM,int64_t,"AnalysisFlag::min",4096,0.001,29113
SUM,int64_t,"AnalysisFlag::min",4096,0.001,29224
SUM,int64_t,"AnalysisFlag::min",4096,0.001,29168
SUM,int64_t,"AnalysisFlag::min",4096,0.001,29139
SUM,int64_t,"AnalysisFlag::min",4096,0.001,29050
SUM,double,"AnalysisFlag::min",1024,0.01,19777
SUM,double,"AnalysisFlag::min",1024,0.01,19689
SUM,double,"AnalysisFlag::min",1024,0.01,21539
SUM,double,"AnalysisFlag::min",1024,0.01,19567
SUM,double,"AnalysisFlag::min",1024,0.01,19512
SUM,double,"AnalysisFlag::min",1024,0.01,19463
SUM,double,"AnalysisFlag::min",1024,0.01,19482
SUM,double,"AnalysisFlag::min",1024,0.01,19357
SUM,double,"AnalysisFlag::min",1024,0.01,19447
SUM,double,"AnalysisFlag::min",1024,0.01,19384
SUM,double,"AnalysisFlag::min",2048,0.01,80952
SUM,double,"AnalysisFlag::min",2048,0.01,70855
SUM,double,"AnalysisFlag::min",2048,0.01,70838
SUM,double,"AnalysisFlag::min",2048,0.01,70620
SUM,double,"AnalysisFlag::min",2048,0.01,79214
SUM,double,"AnalysisFlag::min",2048,0.01,70667
SUM,double,"AnalysisFlag::min",2048,0.01,70886
SUM,double,"AnalysisFlag::min",2048,0.01,70793
SUM,double,"AnalysisFlag::min",2048,0.01,70638
SUM,double,"AnalysisFlag::min",2048,0.01,79285
SUM,double,"AnalysisFlag::min",4096,0.01,270206
SUM,double,"AnalysisFlag::min",4096,0.01,290832
SUM,double,"AnalysisFlag::min",4096,0.01,270826
SUM,double,"AnalysisFlag::min",4096,0.01,271305
SUM,double,"AnalysisFlag::min",4096,0.01,269102
SUM,double,"AnalysisFlag::min",4096,0.01,269042
SUM,double,"AnalysisFlag::min",4096,0.01,269177
SUM,double,"AnalysisFlag::min",4096,0.01,269004
SUM,double,"AnalysisFlag::min",4096,0.01,269151
SUM,double,"AnalysisFlag::min",4096,0.01,276484
SUM,int64_t,"AnalysisFlag::min",1024,0.01,18167
SUM,int64_t,"AnalysisFlag::min",1024,0.01,19520
SUM,int64_t,"AnalysisFlag::min",1024,0.01,17415
SUM,int64_t,"AnalysisFlag::min",1024,0.01,19387
SUM,int64_t,"AnalysisFlag::min",1024,0.01,19436
SUM,int64_t,"AnalysisFlag::min",1024,0.01,19451
SUM,int64_t,"AnalysisFlag::min",1024,0.01,19451
SUM,int64_t,"AnalysisFlag::min",1024,0.01,19316
SUM,int64_t,"AnalysisFlag::min",1024,0.01,19347
SUM,int64_t,"AnalysisFlag::min",1024,0.01,19364
SUM,int64_t,"AnalysisFlag::min",2048,0.01,66543
SUM,int64_t,"AnalysisFlag::min",2048,0.01,66612
SUM,int64_t,"AnalysisFlag::min",2048,0.01,66542
SUM,int64_t,"AnalysisFlag::min",2048,0.01,74839
SUM,int64_t,"AnalysisFlag::min",2048,0.01,74766
SUM,int64_t,"AnalysisFlag::min",2048,0.01,76471
SUM,int64_t,"AnalysisFlag::min",2048,0.01,74762
SUM,int64_t,"AnalysisFlag::min",2048,0.01,66483
SUM,int64_t,"AnalysisFlag::min",2048,0.01,66384
SUM,int64_t,"AnalysisFlag::min",2048,0.01,72843
SUM,int64_t,"AnalysisFlag::min",4096,0.01,261079
SUM,int64_t,"AnalysisFlag::min",4096,0.01,284945
SUM,int64_t,"AnalysisFlag::min",4096,0.01,260844
SUM,int64_t,"AnalysisFlag::min",4096,0.01,260840
SUM,int64_t,"AnalysisFlag::min",4096,0.01,275031
SUM,int64_t,"AnalysisFlag::min",4096,0.01,261164
SUM,int64_t,"AnalysisFlag::min",4096,0.01,262134
SUM,int64_t,"AnalysisFlag::min",4096,0.01,266302
SUM,int64_t,"AnalysisFlag::min",4096,0.01,270478
SUM,int64_t,"AnalysisFlag::min",4096,0.01,274020
SUM,double,"AnalysisFlag::min",1024,0.05,84784
SUM,double,"AnalysisFlag::min",1024,0.05,84477
SUM,double,"AnalysisFlag::min",1024,0.05,95025
SUM,double,"AnalysisFlag::min",1024,0.05,95129
SUM,double,"AnalysisFlag::min",1024,0.05,83875
SUM,double,"AnalysisFlag::min",1024,0.05,84446
SUM,double,"AnalysisFlag::min",1024,0.05,86116
SUM,double,"AnalysisFlag::min",1024,0.05,84571
SUM,double,"AnalysisFlag::min",1024,0.05,84511
SUM,double,"AnalysisFlag::min",1024,0.05,83934
SUM,double,"AnalysisFlag::min",2048,0.05,329535
SUM,double,"AnalysisFlag::min",2048,0.05,327647
SUM,double,"AnalysisFlag::min",2048,0.05,328011
SUM,double,"AnalysisFlag::min",2048,0.05,327927
SUM,double,"AnalysisFlag::min",2048,0.05,327863
SUM,double,"AnalysisFlag::min",2048,0.05,327789
SUM,double,"AnalysisFlag::min",2048,0.05,327776
SUM,double,"AnalysisFlag::min",2048,0.05,328026
SUM,double,"AnalysisFlag::min",2048,0.05,328029
SUM,double,"AnalysisFlag::min",2048,0.05,328068
SUM,double,"AnalysisFlag::min",4096,0.05,1.30617e+06
SUM,double,"AnalysisFlag::min",4096,0.05,1.29709e+06
SUM,double,"AnalysisFlag::min",4096,0.05,1.29622e+06
SUM,double,"AnalysisFlag::min",4096,0.05,1.2963e+06
SUM,double,"AnalysisFlag::min",4096,0.05,1.29764e+06
SUM,double,"AnalysisFlag::min",4096,0.05,1.29629e+06
SUM,double,"AnalysisFlag::min",4096,0.05,1.30102e+06
SUM,double,"AnalysisFlag::min",4096,0.05,1.29844e+06
SUM,double,"AnalysisFlag::min",4096,0.05,1.29858e+06
SUM,double,"AnalysisFlag::min",4096,0.05,1.29802e+06
SUM,int64_t,"AnalysisFlag::min",1024,0.05,94107
SUM,int64_t,"AnalysisFlag::min",1024,0.05,93092
SUM,int64_t,"AnalysisFlag::min",1024,0.05,83031
SUM,int64_t,"AnalysisFlag::min",1024,0.05,92853
SUM,int64_t,"AnalysisFlag::min",1024,0.05,92841
SUM,int64_t,"AnalysisFlag::min",1024,0.05,83858
SUM,int64_t,"AnalysisFlag::min",1024,0.05,81895
SUM,int64_t,"AnalysisFlag::min",1024,0.05,92885
SUM,int64_t,"AnalysisFlag::min",1024,0.05,82114
SUM,int64_t,"AnalysisFlag::min",1024,0.05,81959
SUM,int64_t,"AnalysisFlag::min",2048,0.05,324363
SUM,int64_t,"AnalysisFlag::min",2048,0.05,324116
SUM,int64_t,"AnalysisFlag::min",2048,0.05,324176
SUM,int64_t,"AnalysisFlag::min",2048,0.05,324078
SUM,int64_t,"AnalysisFlag::min",2048,0.05,327924
SUM,int64_t,"AnalysisFlag::min",2048,0.05,325822
SUM,int64_t,"AnalysisFlag::min",2048,0.05,323937
SUM,int64_t,"AnalysisFlag::min",2048,0.05,328090
SUM,int64_t,"AnalysisFlag::min",2048,0.05,326131
SUM,int64_t,"AnalysisFlag::min",2048,0.05,331078
SUM,int64_t,"AnalysisFlag::min",4096,0.05,1.19176e+06
SUM,int64_t,"AnalysisFlag::min",4096,0.05,1.18279e+06
SUM,int64_t,"AnalysisFlag::min",4096,0.05,1.18449e+06
SUM,int64_t,"AnalysisFlag::min",4096,0.05,1.19206e+06
SUM,int64_t,"AnalysisFlag::min",4096,0.05,1.18101e+06
SUM,int64_t,"AnalysisFlag::min",4096,0.05,1.23074e+06
SUM,int64_t,"AnalysisFlag::min",4096,0.05,1.19721e+06
SUM,int64_t,"AnalysisFlag::min",4096,0.05,1.20129e+06
SUM,int64_t,"AnalysisFlag::min",4096,0.05,1.22572e+06
SUM,int64_t,"AnalysisFlag::min",4096,0.05,1.18066e+06
SUM,double,"AnalysisFlag::min",1024,0.1,166428
SUM,double,"AnalysisFlag::min",1024,0.1,165391
SUM,double,"AnalysisFlag::min",1024,0.1,169232
SUM,double,"AnalysisFlag::min",1024,0.1,165206
SUM,double,"AnalysisFlag::min",1024,0.1,165312
SUM,double,"AnalysisFlag::min",1024,0.1,165035
SUM,double,"AnalysisFlag::min",1024,0.1,164959
SUM,double,"AnalysisFlag::min",1024,0.1,165189
SUM,double,"AnalysisFlag::min",1024,0.1,166793
SUM,double,"AnalysisFlag::min",1024,0.1,167565
SUM,double,"AnalysisFlag::min",2048,0.1,649290
SUM,double,"AnalysisFlag::min",2048,0.1,650534
SUM,double,"AnalysisFlag::min",2048,0.1,647823
SUM,double,"AnalysisFlag::min",2048,0.1,650035
SUM,double,"AnalysisFlag::min",2048,0.1,650564
SUM,double,"AnalysisFlag::min",2048,0.1,650255
SUM,double,"AnalysisFlag::min",2048,0.1,648361
SUM,double,"AnalysisFlag::min",2048,0.1,649805
SUM,double,"AnalysisFlag::min",2048,0.1,648372
SUM,double,"AnalysisFlag::min",2048,0.1,649817
SUM,double,"AnalysisFlag::min",4096,0.1,2.60488e+06
SUM,double,"AnalysisFlag::min",4096,0.1,2.6048e+06
SUM,double,"AnalysisFlag::min",4096,0.1,2.60277e+06
SUM,double,"AnalysisFlag::min",4096,0.1,2.60195e+06
SUM,double,"AnalysisFlag::min",4096,0.1,2.60454e+06
SUM,double,"AnalysisFlag::min",4096,0.1,2.59859e+06
SUM,double,"AnalysisFlag::min",4096,0.1,2.60488e+06
SUM,double,"AnalysisFlag::min",4096,0.1,2.60035e+06
SUM,double,"AnalysisFlag::min",4096,0.1,2.60249e+06
SUM,double,"AnalysisFlag::min",4096,0.1,2.59985e+06
SUM,int64_t,"AnalysisFlag::min",1024,0.1,186343
SUM,int64_t,"AnalysisFlag::min",1024,0.1,184400
SUM,int64_t,"AnalysisFlag::min",1024,0.1,185821
SUM,int64_t,"AnalysisFlag::min",1024,0.1,163215
SUM,int64_t,"AnalysisFlag::min",1024,0.1,164830
SUM,int64_t,"AnalysisFlag::min",1024,0.1,181489
SUM,int64_t,"AnalysisFlag::min",1024,0.1,167516
SUM,int64_t,"AnalysisFlag::min",1024,0.1,175011
SUM,int64_t,"AnalysisFlag::min",1024,0.1,175054
SUM,int64_t,"AnalysisFlag::min",1024,0.1,172554
SUM,int64_t,"AnalysisFlag::min",2048,0.1,648928
SUM,int64_t,"AnalysisFlag::min",2048,0.1,677402
SUM,int64_t,"AnalysisFlag::min",2048,0.1,647992
SUM,int64_t,"AnalysisFlag::min",2048,0.1,646261
SUM,int64_t,"AnalysisFlag::min",2048,0.1,644632
SUM,int64_t,"AnalysisFlag::min",2048,0.1,648757
SUM,int64_t,"AnalysisFlag::min",2048,0.1,651004
SUM,int64_t,"AnalysisFlag::min",2048,0.1,649095
SUM,int64_t,"AnalysisFlag::min",2048,0.1,649842
SUM,int64_t,"AnalysisFlag::min",2048,0.1,674135
SUM,int64_t,"AnalysisFlag::min",4096,0.1,2.27662e+06
SUM,int64_t,"AnalysisFlag::min",4096,0.1,2.27242e+06
SUM,int64_t,"AnalysisFlag::min",4096,0.1,2.26924e+06
SUM,int64_t,"AnalysisFlag::min",4096,0.1,2.26678e+06
SUM,int64_t,"AnalysisFlag::min",4096,0.1,2.27267e+06
SUM,int64_t,"AnalysisFlag::min",4096,0.1,2.27328e+06
SUM,int64_t,"AnalysisFlag::min",4096,0.1,2.27926e+06
SUM,int64_t,"AnalysisFlag::min",4096,0.1,2.27263e+06
SUM,int64_t,"AnalysisFlag::min",4096,0.1,2.27546e+06
SUM,int64_t,"AnalysisFlag::min",4096,0.1,2.26542e+06
SUM,double,"AnalysisFlag::min",1024,0.2,330766
SUM,double,"AnalysisFlag::min",1024,0.2,329383
SUM,double,"AnalysisFlag::min",1024,0.2,325919
SUM,double,"AnalysisFlag::min",1024,0.2,325876
SUM,double,"AnalysisFlag::min",1024,0.2,327686
SUM,double,"AnalysisFlag::min",1024,0.2,326033
SUM,double,"AnalysisFlag::min",1024,0.2,326114
SUM,double,"AnalysisFlag::min",1024,0.2,327602
SUM,double,"AnalysisFlag::min",1024,0.2,328200
SUM,double,"AnalysisFlag::min",1024,0.2,326201
SUM,double,"AnalysisFlag::min",2048,0.2,1.29809e+06
SUM,double,"AnalysisFlag::min",2048,0.2,1.29285e+06
SUM,double,"AnalysisFlag::min",2048,0.2,1.29204e+06
SUM,double,"AnalysisFlag::min",2048,0.2,1.29251e+06
SUM,double,"AnalysisFlag::min",2048,0.2,1.29481e+06
SUM,double,"AnalysisFlag::min",2048,0.2,1.29176e+06
SUM,double,"AnalysisFlag::min",2048,0.2,1.29304e+06
SUM,double,"AnalysisFlag::min",2048,0.2,1.29422e+06
SUM,double,"AnalysisFlag::min",2048,0.2,1.29386e+06
SUM,double,"AnalysisFlag::min",2048,0.2,1.29339e+06
SUM,double,"AnalysisFlag::min",4096,0.2,5.21382e+06
SUM,double,"AnalysisFlag::min",4096,0.2,5.2084e+06
SUM,double,"AnalysisFlag::min",4096,0.2,5.19887e+06
SUM,double,"AnalysisFlag::min",4096,0.2,5.21371e+06
SUM,double,"AnalysisFlag::min",4096,0.2,5.21372e+06
SUM,double,"AnalysisFlag::min",4096,0.2,5.21104e+06
SUM,double,"AnalysisFlag::min",4096,0.2,5.2123e+06
SUM,double,"AnalysisFlag::min",4096,0.2,5.2187e+06
SUM,double,"AnalysisFlag::min",4096,0.2,5.22096e+06
SUM,double,"AnalysisFlag::min",4096,0.2,5.21154e+06
SUM,int64_t,"AnalysisFlag::min",1024,0.2,336273
SUM,int64_t,"AnalysisFlag::min",1024,0.2,356987
SUM,int64_t,"AnalysisFlag::min",1024,0.2,360011
SUM,int64_t,"AnalysisFlag::min",1024,0.2,324060
SUM,int64_t,"AnalysisFlag::min",1024,0.2,326283
SUM,int64_t,"AnalysisFlag::min",1024,0.2,324483
SUM,int64_t,"AnalysisFlag::min",1024,0.2,324496
SUM,int64_t,"AnalysisFlag::min",1024,0.2,359750
SUM,int64_t,"AnalysisFlag::min",1024,0.2,324360
SUM,int64_t,"AnalysisFlag::min",1024,0.2,324967
SUM,int64_t,"AnalysisFlag::min",2048,0.2,1.19988e+06
SUM,int64_t,"AnalysisFlag::min",2048,0.2,1.18251e+06
SUM,int64_t,"AnalysisFlag::min",2048,0.2,1.18256e+06
SUM,int64_t,"AnalysisFlag::min",2048,0.2,1.20424e+06
SUM,int64_t,"AnalysisFlag::min",2048,0.2,1.18203e+06
SUM,int64_t,"AnalysisFlag::min",2048,0.2,1.18098e+06
SUM,int64_t,"AnalysisFlag::min",2048,0.2,1.18177e+06
SUM,int64_t,"AnalysisFlag::min",2048,0.2,1.18368e+06
SUM,int64_t,"AnalysisFlag::min",2048,0.2,1.18348e+06
SUM,int64_t,"AnalysisFlag::min",2048,0.2,1.18145e+06
SUM,int64_t,"AnalysisFlag::min",4096,0.2,4.4706e+06
SUM,int64_t,"AnalysisFlag::min",4096,0.2,4.472e+06
SUM,int64_t,"AnalysisFlag::min",4096,0.2,4.46504e+06
SUM,int64_t,"AnalysisFlag::min",4096,0.2,4.47716e+06
SUM,int64_t,"AnalysisFlag::min",4096,0.2,4.46404e+06
SUM,int64_t,"AnalysisFlag::min",4096,0.2,4.45982e+06
SUM,int64_t,"AnalysisFlag::min",4096,0.2,4.47034e+06
SUM,int64_t,"AnalysisFlag::min",4096,0.2,4.46252e+06
SUM,int64_t,"AnalysisFlag::min",4096,0.2,4.47487e+06
SUM,int64_t,"AnalysisFlag::min",4096,0.2,4.47003e+06
SUM,double,"AnalysisFlag::min",1024,0.25,1.6131e+06
SUM,double,"AnalysisFlag::min",1024,0.25,1.60871e+06
SUM,double,"AnalysisFlag::min",1024,0.25,1.61015e+06
SUM,double,"AnalysisFlag::min",1024,0.25,1.60871e+06
SUM,double,"AnalysisFlag::min",1024,0.25,1.61022e+06
SUM,double,"AnalysisFlag::min",1024,0.25,1.60526e+06
SUM,double,"AnalysisFlag::min",1024,0.25,1.60832e+06
SUM,double,"AnalysisFlag::min",1024,0.25,1.60987e+06
SUM,double,"AnalysisFlag::min",1024,0.25,1.61009e+06
SUM,double,"AnalysisFlag::min",1024,0.25,1.60976e+06
SUM,double,"AnalysisFlag::min",2048,0.25,6.43361e+06
SUM,double,"AnalysisFlag::min",2048,0.25,6.43191e+06
SUM,double,"AnalysisFlag::min",2048,0.25,6.43367e+06
SUM,double,"AnalysisFlag::min",2048,0.25,6.43534e+06
SUM,double,"AnalysisFlag::min",2048,0.25,6.42932e+06
SUM,double,"AnalysisFlag::min",2048,0.25,6.4345e+06
SUM,double,"AnalysisFlag::min",2048,0.25,6.43083e+06
SUM,double,"AnalysisFlag::min",2048,0.25,6.43009e+06
SUM,double,"AnalysisFlag::min",2048,0.25,6.43357e+06
SUM,double,"AnalysisFlag::min",2048,0.25,6.43172e+06
SUM,double,"AnalysisFlag::min",4096,0.25,2.5715e+07
SUM,double,"AnalysisFlag::min",4096,0.25,2.57016e+07
SUM,double,"AnalysisFlag::min",4096,0.25,2.57003e+07
SUM,double,"AnalysisFlag::min",4096,0.25,2.57029e+07
SUM,double,"AnalysisFlag::min",4096,0.25,2.57107e+07
SUM,double,"AnalysisFlag::min",4096,0.25,2.56994e+07
SUM,double,"AnalysisFlag::min",4096,0.25,2.57056e+07
SUM,double,"AnalysisFlag::min",4096,0.25,2.56967e+07
SUM,double,"AnalysisFlag::min",4096,0.25,2.57074e+07
SUM,double,"AnalysisFlag::min",4096,0.25,2.56973e+07
SUM,int64_t,"AnalysisFlag::min",1024,0.25,1.18322e+06
SUM,int64_t,"AnalysisFlag::min",1024,0.25,1.17874e+06
SUM,int64_t,"AnalysisFlag::min",1024,0.25,1.17857e+06
SUM,int64_t,"AnalysisFlag::min",1024,0.25,1.17808e+06
SUM,int64_t,"AnalysisFlag::min",1024,0.25,1.17823e+06
SUM,int64_t,"AnalysisFlag::min",1024,0.25,1.1785e+06
SUM,int64_t,"AnalysisFlag::min",1024,0.25,1.17836e+06
SUM,int64_t,"AnalysisFlag::min",1024,0.25,1.17823e+06
SUM,int64_t,"AnalysisFlag::min",1024,0.25,1.17802e+06
SUM,int64_t,"AnalysisFlag::min",1024,0.25,1.17896e+06
SUM,int64_t,"AnalysisFlag::min",2048,0.25,4.45363e+06
SUM,int64_t,"AnalysisFlag::min",2048,0.25,4.46705e+06
SUM,int64_t,"AnalysisFlag::min",2048,0.25,4.44144e+06
SUM,int64_t,"AnalysisFlag::min",2048,0.25,4.43716e+06
SUM,int64_t,"AnalysisFlag::min",2048,0.25,4.44146e+06
SUM,int64_t,"AnalysisFlag::min",2048,0.25,4.45626e+06
SUM,int64_t,"AnalysisFlag::min",2048,0.25,4.47045e+06
SUM,int64_t,"AnalysisFlag::min",2048,0.25,4.45643e+06
SUM,int64_t,"AnalysisFlag::min",2048,0.25,4.43965e+06
SUM,int64_t,"AnalysisFlag::min",2048,0.25,4.44592e+06
SUM,int64_t,"AnalysisFlag::min",4096,0.25,1.75429e+07
SUM,int64_t,"AnalysisFlag::min",4096,0.25,1.7572e+07
SUM,int64_t,"AnalysisFlag::min",4096,0.25,1.75629e+07
SUM,int64_t,"AnalysisFlag::min",4096,0.25,1.75352e+07
SUM,int64_t,"AnalysisFlag::min",4096,0.25,1.75582e+07
SUM,int64_t,"AnalysisFlag::min",4096,0.25,1.75437e+07
SUM,int64_t,"AnalysisFlag::min",4096,0.25,1.75532e+07
SUM,int64_t,"AnalysisFlag::min",4096,0.25,1.75488e+07
SUM,int64_t,"AnalysisFlag::min",4096,0.25,1.75494e+07
SUM,int64_t,"AnalysisFlag::min",4096,0.25,1.75478e+07
SUM,double,"AnalysisFlag::min",1024,1,1.66691e+06
SUM,double,"AnalysisFlag::min",1024,1,1.61192e+06
SUM,double,"AnalysisFlag::min",1024,1,1.60991e+06
SUM,double,"AnalysisFlag::min",1024,1,1.60698e+06
SUM,double,"AnalysisFlag::min",1024,1,1.60926e+06
SUM,double,"AnalysisFlag::min",1024,1,1.60672e+06
SUM,double,"AnalysisFlag::min",1024,1,1.60909e+06
SUM,double,"AnalysisFlag::min",1024,1,1.59267e+06
SUM,double,"AnalysisFlag::min",1024,1,1.60604e+06
SUM,double,"AnalysisFlag::min",1024,1,1.6038e+06
SUM,double,"AnalysisFlag::min",2048,1,6.43576e+06
SUM,double,"AnalysisFlag::min",2048,1,6.43213e+06
SUM,double,"AnalysisFlag::min",2048,1,6.43266e+06
SUM,double,"AnalysisFlag::min",2048,1,6.43483e+06
SUM,double,"AnalysisFlag::min",2048,1,6.43235e+06
SUM,double,"AnalysisFlag::min",2048,1,6.43217e+06
SUM,double,"AnalysisFlag::min",2048,1,6.43188e+06
SUM,double,"AnalysisFlag::min",2048,1,6.43519e+06
SUM,double,"AnalysisFlag::min",2048,1,6.43363e+06
SUM,double,"AnalysisFlag::min",2048,1,6.43543e+06
SUM,double,"AnalysisFlag::min",4096,1,2.57829e+07
SUM,double,"AnalysisFlag::min",4096,1,2.57028e+07
SUM,double,"AnalysisFlag::min",4096,1,2.57003e+07
SUM,double,"AnalysisFlag::min",4096,1,2.56993e+07
SUM,double,"AnalysisFlag::min",4096,1,2.57047e+07
SUM,double,"AnalysisFlag::min",4096,1,2.5735e+07
SUM,double,"AnalysisFlag::min",4096,1,2.56993e+07
SUM,double,"AnalysisFlag::min",4096,1,2.56987e+07
SUM,double,"AnalysisFlag::min",4096,1,2.57023e+07
SUM,double,"AnalysisFlag::min",4096,1,2.57123e+07
SUM,int64_t,"AnalysisFlag::min",1024,1,1.22791e+06
SUM,int64_t,"AnalysisFlag::min",1024,1,1.18155e+06
SUM,int64_t,"AnalysisFlag::min",1024,1,1.18123e+06
SUM,int64_t,"AnalysisFlag::min",1024,1,1.17879e+06
SUM,int64_t,"AnalysisFlag::min",1024,1,1.1784e+06
SUM,int64_t,"AnalysisFlag::min",1024,1,1.179e+06
SUM,int64_t,"AnalysisFlag::min",1024,1,1.17893e+06
SUM,int64_t,"AnalysisFlag::min",1024,1,1.17851e+06
SUM,int64_t,"AnalysisFlag::min",1024,1,1.17863e+06
SUM,int64_t,"AnalysisFlag::min",1024,1,1.17865e+06
SUM,int64_t,"AnalysisFlag::min",2048,1,4.47782e+06
SUM,int64_t,"AnalysisFlag::min",2048,1,4.45424e+06
SUM,int64_t,"AnalysisFlag::min",2048,1,4.45258e+06
SUM,int64_t,"AnalysisFlag::min",2048,1,4.4401e+06
SUM,int64_t,"AnalysisFlag::min",2048,1,4.44734e+06
SUM,int64_t,"AnalysisFlag::min",2048,1,4.45435e+06
SUM,int64_t,"AnalysisFlag::min",2048,1,4.44736e+06
SUM,int64_t,"AnalysisFlag::min",2048,1,4.44676e+06
SUM,int64_t,"AnalysisFlag::min",2048,1,4.44304e+06
SUM,int64_t,"AnalysisFlag::min",2048,1,4.44639e+06
SUM,int64_t,"AnalysisFlag::min",4096,1,1.76028e+07
SUM,int64_t,"AnalysisFlag::min",4096,1,1.75568e+07
SUM,int64_t,"AnalysisFlag::min",4096,1,1.75534e+07
SUM,int64_t,"AnalysisFlag::min",4096,1,1.75511e+07
SUM,int64_t,"AnalysisFlag::min",4096,1,1.75469e+07
SUM,int64_t,"AnalysisFlag::min",4096,1,1.75583e+07
SUM,int64_t,"AnalysisFlag::min",4096,1,1.75489e+07
SUM,int64_t,"AnalysisFlag::min",4096,1,1.75464e+07
SUM,int64_t,"AnalysisFlag::min",4096,1,1.75412e+07
SUM,int64_t,"AnalysisFlag::min",4096,1,1.75448e+07
MEAN,double,"AnalysisFlag::min",1024,0.001,8712
MEAN,double,"AnalysisFlag::min",1024,0.001,6021
MEAN,double,"AnalysisFlag::min",1024,0.001,6631
MEAN,double,"AnalysisFlag::min",1024,0.001,6558
MEAN,double,"AnalysisFlag::min",1024,0.001,6563
MEAN,double,"AnalysisFlag::min",1024,0.001,6593
MEAN,double,"AnalysisFlag::min",1024,0.001,6451
MEAN,double,"AnalysisFlag::min",1024,0.001,5729
MEAN,double,"AnalysisFlag::min",1024,0.001,5793
MEAN,double,"AnalysisFlag::min",1024,0.001,6763
MEAN,double,"AnalysisFlag::min",2048,0.001,16642
MEAN,double,"AnalysisFlag::min",2048,0.001,17736
MEAN,double,"AnalysisFlag::min",2048,0.001,16738
MEAN,double,"AnalysisFlag::min",2048,0.001,18344
MEAN,double,"AnalysisFlag::min",2048,0.001,17194
MEAN,double,"AnalysisFlag::min",2048,0.001,16296
MEAN,double,"AnalysisFlag::min",2048,0.001,16129
MEAN,double,"AnalysisFlag::min",2048,0.001,16122
MEAN,double,"AnalysisFlag::min",2048,0.001,16066
MEAN,double,"AnalysisFlag::min",2048,0.001,16153
MEAN,double,"AnalysisFlag::min",4096,0.001,53276
MEAN,double,"AnalysisFlag::min",4096,0.001,53281
MEAN,double,"AnalysisFlag::min",4096,0.001,52745
MEAN,double,"AnalysisFlag::min",4096,0.001,54726
MEAN,double,"AnalysisFlag::min",4096,0.001,52846
MEAN,double,"AnalysisFlag::min",4096,0.001,50455
MEAN,double,"AnalysisFlag::min",4096,0.001,50978
MEAN,double,"AnalysisFlag::min",4096,0.001,50787
MEAN,double,"AnalysisFlag::min",4096,0.001,50982
MEAN,double,"AnalysisFlag::min",4096,0.001,52768
MEAN,int64_t,"AnalysisFlag::min",1024,0.001,7942
MEAN,int64_t,"AnalysisFlag::min",1024,0.001,6603
MEAN,int64_t,"AnalysisFlag::min",1024,0.001,6588
MEAN,int64_t,"AnalysisFlag::min",1024,0.001,6469
MEAN,int64_t,"AnalysisFlag::min",1024,0.001,6459
MEAN,int64_t,"AnalysisFlag::min",1024,0.001,6524
MEAN,int64_t,"AnalysisFlag::min",1024,0.001,6539
MEAN,int64_t,"AnalysisFlag::min",1024,0.001,6399
MEAN,int64_t,"AnalysisFlag::min",1024,0.001,6412
MEAN,int64_t,"AnalysisFlag::min",1024,0.001,6558
MEAN,int64_t,"AnalysisFlag::min",2048,0.001,16199
MEAN,int64_t,"AnalysisFlag::min",2048,0.001,16095
MEAN,int64_t,"AnalysisFlag::min",2048,0.001,16138
MEAN,int64_t,"AnalysisFlag::min",2048,0.001,16243
MEAN,int64_t,"AnalysisFlag::min",2048,0.001,16148
MEAN,int64_t,"AnalysisFlag::min",2048,0.001,16308
MEAN,int64_t,"AnalysisFlag::min",2048,0.001,16132
MEAN,int64_t,"AnalysisFlag::min",2048,0.001,16202
MEAN,int64_t,"AnalysisFlag::min",2048,0.001,16179
MEAN,int64_t,"AnalysisFlag::min",2048,0.001,16272
MEAN,int64_t,"AnalysisFlag::min",4096,0.001,44922
MEAN,int64_t,"AnalysisFlag::min",4096,0.001,45007
MEAN,int64_t,"AnalysisFlag::min",4096,0.001,45190
MEAN,int64_t,"AnalysisFlag::min",4096,0.001,45263
MEAN,int64_t,"AnalysisFlag::min",4096,0.001,45129
MEAN,int64_t,"AnalysisFlag::min",4096,0.001,45137
MEAN,int64_t,"AnalysisFlag::min",4096,0.001,45229
MEAN,int64_t,"AnalysisFlag::min",4096,0.001,44918
MEAN,int64_t,"AnalysisFlag::min",4096,0.001,45204
MEAN,int64_t,"AnalysisFlag::min",4096,0.001,45256
MEAN,double,"AnalysisFlag::min",1024,0.01,25928
MEAN,double,"AnalysisFlag::min",1024,0.01,25064
MEAN,double,"AnalysisFlag::min",1024,0.01,25177
MEAN,double,"AnalysisFlag::min",1024,0.01,25067
MEAN,double,"AnalysisFlag::min",1024,0.01,25192
MEAN,double,"AnalysisFlag::min",1024,0.01,25482
MEAN,double,"AnalysisFlag::min",1024,0.01,25225
MEAN,double,"AnalysisFlag::min",1024,0.01,25416
MEAN,double,"AnalysisFlag::min",1024,0.01,25560
MEAN,double,"AnalysisFlag::min",1024,0.01,25017
MEAN,double,"AnalysisFlag::min",2048,0.01,93246
MEAN,double,"AnalysisFlag::min",2048,0.01,91189
MEAN,double,"AnalysisFlag::min",2048,0.01,90903
MEAN,double,"AnalysisFlag::min",2048,0.01,91721
MEAN,double,"AnalysisFlag::min",2048,0.01,93200
MEAN,double,"AnalysisFlag::min",2048,0.01,91204
MEAN,double,"AnalysisFlag::min",2048,0.01,91480
MEAN,double,"AnalysisFlag::min",2048,0.01,92188
MEAN,double,"AnalysisFlag::min",2048,0.01,91883
MEAN,double,"AnalysisFlag::min",2048,0.01,91356
MEAN,double,"AnalysisFlag::min",4096,0.01,389727
MEAN,double,"AnalysisFlag::min",4096,0.01,390280
MEAN,double,"AnalysisFlag::min",4096,0.01,384748
MEAN,double,"AnalysisFlag::min",4096,0.01,385527
MEAN,double,"AnalysisFlag::min",4096,0.01,387194
MEAN,double,"AnalysisFlag::min",4096,0.01,387753
MEAN,double,"AnalysisFlag::min",4096,0.01,390182
MEAN,double,"AnalysisFlag::min",4096,0.01,384906
MEAN,double,"AnalysisFlag::min",4096,0.01,388070
MEAN,double,"AnalysisFlag::min",4096,0.01,385166
MEAN,int64_t,"AnalysisFlag::min",1024,0.01,24481
MEAN,int64_t,"AnalysisFlag::min",1024,0.01,21581
MEAN,int64_t,"AnalysisFlag::min",1024,0.01,21363
MEAN,int64_t,"AnalysisFlag::min",1024,0.01,23957
MEAN,int64_t,"AnalysisFlag::min",1024,0.01,23390
MEAN,int64_t,"AnalysisFlag::min",1024,0.01,21370
MEAN,int64_t,"AnalysisFlag::min",1024,0.01,21448
MEAN,int64_t,"AnalysisFlag::min",1024,0.01,21339
MEAN,int64_t,"AnalysisFlag::min",1024,0.01,21293
MEAN,int64_t,"AnalysisFlag::min",1024,0.01,21264
MEAN,int64_t,"AnalysisFlag::min",2048,0.01,74671
MEAN,int64_t,"AnalysisFlag::min",2048,0.01,74978
MEAN,int64_t,"AnalysisFlag::min",2048,0.01,74921
MEAN,int64_t,"AnalysisFlag::min",2048,0.01,75143
MEAN,int64_t,"AnalysisFlag::min",2048,0.01,74452
MEAN,int64_t,"AnalysisFlag::min",2048,0.01,74387
MEAN,int64_t,"AnalysisFlag::min",2048,0.01,74930
MEAN,int64_t,"AnalysisFlag::min",2048,0.01,74578
MEAN,int64_t,"AnalysisFlag::min",2048,0.01,75997
MEAN,int64_t,"AnalysisFlag::min",2048,0.01,74509
MEAN,int64_t,"AnalysisFlag::min",4096,0.01,280530
MEAN,int64_t,"AnalysisFlag::min",4096,0.01,280561
MEAN,int64_t,"AnalysisFlag::min",4096,0.01,281031
MEAN,int64_t,"AnalysisFlag::min",4096,0.01,280595
MEAN,int64_t,"AnalysisFlag::min",4096,0.01,280848
MEAN,int64_t,"AnalysisFlag::min",4096,0.01,281179
MEAN,int64_t,"AnalysisFlag::min",4096,0.01,282297
MEAN,int64_t,"AnalysisFlag::min",4096,0.01,281037
MEAN,int64_t,"AnalysisFlag::min",4096,0.01,283511
MEAN,int64_t,"AnalysisFlag::min",4096,0.01,280677
MEAN,double,"AnalysisFlag::min",1024,0.05,109838
MEAN,double,"AnalysisFlag::min",1024,0.05,111322
MEAN,double,"AnalysisFlag::min",1024,0.05,109373
MEAN,double,"AnalysisFlag::min",1024,0.05,109078
MEAN,double,"AnalysisFlag::min",1024,0.05,109713
MEAN,double,"AnalysisFlag::min",1024,0.05,108997
MEAN,double,"AnalysisFlag::min",1024,0.05,109544
MEAN,double,"AnalysisFlag::min",1024,0.05,109765
MEAN,double,"AnalysisFlag::min",1024,0.05,109223
MEAN,double,"AnalysisFlag::min",1024,0.05,109698
MEAN,double,"AnalysisFlag::min",2048,0.05,433928
MEAN,double,"AnalysisFlag::min",2048,0.05,436862
MEAN,double,"AnalysisFlag::min",2048,0.05,458971
MEAN,double,"AnalysisFlag::min",2048,0.05,435497
MEAN,double,"AnalysisFlag::min",2048,0.05,434220
MEAN,double,"AnalysisFlag::min",2048,0.05,437181
MEAN,double,"AnalysisFlag::min",2048,0.05,436791
MEAN,double,"AnalysisFlag::min",2048,0.05,434709
MEAN,double,"AnalysisFlag::min",2048,0.05,434438
MEAN,double,"AnalysisFlag::min",2048,0.05,439214
MEAN,double,"AnalysisFlag::min",4096,0.05,1.87644e+06
MEAN,double,"AnalysisFlag::min",4096,0.05,1.8735e+06
MEAN,double,"AnalysisFlag::min",4096,0.05,1.86303e+06
MEAN,double,"AnalysisFlag::min",4096,0.05,1.86485e+06
MEAN,double,"AnalysisFlag::min",4096,0.05,1.86106e+06
MEAN,double,"AnalysisFlag::min",4096,0.05,1.86427e+06
MEAN,double,"AnalysisFlag::min",4096,0.05,1.86185e+06
MEAN,double,"AnalysisFlag::min",4096,0.05,1.88322e+06
MEAN,double,"AnalysisFlag::min",4096,0.05,1.86291e+06
MEAN,double,"AnalysisFlag::min",4096,0.05,1.86415e+06
MEAN,int64_t,"AnalysisFlag::min",1024,0.05,92416
MEAN,int64_t,"AnalysisFlag::min",1024,0.05,88838
MEAN,int64_t,"AnalysisFlag::min",1024,0.05,86742
MEAN,int64_t,"AnalysisFlag::min",1024,0.05,86941
MEAN,int64_t,"AnalysisFlag::min",1024,0.05,88312
MEAN,int64_t,"AnalysisFlag::min",1024,0.05,86478
MEAN,int64_t,"AnalysisFlag::min",1024,0.05,88011
MEAN,int64_t,"AnalysisFlag::min",1024,0.05,87244
MEAN,int64_t,"AnalysisFlag::min",1024,0.05,89920
MEAN,int64_t,"AnalysisFlag::min",1024,0.05,86583
MEAN,int64_t,"AnalysisFlag::min",2048,0.05,335522
MEAN,int64_t,"AnalysisFlag::min",2048,0.05,336660
MEAN,int64_t,"AnalysisFlag::min",2048,0.05,333858
MEAN,int64_t,"AnalysisFlag::min",2048,0.05,334510
MEAN,int64_t,"AnalysisFlag::min",2048,0.05,334974
MEAN,int64_t,"AnalysisFlag::min",2048,0.05,334063
MEAN,int64_t,"AnalysisFlag::min",2048,0.05,335611
MEAN,int64_t,"AnalysisFlag::min",2048,0.05,335117
MEAN,int64_t,"AnalysisFlag::min",2048,0.05,336007
MEAN,int64_t,"AnalysisFlag::min",2048,0.05,333922
MEAN,int64_t,"AnalysisFlag::min",4096,0.05,1.21746e+06
MEAN,int64_t,"AnalysisFlag::min",4096,0.05,1.21732e+06
MEAN,int64_t,"AnalysisFlag::min",4096,0.05,1.21671e+06
MEAN,int64_t,"AnalysisFlag::min",4096,0.05,1.21884e+06
MEAN,int64_t,"AnalysisFlag::min",4096,0.05,1.21822e+06
MEAN,int64_t,"AnalysisFlag::min",4096,0.05,1.21757e+06
MEAN,int64_t,"AnalysisFlag::min",4096,0.05,1.22227e+06
MEAN,int64_t,"AnalysisFlag::min",4096,0.05,1.21933e+06
MEAN,int64_t,"AnalysisFlag::min",4096,0.05,1.21858e+06
MEAN,int64_t,"AnalysisFlag::min",4096,0.05,1.21864e+06
MEAN,double,"AnalysisFlag::min",1024,0.1,220790
MEAN,double,"AnalysisFlag::min",1024,0.1,218764
MEAN,double,"AnalysisFlag::min",1024,0.1,216644
MEAN,double,"AnalysisFlag::min",1024,0.1,216703
MEAN,double,"AnalysisFlag::min",1024,0.1,216846
MEAN,double,"AnalysisFlag::min",1024,0.1,220055
MEAN,double,"AnalysisFlag::min",1024,0.1,219065
MEAN,double,"AnalysisFlag::min",1024,0.1,218052
MEAN,double,"AnalysisFlag::min",1024,0.1,217585
MEAN,double,"AnalysisFlag::min",1024,0.1,221842
MEAN,double,"AnalysisFlag::min",2048,0.1,859797
MEAN,double,"AnalysisFlag::min",2048,0.1,860903
MEAN,double,"AnalysisFlag::min",2048,0.1,855902
MEAN,double,"AnalysisFlag::min",2048,0.1,857461
MEAN,double,"AnalysisFlag::min",2048,0.1,857858
MEAN,double,"AnalysisFlag::min",2048,0.1,901986
MEAN,double,"AnalysisFlag::min",2048,0.1,858155
MEAN,double,"AnalysisFlag::min",2048,0.1,865523
MEAN,double,"AnalysisFlag::min",2048,0.1,894567
MEAN,double,"AnalysisFlag::min",2048,0.1,857282
MEAN,double,"AnalysisFlag::min",4096,0.1,3.84162e+06
MEAN,double,"AnalysisFlag::min",4096,0.1,3.82099e+06
MEAN,double,"AnalysisFlag::min",4096,0.1,3.81568e+06
MEAN,double,"AnalysisFlag::min",4096,0.1,3.81469e+06
MEAN,double,"AnalysisFlag::min",4096,0.1,3.81401e+06
MEAN,double,"AnalysisFlag::min",4096,0.1,3.81308e+06
MEAN,double,"AnalysisFlag::min",4096,0.1,3.81933e+06
MEAN,double,"AnalysisFlag::min",4096,0.1,3.81418e+06
MEAN,double,"AnalysisFlag::min",4096,0.1,3.81661e+06
MEAN,double,"AnalysisFlag::min",4096,0.1,3.80656e+06
MEAN,int64_t,"AnalysisFlag::min",1024,0.1,170627
MEAN,int64_t,"AnalysisFlag::min",1024,0.1,168126
MEAN,int64_t,"AnalysisFlag::min",1024,0.1,169773
MEAN,int64_t,"AnalysisFlag::min",1024,0.1,170264
MEAN,int64_t,"AnalysisFlag::min",1024,0.1,169791
MEAN,int64_t,"AnalysisFlag::min",1024,0.1,168296
MEAN,int64_t,"AnalysisFlag::min",1024,0.1,169697
MEAN,int64_t,"AnalysisFlag::min",1024,0.1,169068
MEAN,int64_t,"AnalysisFlag::min",1024,0.1,167857
MEAN,int64_t,"AnalysisFlag::min",1024,0.1,168210
MEAN,int64_t,"AnalysisFlag::min",2048,0.1,661564
MEAN,int64_t,"AnalysisFlag::min",2048,0.1,660500
MEAN,int64_t,"AnalysisFlag::min",2048,0.1,657214
MEAN,int64_t,"AnalysisFlag::min",2048,0.1,664551
MEAN,int64_t,"AnalysisFlag::min",2048,0.1,661496
MEAN,int64_t,"AnalysisFlag::min",2048,0.1,656425
MEAN,int64_t,"AnalysisFlag::min",2048,0.1,660677
MEAN,int64_t,"AnalysisFlag::min",2048,0.1,660205
MEAN,int64_t,"AnalysisFlag::min",2048,0.1,659723
MEAN,int64_t,"AnalysisFlag::min",2048,0.1,659025
MEAN,int64_t,"AnalysisFlag::min",4096,0.1,2.40957e+06
MEAN,int64_t,"AnalysisFlag::min",4096,0.1,2.35489e+06
MEAN,int64_t,"AnalysisFlag::min",4096,0.1,2.35854e+06
MEAN,int64_t,"AnalysisFlag::min",4096,0.1,2.35782e+06
MEAN,int64_t,"AnalysisFlag::min",4096,0.1,2.36506e+06
MEAN,int64_t,"AnalysisFlag::min",4096,0.1,2.35366e+06
MEAN,int64_t,"AnalysisFlag::min",4096,0.1,2.3561e+06
MEAN,int64_t,"AnalysisFlag::min",4096,0.1,2.35902e+06
MEAN,int64_t,"AnalysisFlag::min",4096,0.1,2.36258e+06
MEAN,int64_t,"AnalysisFlag::min",4096,0.1,2.35512e+06
MEAN,double,"AnalysisFlag::min",1024,0.2,437327
MEAN,double,"AnalysisFlag::min",1024,0.2,435671
MEAN,double,"AnalysisFlag::min",1024,0.2,435706
MEAN,double,"AnalysisFlag::min",1024,0.2,435912
MEAN,double,"AnalysisFlag::min",1024,0.2,433936
MEAN,double,"AnalysisFlag::min",1024,0.2,433814
MEAN,double,"AnalysisFlag::min",1024,0.2,435386
MEAN,double,"AnalysisFlag::min",1024,0.2,447396
MEAN,double,"AnalysisFlag::min",1024,0.2,435020
MEAN,double,"AnalysisFlag::min",1024,0.2,434394
MEAN,double,"AnalysisFlag::min",2048,0.2,1.7144e+06
MEAN,double,"AnalysisFlag::min",2048,0.2,1.71018e+06
MEAN,double,"AnalysisFlag::min",2048,0.2,1.70955e+06
MEAN,double,"AnalysisFlag::min",2048,0.2,1.70984e+06
MEAN,double,"AnalysisFlag::min",2048,0.2,1.70948e+06
MEAN,double,"AnalysisFlag::min",2048,0.2,1.71046e+06
MEAN,double,"AnalysisFlag::min",2048,0.2,1.70893e+06
MEAN,double,"AnalysisFlag::min",2048,0.2,1.71265e+06
MEAN,double,"AnalysisFlag::min",2048,0.2,1.70878e+06
MEAN,double,"AnalysisFlag::min",2048,0.2,1.70531e+06
MEAN,double,"AnalysisFlag::min",4096,0.2,7.77853e+06
MEAN,double,"AnalysisFlag::min",4096,0.2,7.76977e+06
MEAN,double,"AnalysisFlag::min",4096,0.2,7.77108e+06
MEAN,double,"AnalysisFlag::min",4096,0.2,7.7703e+06
MEAN,double,"AnalysisFlag::min",4096,0.2,7.7714e+06
MEAN,double,"AnalysisFlag::min",4096,0.2,7.77518e+06
MEAN,double,"AnalysisFlag::min",4096,0.2,7.77034e+06
MEAN,double,"AnalysisFlag::min",4096,0.2,7.76886e+06
MEAN,double,"AnalysisFlag::min",4096,0.2,7.76554e+06
MEAN,double,"AnalysisFlag::min",4096,0.2,7.77373e+06
MEAN,int64_t,"AnalysisFlag::min",1024,0.2,332758
MEAN,int64_t,"AnalysisFlag::min",1024,0.2,329983
MEAN,int64_t,"AnalysisFlag::min",1024,0.2,329732
MEAN,int64_t,"AnalysisFlag::min",1024,0.2,329655
MEAN,int64_t,"AnalysisFlag::min",1024,0.2,329731
MEAN,int64_t,"AnalysisFlag::min",1024,0.2,329167
MEAN,int64_t,"AnalysisFlag::min",1024,0.2,329550
MEAN,int64_t,"AnalysisFlag::min",1024,0.2,332208
MEAN,int64_t,"AnalysisFlag::min",1024,0.2,330238
MEAN,int64_t,"AnalysisFlag::min",1024,0.2,333619
MEAN,int64_t,"AnalysisFlag::min",2048,0.2,1.20822e+06
MEAN,int64_t,"AnalysisFlag::min",2048,0.2,1.19953e+06
MEAN,int64_t,"AnalysisFlag::min",2048,0.2,1.20035e+06
MEAN,int64_t,"AnalysisFlag::min",2048,0.2,1.19449e+06
MEAN,int64_t,"AnalysisFlag::min",2048,0.2,1.19657e+06
MEAN,int64_t,"AnalysisFlag::min",2048,0.2,1.19361e+06
MEAN,int64_t,"AnalysisFlag::min",2048,0.2,1.20012e+06
MEAN,int64_t,"AnalysisFlag::min",2048,0.2,1.19615e+06
MEAN,int64_t,"AnalysisFlag::min",2048,0.2,1.19428e+06
MEAN,int64_t,"AnalysisFlag::min",2048,0.2,1.19593e+06
MEAN,int64_t,"AnalysisFlag::min",4096,0.2,4.62324e+06
MEAN,int64_t,"AnalysisFlag::min",4096,0.2,4.62553e+06
MEAN,int64_t,"AnalysisFlag::min",4096,0.2,4.62975e+06
MEAN,int64_t,"AnalysisFlag::min",4096,0.2,4.62377e+06
MEAN,int64_t,"AnalysisFlag::min",4096,0.2,4.62377e+06
MEAN,int64_t,"AnalysisFlag::min",4096,0.2,4.62597e+06
MEAN,int64_t,"AnalysisFlag::min",4096,0.2,4.63016e+06
MEAN,int64_t,"AnalysisFlag::min",4096,0.2,4.62538e+06
MEAN,int64_t,"AnalysisFlag::min",4096,0.2,4.63059e+06
MEAN,int64_t,"AnalysisFlag::min",4096,0.2,4.62441e+06
MEAN,double,"AnalysisFlag::min",1024,0.25,1.28879e+06
MEAN,double,"AnalysisFlag::min",1024,0.25,1.28587e+06
MEAN,double,"AnalysisFlag::min",1024,0.25,1.28592e+06
MEAN,double,"AnalysisFlag::min",1024,0.25,1.28703e+06
MEAN,double,"AnalysisFlag::min",1024,0.25,1.28579e+06
MEAN,double,"AnalysisFlag::min",1024,0.25,1.28781e+06
MEAN,double,"AnalysisFlag::min",1024,0.25,1.28923e+06
MEAN,double,"AnalysisFlag::min",1024,0.25,1.28732e+06
MEAN,double,"AnalysisFlag::min",1024,0.25,1.28558e+06
MEAN,double,"AnalysisFlag::min",1024,0.25,1.2863e+06
MEAN,double,"AnalysisFlag::min",2048,0.25,5.17213e+06
MEAN,double,"AnalysisFlag::min",2048,0.25,5.16807e+06
MEAN,double,"AnalysisFlag::min",2048,0.25,5.16468e+06
MEAN,double,"AnalysisFlag::min",2048,0.25,5.16756e+06
MEAN,double,"AnalysisFlag::min",2048,0.25,5.17103e+06
MEAN,double,"AnalysisFlag::min",2048,0.25,5.17075e+06
MEAN,double,"AnalysisFlag::min",2048,0.25,5.17124e+06
MEAN,double,"AnalysisFlag::min",2048,0.25,5.1704e+06
MEAN,double,"AnalysisFlag::min",2048,0.25,5.17062e+06
MEAN,double,"AnalysisFlag::min",2048,0.25,5.17066e+06
MEAN,double,"AnalysisFlag::min",4096,0.25,2.06744e+07
MEAN,double,"AnalysisFlag::min",4096,0.25,2.0665e+07
MEAN,double,"AnalysisFlag::min",4096,0.25,2.06675e+07
MEAN,double,"AnalysisFlag::min",4096,0.25,2.06646e+07
MEAN,double,"AnalysisFlag::min",4096,0.25,2.06632e+07
MEAN,double,"AnalysisFlag::min",4096,0.25,2.06636e+07
MEAN,double,"AnalysisFlag::min",4096,0.25,2.06654e+07
MEAN,double,"AnalysisFlag::min",4096,0.25,2.06621e+07
MEAN,double,"AnalysisFlag::min",4096,0.25,2.06763e+07
MEAN,double,"AnalysisFlag::min",4096,0.25,2.06621e+07
MEAN,int64_t,"AnalysisFlag::min",1024,0.25,1.46863e+06
MEAN,int64_t,"AnalysisFlag::min",1024,0.25,1.48956e+06
MEAN,int64_t,"AnalysisFlag::min",1024,0.25,1.51972e+06
MEAN,int64_t,"AnalysisFlag::min",1024,0.25,1.4461e+06
MEAN,int64_t,"AnalysisFlag::min",1024,0.25,1.5612e+06
MEAN,int64_t,"AnalysisFlag::min",1024,0.25,1.6188e+06
MEAN,int64_t,"AnalysisFlag::min",1024,0.25,1.46747e+06
MEAN,int64_t,"AnalysisFlag::min",1024,0.25,1.44639e+06
MEAN,int64_t,"AnalysisFlag::min",1024,0.25,1.61891e+06
MEAN,int64_t,"AnalysisFlag::min",1024,0.25,1.62035e+06
MEAN,int64_t,"AnalysisFlag::min",2048,0.25,5.46245e+06
MEAN,int64_t,"AnalysisFlag::min",2048,0.25,5.4556e+06
MEAN,int64_t,"AnalysisFlag::min",2048,0.25,5.46272e+06
MEAN,int64_t,"AnalysisFlag::min",2048,0.25,5.4687e+06
MEAN,int64_t,"AnalysisFlag::min",2048,0.25,5.45866e+06
MEAN,int64_t,"AnalysisFlag::min",2048,0.25,5.44823e+06
MEAN,int64_t,"AnalysisFlag::min",2048,0.25,5.4541e+06
MEAN,int64_t,"AnalysisFlag::min",2048,0.25,5.45583e+06
MEAN,int64_t,"AnalysisFlag::min",2048,0.25,5.44794e+06
MEAN,int64_t,"AnalysisFlag::min",2048,0.25,5.45562e+06
MEAN,int64_t,"AnalysisFlag::min",4096,0.25,2.14259e+07
MEAN,int64_t,"AnalysisFlag::min",4096,0.25,2.14193e+07
MEAN,int64_t,"AnalysisFlag::min",4096,0.25,2.1439e+07
MEAN,int64_t,"AnalysisFlag::min",4096,0.25,2.14285e+07
MEAN,int64_t,"AnalysisFlag::min",4096,0.25,2.14237e+07
MEAN,int64_t,"AnalysisFlag::min",4096,0.25,2.142e+07
MEAN,int64_t,"AnalysisFlag::min",4096,0.25,2.14239e+07
MEAN,int64_t,"AnalysisFlag::min",4096,0.25,2.14223e+07
MEAN,int64_t,"AnalysisFlag::min",4096,0.25,2.14253e+07
MEAN,int64_t,"AnalysisFlag::min",4096,0.25,2.1427e+07
MEAN,double,"AnalysisFlag::min",1024,1,1.3425e+06
MEAN,double,"AnalysisFlag::min",1024,1,1.28897e+06
MEAN,double,"AnalysisFlag::min",1024,1,1.28726e+06
MEAN,double,"AnalysisFlag::min",1024,1,1.28963e+06
MEAN,double,"AnalysisFlag::min",1024,1,1.28738e+06
MEAN,double,"AnalysisFlag::min",1024,1,1.2871e+06
MEAN,double,"AnalysisFlag::min",1024,1,1.28778e+06
MEAN,double,"AnalysisFlag::min",1024,1,1.28691e+06
MEAN,double,"AnalysisFlag::min",1024,1,1.29021e+06
MEAN,double,"AnalysisFlag::min",1024,1,1.28728e+06
MEAN,double,"AnalysisFlag::min",2048,1,5.1765e+06
MEAN,double,"AnalysisFlag::min",2048,1,5.172e+06
MEAN,double,"AnalysisFlag::min",2048,1,5.16562e+06
MEAN,double,"AnalysisFlag::min",2048,1,5.16906e+06
MEAN,double,"AnalysisFlag::min",2048,1,5.17215e+06
MEAN,double,"AnalysisFlag::min",2048,1,5.17173e+06
MEAN,double,"AnalysisFlag::min",2048,1,5.16844e+06
MEAN,double,"AnalysisFlag::min",2048,1,5.16929e+06
MEAN,double,"AnalysisFlag::min",2048,1,5.17486e+06
MEAN,double,"AnalysisFlag::min",2048,1,5.16624e+06
MEAN,double,"AnalysisFlag::min",4096,1,2.06669e+07
MEAN,double,"AnalysisFlag::min",4096,1,2.06603e+07
MEAN,double,"AnalysisFlag::min",4096,1,2.06643e+07
MEAN,double,"AnalysisFlag::min",4096,1,2.06747e+07
MEAN,double,"AnalysisFlag::min",4096,1,2.0694e+07
MEAN,double,"AnalysisFlag::min",4096,1,2.06762e+07
MEAN,double,"AnalysisFlag::min",4096,1,2.06721e+07
MEAN,double,"AnalysisFlag::min",4096,1,2.06753e+07
MEAN,double,"AnalysisFlag::min",4096,1,2.0678e+07
MEAN,double,"AnalysisFlag::min",4096,1,2.06707e+07
MEAN,int64_t,"AnalysisFlag::min",1024,1,1.50307e+06
MEAN,int64_t,"AnalysisFlag::min",1024,1,1.49121e+06
MEAN,int64_t,"AnalysisFlag::min",1024,1,1.61754e+06
MEAN,int64_t,"AnalysisFlag::min",1024,1,1.61923e+06
MEAN,int64_t,"AnalysisFlag::min",1024,1,1.61762e+06
MEAN,int64_t,"AnalysisFlag::min",1024,1,1.61912e+06
MEAN,int64_t,"AnalysisFlag::min",1024,1,1.54468e+06
MEAN,int64_t,"AnalysisFlag::min",1024,1,1.61908e+06
MEAN,int64_t,"AnalysisFlag::min",1024,1,1.61896e+06
MEAN,int64_t,"AnalysisFlag::min",1024,1,1.61772e+06
MEAN,int64_t,"AnalysisFlag::min",2048,1,5.45434e+06
MEAN,int64_t,"AnalysisFlag::min",2048,1,5.47509e+06
MEAN,int64_t,"AnalysisFlag::min",2048,1,5.45354e+06
MEAN,int64_t,"AnalysisFlag::min",2048,1,5.46028e+06
MEAN,int64_t,"AnalysisFlag::min",2048,1,5.4432e+06
MEAN,int64_t,"AnalysisFlag::min",2048,1,5.45892e+06
MEAN,int64_t,"AnalysisFlag::min",2048,1,5.45017e+06
MEAN,int64_t,"AnalysisFlag::min",2048,1,5.44743e+06
MEAN,int64_t,"AnalysisFlag::min",2048,1,5.45973e+06
MEAN,int64_t,"AnalysisFlag::min",2048,1,5.44612e+06
MEAN,int64_t,"AnalysisFlag::min",4096,1,2.14987e+07
MEAN,int64_t,"AnalysisFlag::min",4096,1,2.1425e+07
MEAN,int64_t,"AnalysisFlag::min",4096,1,2.14224e+07
MEAN,int64_t,"AnalysisFlag::min",4096,1,2.14307e+07
MEAN,int64_t,"AnalysisFlag::min",4096,1,2.14343e+07
MEAN,int64_t,"AnalysisFlag::min",4096,1,2.14154e+07
MEAN,int64_t,"AnalysisFlag::min",4096,1,2.14264e+07
MEAN,int64_t,"AnalysisFlag::min",4096,1,2.14753e+07
MEAN,int64_t,"AnalysisFlag::min",4096,1,2.14261e+07
MEAN,int64_t,"AnalysisFlag::min",4096,1,2.14226e+07
STDDEV,double,"AnalysisFlag::min",1024,0.001,13407
STDDEV,double,"AnalysisFlag::min",1024,0.001,9260
STDDEV,double,"AnalysisFlag::min",1024,0.001,9350
STDDEV,double,"AnalysisFlag::min",1024,0.001,9256
STDDEV,double,"AnalysisFlag::min",1024,0.001,8947
STDDEV,double,"AnalysisFlag::min",1024,0.001,9771
STDDEV,double,"AnalysisFlag::min",1024,0.001,9101
STDDEV,double,"AnalysisFlag::min",1024,0.001,9126
STDDEV,double,"AnalysisFlag::min",1024,0.001,9093
STDDEV,double,"AnalysisFlag::min",1024,0.001,8920
STDDEV,double,"AnalysisFlag::min",2048,0.001,24805
STDDEV,double,"AnalysisFlag::min",2048,0.001,23548
STDDEV,double,"AnalysisFlag::min",2048,0.001,26186
STDDEV,double,"AnalysisFlag::min",2048,0.001,23433
STDDEV,double,"AnalysisFlag::min",2048,0.001,23662
STDDEV,double,"AnalysisFlag::min",2048,0.001,23679
STDDEV,double,"AnalysisFlag::min",2048,0.001,23899
STDDEV,double,"AnalysisFlag::min",2048,0.001,23488
STDDEV,double,"AnalysisFlag::min",2048,0.001,23629
STDDEV,double,"AnalysisFlag::min",2048,0.001,23712
STDDEV,double,"AnalysisFlag::min",4096,0.001,78756
STDDEV,double,"AnalysisFlag::min",4096,0.001,74406
STDDEV,double,"AnalysisFlag::min",4096,0.001,78343
STDDEV,double,"AnalysisFlag::min",4096,0.001,74787
STDDEV,double,"AnalysisFlag::min",4096,0.001,76979
STDDEV,double,"AnalysisFlag::min",4096,0.001,72355
STDDEV,double,"AnalysisFlag::min",4096,0.001,75714
STDDEV,double,"AnalysisFlag::min",4096,0.001,75839
STDDEV,double,"AnalysisFlag::min",4096,0.001,76015
STDDEV,double,"AnalysisFlag::min",4096,0.001,75816
STDDEV,int64_t,"AnalysisFlag::min",1024,0.001,13361
STDDEV,int64_t,"AnalysisFlag::min",1024,0.001,11891
STDDEV,int64_t,"AnalysisFlag::min",1024,0.001,11908
STDDEV,int64_t,"AnalysisFlag::min",1024,0.001,11587
STDDEV,int64_t,"AnalysisFlag::min",1024,0.001,11839
STDDEV,int64_t,"AnalysisFlag::min",1024,0.001,11588
STDDEV,int64_t,"AnalysisFlag::min",1024,0.001,11779
STDDEV,int64_t,"AnalysisFlag::min",1024,0.001,11683
STDDEV,int64_t,"AnalysisFlag::min",1024,0.001,11591
STDDEV,int64_t,"AnalysisFlag::min",1024,0.001,11757
STDDEV,int64_t,"AnalysisFlag::min",2048,0.001,28332
STDDEV,int64_t,"AnalysisFlag::min",2048,0.001,28156
STDDEV,int64_t,"AnalysisFlag::min",2048,0.001,28232
STDDEV,int64_t,"AnalysisFlag::min",2048,0.001,28537
STDDEV,int64_t,"AnalysisFlag::min",2048,0.001,28300
STDDEV,int64_t,"AnalysisFlag::min",2048,0.001,28183
STDDEV,int64_t,"AnalysisFlag::min",2048,0.001,28340
STDDEV,int64_t,"AnalysisFlag::min",2048,0.001,28353
STDDEV,int64_t,"AnalysisFlag::min",2048,0.001,28434
STDDEV,int64_t,"AnalysisFlag::min",2048,0.001,28447
STDDEV,int64_t,"AnalysisFlag::min",4096,0.001,82938
STDDEV,int64_t,"AnalysisFlag::min",4096,0.001,87276
STDDEV,int64_t,"AnalysisFlag::min",4096,0.001,87247
STDDEV,int64_t,"AnalysisFlag::min",4096,0.001,84239
STDDEV,int64_t,"AnalysisFlag::min",4096,0.001,87700
STDDEV,int64_t,"AnalysisFlag::min",4096,0.001,87609
STDDEV,int64_t,"AnalysisFlag::min",4096,0.001,87587
STDDEV,int64_t,"AnalysisFlag::min",4096,0.001,87963
STDDEV,int64_t,"AnalysisFlag::min",4096,0.001,87828
STDDEV,int64_t,"AnalysisFlag::min",4096,0.001,87165
STDDEV,double,"AnalysisFlag::min",1024,0.01,33537
STDDEV,double,"AnalysisFlag::min",1024,0.01,32764
STDDEV,double,"AnalysisFlag::min",1024,0.01,32149
STDDEV,double,"AnalysisFlag::min",1024,0.01,32219
STDDEV,double,"AnalysisFlag::min",1024,0.01,32199
STDDEV,double,"AnalysisFlag::min",1024,0.01,32306
STDDEV,double,"AnalysisFlag::min",1024,0.01,32423
STDDEV,double,"AnalysisFlag::min",1024,0.01,31849
STDDEV,double,"AnalysisFlag::min",1024,0.01,32398
STDDEV,double,"AnalysisFlag::min",1024,0.01,32771
STDDEV,double,"AnalysisFlag::min",2048,0.01,109088
STDDEV,double,"AnalysisFlag::min",2048,0.01,108544
STDDEV,double,"AnalysisFlag::min",2048,0.01,119483
STDDEV,double,"AnalysisFlag::min",2048,0.01,119996
STDDEV,double,"AnalysisFlag::min",2048,0.01,108819
STDDEV,double,"AnalysisFlag::min",2048,0.01,108767
STDDEV,double,"AnalysisFlag::min",2048,0.01,119863
STDDEV,double,"AnalysisFlag::min",2048,0.01,118803
STDDEV,double,"AnalysisFlag::min",2048,0.01,120421
STDDEV,double,"AnalysisFlag::min",2048,0.01,110461
STDDEV,double,"AnalysisFlag::min",4096,0.01,548016
STDDEV,double,"AnalysisFlag::min",4096,0.01,543350
STDDEV,double,"AnalysisFlag::min",4096,0.01,540598
STDDEV,double,"AnalysisFlag::min",4096,0.01,538803
STDDEV,double,"AnalysisFlag::min",4096,0.01,539025
STDDEV,double,"AnalysisFlag::min",4096,0.01,540644
STDDEV,double,"AnalysisFlag::min",4096,0.01,543063
STDDEV,double,"AnalysisFlag::min",4096,0.01,541108
STDDEV,double,"AnalysisFlag::min",4096,0.01,539902
STDDEV,double,"AnalysisFlag::min",4096,0.01,540951
STDDEV,int64_t,"AnalysisFlag::min",1024,0.01,33117
STDDEV,int64_t,"AnalysisFlag::min",1024,0.01,35870
STDDEV,int64_t,"AnalysisFlag::min",1024,0.01,34595
STDDEV,int64_t,"AnalysisFlag::min",1024,0.01,34695
STDDEV,int64_t,"AnalysisFlag::min",1024,0.01,34649
STDDEV,int64_t,"AnalysisFlag::min",1024,0.01,34868
STDDEV,int64_t,"AnalysisFlag::min",1024,0.01,34802
STDDEV,int64_t,"AnalysisFlag::min",1024,0.01,34054
STDDEV,int64_t,"AnalysisFlag::min",1024,0.01,34608
STDDEV,int64_t,"AnalysisFlag::min",1024,0.01,34508
STDDEV,int64_t,"AnalysisFlag::min",2048,0.01,114260
STDDEV,int64_t,"AnalysisFlag::min",2048,0.01,120515
STDDEV,int64_t,"AnalysisFlag::min",2048,0.01,125175
STDDEV,int64_t,"AnalysisFlag::min",2048,0.01,114287
STDDEV,int64_t,"AnalysisFlag::min",2048,0.01,124747
STDDEV,int64_t,"AnalysisFlag::min",2048,0.01,113902
STDDEV,int64_t,"AnalysisFlag::min",2048,0.01,125255
STDDEV,int64_t,"AnalysisFlag::min",2048,0.01,124341
STDDEV,int64_t,"AnalysisFlag::min",2048,0.01,124749
STDDEV,int64_t,"AnalysisFlag::min",2048,0.01,113119
STDDEV,int64_t,"AnalysisFlag::min",4096,0.01,559405
STDDEV,int64_t,"AnalysisFlag::min",4096,0.01,557219
STDDEV,int64_t,"AnalysisFlag::min",4096,0.01,557026
STDDEV,int64_t,"AnalysisFlag::min",4096,0.01,515956
STDDEV,int64_t,"AnalysisFlag::min",4096,0.01,558751
STDDEV,int64_t,"AnalysisFlag::min",4096,0.01,518866
STDDEV,int64_t,"AnalysisFlag::min",4096,0.01,558668
STDDEV,int64_t,"AnalysisFlag::min",4096,0.01,559318
STDDEV,int64_t,"AnalysisFlag::min",4096,0.01,517278
STDDEV,int64_t,"AnalysisFlag::min",4096,0.01,557098
STDDEV,double,"AnalysisFlag::min",1024,0.05,135216
STDDEV,double,"AnalysisFlag::min",1024,0.05,134580
STDDEV,double,"AnalysisFlag::min",1024,0.05,135211
STDDEV,double,"AnalysisFlag::min",1024,0.05,119622
STDDEV,double,"AnalysisFlag::min",1024,0.05,134291
STDDEV,double,"AnalysisFlag::min",1024,0.05,119561
STDDEV,double,"AnalysisFlag::min",1024,0.05,120318
STDDEV,double,"AnalysisFlag::min",1024,0.05,135122
STDDEV,double,"AnalysisFlag::min",1024,0.05,118881
STDDEV,double,"AnalysisFlag::min",1024,0.05,135822
STDDEV,double,"AnalysisFlag::min",2048,0.05,492688
STDDEV,double,"AnalysisFlag::min",2048,0.05,550578
STDDEV,double,"AnalysisFlag::min",2048,0.05,506127
STDDEV,double,"AnalysisFlag::min",2048,0.05,489828
STDDEV,double,"AnalysisFlag::min",2048,0.05,548579
STDDEV,double,"AnalysisFlag::min",2048,0.05,497037
STDDEV,double,"AnalysisFlag::min",2048,0.05,546992
STDDEV,double,"AnalysisFlag::min",2048,0.05,492984
STDDEV,double,"AnalysisFlag::min",2048,0.05,491919
STDDEV,double,"AnalysisFlag::min",2048,0.05,532640
STDDEV,double,"AnalysisFlag::min",4096,0.05,2.62712e+06
STDDEV,double,"AnalysisFlag::min",4096,0.05,2.63504e+06
STDDEV,double,"AnalysisFlag::min",4096,0.05,2.6394e+06
STDDEV,double,"AnalysisFlag::min",4096,0.05,2.50647e+06
STDDEV,double,"AnalysisFlag::min",4096,0.05,2.64148e+06
STDDEV,double,"AnalysisFlag::min",4096,0.05,2.62118e+06
STDDEV,double,"AnalysisFlag::min",4096,0.05,2.63738e+06
STDDEV,double,"AnalysisFlag::min",4096,0.05,2.61882e+06
STDDEV,double,"AnalysisFlag::min",4096,0.05,2.62027e+06
STDDEV,double,"AnalysisFlag::min",4096,0.05,2.51677e+06
STDDEV,int64_t,"AnalysisFlag::min",1024,0.05,139674
STDDEV,int64_t,"AnalysisFlag::min",1024,0.05,135980
STDDEV,int64_t,"AnalysisFlag::min",1024,0.05,122454
STDDEV,int64_t,"AnalysisFlag::min",1024,0.05,135980
STDDEV,int64_t,"AnalysisFlag::min",1024,0.05,135308
STDDEV,int64_t,"AnalysisFlag::min",1024,0.05,135765
STDDEV,int64_t,"AnalysisFlag::min",1024,0.05,135443
STDDEV,int64_t,"AnalysisFlag::min",1024,0.05,135734
STDDEV,int64_t,"AnalysisFlag::min",1024,0.05,134412
STDDEV,int64_t,"AnalysisFlag::min",1024,0.05,121350
STDDEV,int64_t,"AnalysisFlag::min",2048,0.05,555466
STDDEV,int64_t,"AnalysisFlag::min",2048,0.05,552582
STDDEV,int64_t,"AnalysisFlag::min",2048,0.05,491965
STDDEV,int64_t,"AnalysisFlag::min",2048,0.05,518860
STDDEV,int64_t,"AnalysisFlag::min",2048,0.05,547859
STDDEV,int64_t,"AnalysisFlag::min",2048,0.05,550125
STDDEV,int64_t,"AnalysisFlag::min",2048,0.05,543534
STDDEV,int64_t,"AnalysisFlag::min",2048,0.05,490350
STDDEV,int64_t,"AnalysisFlag::min",2048,0.05,551107
STDDEV,int64_t,"AnalysisFlag::min",2048,0.05,492583
STDDEV,int64_t,"AnalysisFlag::min",4096,0.05,2.44959e+06
STDDEV,int64_t,"AnalysisFlag::min",4096,0.05,2.31158e+06
STDDEV,int64_t,"AnalysisFlag::min",4096,0.05,2.40702e+06
STDDEV,int64_t,"AnalysisFlag::min",4096,0.05,2.48053e+06
STDDEV,int64_t,"AnalysisFlag::min",4096,0.05,2.41594e+06
STDDEV,int64_t,"AnalysisFlag::min",4096,0.05,2.32436e+06
STDDEV,int64_t,"AnalysisFlag::min",4096,0.05,2.36654e+06
STDDEV,int64_t,"AnalysisFlag::min",4096,0.05,2.42005e+06
STDDEV,int64_t,"AnalysisFlag::min",4096,0.05,2.44784e+06
STDDEV,int64_t,"AnalysisFlag::min",4096,0.05,2.4479e+06
STDDEV,double,"AnalysisFlag::min",1024,0.1,264516
STDDEV,double,"AnalysisFlag::min",1024,0.1,263260
STDDEV,double,"AnalysisFlag::min",1024,0.1,262302
STDDEV,double,"AnalysisFlag::min",1024,0.1,237154
STDDEV,double,"AnalysisFlag::min",1024,0.1,234224
STDDEV,double,"AnalysisFlag::min",1024,0.1,262394
STDDEV,double,"AnalysisFlag::min",1024,0.1,235911
STDDEV,double,"AnalysisFlag::min",1024,0.1,234646
STDDEV,double,"AnalysisFlag::min",1024,0.1,263366
STDDEV,double,"AnalysisFlag::min",1024,0.1,262940
STDDEV,double,"AnalysisFlag::min",2048,0.1,982406
STDDEV,double,"AnalysisFlag::min",2048,0.1,1.08783e+06
STDDEV,double,"AnalysisFlag::min",2048,0.1,1.08653e+06
STDDEV,double,"AnalysisFlag::min",2048,0.1,1.08479e+06
STDDEV,double,"AnalysisFlag::min",2048,0.1,983619
STDDEV,double,"AnalysisFlag::min",2048,0.1,1.08457e+06
STDDEV,double,"AnalysisFlag::min",2048,0.1,1.0858e+06
STDDEV,double,"AnalysisFlag::min",2048,0.1,997570
STDDEV,double,"AnalysisFlag::min",2048,0.1,1.08595e+06
STDDEV,double,"AnalysisFlag::min",2048,0.1,1.08665e+06
STDDEV,double,"AnalysisFlag::min",4096,0.1,5.70731e+06
STDDEV,double,"AnalysisFlag::min",4096,0.1,5.70397e+06
STDDEV,double,"AnalysisFlag::min",4096,0.1,5.67791e+06
STDDEV,double,"AnalysisFlag::min",4096,0.1,5.70048e+06
STDDEV,double,"AnalysisFlag::min",4096,0.1,5.70379e+06
STDDEV,double,"AnalysisFlag::min",4096,0.1,5.67087e+06
STDDEV,double,"AnalysisFlag::min",4096,0.1,5.67596e+06
STDDEV,double,"AnalysisFlag::min",4096,0.1,5.67009e+06
STDDEV,double,"AnalysisFlag::min",4096,0.1,5.66138e+06
STDDEV,double,"AnalysisFlag::min",4096,0.1,5.67124e+06
STDDEV,int64_t,"AnalysisFlag::min",1024,0.1,239751
STDDEV,int64_t,"AnalysisFlag::min",1024,0.1,235256
STDDEV,int64_t,"AnalysisFlag::min",1024,0.1,263697
STDDEV,int64_t,"AnalysisFlag::min",1024,0.1,235267
STDDEV,int64_t,"AnalysisFlag::min",1024,0.1,263896
STDDEV,int64_t,"AnalysisFlag::min",1024,0.1,235288
STDDEV,int64_t,"AnalysisFlag::min",1024,0.1,262631
STDDEV,int64_t,"AnalysisFlag::min",1024,0.1,264749
STDDEV,int64_t,"AnalysisFlag::min",1024,0.1,264739
STDDEV,int64_t,"AnalysisFlag::min",1024,0.1,262820
STDDEV,int64_t,"AnalysisFlag::min",2048,0.1,972785
STDDEV,int64_t,"AnalysisFlag::min",2048,0.1,981648
STDDEV,int64_t,"AnalysisFlag::min",2048,0.1,960099
STDDEV,int64_t,"AnalysisFlag::min",2048,0.1,957283
STDDEV,int64_t,"AnalysisFlag::min",2048,0.1,1.07602e+06
STDDEV,int64_t,"AnalysisFlag::min",2048,0.1,957727
STDDEV,int64_t,"AnalysisFlag::min",2048,0.1,959052
STDDEV,int64_t,"AnalysisFlag::min",2048,0.1,1.07479e+06
STDDEV,int64_t,"AnalysisFlag::min",2048,0.1,955557
STDDEV,int64_t,"AnalysisFlag::min",2048,0.1,1.06547e+06
STDDEV,int64_t,"AnalysisFlag::min",4096,0.1,5.01873e+06
STDDEV,int64_t,"AnalysisFlag::min",4096,0.1,5.06326e+06
STDDEV,int64_t,"AnalysisFlag::min",4096,0.1,5.07759e+06
STDDEV,int64_t,"AnalysisFlag::min",4096,0.1,5.12525e+06
STDDEV,int64_t,"AnalysisFlag::min",4096,0.1,5.0789e+06
STDDEV,int64_t,"AnalysisFlag::min",4096,0.1,5.06038e+06
STDDEV,int64_t,"AnalysisFlag::min",4096,0.1,5.06521e+06
STDDEV,int64_t,"AnalysisFlag::min",4096,0.1,5.07517e+06
STDDEV,int64_t,"AnalysisFlag::min",4096,0.1,5.06372e+06
STDDEV,int64_t,"AnalysisFlag::min",4096,0.1,5.04537e+06
STDDEV,double,"AnalysisFlag::min",1024,0.2,524392
STDDEV,double,"AnalysisFlag::min",1024,0.2,520535
STDDEV,double,"AnalysisFlag::min",1024,0.2,521373
STDDEV,double,"AnalysisFlag::min",1024,0.2,520788
STDDEV,double,"AnalysisFlag::min",1024,0.2,522528
STDDEV,double,"AnalysisFlag::min",1024,0.2,471209
STDDEV,double,"AnalysisFlag::min",1024,0.2,467785
STDDEV,double,"AnalysisFlag::min",1024,0.2,520039
STDDEV,double,"AnalysisFlag::min",1024,0.2,520187
STDDEV,double,"AnalysisFlag::min",1024,0.2,522359
STDDEV,double,"AnalysisFlag::min",2048,0.2,2.21303e+06
STDDEV,double,"AnalysisFlag::min",2048,0.2,2.2029e+06
STDDEV,double,"AnalysisFlag::min",2048,0.2,2.20618e+06
STDDEV,double,"AnalysisFlag::min",2048,0.2,2.20704e+06
STDDEV,double,"AnalysisFlag::min",2048,0.2,2.20972e+06
STDDEV,double,"AnalysisFlag::min",2048,0.2,2.20864e+06
STDDEV,double,"AnalysisFlag::min",2048,0.2,2.2072e+06
STDDEV,double,"AnalysisFlag::min",2048,0.2,2.20499e+06
STDDEV,double,"AnalysisFlag::min",2048,0.2,2.1002e+06
STDDEV,double,"AnalysisFlag::min",2048,0.2,2.20798e+06
STDDEV,double,"AnalysisFlag::min",4096,0.2,1.05908e+07
STDDEV,double,"AnalysisFlag::min",4096,0.2,1.06555e+07
STDDEV,double,"AnalysisFlag::min",4096,0.2,1.06642e+07
STDDEV,double,"AnalysisFlag::min",4096,0.2,1.0656e+07
STDDEV,double,"AnalysisFlag::min",4096,0.2,1.0642e+07
STDDEV,double,"AnalysisFlag::min",4096,0.2,1.06505e+07
STDDEV,double,"AnalysisFlag::min",4096,0.2,1.0675e+07
STDDEV,double,"AnalysisFlag::min",4096,0.2,1.06371e+07
STDDEV,double,"AnalysisFlag::min",4096,0.2,1.06579e+07
STDDEV,double,"AnalysisFlag::min",4096,0.2,1.06088e+07
STDDEV,int64_t,"AnalysisFlag::min",1024,0.2,526881
STDDEV,int64_t,"AnalysisFlag::min",1024,0.2,521375
STDDEV,int64_t,"AnalysisFlag::min",1024,0.2,519640
STDDEV,int64_t,"AnalysisFlag::min",1024,0.2,522281
STDDEV,int64_t,"AnalysisFlag::min",1024,0.2,518291
STDDEV,int64_t,"AnalysisFlag::min",1024,0.2,520864
STDDEV,int64_t,"AnalysisFlag::min",1024,0.2,521612
STDDEV,int64_t,"AnalysisFlag::min",1024,0.2,466217
STDDEV,int64_t,"AnalysisFlag::min",1024,0.2,523059
STDDEV,int64_t,"AnalysisFlag::min",1024,0.2,522325
STDDEV,int64_t,"AnalysisFlag::min",2048,0.2,2.06904e+06
STDDEV,int64_t,"AnalysisFlag::min",2048,0.2,2.0386e+06
STDDEV,int64_t,"AnalysisFlag::min",2048,0.2,2.03769e+06
STDDEV,int64_t,"AnalysisFlag::min",2048,0.2,2.01576e+06
STDDEV,int64_t,"AnalysisFlag::min",2048,0.2,2.03833e+06
STDDEV,int64_t,"AnalysisFlag::min",2048,0.2,2.01323e+06
STDDEV,int64_t,"AnalysisFlag::min",2048,0.2,2.01737e+06
STDDEV,int64_t,"AnalysisFlag::min",2048,0.2,2.03936e+06
STDDEV,int64_t,"AnalysisFlag::min",2048,0.2,2.01762e+06
STDDEV,int64_t,"AnalysisFlag::min",2048,0.2,2.03664e+06
STDDEV,int64_t,"AnalysisFlag::min",4096,0.2,9.4088e+06
STDDEV,int64_t,"AnalysisFlag::min",4096,0.2,9.40715e+06
STDDEV,int64_t,"AnalysisFlag::min",4096,0.2,9.45626e+06
STDDEV,int64_t,"AnalysisFlag::min",4096,0.2,9.43455e+06
STDDEV,int64_t,"AnalysisFlag::min",4096,0.2,9.41369e+06
STDDEV,int64_t,"AnalysisFlag::min",4096,0.2,9.44872e+06
STDDEV,int64_t,"AnalysisFlag::min",4096,0.2,9.42388e+06
STDDEV,int64_t,"AnalysisFlag::min",4096,0.2,9.44547e+06
STDDEV,int64_t,"AnalysisFlag::min",4096,0.2,9.46666e+06
STDDEV,int64_t,"AnalysisFlag::min",4096,0.2,9.45959e+06
STDDEV,double,"AnalysisFlag::min",1024,0.25,1.95154e+06
STDDEV,double,"AnalysisFlag::min",1024,0.25,1.94534e+06
STDDEV,double,"AnalysisFlag::min",1024,0.25,1.94274e+06
STDDEV,double,"AnalysisFlag::min",1024,0.25,1.9413e+06
STDDEV,double,"AnalysisFlag::min",1024,0.25,1.94252e+06
STDDEV,double,"AnalysisFlag::min",1024,0.25,1.94268e+06
STDDEV,double,"AnalysisFlag::min",1024,0.25,1.94267e+06
STDDEV,double,"AnalysisFlag::min",1024,0.25,1.94359e+06
STDDEV,double,"AnalysisFlag::min",1024,0.25,1.94283e+06
STDDEV,double,"AnalysisFlag::min",1024,0.25,1.94202e+06
STDDEV,double,"AnalysisFlag::min",2048,0.25,8.55588e+06
STDDEV,double,"AnalysisFlag::min",2048,0.25,8.53344e+06
STDDEV,double,"AnalysisFlag::min",2048,0.25,8.54438e+06
STDDEV,double,"AnalysisFlag::min",2048,0.25,8.51114e+06
STDDEV,double,"AnalysisFlag::min",2048,0.25,8.53428e+06
STDDEV,double,"AnalysisFlag::min",2048,0.25,8.53689e+06
STDDEV,double,"AnalysisFlag::min",2048,0.25,8.50435e+06
STDDEV,double,"AnalysisFlag::min",2048,0.25,8.5647e+06
STDDEV,double,"AnalysisFlag::min",2048,0.25,8.5408e+06
STDDEV,double,"AnalysisFlag::min",2048,0.25,8.55072e+06
STDDEV,double,"AnalysisFlag::min",4096,0.25,3.50319e+07
STDDEV,double,"AnalysisFlag::min",4096,0.25,3.50031e+07
STDDEV,double,"AnalysisFlag::min",4096,0.25,3.50017e+07
STDDEV,double,"AnalysisFlag::min",4096,0.25,3.49942e+07
STDDEV,double,"AnalysisFlag::min",4096,0.25,3.50039e+07
STDDEV,double,"AnalysisFlag::min",4096,0.25,3.49979e+07
STDDEV,double,"AnalysisFlag::min",4096,0.25,3.50179e+07
STDDEV,double,"AnalysisFlag::min",4096,0.25,3.50126e+07
STDDEV,double,"AnalysisFlag::min",4096,0.25,3.50248e+07
STDDEV,double,"AnalysisFlag::min",4096,0.25,3.49983e+07
STDDEV,int64_t,"AnalysisFlag::min",1024,0.25,1.95238e+06
STDDEV,int64_t,"AnalysisFlag::min",1024,0.25,2.01534e+06
STDDEV,int64_t,"AnalysisFlag::min",1024,0.25,2.11401e+06
STDDEV,int64_t,"AnalysisFlag::min",1024,0.25,2.11376e+06
STDDEV,int64_t,"AnalysisFlag::min",1024,0.25,2.1153e+06
STDDEV,int64_t,"AnalysisFlag::min",1024,0.25,2.11609e+06
STDDEV,int64_t,"AnalysisFlag::min",1024,0.25,1.94252e+06
STDDEV,int64_t,"AnalysisFlag::min",1024,0.25,2.11314e+06
STDDEV,int64_t,"AnalysisFlag::min",1024,0.25,2.11304e+06
STDDEV,int64_t,"AnalysisFlag::min",1024,0.25,2.11033e+06
STDDEV,int64_t,"AnalysisFlag::min",2048,0.25,7.90077e+06
STDDEV,int64_t,"AnalysisFlag::min",2048,0.25,7.90532e+06
STDDEV,int64_t,"AnalysisFlag::min",2048,0.25,7.89672e+06
STDDEV,int64_t,"AnalysisFlag::min",2048,0.25,7.89836e+06
STDDEV,int64_t,"AnalysisFlag::min",2048,0.25,7.88619e+06
STDDEV,int64_t,"AnalysisFlag::min",2048,0.25,7.88617e+06
STDDEV,int64_t,"AnalysisFlag::min",2048,0.25,7.88613e+06
STDDEV,int64_t,"AnalysisFlag::min",2048,0.25,7.88822e+06
STDDEV,int64_t,"AnalysisFlag::min",2048,0.25,7.88373e+06
STDDEV,int64_t,"AnalysisFlag::min",2048,0.25,7.89386e+06
STDDEV,int64_t,"AnalysisFlag::min",4096,0.25,3.19733e+07
STDDEV,int64_t,"AnalysisFlag::min",4096,0.25,3.16571e+07
STDDEV,int64_t,"AnalysisFlag::min",4096,0.25,3.16511e+07
STDDEV,int64_t,"AnalysisFlag::min",4096,0.25,3.167e+07
STDDEV,int64_t,"AnalysisFlag::min",4096,0.25,3.16546e+07
STDDEV,int64_t,"AnalysisFlag::min",4096,0.25,3.16673e+07
STDDEV,int64_t,"AnalysisFlag::min",4096,0.25,3.16854e+07
STDDEV,int64_t,"AnalysisFlag::min",4096,0.25,3.16528e+07
STDDEV,int64_t,"AnalysisFlag::min",4096,0.25,3.16575e+07
STDDEV,int64_t,"AnalysisFlag::min",4096,0.25,3.16628e+07
STDDEV,double,"AnalysisFlag::min",1024,1,2.12903e+06
STDDEV,double,"AnalysisFlag::min",1024,1,1.93743e+06
STDDEV,double,"AnalysisFlag::min",1024,1,1.93649e+06
STDDEV,double,"AnalysisFlag::min",1024,1,1.93909e+06
STDDEV,double,"AnalysisFlag::min",1024,1,1.93659e+06
STDDEV,double,"AnalysisFlag::min",1024,1,1.93456e+06
STDDEV,double,"AnalysisFlag::min",1024,1,1.93566e+06
STDDEV,double,"AnalysisFlag::min",1024,1,1.9371e+06
STDDEV,double,"AnalysisFlag::min",1024,1,1.9368e+06
STDDEV,double,"AnalysisFlag::min",1024,1,1.93598e+06
STDDEV,double,"AnalysisFlag::min",2048,1,8.58258e+06
STDDEV,double,"AnalysisFlag::min",2048,1,8.53514e+06
STDDEV,double,"AnalysisFlag::min",2048,1,8.54115e+06
STDDEV,double,"AnalysisFlag::min",2048,1,8.53137e+06
STDDEV,double,"AnalysisFlag::min",2048,1,8.5019e+06
STDDEV,double,"AnalysisFlag::min",2048,1,8.52483e+06
STDDEV,double,"AnalysisFlag::min",2048,1,8.49587e+06
STDDEV,double,"AnalysisFlag::min",2048,1,8.54831e+06
STDDEV,double,"AnalysisFlag::min",2048,1,8.51811e+06
STDDEV,double,"AnalysisFlag::min",2048,1,8.50923e+06
STDDEV,double,"AnalysisFlag::min",4096,1,3.50011e+07
STDDEV,double,"AnalysisFlag::min",4096,1,3.50084e+07
STDDEV,double,"AnalysisFlag::min",4096,1,3.49937e+07
STDDEV,double,"AnalysisFlag::min",4096,1,3.49972e+07
STDDEV,double,"AnalysisFlag::min",4096,1,3.50062e+07
STDDEV,double,"AnalysisFlag::min",4096,1,3.50614e+07
STDDEV,double,"AnalysisFlag::min",4096,1,3.50415e+07
STDDEV,double,"AnalysisFlag::min",4096,1,3.50105e+07
STDDEV,double,"AnalysisFlag::min",4096,1,3.49954e+07
STDDEV,double,"AnalysisFlag::min",4096,1,3.502e+07
STDDEV,int64_t,"AnalysisFlag::min",1024,1,2.09355e+06
STDDEV,int64_t,"AnalysisFlag::min",1024,1,2.03614e+06
STDDEV,int64_t,"AnalysisFlag::min",1024,1,1.94095e+06
STDDEV,int64_t,"AnalysisFlag::min",1024,1,2.04043e+06
STDDEV,int64_t,"AnalysisFlag::min",1024,1,2.09788e+06
STDDEV,int64_t,"AnalysisFlag::min",1024,1,1.93891e+06
STDDEV,int64_t,"AnalysisFlag::min",1024,1,2.03134e+06
STDDEV,int64_t,"AnalysisFlag::min",1024,1,2.03429e+06
STDDEV,int64_t,"AnalysisFlag::min",1024,1,2.04556e+06
STDDEV,int64_t,"AnalysisFlag::min",1024,1,2.02042e+06
STDDEV,int64_t,"AnalysisFlag::min",2048,1,7.99423e+06
STDDEV,int64_t,"AnalysisFlag::min",2048,1,7.903e+06
STDDEV,int64_t,"AnalysisFlag::min",2048,1,7.88777e+06
STDDEV,int64_t,"AnalysisFlag::min",2048,1,7.91533e+06
STDDEV,int64_t,"AnalysisFlag::min",2048,1,7.89673e+06
STDDEV,int64_t,"AnalysisFlag::min",2048,1,7.90067e+06
STDDEV,int64_t,"AnalysisFlag::min",2048,1,7.9055e+06
STDDEV,int64_t,"AnalysisFlag::min",2048,1,7.9062e+06
STDDEV,int64_t,"AnalysisFlag::min",2048,1,7.90419e+06
STDDEV,int64_t,"AnalysisFlag::min",2048,1,7.90833e+06
STDDEV,int64_t,"AnalysisFlag::min",4096,1,3.16697e+07
STDDEV,int64_t,"AnalysisFlag::min",4096,1,3.16678e+07
STDDEV,int64_t,"AnalysisFlag::min",4096,1,3.16619e+07
STDDEV,int64_t,"AnalysisFlag::min",4096,1,3.16583e+07
STDDEV,int64_t,"AnalysisFlag::min",4096,1,3.16429e+07
STDDEV,int64_t,"AnalysisFlag::min",4096,1,3.16499e+07
STDDEV,int64_t,"AnalysisFlag::min",4096,1,3.16418e+07
STDDEV,int64_t,"AnalysisFlag::min",4096,1,3.16396e+07
STDDEV,int64_t,"AnalysisFlag::min",4096,1,3.165e+07
STDDEV,int64_t,"AnalysisFlag::min",4096,1,3.16415e+07
VAR,double,"AnalysisFlag::min",1024,0.001,12050
VAR,double,"AnalysisFlag::min",1024,0.001,9523
VAR,double,"AnalysisFlag::min",1024,0.001,9233
VAR,double,"AnalysisFlag::min",1024,0.001,9146
VAR,double,"AnalysisFlag::min",1024,0.001,9084
VAR,double,"AnalysisFlag::min",1024,0.001,8958
VAR,double,"AnalysisFlag::min",1024,0.001,8892
VAR,double,"AnalysisFlag::min",1024,0.001,8999
VAR,double,"AnalysisFlag::min",1024,0.001,8942
VAR,double,"AnalysisFlag::min",1024,0.001,8934
VAR,double,"AnalysisFlag::min",2048,0.001,24771
VAR,double,"AnalysisFlag::min",2048,0.001,23668
VAR,double,"AnalysisFlag::min",2048,0.001,23734
VAR,double,"AnalysisFlag::min",2048,0.001,23432
VAR,double,"AnalysisFlag::min",2048,0.001,24230
VAR,double,"AnalysisFlag::min",2048,0.001,22946
VAR,double,"AnalysisFlag::min",2048,0.001,22855
VAR,double,"AnalysisFlag::min",2048,0.001,22667
VAR,double,"AnalysisFlag::min",2048,0.001,23019
VAR,double,"AnalysisFlag::min",2048,0.001,23170
VAR,double,"AnalysisFlag::min",4096,0.001,76534
VAR,double,"AnalysisFlag::min",4096,0.001,76199
VAR,double,"AnalysisFlag::min",4096,0.001,75815
VAR,double,"AnalysisFlag::min",4096,0.001,75973
VAR,double,"AnalysisFlag::min",4096,0.001,76520
VAR,double,"AnalysisFlag::min",4096,0.001,73641
VAR,double,"AnalysisFlag::min",4096,0.001,73982
VAR,double,"AnalysisFlag::min",4096,0.001,73811
VAR,double,"AnalysisFlag::min",4096,0.001,73981
VAR,double,"AnalysisFlag::min",4096,0.001,73481
VAR,int64_t,"AnalysisFlag::min",1024,0.001,13469
VAR,int64_t,"AnalysisFlag::min",1024,0.001,11867
VAR,int64_t,"AnalysisFlag::min",1024,0.001,11893
VAR,int64_t,"AnalysisFlag::min",1024,0.001,11904
VAR,int64_t,"AnalysisFlag::min",1024,0.001,11880
VAR,int64_t,"AnalysisFlag::min",1024,0.001,11997
VAR,int64_t,"AnalysisFlag::min",1024,0.001,11824
VAR,int64_t,"AnalysisFlag::min",1024,0.001,11830
VAR,int64_t,"AnalysisFlag::min",1024,0.001,11902
VAR,int64_t,"AnalysisFlag::min",1024,0.001,11741
VAR,int64_t,"AnalysisFlag::min",2048,0.001,28189
VAR,int64_t,"AnalysisFlag::min",2048,0.001,28238
VAR,int64_t,"AnalysisFlag::min",2048,0.001,28360
VAR,int64_t,"AnalysisFlag::min",2048,0.001,28561
VAR,int64_t,"AnalysisFlag::min",2048,0.001,28390
VAR,int64_t,"AnalysisFlag::min",2048,0.001,28419
VAR,int64_t,"AnalysisFlag::min",2048,0.001,28465
VAR,int64_t,"AnalysisFlag::min",2048,0.001,28352
VAR,int64_t,"AnalysisFlag::min",2048,0.001,28403
VAR,int64_t,"AnalysisFlag::min",2048,0.001,28281
VAR,int64_t,"AnalysisFlag::min",4096,0.001,86772
VAR,int64_t,"AnalysisFlag::min",4096,0.001,86898
VAR,int64_t,"AnalysisFlag::min",4096,0.001,86339
VAR,int64_t,"AnalysisFlag::min",4096,0.001,87255
VAR,int64_t,"AnalysisFlag::min",4096,0.001,86970
VAR,int64_t,"AnalysisFlag::min",4096,0.001,87058
VAR,int64_t,"AnalysisFlag::min",4096,0.001,87136
VAR,int64_t,"AnalysisFlag::min",4096,0.001,87316
VAR,int64_t,"AnalysisFlag::min",4096,0.001,87239
VAR,int64_t,"AnalysisFlag::min",4096,0.001,86847
VAR,double,"AnalysisFlag::min",1024,0.01,33322
VAR,double,"AnalysisFlag::min",1024,0.01,32383
VAR,double,"AnalysisFlag::min",1024,0.01,32674
VAR,double,"AnalysisFlag::min",1024,0.01,32392
VAR,double,"AnalysisFlag::min",1024,0.01,32017
VAR,double,"AnalysisFlag::min",1024,0.01,32036
VAR,double,"AnalysisFlag::min",1024,0.01,32134
VAR,double,"AnalysisFlag::min",1024,0.01,32200
VAR,double,"AnalysisFlag::min",1024,0.01,32314
VAR,double,"AnalysisFlag::min",1024,0.01,32738
VAR,double,"AnalysisFlag::min",2048,0.01,120406
VAR,double,"AnalysisFlag::min",2048,0.01,120720
VAR,double,"AnalysisFlag::min",2048,0.01,119386
VAR,double,"AnalysisFlag::min",2048,0.01,119711
VAR,double,"AnalysisFlag::min",2048,0.01,120333
VAR,double,"AnalysisFlag::min",2048,0.01,119526
VAR,double,"AnalysisFlag::min",2048,0.01,120568
VAR,double,"AnalysisFlag::min",2048,0.01,120373
VAR,double,"AnalysisFlag::min",2048,0.01,120278
VAR,double,"AnalysisFlag::min",2048,0.01,120221
VAR,double,"AnalysisFlag::min",4096,0.01,543327
VAR,double,"AnalysisFlag::min",4096,0.01,538568
VAR,double,"AnalysisFlag::min",4096,0.01,538183
VAR,double,"AnalysisFlag::min",4096,0.01,537245
VAR,double,"AnalysisFlag::min",4096,0.01,536485
VAR,double,"AnalysisFlag::min",4096,0.01,547440
VAR,double,"AnalysisFlag::min",4096,0.01,536322
VAR,double,"AnalysisFlag::min",4096,0.01,537466
VAR,double,"AnalysisFlag::min",4096,0.01,535037
VAR,double,"AnalysisFlag::min",4096,0.01,536319
VAR,int64_t,"AnalysisFlag::min",1024,0.01,35661
VAR,int64_t,"AnalysisFlag::min",1024,0.01,34480
VAR,int64_t,"AnalysisFlag::min",1024,0.01,34354
VAR,int64_t,"AnalysisFlag::min",1024,0.01,34170
VAR,int64_t,"AnalysisFlag::min",1024,0.01,34609
VAR,int64_t,"AnalysisFlag::min",1024,0.01,34460
VAR,int64_t,"AnalysisFlag::min",1024,0.01,34442
VAR,int64_t,"AnalysisFlag::min",1024,0.01,33965
VAR,int64_t,"AnalysisFlag::min",1024,0.01,34328
VAR,int64_t,"AnalysisFlag::min",1024,0.01,34178
VAR,int64_t,"AnalysisFlag::min",2048,0.01,124544
VAR,int64_t,"AnalysisFlag::min",2048,0.01,124653
VAR,int64_t,"AnalysisFlag::min",2048,0.01,124631
VAR,int64_t,"AnalysisFlag::min",2048,0.01,124101
VAR,int64_t,"AnalysisFlag::min",2048,0.01,124499
VAR,int64_t,"AnalysisFlag::min",2048,0.01,124397
VAR,int64_t,"AnalysisFlag::min",2048,0.01,126026
VAR,int64_t,"AnalysisFlag::min",2048,0.01,123894
VAR,int64_t,"AnalysisFlag::min",2048,0.01,124613
VAR,int64_t,"AnalysisFlag::min",2048,0.01,124169
VAR,int64_t,"AnalysisFlag::min",4096,0.01,550383
VAR,int64_t,"AnalysisFlag::min",4096,0.01,553033
VAR,int64_t,"AnalysisFlag::min",4096,0.01,550672
VAR,int64_t,"AnalysisFlag::min",4096,0.01,553253
VAR,int64_t,"AnalysisFlag::min",4096,0.01,550950
VAR,int64_t,"AnalysisFlag::min",4096,0.01,550902
VAR,int64_t,"AnalysisFlag::min",4096,0.01,552340
VAR,int64_t,"AnalysisFlag::min",4096,0.01,553407
VAR,int64_t,"AnalysisFlag::min",4096,0.01,550296
VAR,int64_t,"AnalysisFlag::min",4096,0.01,550276
VAR,double,"AnalysisFlag::min",1024,0.05,139858
VAR,double,"AnalysisFlag::min",1024,0.05,140121
VAR,double,"AnalysisFlag::min",1024,0.05,135048
VAR,double,"AnalysisFlag::min",1024,0.05,134807
VAR,double,"AnalysisFlag::min",1024,0.05,136244
VAR,double,"AnalysisFlag::min",1024,0.05,138151
VAR,double,"AnalysisFlag::min",1024,0.05,136615
VAR,double,"AnalysisFlag::min",1024,0.05,137027
VAR,double,"AnalysisFlag::min",1024,0.05,136255
VAR,double,"AnalysisFlag::min",1024,0.05,136092
VAR,double,"AnalysisFlag::min",2048,0.05,553641
VAR,double,"AnalysisFlag::min",2048,0.05,553646
VAR,double,"AnalysisFlag::min",2048,0.05,555151
VAR,double,"AnalysisFlag::min",2048,0.05,554440
VAR,double,"AnalysisFlag::min",2048,0.05,552011
VAR,double,"AnalysisFlag::min",2048,0.05,554332
VAR,double,"AnalysisFlag::min",2048,0.05,554284
VAR,double,"AnalysisFlag::min",2048,0.05,555234
VAR,double,"AnalysisFlag::min",2048,0.05,551644
VAR,double,"AnalysisFlag::min",2048,0.05,551807
VAR,double,"AnalysisFlag::min",4096,0.05,2.66334e+06
VAR,double,"AnalysisFlag::min",4096,0.05,2.63846e+06
VAR,double,"AnalysisFlag::min",4096,0.05,2.63823e+06
VAR,double,"AnalysisFlag::min",4096,0.05,2.63666e+06
VAR,double,"AnalysisFlag::min",4096,0.05,2.63931e+06
VAR,double,"AnalysisFlag::min",4096,0.05,2.63696e+06
VAR,double,"AnalysisFlag::min",4096,0.05,2.63544e+06
VAR,double,"AnalysisFlag::min",4096,0.05,2.62997e+06
VAR,double,"AnalysisFlag::min",4096,0.05,2.63646e+06
VAR,double,"AnalysisFlag::min",4096,0.05,2.63419e+06
VAR,int64_t,"AnalysisFlag::min",1024,0.05,140868
VAR,int64_t,"AnalysisFlag::min",1024,0.05,139203
VAR,int64_t,"AnalysisFlag::min",1024,0.05,135689
VAR,int64_t,"AnalysisFlag::min",1024,0.05,135210
VAR,int64_t,"AnalysisFlag::min",1024,0.05,139405
VAR,int64_t,"AnalysisFlag::min",1024,0.05,136560
VAR,int64_t,"AnalysisFlag::min",1024,0.05,137857
VAR,int64_t,"AnalysisFlag::min",1024,0.05,135293
VAR,int64_t,"AnalysisFlag::min",1024,0.05,139831
VAR,int64_t,"AnalysisFlag::min",1024,0.05,135633
VAR,int64_t,"AnalysisFlag::min",2048,0.05,548056
VAR,int64_t,"AnalysisFlag::min",2048,0.05,545856
VAR,int64_t,"AnalysisFlag::min",2048,0.05,545141
VAR,int64_t,"AnalysisFlag::min",2048,0.05,545009
VAR,int64_t,"AnalysisFlag::min",2048,0.05,547012
VAR,int64_t,"AnalysisFlag::min",2048,0.05,543375
VAR,int64_t,"AnalysisFlag::min",2048,0.05,543379
VAR,int64_t,"AnalysisFlag::min",2048,0.05,547233
VAR,int64_t,"AnalysisFlag::min",2048,0.05,545223
VAR,int64_t,"AnalysisFlag::min",2048,0.05,544119
VAR,int64_t,"AnalysisFlag::min",4096,0.05,2.44574e+06
VAR,int64_t,"AnalysisFlag::min",4096,0.05,2.44192e+06
VAR,int64_t,"AnalysisFlag::min",4096,0.05,2.44008e+06
VAR,int64_t,"AnalysisFlag::min",4096,0.05,2.44891e+06
VAR,int64_t,"AnalysisFlag::min",4096,0.05,2.44051e+06
VAR,int64_t,"AnalysisFlag::min",4096,0.05,2.4433e+06
VAR,int64_t,"AnalysisFlag::min",4096,0.05,2.43693e+06
VAR,int64_t,"AnalysisFlag::min",4096,0.05,2.43868e+06
VAR,int64_t,"AnalysisFlag::min",4096,0.05,2.44621e+06
VAR,int64_t,"AnalysisFlag::min",4096,0.05,2.44018e+06
VAR,double,"AnalysisFlag::min",1024,0.1,271949
VAR,double,"AnalysisFlag::min",1024,0.1,267604
VAR,double,"AnalysisFlag::min",1024,0.1,267165
VAR,double,"AnalysisFlag::min",1024,0.1,267550
VAR,double,"AnalysisFlag::min",1024,0.1,268761
VAR,double,"AnalysisFlag::min",1024,0.1,269498
VAR,double,"AnalysisFlag::min",1024,0.1,270764
VAR,double,"AnalysisFlag::min",1024,0.1,267939
VAR,double,"AnalysisFlag::min",1024,0.1,267074
VAR,double,"AnalysisFlag::min",1024,0.1,266926
VAR,double,"AnalysisFlag::min",2048,0.1,1.10141e+06
VAR,double,"AnalysisFlag::min",2048,0.1,1.10054e+06
VAR,double,"AnalysisFlag::min",2048,0.1,1.10097e+06
VAR,double,"AnalysisFlag::min",2048,0.1,1.09978e+06
VAR,double,"AnalysisFlag::min",2048,0.1,1.10036e+06
VAR,double,"AnalysisFlag::min",2048,0.1,1.10016e+06
VAR,double,"AnalysisFlag::min",2048,0.1,1.10009e+06
VAR,double,"AnalysisFlag::min",2048,0.1,1.09914e+06
VAR,double,"AnalysisFlag::min",2048,0.1,1.09868e+06
VAR,double,"AnalysisFlag::min",2048,0.1,1.10273e+06
VAR,double,"AnalysisFlag::min",4096,0.1,5.75511e+06
VAR,double,"AnalysisFlag::min",4096,0.1,5.69807e+06
VAR,double,"AnalysisFlag::min",4096,0.1,5.6968e+06
VAR,double,"AnalysisFlag::min",4096,0.1,5.69037e+06
VAR,double,"AnalysisFlag::min",4096,0.1,5.70802e+06
VAR,double,"AnalysisFlag::min",4096,0.1,5.69296e+06
VAR,double,"AnalysisFlag::min",4096,0.1,5.69863e+06
VAR,double,"AnalysisFlag::min",4096,0.1,5.71859e+06
VAR,double,"AnalysisFlag::min",4096,0.1,5.70712e+06
VAR,double,"AnalysisFlag::min",4096,0.1,5.67204e+06
VAR,int64_t,"AnalysisFlag::min",1024,0.1,266475
VAR,int64_t,"AnalysisFlag::min",1024,0.1,267917
VAR,int64_t,"AnalysisFlag::min",1024,0.1,261975
VAR,int64_t,"AnalysisFlag::min",1024,0.1,264020
VAR,int64_t,"AnalysisFlag::min",1024,0.1,260916
VAR,int64_t,"AnalysisFlag::min",1024,0.1,272643
VAR,int64_t,"AnalysisFlag::min",1024,0.1,263528
VAR,int64_t,"AnalysisFlag::min",1024,0.1,263231
VAR,int64_t,"AnalysisFlag::min",1024,0.1,261259
VAR,int64_t,"AnalysisFlag::min",1024,0.1,261584
VAR,int64_t,"AnalysisFlag::min",2048,0.1,1.09226e+06
VAR,int64_t,"AnalysisFlag::min",2048,0.1,1.07548e+06
VAR,int64_t,"AnalysisFlag::min",2048,0.1,1.07285e+06
VAR,int64_t,"AnalysisFlag::min",2048,0.1,1.0723e+06
VAR,int64_t,"AnalysisFlag::min",2048,0.1,1.07258e+06
VAR,int64_t,"AnalysisFlag::min",2048,0.1,1.07e+06
VAR,int64_t,"AnalysisFlag::min",2048,0.1,1.0701e+06
VAR,int64_t,"AnalysisFlag::min",2048,0.1,1.07322e+06
VAR,int64_t,"AnalysisFlag::min",2048,0.1,1.07329e+06
VAR,int64_t,"AnalysisFlag::min",2048,0.1,1.07402e+06
VAR,int64_t,"AnalysisFlag::min",4096,0.1,5.08587e+06
VAR,int64_t,"AnalysisFlag::min",4096,0.1,5.07776e+06
VAR,int64_t,"AnalysisFlag::min",4096,0.1,5.05365e+06
VAR,int64_t,"AnalysisFlag::min",4096,0.1,5.09457e+06
VAR,int64_t,"AnalysisFlag::min",4096,0.1,5.09595e+06
VAR,int64_t,"AnalysisFlag::min",4096,0.1,5.08827e+06
VAR,int64_t,"AnalysisFlag::min",4096,0.1,5.08272e+06
VAR,int64_t,"AnalysisFlag::min",4096,0.1,5.06278e+06
VAR,int64_t,"AnalysisFlag::min",4096,0.1,5.06226e+06
VAR,int64_t,"AnalysisFlag::min",4096,0.1,5.07375e+06
VAR,double,"AnalysisFlag::min",1024,0.2,530755
VAR,double,"AnalysisFlag::min",1024,0.2,525857
VAR,double,"AnalysisFlag::min",1024,0.2,528632
VAR,double,"AnalysisFlag::min",1024,0.2,533365
VAR,double,"AnalysisFlag::min",1024,0.2,529355
VAR,double,"AnalysisFlag::min",1024,0.2,532595
VAR,double,"AnalysisFlag::min",1024,0.2,533741
VAR,double,"AnalysisFlag::min",1024,0.2,532112
VAR,double,"AnalysisFlag::min",1024,0.2,529247
VAR,double,"AnalysisFlag::min",1024,0.2,531473
VAR,double,"AnalysisFlag::min",2048,0.2,2.24287e+06
VAR,double,"AnalysisFlag::min",2048,0.2,2.23364e+06
VAR,double,"AnalysisFlag::min",2048,0.2,2.23833e+06
VAR,double,"AnalysisFlag::min",2048,0.2,2.22989e+06
VAR,double,"AnalysisFlag::min",2048,0.2,2.23337e+06
VAR,double,"AnalysisFlag::min",2048,0.2,2.20967e+06
VAR,double,"AnalysisFlag::min",2048,0.2,2.2335e+06
VAR,double,"AnalysisFlag::min",2048,0.2,2.23709e+06
VAR,double,"AnalysisFlag::min",2048,0.2,2.23598e+06
VAR,double,"AnalysisFlag::min",2048,0.2,2.23756e+06
VAR,double,"AnalysisFlag::min",4096,0.2,1.07256e+07
VAR,double,"AnalysisFlag::min",4096,0.2,1.0703e+07
VAR,double,"AnalysisFlag::min",4096,0.2,1.06934e+07
VAR,double,"AnalysisFlag::min",4096,0.2,1.0719e+07
VAR,double,"AnalysisFlag::min",4096,0.2,1.06989e+07
VAR,double,"AnalysisFlag::min",4096,0.2,1.0711e+07
VAR,double,"AnalysisFlag::min",4096,0.2,1.07142e+07
VAR,double,"AnalysisFlag::min",4096,0.2,1.07134e+07
VAR,double,"AnalysisFlag::min",4096,0.2,1.06873e+07
VAR,double,"AnalysisFlag::min",4096,0.2,1.0709e+07
VAR,int64_t,"AnalysisFlag::min",1024,0.2,529560
VAR,int64_t,"AnalysisFlag::min",1024,0.2,522413
VAR,int64_t,"AnalysisFlag::min",1024,0.2,520724
VAR,int64_t,"AnalysisFlag::min",1024,0.2,520117
VAR,int64_t,"AnalysisFlag::min",1024,0.2,515995
VAR,int64_t,"AnalysisFlag::min",1024,0.2,517928
VAR,int64_t,"AnalysisFlag::min",1024,0.2,517393
VAR,int64_t,"AnalysisFlag::min",1024,0.2,521811
VAR,int64_t,"AnalysisFlag::min",1024,0.2,518192
VAR,int64_t,"AnalysisFlag::min",1024,0.2,519799
VAR,int64_t,"AnalysisFlag::min",2048,0.2,2.0639e+06
VAR,int64_t,"AnalysisFlag::min",2048,0.2,2.02338e+06
VAR,int64_t,"AnalysisFlag::min",2048,0.2,2.03248e+06
VAR,int64_t,"AnalysisFlag::min",2048,0.2,2.02304e+06
VAR,int64_t,"AnalysisFlag::min",2048,0.2,2.02148e+06
VAR,int64_t,"AnalysisFlag::min",2048,0.2,2.02308e+06
VAR,int64_t,"AnalysisFlag::min",2048,0.2,2.02396e+06
VAR,int64_t,"AnalysisFlag::min",2048,0.2,2.02968e+06
VAR,int64_t,"AnalysisFlag::min",2048,0.2,2.02188e+06
VAR,int64_t,"AnalysisFlag::min",2048,0.2,2.02004e+06
VAR,int64_t,"AnalysisFlag::min",4096,0.2,9.41126e+06
VAR,int64_t,"AnalysisFlag::min",4096,0.2,9.67514e+06
VAR,int64_t,"AnalysisFlag::min",4096,0.2,9.42354e+06
VAR,int64_t,"AnalysisFlag::min",4096,0.2,9.40172e+06
VAR,int64_t,"AnalysisFlag::min",4096,0.2,9.40904e+06
VAR,int64_t,"AnalysisFlag::min",4096,0.2,9.39705e+06
VAR,int64_t,"AnalysisFlag::min",4096,0.2,9.40545e+06
VAR,int64_t,"AnalysisFlag::min",4096,0.2,9.41913e+06
VAR,int64_t,"AnalysisFlag::min",4096,0.2,9.39859e+06
VAR,int64_t,"AnalysisFlag::min",4096,0.2,9.56222e+06
VAR,double,"AnalysisFlag::min",1024,0.25,1.96576e+06
VAR,double,"AnalysisFlag::min",1024,0.25,1.94888e+06
VAR,double,"AnalysisFlag::min",1024,0.25,1.9506e+06
VAR,double,"AnalysisFlag::min",1024,0.25,2.15198e+06
VAR,double,"AnalysisFlag::min",1024,0.25,1.94831e+06
VAR,double,"AnalysisFlag::min",1024,0.25,2.15816e+06
VAR,double,"AnalysisFlag::min",1024,0.25,2.12723e+06
VAR,double,"AnalysisFlag::min",1024,0.25,2.15703e+06
VAR,double,"AnalysisFlag::min",1024,0.25,2.16657e+06
VAR,double,"AnalysisFlag::min",1024,0.25,1.9462e+06
VAR,double,"AnalysisFlag::min",2048,0.25,8.5193e+06
VAR,double,"AnalysisFlag::min",2048,0.25,8.53935e+06
VAR,double,"AnalysisFlag::min",2048,0.25,8.58239e+06
VAR,double,"AnalysisFlag::min",2048,0.25,8.52693e+06
VAR,double,"AnalysisFlag::min",2048,0.25,8.58466e+06
VAR,double,"AnalysisFlag::min",2048,0.25,8.54331e+06
VAR,double,"AnalysisFlag::min",2048,0.25,8.57397e+06
VAR,double,"AnalysisFlag::min",2048,0.25,8.5685e+06
VAR,double,"AnalysisFlag::min",2048,0.25,8.56021e+06
VAR,double,"AnalysisFlag::min",2048,0.25,8.56306e+06
VAR,double,"AnalysisFlag::min",4096,0.25,3.51578e+07
VAR,double,"AnalysisFlag::min",4096,0.25,3.51911e+07
VAR,double,"AnalysisFlag::min",4096,0.25,3.52013e+07
VAR,double,"AnalysisFlag::min",4096,0.25,3.41735e+07
VAR,double,"AnalysisFlag::min",4096,0.25,3.41229e+07
VAR,double,"AnalysisFlag::min",4096,0.25,3.41522e+07
VAR,double,"AnalysisFlag::min",4096,0.25,3.41409e+07
VAR,double,"AnalysisFlag::min",4096,0.25,3.41401e+07
VAR,double,"AnalysisFlag::min",4096,0.25,2.99614e+07
VAR,double,"AnalysisFlag::min",4096,0.25,2.99568e+07
VAR,int64_t,"AnalysisFlag::min",1024,0.25,1.72281e+06
VAR,int64_t,"AnalysisFlag::min",1024,0.25,1.70504e+06
VAR,int64_t,"AnalysisFlag::min",1024,0.25,1.70523e+06
VAR,int64_t,"AnalysisFlag::min",1024,0.25,1.70567e+06
VAR,int64_t,"AnalysisFlag::min",1024,0.25,1.70278e+06
VAR,int64_t,"AnalysisFlag::min",1024,0.25,1.70317e+06
VAR,int64_t,"AnalysisFlag::min",1024,0.25,1.70397e+06
VAR,int64_t,"AnalysisFlag::min",1024,0.25,1.70429e+06
VAR,int64_t,"AnalysisFlag::min",1024,0.25,1.70453e+06
VAR,int64_t,"AnalysisFlag::min",1024,0.25,1.70518e+06
VAR,int64_t,"AnalysisFlag::min",2048,0.25,7.56606e+06
VAR,int64_t,"AnalysisFlag::min",2048,0.25,7.53115e+06
VAR,int64_t,"AnalysisFlag::min",2048,0.25,7.53508e+06
VAR,int64_t,"AnalysisFlag::min",2048,0.25,7.54076e+06
VAR,int64_t,"AnalysisFlag::min",2048,0.25,7.56272e+06
VAR,int64_t,"AnalysisFlag::min",2048,0.25,7.50846e+06
VAR,int64_t,"AnalysisFlag::min",2048,0.25,7.50369e+06
VAR,int64_t,"AnalysisFlag::min",2048,0.25,7.5317e+06
VAR,int64_t,"AnalysisFlag::min",2048,0.25,7.55337e+06
VAR,int64_t,"AnalysisFlag::min",2048,0.25,7.516e+06
VAR,int64_t,"AnalysisFlag::min",4096,0.25,3.04205e+07
VAR,int64_t,"AnalysisFlag::min",4096,0.25,3.02874e+07
VAR,int64_t,"AnalysisFlag::min",4096,0.25,3.05519e+07
VAR,int64_t,"AnalysisFlag::min",4096,0.25,3.04065e+07
VAR,int64_t,"AnalysisFlag::min",4096,0.25,3.04218e+07
VAR,int64_t,"AnalysisFlag::min",4096,0.25,3.05469e+07
VAR,int64_t,"AnalysisFlag::min",4096,0.25,3.03852e+07
VAR,int64_t,"AnalysisFlag::min",4096,0.25,3.04415e+07
VAR,int64_t,"AnalysisFlag::min",4096,0.25,3.04228e+07
VAR,int64_t,"AnalysisFlag::min",4096,0.25,3.04936e+07
VAR,double,"AnalysisFlag::min",1024,1,1.82458e+06
VAR,double,"AnalysisFlag::min",1024,1,1.68654e+06
VAR,double,"AnalysisFlag::min",1024,1,1.62883e+06
VAR,double,"AnalysisFlag::min",1024,1,1.61024e+06
VAR,double,"AnalysisFlag::min",1024,1,1.682e+06
VAR,double,"AnalysisFlag::min",1024,1,1.66897e+06
VAR,double,"AnalysisFlag::min",1024,1,1.6745e+06
VAR,double,"AnalysisFlag::min",1024,1,1.73195e+06
VAR,double,"AnalysisFlag::min",1024,1,1.71428e+06
VAR,double,"AnalysisFlag::min",1024,1,1.70355e+06
VAR,double,"AnalysisFlag::min",2048,1,7.36864e+06
VAR,double,"AnalysisFlag::min",2048,1,7.2358e+06
VAR,double,"AnalysisFlag::min",2048,1,7.208e+06
VAR,double,"AnalysisFlag::min",2048,1,7.23512e+06
VAR,double,"AnalysisFlag::min",2048,1,7.22421e+06
VAR,double,"AnalysisFlag::min",2048,1,7.25872e+06
VAR,double,"AnalysisFlag::min",2048,1,7.22218e+06
VAR,double,"AnalysisFlag::min",2048,1,7.24249e+06
VAR,double,"AnalysisFlag::min",2048,1,7.23838e+06
VAR,double,"AnalysisFlag::min",2048,1,7.23842e+06
VAR,double,"AnalysisFlag::min",4096,1,2.99353e+07
VAR,double,"AnalysisFlag::min",4096,1,2.99207e+07
VAR,double,"AnalysisFlag::min",4096,1,2.99154e+07
VAR,double,"AnalysisFlag::min",4096,1,2.99484e+07
VAR,double,"AnalysisFlag::min",4096,1,2.99029e+07
VAR,double,"AnalysisFlag::min",4096,1,2.99189e+07
VAR,double,"AnalysisFlag::min",4096,1,2.99364e+07
VAR,double,"AnalysisFlag::min",4096,1,2.99164e+07
VAR,double,"AnalysisFlag::min",4096,1,2.9934e+07
VAR,double,"AnalysisFlag::min",4096,1,2.993e+07
VAR,int64_t,"AnalysisFlag::min",1024,1,1.92042e+06
VAR,int64_t,"AnalysisFlag::min",1024,1,1.75358e+06
VAR,int64_t,"AnalysisFlag::min",1024,1,1.70895e+06
VAR,int64_t,"AnalysisFlag::min",1024,1,1.71572e+06
VAR,int64_t,"AnalysisFlag::min",1024,1,1.71214e+06
VAR,int64_t,"AnalysisFlag::min",1024,1,1.7112e+06
VAR,int64_t,"AnalysisFlag::min",1024,1,1.71137e+06
VAR,int64_t,"AnalysisFlag::min",1024,1,1.69208e+06
VAR,int64_t,"AnalysisFlag::min",1024,1,1.73428e+06
VAR,int64_t,"AnalysisFlag::min",1024,1,1.70929e+06
VAR,int64_t,"AnalysisFlag::min",2048,1,7.60558e+06
VAR,int64_t,"AnalysisFlag::min",2048,1,7.53674e+06
VAR,int64_t,"AnalysisFlag::min",2048,1,7.50909e+06
VAR,int64_t,"AnalysisFlag::min",2048,1,7.52247e+06
VAR,int64_t,"AnalysisFlag::min",2048,1,7.53868e+06
VAR,int64_t,"AnalysisFlag::min",2048,1,7.50054e+06
VAR,int64_t,"AnalysisFlag::min",2048,1,7.51882e+06
VAR,int64_t,"AnalysisFlag::min",2048,1,7.52977e+06
VAR,int64_t,"AnalysisFlag::min",2048,1,7.51025e+06
VAR,int64_t,"AnalysisFlag::min",2048,1,7.54148e+06
VAR,int64_t,"AnalysisFlag::min",4096,1,3.04408e+07
VAR,int64_t,"AnalysisFlag::min",4096,1,3.05914e+07
VAR,int64_t,"AnalysisFlag::min",4096,1,3.04652e+07
VAR,int64_t,"AnalysisFlag::min",4096,1,3.04172e+07
VAR,int64_t,"AnalysisFlag::min",4096,1,3.04516e+07
VAR,int64_t,"AnalysisFlag::min",4096,1,3.05678e+07
VAR,int64_t,"AnalysisFlag::min",4096,1,3.05065e+07
VAR,int64_t,"AnalysisFlag::min",4096,1,3.04198e+07
VAR,int64_t,"AnalysisFlag::min",4096,1,3.04159e+07
VAR,int64_t,"AnalysisFlag::min",4096,1,3.04005e+07
IDXMIN,double,"AnalysisFlag::min",1024,0.25,503316
IDXMIN,double,"AnalysisFlag::min",1024,0.25,469984
IDXMIN,double,"AnalysisFlag::min",1024,0.25,472967
IDXMIN,double,"AnalysisFlag::min",1024,0.25,472079
IDXMIN,double,"AnalysisFlag::min",1024,0.25,471754
IDXMIN,double,"AnalysisFlag::min",1024,0.25,472332
IDXMIN,double,"AnalysisFlag::min",1024,0.25,469764
IDXMIN,double,"AnalysisFlag::min",1024,0.25,472712
IDXMIN,double,"AnalysisFlag::min",1024,0.25,471064
IDXMIN,double,"AnalysisFlag::min",1024,0.25,470959
IDXMIN,double,"AnalysisFlag::min",2048,0.25,2.29938e+06
IDXMIN,double,"AnalysisFlag::min",2048,0.25,2.29668e+06
IDXMIN,double,"AnalysisFlag::min",2048,0.25,2.19381e+06
IDXMIN,double,"AnalysisFlag::min",2048,0.25,2.21554e+06
IDXMIN,double,"AnalysisFlag::min",2048,0.25,2.25177e+06
IDXMIN,double,"AnalysisFlag::min",2048,0.25,2.2147e+06
IDXMIN,double,"AnalysisFlag::min",2048,0.25,2.20979e+06
IDXMIN,double,"AnalysisFlag::min",2048,0.25,2.27872e+06
IDXMIN,double,"AnalysisFlag::min",2048,0.25,2.2407e+06
IDXMIN,double,"AnalysisFlag::min",2048,0.25,2.26374e+06
IDXMIN,double,"AnalysisFlag::min",4096,0.25,9.36835e+06
IDXMIN,double,"AnalysisFlag::min",4096,0.25,9.36731e+06
IDXMIN,double,"AnalysisFlag::min",4096,0.25,9.3659e+06
IDXMIN,double,"AnalysisFlag::min",4096,0.25,9.37106e+06
IDXMIN,double,"AnalysisFlag::min",4096,0.25,9.36113e+06
IDXMIN,double,"AnalysisFlag::min",4096,0.25,9.37514e+06
IDXMIN,double,"AnalysisFlag::min",4096,0.25,9.34987e+06
IDXMIN,double,"AnalysisFlag::min",4096,0.25,9.37613e+06
IDXMIN,double,"AnalysisFlag::min",4096,0.25,9.36627e+06
IDXMIN,double,"AnalysisFlag::min",4096,0.25,9.32492e+06
IDXMIN,int64_t,"AnalysisFlag::min",1024,0.25,384130
IDXMIN,int64_t,"AnalysisFlag::min",1024,0.25,346444
IDXMIN,int64_t,"AnalysisFlag::min",1024,0.25,344572
IDXMIN,int64_t,"AnalysisFlag::min",1024,0.25,363538
IDXMIN,int64_t,"AnalysisFlag::min",1024,0.25,371183
IDXMIN,int64_t,"AnalysisFlag::min",1024,0.25,353666
IDXMIN,int64_t,"AnalysisFlag::min",1024,0.25,345088
IDXMIN,int64_t,"AnalysisFlag::min",1024,0.25,345800
IDXMIN,int64_t,"AnalysisFlag::min",1024,0.25,347103
IDXMIN,int64_t,"AnalysisFlag::min",1024,0.25,347549
IDXMIN,int64_t,"AnalysisFlag::min",2048,0.25,2.01594e+06
IDXMIN,int64_t,"AnalysisFlag::min",2048,0.25,1.9486e+06
IDXMIN,int64_t,"AnalysisFlag::min",2048,0.25,1.98136e+06
IDXMIN,int64_t,"AnalysisFlag::min",2048,0.25,2.0937e+06
IDXMIN,int64_t,"AnalysisFlag::min",2048,0.25,1.93804e+06
IDXMIN,int64_t,"AnalysisFlag::min",2048,0.25,2.14443e+06
IDXMIN,int64_t,"AnalysisFlag::min",2048,0.25,2.13969e+06
IDXMIN,int64_t,"AnalysisFlag::min",2048,0.25,2.01637e+06
IDXMIN,int64_t,"AnalysisFlag::min",2048,0.25,1.97577e+06
IDXMIN,int64_t,"AnalysisFlag::min",2048,0.25,2.08959e+06
IDXMIN,int64_t,"AnalysisFlag::min",4096,0.25,9.00563e+06
IDXMIN,int64_t,"AnalysisFlag::min",4096,0.25,9.03441e+06
IDXMIN,int64_t,"AnalysisFlag::min",4096,0.25,9.02959e+06
IDXMIN,int64_t,"AnalysisFlag::min",4096,0.25,9.09916e+06
IDXMIN,int64_t,"AnalysisFlag::min",4096,0.25,9.05275e+06
IDXMIN,int64_t,"AnalysisFlag::min",4096,0.25,9.05879e+06
IDXMIN,int64_t,"AnalysisFlag::min",4096,0.25,9.03628e+06
IDXMIN,int64_t,"AnalysisFlag::min",4096,0.25,9.03654e+06
IDXMIN,int64_t,"AnalysisFlag::min",4096,0.25,9.0306e+06
IDXMIN,int64_t,"AnalysisFlag::min",4096,0.25,9.03192e+06
IDXMIN,double,"AnalysisFlag::min",1024,1,621415
IDXMIN,double,"AnalysisFlag::min",1024,1,538431
IDXMIN,double,"AnalysisFlag::min",1024,1,509693
IDXMIN,double,"AnalysisFlag::min",1024,1,491056
IDXMIN,double,"AnalysisFlag::min",1024,1,503358
IDXMIN,double,"AnalysisFlag::min",1024,1,494463
IDXMIN,double,"AnalysisFlag::min",1024,1,490751
IDXMIN,double,"AnalysisFlag::min",1024,1,493050
IDXMIN,double,"AnalysisFlag::min",1024,1,504205
IDXMIN,double,"AnalysisFlag::min",1024,1,495359
IDXMIN,double,"AnalysisFlag::min",2048,1,2.3818e+06
IDXMIN,double,"AnalysisFlag::min",2048,1,2.37203e+06
IDXMIN,double,"AnalysisFlag::min",2048,1,2.35703e+06
IDXMIN,double,"AnalysisFlag::min",2048,1,2.36128e+06
IDXMIN,double,"AnalysisFlag::min",2048,1,2.36237e+06
IDXMIN,double,"AnalysisFlag::min",2048,1,2.37785e+06
IDXMIN,double,"AnalysisFlag::min",2048,1,2.385e+06
IDXMIN,double,"AnalysisFlag::min",2048,1,2.30308e+06
IDXMIN,double,"AnalysisFlag::min",2048,1,2.36385e+06
IDXMIN,double,"AnalysisFlag::min",2048,1,2.33345e+06
IDXMIN,double,"AnalysisFlag::min",4096,1,9.62091e+06
IDXMIN,double,"AnalysisFlag::min",4096,1,9.56285e+06
IDXMIN,double,"AnalysisFlag::min",4096,1,9.56523e+06
IDXMIN,double,"AnalysisFlag::min",4096,1,9.58607e+06
IDXMIN,double,"AnalysisFlag::min",4096,1,9.55035e+06
IDXMIN,double,"AnalysisFlag::min",4096,1,9.52017e+06
IDXMIN,double,"AnalysisFlag::min",4096,1,9.54059e+06
IDXMIN,double,"AnalysisFlag::min",4096,1,9.53452e+06
IDXMIN,double,"AnalysisFlag::min",4096,1,9.57381e+06
IDXMIN,double,"AnalysisFlag::min",4096,1,9.56616e+06
IDXMIN,int64_t,"AnalysisFlag::min",1024,1,543743
IDXMIN,int64_t,"AnalysisFlag::min",1024,1,381816
IDXMIN,int64_t,"AnalysisFlag::min",1024,1,350133
IDXMIN,int64_t,"AnalysisFlag::min",1024,1,355354
IDXMIN,int64_t,"AnalysisFlag::min",1024,1,349634
IDXMIN,int64_t,"AnalysisFlag::min",1024,1,349830
IDXMIN,int64_t,"AnalysisFlag::min",1024,1,350059
IDXMIN,int64_t,"AnalysisFlag::min",1024,1,350147
IDXMIN,int64_t,"AnalysisFlag::min",1024,1,354065
IDXMIN,int64_t,"AnalysisFlag::min",1024,1,355616
IDXMIN,int64_t,"AnalysisFlag::min",2048,1,2.12446e+06
IDXMIN,int64_t,"AnalysisFlag::min",2048,1,2.16688e+06
IDXMIN,int64_t,"AnalysisFlag::min",2048,1,2.19246e+06
IDXMIN,int64_t,"AnalysisFlag::min",2048,1,2.20014e+06
IDXMIN,int64_t,"AnalysisFlag::min",2048,1,2.21367e+06
IDXMIN,int64_t,"AnalysisFlag::min",2048,1,2.198e+06
IDXMIN,int64_t,"AnalysisFlag::min",2048,1,2.20832e+06
IDXMIN,int64_t,"AnalysisFlag::min",2048,1,2.18997e+06
IDXMIN,int64_t,"AnalysisFlag::min",2048,1,2.1861e+06
IDXMIN,int64_t,"AnalysisFlag::min",2048,1,2.19019e+06
IDXMIN,int64_t,"AnalysisFlag::min",4096,1,9.05124e+06
IDXMIN,int64_t,"AnalysisFlag::min",4096,1,9.05833e+06
IDXMIN,int64_t,"AnalysisFlag::min",4096,1,9.04861e+06
IDXMIN,int64_t,"AnalysisFlag::min",4096,1,9.07833e+06
IDXMIN,int64_t,"AnalysisFlag::min",4096,1,9.04584e+06
IDXMIN,int64_t,"AnalysisFlag::min",4096,1,9.0782e+06
IDXMIN,int64_t,"AnalysisFlag::min",4096,1,9.05938e+06
IDXMIN,int64_t,"AnalysisFlag::min",4096,1,9.04987e+06
IDXMIN,int64_t,"AnalysisFlag::min",4096,1,9.02909e+06
IDXMIN,int64_t,"AnalysisFlag::min",4096,1,9.06013e+06
IDXMAX,double,"AnalysisFlag::min",1024,0.25,488754
IDXMAX,double,"AnalysisFlag::min",1024,0.25,465145
IDXMAX,double,"AnalysisFlag::min",1024,0.25,463185
IDXMAX,double,"AnalysisFlag::min",1024,0.25,466278
IDXMAX,double,"AnalysisFlag::min",1024,0.25,462061
IDXMAX,double,"AnalysisFlag::min",1024,0.25,466397
IDXMAX,double,"AnalysisFlag::min",1024,0.25,462332
IDXMAX,double,"AnalysisFlag::min",1024,0.25,468082
IDXMAX,double,"AnalysisFlag::min",1024,0.25,462611
IDXMAX,double,"AnalysisFlag::min",1024,0.25,465943
IDXMAX,double,"AnalysisFlag::min",2048,0.25,2.23883e+06
IDXMAX,double,"AnalysisFlag::min",2048,0.25,2.2676e+06
IDXMAX,double,"AnalysisFlag::min",2048,0.25,2.17841e+06
IDXMAX,double,"AnalysisFlag::min",2048,0.25,2.17943e+06
IDXMAX,double,"AnalysisFlag::min",2048,0.25,2.19637e+06
IDXMAX,double,"AnalysisFlag::min",2048,0.25,2.2111e+06
IDXMAX,double,"AnalysisFlag::min",2048,0.25,2.19214e+06
IDXMAX,double,"AnalysisFlag::min",2048,0.25,2.18817e+06
IDXMAX,double,"AnalysisFlag::min",2048,0.25,2.16801e+06
IDXMAX,double,"AnalysisFlag::min",2048,0.25,2.19945e+06
IDXMAX,double,"AnalysisFlag::min",4096,0.25,9.32224e+06
IDXMAX,double,"AnalysisFlag::min",4096,0.25,9.31924e+06
IDXMAX,double,"AnalysisFlag::min",4096,0.25,9.3156e+06
IDXMAX,double,"AnalysisFlag::min",4096,0.25,9.33112e+06
IDXMAX,double,"AnalysisFlag::min",4096,0.25,9.33783e+06
IDXMAX,double,"AnalysisFlag::min",4096,0.25,9.32576e+06
IDXMAX,double,"AnalysisFlag::min",4096,0.25,9.32996e+06
IDXMAX,double,"AnalysisFlag::min",4096,0.25,9.3733e+06
IDXMAX,double,"AnalysisFlag::min",4096,0.25,9.33208e+06
IDXMAX,double,"AnalysisFlag::min",4096,0.25,9.32714e+06
IDXMAX,int64_t,"AnalysisFlag::min",1024,0.25,378589
IDXMAX,int64_t,"AnalysisFlag::min",1024,0.25,345300
IDXMAX,int64_t,"AnalysisFlag::min",1024,0.25,342296
IDXMAX,int64_t,"AnalysisFlag::min",1024,0.25,346815
IDXMAX,int64_t,"AnalysisFlag::min",1024,0.25,343075
IDXMAX,int64_t,"AnalysisFlag::min",1024,0.25,344050
IDXMAX,int64_t,"AnalysisFlag::min",1024,0.25,342921
IDXMAX,int64_t,"AnalysisFlag::min",1024,0.25,345352
IDXMAX,int64_t,"AnalysisFlag::min",1024,0.25,344906
IDXMAX,int64_t,"AnalysisFlag::min",1024,0.25,343831
IDXMAX,int64_t,"AnalysisFlag::min",2048,0.25,1.98166e+06
IDXMAX,int64_t,"AnalysisFlag::min",2048,0.25,2.1353e+06
IDXMAX,int64_t,"AnalysisFlag::min",2048,0.25,1.91212e+06
IDXMAX,int64_t,"AnalysisFlag::min",2048,0.25,1.92693e+06
IDXMAX,int64_t,"AnalysisFlag::min",2048,0.25,1.92438e+06
IDXMAX,int64_t,"AnalysisFlag::min",2048,0.25,1.93538e+06
IDXMAX,int64_t,"AnalysisFlag::min",2048,0.25,1.91205e+06
IDXMAX,int64_t,"AnalysisFlag::min",2048,0.25,2.12052e+06
IDXMAX,int64_t,"AnalysisFlag::min",2048,0.25,1.91724e+06
IDXMAX,int64_t,"AnalysisFlag::min",2048,0.25,1.91359e+06
IDXMAX,int64_t,"AnalysisFlag::min",4096,0.25,9.01693e+06
IDXMAX,int64_t,"AnalysisFlag::min",4096,0.25,9.0175e+06
IDXMAX,int64_t,"AnalysisFlag::min",4096,0.25,9.01317e+06
IDXMAX,int64_t,"AnalysisFlag::min",4096,0.25,9.01657e+06
IDXMAX,int64_t,"AnalysisFlag::min",4096,0.25,9.02009e+06
IDXMAX,int64_t,"AnalysisFlag::min",4096,0.25,9.0224e+06
IDXMAX,int64_t,"AnalysisFlag::min",4096,0.25,9.03094e+06
IDXMAX,int64_t,"AnalysisFlag::min",4096,0.25,9.05167e+06
IDXMAX,int64_t,"AnalysisFlag::min",4096,0.25,9.03475e+06
IDXMAX,int64_t,"AnalysisFlag::min",4096,0.25,9.01548e+06
IDXMAX,double,"AnalysisFlag::min",1024,1,616234
IDXMAX,double,"AnalysisFlag::min",1024,1,514672
IDXMAX,double,"AnalysisFlag::min",1024,1,498026
IDXMAX,double,"AnalysisFlag::min",1024,1,516151
IDXMAX,double,"AnalysisFlag::min",1024,1,518963
IDXMAX,double,"AnalysisFlag::min",1024,1,519951
IDXMAX,double,"AnalysisFlag::min",1024,1,525744
IDXMAX,double,"AnalysisFlag::min",1024,1,516546
IDXMAX,double,"AnalysisFlag::min",1024,1,516697
IDXMAX,double,"AnalysisFlag::min",1024,1,510417
IDXMAX,double,"AnalysisFlag::min",2048,1,2.36958e+06
IDXMAX,double,"AnalysisFlag::min",2048,1,2.36505e+06
IDXMAX,double,"AnalysisFlag::min",2048,1,2.37047e+06
IDXMAX,double,"AnalysisFlag::min",2048,1,2.32261e+06
IDXMAX,double,"AnalysisFlag::min",2048,1,2.37032e+06
IDXMAX,double,"AnalysisFlag::min",2048,1,2.35991e+06
IDXMAX,double,"AnalysisFlag::min",2048,1,2.36143e+06
IDXMAX,double,"AnalysisFlag::min",2048,1,2.37278e+06
IDXMAX,double,"AnalysisFlag::min",2048,1,2.3757e+06
IDXMAX,double,"AnalysisFlag::min",2048,1,2.35188e+06
IDXMAX,double,"AnalysisFlag::min",4096,1,9.52638e+06
IDXMAX,double,"AnalysisFlag::min",4096,1,9.50478e+06
IDXMAX,double,"AnalysisFlag::min",4096,1,9.6073e+06
IDXMAX,double,"AnalysisFlag::min",4096,1,9.54666e+06
IDXMAX,double,"AnalysisFlag::min",4096,1,9.61007e+06
IDXMAX,double,"AnalysisFlag::min",4096,1,9.59365e+06
IDXMAX,double,"AnalysisFlag::min",4096,1,9.5958e+06
IDXMAX,double,"AnalysisFlag::min",4096,1,9.64406e+06
IDXMAX,double,"AnalysisFlag::min",4096,1,9.5158e+06
IDXMAX,double,"AnalysisFlag::min",4096,1,9.64484e+06
IDXMAX,int64_t,"AnalysisFlag::min",1024,1,548911
IDXMAX,int64_t,"AnalysisFlag::min",1024,1,371636
IDXMAX,int64_t,"AnalysisFlag::min",1024,1,353951
IDXMAX,int64_t,"AnalysisFlag::min",1024,1,345967
IDXMAX,int64_t,"AnalysisFlag::min",1024,1,351124
IDXMAX,int64_t,"AnalysisFlag::min",1024,1,350649
IDXMAX,int64_t,"AnalysisFlag::min",1024,1,358108
IDXMAX,int64_t,"AnalysisFlag::min",1024,1,350236
IDXMAX,int64_t,"AnalysisFlag::min",1024,1,346411
IDXMAX,int64_t,"AnalysisFlag::min",1024,1,356709
IDXMAX,int64_t,"AnalysisFlag::min",2048,1,2.16352e+06
IDXMAX,int64_t,"AnalysisFlag::min",2048,1,2.148e+06
IDXMAX,int64_t,"AnalysisFlag::min",2048,1,2.24009e+06
IDXMAX,int64_t,"AnalysisFlag::min",2048,1,2.1921e+06
IDXMAX,int64_t,"AnalysisFlag::min",2048,1,2.16004e+06
IDXMAX,int64_t,"AnalysisFlag::min",2048,1,2.19301e+06
IDXMAX,int64_t,"AnalysisFlag::min",2048,1,2.1816e+06
IDXMAX,int64_t,"AnalysisFlag::min",2048,1,2.17862e+06
IDXMAX,int64_t,"AnalysisFlag::min",2048,1,2.16717e+06
IDXMAX,int64_t,"AnalysisFlag::min",2048,1,2.17829e+06
IDXMAX,int64_t,"AnalysisFlag::min",4096,1,9.03401e+06
IDXMAX,int64_t,"AnalysisFlag::min",4096,1,9.06722e+06
IDXMAX,int64_t,"AnalysisFlag::min",4096,1,9.03269e+06
IDXMAX,int64_t,"AnalysisFlag::min",4096,1,9.08173e+06
IDXMAX,int64_t,"AnalysisFlag::min",4096,1,9.05121e+06
IDXMAX,int64_t,"AnalysisFlag::min",4096,1,9.10462e+06
IDXMAX,int64_t,"AnalysisFlag::min",4096,1,9.06277e+06
IDXMAX,int64_t,"AnalysisFlag::min",4096,1,9.06292e+06
IDXMAX,int64_t,"AnalysisFlag::min",4096,1,9.07069e+06
IDXMAX,int64_t,"AnalysisFlag::min",4096,1,9.04832e+06
SUM,double,"AnalysisFlag::min, AnalysisFlag::max",1024,0.001,6194
SUM,double,"AnalysisFlag::min, AnalysisFlag::max",1024,0.001,4554
SUM,double,"AnalysisFlag::min, AnalysisFlag::max",1024,0.001,4176
SUM,double,"AnalysisFlag::min, AnalysisFlag::max",1024,0.001,4173
SUM,double,"AnalysisFlag::min, AnalysisFlag::max",1024,0.001,4102
SUM,double,"AnalysisFlag::min, AnalysisFlag::max",1024,0.001,4150
SUM,double,"AnalysisFlag::min, AnalysisFlag::max",1024,0.001,4272
SUM,double,"AnalysisFlag::min, AnalysisFlag::max",1024,0.001,4111
SUM,double,"AnalysisFlag::min, AnalysisFlag::max",1024,0.001,4115
SUM,double,"AnalysisFlag::min, AnalysisFlag::max",1024,0.001,4136
SUM,double,"AnalysisFlag::min, AnalysisFlag::max",2048,0.001,11282
SUM,double,"AnalysisFlag::min, AnalysisFlag::max",2048,0.001,11070
SUM,double,"AnalysisFlag::min, AnalysisFlag::max",2048,0.001,11173
SUM,double,"AnalysisFlag::min, AnalysisFlag::max",2048,0.001,11033
SUM,double,"AnalysisFlag::min, AnalysisFlag::max",2048,0.001,11015
SUM,double,"AnalysisFlag::min, AnalysisFlag::max",2048,0.001,11315
SUM,double,"AnalysisFlag::min, AnalysisFlag::max",2048,0.001,11757
SUM,double,"AnalysisFlag::min, AnalysisFlag::max",2048,0.001,11227
SUM,double,"AnalysisFlag::min, AnalysisFlag::max",2048,0.001,11043
SUM,double,"AnalysisFlag::min, AnalysisFlag::max",2048,0.001,11096
SUM,double,"AnalysisFlag::min, AnalysisFlag::max",4096,0.001,33066
SUM,double,"AnalysisFlag::min, AnalysisFlag::max",4096,0.001,32105
SUM,double,"AnalysisFlag::min, AnalysisFlag::max",4096,0.001,34918
SUM,double,"AnalysisFlag::min, AnalysisFlag::max",4096,0.001,37091
SUM,double,"AnalysisFlag::min, AnalysisFlag::max",4096,0.001,33366
SUM,double,"AnalysisFlag::min, AnalysisFlag::max",4096,0.001,32063
SUM,double,"AnalysisFlag::min, AnalysisFlag::max",4096,0.001,32042
SUM,double,"AnalysisFlag::min, AnalysisFlag::max",4096,0.001,31971
SUM,double,"AnalysisFlag::min, AnalysisFlag::max",4096,0.001,34917
SUM,double,"AnalysisFlag::min, AnalysisFlag::max",4096,0.001,32421
SUM,int64_t,"AnalysisFlag::min, AnalysisFlag::max",1024,0.001,3694
SUM,int64_t,"AnalysisFlag::min, AnalysisFlag::max",1024,0.001,2187
SUM,int64_t,"AnalysisFlag::min, AnalysisFlag::max",1024,0.001,2200
SUM,int64_t,"AnalysisFlag::min, AnalysisFlag::max",1024,0.001,2185
SUM,int64_t,"AnalysisFlag::min, AnalysisFlag::max",1024,0.001,2146
SUM,int64_t,"AnalysisFlag::min, AnalysisFlag::max",1024,0.001,2152
SUM,int64_t,"AnalysisFlag::min, AnalysisFlag::max",1024,0.001,2286
SUM,int64_t,"AnalysisFlag::min, AnalysisFlag::max",1024,0.001,2218
SUM,int64_t,"AnalysisFlag::min, AnalysisFlag::max",1024,0.001,2152
SUM,int64_t,"AnalysisFlag::min, AnalysisFlag::max",1024,0.001,2121
SUM,int64_t,"AnalysisFlag::min, AnalysisFlag::max",2048,0.001,6800
SUM,int64_t,"AnalysisFlag::min, AnalysisFlag::max",2048,0.001,6766
SUM,int64_t,"AnalysisFlag::min, AnalysisFlag::max",2048,0.001,6778
SUM,int64_t,"AnalysisFlag::min, AnalysisFlag::max",2048,0.001,6858
SUM,int64_t,"AnalysisFlag::min, AnalysisFlag::max",2048,0.001,6920
SUM,int64_t,"AnalysisFlag::min, AnalysisFlag::max",2048,0.001,6880
SUM,int64_t,"AnalysisFlag::min, AnalysisFlag::max",2048,0.001,6856
SUM,int64_t,"AnalysisFlag::min, AnalysisFlag::max",2048,0.001,6897
SUM,int64_t,"AnalysisFlag::min, AnalysisFlag::max",2048,0.001,6793
SUM,int64_t,"AnalysisFlag::min, AnalysisFlag::max",2048,0.001,6848
SUM,int64_t,"AnalysisFlag::min, AnalysisFlag::max",4096,0.001,24015
SUM,int64_t,"AnalysisFlag::min, AnalysisFlag::max",4096,0.001,24010
SUM,int64_t,"AnalysisFlag::min, AnalysisFlag::max",4096,0.001,24063
SUM,int64_t,"AnalysisFlag::min, AnalysisFlag::max",4096,0.001,19995
SUM,int64_t,"AnalysisFlag::min, AnalysisFlag::max",4096,0.001,24010
SUM,int64_t,"AnalysisFlag::min, AnalysisFlag::max",4096,0.001,19915
SUM,int64_t,"AnalysisFlag::min, AnalysisFlag::max",4096,0.001,24119
SUM,int64_t,"AnalysisFlag::min, AnalysisFlag::max",4096,0.001,24055
SUM,int64_t,"AnalysisFlag::min, AnalysisFlag::max",4096,0.001,21766
SUM,int64_t,"AnalysisFlag::min, AnalysisFlag::max",4096,0.001,23992
SUM,double,"AnalysisFlag::min, AnalysisFlag::max",1024,0.01,16595
SUM,double,"AnalysisFlag::min, AnalysisFlag::max",1024,0.01,16148
SUM,double,"AnalysisFlag::min, AnalysisFlag::max",1024,0.01,17749
SUM,double,"AnalysisFlag::min, AnalysisFlag::max",1024,0.01,17929
SUM,double,"AnalysisFlag::min, AnalysisFlag::max",1024,0.01,17837
SUM,double,"AnalysisFlag::min, AnalysisFlag::max",1024,0.01,17774
SUM,double,"AnalysisFlag::min, AnalysisFlag::max",1024,0.01,17738
SUM,double,"AnalysisFlag::min, AnalysisFlag::max",1024,0.01,17715
SUM,double,"AnalysisFlag::min, AnalysisFlag::max",1024,0.01,16459
SUM,double,"AnalysisFlag::min, AnalysisFlag::max",1024,0.01,16209
SUM,double,"AnalysisFlag::min, AnalysisFlag::max",2048,0.01,60897
SUM,double,"AnalysisFlag::min, AnalysisFlag::max",2048,0.01,60604
SUM,double,"AnalysisFlag::min, AnalysisFlag::max",2048,0.01,66441
SUM,double,"AnalysisFlag::min, AnalysisFlag::max",2048,0.01,59374
SUM,double,"AnalysisFlag::min, AnalysisFlag::max",2048,0.01,58674
SUM,double,"AnalysisFlag::min, AnalysisFlag::max",2048,0.01,59235
SUM,double,"AnalysisFlag::min, AnalysisFlag::max",2048,0.01,65148
SUM,double,"AnalysisFlag::min, AnalysisFlag::max",2048,0.01,64486
SUM,double,"AnalysisFlag::min, AnalysisFlag::max",2048,0.01,65163
SUM,double,"AnalysisFlag::min, AnalysisFlag::max",2048,0.01,60790
SUM,double,"AnalysisFlag::min, AnalysisFlag::max",4096,0.01,259973
SUM,double,"AnalysisFlag::min, AnalysisFlag::max",4096,0.01,247064
SUM,double,"AnalysisFlag::min, AnalysisFlag::max",4096,0.01,241448
SUM,double,"AnalysisFlag::min, AnalysisFlag::max",4096,0.01,252776
SUM,double,"AnalysisFlag::min, AnalysisFlag::max",4096,0.01,243831
SUM,double,"AnalysisFlag::min, AnalysisFlag::max",4096,0.01,230529
SUM,double,"AnalysisFlag::min, AnalysisFlag::max",4096,0.01,279818
SUM,double,"AnalysisFlag::min, AnalysisFlag::max",4096,0.01,231869
SUM,double,"AnalysisFlag::min, AnalysisFlag::max",4096,0.01,228883
SUM,double,"AnalysisFlag::min, AnalysisFlag::max",4096,0.01,225978
SUM,int64_t,"AnalysisFlag::min, AnalysisFlag::max",1024,0.01,12507
SUM,int64_t,"AnalysisFlag::min, AnalysisFlag::max",1024,0.01,14445
SUM,int64_t,"AnalysisFlag::min, AnalysisFlag::max",1024,0.01,14357
SUM,int64_t,"AnalysisFlag::min, AnalysisFlag::max",1024,0.01,14287
SUM,int64_t,"AnalysisFlag::min, AnalysisFlag::max",1024,0.01,14273
SUM,int64_t,"AnalysisFlag::min, AnalysisFlag::max",1024,0.01,14184
SUM,int64_t,"AnalysisFlag::min, AnalysisFlag::max",1024,0.01,14294
SUM,int64_t,"AnalysisFlag::min, AnalysisFlag::max",1024,0.01,14240
SUM,int64_t,"AnalysisFlag::min, AnalysisFlag::max",1024,0.01,13973
SUM,int64_t,"AnalysisFlag::min, AnalysisFlag::max",1024,0.01,14266
SUM,int64_t,"AnalysisFlag::min, AnalysisFlag::max",2048,0.01,44433
SUM,int64_t,"AnalysisFlag::min, AnalysisFlag::max",2048,0.01,44439
SUM,int64_t,"AnalysisFlag::min, AnalysisFlag::max",2048,0.01,54860
SUM,int64_t,"AnalysisFlag::min, AnalysisFlag::max",2048,0.01,44340
SUM,int64_t,"AnalysisFlag::min, AnalysisFlag::max",2048,0.01,54574
SUM,int64_t,"AnalysisFlag::min, AnalysisFlag::max",2048,0.01,44260
SUM,int64_t,"AnalysisFlag::min, AnalysisFlag::max",2048,0.01,54730
SUM,int64_t,"AnalysisFlag::min, AnalysisFlag::max",2048,0.01,54807
SUM,int64_t,"AnalysisFlag::min, AnalysisFlag::max",2048,0.01,54777
SUM,int64_t,"AnalysisFlag::min, AnalysisFlag::max",2048,0.01,44268
SUM,int64_t,"AnalysisFlag::min, AnalysisFlag::max",4096,0.01,229926
SUM,int64_t,"AnalysisFlag::min, AnalysisFlag::max",4096,0.01,215072
SUM,int64_t,"AnalysisFlag::min, AnalysisFlag::max",4096,0.01,232917
SUM,int64_t,"AnalysisFlag::min, AnalysisFlag::max",4096,0.01,256111
SUM,int64_t,"AnalysisFlag::min, AnalysisFlag::max",4096,0.01,228239
SUM,int64_t,"AnalysisFlag::min, AnalysisFlag::max",4096,0.01,232712
SUM,int64_t,"AnalysisFlag::min, AnalysisFlag::max",4096,0.01,248637
SUM,int64_t,"AnalysisFlag::min, AnalysisFlag::max",4096,0.01,242309
SUM,int64_t,"AnalysisFlag::min, AnalysisFlag::max",4096,0.01,260903
SUM,int64_t,"AnalysisFlag::min, AnalysisFlag::max",4096,0.01,216688
SUM,double,"AnalysisFlag::min, AnalysisFlag::max",1024,0.05,75784
SUM,double,"AnalysisFlag::min, AnalysisFlag::max",1024,0.05,74766
SUM,double,"AnalysisFlag::min, AnalysisFlag::max",1024,0.05,85057
SUM,double,"AnalysisFlag::min, AnalysisFlag::max",1024,0.05,84936
SUM,double,"AnalysisFlag::min, AnalysisFlag::max",1024,0.05,94307
SUM,double,"AnalysisFlag::min, AnalysisFlag::max",1024,0.05,69373
SUM,double,"AnalysisFlag::min, AnalysisFlag::max",1024,0.05,76656
SUM,double,"AnalysisFlag::min, AnalysisFlag::max",1024,0.05,70971
SUM,double,"AnalysisFlag::min, AnalysisFlag::max",1024,0.05,69551
SUM,double,"AnalysisFlag::min, AnalysisFlag::max",1024,0.05,72477
SUM,double,"AnalysisFlag::min, AnalysisFlag::max",2048,0.05,318293
SUM,double,"AnalysisFlag::min, AnalysisFlag::max",2048,0.05,311391
SUM,double,"AnalysisFlag::min, AnalysisFlag::max",2048,0.05,272558
SUM,double,"AnalysisFlag::min, AnalysisFlag::max",2048,0.05,317776
SUM,double,"AnalysisFlag::min, AnalysisFlag::max",2048,0.05,292307
SUM,double,"AnalysisFlag::min, AnalysisFlag::max",2048,0.05,320502
SUM,double,"AnalysisFlag::min, AnalysisFlag::max",2048,0.05,270802
SUM,double,"AnalysisFlag::min, AnalysisFlag::max",2048,0.05,298241
SUM,double,"AnalysisFlag::min, AnalysisFlag::max",2048,0.05,315618
SUM,double,"AnalysisFlag::min, AnalysisFlag::max",2048,0.05,273734
SUM,double,"AnalysisFlag::min, AnalysisFlag::max",4096,0.05,1.14385e+06
SUM,double,"AnalysisFlag::min, AnalysisFlag::max",4096,0.05,1.10635e+06
SUM,double,"AnalysisFlag::min, AnalysisFlag::max",4096,0.05,1.10547e+06
SUM,double,"AnalysisFlag::min, AnalysisFlag::max",4096,0.05,1.12578e+06
SUM,double,"AnalysisFlag::min, AnalysisFlag::max",4096,0.05,1.11763e+06
SUM,double,"AnalysisFlag::min, AnalysisFlag::max",4096,0.05,1.09933e+06
SUM,double,"AnalysisFlag::min, AnalysisFlag::max",4096,0.05,1.11256e+06
SUM,double,"AnalysisFlag::min, AnalysisFlag::max",4096,0.05,1.09834e+06
SUM,double,"AnalysisFlag::min, AnalysisFlag::max",4096,0.05,1.11417e+06
SUM,double,"AnalysisFlag::min, AnalysisFlag::max",4096,0.05,1.12184e+06
SUM,int64_t,"AnalysisFlag::min, AnalysisFlag::max",1024,0.05,84093
SUM,int64_t,"AnalysisFlag::min, AnalysisFlag::max",1024,0.05,84459
SUM,int64_t,"AnalysisFlag::min, AnalysisFlag::max",1024,0.05,82496
SUM,int64_t,"AnalysisFlag::min, AnalysisFlag::max",1024,0.05,82445
SUM,int64_t,"AnalysisFlag::min, AnalysisFlag::max",1024,0.05,67588
SUM,int64_t,"AnalysisFlag::min, AnalysisFlag::max",1024,0.05,54809
SUM,int64_t,"AnalysisFlag::min, AnalysisFlag::max",1024,0.05,82030
SUM,int64_t,"AnalysisFlag::min, AnalysisFlag::max",1024,0.05,67610
SUM,int64_t,"AnalysisFlag::min, AnalysisFlag::max",1024,0.05,67590
SUM,int64_t,"AnalysisFlag::min, AnalysisFlag::max",1024,0.05,67731
SUM,int64_t,"AnalysisFlag::min, AnalysisFlag::max",2048,0.05,235779
SUM,int64_t,"AnalysisFlag::min, AnalysisFlag::max",2048,0.05,313330
SUM,int64_t,"AnalysisFlag::min, AnalysisFlag::max",2048,0.05,260841
SUM,int64_t,"AnalysisFlag::min, AnalysisFlag::max",2048,0.05,223766
SUM,int64_t,"AnalysisFlag::min, AnalysisFlag::max",2048,0.05,312289
SUM,int64_t,"AnalysisFlag::min, AnalysisFlag::max",2048,0.05,289008
SUM,int64_t,"AnalysisFlag::min, AnalysisFlag::max",2048,0.05,235423
SUM,int64_t,"AnalysisFlag::min, AnalysisFlag::max",2048,0.05,296744
SUM,int64_t,"AnalysisFlag::min, AnalysisFlag::max",2048,0.05,244084
SUM,int64_t,"AnalysisFlag::min, AnalysisFlag::max",2048,0.05,237567
SUM,int64_t,"AnalysisFlag::min, AnalysisFlag::max",4096,0.05,1.11638e+06
SUM,int64_t,"AnalysisFlag::min, AnalysisFlag::max",4096,0.05,1.0975e+06
SUM,int64_t,"AnalysisFlag::min, AnalysisFlag::max",4096,0.05,1.07596e+06
SUM,int64_t,"AnalysisFlag::min, AnalysisFlag::max",4096,0.05,1.08668e+06
SUM,int64_t,"AnalysisFlag::min, AnalysisFlag::max",4096,0.05,1.06488e+06
SUM,int64_t,"AnalysisFlag::min, AnalysisFlag::max",4096,0.05,1.06505e+06
SUM,int64_t,"AnalysisFlag::min, AnalysisFlag::max",4096,0.05,1.0638e+06
SUM,int64_t,"AnalysisFlag::min, AnalysisFlag::max",4096,0.05,1.09313e+06
SUM,int64_t,"AnalysisFlag::min, AnalysisFlag::max",4096,0.05,1.0838e+06
SUM,int64_t,"AnalysisFlag::min, AnalysisFlag::max",4096,0.05,1.09035e+06
SUM,double,"AnalysisFlag::min, AnalysisFlag::max",1024,0.1,168027
SUM,double,"AnalysisFlag::min, AnalysisFlag::max",1024,0.1,168809
SUM,double,"AnalysisFlag::min, AnalysisFlag::max",1024,0.1,165243
SUM,double,"AnalysisFlag::min, AnalysisFlag::max",1024,0.1,167728
SUM,double,"AnalysisFlag::min, AnalysisFlag::max",1024,0.1,165767
SUM,double,"AnalysisFlag::min, AnalysisFlag::max",1024,0.1,152172
SUM,double,"AnalysisFlag::min, AnalysisFlag::max",1024,0.1,180210
SUM,double,"AnalysisFlag::min, AnalysisFlag::max",1024,0.1,169988
SUM,double,"AnalysisFlag::min, AnalysisFlag::max",1024,0.1,165665
SUM,double,"AnalysisFlag::min, AnalysisFlag::max",1024,0.1,141136
SUM,double,"AnalysisFlag::min, AnalysisFlag::max",2048,0.1,568054
SUM,double,"AnalysisFlag::min, AnalysisFlag::max",2048,0.1,575261
SUM,double,"AnalysisFlag::min, AnalysisFlag::max",2048,0.1,536839
SUM,double,"AnalysisFlag::min, AnalysisFlag::max",2048,0.1,580268
SUM,double,"AnalysisFlag::min, AnalysisFlag::max",2048,0.1,557551
SUM,double,"AnalysisFlag::min, AnalysisFlag::max",2048,0.1,539271
SUM,double,"AnalysisFlag::min, AnalysisFlag::max",2048,0.1,564673
SUM,double,"AnalysisFlag::min, AnalysisFlag::max",2048,0.1,577284
SUM,double,"AnalysisFlag::min, AnalysisFlag::max",2048,0.1,554592
SUM,double,"AnalysisFlag::min, AnalysisFlag::max",2048,0.1,553970
SUM,double,"AnalysisFlag::min, AnalysisFlag::max",4096,0.1,2.21851e+06
SUM,double,"AnalysisFlag::min, AnalysisFlag::max",4096,0.1,2.18591e+06
SUM,double,"AnalysisFlag::min, AnalysisFlag::max",4096,0.1,2.1823e+06
SUM,double,"AnalysisFlag::min, AnalysisFlag::max",4096,0.1,2.16572e+06
SUM,double,"AnalysisFlag::min, AnalysisFlag::max",4096,0.1,2.19999e+06
SUM,double,"AnalysisFlag::min, AnalysisFlag::max",4096,0.1,2.16758e+06
SUM,double,"AnalysisFlag::min, AnalysisFlag::max",4096,0.1,2.18363e+06
SUM,double,"AnalysisFlag::min, AnalysisFlag::max",4096,0.1,2.18949e+06
SUM,double,"AnalysisFlag::min, AnalysisFlag::max",4096,0.1,2.19642e+06
SUM,double,"AnalysisFlag::min, AnalysisFlag::max",4096,0.1,2.20933e+06
SUM,int64_t,"AnalysisFlag::min, AnalysisFlag::max",1024,0.1,159447
SUM,int64_t,"AnalysisFlag::min, AnalysisFlag::max",1024,0.1,132391
SUM,int64_t,"AnalysisFlag::min, AnalysisFlag::max",1024,0.1,163377
SUM,int64_t,"AnalysisFlag::min, AnalysisFlag::max",1024,0.1,163434
SUM,int64_t,"AnalysisFlag::min, AnalysisFlag::max",1024,0.1,162224
SUM,int64_t,"AnalysisFlag::min, AnalysisFlag::max",1024,0.1,135558
SUM,int64_t,"AnalysisFlag::min, AnalysisFlag::max",1024,0.1,134118
SUM,int64_t,"AnalysisFlag::min, AnalysisFlag::max",1024,0.1,163093
SUM,int64_t,"AnalysisFlag::min, AnalysisFlag::max",1024,0.1,134045
SUM,int64_t,"AnalysisFlag::min, AnalysisFlag::max",1024,0.1,160550
SUM,int64_t,"AnalysisFlag::min, AnalysisFlag::max",2048,0.1,546651
SUM,int64_t,"AnalysisFlag::min, AnalysisFlag::max",2048,0.1,477124
SUM,int64_t,"AnalysisFlag::min, AnalysisFlag::max",2048,0.1,578999
SUM,int64_t,"AnalysisFlag::min, AnalysisFlag::max",2048,0.1,565240
SUM,int64_t,"AnalysisFlag::min, AnalysisFlag::max",2048,0.1,550548
SUM,int64_t,"AnalysisFlag::min, AnalysisFlag::max",2048,0.1,564596
SUM,int64_t,"AnalysisFlag::min, AnalysisFlag::max",2048,0.1,574847
SUM,int64_t,"AnalysisFlag::min, AnalysisFlag::max",2048,0.1,536325
SUM,int64_t,"AnalysisFlag::min, AnalysisFlag::max",2048,0.1,565973
SUM,int64_t,"AnalysisFlag::min, AnalysisFlag::max",2048,0.1,459641
SUM,int64_t,"AnalysisFlag::min, AnalysisFlag::max",4096,0.1,2.20073e+06
SUM,int64_t,"AnalysisFlag::min, AnalysisFlag::max",4096,0.1,2.18859e+06
SUM,int64_t,"AnalysisFlag::min, AnalysisFlag::max",4096,0.1,2.18804e+06
SUM,int64_t,"AnalysisFlag::min, AnalysisFlag::max",4096,0.1,2.19504e+06
SUM,int64_t,"AnalysisFlag::min, AnalysisFlag::max",4096,0.1,2.18918e+06
SUM,int64_t,"AnalysisFlag::min, AnalysisFlag::max",4096,0.1,2.19406e+06
SUM,int64_t,"AnalysisFlag::min, AnalysisFlag::max",4096,0.1,2.19074e+06
SUM,int64_t,"AnalysisFlag::min, AnalysisFlag::max",4096,0.1,2.15691e+06
SUM,int64_t,"AnalysisFlag::min, AnalysisFlag::max",4096,0.1,2.18758e+06
SUM,int64_t,"AnalysisFlag::min, AnalysisFlag::max",4096,0.1,2.18732e+06
SUM,double,"AnalysisFlag::min, AnalysisFlag::max",1024,0.2,296385
SUM,double,"AnalysisFlag::min, AnalysisFlag::max",1024,0.2,305329
SUM,double,"AnalysisFlag::min, AnalysisFlag::max",1024,0.2,292860
SUM,double,"AnalysisFlag::min, AnalysisFlag::max",1024,0.2,297908
SUM,double,"AnalysisFlag::min, AnalysisFlag::max",1024,0.2,309950
SUM,double,"AnalysisFlag::min, AnalysisFlag::max",1024,0.2,311425
SUM,double,"AnalysisFlag::min, AnalysisFlag::max",1024,0.2,290129
SUM,double,"AnalysisFlag::min, AnalysisFlag::max",1024,0.2,306689
SUM,double,"AnalysisFlag::min, AnalysisFlag::max",1024,0.2,311115
SUM,double,"AnalysisFlag::min, AnalysisFlag::max",1024,0.2,270640
SUM,double,"AnalysisFlag::min, AnalysisFlag::max",2048,0.2,1.11535e+06
SUM,double,"AnalysisFlag::min, AnalysisFlag::max",2048,0.2,1.09662e+06
SUM,double,"AnalysisFlag::min, AnalysisFlag::max",2048,0.2,1.08942e+06
SUM,double,"AnalysisFlag::min, AnalysisFlag::max",2048,0.2,1.0909e+06
SUM,double,"AnalysisFlag::min, AnalysisFlag::max",2048,0.2,1.09235e+06
SUM,double,"AnalysisFlag::min, AnalysisFlag::max",2048,0.2,1.08961e+06
SUM,double,"AnalysisFlag::min, AnalysisFlag::max",2048,0.2,1.10683e+06
SUM,double,"AnalysisFlag::min, AnalysisFlag::max",2048,0.2,1.09937e+06
SUM,double,"AnalysisFlag::min, AnalysisFlag::max",2048,0.2,1.09324e+06
SUM,double,"AnalysisFlag::min, AnalysisFlag::max",2048,0.2,1.10512e+06
SUM,double,"AnalysisFlag::min, AnalysisFlag::max",4096,0.2,4.40963e+06
SUM,double,"AnalysisFlag::min, AnalysisFlag::max",4096,0.2,4.39763e+06
SUM,double,"AnalysisFlag::min, AnalysisFlag::max",4096,0.2,4.37282e+06
SUM,double,"AnalysisFlag::min, AnalysisFlag::max",4096,0.2,4.37744e+06
SUM,double,"AnalysisFlag::min, AnalysisFlag::max",4096,0.2,4.37496e+06
SUM,double,"AnalysisFlag::min, AnalysisFlag::max",4096,0.2,4.40782e+06
SUM,double,"AnalysisFlag::min, AnalysisFlag::max",4096,0.2,4.37791e+06
SUM,double,"AnalysisFlag::min, AnalysisFlag::max",4096,0.2,4.4096e+06
SUM,double,"AnalysisFlag::min, AnalysisFlag::max",4096,0.2,4.38064e+06
SUM,double,"AnalysisFlag::min, AnalysisFlag::max",4096,0.2,4.38574e+06
SUM,int64_t,"AnalysisFlag::min, AnalysisFlag::max",1024,0.2,296204
SUM,int64_t,"AnalysisFlag::min, AnalysisFlag::max",1024,0.2,243272
SUM,int64_t,"AnalysisFlag::min, AnalysisFlag::max",1024,0.2,299631
SUM,int64_t,"AnalysisFlag::min, AnalysisFlag::max",1024,0.2,289862
SUM,int64_t,"AnalysisFlag::min, AnalysisFlag::max",1024,0.2,239756
SUM,int64_t,"AnalysisFlag::min, AnalysisFlag::max",1024,0.2,214704
SUM,int64_t,"AnalysisFlag::min, AnalysisFlag::max",1024,0.2,307926
SUM,int64_t,"AnalysisFlag::min, AnalysisFlag::max",1024,0.2,284667
SUM,int64_t,"AnalysisFlag::min, AnalysisFlag::max",1024,0.2,279065
SUM,int64_t,"AnalysisFlag::min, AnalysisFlag::max",1024,0.2,270473
SUM,int64_t,"AnalysisFlag::min, AnalysisFlag::max",2048,0.2,1.10411e+06
SUM,int64_t,"AnalysisFlag::min, AnalysisFlag::max",2048,0.2,1.10491e+06
SUM,int64_t,"AnalysisFlag::min, AnalysisFlag::max",2048,0.2,1.06413e+06
SUM,int64_t,"AnalysisFlag::min, AnalysisFlag::max",2048,0.2,1.1166e+06
SUM,int64_t,"AnalysisFlag::min, AnalysisFlag::max",2048,0.2,1.0922e+06
SUM,int64_t,"AnalysisFlag::min, AnalysisFlag::max",2048,0.2,1.10686e+06
SUM,int64_t,"AnalysisFlag::min, AnalysisFlag::max",2048,0.2,1.09808e+06
SUM,int64_t,"AnalysisFlag::min, AnalysisFlag::max",2048,0.2,1.10334e+06
SUM,int64_t,"AnalysisFlag::min, AnalysisFlag::max",2048,0.2,1.08868e+06
SUM,int64_t,"AnalysisFlag::min, AnalysisFlag::max",2048,0.2,1.10674e+06
SUM,int64_t,"AnalysisFlag::min, AnalysisFlag::max",4096,0.2,4.414e+06
SUM,int64_t,"AnalysisFlag::min, AnalysisFlag::max",4096,0.2,4.34809e+06
SUM,int64_t,"AnalysisFlag::min, AnalysisFlag::max",4096,0.2,4.32813e+06
SUM,int64_t,"AnalysisFlag::min, AnalysisFlag::max",4096,0.2,4.41477e+06
SUM,int64_t,"AnalysisFlag::min, AnalysisFlag::max",4096,0.2,4.40848e+06
SUM,int64_t,"AnalysisFlag::min, AnalysisFlag::max",4096,0.2,4.3932e+06
SUM,int64_t,"AnalysisFlag::min, AnalysisFlag::max",4096,0.2,4.39279e+06
SUM,int64_t,"AnalysisFlag::min, AnalysisFlag::max",4096,0.2,4.40409e+06
SUM,int64_t,"AnalysisFlag::min, AnalysisFlag::max",4096,0.2,4.38138e+06
SUM,int64_t,"AnalysisFlag::min, AnalysisFlag::max",4096,0.2,4.38437e+06
SUM,double,"AnalysisFlag::min, AnalysisFlag::max",1024,0.25,1.06789e+06
SUM,double,"AnalysisFlag::min, AnalysisFlag::max",1024,0.25,1.06101e+06
SUM,double,"AnalysisFlag::min, AnalysisFlag::max",1024,0.25,1.06086e+06
SUM,double,"AnalysisFlag::min, AnalysisFlag::max",1024,0.25,1.06077e+06
SUM,double,"AnalysisFlag::min, AnalysisFlag::max",1024,0.25,1.06086e+06
SUM,double,"AnalysisFlag::min, AnalysisFlag::max",1024,0.25,1.0606e+06
SUM,double,"AnalysisFlag::min, AnalysisFlag::max",1024,0.25,1.06088e+06
SUM,double,"AnalysisFlag::min, AnalysisFlag::max",1024,0.25,1.0611e+06
SUM,double,"AnalysisFlag::min, AnalysisFlag::max",1024,0.25,1.06067e+06
SUM,double,"AnalysisFlag::min, AnalysisFlag::max",1024,0.25,1.06072e+06
SUM,double,"AnalysisFlag::min, AnalysisFlag::max",2048,0.25,4.35035e+06
SUM,double,"AnalysisFlag::min, AnalysisFlag::max",2048,0.25,4.33978e+06
SUM,double,"AnalysisFlag::min, AnalysisFlag::max",2048,0.25,4.33589e+06
SUM,double,"AnalysisFlag::min, AnalysisFlag::max",2048,0.25,4.33374e+06
SUM,double,"AnalysisFlag::min, AnalysisFlag::max",2048,0.25,4.33907e+06
SUM,double,"AnalysisFlag::min, AnalysisFlag::max",2048,0.25,4.33493e+06
SUM,double,"AnalysisFlag::min, AnalysisFlag::max",2048,0.25,4.33604e+06
SUM,double,"AnalysisFlag::min, AnalysisFlag::max",2048,0.25,4.33756e+06
SUM,double,"AnalysisFlag::min, AnalysisFlag::max",2048,0.25,4.33852e+06
SUM,double,"AnalysisFlag::min, AnalysisFlag::max",2048,0.25,4.33328e+06
SUM,double,"AnalysisFlag::min, AnalysisFlag::max",4096,0.25,1.74583e+07
SUM,double,"AnalysisFlag::min, AnalysisFlag::max",4096,0.25,1.74533e+07
SUM,double,"AnalysisFlag::min, AnalysisFlag::max",4096,0.25,1.7453e+07
SUM,double,"AnalysisFlag::min, AnalysisFlag::max",4096,0.25,1.74399e+07
SUM,double,"AnalysisFlag::min, AnalysisFlag::max",4096,0.25,1.74387e+07
SUM,double,"AnalysisFlag::min, AnalysisFlag::max",4096,0.25,1.74516e+07
SUM,double,"AnalysisFlag::min, AnalysisFlag::max",4096,0.25,1.74514e+07
SUM,double,"AnalysisFlag::min, AnalysisFlag::max",4096,0.25,1.74474e+07
SUM,double,"AnalysisFlag::min, AnalysisFlag::max",4096,0.25,1.74463e+07
SUM,double,"AnalysisFlag::min, AnalysisFlag::max",4096,0.25,1.74435e+07
SUM,int64_t,"AnalysisFlag::min, AnalysisFlag::max",1024,0.25,1.07171e+06
SUM,int64_t,"AnalysisFlag::min, AnalysisFlag::max",1024,0.25,1.06483e+06
SUM,int64_t,"AnalysisFlag::min, AnalysisFlag::max",1024,0.25,1.06429e+06
SUM,int64_t,"AnalysisFlag::min, AnalysisFlag::max",1024,0.25,1.06423e+06
SUM,int64_t,"AnalysisFlag::min, AnalysisFlag::max",1024,0.25,1.06382e+06
SUM,int64_t,"AnalysisFlag::min, AnalysisFlag::max",1024,0.25,1.06443e+06
SUM,int64_t,"AnalysisFlag::min, AnalysisFlag::max",1024,0.25,1.06456e+06
SUM,int64_t,"AnalysisFlag::min, AnalysisFlag::max",1024,0.25,1.0644e+06
SUM,int64_t,"AnalysisFlag::min, AnalysisFlag::max",1024,0.25,1.06592e+06
SUM,int64_t,"AnalysisFlag::min, AnalysisFlag::max",1024,0.25,1.06439e+06
SUM,int64_t,"AnalysisFlag::min, AnalysisFlag::max",2048,0.25,4.35362e+06
SUM,int64_t,"AnalysisFlag::min, AnalysisFlag::max",2048,0.25,4.34458e+06
SUM,int64_t,"AnalysisFlag::min, AnalysisFlag::max",2048,0.25,4.3374e+06
SUM,int64_t,"AnalysisFlag::min, AnalysisFlag::max",2048,0.25,4.34361e+06
SUM,int64_t,"AnalysisFlag::min, AnalysisFlag::max",2048,0.25,4.34002e+06
SUM,int64_t,"AnalysisFlag::min, AnalysisFlag::max",2048,0.25,4.33713e+06
SUM,int64_t,"AnalysisFlag::min, AnalysisFlag::max",2048,0.25,4.34363e+06
SUM,int64_t,"AnalysisFlag::min, AnalysisFlag::max",2048,0.25,4.34401e+06
SUM,int64_t,"AnalysisFlag::min, AnalysisFlag::max",2048,0.25,4.34562e+06
SUM,int64_t,"AnalysisFlag::min, AnalysisFlag::max",2048,0.25,4.34617e+06
SUM,int64_t,"AnalysisFlag::min, AnalysisFlag::max",4096,0.25,1.74657e+07
SUM,int64_t,"AnalysisFlag::min, AnalysisFlag::max",4096,0.25,1.74542e+07
SUM,int64_t,"AnalysisFlag::min, AnalysisFlag::max",4096,0.25,1.74489e+07
SUM,int64_t,"AnalysisFlag::min, AnalysisFlag::max",4096,0.25,1.74544e+07
SUM,int64_t,"AnalysisFlag::min, AnalysisFlag::max",4096,0.25,1.74551e+07
SUM,int64_t,"AnalysisFlag::min, AnalysisFlag::max",4096,0.25,1.74672e+07
SUM,int64_t,"AnalysisFlag::min, AnalysisFlag::max",4096,0.25,1.74555e+07
SUM,int64_t,"AnalysisFlag::min, AnalysisFlag::max",4096,0.25,1.74914e+07
SUM,int64_t,"AnalysisFlag::min, AnalysisFlag::max",4096,0.25,1.7453e+07
SUM,int64_t,"AnalysisFlag::min, AnalysisFlag::max",4096,0.25,1.74486e+07
SUM,double,"AnalysisFlag::min, AnalysisFlag::max",1024,1,1.12688e+06
SUM,double,"AnalysisFlag::min, AnalysisFlag::max",1024,1,1.06209e+06
SUM,double,"AnalysisFlag::min, AnalysisFlag::max",1024,1,1.06147e+06
SUM,double,"AnalysisFlag::min, AnalysisFlag::max",1024,1,1.06144e+06
SUM,double,"AnalysisFlag::min, AnalysisFlag::max",1024,1,1.06156e+06
SUM,double,"AnalysisFlag::min, AnalysisFlag::max",1024,1,1.06149e+06
SUM,double,"AnalysisFlag::min, AnalysisFlag::max",1024,1,1.06138e+06
SUM,double,"AnalysisFlag::min, AnalysisFlag::max",1024,1,1.06147e+06
SUM,double,"AnalysisFlag::min, AnalysisFlag::max",1024,1,1.06135e+06
SUM,double,"AnalysisFlag::min, AnalysisFlag::max",1024,1,1.06125e+06
SUM,double,"AnalysisFlag::min, AnalysisFlag::max",2048,1,4.36521e+06
SUM,double,"AnalysisFlag::min, AnalysisFlag::max",2048,1,4.34203e+06
SUM,double,"AnalysisFlag::min, AnalysisFlag::max",2048,1,4.33142e+06
SUM,double,"AnalysisFlag::min, AnalysisFlag::max",2048,1,4.33911e+06
SUM,double,"AnalysisFlag::min, AnalysisFlag::max",2048,1,4.34162e+06
SUM,double,"AnalysisFlag::min, AnalysisFlag::max",2048,1,4.33478e+06
SUM,double,"AnalysisFlag::min, AnalysisFlag::max",2048,1,4.33457e+06
SUM,double,"AnalysisFlag::min, AnalysisFlag::max",2048,1,4.3432e+06
SUM,double,"AnalysisFlag::min, AnalysisFlag::max",2048,1,4.34121e+06
SUM,double,"AnalysisFlag::min, AnalysisFlag::max",2048,1,4.3324e+06
SUM,double,"AnalysisFlag::min, AnalysisFlag::max",4096,1,1.74549e+07
SUM,double,"AnalysisFlag::min, AnalysisFlag::max",4096,1,1.74558e+07
SUM,double,"AnalysisFlag::min, AnalysisFlag::max",4096,1,1.74519e+07
SUM,double,"AnalysisFlag::min, AnalysisFlag::max",4096,1,1.74639e+07
SUM,double,"AnalysisFlag::min, AnalysisFlag::max",4096,1,1.74527e+07
SUM,double,"AnalysisFlag::min, AnalysisFlag::max",4096,1,1.74506e+07
SUM,double,"AnalysisFlag::min, AnalysisFlag::max",4096,1,1.7463e+07
SUM,double,"AnalysisFlag::min, AnalysisFlag::max",4096,1,1.7459e+07
SUM,double,"AnalysisFlag::min, AnalysisFlag::max",4096,1,1.74591e+07
SUM,double,"AnalysisFlag::min, AnalysisFlag::max",4096,1,1.74483e+07
SUM,int64_t,"AnalysisFlag::min, AnalysisFlag::max",1024,1,1.11785e+06
SUM,int64_t,"AnalysisFlag::min, AnalysisFlag::max",1024,1,1.09546e+06
SUM,int64_t,"AnalysisFlag::min, AnalysisFlag::max",1024,1,1.06458e+06
SUM,int64_t,"AnalysisFlag::min, AnalysisFlag::max",1024,1,1.06526e+06
SUM,int64_t,"AnalysisFlag::min, AnalysisFlag::max",1024,1,1.06492e+06
SUM,int64_t,"AnalysisFlag::min, AnalysisFlag::max",1024,1,1.06457e+06
SUM,int64_t,"AnalysisFlag::min, AnalysisFlag::max",1024,1,1.06667e+06
SUM,int64_t,"AnalysisFlag::min, AnalysisFlag::max",1024,1,1.06444e+06
SUM,int64_t,"AnalysisFlag::min, AnalysisFlag::max",1024,1,1.06785e+06
SUM,int64_t,"AnalysisFlag::min, AnalysisFlag::max",1024,1,1.06489e+06
SUM,int64_t,"AnalysisFlag::min, AnalysisFlag::max",2048,1,4.37452e+06
SUM,int64_t,"AnalysisFlag::min, AnalysisFlag::max",2048,1,4.35255e+06
SUM,int64_t,"AnalysisFlag::min, AnalysisFlag::max",2048,1,4.34784e+06
SUM,int64_t,"AnalysisFlag::min, AnalysisFlag::max",2048,1,4.33755e+06
SUM,int64_t,"AnalysisFlag::min, AnalysisFlag::max",2048,1,4.3445e+06
SUM,int64_t,"AnalysisFlag::min, AnalysisFlag::max",2048,1,4.34186e+06
SUM,int64_t,"AnalysisFlag::min, AnalysisFlag::max",2048,1,4.34438e+06
SUM,int64_t,"AnalysisFlag::min, AnalysisFlag::max",2048,1,4.3354e+06
SUM,int64_t,"AnalysisFlag::min, AnalysisFlag::max",2048,1,4.34934e+06
SUM,int64_t,"AnalysisFlag::min, AnalysisFlag::max",2048,1,4.33979e+06
SUM,int64_t,"AnalysisFlag::min, AnalysisFlag::max",4096,1,1.74749e+07
SUM,int64_t,"AnalysisFlag::min, AnalysisFlag::max",4096,1,1.74501e+07
SUM,int64_t,"AnalysisFlag::min, AnalysisFlag::max",4096,1,1.74594e+07
SUM,int64_t,"AnalysisFlag::min, AnalysisFlag::max",4096,1,1.7455e+07
SUM,int64_t,"AnalysisFlag::min, AnalysisFlag::max",4096,1,1.74492e+07
SUM,int64_t,"AnalysisFlag::min, AnalysisFlag::max",4096,1,1.74568e+07
SUM,int64_t,"AnalysisFlag::min, AnalysisFlag::max",4096,1,1.74524e+07
SUM,int64_t,"AnalysisFlag::min, AnalysisFlag::max",4096,1,1.74631e+07
SUM,int64_t,"AnalysisFlag::min, AnalysisFlag::max",4096,1,1.74628e+07
SUM,int64_t,"AnalysisFlag::min, AnalysisFlag::max",4096,1,1.7452e+07
MEAN,double,"AnalysisFlag::min, AnalysisFlag::max",1024,0.001,7246
MEAN,double,"AnalysisFlag::min, AnalysisFlag::max",1024,0.001,5003
MEAN,double,"AnalysisFlag::min, AnalysisFlag::max",1024,0.001,5248
MEAN,double,"AnalysisFlag::min, AnalysisFlag::max",1024,0.001,4968
MEAN,double,"AnalysisFlag::min, AnalysisFlag::max",1024,0.001,5316
MEAN,double,"AnalysisFlag::min, AnalysisFlag::max",1024,0.001,4887
MEAN,double,"AnalysisFlag::min, AnalysisFlag::max",1024,0.001,4840
MEAN,double,"AnalysisFlag::min, AnalysisFlag::max",1024,0.001,5164
MEAN,double,"AnalysisFlag::min, AnalysisFlag::max",1024,0.001,4943
MEAN,double,"AnalysisFlag::min, AnalysisFlag::max",1024,0.001,5236
MEAN,double,"AnalysisFlag::min, AnalysisFlag::max",2048,0.001,14550
MEAN,double,"AnalysisFlag::min, AnalysisFlag::max",2048,0.001,14218
MEAN,double,"AnalysisFlag::min, AnalysisFlag::max",2048,0.001,13800
MEAN,double,"AnalysisFlag::min, AnalysisFlag::max",2048,0.001,14416
MEAN,double,"AnalysisFlag::min, AnalysisFlag::max",2048,0.001,14353
MEAN,double,"AnalysisFlag::min, AnalysisFlag::max",2048,0.001,13946
MEAN,double,"AnalysisFlag::min, AnalysisFlag::max",2048,0.001,14440
MEAN,double,"AnalysisFlag::min, AnalysisFlag::max",2048,0.001,13638
MEAN,double,"AnalysisFlag::min, AnalysisFlag::max",2048,0.001,14372
MEAN,double,"AnalysisFlag::min, AnalysisFlag::max",2048,0.001,13625
MEAN,double,"AnalysisFlag::min, AnalysisFlag::max",4096,0.001,44492
MEAN,double,"AnalysisFlag::min, AnalysisFlag::max",4096,0.001,44618
MEAN,double,"AnalysisFlag::min, AnalysisFlag::max",4096,0.001,44406
MEAN,double,"AnalysisFlag::min, AnalysisFlag::max",4096,0.001,44445
MEAN,double,"AnalysisFlag::min, AnalysisFlag::max",4096,0.001,44058
MEAN,double,"AnalysisFlag::min, AnalysisFlag::max",4096,0.001,44335
MEAN,double,"AnalysisFlag::min, AnalysisFlag::max",4096,0.001,44065
MEAN,double,"AnalysisFlag::min, AnalysisFlag::max",4096,0.001,44322
MEAN,double,"AnalysisFlag::min, AnalysisFlag::max",4096,0.001,43053
MEAN,double,"AnalysisFlag::min, AnalysisFlag::max",4096,0.001,43322
MEAN,int64_t,"AnalysisFlag::min, AnalysisFlag::max",1024,0.001,6203
MEAN,int64_t,"AnalysisFlag::min, AnalysisFlag::max",1024,0.001,5242
MEAN,int64_t,"AnalysisFlag::min, AnalysisFlag::max",1024,0.001,5320
MEAN,int64_t,"AnalysisFlag::min, AnalysisFlag::max",1024,0.001,5232
MEAN,int64_t,"AnalysisFlag::min, AnalysisFlag::max",1024,0.001,5057
MEAN,int64_t,"AnalysisFlag::min, AnalysisFlag::max",1024,0.001,5122
MEAN,int64_t,"AnalysisFlag::min, AnalysisFlag::max",1024,0.001,5068
MEAN,int64_t,"AnalysisFlag::min, AnalysisFlag::max",1024,0.001,5068
MEAN,int64_t,"AnalysisFlag::min, AnalysisFlag::max",1024,0.001,5059
MEAN,int64_t,"AnalysisFlag::min, AnalysisFlag::max",1024,0.001,5177
MEAN,int64_t,"AnalysisFlag::min, AnalysisFlag::max",2048,0.001,12410
MEAN,int64_t,"AnalysisFlag::min, AnalysisFlag::max",2048,0.001,12482
MEAN,int64_t,"AnalysisFlag::min, AnalysisFlag::max",2048,0.001,12425
MEAN,int64_t,"AnalysisFlag::min, AnalysisFlag::max",2048,0.001,12591
MEAN,int64_t,"AnalysisFlag::min, AnalysisFlag::max",2048,0.001,12639
MEAN,int64_t,"AnalysisFlag::min, AnalysisFlag::max",2048,0.001,12518
MEAN,int64_t,"AnalysisFlag::min, AnalysisFlag::max",2048,0.001,12427
MEAN,int64_t,"AnalysisFlag::min, AnalysisFlag::max",2048,0.001,12336
MEAN,int64_t,"AnalysisFlag::min, AnalysisFlag::max",2048,0.001,12446
MEAN,int64_t,"AnalysisFlag::min, AnalysisFlag::max",2048,0.001,12547
MEAN,int64_t,"AnalysisFlag::min, AnalysisFlag::max",4096,0.001,33796
MEAN,int64_t,"AnalysisFlag::min, AnalysisFlag::max",4096,0.001,33828
MEAN,int64_t,"AnalysisFlag::min, AnalysisFlag::max",4096,0.001,33802
MEAN,int64_t,"AnalysisFlag::min, AnalysisFlag::max",4096,0.001,34429
MEAN,int64_t,"AnalysisFlag::min, AnalysisFlag::max",4096,0.001,33797
MEAN,int64_t,"AnalysisFlag::min, AnalysisFlag::max",4096,0.001,34001
MEAN,int64_t,"AnalysisFlag::min, AnalysisFlag::max",4096,0.001,34075
MEAN,int64_t,"AnalysisFlag::min, AnalysisFlag::max",4096,0.001,33777
MEAN,int64_t,"AnalysisFlag::min, AnalysisFlag::max",4096,0.001,34463
MEAN,int64_t,"AnalysisFlag::min, AnalysisFlag::max",4096,0.001,33698
MEAN,double,"AnalysisFlag::min, AnalysisFlag::max",1024,0.01,20972
MEAN,double,"AnalysisFlag::min, AnalysisFlag::max",1024,0.01,20240
MEAN,double,"AnalysisFlag::min, AnalysisFlag::max",1024,0.01,20429
MEAN,double,"AnalysisFlag::min, AnalysisFlag::max",1024,0.01,20004
MEAN,double,"AnalysisFlag::min, AnalysisFlag::max",1024,0.01,20735
MEAN,double,"AnalysisFlag::min, AnalysisFlag::max",1024,0.01,20660
MEAN,double,"AnalysisFlag::min, AnalysisFlag::max",1024,0.01,20011
MEAN,double,"AnalysisFlag::min, AnalysisFlag::max",1024,0.01,20231
MEAN,double,"AnalysisFlag::min, AnalysisFlag::max",1024,0.01,20325
MEAN,double,"AnalysisFlag::min, AnalysisFlag::max",1024,0.01,19980
MEAN,double,"AnalysisFlag::min, AnalysisFlag::max",2048,0.01,75947
MEAN,double,"AnalysisFlag::min, AnalysisFlag::max",2048,0.01,75668
MEAN,double,"AnalysisFlag::min, AnalysisFlag::max",2048,0.01,75141
MEAN,double,"AnalysisFlag::min, AnalysisFlag::max",2048,0.01,75064
MEAN,double,"AnalysisFlag::min, AnalysisFlag::max",2048,0.01,75113
MEAN,double,"AnalysisFlag::min, AnalysisFlag::max",2048,0.01,81877
MEAN,double,"AnalysisFlag::min, AnalysisFlag::max",2048,0.01,77913
MEAN,double,"AnalysisFlag::min, AnalysisFlag::max",2048,0.01,75782
MEAN,double,"AnalysisFlag::min, AnalysisFlag::max",2048,0.01,74889
MEAN,double,"AnalysisFlag::min, AnalysisFlag::max",2048,0.01,75102
MEAN,double,"AnalysisFlag::min, AnalysisFlag::max",4096,0.01,355048
MEAN,double,"AnalysisFlag::min, AnalysisFlag::max",4096,0.01,323202
MEAN,double,"AnalysisFlag::min, AnalysisFlag::max",4096,0.01,350258
MEAN,double,"AnalysisFlag::min, AnalysisFlag::max",4096,0.01,334241
MEAN,double,"AnalysisFlag::min, AnalysisFlag::max",4096,0.01,355728
MEAN,double,"AnalysisFlag::min, AnalysisFlag::max",4096,0.01,322544
MEAN,double,"AnalysisFlag::min, AnalysisFlag::max",4096,0.01,351250
MEAN,double,"AnalysisFlag::min, AnalysisFlag::max",4096,0.01,340433
MEAN,double,"AnalysisFlag::min, AnalysisFlag::max",4096,0.01,320336
MEAN,double,"AnalysisFlag::min, AnalysisFlag::max",4096,0.01,369248
MEAN,int64_t,"AnalysisFlag::min, AnalysisFlag::max",1024,0.01,16058
MEAN,int64_t,"AnalysisFlag::min, AnalysisFlag::max",1024,0.01,15219
MEAN,int64_t,"AnalysisFlag::min, AnalysisFlag::max",1024,0.01,15152
MEAN,int64_t,"AnalysisFlag::min, AnalysisFlag::max",1024,0.01,15043
MEAN,int64_t,"AnalysisFlag::min, AnalysisFlag::max",1024,0.01,15159
MEAN,int64_t,"AnalysisFlag::min, AnalysisFlag::max",1024,0.01,15089
MEAN,int64_t,"AnalysisFlag::min, AnalysisFlag::max",1024,0.01,15195
MEAN,int64_t,"AnalysisFlag::min, AnalysisFlag::max",1024,0.01,14936
MEAN,int64_t,"AnalysisFlag::min, AnalysisFlag::max",1024,0.01,15019
MEAN,int64_t,"AnalysisFlag::min, AnalysisFlag::max",1024,0.01,15070
MEAN,int64_t,"AnalysisFlag::min, AnalysisFlag::max",2048,0.01,52171
MEAN,int64_t,"AnalysisFlag::min, AnalysisFlag::max",2048,0.01,52034
MEAN,int64_t,"AnalysisFlag::min, AnalysisFlag::max",2048,0.01,52209
MEAN,int64_t,"AnalysisFlag::min, AnalysisFlag::max",2048,0.01,52060
MEAN,int64_t,"AnalysisFlag::min, AnalysisFlag::max",2048,0.01,53036
MEAN,int64_t,"AnalysisFlag::min, AnalysisFlag::max",2048,0.01,51596
MEAN,int64_t,"AnalysisFlag::min, AnalysisFlag::max",2048,0.01,52149
MEAN,int64_t,"AnalysisFlag::min, AnalysisFlag::max",2048,0.01,51866
MEAN,int64_t,"AnalysisFlag::min, AnalysisFlag::max",2048,0.01,51889
MEAN,int64_t,"AnalysisFlag::min, AnalysisFlag::max",2048,0.01,51867
MEAN,int64_t,"AnalysisFlag::min, AnalysisFlag::max",4096,0.01,225465
MEAN,int64_t,"AnalysisFlag::min, AnalysisFlag::max",4096,0.01,220542
MEAN,int64_t,"AnalysisFlag::min, AnalysisFlag::max",4096,0.01,243971
MEAN,int64_t,"AnalysisFlag::min, AnalysisFlag::max",4096,0.01,239587
MEAN,int64_t,"AnalysisFlag::min, AnalysisFlag::max",4096,0.01,234883
MEAN,int64_t,"AnalysisFlag::min, AnalysisFlag::max",4096,0.01,201509
MEAN,int64_t,"AnalysisFlag::min, AnalysisFlag::max",4096,0.01,222047
MEAN,int64_t,"AnalysisFlag::min, AnalysisFlag::max",4096,0.01,222507
MEAN,int64_t,"AnalysisFlag::min, AnalysisFlag::max",4096,0.01,245027
MEAN,int64_t,"AnalysisFlag::min, AnalysisFlag::max",4096,0.01,220940
MEAN,double,"AnalysisFlag::min, AnalysisFlag::max",1024,0.05,92482
MEAN,double,"AnalysisFlag::min, AnalysisFlag::max",1024,0.05,89484
MEAN,double,"AnalysisFlag::min, AnalysisFlag::max",1024,0.05,107315
MEAN,double,"AnalysisFlag::min, AnalysisFlag::max",1024,0.05,90520
MEAN,double,"AnalysisFlag::min, AnalysisFlag::max",1024,0.05,90652
MEAN,double,"AnalysisFlag::min, AnalysisFlag::max",1024,0.05,88989
MEAN,double,"AnalysisFlag::min, AnalysisFlag::max",1024,0.05,90687
MEAN,double,"AnalysisFlag::min, AnalysisFlag::max",1024,0.05,91028
MEAN,double,"AnalysisFlag::min, AnalysisFlag::max",1024,0.05,111626
MEAN,double,"AnalysisFlag::min, AnalysisFlag::max",1024,0.05,96500
MEAN,double,"AnalysisFlag::min, AnalysisFlag::max",2048,0.05,376797
MEAN,double,"AnalysisFlag::min, AnalysisFlag::max",2048,0.05,377308
MEAN,double,"AnalysisFlag::min, AnalysisFlag::max",2048,0.05,362583
MEAN,double,"AnalysisFlag::min, AnalysisFlag::max",2048,0.05,403746
MEAN,double,"AnalysisFlag::min, AnalysisFlag::max",2048,0.05,396080
MEAN,double,"AnalysisFlag::min, AnalysisFlag::max",2048,0.05,397779
MEAN,double,"AnalysisFlag::min, AnalysisFlag::max",2048,0.05,379623
MEAN,double,"AnalysisFlag::min, AnalysisFlag::max",2048,0.05,384004
MEAN,double,"AnalysisFlag::min, AnalysisFlag::max",2048,0.05,408046
MEAN,double,"AnalysisFlag::min, AnalysisFlag::max",2048,0.05,405199
MEAN,double,"AnalysisFlag::min, AnalysisFlag::max",4096,0.05,1.59924e+06
MEAN,double,"AnalysisFlag::min, AnalysisFlag::max",4096,0.05,1.55668e+06
MEAN,double,"AnalysisFlag::min, AnalysisFlag::max",4096,0.05,1.57851e+06
MEAN,double,"AnalysisFlag::min, AnalysisFlag::max",4096,0.05,1.55872e+06
MEAN,double,"AnalysisFlag::min, AnalysisFlag::max",4096,0.05,1.57673e+06
MEAN,double,"AnalysisFlag::min, AnalysisFlag::max",4096,0.05,1.57576e+06
MEAN,double,"AnalysisFlag::min, AnalysisFlag::max",4096,0.05,1.56207e+06
MEAN,double,"AnalysisFlag::min, AnalysisFlag::max",4096,0.05,1.57341e+06
MEAN,double,"AnalysisFlag::min, AnalysisFlag::max",4096,0.05,1.57812e+06
MEAN,double,"AnalysisFlag::min, AnalysisFlag::max",4096,0.05,1.56215e+06
MEAN,int64_t,"AnalysisFlag::min, AnalysisFlag::max",1024,0.05,73471
MEAN,int64_t,"AnalysisFlag::min, AnalysisFlag::max",1024,0.05,72008
MEAN,int64_t,"AnalysisFlag::min, AnalysisFlag::max",1024,0.05,71311
MEAN,int64_t,"AnalysisFlag::min, AnalysisFlag::max",1024,0.05,73357
MEAN,int64_t,"AnalysisFlag::min, AnalysisFlag::max",1024,0.05,58267
MEAN,int64_t,"AnalysisFlag::min, AnalysisFlag::max",1024,0.05,58828
MEAN,int64_t,"AnalysisFlag::min, AnalysisFlag::max",1024,0.05,71812
MEAN,int64_t,"AnalysisFlag::min, AnalysisFlag::max",1024,0.05,71433
MEAN,int64_t,"AnalysisFlag::min, AnalysisFlag::max",1024,0.05,58488
MEAN,int64_t,"AnalysisFlag::min, AnalysisFlag::max",1024,0.05,58738
MEAN,int64_t,"AnalysisFlag::min, AnalysisFlag::max",2048,0.05,269149
MEAN,int64_t,"AnalysisFlag::min, AnalysisFlag::max",2048,0.05,263067
MEAN,int64_t,"AnalysisFlag::min, AnalysisFlag::max",2048,0.05,262747
MEAN,int64_t,"AnalysisFlag::min, AnalysisFlag::max",2048,0.05,227305
MEAN,int64_t,"AnalysisFlag::min, AnalysisFlag::max",2048,0.05,265720
MEAN,int64_t,"AnalysisFlag::min, AnalysisFlag::max",2048,0.05,248836
MEAN,int64_t,"AnalysisFlag::min, AnalysisFlag::max",2048,0.05,252046
MEAN,int64_t,"AnalysisFlag::min, AnalysisFlag::max",2048,0.05,246025
MEAN,int64_t,"AnalysisFlag::min, AnalysisFlag::max",2048,0.05,229829
MEAN,int64_t,"AnalysisFlag::min, AnalysisFlag::max",2048,0.05,231225
MEAN,int64_t,"AnalysisFlag::min, AnalysisFlag::max",4096,0.05,987477
MEAN,int64_t,"AnalysisFlag::min, AnalysisFlag::max",4096,0.05,988045
MEAN,int64_t,"AnalysisFlag::min, AnalysisFlag::max",4096,0.05,990538
MEAN,int64_t,"AnalysisFlag::min, AnalysisFlag::max",4096,0.05,994776
MEAN,int64_t,"AnalysisFlag::min, AnalysisFlag::max",4096,0.05,981545
MEAN,int64_t,"AnalysisFlag::min, AnalysisFlag::max",4096,0.05,989995
MEAN,int64_t,"AnalysisFlag::min, AnalysisFlag::max",4096,0.05,980158
MEAN,int64_t,"AnalysisFlag::min, AnalysisFlag::max",4096,0.05,993580
MEAN,int64_t,"AnalysisFlag::min, AnalysisFlag::max",4096,0.05,960252
MEAN,int64_t,"AnalysisFlag::min, AnalysisFlag::max",4096,0.05,997452
MEAN,double,"AnalysisFlag::min, AnalysisFlag::max",1024,0.1,223421
MEAN,double,"AnalysisFlag::min, AnalysisFlag::max",1024,0.1,184636
MEAN,double,"AnalysisFlag::min, AnalysisFlag::max",1024,0.1,222298
MEAN,double,"AnalysisFlag::min, AnalysisFlag::max",1024,0.1,225153
MEAN,double,"AnalysisFlag::min, AnalysisFlag::max",1024,0.1,200892
MEAN,double,"AnalysisFlag::min, AnalysisFlag::max",1024,0.1,181596
MEAN,double,"AnalysisFlag::min, AnalysisFlag::max",1024,0.1,217024
MEAN,double,"AnalysisFlag::min, AnalysisFlag::max",1024,0.1,216830
MEAN,double,"AnalysisFlag::min, AnalysisFlag::max",1024,0.1,202613
MEAN,double,"AnalysisFlag::min, AnalysisFlag::max",1024,0.1,177465
MEAN,double,"AnalysisFlag::min, AnalysisFlag::max",2048,0.1,740936
MEAN,double,"AnalysisFlag::min, AnalysisFlag::max",2048,0.1,723869
MEAN,double,"AnalysisFlag::min, AnalysisFlag::max",2048,0.1,708513
MEAN,double,"AnalysisFlag::min, AnalysisFlag::max",2048,0.1,750698
MEAN,double,"AnalysisFlag::min, AnalysisFlag::max",2048,0.1,728645
MEAN,double,"AnalysisFlag::min, AnalysisFlag::max",2048,0.1,738183
MEAN,double,"AnalysisFlag::min, AnalysisFlag::max",2048,0.1,738105
MEAN,double,"AnalysisFlag::min, AnalysisFlag::max",2048,0.1,734868
MEAN,double,"AnalysisFlag::min, AnalysisFlag::max",2048,0.1,731117
MEAN,double,"AnalysisFlag::min, AnalysisFlag::max",2048,0.1,726374
MEAN,double,"AnalysisFlag::min, AnalysisFlag::max",4096,0.1,3.20982e+06
MEAN,double,"AnalysisFlag::min, AnalysisFlag::max",4096,0.1,3.18918e+06
MEAN,double,"AnalysisFlag::min, AnalysisFlag::max",4096,0.1,3.16745e+06
MEAN,double,"AnalysisFlag::min, AnalysisFlag::max",4096,0.1,3.16826e+06
MEAN,double,"AnalysisFlag::min, AnalysisFlag::max",4096,0.1,3.17378e+06
MEAN,double,"AnalysisFlag::min, AnalysisFlag::max",4096,0.1,3.15266e+06
MEAN,double,"AnalysisFlag::min, AnalysisFlag::max",4096,0.1,3.20168e+06
MEAN,double,"AnalysisFlag::min, AnalysisFlag::max",4096,0.1,3.20264e+06
MEAN,double,"AnalysisFlag::min, AnalysisFlag::max",4096,0.1,3.17549e+06
MEAN,double,"AnalysisFlag::min, AnalysisFlag::max",4096,0.1,3.20047e+06
MEAN,int64_t,"AnalysisFlag::min, AnalysisFlag::max",1024,0.1,136101
MEAN,int64_t,"AnalysisFlag::min, AnalysisFlag::max",1024,0.1,138246
MEAN,int64_t,"AnalysisFlag::min, AnalysisFlag::max",1024,0.1,129560
MEAN,int64_t,"AnalysisFlag::min, AnalysisFlag::max",1024,0.1,113231
MEAN,int64_t,"AnalysisFlag::min, AnalysisFlag::max",1024,0.1,137487
MEAN,int64_t,"AnalysisFlag::min, AnalysisFlag::max",1024,0.1,138097
MEAN,int64_t,"AnalysisFlag::min, AnalysisFlag::max",1024,0.1,139612
MEAN,int64_t,"AnalysisFlag::min, AnalysisFlag::max",1024,0.1,139213
MEAN,int64_t,"AnalysisFlag::min, AnalysisFlag::max",1024,0.1,113795
MEAN,int64_t,"AnalysisFlag::min, AnalysisFlag::max",1024,0.1,137771
MEAN,int64_t,"AnalysisFlag::min, AnalysisFlag::max",2048,0.1,480351
MEAN,int64_t,"AnalysisFlag::min, AnalysisFlag::max",2048,0.1,494398
MEAN,int64_t,"AnalysisFlag::min, AnalysisFlag::max",2048,0.1,471578
MEAN,int64_t,"AnalysisFlag::min, AnalysisFlag::max",2048,0.1,487042
MEAN,int64_t,"AnalysisFlag::min, AnalysisFlag::max",2048,0.1,476515
MEAN,int64_t,"AnalysisFlag::min, AnalysisFlag::max",2048,0.1,477051
MEAN,int64_t,"AnalysisFlag::min, AnalysisFlag::max",2048,0.1,487665
MEAN,int64_t,"AnalysisFlag::min, AnalysisFlag::max",2048,0.1,481118
MEAN,int64_t,"AnalysisFlag::min, AnalysisFlag::max",2048,0.1,477158
MEAN,int64_t,"AnalysisFlag::min, AnalysisFlag::max",2048,0.1,491823
MEAN,int64_t,"AnalysisFlag::min, AnalysisFlag::max",4096,0.1,2.02361e+06
MEAN,int64_t,"AnalysisFlag::min, AnalysisFlag::max",4096,0.1,2.03673e+06
MEAN,int64_t,"AnalysisFlag::min, AnalysisFlag::max",4096,0.1,2.03245e+06
MEAN,int64_t,"AnalysisFlag::min, AnalysisFlag::max",4096,0.1,2.02956e+06
MEAN,int64_t,"AnalysisFlag::min, AnalysisFlag::max",4096,0.1,2.03966e+06
MEAN,int64_t,"AnalysisFlag::min, AnalysisFlag::max",4096,0.1,2.01474e+06
MEAN,int64_t,"AnalysisFlag::min, AnalysisFlag::max",4096,0.1,2.03573e+06
MEAN,int64_t,"AnalysisFlag::min, AnalysisFlag::max",4096,0.1,2.00088e+06
MEAN,int64_t,"AnalysisFlag::min, AnalysisFlag::max",4096,0.1,2.04617e+06
MEAN,int64_t,"AnalysisFlag::min, AnalysisFlag::max",4096,0.1,2.03054e+06
MEAN,double,"AnalysisFlag::min, AnalysisFlag::max",1024,0.2,406145
MEAN,double,"AnalysisFlag::min, AnalysisFlag::max",1024,0.2,408139
MEAN,double,"AnalysisFlag::min, AnalysisFlag::max",1024,0.2,388876
MEAN,double,"AnalysisFlag::min, AnalysisFlag::max",1024,0.2,392581
MEAN,double,"AnalysisFlag::min, AnalysisFlag::max",1024,0.2,388922
MEAN,double,"AnalysisFlag::min, AnalysisFlag::max",1024,0.2,392682
MEAN,double,"AnalysisFlag::min, AnalysisFlag::max",1024,0.2,374641
MEAN,double,"AnalysisFlag::min, AnalysisFlag::max",1024,0.2,386596
MEAN,double,"AnalysisFlag::min, AnalysisFlag::max",1024,0.2,374037
MEAN,double,"AnalysisFlag::min, AnalysisFlag::max",1024,0.2,396556
MEAN,double,"AnalysisFlag::min, AnalysisFlag::max",2048,0.2,1.4356e+06
MEAN,double,"AnalysisFlag::min, AnalysisFlag::max",2048,0.2,1.43804e+06
MEAN,double,"AnalysisFlag::min, AnalysisFlag::max",2048,0.2,1.42774e+06
MEAN,double,"AnalysisFlag::min, AnalysisFlag::max",2048,0.2,1.41191e+06
MEAN,double,"AnalysisFlag::min, AnalysisFlag::max",2048,0.2,1.41947e+06
MEAN,double,"AnalysisFlag::min, AnalysisFlag::max",2048,0.2,1.42727e+06
MEAN,double,"AnalysisFlag::min, AnalysisFlag::max",2048,0.2,1.4272e+06
MEAN,double,"AnalysisFlag::min, AnalysisFlag::max",2048,0.2,1.43965e+06
MEAN,double,"AnalysisFlag::min, AnalysisFlag::max",2048,0.2,1.42921e+06
MEAN,double,"AnalysisFlag::min, AnalysisFlag::max",2048,0.2,1.41792e+06
MEAN,double,"AnalysisFlag::min, AnalysisFlag::max",4096,0.2,6.4767e+06
MEAN,double,"AnalysisFlag::min, AnalysisFlag::max",4096,0.2,6.54396e+06
MEAN,double,"AnalysisFlag::min, AnalysisFlag::max",4096,0.2,6.47664e+06
MEAN,double,"AnalysisFlag::min, AnalysisFlag::max",4096,0.2,6.47849e+06
MEAN,double,"AnalysisFlag::min, AnalysisFlag::max",4096,0.2,6.44706e+06
MEAN,double,"AnalysisFlag::min, AnalysisFlag::max",4096,0.2,6.48452e+06
MEAN,double,"AnalysisFlag::min, AnalysisFlag::max",4096,0.2,6.48245e+06
MEAN,double,"AnalysisFlag::min, AnalysisFlag::max",4096,0.2,6.48838e+06
MEAN,double,"AnalysisFlag::min, AnalysisFlag::max",4096,0.2,6.48405e+06
MEAN,double,"AnalysisFlag::min, AnalysisFlag::max",4096,0.2,6.48461e+06
MEAN,int64_t,"AnalysisFlag::min, AnalysisFlag::max",1024,0.2,265096
MEAN,int64_t,"AnalysisFlag::min, AnalysisFlag::max",1024,0.2,255210
MEAN,int64_t,"AnalysisFlag::min, AnalysisFlag::max",1024,0.2,272754
MEAN,int64_t,"AnalysisFlag::min, AnalysisFlag::max",1024,0.2,261746
MEAN,int64_t,"AnalysisFlag::min, AnalysisFlag::max",1024,0.2,253955
MEAN,int64_t,"AnalysisFlag::min, AnalysisFlag::max",1024,0.2,225473
MEAN,int64_t,"AnalysisFlag::min, AnalysisFlag::max",1024,0.2,271570
MEAN,int64_t,"AnalysisFlag::min, AnalysisFlag::max",1024,0.2,264034
MEAN,int64_t,"AnalysisFlag::min, AnalysisFlag::max",1024,0.2,258181
MEAN,int64_t,"AnalysisFlag::min, AnalysisFlag::max",1024,0.2,253791
MEAN,int64_t,"AnalysisFlag::min, AnalysisFlag::max",2048,0.2,956276
MEAN,int64_t,"AnalysisFlag::min, AnalysisFlag::max",2048,0.2,925728
MEAN,int64_t,"AnalysisFlag::min, AnalysisFlag::max",2048,0.2,890090
MEAN,int64_t,"AnalysisFlag::min, AnalysisFlag::max",2048,0.2,918901
MEAN,int64_t,"AnalysisFlag::min, AnalysisFlag::max",2048,0.2,931436
MEAN,int64_t,"AnalysisFlag::min, AnalysisFlag::max",2048,0.2,908472
MEAN,int64_t,"AnalysisFlag::min, AnalysisFlag::max",2048,0.2,906997
MEAN,int64_t,"AnalysisFlag::min, AnalysisFlag::max",2048,0.2,923157
MEAN,int64_t,"AnalysisFlag::min, AnalysisFlag::max",2048,0.2,915303
MEAN,int64_t,"AnalysisFlag::min, AnalysisFlag::max",2048,0.2,928347
MEAN,int64_t,"AnalysisFlag::min, AnalysisFlag::max",4096,0.2,4.16396e+06
MEAN,int64_t,"AnalysisFlag::min, AnalysisFlag::max",4096,0.2,4.16645e+06
MEAN,int64_t,"AnalysisFlag::min, AnalysisFlag::max",4096,0.2,4.16568e+06
MEAN,int64_t,"AnalysisFlag::min, AnalysisFlag::max",4096,0.2,4.18428e+06
MEAN,int64_t,"AnalysisFlag::min, AnalysisFlag::max",4096,0.2,4.18828e+06
MEAN,int64_t,"AnalysisFlag::min, AnalysisFlag::max",4096,0.2,4.17382e+06
MEAN,int64_t,"AnalysisFlag::min, AnalysisFlag::max",4096,0.2,4.16628e+06
MEAN,int64_t,"AnalysisFlag::min, AnalysisFlag::max",4096,0.2,4.16152e+06
MEAN,int64_t,"AnalysisFlag::min, AnalysisFlag::max",4096,0.2,4.17693e+06
MEAN,int64_t,"AnalysisFlag::min, AnalysisFlag::max",4096,0.2,4.17824e+06
MEAN,double,"AnalysisFlag::min, AnalysisFlag::max",1024,0.25,1.06612e+06
MEAN,double,"AnalysisFlag::min, AnalysisFlag::max",1024,0.25,1.0611e+06
MEAN,double,"AnalysisFlag::min, AnalysisFlag::max",1024,0.25,1.06233e+06
MEAN,double,"AnalysisFlag::min, AnalysisFlag::max",1024,0.25,1.06119e+06
MEAN,double,"AnalysisFlag::min, AnalysisFlag::max",1024,0.25,1.06118e+06
MEAN,double,"AnalysisFlag::min, AnalysisFlag::max",1024,0.25,1.06103e+06
MEAN,double,"AnalysisFlag::min, AnalysisFlag::max",1024,0.25,1.06083e+06
MEAN,double,"AnalysisFlag::min, AnalysisFlag::max",1024,0.25,1.06057e+06
MEAN,double,"AnalysisFlag::min, AnalysisFlag::max",1024,0.25,1.061e+06
MEAN,double,"AnalysisFlag::min, AnalysisFlag::max",1024,0.25,1.06092e+06
MEAN,double,"AnalysisFlag::min, AnalysisFlag::max",2048,0.25,4.35463e+06
MEAN,double,"AnalysisFlag::min, AnalysisFlag::max",2048,0.25,4.33285e+06
MEAN,double,"AnalysisFlag::min, AnalysisFlag::max",2048,0.25,4.32959e+06
MEAN,double,"AnalysisFlag::min, AnalysisFlag::max",2048,0.25,4.33148e+06
MEAN,double,"AnalysisFlag::min, AnalysisFlag::max",2048,0.25,4.33241e+06
MEAN,double,"AnalysisFlag::min, AnalysisFlag::max",2048,0.25,4.33845e+06
MEAN,double,"AnalysisFlag::min, AnalysisFlag::max",2048,0.25,4.3314e+06
MEAN,double,"AnalysisFlag::min, AnalysisFlag::max",2048,0.25,4.33826e+06
MEAN,double,"AnalysisFlag::min, AnalysisFlag::max",2048,0.25,4.3342e+06
MEAN,double,"AnalysisFlag::min, AnalysisFlag::max",2048,0.25,4.33414e+06
MEAN,double,"AnalysisFlag::min, AnalysisFlag::max",4096,0.25,1.74582e+07
MEAN,double,"AnalysisFlag::min, AnalysisFlag::max",4096,0.25,1.74547e+07
MEAN,double,"AnalysisFlag::min, AnalysisFlag::max",4096,0.25,1.74599e+07
MEAN,double,"AnalysisFlag::min, AnalysisFlag::max",4096,0.25,1.74587e+07
MEAN,double,"AnalysisFlag::min, AnalysisFlag::max",4096,0.25,1.74654e+07
MEAN,double,"AnalysisFlag::min, AnalysisFlag::max",4096,0.25,1.74505e+07
MEAN,double,"AnalysisFlag::min, AnalysisFlag::max",4096,0.25,1.74573e+07
MEAN,double,"AnalysisFlag::min, AnalysisFlag::max",4096,0.25,1.74488e+07
MEAN,double,"AnalysisFlag::min, AnalysisFlag::max",4096,0.25,1.74504e+07
MEAN,double,"AnalysisFlag::min, AnalysisFlag::max",4096,0.25,1.745e+07
MEAN,int64_t,"AnalysisFlag::min, AnalysisFlag::max",1024,0.25,1.07331e+06
MEAN,int64_t,"AnalysisFlag::min, AnalysisFlag::max",1024,0.25,1.06672e+06
MEAN,int64_t,"AnalysisFlag::min, AnalysisFlag::max",1024,0.25,1.06604e+06
MEAN,int64_t,"AnalysisFlag::min, AnalysisFlag::max",1024,0.25,1.06611e+06
MEAN,int64_t,"AnalysisFlag::min, AnalysisFlag::max",1024,0.25,1.06623e+06
MEAN,int64_t,"AnalysisFlag::min, AnalysisFlag::max",1024,0.25,1.06603e+06
MEAN,int64_t,"AnalysisFlag::min, AnalysisFlag::max",1024,0.25,1.06587e+06
MEAN,int64_t,"AnalysisFlag::min, AnalysisFlag::max",1024,0.25,1.0662e+06
MEAN,int64_t,"AnalysisFlag::min, AnalysisFlag::max",1024,0.25,1.06666e+06
MEAN,int64_t,"AnalysisFlag::min, AnalysisFlag::max",1024,0.25,1.0661e+06
MEAN,int64_t,"AnalysisFlag::min, AnalysisFlag::max",2048,0.25,4.35576e+06
MEAN,int64_t,"AnalysisFlag::min, AnalysisFlag::max",2048,0.25,4.34741e+06
MEAN,int64_t,"AnalysisFlag::min, AnalysisFlag::max",2048,0.25,4.3522e+06
MEAN,int64_t,"AnalysisFlag::min, AnalysisFlag::max",2048,0.25,4.34534e+06
MEAN,int64_t,"AnalysisFlag::min, AnalysisFlag::max",2048,0.25,4.3463e+06
MEAN,int64_t,"AnalysisFlag::min, AnalysisFlag::max",2048,0.25,4.34888e+06
MEAN,int64_t,"AnalysisFlag::min, AnalysisFlag::max",2048,0.25,4.34677e+06
MEAN,int64_t,"AnalysisFlag::min, AnalysisFlag::max",2048,0.25,4.38684e+06
MEAN,int64_t,"AnalysisFlag::min, AnalysisFlag::max",2048,0.25,4.35387e+06
MEAN,int64_t,"AnalysisFlag::min, AnalysisFlag::max",2048,0.25,4.35197e+06
MEAN,int64_t,"AnalysisFlag::min, AnalysisFlag::max",4096,0.25,1.74723e+07
MEAN,int64_t,"AnalysisFlag::min, AnalysisFlag::max",4096,0.25,1.7529e+07
MEAN,int64_t,"AnalysisFlag::min, AnalysisFlag::max",4096,0.25,1.74623e+07
MEAN,int64_t,"AnalysisFlag::min, AnalysisFlag::max",4096,0.25,1.74743e+07
MEAN,int64_t,"AnalysisFlag::min, AnalysisFlag::max",4096,0.25,1.7451e+07
MEAN,int64_t,"AnalysisFlag::min, AnalysisFlag::max",4096,0.25,1.74594e+07
MEAN,int64_t,"AnalysisFlag::min, AnalysisFlag::max",4096,0.25,1.74647e+07
MEAN,int64_t,"AnalysisFlag::min, AnalysisFlag::max",4096,0.25,1.74643e+07
MEAN,int64_t,"AnalysisFlag::min, AnalysisFlag::max",4096,0.25,1.74578e+07
MEAN,int64_t,"AnalysisFlag::min, AnalysisFlag::max",4096,0.25,1.74683e+07
MEAN,double,"AnalysisFlag::min, AnalysisFlag::max",1024,1,1.11473e+06
MEAN,double,"AnalysisFlag::min, AnalysisFlag::max",1024,1,1.06327e+06
MEAN,double,"AnalysisFlag::min, AnalysisFlag::max",1024,1,1.06146e+06
MEAN,double,"AnalysisFlag::min, AnalysisFlag::max",1024,1,1.06137e+06
MEAN,double,"AnalysisFlag::min, AnalysisFlag::max",1024,1,1.0616e+06
MEAN,double,"AnalysisFlag::min, AnalysisFlag::max",1024,1,1.06092e+06
MEAN,double,"AnalysisFlag::min, AnalysisFlag::max",1024,1,1.06184e+06
MEAN,double,"AnalysisFlag::min, AnalysisFlag::max",1024,1,1.06153e+06
MEAN,double,"AnalysisFlag::min, AnalysisFlag::max",1024,1,1.06148e+06
MEAN,double,"AnalysisFlag::min, AnalysisFlag::max",1024,1,1.06149e+06
MEAN,double,"AnalysisFlag::min, AnalysisFlag::max",2048,1,4.36026e+06
MEAN,double,"AnalysisFlag::min, AnalysisFlag::max",2048,1,4.33984e+06
MEAN,double,"AnalysisFlag::min, AnalysisFlag::max",2048,1,4.33461e+06
MEAN,double,"AnalysisFlag::min, AnalysisFlag::max",2048,1,4.3377e+06
MEAN,double,"AnalysisFlag::min, AnalysisFlag::max",2048,1,4.33448e+06
MEAN,double,"AnalysisFlag::min, AnalysisFlag::max",2048,1,4.33335e+06
MEAN,double,"AnalysisFlag::min, AnalysisFlag::max",2048,1,4.3315e+06
MEAN,double,"AnalysisFlag::min, AnalysisFlag::max",2048,1,4.33177e+06
MEAN,double,"AnalysisFlag::min, AnalysisFlag::max",2048,1,4.32976e+06
MEAN,double,"AnalysisFlag::min, AnalysisFlag::max",2048,1,4.3324e+06
MEAN,double,"AnalysisFlag::min, AnalysisFlag::max",4096,1,1.753e+07
MEAN,double,"AnalysisFlag::min, AnalysisFlag::max",4096,1,1.74439e+07
MEAN,double,"AnalysisFlag::min, AnalysisFlag::max",4096,1,1.745e+07
MEAN,double,"AnalysisFlag::min, AnalysisFlag::max",4096,1,1.74409e+07
MEAN,double,"AnalysisFlag::min, AnalysisFlag::max",4096,1,1.74419e+07
MEAN,double,"AnalysisFlag::min, AnalysisFlag::max",4096,1,1.74461e+07
MEAN,double,"AnalysisFlag::min, AnalysisFlag::max",4096,1,1.74397e+07
MEAN,double,"AnalysisFlag::min, AnalysisFlag::max",4096,1,1.74777e+07
MEAN,double,"AnalysisFlag::min, AnalysisFlag::max",4096,1,1.74573e+07
MEAN,double,"AnalysisFlag::min, AnalysisFlag::max",4096,1,1.7448e+07
MEAN,int64_t,"AnalysisFlag::min, AnalysisFlag::max",1024,1,1.12199e+06
MEAN,int64_t,"AnalysisFlag::min, AnalysisFlag::max",1024,1,1.09704e+06
MEAN,int64_t,"AnalysisFlag::min, AnalysisFlag::max",1024,1,1.06701e+06
MEAN,int64_t,"AnalysisFlag::min, AnalysisFlag::max",1024,1,1.06622e+06
MEAN,int64_t,"AnalysisFlag::min, AnalysisFlag::max",1024,1,1.06714e+06
MEAN,int64_t,"AnalysisFlag::min, AnalysisFlag::max",1024,1,1.06682e+06
MEAN,int64_t,"AnalysisFlag::min, AnalysisFlag::max",1024,1,1.06677e+06
MEAN,int64_t,"AnalysisFlag::min, AnalysisFlag::max",1024,1,1.0668e+06
MEAN,int64_t,"AnalysisFlag::min, AnalysisFlag::max",1024,1,1.06647e+06
MEAN,int64_t,"AnalysisFlag::min, AnalysisFlag::max",1024,1,1.06948e+06
MEAN,int64_t,"AnalysisFlag::min, AnalysisFlag::max",2048,1,4.41781e+06
MEAN,int64_t,"AnalysisFlag::min, AnalysisFlag::max",2048,1,4.35177e+06
MEAN,int64_t,"AnalysisFlag::min, AnalysisFlag::max",2048,1,4.34311e+06
MEAN,int64_t,"AnalysisFlag::min, AnalysisFlag::max",2048,1,4.34343e+06
MEAN,int64_t,"AnalysisFlag::min, AnalysisFlag::max",2048,1,4.34951e+06
MEAN,int64_t,"AnalysisFlag::min, AnalysisFlag::max",2048,1,4.34378e+06
MEAN,int64_t,"AnalysisFlag::min, AnalysisFlag::max",2048,1,4.34269e+06
MEAN,int64_t,"AnalysisFlag::min, AnalysisFlag::max",2048,1,4.34813e+06
MEAN,int64_t,"AnalysisFlag::min, AnalysisFlag::max",2048,1,4.35332e+06
MEAN,int64_t,"AnalysisFlag::min, AnalysisFlag::max",2048,1,4.34645e+06
MEAN,int64_t,"AnalysisFlag::min, AnalysisFlag::max",4096,1,1.74763e+07
MEAN,int64_t,"AnalysisFlag::min, AnalysisFlag::max",4096,1,1.74635e+07
MEAN,int64_t,"AnalysisFlag::min, AnalysisFlag::max",4096,1,1.74614e+07
MEAN,int64_t,"AnalysisFlag::min, AnalysisFlag::max",4096,1,1.74638e+07
MEAN,int64_t,"AnalysisFlag::min, AnalysisFlag::max",4096,1,1.74905e+07
MEAN,int64_t,"AnalysisFlag::min, AnalysisFlag::max",4096,1,1.74619e+07
MEAN,int64_t,"AnalysisFlag::min, AnalysisFlag::max",4096,1,1.74763e+07
MEAN,int64_t,"AnalysisFlag::min, AnalysisFlag::max",4096,1,1.74646e+07
MEAN,int64_t,"AnalysisFlag::min, AnalysisFlag::max",4096,1,1.74566e+07
MEAN,int64_t,"AnalysisFlag::min, AnalysisFlag::max",4096,1,1.74953e+07
STDDEV,double,"AnalysisFlag::min, AnalysisFlag::max",1024,0.001,11913
STDDEV,double,"AnalysisFlag::min, AnalysisFlag::max",1024,0.001,7965
STDDEV,double,"AnalysisFlag::min, AnalysisFlag::max",1024,0.001,8249
STDDEV,double,"AnalysisFlag::min, AnalysisFlag::max",1024,0.001,8119
STDDEV,double,"AnalysisFlag::min, AnalysisFlag::max",1024,0.001,7649
STDDEV,double,"AnalysisFlag::min, AnalysisFlag::max",1024,0.001,8019
STDDEV,double,"AnalysisFlag::min, AnalysisFlag::max",1024,0.001,7549
STDDEV,double,"AnalysisFlag::min, AnalysisFlag::max",1024,0.001,7609
STDDEV,double,"AnalysisFlag::min, AnalysisFlag::max",1024,0.001,7799
STDDEV,double,"AnalysisFlag::min, AnalysisFlag::max",1024,0.001,7615
STDDEV,double,"AnalysisFlag::min, AnalysisFlag::max",2048,0.001,20294
STDDEV,double,"AnalysisFlag::min, AnalysisFlag::max",2048,0.001,18930
STDDEV,double,"AnalysisFlag::min, AnalysisFlag::max",2048,0.001,19941
STDDEV,double,"AnalysisFlag::min, AnalysisFlag::max",2048,0.001,19756
STDDEV,double,"AnalysisFlag::min, AnalysisFlag::max",2048,0.001,20254
STDDEV,double,"AnalysisFlag::min, AnalysisFlag::max",2048,0.001,20028
STDDEV,double,"AnalysisFlag::min, AnalysisFlag::max",2048,0.001,20128
STDDEV,double,"AnalysisFlag::min, AnalysisFlag::max",2048,0.001,19711
STDDEV,double,"AnalysisFlag::min, AnalysisFlag::max",2048,0.001,20156
STDDEV,double,"AnalysisFlag::min, AnalysisFlag::max",2048,0.001,19920
STDDEV,double,"AnalysisFlag::min, AnalysisFlag::max",4096,0.001,62653
STDDEV,double,"AnalysisFlag::min, AnalysisFlag::max",4096,0.001,61978
STDDEV,double,"AnalysisFlag::min, AnalysisFlag::max",4096,0.001,65500
STDDEV,double,"AnalysisFlag::min, AnalysisFlag::max",4096,0.001,65541
STDDEV,double,"AnalysisFlag::min, AnalysisFlag::max",4096,0.001,65497
STDDEV,double,"AnalysisFlag::min, AnalysisFlag::max",4096,0.001,64610
STDDEV,double,"AnalysisFlag::min, AnalysisFlag::max",4096,0.001,63638
STDDEV,double,"AnalysisFlag::min, AnalysisFlag::max",4096,0.001,64093
STDDEV,double,"AnalysisFlag::min, AnalysisFlag::max",4096,0.001,63929
STDDEV,double,"AnalysisFlag::min, AnalysisFlag::max",4096,0.001,63471
STDDEV,int64_t,"AnalysisFlag::min, AnalysisFlag::max",1024,0.001,10984
STDDEV,int64_t,"AnalysisFlag::min, AnalysisFlag::max",1024,0.001,9739
STDDEV,int64_t,"AnalysisFlag::min, AnalysisFlag::max",1024,0.001,9420
STDDEV,int64_t,"AnalysisFlag::min, AnalysisFlag::max",1024,0.001,9305
STDDEV,int64_t,"AnalysisFlag::min, AnalysisFlag::max",1024,0.001,9320
STDDEV,int64_t,"AnalysisFlag::min, AnalysisFlag::max",1024,0.001,9383
STDDEV,int64_t,"AnalysisFlag::min, AnalysisFlag::max",1024,0.001,9523
STDDEV,int64_t,"AnalysisFlag::min, AnalysisFlag::max",1024,0.001,9315
STDDEV,int64_t,"AnalysisFlag::min, AnalysisFlag::max",1024,0.001,9227
STDDEV,int64_t,"AnalysisFlag::min, AnalysisFlag::max",1024,0.001,9583
STDDEV,int64_t,"AnalysisFlag::min, AnalysisFlag::max",2048,0.001,22140
STDDEV,int64_t,"AnalysisFlag::min, AnalysisFlag::max",2048,0.001,22115
STDDEV,int64_t,"AnalysisFlag::min, AnalysisFlag::max",2048,0.001,22202
STDDEV,int64_t,"AnalysisFlag::min, AnalysisFlag::max",2048,0.001,22450
STDDEV,int64_t,"AnalysisFlag::min, AnalysisFlag::max",2048,0.001,22429
STDDEV,int64_t,"AnalysisFlag::min, AnalysisFlag::max",2048,0.001,22179
STDDEV,int64_t,"AnalysisFlag::min, AnalysisFlag::max",2048,0.001,22397
STDDEV,int64_t,"AnalysisFlag::min, AnalysisFlag::max",2048,0.001,22281
STDDEV,int64_t,"AnalysisFlag::min, AnalysisFlag::max",2048,0.001,22262
STDDEV,int64_t,"AnalysisFlag::min, AnalysisFlag::max",2048,0.001,22446
STDDEV,int64_t,"AnalysisFlag::min, AnalysisFlag::max",4096,0.001,68157
STDDEV,int64_t,"AnalysisFlag::min, AnalysisFlag::max",4096,0.001,68114
STDDEV,int64_t,"AnalysisFlag::min, AnalysisFlag::max",4096,0.001,68081
STDDEV,int64_t,"AnalysisFlag::min, AnalysisFlag::max",4096,0.001,68509
STDDEV,int64_t,"AnalysisFlag::min, AnalysisFlag::max",4096,0.001,67732
STDDEV,int64_t,"AnalysisFlag::min, AnalysisFlag::max",4096,0.001,68358
STDDEV,int64_t,"AnalysisFlag::min, AnalysisFlag::max",4096,0.001,68332
STDDEV,int64_t,"AnalysisFlag::min, AnalysisFlag::max",4096,0.001,68141
STDDEV,int64_t,"AnalysisFlag::min, AnalysisFlag::max",4096,0.001,68640
STDDEV,int64_t,"AnalysisFlag::min, AnalysisFlag::max",4096,0.001,67953
STDDEV,double,"AnalysisFlag::min, AnalysisFlag::max",1024,0.01,28140
STDDEV,double,"AnalysisFlag::min, AnalysisFlag::max",1024,0.01,27357
STDDEV,double,"AnalysisFlag::min, AnalysisFlag::max",1024,0.01,27158
STDDEV,double,"AnalysisFlag::min, AnalysisFlag::max",1024,0.01,25038
STDDEV,double,"AnalysisFlag::min, AnalysisFlag::max",1024,0.01,27206
STDDEV,double,"AnalysisFlag::min, AnalysisFlag::max",1024,0.01,27340
STDDEV,double,"AnalysisFlag::min, AnalysisFlag::max",1024,0.01,27302
STDDEV,double,"AnalysisFlag::min, AnalysisFlag::max",1024,0.01,26746
STDDEV,double,"AnalysisFlag::min, AnalysisFlag::max",1024,0.01,27518
STDDEV,double,"AnalysisFlag::min, AnalysisFlag::max",1024,0.01,27320
STDDEV,double,"AnalysisFlag::min, AnalysisFlag::max",2048,0.01,100703
STDDEV,double,"AnalysisFlag::min, AnalysisFlag::max",2048,0.01,100769
STDDEV,double,"AnalysisFlag::min, AnalysisFlag::max",2048,0.01,100147
STDDEV,double,"AnalysisFlag::min, AnalysisFlag::max",2048,0.01,99365
STDDEV,double,"AnalysisFlag::min, AnalysisFlag::max",2048,0.01,90760
STDDEV,double,"AnalysisFlag::min, AnalysisFlag::max",2048,0.01,89107
STDDEV,double,"AnalysisFlag::min, AnalysisFlag::max",2048,0.01,90543
STDDEV,double,"AnalysisFlag::min, AnalysisFlag::max",2048,0.01,90798
STDDEV,double,"AnalysisFlag::min, AnalysisFlag::max",2048,0.01,99629
STDDEV,double,"AnalysisFlag::min, AnalysisFlag::max",2048,0.01,90260
STDDEV,double,"AnalysisFlag::min, AnalysisFlag::max",4096,0.01,441648
STDDEV,double,"AnalysisFlag::min, AnalysisFlag::max",4096,0.01,476857
STDDEV,double,"AnalysisFlag::min, AnalysisFlag::max",4096,0.01,451028
STDDEV,double,"AnalysisFlag::min, AnalysisFlag::max",4096,0.01,457424
STDDEV,double,"AnalysisFlag::min, AnalysisFlag::max",4096,0.01,464529
STDDEV,double,"AnalysisFlag::min, AnalysisFlag::max",4096,0.01,472749
STDDEV,double,"AnalysisFlag::min, AnalysisFlag::max",4096,0.01,474431
STDDEV,double,"AnalysisFlag::min, AnalysisFlag::max",4096,0.01,485545
STDDEV,double,"AnalysisFlag::min, AnalysisFlag::max",4096,0.01,444698
STDDEV,double,"AnalysisFlag::min, AnalysisFlag::max",4096,0.01,444572
STDDEV,int64_t,"AnalysisFlag::min, AnalysisFlag::max",1024,0.01,27416
STDDEV,int64_t,"AnalysisFlag::min, AnalysisFlag::max",1024,0.01,26046
STDDEV,int64_t,"AnalysisFlag::min, AnalysisFlag::max",1024,0.01,25958
STDDEV,int64_t,"AnalysisFlag::min, AnalysisFlag::max",1024,0.01,25838
STDDEV,int64_t,"AnalysisFlag::min, AnalysisFlag::max",1024,0.01,26069
STDDEV,int64_t,"AnalysisFlag::min, AnalysisFlag::max",1024,0.01,25860
STDDEV,int64_t,"AnalysisFlag::min, AnalysisFlag::max",1024,0.01,26059
STDDEV,int64_t,"AnalysisFlag::min, AnalysisFlag::max",1024,0.01,25705
STDDEV,int64_t,"AnalysisFlag::min, AnalysisFlag::max",1024,0.01,25773
STDDEV,int64_t,"AnalysisFlag::min, AnalysisFlag::max",1024,0.01,25836
STDDEV,int64_t,"AnalysisFlag::min, AnalysisFlag::max",2048,0.01,92947
STDDEV,int64_t,"AnalysisFlag::min, AnalysisFlag::max",2048,0.01,92447
STDDEV,int64_t,"AnalysisFlag::min, AnalysisFlag::max",2048,0.01,92171
STDDEV,int64_t,"AnalysisFlag::min, AnalysisFlag::max",2048,0.01,94094
STDDEV,int64_t,"AnalysisFlag::min, AnalysisFlag::max",2048,0.01,91908
STDDEV,int64_t,"AnalysisFlag::min, AnalysisFlag::max",2048,0.01,91784
STDDEV,int64_t,"AnalysisFlag::min, AnalysisFlag::max",2048,0.01,92757
STDDEV,int64_t,"AnalysisFlag::min, AnalysisFlag::max",2048,0.01,91800
STDDEV,int64_t,"AnalysisFlag::min, AnalysisFlag::max",2048,0.01,92479
STDDEV,int64_t,"AnalysisFlag::min, AnalysisFlag::max",2048,0.01,92479
STDDEV,int64_t,"AnalysisFlag::min, AnalysisFlag::max",4096,0.01,427659
STDDEV,int64_t,"AnalysisFlag::min, AnalysisFlag::max",4096,0.01,469502
STDDEV,int64_t,"AnalysisFlag::min, AnalysisFlag::max",4096,0.01,474122
STDDEV,int64_t,"AnalysisFlag::min, AnalysisFlag::max",4096,0.01,448388
STDDEV,int64_t,"AnalysisFlag::min, AnalysisFlag::max",4096,0.01,475310
STDDEV,int64_t,"AnalysisFlag::min, AnalysisFlag::max",4096,0.01,475689
STDDEV,int64_t,"AnalysisFlag::min, AnalysisFlag::max",4096,0.01,449812
STDDEV,int64_t,"AnalysisFlag::min, AnalysisFlag::max",4096,0.01,472442
STDDEV,int64_t,"AnalysisFlag::min, AnalysisFlag::max",4096,0.01,443221
STDDEV,int64_t,"AnalysisFlag::min, AnalysisFlag::max",4096,0.01,469351
STDDEV,double,"AnalysisFlag::min, AnalysisFlag::max",1024,0.05,113793
STDDEV,double,"AnalysisFlag::min, AnalysisFlag::max",1024,0.05,113320
STDDEV,double,"AnalysisFlag::min, AnalysisFlag::max",1024,0.05,137764
STDDEV,double,"AnalysisFlag::min, AnalysisFlag::max",1024,0.05,100717
STDDEV,double,"AnalysisFlag::min, AnalysisFlag::max",1024,0.05,133570
STDDEV,double,"AnalysisFlag::min, AnalysisFlag::max",1024,0.05,101103
STDDEV,double,"AnalysisFlag::min, AnalysisFlag::max",1024,0.05,101063
STDDEV,double,"AnalysisFlag::min, AnalysisFlag::max",1024,0.05,113235
STDDEV,double,"AnalysisFlag::min, AnalysisFlag::max",1024,0.05,121280
STDDEV,double,"AnalysisFlag::min, AnalysisFlag::max",1024,0.05,112956
STDDEV,double,"AnalysisFlag::min, AnalysisFlag::max",2048,0.05,492269
STDDEV,double,"AnalysisFlag::min, AnalysisFlag::max",2048,0.05,458676
STDDEV,double,"AnalysisFlag::min, AnalysisFlag::max",2048,0.05,411358
STDDEV,double,"AnalysisFlag::min, AnalysisFlag::max",2048,0.05,495522
STDDEV,double,"AnalysisFlag::min, AnalysisFlag::max",2048,0.05,471798
STDDEV,double,"AnalysisFlag::min, AnalysisFlag::max",2048,0.05,470910
STDDEV,double,"AnalysisFlag::min, AnalysisFlag::max",2048,0.05,473352
STDDEV,double,"AnalysisFlag::min, AnalysisFlag::max",2048,0.05,442454
STDDEV,double,"AnalysisFlag::min, AnalysisFlag::max",2048,0.05,428028
STDDEV,double,"AnalysisFlag::min, AnalysisFlag::max",2048,0.05,445393
STDDEV,double,"AnalysisFlag::min, AnalysisFlag::max",4096,0.05,2.25652e+06
STDDEV,double,"AnalysisFlag::min, AnalysisFlag::max",4096,0.05,2.17296e+06
STDDEV,double,"AnalysisFlag::min, AnalysisFlag::max",4096,0.05,2.21606e+06
STDDEV,double,"AnalysisFlag::min, AnalysisFlag::max",4096,0.05,2.20117e+06
STDDEV,double,"AnalysisFlag::min, AnalysisFlag::max",4096,0.05,2.22321e+06
STDDEV,double,"AnalysisFlag::min, AnalysisFlag::max",4096,0.05,2.20823e+06
STDDEV,double,"AnalysisFlag::min, AnalysisFlag::max",4096,0.05,2.21996e+06
STDDEV,double,"AnalysisFlag::min, AnalysisFlag::max",4096,0.05,2.19895e+06
STDDEV,double,"AnalysisFlag::min, AnalysisFlag::max",4096,0.05,2.21343e+06
STDDEV,double,"AnalysisFlag::min, AnalysisFlag::max",4096,0.05,2.20117e+06
STDDEV,int64_t,"AnalysisFlag::min, AnalysisFlag::max",1024,0.05,101787
STDDEV,int64_t,"AnalysisFlag::min, AnalysisFlag::max",1024,0.05,120817
STDDEV,int64_t,"AnalysisFlag::min, AnalysisFlag::max",1024,0.05,120522
STDDEV,int64_t,"AnalysisFlag::min, AnalysisFlag::max",1024,0.05,120239
STDDEV,int64_t,"AnalysisFlag::min, AnalysisFlag::max",1024,0.05,98415
STDDEV,int64_t,"AnalysisFlag::min, AnalysisFlag::max",1024,0.05,98570
STDDEV,int64_t,"AnalysisFlag::min, AnalysisFlag::max",1024,0.05,101899
STDDEV,int64_t,"AnalysisFlag::min, AnalysisFlag::max",1024,0.05,120568
STDDEV,int64_t,"AnalysisFlag::min, AnalysisFlag::max",1024,0.05,98708
STDDEV,int64_t,"AnalysisFlag::min, AnalysisFlag::max",1024,0.05,98882
STDDEV,int64_t,"AnalysisFlag::min, AnalysisFlag::max",2048,0.05,432763
STDDEV,int64_t,"AnalysisFlag::min, AnalysisFlag::max",2048,0.05,420102
STDDEV,int64_t,"AnalysisFlag::min, AnalysisFlag::max",2048,0.05,428739
STDDEV,int64_t,"AnalysisFlag::min, AnalysisFlag::max",2048,0.05,443526
STDDEV,int64_t,"AnalysisFlag::min, AnalysisFlag::max",2048,0.05,443768
STDDEV,int64_t,"AnalysisFlag::min, AnalysisFlag::max",2048,0.05,425472
STDDEV,int64_t,"AnalysisFlag::min, AnalysisFlag::max",2048,0.05,421971
STDDEV,int64_t,"AnalysisFlag::min, AnalysisFlag::max",2048,0.05,448552
STDDEV,int64_t,"AnalysisFlag::min, AnalysisFlag::max",2048,0.05,402697
STDDEV,int64_t,"AnalysisFlag::min, AnalysisFlag::max",2048,0.05,439983
STDDEV,int64_t,"AnalysisFlag::min, AnalysisFlag::max",4096,0.05,2.09836e+06
STDDEV,int64_t,"AnalysisFlag::min, AnalysisFlag::max",4096,0.05,2.08196e+06
STDDEV,int64_t,"AnalysisFlag::min, AnalysisFlag::max",4096,0.05,2.09018e+06
STDDEV,int64_t,"AnalysisFlag::min, AnalysisFlag::max",4096,0.05,2.06777e+06
STDDEV,int64_t,"AnalysisFlag::min, AnalysisFlag::max",4096,0.05,2.05552e+06
STDDEV,int64_t,"AnalysisFlag::min, AnalysisFlag::max",4096,0.05,2.08544e+06
STDDEV,int64_t,"AnalysisFlag::min, AnalysisFlag::max",4096,0.05,2.06842e+06
STDDEV,int64_t,"AnalysisFlag::min, AnalysisFlag::max",4096,0.05,2.08814e+06
STDDEV,int64_t,"AnalysisFlag::min, AnalysisFlag::max",4096,0.05,2.07756e+06
STDDEV,int64_t,"AnalysisFlag::min, AnalysisFlag::max",4096,0.05,2.07462e+06
STDDEV,double,"AnalysisFlag::min, AnalysisFlag::max",1024,0.1,219214
STDDEV,double,"AnalysisFlag::min, AnalysisFlag::max",1024,0.1,220844
STDDEV,double,"AnalysisFlag::min, AnalysisFlag::max",1024,0.1,251790
STDDEV,double,"AnalysisFlag::min, AnalysisFlag::max",1024,0.1,230473
STDDEV,double,"AnalysisFlag::min, AnalysisFlag::max",1024,0.1,229661
STDDEV,double,"AnalysisFlag::min, AnalysisFlag::max",1024,0.1,249681
STDDEV,double,"AnalysisFlag::min, AnalysisFlag::max",1024,0.1,380620
STDDEV,double,"AnalysisFlag::min, AnalysisFlag::max",1024,0.1,240400
STDDEV,double,"AnalysisFlag::min, AnalysisFlag::max",1024,0.1,243232
STDDEV,double,"AnalysisFlag::min, AnalysisFlag::max",1024,0.1,221180
STDDEV,double,"AnalysisFlag::min, AnalysisFlag::max",2048,0.1,943819
STDDEV,double,"AnalysisFlag::min, AnalysisFlag::max",2048,0.1,939789
STDDEV,double,"AnalysisFlag::min, AnalysisFlag::max",2048,0.1,899301
STDDEV,double,"AnalysisFlag::min, AnalysisFlag::max",2048,0.1,943729
STDDEV,double,"AnalysisFlag::min, AnalysisFlag::max",2048,0.1,932588
STDDEV,double,"AnalysisFlag::min, AnalysisFlag::max",2048,0.1,896424
STDDEV,double,"AnalysisFlag::min, AnalysisFlag::max",2048,0.1,923373
STDDEV,double,"AnalysisFlag::min, AnalysisFlag::max",2048,0.1,906788
STDDEV,double,"AnalysisFlag::min, AnalysisFlag::max",2048,0.1,940995
STDDEV,double,"AnalysisFlag::min, AnalysisFlag::max",2048,0.1,927850
STDDEV,double,"AnalysisFlag::min, AnalysisFlag::max",4096,0.1,4.80643e+06
STDDEV,double,"AnalysisFlag::min, AnalysisFlag::max",4096,0.1,4.79196e+06
STDDEV,double,"AnalysisFlag::min, AnalysisFlag::max",4096,0.1,4.73454e+06
STDDEV,double,"AnalysisFlag::min, AnalysisFlag::max",4096,0.1,4.80054e+06
STDDEV,double,"AnalysisFlag::min, AnalysisFlag::max",4096,0.1,4.7933e+06
STDDEV,double,"AnalysisFlag::min, AnalysisFlag::max",4096,0.1,4.73985e+06
STDDEV,double,"AnalysisFlag::min, AnalysisFlag::max",4096,0.1,4.77587e+06
STDDEV,double,"AnalysisFlag::min, AnalysisFlag::max",4096,0.1,4.80643e+06
STDDEV,double,"AnalysisFlag::min, AnalysisFlag::max",4096,0.1,4.77434e+06
STDDEV,double,"AnalysisFlag::min, AnalysisFlag::max",4096,0.1,4.79811e+06
STDDEV,int64_t,"AnalysisFlag::min, AnalysisFlag::max",1024,0.1,216660
STDDEV,int64_t,"AnalysisFlag::min, AnalysisFlag::max",1024,0.1,214480
STDDEV,int64_t,"AnalysisFlag::min, AnalysisFlag::max",1024,0.1,233061
STDDEV,int64_t,"AnalysisFlag::min, AnalysisFlag::max",1024,0.1,222092
STDDEV,int64_t,"AnalysisFlag::min, AnalysisFlag::max",1024,0.1,205833
STDDEV,int64_t,"AnalysisFlag::min, AnalysisFlag::max",1024,0.1,216881
STDDEV,int64_t,"AnalysisFlag::min, AnalysisFlag::max",1024,0.1,212772
STDDEV,int64_t,"AnalysisFlag::min, AnalysisFlag::max",1024,0.1,213357
STDDEV,int64_t,"AnalysisFlag::min, AnalysisFlag::max",1024,0.1,192970
STDDEV,int64_t,"AnalysisFlag::min, AnalysisFlag::max",1024,0.1,231683
STDDEV,int64_t,"AnalysisFlag::min, AnalysisFlag::max",2048,0.1,829857
STDDEV,int64_t,"AnalysisFlag::min, AnalysisFlag::max",2048,0.1,802735
STDDEV,int64_t,"AnalysisFlag::min, AnalysisFlag::max",2048,0.1,821481
STDDEV,int64_t,"AnalysisFlag::min, AnalysisFlag::max",2048,0.1,805242
STDDEV,int64_t,"AnalysisFlag::min, AnalysisFlag::max",2048,0.1,814694
STDDEV,int64_t,"AnalysisFlag::min, AnalysisFlag::max",2048,0.1,832490
STDDEV,int64_t,"AnalysisFlag::min, AnalysisFlag::max",2048,0.1,825102
STDDEV,int64_t,"AnalysisFlag::min, AnalysisFlag::max",2048,0.1,816294
STDDEV,int64_t,"AnalysisFlag::min, AnalysisFlag::max",2048,0.1,818054
STDDEV,int64_t,"AnalysisFlag::min, AnalysisFlag::max",2048,0.1,828094
STDDEV,int64_t,"AnalysisFlag::min, AnalysisFlag::max",4096,0.1,4.60065e+06
STDDEV,int64_t,"AnalysisFlag::min, AnalysisFlag::max",4096,0.1,4.629e+06
STDDEV,int64_t,"AnalysisFlag::min, AnalysisFlag::max",4096,0.1,4.59358e+06
STDDEV,int64_t,"AnalysisFlag::min, AnalysisFlag::max",4096,0.1,4.65282e+06
STDDEV,int64_t,"AnalysisFlag::min, AnalysisFlag::max",4096,0.1,4.60545e+06
STDDEV,int64_t,"AnalysisFlag::min, AnalysisFlag::max",4096,0.1,4.59852e+06
STDDEV,int64_t,"AnalysisFlag::min, AnalysisFlag::max",4096,0.1,4.59116e+06
STDDEV,int64_t,"AnalysisFlag::min, AnalysisFlag::max",4096,0.1,4.64835e+06
STDDEV,int64_t,"AnalysisFlag::min, AnalysisFlag::max",4096,0.1,4.61281e+06
STDDEV,int64_t,"AnalysisFlag::min, AnalysisFlag::max",4096,0.1,4.62975e+06
STDDEV,double,"AnalysisFlag::min, AnalysisFlag::max",1024,0.2,480549
STDDEV,double,"AnalysisFlag::min, AnalysisFlag::max",1024,0.2,430612
STDDEV,double,"AnalysisFlag::min, AnalysisFlag::max",1024,0.2,429759
STDDEV,double,"AnalysisFlag::min, AnalysisFlag::max",1024,0.2,466454
STDDEV,double,"AnalysisFlag::min, AnalysisFlag::max",1024,0.2,474297
STDDEV,double,"AnalysisFlag::min, AnalysisFlag::max",1024,0.2,414939
STDDEV,double,"AnalysisFlag::min, AnalysisFlag::max",1024,0.2,427353
STDDEV,double,"AnalysisFlag::min, AnalysisFlag::max",1024,0.2,460878
STDDEV,double,"AnalysisFlag::min, AnalysisFlag::max",1024,0.2,483282
STDDEV,double,"AnalysisFlag::min, AnalysisFlag::max",1024,0.2,464402
STDDEV,double,"AnalysisFlag::min, AnalysisFlag::max",2048,0.2,1.89736e+06
STDDEV,double,"AnalysisFlag::min, AnalysisFlag::max",2048,0.2,1.848e+06
STDDEV,double,"AnalysisFlag::min, AnalysisFlag::max",2048,0.2,1.8658e+06
STDDEV,double,"AnalysisFlag::min, AnalysisFlag::max",2048,0.2,1.88423e+06
STDDEV,double,"AnalysisFlag::min, AnalysisFlag::max",2048,0.2,1.73041e+06
STDDEV,double,"AnalysisFlag::min, AnalysisFlag::max",2048,0.2,1.88438e+06
STDDEV,double,"AnalysisFlag::min, AnalysisFlag::max",2048,0.2,1.89226e+06
STDDEV,double,"AnalysisFlag::min, AnalysisFlag::max",2048,0.2,1.86338e+06
STDDEV,double,"AnalysisFlag::min, AnalysisFlag::max",2048,0.2,1.87862e+06
STDDEV,double,"AnalysisFlag::min, AnalysisFlag::max",2048,0.2,1.88161e+06
STDDEV,double,"AnalysisFlag::min, AnalysisFlag::max",4096,0.2,9.04485e+06
STDDEV,double,"AnalysisFlag::min, AnalysisFlag::max",4096,0.2,9.01653e+06
STDDEV,double,"AnalysisFlag::min, AnalysisFlag::max",4096,0.2,9.04775e+06
STDDEV,double,"AnalysisFlag::min, AnalysisFlag::max",4096,0.2,9.03355e+06
STDDEV,double,"AnalysisFlag::min, AnalysisFlag::max",4096,0.2,9.06586e+06
STDDEV,double,"AnalysisFlag::min, AnalysisFlag::max",4096,0.2,9.05352e+06
STDDEV,double,"AnalysisFlag::min, AnalysisFlag::max",4096,0.2,9.06423e+06
STDDEV,double,"AnalysisFlag::min, AnalysisFlag::max",4096,0.2,9.06667e+06
STDDEV,double,"AnalysisFlag::min, AnalysisFlag::max",4096,0.2,9.04968e+06
STDDEV,double,"AnalysisFlag::min, AnalysisFlag::max",4096,0.2,9.04806e+06
STDDEV,int64_t,"AnalysisFlag::min, AnalysisFlag::max",1024,0.2,463182
STDDEV,int64_t,"AnalysisFlag::min, AnalysisFlag::max",1024,0.2,418281
STDDEV,int64_t,"AnalysisFlag::min, AnalysisFlag::max",1024,0.2,398044
STDDEV,int64_t,"AnalysisFlag::min, AnalysisFlag::max",1024,0.2,419349
STDDEV,int64_t,"AnalysisFlag::min, AnalysisFlag::max",1024,0.2,408607
STDDEV,int64_t,"AnalysisFlag::min, AnalysisFlag::max",1024,0.2,379100
STDDEV,int64_t,"AnalysisFlag::min, AnalysisFlag::max",1024,0.2,404905
STDDEV,int64_t,"AnalysisFlag::min, AnalysisFlag::max",1024,0.2,397644
STDDEV,int64_t,"AnalysisFlag::min, AnalysisFlag::max",1024,0.2,401016
STDDEV,int64_t,"AnalysisFlag::min, AnalysisFlag::max",1024,0.2,429650
STDDEV,int64_t,"AnalysisFlag::min, AnalysisFlag::max",2048,0.2,1.75827e+06
STDDEV,int64_t,"AnalysisFlag::min, AnalysisFlag::max",2048,0.2,1.65369e+06
STDDEV,int64_t,"AnalysisFlag::min, AnalysisFlag::max",2048,0.2,1.60406e+06
STDDEV,int64_t,"AnalysisFlag::min, AnalysisFlag::max",2048,0.2,1.63697e+06
STDDEV,int64_t,"AnalysisFlag::min, AnalysisFlag::max",2048,0.2,1.65972e+06
STDDEV,int64_t,"AnalysisFlag::min, AnalysisFlag::max",2048,0.2,1.6432e+06
STDDEV,int64_t,"AnalysisFlag::min, AnalysisFlag::max",2048,0.2,1.64462e+06
STDDEV,int64_t,"AnalysisFlag::min, AnalysisFlag::max",2048,0.2,1.6476e+06
STDDEV,int64_t,"AnalysisFlag::min, AnalysisFlag::max",2048,0.2,1.65069e+06
STDDEV,int64_t,"AnalysisFlag::min, AnalysisFlag::max",2048,0.2,1.64564e+06
STDDEV,int64_t,"AnalysisFlag::min, AnalysisFlag::max",4096,0.2,8.79779e+06
STDDEV,int64_t,"AnalysisFlag::min, AnalysisFlag::max",4096,0.2,8.82097e+06
STDDEV,int64_t,"AnalysisFlag::min, AnalysisFlag::max",4096,0.2,8.78046e+06
STDDEV,int64_t,"AnalysisFlag::min, AnalysisFlag::max",4096,0.2,8.81347e+06
STDDEV,int64_t,"AnalysisFlag::min, AnalysisFlag::max",4096,0.2,8.78272e+06
STDDEV,int64_t,"AnalysisFlag::min, AnalysisFlag::max",4096,0.2,8.79944e+06
STDDEV,int64_t,"AnalysisFlag::min, AnalysisFlag::max",4096,0.2,8.82645e+06
STDDEV,int64_t,"AnalysisFlag::min, AnalysisFlag::max",4096,0.2,8.80432e+06
STDDEV,int64_t,"AnalysisFlag::min, AnalysisFlag::max",4096,0.2,8.85186e+06
STDDEV,int64_t,"AnalysisFlag::min, AnalysisFlag::max",4096,0.2,8.84224e+06
STDDEV,double,"AnalysisFlag::min, AnalysisFlag::max",1024,0.25,1.37008e+06
STDDEV,double,"AnalysisFlag::min, AnalysisFlag::max",1024,0.25,1.34902e+06
STDDEV,double,"AnalysisFlag::min, AnalysisFlag::max",1024,0.25,1.34701e+06
STDDEV,double,"AnalysisFlag::min, AnalysisFlag::max",1024,0.25,1.34421e+06
STDDEV,double,"AnalysisFlag::min, AnalysisFlag::max",1024,0.25,1.3456e+06
STDDEV,double,"AnalysisFlag::min, AnalysisFlag::max",1024,0.25,1.34222e+06
STDDEV,double,"AnalysisFlag::min, AnalysisFlag::max",1024,0.25,1.34836e+06
STDDEV,double,"AnalysisFlag::min, AnalysisFlag::max",1024,0.25,1.34357e+06
STDDEV,double,"AnalysisFlag::min, AnalysisFlag::max",1024,0.25,1.34396e+06
STDDEV,double,"AnalysisFlag::min, AnalysisFlag::max",1024,0.25,1.34287e+06
STDDEV,double,"AnalysisFlag::min, AnalysisFlag::max",2048,0.25,6.24378e+06
STDDEV,double,"AnalysisFlag::min, AnalysisFlag::max",2048,0.25,6.22972e+06
STDDEV,double,"AnalysisFlag::min, AnalysisFlag::max",2048,0.25,6.23358e+06
STDDEV,double,"AnalysisFlag::min, AnalysisFlag::max",2048,0.25,6.23223e+06
STDDEV,double,"AnalysisFlag::min, AnalysisFlag::max",2048,0.25,6.25384e+06
STDDEV,double,"AnalysisFlag::min, AnalysisFlag::max",2048,0.25,6.29434e+06
STDDEV,double,"AnalysisFlag::min, AnalysisFlag::max",2048,0.25,6.33257e+06
STDDEV,double,"AnalysisFlag::min, AnalysisFlag::max",2048,0.25,6.22557e+06
STDDEV,double,"AnalysisFlag::min, AnalysisFlag::max",2048,0.25,6.21898e+06
STDDEV,double,"AnalysisFlag::min, AnalysisFlag::max",2048,0.25,6.30589e+06
STDDEV,double,"AnalysisFlag::min, AnalysisFlag::max",4096,0.25,2.61099e+07
STDDEV,double,"AnalysisFlag::min, AnalysisFlag::max",4096,0.25,2.60914e+07
STDDEV,double,"AnalysisFlag::min, AnalysisFlag::max",4096,0.25,2.60961e+07
STDDEV,double,"AnalysisFlag::min, AnalysisFlag::max",4096,0.25,2.60937e+07
STDDEV,double,"AnalysisFlag::min, AnalysisFlag::max",4096,0.25,2.60927e+07
STDDEV,double,"AnalysisFlag::min, AnalysisFlag::max",4096,0.25,2.60936e+07
STDDEV,double,"AnalysisFlag::min, AnalysisFlag::max",4096,0.25,2.61461e+07
STDDEV,double,"AnalysisFlag::min, AnalysisFlag::max",4096,0.25,2.6088e+07
STDDEV,double,"AnalysisFlag::min, AnalysisFlag::max",4096,0.25,2.61072e+07
STDDEV,double,"AnalysisFlag::min, AnalysisFlag::max",4096,0.25,2.60868e+07
STDDEV,int64_t,"AnalysisFlag::min, AnalysisFlag::max",1024,0.25,1.45815e+06
STDDEV,int64_t,"AnalysisFlag::min, AnalysisFlag::max",1024,0.25,1.45076e+06
STDDEV,int64_t,"AnalysisFlag::min, AnalysisFlag::max",1024,0.25,1.44838e+06
STDDEV,int64_t,"AnalysisFlag::min, AnalysisFlag::max",1024,0.25,1.44989e+06
STDDEV,int64_t,"AnalysisFlag::min, AnalysisFlag::max",1024,0.25,1.44873e+06
STDDEV,int64_t,"AnalysisFlag::min, AnalysisFlag::max",1024,0.25,1.44823e+06
STDDEV,int64_t,"AnalysisFlag::min, AnalysisFlag::max",1024,0.25,1.4498e+06
STDDEV,int64_t,"AnalysisFlag::min, AnalysisFlag::max",1024,0.25,1.44897e+06
STDDEV,int64_t,"AnalysisFlag::min, AnalysisFlag::max",1024,0.25,1.44839e+06
STDDEV,int64_t,"AnalysisFlag::min, AnalysisFlag::max",1024,0.25,1.45032e+06
STDDEV,int64_t,"AnalysisFlag::min, AnalysisFlag::max",2048,0.25,6.57776e+06
STDDEV,int64_t,"AnalysisFlag::min, AnalysisFlag::max",2048,0.25,6.58376e+06
STDDEV,int64_t,"AnalysisFlag::min, AnalysisFlag::max",2048,0.25,6.55414e+06
STDDEV,int64_t,"AnalysisFlag::min, AnalysisFlag::max",2048,0.25,6.55302e+06
STDDEV,int64_t,"AnalysisFlag::min, AnalysisFlag::max",2048,0.25,6.55659e+06
STDDEV,int64_t,"AnalysisFlag::min, AnalysisFlag::max",2048,0.25,6.5617e+06
STDDEV,int64_t,"AnalysisFlag::min, AnalysisFlag::max",2048,0.25,6.55703e+06
STDDEV,int64_t,"AnalysisFlag::min, AnalysisFlag::max",2048,0.25,6.54623e+06
STDDEV,int64_t,"AnalysisFlag::min, AnalysisFlag::max",2048,0.25,6.56514e+06
STDDEV,int64_t,"AnalysisFlag::min, AnalysisFlag::max",2048,0.25,6.56977e+06
STDDEV,int64_t,"AnalysisFlag::min, AnalysisFlag::max",4096,0.25,2.67116e+07
STDDEV,int64_t,"AnalysisFlag::min, AnalysisFlag::max",4096,0.25,2.6542e+07
STDDEV,int64_t,"AnalysisFlag::min, AnalysisFlag::max",4096,0.25,2.65689e+07
STDDEV,int64_t,"AnalysisFlag::min, AnalysisFlag::max",4096,0.25,2.66251e+07
STDDEV,int64_t,"AnalysisFlag::min, AnalysisFlag::max",4096,0.25,2.66489e+07
STDDEV,int64_t,"AnalysisFlag::min, AnalysisFlag::max",4096,0.25,2.65827e+07
STDDEV,int64_t,"AnalysisFlag::min, AnalysisFlag::max",4096,0.25,2.66278e+07
STDDEV,int64_t,"AnalysisFlag::min, AnalysisFlag::max",4096,0.25,2.65661e+07
STDDEV,int64_t,"AnalysisFlag::min, AnalysisFlag::max",4096,0.25,2.66023e+07
STDDEV,int64_t,"AnalysisFlag::min, AnalysisFlag::max",4096,0.25,2.65565e+07
STDDEV,double,"AnalysisFlag::min, AnalysisFlag::max",1024,1,1.53753e+06
STDDEV,double,"AnalysisFlag::min, AnalysisFlag::max",1024,1,1.3617e+06
STDDEV,double,"AnalysisFlag::min, AnalysisFlag::max",1024,1,1.34508e+06
STDDEV,double,"AnalysisFlag::min, AnalysisFlag::max",1024,1,1.3465e+06
STDDEV,double,"AnalysisFlag::min, AnalysisFlag::max",1024,1,1.34869e+06
STDDEV,double,"AnalysisFlag::min, AnalysisFlag::max",1024,1,1.34466e+06
STDDEV,double,"AnalysisFlag::min, AnalysisFlag::max",1024,1,1.34846e+06
STDDEV,double,"AnalysisFlag::min, AnalysisFlag::max",1024,1,1.34386e+06
STDDEV,double,"AnalysisFlag::min, AnalysisFlag::max",1024,1,1.34765e+06
STDDEV,double,"AnalysisFlag::min, AnalysisFlag::max",1024,1,1.34794e+06
STDDEV,double,"AnalysisFlag::min, AnalysisFlag::max",2048,1,6.41027e+06
STDDEV,double,"AnalysisFlag::min, AnalysisFlag::max",2048,1,6.22661e+06
STDDEV,double,"AnalysisFlag::min, AnalysisFlag::max",2048,1,6.2732e+06
STDDEV,double,"AnalysisFlag::min, AnalysisFlag::max",2048,1,6.31396e+06
STDDEV,double,"AnalysisFlag::min, AnalysisFlag::max",2048,1,6.22878e+06
STDDEV,double,"AnalysisFlag::min, AnalysisFlag::max",2048,1,6.23249e+06
STDDEV,double,"AnalysisFlag::min, AnalysisFlag::max",2048,1,6.23938e+06
STDDEV,double,"AnalysisFlag::min, AnalysisFlag::max",2048,1,6.27154e+06
STDDEV,double,"AnalysisFlag::min, AnalysisFlag::max",2048,1,6.24916e+06
STDDEV,double,"AnalysisFlag::min, AnalysisFlag::max",2048,1,6.24428e+06
STDDEV,double,"AnalysisFlag::min, AnalysisFlag::max",4096,1,2.60845e+07
STDDEV,double,"AnalysisFlag::min, AnalysisFlag::max",4096,1,2.60979e+07
STDDEV,double,"AnalysisFlag::min, AnalysisFlag::max",4096,1,2.60467e+07
STDDEV,double,"AnalysisFlag::min, AnalysisFlag::max",4096,1,2.60756e+07
STDDEV,double,"AnalysisFlag::min, AnalysisFlag::max",4096,1,2.61105e+07
STDDEV,double,"AnalysisFlag::min, AnalysisFlag::max",4096,1,2.60978e+07
STDDEV,double,"AnalysisFlag::min, AnalysisFlag::max",4096,1,2.60842e+07
STDDEV,double,"AnalysisFlag::min, AnalysisFlag::max",4096,1,2.60747e+07
STDDEV,double,"AnalysisFlag::min, AnalysisFlag::max",4096,1,2.608e+07
STDDEV,double,"AnalysisFlag::min, AnalysisFlag::max",4096,1,2.60808e+07
STDDEV,int64_t,"AnalysisFlag::min, AnalysisFlag::max",1024,1,1.67003e+06
STDDEV,int64_t,"AnalysisFlag::min, AnalysisFlag::max",1024,1,1.48633e+06
STDDEV,int64_t,"AnalysisFlag::min, AnalysisFlag::max",1024,1,1.44892e+06
STDDEV,int64_t,"AnalysisFlag::min, AnalysisFlag::max",1024,1,1.45112e+06
STDDEV,int64_t,"AnalysisFlag::min, AnalysisFlag::max",1024,1,1.44929e+06
STDDEV,int64_t,"AnalysisFlag::min, AnalysisFlag::max",1024,1,1.45063e+06
STDDEV,int64_t,"AnalysisFlag::min, AnalysisFlag::max",1024,1,1.44843e+06
STDDEV,int64_t,"AnalysisFlag::min, AnalysisFlag::max",1024,1,1.44634e+06
STDDEV,int64_t,"AnalysisFlag::min, AnalysisFlag::max",1024,1,1.44909e+06
STDDEV,int64_t,"AnalysisFlag::min, AnalysisFlag::max",1024,1,1.44762e+06
STDDEV,int64_t,"AnalysisFlag::min, AnalysisFlag::max",2048,1,6.6167e+06
STDDEV,int64_t,"AnalysisFlag::min, AnalysisFlag::max",2048,1,6.54081e+06
STDDEV,int64_t,"AnalysisFlag::min, AnalysisFlag::max",2048,1,6.518e+06
STDDEV,int64_t,"AnalysisFlag::min, AnalysisFlag::max",2048,1,6.53442e+06
STDDEV,int64_t,"AnalysisFlag::min, AnalysisFlag::max",2048,1,6.54628e+06
STDDEV,int64_t,"AnalysisFlag::min, AnalysisFlag::max",2048,1,6.52945e+06
STDDEV,int64_t,"AnalysisFlag::min, AnalysisFlag::max",2048,1,6.52546e+06
STDDEV,int64_t,"AnalysisFlag::min, AnalysisFlag::max",2048,1,6.53723e+06
STDDEV,int64_t,"AnalysisFlag::min, AnalysisFlag::max",2048,1,6.52394e+06
STDDEV,int64_t,"AnalysisFlag::min, AnalysisFlag::max",2048,1,6.51942e+06
STDDEV,int64_t,"AnalysisFlag::min, AnalysisFlag::max",4096,1,2.65421e+07
STDDEV,int64_t,"AnalysisFlag::min, AnalysisFlag::max",4096,1,2.65475e+07
STDDEV,int64_t,"AnalysisFlag::min, AnalysisFlag::max",4096,1,2.65304e+07
STDDEV,int64_t,"AnalysisFlag::min, AnalysisFlag::max",4096,1,2.66525e+07
STDDEV,int64_t,"AnalysisFlag::min, AnalysisFlag::max",4096,1,2.67083e+07
STDDEV,int64_t,"AnalysisFlag::min, AnalysisFlag::max",4096,1,2.66056e+07
STDDEV,int64_t,"AnalysisFlag::min, AnalysisFlag::max",4096,1,2.65385e+07
STDDEV,int64_t,"AnalysisFlag::min, AnalysisFlag::max",4096,1,2.66633e+07
STDDEV,int64_t,"AnalysisFlag::min, AnalysisFlag::max",4096,1,2.65797e+07
STDDEV,int64_t,"AnalysisFlag::min, AnalysisFlag::max",4096,1,2.66619e+07
VAR,double,"AnalysisFlag::min, AnalysisFlag::max",1024,0.001,10832
VAR,double,"AnalysisFlag::min, AnalysisFlag::max",1024,0.001,7558
VAR,double,"AnalysisFlag::min, AnalysisFlag::max",1024,0.001,7670
VAR,double,"AnalysisFlag::min, AnalysisFlag::max",1024,0.001,7387
VAR,double,"AnalysisFlag::min, AnalysisFlag::max",1024,0.001,7322
VAR,double,"AnalysisFlag::min, AnalysisFlag::max",1024,0.001,7761
VAR,double,"AnalysisFlag::min, AnalysisFlag::max",1024,0.001,7296
VAR,double,"AnalysisFlag::min, AnalysisFlag::max",1024,0.001,7488
VAR,double,"AnalysisFlag::min, AnalysisFlag::max",1024,0.001,7344
VAR,double,"AnalysisFlag::min, AnalysisFlag::max",1024,0.001,7395
VAR,double,"AnalysisFlag::min, AnalysisFlag::max",2048,0.001,19677
VAR,double,"AnalysisFlag::min, AnalysisFlag::max",2048,0.001,19467
VAR,double,"AnalysisFlag::min, AnalysisFlag::max",2048,0.001,19714
VAR,double,"AnalysisFlag::min, AnalysisFlag::max",2048,0.001,19797
VAR,double,"AnalysisFlag::min, AnalysisFlag::max",2048,0.001,19106
VAR,double,"AnalysisFlag::min, AnalysisFlag::max",2048,0.001,18516
VAR,double,"AnalysisFlag::min, AnalysisFlag::max",2048,0.001,19349
VAR,double,"AnalysisFlag::min, AnalysisFlag::max",2048,0.001,18562
VAR,double,"AnalysisFlag::min, AnalysisFlag::max",2048,0.001,19346
VAR,double,"AnalysisFlag::min, AnalysisFlag::max",2048,0.001,19378
VAR,double,"AnalysisFlag::min, AnalysisFlag::max",4096,0.001,64110
VAR,double,"AnalysisFlag::min, AnalysisFlag::max",4096,0.001,63513
VAR,double,"AnalysisFlag::min, AnalysisFlag::max",4096,0.001,65217
VAR,double,"AnalysisFlag::min, AnalysisFlag::max",4096,0.001,63674
VAR,double,"AnalysisFlag::min, AnalysisFlag::max",4096,0.001,63884
VAR,double,"AnalysisFlag::min, AnalysisFlag::max",4096,0.001,59925
VAR,double,"AnalysisFlag::min, AnalysisFlag::max",4096,0.001,63688
VAR,double,"AnalysisFlag::min, AnalysisFlag::max",4096,0.001,61971
VAR,double,"AnalysisFlag::min, AnalysisFlag::max",4096,0.001,61930
VAR,double,"AnalysisFlag::min, AnalysisFlag::max",4096,0.001,61771
VAR,int64_t,"AnalysisFlag::min, AnalysisFlag::max",1024,0.001,10747
VAR,int64_t,"AnalysisFlag::min, AnalysisFlag::max",1024,0.001,9159
VAR,int64_t,"AnalysisFlag::min, AnalysisFlag::max",1024,0.001,9138
VAR,int64_t,"AnalysisFlag::min, AnalysisFlag::max",1024,0.001,9209
VAR,int64_t,"AnalysisFlag::min, AnalysisFlag::max",1024,0.001,9101
VAR,int64_t,"AnalysisFlag::min, AnalysisFlag::max",1024,0.001,9073
VAR,int64_t,"AnalysisFlag::min, AnalysisFlag::max",1024,0.001,9060
VAR,int64_t,"AnalysisFlag::min, AnalysisFlag::max",1024,0.001,8928
VAR,int64_t,"AnalysisFlag::min, AnalysisFlag::max",1024,0.001,8964
VAR,int64_t,"AnalysisFlag::min, AnalysisFlag::max",1024,0.001,9067
VAR,int64_t,"AnalysisFlag::min, AnalysisFlag::max",2048,0.001,21520
VAR,int64_t,"AnalysisFlag::min, AnalysisFlag::max",2048,0.001,21723
VAR,int64_t,"AnalysisFlag::min, AnalysisFlag::max",2048,0.001,21524
VAR,int64_t,"AnalysisFlag::min, AnalysisFlag::max",2048,0.001,21880
VAR,int64_t,"AnalysisFlag::min, AnalysisFlag::max",2048,0.001,21774
VAR,int64_t,"AnalysisFlag::min, AnalysisFlag::max",2048,0.001,21558
VAR,int64_t,"AnalysisFlag::min, AnalysisFlag::max",2048,0.001,21664
VAR,int64_t,"AnalysisFlag::min, AnalysisFlag::max",2048,0.001,21678
VAR,int64_t,"AnalysisFlag::min, AnalysisFlag::max",2048,0.001,21662
VAR,int64_t,"AnalysisFlag::min, AnalysisFlag::max",2048,0.001,21678
VAR,int64_t,"AnalysisFlag::min, AnalysisFlag::max",4096,0.001,66985
VAR,int64_t,"AnalysisFlag::min, AnalysisFlag::max",4096,0.001,66580
VAR,int64_t,"AnalysisFlag::min, AnalysisFlag::max",4096,0.001,66968
VAR,int64_t,"AnalysisFlag::min, AnalysisFlag::max",4096,0.001,67414
VAR,int64_t,"AnalysisFlag::min, AnalysisFlag::max",4096,0.001,66637
VAR,int64_t,"AnalysisFlag::min, AnalysisFlag::max",4096,0.001,67139
VAR,int64_t,"AnalysisFlag::min, AnalysisFlag::max",4096,0.001,66898
VAR,int64_t,"AnalysisFlag::min, AnalysisFlag::max",4096,0.001,66955
VAR,int64_t,"AnalysisFlag::min, AnalysisFlag::max",4096,0.001,67341
VAR,int64_t,"AnalysisFlag::min, AnalysisFlag::max",4096,0.001,66955
VAR,double,"AnalysisFlag::min, AnalysisFlag::max",1024,0.01,27354
VAR,double,"AnalysisFlag::min, AnalysisFlag::max",1024,0.01,26872
VAR,double,"AnalysisFlag::min, AnalysisFlag::max",1024,0.01,26452
VAR,double,"AnalysisFlag::min, AnalysisFlag::max",1024,0.01,28330
VAR,double,"AnalysisFlag::min, AnalysisFlag::max",1024,0.01,26674
VAR,double,"AnalysisFlag::min, AnalysisFlag::max",1024,0.01,26482
VAR,double,"AnalysisFlag::min, AnalysisFlag::max",1024,0.01,27264
VAR,double,"AnalysisFlag::min, AnalysisFlag::max",1024,0.01,26706
VAR,double,"AnalysisFlag::min, AnalysisFlag::max",1024,0.01,26614
VAR,double,"AnalysisFlag::min, AnalysisFlag::max",1024,0.01,27465
VAR,double,"AnalysisFlag::min, AnalysisFlag::max",2048,0.01,110378
VAR,double,"AnalysisFlag::min, AnalysisFlag::max",2048,0.01,89692
VAR,double,"AnalysisFlag::min, AnalysisFlag::max",2048,0.01,98628
VAR,double,"AnalysisFlag::min, AnalysisFlag::max",2048,0.01,99994
VAR,double,"AnalysisFlag::min, AnalysisFlag::max",2048,0.01,90543
VAR,double,"AnalysisFlag::min, AnalysisFlag::max",2048,0.01,88442
VAR,double,"AnalysisFlag::min, AnalysisFlag::max",2048,0.01,98661
VAR,double,"AnalysisFlag::min, AnalysisFlag::max",2048,0.01,98865
VAR,double,"AnalysisFlag::min, AnalysisFlag::max",2048,0.01,99610
VAR,double,"AnalysisFlag::min, AnalysisFlag::max",2048,0.01,98775
VAR,double,"AnalysisFlag::min, AnalysisFlag::max",4096,0.01,448169
VAR,double,"AnalysisFlag::min, AnalysisFlag::max",4096,0.01,477074
VAR,double,"AnalysisFlag::min, AnalysisFlag::max",4096,0.01,487410
VAR,double,"AnalysisFlag::min, AnalysisFlag::max",4096,0.01,479500
VAR,double,"AnalysisFlag::min, AnalysisFlag::max",4096,0.01,488955
VAR,double,"AnalysisFlag::min, AnalysisFlag::max",4096,0.01,456424
VAR,double,"AnalysisFlag::min, AnalysisFlag::max",4096,0.01,468594
VAR,double,"AnalysisFlag::min, AnalysisFlag::max",4096,0.01,459474
VAR,double,"AnalysisFlag::min, AnalysisFlag::max",4096,0.01,445227
VAR,double,"AnalysisFlag::min, AnalysisFlag::max",4096,0.01,446938
VAR,int64_t,"AnalysisFlag::min, AnalysisFlag::max",1024,0.01,28020
VAR,int64_t,"AnalysisFlag::min, AnalysisFlag::max",1024,0.01,25941
VAR,int64_t,"AnalysisFlag::min, AnalysisFlag::max",1024,0.01,25862
VAR,int64_t,"AnalysisFlag::min, AnalysisFlag::max",1024,0.01,25877
VAR,int64_t,"AnalysisFlag::min, AnalysisFlag::max",1024,0.01,25812
VAR,int64_t,"AnalysisFlag::min, AnalysisFlag::max",1024,0.01,26008
VAR,int64_t,"AnalysisFlag::min, AnalysisFlag::max",1024,0.01,25636
VAR,int64_t,"AnalysisFlag::min, AnalysisFlag::max",1024,0.01,25429
VAR,int64_t,"AnalysisFlag::min, AnalysisFlag::max",1024,0.01,25758
VAR,int64_t,"AnalysisFlag::min, AnalysisFlag::max",1024,0.01,25725
VAR,int64_t,"AnalysisFlag::min, AnalysisFlag::max",2048,0.01,92738
VAR,int64_t,"AnalysisFlag::min, AnalysisFlag::max",2048,0.01,92611
VAR,int64_t,"AnalysisFlag::min, AnalysisFlag::max",2048,0.01,92785
VAR,int64_t,"AnalysisFlag::min, AnalysisFlag::max",2048,0.01,92949
VAR,int64_t,"AnalysisFlag::min, AnalysisFlag::max",2048,0.01,93075
VAR,int64_t,"AnalysisFlag::min, AnalysisFlag::max",2048,0.01,93004
VAR,int64_t,"AnalysisFlag::min, AnalysisFlag::max",2048,0.01,93005
VAR,int64_t,"AnalysisFlag::min, AnalysisFlag::max",2048,0.01,92434
VAR,int64_t,"AnalysisFlag::min, AnalysisFlag::max",2048,0.01,92753
VAR,int64_t,"AnalysisFlag::min, AnalysisFlag::max",2048,0.01,92954
VAR,int64_t,"AnalysisFlag::min, AnalysisFlag::max",4096,0.01,449023
VAR,int64_t,"AnalysisFlag::min, AnalysisFlag::max",4096,0.01,427503
VAR,int64_t,"AnalysisFlag::min, AnalysisFlag::max",4096,0.01,445527
VAR,int64_t,"AnalysisFlag::min, AnalysisFlag::max",4096,0.01,472106
VAR,int64_t,"AnalysisFlag::min, AnalysisFlag::max",4096,0.01,444637
VAR,int64_t,"AnalysisFlag::min, AnalysisFlag::max",4096,0.01,470538
VAR,int64_t,"AnalysisFlag::min, AnalysisFlag::max",4096,0.01,423921
VAR,int64_t,"AnalysisFlag::min, AnalysisFlag::max",4096,0.01,471711
VAR,int64_t,"AnalysisFlag::min, AnalysisFlag::max",4096,0.01,448151
VAR,int64_t,"AnalysisFlag::min, AnalysisFlag::max",4096,0.01,425173
VAR,double,"AnalysisFlag::min, AnalysisFlag::max",1024,0.05,111374
VAR,double,"AnalysisFlag::min, AnalysisFlag::max",1024,0.05,112541
VAR,double,"AnalysisFlag::min, AnalysisFlag::max",1024,0.05,137610
VAR,double,"AnalysisFlag::min, AnalysisFlag::max",1024,0.05,119764
VAR,double,"AnalysisFlag::min, AnalysisFlag::max",1024,0.05,136446
VAR,double,"AnalysisFlag::min, AnalysisFlag::max",1024,0.05,98227
VAR,double,"AnalysisFlag::min, AnalysisFlag::max",1024,0.05,100773
VAR,double,"AnalysisFlag::min, AnalysisFlag::max",1024,0.05,114032
VAR,double,"AnalysisFlag::min, AnalysisFlag::max",1024,0.05,119194
VAR,double,"AnalysisFlag::min, AnalysisFlag::max",1024,0.05,110138
VAR,double,"AnalysisFlag::min, AnalysisFlag::max",2048,0.05,464587
VAR,double,"AnalysisFlag::min, AnalysisFlag::max",2048,0.05,447258
VAR,double,"AnalysisFlag::min, AnalysisFlag::max",2048,0.05,411371
VAR,double,"AnalysisFlag::min, AnalysisFlag::max",2048,0.05,431945
VAR,double,"AnalysisFlag::min, AnalysisFlag::max",2048,0.05,488273
VAR,double,"AnalysisFlag::min, AnalysisFlag::max",2048,0.05,435614
VAR,double,"AnalysisFlag::min, AnalysisFlag::max",2048,0.05,485598
VAR,double,"AnalysisFlag::min, AnalysisFlag::max",2048,0.05,495578
VAR,double,"AnalysisFlag::min, AnalysisFlag::max",2048,0.05,467585
VAR,double,"AnalysisFlag::min, AnalysisFlag::max",2048,0.05,459355
VAR,double,"AnalysisFlag::min, AnalysisFlag::max",4096,0.05,2.25447e+06
VAR,double,"AnalysisFlag::min, AnalysisFlag::max",4096,0.05,2.20758e+06
VAR,double,"AnalysisFlag::min, AnalysisFlag::max",4096,0.05,2.21968e+06
VAR,double,"AnalysisFlag::min, AnalysisFlag::max",4096,0.05,2.17328e+06
VAR,double,"AnalysisFlag::min, AnalysisFlag::max",4096,0.05,2.19158e+06
VAR,double,"AnalysisFlag::min, AnalysisFlag::max",4096,0.05,2.2172e+06
VAR,double,"AnalysisFlag::min, AnalysisFlag::max",4096,0.05,2.19047e+06
VAR,double,"AnalysisFlag::min, AnalysisFlag::max",4096,0.05,2.16574e+06
VAR,double,"AnalysisFlag::min, AnalysisFlag::max",4096,0.05,2.20105e+06
VAR,double,"AnalysisFlag::min, AnalysisFlag::max",4096,0.05,2.1945e+06
VAR,int64_t,"AnalysisFlag::min, AnalysisFlag::max",1024,0.05,101893
VAR,int64_t,"AnalysisFlag::min, AnalysisFlag::max",1024,0.05,123118
VAR,int64_t,"AnalysisFlag::min, AnalysisFlag::max",1024,0.05,100875
VAR,int64_t,"AnalysisFlag::min, AnalysisFlag::max",1024,0.05,117620
VAR,int64_t,"AnalysisFlag::min, AnalysisFlag::max",1024,0.05,99468
VAR,int64_t,"AnalysisFlag::min, AnalysisFlag::max",1024,0.05,99453
VAR,int64_t,"AnalysisFlag::min, AnalysisFlag::max",1024,0.05,99221
VAR,int64_t,"AnalysisFlag::min, AnalysisFlag::max",1024,0.05,99863
VAR,int64_t,"AnalysisFlag::min, AnalysisFlag::max",1024,0.05,100842
VAR,int64_t,"AnalysisFlag::min, AnalysisFlag::max",1024,0.05,99854
VAR,int64_t,"AnalysisFlag::min, AnalysisFlag::max",2048,0.05,432751
VAR,int64_t,"AnalysisFlag::min, AnalysisFlag::max",2048,0.05,447079
VAR,int64_t,"AnalysisFlag::min, AnalysisFlag::max",2048,0.05,452523
VAR,int64_t,"AnalysisFlag::min, AnalysisFlag::max",2048,0.05,430381
VAR,int64_t,"AnalysisFlag::min, AnalysisFlag::max",2048,0.05,424534
VAR,int64_t,"AnalysisFlag::min, AnalysisFlag::max",2048,0.05,431177
VAR,int64_t,"AnalysisFlag::min, AnalysisFlag::max",2048,0.05,444578
VAR,int64_t,"AnalysisFlag::min, AnalysisFlag::max",2048,0.05,452550
VAR,int64_t,"AnalysisFlag::min, AnalysisFlag::max",2048,0.05,405540
VAR,int64_t,"AnalysisFlag::min, AnalysisFlag::max",2048,0.05,443923
VAR,int64_t,"AnalysisFlag::min, AnalysisFlag::max",4096,0.05,2.09155e+06
VAR,int64_t,"AnalysisFlag::min, AnalysisFlag::max",4096,0.05,2.0937e+06
VAR,int64_t,"AnalysisFlag::min, AnalysisFlag::max",4096,0.05,2.09191e+06
VAR,int64_t,"AnalysisFlag::min, AnalysisFlag::max",4096,0.05,2.08693e+06
VAR,int64_t,"AnalysisFlag::min, AnalysisFlag::max",4096,0.05,2.07568e+06
VAR,int64_t,"AnalysisFlag::min, AnalysisFlag::max",4096,0.05,2.07635e+06
VAR,int64_t,"AnalysisFlag::min, AnalysisFlag::max",4096,0.05,2.08492e+06
VAR,int64_t,"AnalysisFlag::min, AnalysisFlag::max",4096,0.05,2.27734e+06
VAR,int64_t,"AnalysisFlag::min, AnalysisFlag::max",4096,0.05,2.08524e+06
VAR,int64_t,"AnalysisFlag::min, AnalysisFlag::max",4096,0.05,2.09676e+06
VAR,double,"AnalysisFlag::min, AnalysisFlag::max",1024,0.1,223640
VAR,double,"AnalysisFlag::min, AnalysisFlag::max",1024,0.1,221042
VAR,double,"AnalysisFlag::min, AnalysisFlag::max",1024,0.1,261630
VAR,double,"AnalysisFlag::min, AnalysisFlag::max",1024,0.1,231537
VAR,double,"AnalysisFlag::min, AnalysisFlag::max",1024,0.1,242709
VAR,double,"AnalysisFlag::min, AnalysisFlag::max",1024,0.1,253949
VAR,double,"AnalysisFlag::min, AnalysisFlag::max",1024,0.1,234970
VAR,double,"AnalysisFlag::min, AnalysisFlag::max",1024,0.1,216642
VAR,double,"AnalysisFlag::min, AnalysisFlag::max",1024,0.1,254827
VAR,double,"AnalysisFlag::min, AnalysisFlag::max",1024,0.1,220529
VAR,double,"AnalysisFlag::min, AnalysisFlag::max",2048,0.1,870596
VAR,double,"AnalysisFlag::min, AnalysisFlag::max",2048,0.1,935288
VAR,double,"AnalysisFlag::min, AnalysisFlag::max",2048,0.1,897133
VAR,double,"AnalysisFlag::min, AnalysisFlag::max",2048,0.1,919788
VAR,double,"AnalysisFlag::min, AnalysisFlag::max",2048,0.1,866161
VAR,double,"AnalysisFlag::min, AnalysisFlag::max",2048,0.1,839937
VAR,double,"AnalysisFlag::min, AnalysisFlag::max",2048,0.1,867456
VAR,double,"AnalysisFlag::min, AnalysisFlag::max",2048,0.1,857615
VAR,double,"AnalysisFlag::min, AnalysisFlag::max",2048,0.1,939456
VAR,double,"AnalysisFlag::min, AnalysisFlag::max",2048,0.1,923791
VAR,double,"AnalysisFlag::min, AnalysisFlag::max",4096,0.1,4.83189e+06
VAR,double,"AnalysisFlag::min, AnalysisFlag::max",4096,0.1,4.76382e+06
VAR,double,"AnalysisFlag::min, AnalysisFlag::max",4096,0.1,4.73555e+06
VAR,double,"AnalysisFlag::min, AnalysisFlag::max",4096,0.1,4.77053e+06
VAR,double,"AnalysisFlag::min, AnalysisFlag::max",4096,0.1,4.73459e+06
VAR,double,"AnalysisFlag::min, AnalysisFlag::max",4096,0.1,4.72307e+06
VAR,double,"AnalysisFlag::min, AnalysisFlag::max",4096,0.1,4.76782e+06
VAR,double,"AnalysisFlag::min, AnalysisFlag::max",4096,0.1,4.80079e+06
VAR,double,"AnalysisFlag::min, AnalysisFlag::max",4096,0.1,4.8019e+06
VAR,double,"AnalysisFlag::min, AnalysisFlag::max",4096,0.1,4.76427e+06
VAR,int64_t,"AnalysisFlag::min, AnalysisFlag::max",1024,0.1,225763
VAR,int64_t,"AnalysisFlag::min, AnalysisFlag::max",1024,0.1,234376
VAR,int64_t,"AnalysisFlag::min, AnalysisFlag::max",1024,0.1,218645
VAR,int64_t,"AnalysisFlag::min, AnalysisFlag::max",1024,0.1,233541
VAR,int64_t,"AnalysisFlag::min, AnalysisFlag::max",1024,0.1,234725
VAR,int64_t,"AnalysisFlag::min, AnalysisFlag::max",1024,0.1,215406
VAR,int64_t,"AnalysisFlag::min, AnalysisFlag::max",1024,0.1,194648
VAR,int64_t,"AnalysisFlag::min, AnalysisFlag::max",1024,0.1,237113
VAR,int64_t,"AnalysisFlag::min, AnalysisFlag::max",1024,0.1,194494
VAR,int64_t,"AnalysisFlag::min, AnalysisFlag::max",1024,0.1,211619
VAR,int64_t,"AnalysisFlag::min, AnalysisFlag::max",2048,0.1,846901
VAR,int64_t,"AnalysisFlag::min, AnalysisFlag::max",2048,0.1,834824
VAR,int64_t,"AnalysisFlag::min, AnalysisFlag::max",2048,0.1,821585
VAR,int64_t,"AnalysisFlag::min, AnalysisFlag::max",2048,0.1,805654
VAR,int64_t,"AnalysisFlag::min, AnalysisFlag::max",2048,0.1,812611
VAR,int64_t,"AnalysisFlag::min, AnalysisFlag::max",2048,0.1,838315
VAR,int64_t,"AnalysisFlag::min, AnalysisFlag::max",2048,0.1,809268
VAR,int64_t,"AnalysisFlag::min, AnalysisFlag::max",2048,0.1,817364
VAR,int64_t,"AnalysisFlag::min, AnalysisFlag::max",2048,0.1,820009
VAR,int64_t,"AnalysisFlag::min, AnalysisFlag::max",2048,0.1,826274
VAR,int64_t,"AnalysisFlag::min, AnalysisFlag::max",4096,0.1,4.63664e+06
VAR,int64_t,"AnalysisFlag::min, AnalysisFlag::max",4096,0.1,4.6304e+06
VAR,int64_t,"AnalysisFlag::min, AnalysisFlag::max",4096,0.1,4.6532e+06
VAR,int64_t,"AnalysisFlag::min, AnalysisFlag::max",4096,0.1,4.63534e+06
VAR,int64_t,"AnalysisFlag::min, AnalysisFlag::max",4096,0.1,4.60666e+06
VAR,int64_t,"AnalysisFlag::min, AnalysisFlag::max",4096,0.1,4.59312e+06
VAR,int64_t,"AnalysisFlag::min, AnalysisFlag::max",4096,0.1,4.60708e+06
VAR,int64_t,"AnalysisFlag::min, AnalysisFlag::max",4096,0.1,4.57918e+06
VAR,int64_t,"AnalysisFlag::min, AnalysisFlag::max",4096,0.1,4.63629e+06
VAR,int64_t,"AnalysisFlag::min, AnalysisFlag::max",4096,0.1,4.62145e+06
VAR,double,"AnalysisFlag::min, AnalysisFlag::max",1024,0.2,490884
VAR,double,"AnalysisFlag::min, AnalysisFlag::max",1024,0.2,458884
VAR,double,"AnalysisFlag::min, AnalysisFlag::max",1024,0.2,470323
VAR,double,"AnalysisFlag::min, AnalysisFlag::max",1024,0.2,457652
VAR,double,"AnalysisFlag::min, AnalysisFlag::max",1024,0.2,448710
VAR,double,"AnalysisFlag::min, AnalysisFlag::max",1024,0.2,415110
VAR,double,"AnalysisFlag::min, AnalysisFlag::max",1024,0.2,412883
VAR,double,"AnalysisFlag::min, AnalysisFlag::max",1024,0.2,444942
VAR,double,"AnalysisFlag::min, AnalysisFlag::max",1024,0.2,435841
VAR,double,"AnalysisFlag::min, AnalysisFlag::max",1024,0.2,488490
VAR,double,"AnalysisFlag::min, AnalysisFlag::max",2048,0.2,1.82625e+06
VAR,double,"AnalysisFlag::min, AnalysisFlag::max",2048,0.2,1.86729e+06
VAR,double,"AnalysisFlag::min, AnalysisFlag::max",2048,0.2,1.80639e+06
VAR,double,"AnalysisFlag::min, AnalysisFlag::max",2048,0.2,1.8704e+06
VAR,double,"AnalysisFlag::min, AnalysisFlag::max",2048,0.2,1.87041e+06
VAR,double,"AnalysisFlag::min, AnalysisFlag::max",2048,0.2,1.88792e+06
VAR,double,"AnalysisFlag::min, AnalysisFlag::max",2048,0.2,1.87342e+06
VAR,double,"AnalysisFlag::min, AnalysisFlag::max",2048,0.2,1.86427e+06
VAR,double,"AnalysisFlag::min, AnalysisFlag::max",2048,0.2,1.81552e+06
VAR,double,"AnalysisFlag::min, AnalysisFlag::max",2048,0.2,1.88872e+06
VAR,double,"AnalysisFlag::min, AnalysisFlag::max",4096,0.2,9.02586e+06
VAR,double,"AnalysisFlag::min, AnalysisFlag::max",4096,0.2,9.01549e+06
VAR,double,"AnalysisFlag::min, AnalysisFlag::max",4096,0.2,9.0209e+06
VAR,double,"AnalysisFlag::min, AnalysisFlag::max",4096,0.2,8.99498e+06
VAR,double,"AnalysisFlag::min, AnalysisFlag::max",4096,0.2,8.99059e+06
VAR,double,"AnalysisFlag::min, AnalysisFlag::max",4096,0.2,9.03255e+06
VAR,double,"AnalysisFlag::min, AnalysisFlag::max",4096,0.2,9.00692e+06
VAR,double,"AnalysisFlag::min, AnalysisFlag::max",4096,0.2,9.00897e+06
VAR,double,"AnalysisFlag::min, AnalysisFlag::max",4096,0.2,9.02634e+06
VAR,double,"AnalysisFlag::min, AnalysisFlag::max",4096,0.2,9.01844e+06
VAR,int64_t,"AnalysisFlag::min, AnalysisFlag::max",1024,0.2,411025
VAR,int64_t,"AnalysisFlag::min, AnalysisFlag::max",1024,0.2,406135
VAR,int64_t,"AnalysisFlag::min, AnalysisFlag::max",1024,0.2,407539
VAR,int64_t,"AnalysisFlag::min, AnalysisFlag::max",1024,0.2,418582
VAR,int64_t,"AnalysisFlag::min, AnalysisFlag::max",1024,0.2,426721
VAR,int64_t,"AnalysisFlag::min, AnalysisFlag::max",1024,0.2,387473
VAR,int64_t,"AnalysisFlag::min, AnalysisFlag::max",1024,0.2,416214
VAR,int64_t,"AnalysisFlag::min, AnalysisFlag::max",1024,0.2,433062
VAR,int64_t,"AnalysisFlag::min, AnalysisFlag::max",1024,0.2,428483
VAR,int64_t,"AnalysisFlag::min, AnalysisFlag::max",1024,0.2,422382
VAR,int64_t,"AnalysisFlag::min, AnalysisFlag::max",2048,0.2,1.7442e+06
VAR,int64_t,"AnalysisFlag::min, AnalysisFlag::max",2048,0.2,1.65693e+06
VAR,int64_t,"AnalysisFlag::min, AnalysisFlag::max",2048,0.2,1.61591e+06
VAR,int64_t,"AnalysisFlag::min, AnalysisFlag::max",2048,0.2,1.63273e+06
VAR,int64_t,"AnalysisFlag::min, AnalysisFlag::max",2048,0.2,1.63327e+06
VAR,int64_t,"AnalysisFlag::min, AnalysisFlag::max",2048,0.2,1.64849e+06
VAR,int64_t,"AnalysisFlag::min, AnalysisFlag::max",2048,0.2,1.62656e+06
VAR,int64_t,"AnalysisFlag::min, AnalysisFlag::max",2048,0.2,1.61626e+06
VAR,int64_t,"AnalysisFlag::min, AnalysisFlag::max",2048,0.2,1.62174e+06
VAR,int64_t,"AnalysisFlag::min, AnalysisFlag::max",2048,0.2,1.64866e+06
VAR,int64_t,"AnalysisFlag::min, AnalysisFlag::max",4096,0.2,8.83867e+06
VAR,int64_t,"AnalysisFlag::min, AnalysisFlag::max",4096,0.2,8.81939e+06
VAR,int64_t,"AnalysisFlag::min, AnalysisFlag::max",4096,0.2,8.8895e+06
VAR,int64_t,"AnalysisFlag::min, AnalysisFlag::max",4096,0.2,8.81499e+06
VAR,int64_t,"AnalysisFlag::min, AnalysisFlag::max",4096,0.2,8.79755e+06
VAR,int64_t,"AnalysisFlag::min, AnalysisFlag::max",4096,0.2,8.79563e+06
VAR,int64_t,"AnalysisFlag::min, AnalysisFlag::max",4096,0.2,8.81755e+06
VAR,int64_t,"AnalysisFlag::min, AnalysisFlag::max",4096,0.2,8.80213e+06
VAR,int64_t,"AnalysisFlag::min, AnalysisFlag::max",4096,0.2,8.79281e+06
VAR,int64_t,"AnalysisFlag::min, AnalysisFlag::max",4096,0.2,8.81728e+06
VAR,double,"AnalysisFlag::min, AnalysisFlag::max",1024,0.25,1.3619e+06
VAR,double,"AnalysisFlag::min, AnalysisFlag::max",1024,0.25,1.35452e+06
VAR,double,"AnalysisFlag::min, AnalysisFlag::max",1024,0.25,1.35669e+06
VAR,double,"AnalysisFlag::min, AnalysisFlag::max",1024,0.25,1.35522e+06
VAR,double,"AnalysisFlag::min, AnalysisFlag::max",1024,0.25,1.35732e+06
VAR,double,"AnalysisFlag::min, AnalysisFlag::max",1024,0.25,1.36231e+06
VAR,double,"AnalysisFlag::min, AnalysisFlag::max",1024,0.25,1.3599e+06
VAR,double,"AnalysisFlag::min, AnalysisFlag::max",1024,0.25,1.35337e+06
VAR,double,"AnalysisFlag::min, AnalysisFlag::max",1024,0.25,1.35396e+06
VAR,double,"AnalysisFlag::min, AnalysisFlag::max",1024,0.25,1.34117e+06
VAR,double,"AnalysisFlag::min, AnalysisFlag::max",2048,0.25,6.24015e+06
VAR,double,"AnalysisFlag::min, AnalysisFlag::max",2048,0.25,6.19236e+06
VAR,double,"AnalysisFlag::min, AnalysisFlag::max",2048,0.25,6.18138e+06
VAR,double,"AnalysisFlag::min, AnalysisFlag::max",2048,0.25,6.17664e+06
VAR,double,"AnalysisFlag::min, AnalysisFlag::max",2048,0.25,6.18929e+06
VAR,double,"AnalysisFlag::min, AnalysisFlag::max",2048,0.25,6.14444e+06
VAR,double,"AnalysisFlag::min, AnalysisFlag::max",2048,0.25,6.16032e+06
VAR,double,"AnalysisFlag::min, AnalysisFlag::max",2048,0.25,6.19085e+06
VAR,double,"AnalysisFlag::min, AnalysisFlag::max",2048,0.25,6.14444e+06
VAR,double,"AnalysisFlag::min, AnalysisFlag::max",2048,0.25,6.20068e+06
VAR,double,"AnalysisFlag::min, AnalysisFlag::max",4096,0.25,2.60655e+07
VAR,double,"AnalysisFlag::min, AnalysisFlag::max",4096,0.25,2.60968e+07
VAR,double,"AnalysisFlag::min, AnalysisFlag::max",4096,0.25,2.60644e+07
VAR,double,"AnalysisFlag::min, AnalysisFlag::max",4096,0.25,2.60864e+07
VAR,double,"AnalysisFlag::min, AnalysisFlag::max",4096,0.25,2.60621e+07
VAR,double,"AnalysisFlag::min, AnalysisFlag::max",4096,0.25,2.60679e+07
VAR,double,"AnalysisFlag::min, AnalysisFlag::max",4096,0.25,2.60798e+07
VAR,double,"AnalysisFlag::min, AnalysisFlag::max",4096,0.25,2.60583e+07
VAR,double,"AnalysisFlag::min, AnalysisFlag::max",4096,0.25,2.60916e+07
VAR,double,"AnalysisFlag::min, AnalysisFlag::max",4096,0.25,2.60536e+07
VAR,int64_t,"AnalysisFlag::min, AnalysisFlag::max",1024,0.25,1.45932e+06
VAR,int64_t,"AnalysisFlag::min, AnalysisFlag::max",1024,0.25,1.45188e+06
VAR,int64_t,"AnalysisFlag::min, AnalysisFlag::max",1024,0.25,1.45345e+06
VAR,int64_t,"AnalysisFlag::min, AnalysisFlag::max",1024,0.25,1.45052e+06
VAR,int64_t,"AnalysisFlag::min, AnalysisFlag::max",1024,0.25,1.45451e+06
VAR,int64_t,"AnalysisFlag::min, AnalysisFlag::max",1024,0.25,1.45181e+06
VAR,int64_t,"AnalysisFlag::min, AnalysisFlag::max",1024,0.25,1.45016e+06
VAR,int64_t,"AnalysisFlag::min, AnalysisFlag::max",1024,0.25,1.45918e+06
VAR,int64_t,"AnalysisFlag::min, AnalysisFlag::max",1024,0.25,1.45221e+06
VAR,int64_t,"AnalysisFlag::min, AnalysisFlag::max",1024,0.25,1.45227e+06
VAR,int64_t,"AnalysisFlag::min, AnalysisFlag::max",2048,0.25,6.60929e+06
VAR,int64_t,"AnalysisFlag::min, AnalysisFlag::max",2048,0.25,6.53827e+06
VAR,int64_t,"AnalysisFlag::min, AnalysisFlag::max",2048,0.25,6.4769e+06
VAR,int64_t,"AnalysisFlag::min, AnalysisFlag::max",2048,0.25,6.5648e+06
VAR,int64_t,"AnalysisFlag::min, AnalysisFlag::max",2048,0.25,6.59374e+06
VAR,int64_t,"AnalysisFlag::min, AnalysisFlag::max",2048,0.25,6.52858e+06
VAR,int64_t,"AnalysisFlag::min, AnalysisFlag::max",2048,0.25,6.5758e+06
VAR,int64_t,"AnalysisFlag::min, AnalysisFlag::max",2048,0.25,6.56893e+06
VAR,int64_t,"AnalysisFlag::min, AnalysisFlag::max",2048,0.25,6.5356e+06
VAR,int64_t,"AnalysisFlag::min, AnalysisFlag::max",2048,0.25,6.53092e+06
VAR,int64_t,"AnalysisFlag::min, AnalysisFlag::max",4096,0.25,2.65621e+07
VAR,int64_t,"AnalysisFlag::min, AnalysisFlag::max",4096,0.25,2.66144e+07
VAR,int64_t,"AnalysisFlag::min, AnalysisFlag::max",4096,0.25,2.65706e+07
VAR,int64_t,"AnalysisFlag::min, AnalysisFlag::max",4096,0.25,2.65508e+07
VAR,int64_t,"AnalysisFlag::min, AnalysisFlag::max",4096,0.25,2.65697e+07
VAR,int64_t,"AnalysisFlag::min, AnalysisFlag::max",4096,0.25,2.6654e+07
VAR,int64_t,"AnalysisFlag::min, AnalysisFlag::max",4096,0.25,2.6729e+07
VAR,int64_t,"AnalysisFlag::min, AnalysisFlag::max",4096,0.25,2.6685e+07
VAR,int64_t,"AnalysisFlag::min, AnalysisFlag::max",4096,0.25,2.66463e+07
VAR,int64_t,"AnalysisFlag::min, AnalysisFlag::max",4096,0.25,2.65774e+07
VAR,double,"AnalysisFlag::min, AnalysisFlag::max",1024,1,1.59081e+06
VAR,double,"AnalysisFlag::min, AnalysisFlag::max",1024,1,1.39694e+06
VAR,double,"AnalysisFlag::min, AnalysisFlag::max",1024,1,1.35506e+06
VAR,double,"AnalysisFlag::min, AnalysisFlag::max",1024,1,1.35495e+06
VAR,double,"AnalysisFlag::min, AnalysisFlag::max",1024,1,1.35682e+06
VAR,double,"AnalysisFlag::min, AnalysisFlag::max",1024,1,1.35517e+06
VAR,double,"AnalysisFlag::min, AnalysisFlag::max",1024,1,1.35638e+06
VAR,double,"AnalysisFlag::min, AnalysisFlag::max",1024,1,1.35537e+06
VAR,double,"AnalysisFlag::min, AnalysisFlag::max",1024,1,1.35433e+06
VAR,double,"AnalysisFlag::min, AnalysisFlag::max",1024,1,1.35674e+06
VAR,double,"AnalysisFlag::min, AnalysisFlag::max",2048,1,6.3744e+06
VAR,double,"AnalysisFlag::min, AnalysisFlag::max",2048,1,6.21344e+06
VAR,double,"AnalysisFlag::min, AnalysisFlag::max",2048,1,6.22189e+06
VAR,double,"AnalysisFlag::min, AnalysisFlag::max",2048,1,6.22678e+06
VAR,double,"AnalysisFlag::min, AnalysisFlag::max",2048,1,6.22178e+06
VAR,double,"AnalysisFlag::min, AnalysisFlag::max",2048,1,6.22649e+06
VAR,double,"AnalysisFlag::min, AnalysisFlag::max",2048,1,6.2136e+06
VAR,double,"AnalysisFlag::min, AnalysisFlag::max",2048,1,6.24039e+06
VAR,double,"AnalysisFlag::min, AnalysisFlag::max",2048,1,6.19321e+06
VAR,double,"AnalysisFlag::min, AnalysisFlag::max",2048,1,6.20989e+06
VAR,double,"AnalysisFlag::min, AnalysisFlag::max",4096,1,2.61464e+07
VAR,double,"AnalysisFlag::min, AnalysisFlag::max",4096,1,2.60913e+07
VAR,double,"AnalysisFlag::min, AnalysisFlag::max",4096,1,2.60933e+07
VAR,double,"AnalysisFlag::min, AnalysisFlag::max",4096,1,2.60795e+07
VAR,double,"AnalysisFlag::min, AnalysisFlag::max",4096,1,2.60698e+07
VAR,double,"AnalysisFlag::min, AnalysisFlag::max",4096,1,2.61353e+07
VAR,double,"AnalysisFlag::min, AnalysisFlag::max",4096,1,2.60959e+07
VAR,double,"AnalysisFlag::min, AnalysisFlag::max",4096,1,2.60923e+07
VAR,double,"AnalysisFlag::min, AnalysisFlag::max",4096,1,2.61067e+07
VAR,double,"AnalysisFlag::min, AnalysisFlag::max",4096,1,2.60856e+07
VAR,int64_t,"AnalysisFlag::min, AnalysisFlag::max",1024,1,1.6772e+06
VAR,int64_t,"AnalysisFlag::min, AnalysisFlag::max",1024,1,1.48917e+06
VAR,int64_t,"AnalysisFlag::min, AnalysisFlag::max",1024,1,1.45258e+06
VAR,int64_t,"AnalysisFlag::min, AnalysisFlag::max",1024,1,1.45377e+06
VAR,int64_t,"AnalysisFlag::min, AnalysisFlag::max",1024,1,1.45236e+06
VAR,int64_t,"AnalysisFlag::min, AnalysisFlag::max",1024,1,1.45474e+06
VAR,int64_t,"AnalysisFlag::min, AnalysisFlag::max",1024,1,1.45378e+06
VAR,int64_t,"AnalysisFlag::min, AnalysisFlag::max",1024,1,1.45112e+06
VAR,int64_t,"AnalysisFlag::min, AnalysisFlag::max",1024,1,1.45422e+06
VAR,int64_t,"AnalysisFlag::min, AnalysisFlag::max",1024,1,1.45182e+06
VAR,int64_t,"AnalysisFlag::min, AnalysisFlag::max",2048,1,6.65981e+06
VAR,int64_t,"AnalysisFlag::min, AnalysisFlag::max",2048,1,6.54099e+06
VAR,int64_t,"AnalysisFlag::min, AnalysisFlag::max",2048,1,6.53497e+06
VAR,int64_t,"AnalysisFlag::min, AnalysisFlag::max",2048,1,6.52736e+06
VAR,int64_t,"AnalysisFlag::min, AnalysisFlag::max",2048,1,6.55035e+06
VAR,int64_t,"AnalysisFlag::min, AnalysisFlag::max",2048,1,6.53401e+06
VAR,int64_t,"AnalysisFlag::min, AnalysisFlag::max",2048,1,6.52061e+06
VAR,int64_t,"AnalysisFlag::min, AnalysisFlag::max",2048,1,6.54864e+06
VAR,int64_t,"AnalysisFlag::min, AnalysisFlag::max",2048,1,6.53916e+06
VAR,int64_t,"AnalysisFlag::min, AnalysisFlag::max",2048,1,6.54529e+06
VAR,int64_t,"AnalysisFlag::min, AnalysisFlag::max",4096,1,2.65799e+07
VAR,int64_t,"AnalysisFlag::min, AnalysisFlag::max",4096,1,2.66091e+07
VAR,int64_t,"AnalysisFlag::min, AnalysisFlag::max",4096,1,2.67233e+07
VAR,int64_t,"AnalysisFlag::min, AnalysisFlag::max",4096,1,2.65659e+07
VAR,int64_t,"AnalysisFlag::min, AnalysisFlag::max",4096,1,2.65695e+07
VAR,int64_t,"AnalysisFlag::min, AnalysisFlag::max",4096,1,2.66662e+07
VAR,int64_t,"AnalysisFlag::min, AnalysisFlag::max",4096,1,2.66198e+07
VAR,int64_t,"AnalysisFlag::min, AnalysisFlag::max",4096,1,2.66387e+07
VAR,int64_t,"AnalysisFlag::min, AnalysisFlag::max",4096,1,2.66534e+07
VAR,int64_t,"AnalysisFlag::min, AnalysisFlag::max",4096,1,2.67121e+07
IDXMIN,double,"AnalysisFlag::min, AnalysisFlag::max",1024,0.25,510012
IDXMIN,double,"AnalysisFlag::min, AnalysisFlag::max",1024,0.25,476737
IDXMIN,double,"AnalysisFlag::min, AnalysisFlag::max",1024,0.25,473783
IDXMIN,double,"AnalysisFlag::min, AnalysisFlag::max",1024,0.25,480170
IDXMIN,double,"AnalysisFlag::min, AnalysisFlag::max",1024,0.25,474401
IDXMIN,double,"AnalysisFlag::min, AnalysisFlag::max",1024,0.25,473209
IDXMIN,double,"AnalysisFlag::min, AnalysisFlag::max",1024,0.25,475572
IDXMIN,double,"AnalysisFlag::min, AnalysisFlag::max",1024,0.25,472699
IDXMIN,double,"AnalysisFlag::min, AnalysisFlag::max",1024,0.25,471832
IDXMIN,double,"AnalysisFlag::min, AnalysisFlag::max",1024,0.25,477247
IDXMIN,double,"AnalysisFlag::min, AnalysisFlag::max",2048,0.25,2.24827e+06
IDXMIN,double,"AnalysisFlag::min, AnalysisFlag::max",2048,0.25,2.26512e+06
IDXMIN,double,"AnalysisFlag::min, AnalysisFlag::max",2048,0.25,2.2709e+06
IDXMIN,double,"AnalysisFlag::min, AnalysisFlag::max",2048,0.25,2.28481e+06
IDXMIN,double,"AnalysisFlag::min, AnalysisFlag::max",2048,0.25,2.24769e+06
IDXMIN,double,"AnalysisFlag::min, AnalysisFlag::max",2048,0.25,2.26456e+06
IDXMIN,double,"AnalysisFlag::min, AnalysisFlag::max",2048,0.25,2.24338e+06
IDXMIN,double,"AnalysisFlag::min, AnalysisFlag::max",2048,0.25,2.27391e+06
IDXMIN,double,"AnalysisFlag::min, AnalysisFlag::max",2048,0.25,2.18094e+06
IDXMIN,double,"AnalysisFlag::min, AnalysisFlag::max",2048,0.25,2.22558e+06
IDXMIN,double,"AnalysisFlag::min, AnalysisFlag::max",4096,0.25,9.34209e+06
IDXMIN,double,"AnalysisFlag::min, AnalysisFlag::max",4096,0.25,9.36259e+06
IDXMIN,double,"AnalysisFlag::min, AnalysisFlag::max",4096,0.25,9.33884e+06
IDXMIN,double,"AnalysisFlag::min, AnalysisFlag::max",4096,0.25,9.34259e+06
IDXMIN,double,"AnalysisFlag::min, AnalysisFlag::max",4096,0.25,9.3331e+06
IDXMIN,double,"AnalysisFlag::min, AnalysisFlag::max",4096,0.25,9.34345e+06
IDXMIN,double,"AnalysisFlag::min, AnalysisFlag::max",4096,0.25,9.34421e+06
IDXMIN,double,"AnalysisFlag::min, AnalysisFlag::max",4096,0.25,9.34583e+06
IDXMIN,double,"AnalysisFlag::min, AnalysisFlag::max",4096,0.25,9.34934e+06
IDXMIN,double,"AnalysisFlag::min, AnalysisFlag::max",4096,0.25,9.38829e+06
IDXMIN,int64_t,"AnalysisFlag::min, AnalysisFlag::max",1024,0.25,393755
IDXMIN,int64_t,"AnalysisFlag::min, AnalysisFlag::max",1024,0.25,353635
IDXMIN,int64_t,"AnalysisFlag::min, AnalysisFlag::max",1024,0.25,347776
IDXMIN,int64_t,"AnalysisFlag::min, AnalysisFlag::max",1024,0.25,350348
IDXMIN,int64_t,"AnalysisFlag::min, AnalysisFlag::max",1024,0.25,347215
IDXMIN,int64_t,"AnalysisFlag::min, AnalysisFlag::max",1024,0.25,347500
IDXMIN,int64_t,"AnalysisFlag::min, AnalysisFlag::max",1024,0.25,351079
IDXMIN,int64_t,"AnalysisFlag::min, AnalysisFlag::max",1024,0.25,347243
IDXMIN,int64_t,"AnalysisFlag::min, AnalysisFlag::max",1024,0.25,349251
IDXMIN,int64_t,"AnalysisFlag::min, AnalysisFlag::max",1024,0.25,347861
IDXMIN,int64_t,"AnalysisFlag::min, AnalysisFlag::max",2048,0.25,1.99027e+06
IDXMIN,int64_t,"AnalysisFlag::min, AnalysisFlag::max",2048,0.25,1.94654e+06
IDXMIN,int64_t,"AnalysisFlag::min, AnalysisFlag::max",2048,0.25,1.9528e+06
IDXMIN,int64_t,"AnalysisFlag::min, AnalysisFlag::max",2048,0.25,1.94219e+06
IDXMIN,int64_t,"AnalysisFlag::min, AnalysisFlag::max",2048,0.25,1.94025e+06
IDXMIN,int64_t,"AnalysisFlag::min, AnalysisFlag::max",2048,0.25,2.05088e+06
IDXMIN,int64_t,"AnalysisFlag::min, AnalysisFlag::max",2048,0.25,1.94596e+06
IDXMIN,int64_t,"AnalysisFlag::min, AnalysisFlag::max",2048,0.25,1.93688e+06
IDXMIN,int64_t,"AnalysisFlag::min, AnalysisFlag::max",2048,0.25,2.04522e+06
IDXMIN,int64_t,"AnalysisFlag::min, AnalysisFlag::max",2048,0.25,2.10959e+06
IDXMIN,int64_t,"AnalysisFlag::min, AnalysisFlag::max",4096,0.25,9.00554e+06
IDXMIN,int64_t,"AnalysisFlag::min, AnalysisFlag::max",4096,0.25,9.03256e+06
IDXMIN,int64_t,"AnalysisFlag::min, AnalysisFlag::max",4096,0.25,9.01928e+06
IDXMIN,int64_t,"AnalysisFlag::min, AnalysisFlag::max",4096,0.25,9.03997e+06
IDXMIN,int64_t,"AnalysisFlag::min, AnalysisFlag::max",4096,0.25,9.03007e+06
IDXMIN,int64_t,"AnalysisFlag::min, AnalysisFlag::max",4096,0.25,9.02375e+06
IDXMIN,int64_t,"AnalysisFlag::min, AnalysisFlag::max",4096,0.25,9.03173e+06
IDXMIN,int64_t,"AnalysisFlag::min, AnalysisFlag::max",4096,0.25,9.04315e+06
IDXMIN,int64_t,"AnalysisFlag::min, AnalysisFlag::max",4096,0.25,9.04836e+06
IDXMIN,int64_t,"AnalysisFlag::min, AnalysisFlag::max",4096,0.25,9.02406e+06
IDXMIN,double,"AnalysisFlag::min, AnalysisFlag::max",1024,1,611059
IDXMIN,double,"AnalysisFlag::min, AnalysisFlag::max",1024,1,518469
IDXMIN,double,"AnalysisFlag::min, AnalysisFlag::max",1024,1,485740
IDXMIN,double,"AnalysisFlag::min, AnalysisFlag::max",1024,1,483087
IDXMIN,double,"AnalysisFlag::min, AnalysisFlag::max",1024,1,487692
IDXMIN,double,"AnalysisFlag::min, AnalysisFlag::max",1024,1,483954
IDXMIN,double,"AnalysisFlag::min, AnalysisFlag::max",1024,1,491901
IDXMIN,double,"AnalysisFlag::min, AnalysisFlag::max",1024,1,484502
IDXMIN,double,"AnalysisFlag::min, AnalysisFlag::max",1024,1,484504
IDXMIN,double,"AnalysisFlag::min, AnalysisFlag::max",1024,1,486604
IDXMIN,double,"AnalysisFlag::min, AnalysisFlag::max",2048,1,2.35781e+06
IDXMIN,double,"AnalysisFlag::min, AnalysisFlag::max",2048,1,2.30088e+06
IDXMIN,double,"AnalysisFlag::min, AnalysisFlag::max",2048,1,2.30953e+06
IDXMIN,double,"AnalysisFlag::min, AnalysisFlag::max",2048,1,2.30786e+06
IDXMIN,double,"AnalysisFlag::min, AnalysisFlag::max",2048,1,2.30809e+06
IDXMIN,double,"AnalysisFlag::min, AnalysisFlag::max",2048,1,2.30441e+06
IDXMIN,double,"AnalysisFlag::min, AnalysisFlag::max",2048,1,2.30016e+06
IDXMIN,double,"AnalysisFlag::min, AnalysisFlag::max",2048,1,2.28834e+06
IDXMIN,double,"AnalysisFlag::min, AnalysisFlag::max",2048,1,2.22242e+06
IDXMIN,double,"AnalysisFlag::min, AnalysisFlag::max",2048,1,2.2512e+06
IDXMIN,double,"AnalysisFlag::min, AnalysisFlag::max",4096,1,9.36135e+06
IDXMIN,double,"AnalysisFlag::min, AnalysisFlag::max",4096,1,9.38497e+06
IDXMIN,double,"AnalysisFlag::min, AnalysisFlag::max",4096,1,9.3575e+06
IDXMIN,double,"AnalysisFlag::min, AnalysisFlag::max",4096,1,9.3667e+06
IDXMIN,double,"AnalysisFlag::min, AnalysisFlag::max",4096,1,1.13773e+07
IDXMIN,double,"AnalysisFlag::min, AnalysisFlag::max",4096,1,1.13334e+07
IDXMIN,double,"AnalysisFlag::min, AnalysisFlag::max",4096,1,1.12911e+07
IDXMIN,double,"AnalysisFlag::min, AnalysisFlag::max",4096,1,1.135e+07
IDXMIN,double,"AnalysisFlag::min, AnalysisFlag::max",4096,1,1.13295e+07
IDXMIN,double,"AnalysisFlag::min, AnalysisFlag::max",4096,1,9.37128e+06
IDXMIN,int64_t,"AnalysisFlag::min, AnalysisFlag::max",1024,1,550194
IDXMIN,int64_t,"AnalysisFlag::min, AnalysisFlag::max",1024,1,427787
IDXMIN,int64_t,"AnalysisFlag::min, AnalysisFlag::max",1024,1,357547
IDXMIN,int64_t,"AnalysisFlag::min, AnalysisFlag::max",1024,1,351916
IDXMIN,int64_t,"AnalysisFlag::min, AnalysisFlag::max",1024,1,349186
IDXMIN,int64_t,"AnalysisFlag::min, AnalysisFlag::max",1024,1,350533
IDXMIN,int64_t,"AnalysisFlag::min, AnalysisFlag::max",1024,1,347210
IDXMIN,int64_t,"AnalysisFlag::min, AnalysisFlag::max",1024,1,348419
IDXMIN,int64_t,"AnalysisFlag::min, AnalysisFlag::max",1024,1,348384
IDXMIN,int64_t,"AnalysisFlag::min, AnalysisFlag::max",1024,1,349168
IDXMIN,int64_t,"AnalysisFlag::min, AnalysisFlag::max",2048,1,2.1271e+06
IDXMIN,int64_t,"AnalysisFlag::min, AnalysisFlag::max",2048,1,2.12831e+06
IDXMIN,int64_t,"AnalysisFlag::min, AnalysisFlag::max",2048,1,2.17215e+06
IDXMIN,int64_t,"AnalysisFlag::min, AnalysisFlag::max",2048,1,2.15898e+06
IDXMIN,int64_t,"AnalysisFlag::min, AnalysisFlag::max",2048,1,2.15657e+06
IDXMIN,int64_t,"AnalysisFlag::min, AnalysisFlag::max",2048,1,2.17416e+06
IDXMIN,int64_t,"AnalysisFlag::min, AnalysisFlag::max",2048,1,1.937e+06
IDXMIN,int64_t,"AnalysisFlag::min, AnalysisFlag::max",2048,1,2.15645e+06
IDXMIN,int64_t,"AnalysisFlag::min, AnalysisFlag::max",2048,1,2.16071e+06
IDXMIN,int64_t,"AnalysisFlag::min, AnalysisFlag::max",2048,1,2.16411e+06
IDXMIN,int64_t,"AnalysisFlag::min, AnalysisFlag::max",4096,1,9.06453e+06
IDXMIN,int64_t,"AnalysisFlag::min, AnalysisFlag::max",4096,1,9.07461e+06
IDXMIN,int64_t,"AnalysisFlag::min, AnalysisFlag::max",4096,1,9.05246e+06
IDXMIN,int64_t,"AnalysisFlag::min, AnalysisFlag::max",4096,1,9.07405e+06
IDXMIN,int64_t,"AnalysisFlag::min, AnalysisFlag::max",4096,1,9.06215e+06
IDXMIN,int64_t,"AnalysisFlag::min, AnalysisFlag::max",4096,1,9.07496e+06
IDXMIN,int64_t,"AnalysisFlag::min, AnalysisFlag::max",4096,1,9.06877e+06
IDXMIN,int64_t,"AnalysisFlag::min, AnalysisFlag::max",4096,1,9.06524e+06
IDXMIN,int64_t,"AnalysisFlag::min, AnalysisFlag::max",4096,1,9.08261e+06
IDXMIN,int64_t,"AnalysisFlag::min, AnalysisFlag::max",4096,1,9.07064e+06
IDXMAX,double,"AnalysisFlag::min, AnalysisFlag::max",1024,0.25,496621
IDXMAX,double,"AnalysisFlag::min, AnalysisFlag::max",1024,0.25,468529
IDXMAX,double,"AnalysisFlag::min, AnalysisFlag::max",1024,0.25,471045
IDXMAX,double,"AnalysisFlag::min, AnalysisFlag::max",1024,0.25,468742
IDXMAX,double,"AnalysisFlag::min, AnalysisFlag::max",1024,0.25,471954
IDXMAX,double,"AnalysisFlag::min, AnalysisFlag::max",1024,0.25,467297
IDXMAX,double,"AnalysisFlag::min, AnalysisFlag::max",1024,0.25,467036
IDXMAX,double,"AnalysisFlag::min, AnalysisFlag::max",1024,0.25,476852
IDXMAX,double,"AnalysisFlag::min, AnalysisFlag::max",1024,0.25,470006
IDXMAX,double,"AnalysisFlag::min, AnalysisFlag::max",1024,0.25,466967
IDXMAX,double,"AnalysisFlag::min, AnalysisFlag::max",2048,0.25,2.24995e+06
IDXMAX,double,"AnalysisFlag::min, AnalysisFlag::max",2048,0.25,2.26698e+06
IDXMAX,double,"AnalysisFlag::min, AnalysisFlag::max",2048,0.25,2.20381e+06
IDXMAX,double,"AnalysisFlag::min, AnalysisFlag::max",2048,0.25,2.2722e+06
IDXMAX,double,"AnalysisFlag::min, AnalysisFlag::max",2048,0.25,2.20272e+06
IDXMAX,double,"AnalysisFlag::min, AnalysisFlag::max",2048,0.25,2.23923e+06
IDXMAX,double,"AnalysisFlag::min, AnalysisFlag::max",2048,0.25,2.26272e+06
IDXMAX,double,"AnalysisFlag::min, AnalysisFlag::max",2048,0.25,2.26253e+06
IDXMAX,double,"AnalysisFlag::min, AnalysisFlag::max",2048,0.25,2.27042e+06
IDXMAX,double,"AnalysisFlag::min, AnalysisFlag::max",2048,0.25,2.26375e+06
IDXMAX,double,"AnalysisFlag::min, AnalysisFlag::max",4096,0.25,9.34818e+06
IDXMAX,double,"AnalysisFlag::min, AnalysisFlag::max",4096,0.25,9.34336e+06
IDXMAX,double,"AnalysisFlag::min, AnalysisFlag::max",4096,0.25,9.33152e+06
IDXMAX,double,"AnalysisFlag::min, AnalysisFlag::max",4096,0.25,9.36508e+06
IDXMAX,double,"AnalysisFlag::min, AnalysisFlag::max",4096,0.25,9.35099e+06
IDXMAX,double,"AnalysisFlag::min, AnalysisFlag::max",4096,0.25,9.33464e+06
IDXMAX,double,"AnalysisFlag::min, AnalysisFlag::max",4096,0.25,9.35698e+06
IDXMAX,double,"AnalysisFlag::min, AnalysisFlag::max",4096,0.25,9.36837e+06
IDXMAX,double,"AnalysisFlag::min, AnalysisFlag::max",4096,0.25,9.33602e+06
IDXMAX,double,"AnalysisFlag::min, AnalysisFlag::max",4096,0.25,9.33534e+06
IDXMAX,int64_t,"AnalysisFlag::min, AnalysisFlag::max",1024,0.25,450470
IDXMAX,int64_t,"AnalysisFlag::min, AnalysisFlag::max",1024,0.25,391449
IDXMAX,int64_t,"AnalysisFlag::min, AnalysisFlag::max",1024,0.25,395668
IDXMAX,int64_t,"AnalysisFlag::min, AnalysisFlag::max",1024,0.25,419566
IDXMAX,int64_t,"AnalysisFlag::min, AnalysisFlag::max",1024,0.25,393504
IDXMAX,int64_t,"AnalysisFlag::min, AnalysisFlag::max",1024,0.25,390287
IDXMAX,int64_t,"AnalysisFlag::min, AnalysisFlag::max",1024,0.25,393150
IDXMAX,int64_t,"AnalysisFlag::min, AnalysisFlag::max",1024,0.25,397694
IDXMAX,int64_t,"AnalysisFlag::min, AnalysisFlag::max",1024,0.25,395039
IDXMAX,int64_t,"AnalysisFlag::min, AnalysisFlag::max",1024,0.25,404950
IDXMAX,int64_t,"AnalysisFlag::min, AnalysisFlag::max",2048,0.25,2.13136e+06
IDXMAX,int64_t,"AnalysisFlag::min, AnalysisFlag::max",2048,0.25,2.14257e+06
IDXMAX,int64_t,"AnalysisFlag::min, AnalysisFlag::max",2048,0.25,2.0908e+06
IDXMAX,int64_t,"AnalysisFlag::min, AnalysisFlag::max",2048,0.25,2.04646e+06
IDXMAX,int64_t,"AnalysisFlag::min, AnalysisFlag::max",2048,0.25,2.03065e+06
IDXMAX,int64_t,"AnalysisFlag::min, AnalysisFlag::max",2048,0.25,2.12126e+06
IDXMAX,int64_t,"AnalysisFlag::min, AnalysisFlag::max",2048,0.25,2.10911e+06
IDXMAX,int64_t,"AnalysisFlag::min, AnalysisFlag::max",2048,0.25,2.0263e+06
IDXMAX,int64_t,"AnalysisFlag::min, AnalysisFlag::max",2048,0.25,2.01707e+06
IDXMAX,int64_t,"AnalysisFlag::min, AnalysisFlag::max",2048,0.25,2.03741e+06
IDXMAX,int64_t,"AnalysisFlag::min, AnalysisFlag::max",4096,0.25,8.94764e+06
IDXMAX,int64_t,"AnalysisFlag::min, AnalysisFlag::max",4096,0.25,8.99446e+06
IDXMAX,int64_t,"AnalysisFlag::min, AnalysisFlag::max",4096,0.25,8.9557e+06
IDXMAX,int64_t,"AnalysisFlag::min, AnalysisFlag::max",4096,0.25,8.90705e+06
IDXMAX,int64_t,"AnalysisFlag::min, AnalysisFlag::max",4096,0.25,8.8975e+06
IDXMAX,int64_t,"AnalysisFlag::min, AnalysisFlag::max",4096,0.25,8.98184e+06
IDXMAX,int64_t,"AnalysisFlag::min, AnalysisFlag::max",4096,0.25,8.89705e+06
IDXMAX,int64_t,"AnalysisFlag::min, AnalysisFlag::max",4096,0.25,8.90176e+06
IDXMAX,int64_t,"AnalysisFlag::min, AnalysisFlag::max",4096,0.25,8.97935e+06
IDXMAX,int64_t,"AnalysisFlag::min, AnalysisFlag::max",4096,0.25,8.95424e+06
IDXMAX,double,"AnalysisFlag::min, AnalysisFlag::max",1024,1,605023
IDXMAX,double,"AnalysisFlag::min, AnalysisFlag::max",1024,1,498278
IDXMAX,double,"AnalysisFlag::min, AnalysisFlag::max",1024,1,478533
IDXMAX,double,"AnalysisFlag::min, AnalysisFlag::max",1024,1,477875
IDXMAX,double,"AnalysisFlag::min, AnalysisFlag::max",1024,1,480041
IDXMAX,double,"AnalysisFlag::min, AnalysisFlag::max",1024,1,477782
IDXMAX,double,"AnalysisFlag::min, AnalysisFlag::max",1024,1,480870
IDXMAX,double,"AnalysisFlag::min, AnalysisFlag::max",1024,1,477302
IDXMAX,double,"AnalysisFlag::min, AnalysisFlag::max",1024,1,481091
IDXMAX,double,"AnalysisFlag::min, AnalysisFlag::max",1024,1,476607
IDXMAX,double,"AnalysisFlag::min, AnalysisFlag::max",2048,1,2.34629e+06
IDXMAX,double,"AnalysisFlag::min, AnalysisFlag::max",2048,1,2.29513e+06
IDXMAX,double,"AnalysisFlag::min, AnalysisFlag::max",2048,1,2.3133e+06
IDXMAX,double,"AnalysisFlag::min, AnalysisFlag::max",2048,1,2.30833e+06
IDXMAX,double,"AnalysisFlag::min, AnalysisFlag::max",2048,1,2.30388e+06
IDXMAX,double,"AnalysisFlag::min, AnalysisFlag::max",2048,1,2.29672e+06
IDXMAX,double,"AnalysisFlag::min, AnalysisFlag::max",2048,1,2.30465e+06
IDXMAX,double,"AnalysisFlag::min, AnalysisFlag::max",2048,1,2.30447e+06
IDXMAX,double,"AnalysisFlag::min, AnalysisFlag::max",2048,1,2.21969e+06
IDXMAX,double,"AnalysisFlag::min, AnalysisFlag::max",2048,1,2.2976e+06
IDXMAX,double,"AnalysisFlag::min, AnalysisFlag::max",4096,1,9.38321e+06
IDXMAX,double,"AnalysisFlag::min, AnalysisFlag::max",4096,1,9.35465e+06
IDXMAX,double,"AnalysisFlag::min, AnalysisFlag::max",4096,1,9.3694e+06
IDXMAX,double,"AnalysisFlag::min, AnalysisFlag::max",4096,1,9.37671e+06
IDXMAX,double,"AnalysisFlag::min, AnalysisFlag::max",4096,1,9.37414e+06
IDXMAX,double,"AnalysisFlag::min, AnalysisFlag::max",4096,1,9.38011e+06
IDXMAX,double,"AnalysisFlag::min, AnalysisFlag::max",4096,1,9.36285e+06
IDXMAX,double,"AnalysisFlag::min, AnalysisFlag::max",4096,1,9.38755e+06
IDXMAX,double,"AnalysisFlag::min, AnalysisFlag::max",4096,1,9.37661e+06
IDXMAX,double,"AnalysisFlag::min, AnalysisFlag::max",4096,1,9.38467e+06
IDXMAX,int64_t,"AnalysisFlag::min, AnalysisFlag::max",1024,1,563382
IDXMAX,int64_t,"AnalysisFlag::min, AnalysisFlag::max",1024,1,449668
IDXMAX,int64_t,"AnalysisFlag::min, AnalysisFlag::max",1024,1,404451
IDXMAX,int64_t,"AnalysisFlag::min, AnalysisFlag::max",1024,1,392914
IDXMAX,int64_t,"AnalysisFlag::min, AnalysisFlag::max",1024,1,398309
IDXMAX,int64_t,"AnalysisFlag::min, AnalysisFlag::max",1024,1,391874
IDXMAX,int64_t,"AnalysisFlag::min, AnalysisFlag::max",1024,1,390664
IDXMAX,int64_t,"AnalysisFlag::min, AnalysisFlag::max",1024,1,392965
IDXMAX,int64_t,"AnalysisFlag::min, AnalysisFlag::max",1024,1,387107
IDXMAX,int64_t,"AnalysisFlag::min, AnalysisFlag::max",1024,1,392484
IDXMAX,int64_t,"AnalysisFlag::min, AnalysisFlag::max",2048,1,2.17966e+06
IDXMAX,int64_t,"AnalysisFlag::min, AnalysisFlag::max",2048,1,2.14223e+06
IDXMAX,int64_t,"AnalysisFlag::min, AnalysisFlag::max",2048,1,2.15007e+06
IDXMAX,int64_t,"AnalysisFlag::min, AnalysisFlag::max",2048,1,2.1469e+06
IDXMAX,int64_t,"AnalysisFlag::min, AnalysisFlag::max",2048,1,2.14686e+06
IDXMAX,int64_t,"AnalysisFlag::min, AnalysisFlag::max",2048,1,2.06981e+06
IDXMAX,int64_t,"AnalysisFlag::min, AnalysisFlag::max",2048,1,2.02902e+06
IDXMAX,int64_t,"AnalysisFlag::min, AnalysisFlag::max",2048,1,2.02555e+06
IDXMAX,int64_t,"AnalysisFlag::min, AnalysisFlag::max",2048,1,2.15003e+06
IDXMAX,int64_t,"AnalysisFlag::min, AnalysisFlag::max",2048,1,2.1549e+06
IDXMAX,int64_t,"AnalysisFlag::min, AnalysisFlag::max",4096,1,8.99843e+06
IDXMAX,int64_t,"AnalysisFlag::min, AnalysisFlag::max",4096,1,8.95936e+06
IDXMAX,int64_t,"AnalysisFlag::min, AnalysisFlag::max",4096,1,8.91836e+06
IDXMAX,int64_t,"AnalysisFlag::min, AnalysisFlag::max",4096,1,8.9365e+06
IDXMAX,int64_t,"AnalysisFlag::min, AnalysisFlag::max",4096,1,9.00825e+06
IDXMAX,int64_t,"AnalysisFlag::min, AnalysisFlag::max",4096,1,8.96396e+06
IDXMAX,int64_t,"AnalysisFlag::min, AnalysisFlag::max",4096,1,8.99867e+06
IDXMAX,int64_t,"AnalysisFlag::min, AnalysisFlag::max",4096,1,8.94612e+06
IDXMAX,int64_t,"AnalysisFlag::min, AnalysisFlag::max",4096,1,8.94414e+06
IDXMAX,int64_t,"AnalysisFlag::min, AnalysisFlag::max",4096,1,9.0213e+06
SUM,double,"AnalysisFlag::numDistinct",1024,0.001,55713
SUM,double,"AnalysisFlag::numDistinct",1024,0.001,49138
SUM,double,"AnalysisFlag::numDistinct",1024,0.001,50064
SUM,double,"AnalysisFlag::numDistinct",1024,0.001,48710
SUM,double,"AnalysisFlag::numDistinct",1024,0.001,51825
SUM,double,"AnalysisFlag::numDistinct",1024,0.001,49891
SUM,double,"AnalysisFlag::numDistinct",1024,0.001,48716
SUM,double,"AnalysisFlag::numDistinct",1024,0.001,49052
SUM,double,"AnalysisFlag::numDistinct",1024,0.001,49943
SUM,double,"AnalysisFlag::numDistinct",1024,0.001,48640
SUM,double,"AnalysisFlag::numDistinct",2048,0.001,139635
SUM,double,"AnalysisFlag::numDistinct",2048,0.001,135231
SUM,double,"AnalysisFlag::numDistinct",2048,0.001,137547
SUM,double,"AnalysisFlag::numDistinct",2048,0.001,139023
SUM,double,"AnalysisFlag::numDistinct",2048,0.001,137110
SUM,double,"AnalysisFlag::numDistinct",2048,0.001,135420
SUM,double,"AnalysisFlag::numDistinct",2048,0.001,134127
SUM,double,"AnalysisFlag::numDistinct",2048,0.001,135367
SUM,double,"AnalysisFlag::numDistinct",2048,0.001,135209
SUM,double,"AnalysisFlag::numDistinct",2048,0.001,134473
SUM,double,"AnalysisFlag::numDistinct",4096,0.001,259215
SUM,double,"AnalysisFlag::numDistinct",4096,0.001,255167
SUM,double,"AnalysisFlag::numDistinct",4096,0.001,254830
SUM,double,"AnalysisFlag::numDistinct",4096,0.001,258146
SUM,double,"AnalysisFlag::numDistinct",4096,0.001,254369
SUM,double,"AnalysisFlag::numDistinct",4096,0.001,250987
SUM,double,"AnalysisFlag::numDistinct",4096,0.001,248544
SUM,double,"AnalysisFlag::numDistinct",4096,0.001,254567
SUM,double,"AnalysisFlag::numDistinct",4096,0.001,249808
SUM,double,"AnalysisFlag::numDistinct",4096,0.001,248948
SUM,int64_t,"AnalysisFlag::numDistinct",1024,0.001,21824
SUM,int64_t,"AnalysisFlag::numDistinct",1024,0.001,18233
SUM,int64_t,"AnalysisFlag::numDistinct",1024,0.001,18697
SUM,int64_t,"AnalysisFlag::numDistinct",1024,0.001,22221
SUM,int64_t,"AnalysisFlag::numDistinct",1024,0.001,18054
SUM,int64_t,"AnalysisFlag::numDistinct",1024,0.001,17926
SUM,int64_t,"AnalysisFlag::numDistinct",1024,0.001,17631
SUM,int64_t,"AnalysisFlag::numDistinct",1024,0.001,17928
SUM,int64_t,"AnalysisFlag::numDistinct",1024,0.001,22403
SUM,int64_t,"AnalysisFlag::numDistinct",1024,0.001,23959
SUM,int64_t,"AnalysisFlag::numDistinct",2048,0.001,41052
SUM,int64_t,"AnalysisFlag::numDistinct",2048,0.001,39872
SUM,int64_t,"AnalysisFlag::numDistinct",2048,0.001,41263
SUM,int64_t,"AnalysisFlag::numDistinct",2048,0.001,39498
SUM,int64_t,"AnalysisFlag::numDistinct",2048,0.001,39132
SUM,int64_t,"AnalysisFlag::numDistinct",2048,0.001,40722
SUM,int64_t,"AnalysisFlag::numDistinct",2048,0.001,38638
SUM,int64_t,"AnalysisFlag::numDistinct",2048,0.001,39993
SUM,int64_t,"AnalysisFlag::numDistinct",2048,0.001,38823
SUM,int64_t,"AnalysisFlag::numDistinct",2048,0.001,40210
SUM,int64_t,"AnalysisFlag::numDistinct",4096,0.001,87150
SUM,int64_t,"AnalysisFlag::numDistinct",4096,0.001,83047
SUM,int64_t,"AnalysisFlag::numDistinct",4096,0.001,85719
SUM,int64_t,"AnalysisFlag::numDistinct",4096,0.001,85811
SUM,int64_t,"AnalysisFlag::numDistinct",4096,0.001,84486
SUM,int64_t,"AnalysisFlag::numDistinct",4096,0.001,87089
SUM,int64_t,"AnalysisFlag::numDistinct",4096,0.001,83633
SUM,int64_t,"AnalysisFlag::numDistinct",4096,0.001,85012
SUM,int64_t,"AnalysisFlag::numDistinct",4096,0.001,85884
SUM,int64_t,"AnalysisFlag::numDistinct",4096,0.001,86547
SUM,double,"AnalysisFlag::numDistinct",1024,0.01,71261
SUM,double,"AnalysisFlag::numDistinct",1024,0.01,70288
SUM,double,"AnalysisFlag::numDistinct",1024,0.01,70167
SUM,double,"AnalysisFlag::numDistinct",1024,0.01,70148
SUM,double,"AnalysisFlag::numDistinct",1024,0.01,71744
SUM,double,"AnalysisFlag::numDistinct",1024,0.01,70968
SUM,double,"AnalysisFlag::numDistinct",1024,0.01,70832
SUM,double,"AnalysisFlag::numDistinct",1024,0.01,70282
SUM,double,"AnalysisFlag::numDistinct",1024,0.01,70464
SUM,double,"AnalysisFlag::numDistinct",1024,0.01,69378
SUM,double,"AnalysisFlag::numDistinct",2048,0.01,160909
SUM,double,"AnalysisFlag::numDistinct",2048,0.01,165975
SUM,double,"AnalysisFlag::numDistinct",2048,0.01,162655
SUM,double,"AnalysisFlag::numDistinct",2048,0.01,158446
SUM,double,"AnalysisFlag::numDistinct",2048,0.01,161961
SUM,double,"AnalysisFlag::numDistinct",2048,0.01,162847
SUM,double,"AnalysisFlag::numDistinct",2048,0.01,160383
SUM,double,"AnalysisFlag::numDistinct",2048,0.01,161111
SUM,double,"AnalysisFlag::numDistinct",2048,0.01,162874
SUM,double,"AnalysisFlag::numDistinct",2048,0.01,161148
SUM,double,"AnalysisFlag::numDistinct",4096,0.01,463000
SUM,double,"AnalysisFlag::numDistinct",4096,0.01,459785
SUM,double,"AnalysisFlag::numDistinct",4096,0.01,412740
SUM,double,"AnalysisFlag::numDistinct",4096,0.01,450610
SUM,double,"AnalysisFlag::numDistinct",4096,0.01,443292
SUM,double,"AnalysisFlag::numDistinct",4096,0.01,408170
SUM,double,"AnalysisFlag::numDistinct",4096,0.01,425613
SUM,double,"AnalysisFlag::numDistinct",4096,0.01,426736
SUM,double,"AnalysisFlag::numDistinct",4096,0.01,409254
SUM,double,"AnalysisFlag::numDistinct",4096,0.01,423896
SUM,int64_t,"AnalysisFlag::numDistinct",1024,0.01,47901
SUM,int64_t,"AnalysisFlag::numDistinct",1024,0.01,45502
SUM,int64_t,"AnalysisFlag::numDistinct",1024,0.01,51009
SUM,int64_t,"AnalysisFlag::numDistinct",1024,0.01,48243
SUM,int64_t,"AnalysisFlag::numDistinct",1024,0.01,47847
SUM,int64_t,"AnalysisFlag::numDistinct",1024,0.01,49827
SUM,int64_t,"AnalysisFlag::numDistinct",1024,0.01,49883
SUM,int64_t,"AnalysisFlag::numDistinct",1024,0.01,50552
SUM,int64_t,"AnalysisFlag::numDistinct",1024,0.01,50240
SUM,int64_t,"AnalysisFlag::numDistinct",1024,0.01,47674
SUM,int64_t,"AnalysisFlag::numDistinct",2048,0.01,104422
SUM,int64_t,"AnalysisFlag::numDistinct",2048,0.01,106444
SUM,int64_t,"AnalysisFlag::numDistinct",2048,0.01,107788
SUM,int64_t,"AnalysisFlag::numDistinct",2048,0.01,111619
SUM,int64_t,"AnalysisFlag::numDistinct",2048,0.01,107869
SUM,int64_t,"AnalysisFlag::numDistinct",2048,0.01,105249
SUM,int64_t,"AnalysisFlag::numDistinct",2048,0.01,104899
SUM,int64_t,"AnalysisFlag::numDistinct",2048,0.01,106096
SUM,int64_t,"AnalysisFlag::numDistinct",2048,0.01,105761
SUM,int64_t,"AnalysisFlag::numDistinct",2048,0.01,110557
SUM,int64_t,"AnalysisFlag::numDistinct",4096,0.01,336639
SUM,int64_t,"AnalysisFlag::numDistinct",4096,0.01,315981
SUM,int64_t,"AnalysisFlag::numDistinct",4096,0.01,348865
SUM,int64_t,"AnalysisFlag::numDistinct",4096,0.01,335123
SUM,int64_t,"AnalysisFlag::numDistinct",4096,0.01,361464
SUM,int64_t,"AnalysisFlag::numDistinct",4096,0.01,334620
SUM,int64_t,"AnalysisFlag::numDistinct",4096,0.01,319184
SUM,int64_t,"AnalysisFlag::numDistinct",4096,0.01,340342
SUM,int64_t,"AnalysisFlag::numDistinct",4096,0.01,357226
SUM,int64_t,"AnalysisFlag::numDistinct",4096,0.01,315294
SUM,double,"AnalysisFlag::numDistinct",1024,0.05,114594
SUM,double,"AnalysisFlag::numDistinct",1024,0.05,113355
SUM,double,"AnalysisFlag::numDistinct",1024,0.05,140365
SUM,double,"AnalysisFlag::numDistinct",1024,0.05,137963
SUM,double,"AnalysisFlag::numDistinct",1024,0.05,140042
SUM,double,"AnalysisFlag::numDistinct",1024,0.05,112707
SUM,double,"AnalysisFlag::numDistinct",1024,0.05,113289
SUM,double,"AnalysisFlag::numDistinct",1024,0.05,111798
SUM,double,"AnalysisFlag::numDistinct",1024,0.05,137412
SUM,double,"AnalysisFlag::numDistinct",1024,0.05,115302
SUM,double,"AnalysisFlag::numDistinct",2048,0.05,365093
SUM,double,"AnalysisFlag::numDistinct",2048,0.05,336278
SUM,double,"AnalysisFlag::numDistinct",2048,0.05,335085
SUM,double,"AnalysisFlag::numDistinct",2048,0.05,382594
SUM,double,"AnalysisFlag::numDistinct",2048,0.05,359457
SUM,double,"AnalysisFlag::numDistinct",2048,0.05,378533
SUM,double,"AnalysisFlag::numDistinct",2048,0.05,334579
SUM,double,"AnalysisFlag::numDistinct",2048,0.05,377624
SUM,double,"AnalysisFlag::numDistinct",2048,0.05,353729
SUM,double,"AnalysisFlag::numDistinct",2048,0.05,333488
SUM,double,"AnalysisFlag::numDistinct",4096,0.05,1.16739e+06
SUM,double,"AnalysisFlag::numDistinct",4096,0.05,1.12589e+06
SUM,double,"AnalysisFlag::numDistinct",4096,0.05,1.09279e+06
SUM,double,"AnalysisFlag::numDistinct",4096,0.05,1.13498e+06
SUM,double,"AnalysisFlag::numDistinct",4096,0.05,1.11987e+06
SUM,double,"AnalysisFlag::numDistinct",4096,0.05,1.12741e+06
SUM,double,"AnalysisFlag::numDistinct",4096,0.05,1.13931e+06
SUM,double,"AnalysisFlag::numDistinct",4096,0.05,1.1325e+06
SUM,double,"AnalysisFlag::numDistinct",4096,0.05,1.12082e+06
SUM,double,"AnalysisFlag::numDistinct",4096,0.05,1.13313e+06
SUM,int64_t,"AnalysisFlag::numDistinct",1024,0.05,110057
SUM,int64_t,"AnalysisFlag::numDistinct",1024,0.05,132089
SUM,int64_t,"AnalysisFlag::numDistinct",1024,0.05,143635
SUM,int64_t,"AnalysisFlag::numDistinct",1024,0.05,108417
SUM,int64_t,"AnalysisFlag::numDistinct",1024,0.05,115333
SUM,int64_t,"AnalysisFlag::numDistinct",1024,0.05,107410
SUM,int64_t,"AnalysisFlag::numDistinct",1024,0.05,138042
SUM,int64_t,"AnalysisFlag::numDistinct",1024,0.05,132890
SUM,int64_t,"AnalysisFlag::numDistinct",1024,0.05,106794
SUM,int64_t,"AnalysisFlag::numDistinct",1024,0.05,115152
SUM,int64_t,"AnalysisFlag::numDistinct",2048,0.05,371716
SUM,int64_t,"AnalysisFlag::numDistinct",2048,0.05,373235
SUM,int64_t,"AnalysisFlag::numDistinct",2048,0.05,360503
SUM,int64_t,"AnalysisFlag::numDistinct",2048,0.05,383436
SUM,int64_t,"AnalysisFlag::numDistinct",2048,0.05,356341
SUM,int64_t,"AnalysisFlag::numDistinct",2048,0.05,402113
SUM,int64_t,"AnalysisFlag::numDistinct",2048,0.05,387564
SUM,int64_t,"AnalysisFlag::numDistinct",2048,0.05,387288
SUM,int64_t,"AnalysisFlag::numDistinct",2048,0.05,341786
SUM,int64_t,"AnalysisFlag::numDistinct",2048,0.05,366575
SUM,int64_t,"AnalysisFlag::numDistinct",4096,0.05,1.23227e+06
SUM,int64_t,"AnalysisFlag::numDistinct",4096,0.05,1.22035e+06
SUM,int64_t,"AnalysisFlag::numDistinct",4096,0.05,1.21945e+06
SUM,int64_t,"AnalysisFlag::numDistinct",4096,0.05,1.24934e+06
SUM,int64_t,"AnalysisFlag::numDistinct",4096,0.05,1.21127e+06
SUM,int64_t,"AnalysisFlag::numDistinct",4096,0.05,1.23786e+06
SUM,int64_t,"AnalysisFlag::numDistinct",4096,0.05,1.21017e+06
SUM,int64_t,"AnalysisFlag::numDistinct",4096,0.05,1.19481e+06
SUM,int64_t,"AnalysisFlag::numDistinct",4096,0.05,1.20158e+06
SUM,int64_t,"AnalysisFlag::numDistinct",4096,0.05,1.20942e+06
SUM,double,"AnalysisFlag::numDistinct",1024,0.1,168617
SUM,double,"AnalysisFlag::numDistinct",1024,0.1,196492
SUM,double,"AnalysisFlag::numDistinct",1024,0.1,167712
SUM,double,"AnalysisFlag::numDistinct",1024,0.1,202617
SUM,double,"AnalysisFlag::numDistinct",1024,0.1,190264
SUM,double,"AnalysisFlag::numDistinct",1024,0.1,204248
SUM,double,"AnalysisFlag::numDistinct",1024,0.1,202886
SUM,double,"AnalysisFlag::numDistinct",1024,0.1,188262
SUM,double,"AnalysisFlag::numDistinct",1024,0.1,204126
SUM,double,"AnalysisFlag::numDistinct",1024,0.1,167219
SUM,double,"AnalysisFlag::numDistinct",2048,0.1,586965
SUM,double,"AnalysisFlag::numDistinct",2048,0.1,578135
SUM,double,"AnalysisFlag::numDistinct",2048,0.1,546186
SUM,double,"AnalysisFlag::numDistinct",2048,0.1,550197
SUM,double,"AnalysisFlag::numDistinct",2048,0.1,594369
SUM,double,"AnalysisFlag::numDistinct",2048,0.1,577180
SUM,double,"AnalysisFlag::numDistinct",2048,0.1,609448
SUM,double,"AnalysisFlag::numDistinct",2048,0.1,582324
SUM,double,"AnalysisFlag::numDistinct",2048,0.1,578165
SUM,double,"AnalysisFlag::numDistinct",2048,0.1,568190
SUM,double,"AnalysisFlag::numDistinct",4096,0.1,2.0506e+06
SUM,double,"AnalysisFlag::numDistinct",4096,0.1,2.04332e+06
SUM,double,"AnalysisFlag::numDistinct",4096,0.1,2.04672e+06
SUM,double,"AnalysisFlag::numDistinct",4096,0.1,2.04682e+06
SUM,double,"AnalysisFlag::numDistinct",4096,0.1,2.04712e+06
SUM,double,"AnalysisFlag::numDistinct",4096,0.1,2.01185e+06
SUM,double,"AnalysisFlag::numDistinct",4096,0.1,2.04925e+06
SUM,double,"AnalysisFlag::numDistinct",4096,0.1,2.05102e+06
SUM,double,"AnalysisFlag::numDistinct",4096,0.1,2.02513e+06
SUM,double,"AnalysisFlag::numDistinct",4096,0.1,2.03375e+06
SUM,int64_t,"AnalysisFlag::numDistinct",1024,0.1,208030
SUM,int64_t,"AnalysisFlag::numDistinct",1024,0.1,175461
SUM,int64_t,"AnalysisFlag::numDistinct",1024,0.1,175500
SUM,int64_t,"AnalysisFlag::numDistinct",1024,0.1,210599
SUM,int64_t,"AnalysisFlag::numDistinct",1024,0.1,214601
SUM,int64_t,"AnalysisFlag::numDistinct",1024,0.1,194773
SUM,int64_t,"AnalysisFlag::numDistinct",1024,0.1,175760
SUM,int64_t,"AnalysisFlag::numDistinct",1024,0.1,177358
SUM,int64_t,"AnalysisFlag::numDistinct",1024,0.1,176186
SUM,int64_t,"AnalysisFlag::numDistinct",1024,0.1,174584
SUM,int64_t,"AnalysisFlag::numDistinct",2048,0.1,637478
SUM,int64_t,"AnalysisFlag::numDistinct",2048,0.1,659627
SUM,int64_t,"AnalysisFlag::numDistinct",2048,0.1,640534
SUM,int64_t,"AnalysisFlag::numDistinct",2048,0.1,611195
SUM,int64_t,"AnalysisFlag::numDistinct",2048,0.1,630393
SUM,int64_t,"AnalysisFlag::numDistinct",2048,0.1,653446
SUM,int64_t,"AnalysisFlag::numDistinct",2048,0.1,629997
SUM,int64_t,"AnalysisFlag::numDistinct",2048,0.1,637030
SUM,int64_t,"AnalysisFlag::numDistinct",2048,0.1,636071
SUM,int64_t,"AnalysisFlag::numDistinct",2048,0.1,644479
SUM,int64_t,"AnalysisFlag::numDistinct",4096,0.1,2.37927e+06
SUM,int64_t,"AnalysisFlag::numDistinct",4096,0.1,2.3694e+06
SUM,int64_t,"AnalysisFlag::numDistinct",4096,0.1,2.38884e+06
SUM,int64_t,"AnalysisFlag::numDistinct",4096,0.1,2.3564e+06
SUM,int64_t,"AnalysisFlag::numDistinct",4096,0.1,2.3801e+06
SUM,int64_t,"AnalysisFlag::numDistinct",4096,0.1,2.37193e+06
SUM,int64_t,"AnalysisFlag::numDistinct",4096,0.1,2.35582e+06
SUM,int64_t,"AnalysisFlag::numDistinct",4096,0.1,2.3505e+06
SUM,int64_t,"AnalysisFlag::numDistinct",4096,0.1,2.3608e+06
SUM,int64_t,"AnalysisFlag::numDistinct",4096,0.1,2.35546e+06
SUM,double,"AnalysisFlag::numDistinct",1024,0.2,303136
SUM,double,"AnalysisFlag::numDistinct",1024,0.2,298327
SUM,double,"AnalysisFlag::numDistinct",1024,0.2,294228
SUM,double,"AnalysisFlag::numDistinct",1024,0.2,300147
SUM,double,"AnalysisFlag::numDistinct",1024,0.2,312137
SUM,double,"AnalysisFlag::numDistinct",1024,0.2,319135
SUM,double,"AnalysisFlag::numDistinct",1024,0.2,323598
SUM,double,"AnalysisFlag::numDistinct",1024,0.2,316848
SUM,double,"AnalysisFlag::numDistinct",1024,0.2,275418
SUM,double,"AnalysisFlag::numDistinct",1024,0.2,301695
SUM,double,"AnalysisFlag::numDistinct",2048,0.2,1.02967e+06
SUM,double,"AnalysisFlag::numDistinct",2048,0.2,992547
SUM,double,"AnalysisFlag::numDistinct",2048,0.2,1.01936e+06
SUM,double,"AnalysisFlag::numDistinct",2048,0.2,976746
SUM,double,"AnalysisFlag::numDistinct",2048,0.2,1.00562e+06
SUM,double,"AnalysisFlag::numDistinct",2048,0.2,1.02609e+06
SUM,double,"AnalysisFlag::numDistinct",2048,0.2,1.04573e+06
SUM,double,"AnalysisFlag::numDistinct",2048,0.2,1.01299e+06
SUM,double,"AnalysisFlag::numDistinct",2048,0.2,1.0457e+06
SUM,double,"AnalysisFlag::numDistinct",2048,0.2,1.0107e+06
SUM,double,"AnalysisFlag::numDistinct",4096,0.2,3.88788e+06
SUM,double,"AnalysisFlag::numDistinct",4096,0.2,3.90293e+06
SUM,double,"AnalysisFlag::numDistinct",4096,0.2,3.88253e+06
SUM,double,"AnalysisFlag::numDistinct",4096,0.2,3.89688e+06
SUM,double,"AnalysisFlag::numDistinct",4096,0.2,3.90222e+06
SUM,double,"AnalysisFlag::numDistinct",4096,0.2,3.86946e+06
SUM,double,"AnalysisFlag::numDistinct",4096,0.2,3.86926e+06
SUM,double,"AnalysisFlag::numDistinct",4096,0.2,3.88266e+06
SUM,double,"AnalysisFlag::numDistinct",4096,0.2,3.85754e+06
SUM,double,"AnalysisFlag::numDistinct",4096,0.2,3.88943e+06
SUM,int64_t,"AnalysisFlag::numDistinct",1024,0.2,349955
SUM,int64_t,"AnalysisFlag::numDistinct",1024,0.2,331995
SUM,int64_t,"AnalysisFlag::numDistinct",1024,0.2,346279
SUM,int64_t,"AnalysisFlag::numDistinct",1024,0.2,355326
SUM,int64_t,"AnalysisFlag::numDistinct",1024,0.2,334726
SUM,int64_t,"AnalysisFlag::numDistinct",1024,0.2,311374
SUM,int64_t,"AnalysisFlag::numDistinct",1024,0.2,354511
SUM,int64_t,"AnalysisFlag::numDistinct",1024,0.2,309808
SUM,int64_t,"AnalysisFlag::numDistinct",1024,0.2,335118
SUM,int64_t,"AnalysisFlag::numDistinct",1024,0.2,335782
SUM,int64_t,"AnalysisFlag::numDistinct",2048,0.2,1.17829e+06
SUM,int64_t,"AnalysisFlag::numDistinct",2048,0.2,1.17204e+06
SUM,int64_t,"AnalysisFlag::numDistinct",2048,0.2,1.14737e+06
SUM,int64_t,"AnalysisFlag::numDistinct",2048,0.2,1.18068e+06
SUM,int64_t,"AnalysisFlag::numDistinct",2048,0.2,1.18451e+06
SUM,int64_t,"AnalysisFlag::numDistinct",2048,0.2,1.1837e+06
SUM,int64_t,"AnalysisFlag::numDistinct",2048,0.2,1.14953e+06
SUM,int64_t,"AnalysisFlag::numDistinct",2048,0.2,1.20882e+06
SUM,int64_t,"AnalysisFlag::numDistinct",2048,0.2,1.21238e+06
SUM,int64_t,"AnalysisFlag::numDistinct",2048,0.2,1.16719e+06
SUM,int64_t,"AnalysisFlag::numDistinct",4096,0.2,4.61198e+06
SUM,int64_t,"AnalysisFlag::numDistinct",4096,0.2,4.5911e+06
SUM,int64_t,"AnalysisFlag::numDistinct",4096,0.2,4.57562e+06
SUM,int64_t,"AnalysisFlag::numDistinct",4096,0.2,4.63156e+06
SUM,int64_t,"AnalysisFlag::numDistinct",4096,0.2,4.61507e+06
SUM,int64_t,"AnalysisFlag::numDistinct",4096,0.2,4.6311e+06
SUM,int64_t,"AnalysisFlag::numDistinct",4096,0.2,4.61406e+06
SUM,int64_t,"AnalysisFlag::numDistinct",4096,0.2,4.60378e+06
SUM,int64_t,"AnalysisFlag::numDistinct",4096,0.2,4.61175e+06
SUM,int64_t,"AnalysisFlag::numDistinct",4096,0.2,4.59408e+06
SUM,double,"AnalysisFlag::numDistinct",1024,0.25,1.12726e+06
SUM,double,"AnalysisFlag::numDistinct",1024,0.25,1.12015e+06
SUM,double,"AnalysisFlag::numDistinct",1024,0.25,1.11941e+06
SUM,double,"AnalysisFlag::numDistinct",1024,0.25,1.12151e+06
SUM,double,"AnalysisFlag::numDistinct",1024,0.25,1.11956e+06
SUM,double,"AnalysisFlag::numDistinct",1024,0.25,1.11938e+06
SUM,double,"AnalysisFlag::numDistinct",1024,0.25,1.11952e+06
SUM,double,"AnalysisFlag::numDistinct",1024,0.25,1.12012e+06
SUM,double,"AnalysisFlag::numDistinct",1024,0.25,1.11906e+06
SUM,double,"AnalysisFlag::numDistinct",1024,0.25,1.11766e+06
SUM,double,"AnalysisFlag::numDistinct",2048,0.25,4.47181e+06
SUM,double,"AnalysisFlag::numDistinct",2048,0.25,4.46186e+06
SUM,double,"AnalysisFlag::numDistinct",2048,0.25,4.46627e+06
SUM,double,"AnalysisFlag::numDistinct",2048,0.25,4.46722e+06
SUM,double,"AnalysisFlag::numDistinct",2048,0.25,4.46295e+06
SUM,double,"AnalysisFlag::numDistinct",2048,0.25,4.46508e+06
SUM,double,"AnalysisFlag::numDistinct",2048,0.25,4.46315e+06
SUM,double,"AnalysisFlag::numDistinct",2048,0.25,4.46449e+06
SUM,double,"AnalysisFlag::numDistinct",2048,0.25,4.46002e+06
SUM,double,"AnalysisFlag::numDistinct",2048,0.25,4.46061e+06
SUM,double,"AnalysisFlag::numDistinct",4096,0.25,1.77464e+07
SUM,double,"AnalysisFlag::numDistinct",4096,0.25,1.77685e+07
SUM,double,"AnalysisFlag::numDistinct",4096,0.25,1.77652e+07
SUM,double,"AnalysisFlag::numDistinct",4096,0.25,1.77584e+07
SUM,double,"AnalysisFlag::numDistinct",4096,0.25,1.77454e+07
SUM,double,"AnalysisFlag::numDistinct",4096,0.25,1.77544e+07
SUM,double,"AnalysisFlag::numDistinct",4096,0.25,1.77628e+07
SUM,double,"AnalysisFlag::numDistinct",4096,0.25,1.77532e+07
SUM,double,"AnalysisFlag::numDistinct",4096,0.25,1.77565e+07
SUM,double,"AnalysisFlag::numDistinct",4096,0.25,1.77478e+07
SUM,int64_t,"AnalysisFlag::numDistinct",1024,0.25,1.11101e+06
SUM,int64_t,"AnalysisFlag::numDistinct",1024,0.25,1.10372e+06
SUM,int64_t,"AnalysisFlag::numDistinct",1024,0.25,1.10306e+06
SUM,int64_t,"AnalysisFlag::numDistinct",1024,0.25,1.10197e+06
SUM,int64_t,"AnalysisFlag::numDistinct",1024,0.25,1.1018e+06
SUM,int64_t,"AnalysisFlag::numDistinct",1024,0.25,1.10207e+06
SUM,int64_t,"AnalysisFlag::numDistinct",1024,0.25,1.10236e+06
SUM,int64_t,"AnalysisFlag::numDistinct",1024,0.25,1.10266e+06
SUM,int64_t,"AnalysisFlag::numDistinct",1024,0.25,1.10123e+06
SUM,int64_t,"AnalysisFlag::numDistinct",1024,0.25,1.10142e+06
SUM,int64_t,"AnalysisFlag::numDistinct",2048,0.25,4.44588e+06
SUM,int64_t,"AnalysisFlag::numDistinct",2048,0.25,4.43431e+06
SUM,int64_t,"AnalysisFlag::numDistinct",2048,0.25,4.42981e+06
SUM,int64_t,"AnalysisFlag::numDistinct",2048,0.25,4.43422e+06
SUM,int64_t,"AnalysisFlag::numDistinct",2048,0.25,4.44834e+06
SUM,int64_t,"AnalysisFlag::numDistinct",2048,0.25,4.44164e+06
SUM,int64_t,"AnalysisFlag::numDistinct",2048,0.25,4.4576e+06
SUM,int64_t,"AnalysisFlag::numDistinct",2048,0.25,4.47314e+06
SUM,int64_t,"AnalysisFlag::numDistinct",2048,0.25,4.45999e+06
SUM,int64_t,"AnalysisFlag::numDistinct",2048,0.25,4.45339e+06
SUM,int64_t,"AnalysisFlag::numDistinct",4096,0.25,1.76813e+07
SUM,int64_t,"AnalysisFlag::numDistinct",4096,0.25,1.77831e+07
SUM,int64_t,"AnalysisFlag::numDistinct",4096,0.25,1.76985e+07
SUM,int64_t,"AnalysisFlag::numDistinct",4096,0.25,1.76862e+07
SUM,int64_t,"AnalysisFlag::numDistinct",4096,0.25,1.77069e+07
SUM,int64_t,"AnalysisFlag::numDistinct",4096,0.25,1.77968e+07
SUM,int64_t,"AnalysisFlag::numDistinct",4096,0.25,1.76794e+07
SUM,int64_t,"AnalysisFlag::numDistinct",4096,0.25,1.77749e+07
SUM,int64_t,"AnalysisFlag::numDistinct",4096,0.25,1.77681e+07
SUM,int64_t,"AnalysisFlag::numDistinct",4096,0.25,1.77728e+07
SUM,double,"AnalysisFlag::numDistinct",1024,1,1.18255e+06
SUM,double,"AnalysisFlag::numDistinct",1024,1,1.12105e+06
SUM,double,"AnalysisFlag::numDistinct",1024,1,1.12039e+06
SUM,double,"AnalysisFlag::numDistinct",1024,1,1.12039e+06
SUM,double,"AnalysisFlag::numDistinct",1024,1,1.12032e+06
SUM,double,"AnalysisFlag::numDistinct",1024,1,1.12157e+06
SUM,double,"AnalysisFlag::numDistinct",1024,1,1.12047e+06
SUM,double,"AnalysisFlag::numDistinct",1024,1,1.11952e+06
SUM,double,"AnalysisFlag::numDistinct",1024,1,1.121e+06
SUM,double,"AnalysisFlag::numDistinct",1024,1,1.12034e+06
SUM,double,"AnalysisFlag::numDistinct",2048,1,4.4901e+06
SUM,double,"AnalysisFlag::numDistinct",2048,1,4.46776e+06
SUM,double,"AnalysisFlag::numDistinct",2048,1,4.46372e+06
SUM,double,"AnalysisFlag::numDistinct",2048,1,4.46299e+06
SUM,double,"AnalysisFlag::numDistinct",2048,1,4.46992e+06
SUM,double,"AnalysisFlag::numDistinct",2048,1,4.4649e+06
SUM,double,"AnalysisFlag::numDistinct",2048,1,4.46379e+06
SUM,double,"AnalysisFlag::numDistinct",2048,1,4.45867e+06
SUM,double,"AnalysisFlag::numDistinct",2048,1,4.46486e+06
SUM,double,"AnalysisFlag::numDistinct",2048,1,4.45945e+06
SUM,double,"AnalysisFlag::numDistinct",4096,1,1.77636e+07
SUM,double,"AnalysisFlag::numDistinct",4096,1,1.77562e+07
SUM,double,"AnalysisFlag::numDistinct",4096,1,1.77477e+07
SUM,double,"AnalysisFlag::numDistinct",4096,1,1.7757e+07
SUM,double,"AnalysisFlag::numDistinct",4096,1,1.77522e+07
SUM,double,"AnalysisFlag::numDistinct",4096,1,1.77557e+07
SUM,double,"AnalysisFlag::numDistinct",4096,1,1.77554e+07
SUM,double,"AnalysisFlag::numDistinct",4096,1,1.7753e+07
SUM,double,"AnalysisFlag::numDistinct",4096,1,1.77625e+07
SUM,double,"AnalysisFlag::numDistinct",4096,1,1.7757e+07
SUM,int64_t,"AnalysisFlag::numDistinct",1024,1,1.16125e+06
SUM,int64_t,"AnalysisFlag::numDistinct",1024,1,1.12396e+06
SUM,int64_t,"AnalysisFlag::numDistinct",1024,1,1.10458e+06
SUM,int64_t,"AnalysisFlag::numDistinct",1024,1,1.10434e+06
SUM,int64_t,"AnalysisFlag::numDistinct",1024,1,1.10471e+06
SUM,int64_t,"AnalysisFlag::numDistinct",1024,1,1.10481e+06
SUM,int64_t,"AnalysisFlag::numDistinct",1024,1,1.1054e+06
SUM,int64_t,"AnalysisFlag::numDistinct",1024,1,1.10471e+06
SUM,int64_t,"AnalysisFlag::numDistinct",1024,1,1.10602e+06
SUM,int64_t,"AnalysisFlag::numDistinct",1024,1,1.10478e+06
SUM,int64_t,"AnalysisFlag::numDistinct",2048,1,4.49085e+06
SUM,int64_t,"AnalysisFlag::numDistinct",2048,1,4.47491e+06
SUM,int64_t,"AnalysisFlag::numDistinct",2048,1,4.45892e+06
SUM,int64_t,"AnalysisFlag::numDistinct",2048,1,4.44504e+06
SUM,int64_t,"AnalysisFlag::numDistinct",2048,1,4.44768e+06
SUM,int64_t,"AnalysisFlag::numDistinct",2048,1,4.46286e+06
SUM,int64_t,"AnalysisFlag::numDistinct",2048,1,4.46092e+06
SUM,int64_t,"AnalysisFlag::numDistinct",2048,1,4.45227e+06
SUM,int64_t,"AnalysisFlag::numDistinct",2048,1,4.44603e+06
SUM,int64_t,"AnalysisFlag::numDistinct",2048,1,4.44852e+06
SUM,int64_t,"AnalysisFlag::numDistinct",4096,1,1.77101e+07
SUM,int64_t,"AnalysisFlag::numDistinct",4096,1,1.77029e+07
SUM,int64_t,"AnalysisFlag::numDistinct",4096,1,1.77281e+07
SUM,int64_t,"AnalysisFlag::numDistinct",4096,1,1.77572e+07
SUM,int64_t,"AnalysisFlag::numDistinct",4096,1,1.77439e+07
SUM,int64_t,"AnalysisFlag::numDistinct",4096,1,1.77287e+07
SUM,int64_t,"AnalysisFlag::numDistinct",4096,1,1.77175e+07
SUM,int64_t,"AnalysisFlag::numDistinct",4096,1,1.77739e+07
SUM,int64_t,"AnalysisFlag::numDistinct",4096,1,1.77457e+07
SUM,int64_t,"AnalysisFlag::numDistinct",4096,1,1.77248e+07
MEAN,double,"AnalysisFlag::numDistinct",1024,0.001,58953
MEAN,double,"AnalysisFlag::numDistinct",1024,0.001,54401
MEAN,double,"AnalysisFlag::numDistinct",1024,0.001,56044
MEAN,double,"AnalysisFlag::numDistinct",1024,0.001,55170
MEAN,double,"AnalysisFlag::numDistinct",1024,0.001,56641
MEAN,double,"AnalysisFlag::numDistinct",1024,0.001,56083
MEAN,double,"AnalysisFlag::numDistinct",1024,0.001,54684
MEAN,double,"AnalysisFlag::numDistinct",1024,0.001,54536
MEAN,double,"AnalysisFlag::numDistinct",1024,0.001,57566
MEAN,double,"AnalysisFlag::numDistinct",1024,0.001,53396
MEAN,double,"AnalysisFlag::numDistinct",2048,0.001,149304
MEAN,double,"AnalysisFlag::numDistinct",2048,0.001,144624
MEAN,double,"AnalysisFlag::numDistinct",2048,0.001,144077
MEAN,double,"AnalysisFlag::numDistinct",2048,0.001,144647
MEAN,double,"AnalysisFlag::numDistinct",2048,0.001,147095
MEAN,double,"AnalysisFlag::numDistinct",2048,0.001,145833
MEAN,double,"AnalysisFlag::numDistinct",2048,0.001,147507
MEAN,double,"AnalysisFlag::numDistinct",2048,0.001,146733
MEAN,double,"AnalysisFlag::numDistinct",2048,0.001,146770
MEAN,double,"AnalysisFlag::numDistinct",2048,0.001,144561
MEAN,double,"AnalysisFlag::numDistinct",4096,0.001,280530
MEAN,double,"AnalysisFlag::numDistinct",4096,0.001,278920
MEAN,double,"AnalysisFlag::numDistinct",4096,0.001,280793
MEAN,double,"AnalysisFlag::numDistinct",4096,0.001,280184
MEAN,double,"AnalysisFlag::numDistinct",4096,0.001,277004
MEAN,double,"AnalysisFlag::numDistinct",4096,0.001,274868
MEAN,double,"AnalysisFlag::numDistinct",4096,0.001,280316
MEAN,double,"AnalysisFlag::numDistinct",4096,0.001,273875
MEAN,double,"AnalysisFlag::numDistinct",4096,0.001,277796
MEAN,double,"AnalysisFlag::numDistinct",4096,0.001,277615
MEAN,int64_t,"AnalysisFlag::numDistinct",1024,0.001,10464
MEAN,int64_t,"AnalysisFlag::numDistinct",1024,0.001,8463
MEAN,int64_t,"AnalysisFlag::numDistinct",1024,0.001,8859
MEAN,int64_t,"AnalysisFlag::numDistinct",1024,0.001,8896
MEAN,int64_t,"AnalysisFlag::numDistinct",1024,0.001,8772
MEAN,int64_t,"AnalysisFlag::numDistinct",1024,0.001,8725
MEAN,int64_t,"AnalysisFlag::numDistinct",1024,0.001,8867
MEAN,int64_t,"AnalysisFlag::numDistinct",1024,0.001,8821
MEAN,int64_t,"AnalysisFlag::numDistinct",1024,0.001,8687
MEAN,int64_t,"AnalysisFlag::numDistinct",1024,0.001,8767
MEAN,int64_t,"AnalysisFlag::numDistinct",2048,0.001,19651
MEAN,int64_t,"AnalysisFlag::numDistinct",2048,0.001,19641
MEAN,int64_t,"AnalysisFlag::numDistinct",2048,0.001,19590
MEAN,int64_t,"AnalysisFlag::numDistinct",2048,0.001,19703
MEAN,int64_t,"AnalysisFlag::numDistinct",2048,0.001,19646
MEAN,int64_t,"AnalysisFlag::numDistinct",2048,0.001,19761
MEAN,int64_t,"AnalysisFlag::numDistinct",2048,0.001,19622
MEAN,int64_t,"AnalysisFlag::numDistinct",2048,0.001,19591
MEAN,int64_t,"AnalysisFlag::numDistinct",2048,0.001,19644
MEAN,int64_t,"AnalysisFlag::numDistinct",2048,0.001,19639
MEAN,int64_t,"AnalysisFlag::numDistinct",4096,0.001,50047
MEAN,int64_t,"AnalysisFlag::numDistinct",4096,0.001,50073
MEAN,int64_t,"AnalysisFlag::numDistinct",4096,0.001,50237
MEAN,int64_t,"AnalysisFlag::numDistinct",4096,0.001,50199
MEAN,int64_t,"AnalysisFlag::numDistinct",4096,0.001,49913
MEAN,int64_t,"AnalysisFlag::numDistinct",4096,0.001,50357
MEAN,int64_t,"AnalysisFlag::numDistinct",4096,0.001,50305
MEAN,int64_t,"AnalysisFlag::numDistinct",4096,0.001,50072
MEAN,int64_t,"AnalysisFlag::numDistinct",4096,0.001,50214
MEAN,int64_t,"AnalysisFlag::numDistinct",4096,0.001,49990
MEAN,double,"AnalysisFlag::numDistinct",1024,0.01,80714
MEAN,double,"AnalysisFlag::numDistinct",1024,0.01,78321
MEAN,double,"AnalysisFlag::numDistinct",1024,0.01,77456
MEAN,double,"AnalysisFlag::numDistinct",1024,0.01,76325
MEAN,double,"AnalysisFlag::numDistinct",1024,0.01,76400
MEAN,double,"AnalysisFlag::numDistinct",1024,0.01,79254
MEAN,double,"AnalysisFlag::numDistinct",1024,0.01,76167
MEAN,double,"AnalysisFlag::numDistinct",1024,0.01,76642
MEAN,double,"AnalysisFlag::numDistinct",1024,0.01,78970
MEAN,double,"AnalysisFlag::numDistinct",1024,0.01,78516
MEAN,double,"AnalysisFlag::numDistinct",2048,0.01,180682
MEAN,double,"AnalysisFlag::numDistinct",2048,0.01,181365
MEAN,double,"AnalysisFlag::numDistinct",2048,0.01,181512
MEAN,double,"AnalysisFlag::numDistinct",2048,0.01,183477
MEAN,double,"AnalysisFlag::numDistinct",2048,0.01,181782
MEAN,double,"AnalysisFlag::numDistinct",2048,0.01,181651
MEAN,double,"AnalysisFlag::numDistinct",2048,0.01,183095
MEAN,double,"AnalysisFlag::numDistinct",2048,0.01,180626
MEAN,double,"AnalysisFlag::numDistinct",2048,0.01,181397
MEAN,double,"AnalysisFlag::numDistinct",2048,0.01,180927
MEAN,double,"AnalysisFlag::numDistinct",4096,0.01,486932
MEAN,double,"AnalysisFlag::numDistinct",4096,0.01,514478
MEAN,double,"AnalysisFlag::numDistinct",4096,0.01,504568
MEAN,double,"AnalysisFlag::numDistinct",4096,0.01,518311
MEAN,double,"AnalysisFlag::numDistinct",4096,0.01,526656
MEAN,double,"AnalysisFlag::numDistinct",4096,0.01,481472
MEAN,double,"AnalysisFlag::numDistinct",4096,0.01,510376
MEAN,double,"AnalysisFlag::numDistinct",4096,0.01,521494
MEAN,double,"AnalysisFlag::numDistinct",4096,0.01,484599
MEAN,double,"AnalysisFlag::numDistinct",4096,0.01,483127
MEAN,int64_t,"AnalysisFlag::numDistinct",1024,0.01,22361
MEAN,int64_t,"AnalysisFlag::numDistinct",1024,0.01,21502
MEAN,int64_t,"AnalysisFlag::numDistinct",1024,0.01,21263
MEAN,int64_t,"AnalysisFlag::numDistinct",1024,0.01,21282
MEAN,int64_t,"AnalysisFlag::numDistinct",1024,0.01,21298
MEAN,int64_t,"AnalysisFlag::numDistinct",1024,0.01,21263
MEAN,int64_t,"AnalysisFlag::numDistinct",1024,0.01,21137
MEAN,int64_t,"AnalysisFlag::numDistinct",1024,0.01,21172
MEAN,int64_t,"AnalysisFlag::numDistinct",1024,0.01,21121
MEAN,int64_t,"AnalysisFlag::numDistinct",1024,0.01,21172
MEAN,int64_t,"AnalysisFlag::numDistinct",2048,0.01,68245
MEAN,int64_t,"AnalysisFlag::numDistinct",2048,0.01,67931
MEAN,int64_t,"AnalysisFlag::numDistinct",2048,0.01,68204
MEAN,int64_t,"AnalysisFlag::numDistinct",2048,0.01,68071
MEAN,int64_t,"AnalysisFlag::numDistinct",2048,0.01,67767
MEAN,int64_t,"AnalysisFlag::numDistinct",2048,0.01,68218
MEAN,int64_t,"AnalysisFlag::numDistinct",2048,0.01,67950
MEAN,int64_t,"AnalysisFlag::numDistinct",2048,0.01,67867
MEAN,int64_t,"AnalysisFlag::numDistinct",2048,0.01,67998
MEAN,int64_t,"AnalysisFlag::numDistinct",2048,0.01,67789
MEAN,int64_t,"AnalysisFlag::numDistinct",4096,0.01,280800
MEAN,int64_t,"AnalysisFlag::numDistinct",4096,0.01,286158
MEAN,int64_t,"AnalysisFlag::numDistinct",4096,0.01,252468
MEAN,int64_t,"AnalysisFlag::numDistinct",4096,0.01,289101
MEAN,int64_t,"AnalysisFlag::numDistinct",4096,0.01,297649
MEAN,int64_t,"AnalysisFlag::numDistinct",4096,0.01,251464
MEAN,int64_t,"AnalysisFlag::numDistinct",4096,0.01,253786
MEAN,int64_t,"AnalysisFlag::numDistinct",4096,0.01,288195
MEAN,int64_t,"AnalysisFlag::numDistinct",4096,0.01,292870
MEAN,int64_t,"AnalysisFlag::numDistinct",4096,0.01,281982
MEAN,double,"AnalysisFlag::numDistinct",1024,0.05,135375
MEAN,double,"AnalysisFlag::numDistinct",1024,0.05,132207
MEAN,double,"AnalysisFlag::numDistinct",1024,0.05,158285
MEAN,double,"AnalysisFlag::numDistinct",1024,0.05,155460
MEAN,double,"AnalysisFlag::numDistinct",1024,0.05,162288
MEAN,double,"AnalysisFlag::numDistinct",1024,0.05,132668
MEAN,double,"AnalysisFlag::numDistinct",1024,0.05,133969
MEAN,double,"AnalysisFlag::numDistinct",1024,0.05,132763
MEAN,double,"AnalysisFlag::numDistinct",1024,0.05,131508
MEAN,double,"AnalysisFlag::numDistinct",1024,0.05,131746
MEAN,double,"AnalysisFlag::numDistinct",2048,0.05,423920
MEAN,double,"AnalysisFlag::numDistinct",2048,0.05,447049
MEAN,double,"AnalysisFlag::numDistinct",2048,0.05,418779
MEAN,double,"AnalysisFlag::numDistinct",2048,0.05,421700
MEAN,double,"AnalysisFlag::numDistinct",2048,0.05,429653
MEAN,double,"AnalysisFlag::numDistinct",2048,0.05,436451
MEAN,double,"AnalysisFlag::numDistinct",2048,0.05,417077
MEAN,double,"AnalysisFlag::numDistinct",2048,0.05,436313
MEAN,double,"AnalysisFlag::numDistinct",2048,0.05,422838
MEAN,double,"AnalysisFlag::numDistinct",2048,0.05,425902
MEAN,double,"AnalysisFlag::numDistinct",4096,0.05,1.41884e+06
MEAN,double,"AnalysisFlag::numDistinct",4096,0.05,1.4111e+06
MEAN,double,"AnalysisFlag::numDistinct",4096,0.05,1.39979e+06
MEAN,double,"AnalysisFlag::numDistinct",4096,0.05,1.4008e+06
MEAN,double,"AnalysisFlag::numDistinct",4096,0.05,1.39536e+06
MEAN,double,"AnalysisFlag::numDistinct",4096,0.05,1.40003e+06
MEAN,double,"AnalysisFlag::numDistinct",4096,0.05,1.38403e+06
MEAN,double,"AnalysisFlag::numDistinct",4096,0.05,1.41845e+06
MEAN,double,"AnalysisFlag::numDistinct",4096,0.05,1.39531e+06
MEAN,double,"AnalysisFlag::numDistinct",4096,0.05,1.4032e+06
MEAN,int64_t,"AnalysisFlag::numDistinct",1024,0.05,95008
MEAN,int64_t,"AnalysisFlag::numDistinct",1024,0.05,93807
MEAN,int64_t,"AnalysisFlag::numDistinct",1024,0.05,76842
MEAN,int64_t,"AnalysisFlag::numDistinct",1024,0.05,93185
MEAN,int64_t,"AnalysisFlag::numDistinct",1024,0.05,76471
MEAN,int64_t,"AnalysisFlag::numDistinct",1024,0.05,76491
MEAN,int64_t,"AnalysisFlag::numDistinct",1024,0.05,92751
MEAN,int64_t,"AnalysisFlag::numDistinct",1024,0.05,94302
MEAN,int64_t,"AnalysisFlag::numDistinct",1024,0.05,77026
MEAN,int64_t,"AnalysisFlag::numDistinct",1024,0.05,76532
MEAN,int64_t,"AnalysisFlag::numDistinct",2048,0.05,313091
MEAN,int64_t,"AnalysisFlag::numDistinct",2048,0.05,320421
MEAN,int64_t,"AnalysisFlag::numDistinct",2048,0.05,311796
MEAN,int64_t,"AnalysisFlag::numDistinct",2048,0.05,309312
MEAN,int64_t,"AnalysisFlag::numDistinct",2048,0.05,308775
MEAN,int64_t,"AnalysisFlag::numDistinct",2048,0.05,311380
MEAN,int64_t,"AnalysisFlag::numDistinct",2048,0.05,317635
MEAN,int64_t,"AnalysisFlag::numDistinct",2048,0.05,320153
MEAN,int64_t,"AnalysisFlag::numDistinct",2048,0.05,282700
MEAN,int64_t,"AnalysisFlag::numDistinct",2048,0.05,316356
MEAN,int64_t,"AnalysisFlag::numDistinct",4096,0.05,1.19413e+06
MEAN,int64_t,"AnalysisFlag::numDistinct",4096,0.05,1.15623e+06
MEAN,int64_t,"AnalysisFlag::numDistinct",4096,0.05,1.17431e+06
MEAN,int64_t,"AnalysisFlag::numDistinct",4096,0.05,1.17729e+06
MEAN,int64_t,"AnalysisFlag::numDistinct",4096,0.05,1.15784e+06
MEAN,int64_t,"AnalysisFlag::numDistinct",4096,0.05,1.15542e+06
MEAN,int64_t,"AnalysisFlag::numDistinct",4096,0.05,1.18441e+06
MEAN,int64_t,"AnalysisFlag::numDistinct",4096,0.05,1.18272e+06
MEAN,int64_t,"AnalysisFlag::numDistinct",4096,0.05,1.15988e+06
MEAN,int64_t,"AnalysisFlag::numDistinct",4096,0.05,1.18488e+06
MEAN,double,"AnalysisFlag::numDistinct",1024,0.1,236323
MEAN,double,"AnalysisFlag::numDistinct",1024,0.1,203625
MEAN,double,"AnalysisFlag::numDistinct",1024,0.1,244324
MEAN,double,"AnalysisFlag::numDistinct",1024,0.1,200502
MEAN,double,"AnalysisFlag::numDistinct",1024,0.1,201368
MEAN,double,"AnalysisFlag::numDistinct",1024,0.1,200198
MEAN,double,"AnalysisFlag::numDistinct",1024,0.1,242885
MEAN,double,"AnalysisFlag::numDistinct",1024,0.1,202269
MEAN,double,"AnalysisFlag::numDistinct",1024,0.1,241529
MEAN,double,"AnalysisFlag::numDistinct",1024,0.1,199945
MEAN,double,"AnalysisFlag::numDistinct",2048,0.1,705642
MEAN,double,"AnalysisFlag::numDistinct",2048,0.1,658963
MEAN,double,"AnalysisFlag::numDistinct",2048,0.1,692385
MEAN,double,"AnalysisFlag::numDistinct",2048,0.1,705223
MEAN,double,"AnalysisFlag::numDistinct",2048,0.1,690383
MEAN,double,"AnalysisFlag::numDistinct",2048,0.1,622372
MEAN,double,"AnalysisFlag::numDistinct",2048,0.1,721171
MEAN,double,"AnalysisFlag::numDistinct",2048,0.1,701842
MEAN,double,"AnalysisFlag::numDistinct",2048,0.1,666746
MEAN,double,"AnalysisFlag::numDistinct",2048,0.1,700419
MEAN,double,"AnalysisFlag::numDistinct",4096,0.1,2.64132e+06
MEAN,double,"AnalysisFlag::numDistinct",4096,0.1,2.62696e+06
MEAN,double,"AnalysisFlag::numDistinct",4096,0.1,2.5927e+06
MEAN,double,"AnalysisFlag::numDistinct",4096,0.1,2.60664e+06
MEAN,double,"AnalysisFlag::numDistinct",4096,0.1,2.62718e+06
MEAN,double,"AnalysisFlag::numDistinct",4096,0.1,2.5637e+06
MEAN,double,"AnalysisFlag::numDistinct",4096,0.1,2.61818e+06
MEAN,double,"AnalysisFlag::numDistinct",4096,0.1,2.62737e+06
MEAN,double,"AnalysisFlag::numDistinct",4096,0.1,2.58689e+06
MEAN,double,"AnalysisFlag::numDistinct",4096,0.1,2.59965e+06
MEAN,int64_t,"AnalysisFlag::numDistinct",1024,0.1,179906
MEAN,int64_t,"AnalysisFlag::numDistinct",1024,0.1,166341
MEAN,int64_t,"AnalysisFlag::numDistinct",1024,0.1,145586
MEAN,int64_t,"AnalysisFlag::numDistinct",1024,0.1,166568
MEAN,int64_t,"AnalysisFlag::numDistinct",1024,0.1,169753
MEAN,int64_t,"AnalysisFlag::numDistinct",1024,0.1,166737
MEAN,int64_t,"AnalysisFlag::numDistinct",1024,0.1,178904
MEAN,int64_t,"AnalysisFlag::numDistinct",1024,0.1,175034
MEAN,int64_t,"AnalysisFlag::numDistinct",1024,0.1,146174
MEAN,int64_t,"AnalysisFlag::numDistinct",1024,0.1,175891
MEAN,int64_t,"AnalysisFlag::numDistinct",2048,0.1,573425
MEAN,int64_t,"AnalysisFlag::numDistinct",2048,0.1,574647
MEAN,int64_t,"AnalysisFlag::numDistinct",2048,0.1,569802
MEAN,int64_t,"AnalysisFlag::numDistinct",2048,0.1,582536
MEAN,int64_t,"AnalysisFlag::numDistinct",2048,0.1,574658
MEAN,int64_t,"AnalysisFlag::numDistinct",2048,0.1,573286
MEAN,int64_t,"AnalysisFlag::numDistinct",2048,0.1,587570
MEAN,int64_t,"AnalysisFlag::numDistinct",2048,0.1,571212
MEAN,int64_t,"AnalysisFlag::numDistinct",2048,0.1,598278
MEAN,int64_t,"AnalysisFlag::numDistinct",2048,0.1,597430
MEAN,int64_t,"AnalysisFlag::numDistinct",4096,0.1,2.36861e+06
MEAN,int64_t,"AnalysisFlag::numDistinct",4096,0.1,2.36272e+06
MEAN,int64_t,"AnalysisFlag::numDistinct",4096,0.1,2.37282e+06
MEAN,int64_t,"AnalysisFlag::numDistinct",4096,0.1,2.3945e+06
MEAN,int64_t,"AnalysisFlag::numDistinct",4096,0.1,2.36572e+06
MEAN,int64_t,"AnalysisFlag::numDistinct",4096,0.1,2.3771e+06
MEAN,int64_t,"AnalysisFlag::numDistinct",4096,0.1,2.36222e+06
MEAN,int64_t,"AnalysisFlag::numDistinct",4096,0.1,2.34448e+06
MEAN,int64_t,"AnalysisFlag::numDistinct",4096,0.1,2.37266e+06
MEAN,int64_t,"AnalysisFlag::numDistinct",4096,0.1,2.36059e+06
MEAN,double,"AnalysisFlag::numDistinct",1024,0.2,382007
MEAN,double,"AnalysisFlag::numDistinct",1024,0.2,356688
MEAN,double,"AnalysisFlag::numDistinct",1024,0.2,359698
MEAN,double,"AnalysisFlag::numDistinct",1024,0.2,361572
MEAN,double,"AnalysisFlag::numDistinct",1024,0.2,368545
MEAN,double,"AnalysisFlag::numDistinct",1024,0.2,364222
MEAN,double,"AnalysisFlag::numDistinct",1024,0.2,374846
MEAN,double,"AnalysisFlag::numDistinct",1024,0.2,375330
MEAN,double,"AnalysisFlag::numDistinct",1024,0.2,357258
MEAN,double,"AnalysisFlag::numDistinct",1024,0.2,384348
MEAN,double,"AnalysisFlag::numDistinct",2048,0.2,1.24492e+06
MEAN,double,"AnalysisFlag::numDistinct",2048,0.2,1.23754e+06
MEAN,double,"AnalysisFlag::numDistinct",2048,0.2,1.2284e+06
MEAN,double,"AnalysisFlag::numDistinct",2048,0.2,1.2365e+06
MEAN,double,"AnalysisFlag::numDistinct",2048,0.2,1.26034e+06
MEAN,double,"AnalysisFlag::numDistinct",2048,0.2,1.25558e+06
MEAN,double,"AnalysisFlag::numDistinct",2048,0.2,1.22592e+06
MEAN,double,"AnalysisFlag::numDistinct",2048,0.2,1.22826e+06
MEAN,double,"AnalysisFlag::numDistinct",2048,0.2,1.25581e+06
MEAN,double,"AnalysisFlag::numDistinct",2048,0.2,1.22934e+06
MEAN,double,"AnalysisFlag::numDistinct",4096,0.2,5.14328e+06
MEAN,double,"AnalysisFlag::numDistinct",4096,0.2,5.16635e+06
MEAN,double,"AnalysisFlag::numDistinct",4096,0.2,5.11839e+06
MEAN,double,"AnalysisFlag::numDistinct",4096,0.2,5.20539e+06
MEAN,double,"AnalysisFlag::numDistinct",4096,0.2,5.16552e+06
MEAN,double,"AnalysisFlag::numDistinct",4096,0.2,5.13995e+06
MEAN,double,"AnalysisFlag::numDistinct",4096,0.2,5.17848e+06
MEAN,double,"AnalysisFlag::numDistinct",4096,0.2,5.20173e+06
MEAN,double,"AnalysisFlag::numDistinct",4096,0.2,5.15888e+06
MEAN,double,"AnalysisFlag::numDistinct",4096,0.2,5.15127e+06
MEAN,int64_t,"AnalysisFlag::numDistinct",1024,0.2,333003
MEAN,int64_t,"AnalysisFlag::numDistinct",1024,0.2,298672
MEAN,int64_t,"AnalysisFlag::numDistinct",1024,0.2,322488
MEAN,int64_t,"AnalysisFlag::numDistinct",1024,0.2,307906
MEAN,int64_t,"AnalysisFlag::numDistinct",1024,0.2,311037
MEAN,int64_t,"AnalysisFlag::numDistinct",1024,0.2,277161
MEAN,int64_t,"AnalysisFlag::numDistinct",1024,0.2,314611
MEAN,int64_t,"AnalysisFlag::numDistinct",1024,0.2,325296
MEAN,int64_t,"AnalysisFlag::numDistinct",1024,0.2,313055
MEAN,int64_t,"AnalysisFlag::numDistinct",1024,0.2,293667
MEAN,int64_t,"AnalysisFlag::numDistinct",2048,0.2,1.15323e+06
MEAN,int64_t,"AnalysisFlag::numDistinct",2048,0.2,1.10782e+06
MEAN,int64_t,"AnalysisFlag::numDistinct",2048,0.2,1.09098e+06
MEAN,int64_t,"AnalysisFlag::numDistinct",2048,0.2,1.13117e+06
MEAN,int64_t,"AnalysisFlag::numDistinct",2048,0.2,1.12405e+06
MEAN,int64_t,"AnalysisFlag::numDistinct",2048,0.2,1.10605e+06
MEAN,int64_t,"AnalysisFlag::numDistinct",2048,0.2,1.11431e+06
MEAN,int64_t,"AnalysisFlag::numDistinct",2048,0.2,1.10544e+06
MEAN,int64_t,"AnalysisFlag::numDistinct",2048,0.2,1.11788e+06
MEAN,int64_t,"AnalysisFlag::numDistinct",2048,0.2,1.1333e+06
MEAN,int64_t,"AnalysisFlag::numDistinct",4096,0.2,4.84993e+06
MEAN,int64_t,"AnalysisFlag::numDistinct",4096,0.2,4.84622e+06
MEAN,int64_t,"AnalysisFlag::numDistinct",4096,0.2,4.85251e+06
MEAN,int64_t,"AnalysisFlag::numDistinct",4096,0.2,4.84238e+06
MEAN,int64_t,"AnalysisFlag::numDistinct",4096,0.2,4.83608e+06
MEAN,int64_t,"AnalysisFlag::numDistinct",4096,0.2,4.83982e+06
MEAN,int64_t,"AnalysisFlag::numDistinct",4096,0.2,4.83474e+06
MEAN,int64_t,"AnalysisFlag::numDistinct",4096,0.2,4.82993e+06
MEAN,int64_t,"AnalysisFlag::numDistinct",4096,0.2,4.83551e+06
MEAN,int64_t,"AnalysisFlag::numDistinct",4096,0.2,4.9004e+06
MEAN,double,"AnalysisFlag::numDistinct",1024,0.25,1.12973e+06
MEAN,double,"AnalysisFlag::numDistinct",1024,0.25,1.12394e+06
MEAN,double,"AnalysisFlag::numDistinct",1024,0.25,1.12194e+06
MEAN,double,"AnalysisFlag::numDistinct",1024,0.25,1.12079e+06
MEAN,double,"AnalysisFlag::numDistinct",1024,0.25,1.12201e+06
MEAN,double,"AnalysisFlag::numDistinct",1024,0.25,1.12162e+06
MEAN,double,"AnalysisFlag::numDistinct",1024,0.25,1.12183e+06
MEAN,double,"AnalysisFlag::numDistinct",1024,0.25,1.12188e+06
MEAN,double,"AnalysisFlag::numDistinct",1024,0.25,1.11938e+06
MEAN,double,"AnalysisFlag::numDistinct",1024,0.25,1.12098e+06
MEAN,double,"AnalysisFlag::numDistinct",2048,0.25,4.47752e+06
MEAN,double,"AnalysisFlag::numDistinct",2048,0.25,4.47052e+06
MEAN,double,"AnalysisFlag::numDistinct",2048,0.25,4.46239e+06
MEAN,double,"AnalysisFlag::numDistinct",2048,0.25,4.47166e+06
MEAN,double,"AnalysisFlag::numDistinct",2048,0.25,4.46857e+06
MEAN,double,"AnalysisFlag::numDistinct",2048,0.25,4.46629e+06
MEAN,double,"AnalysisFlag::numDistinct",2048,0.25,4.47007e+06
MEAN,double,"AnalysisFlag::numDistinct",2048,0.25,4.45746e+06
MEAN,double,"AnalysisFlag::numDistinct",2048,0.25,4.46424e+06
MEAN,double,"AnalysisFlag::numDistinct",2048,0.25,4.46419e+06
MEAN,double,"AnalysisFlag::numDistinct",4096,0.25,1.77724e+07
MEAN,double,"AnalysisFlag::numDistinct",4096,0.25,1.77659e+07
MEAN,double,"AnalysisFlag::numDistinct",4096,0.25,1.77181e+07
MEAN,double,"AnalysisFlag::numDistinct",4096,0.25,1.77614e+07
MEAN,double,"AnalysisFlag::numDistinct",4096,0.25,1.77697e+07
MEAN,double,"AnalysisFlag::numDistinct",4096,0.25,1.77672e+07
MEAN,double,"AnalysisFlag::numDistinct",4096,0.25,1.77614e+07
MEAN,double,"AnalysisFlag::numDistinct",4096,0.25,1.77588e+07
MEAN,double,"AnalysisFlag::numDistinct",4096,0.25,1.77772e+07
MEAN,double,"AnalysisFlag::numDistinct",4096,0.25,1.77472e+07
MEAN,int64_t,"AnalysisFlag::numDistinct",1024,0.25,1.07446e+06
MEAN,int64_t,"AnalysisFlag::numDistinct",1024,0.25,1.06584e+06
MEAN,int64_t,"AnalysisFlag::numDistinct",1024,0.25,1.06616e+06
MEAN,int64_t,"AnalysisFlag::numDistinct",1024,0.25,1.06568e+06
MEAN,int64_t,"AnalysisFlag::numDistinct",1024,0.25,1.06567e+06
MEAN,int64_t,"AnalysisFlag::numDistinct",1024,0.25,1.06592e+06
MEAN,int64_t,"AnalysisFlag::numDistinct",1024,0.25,1.06575e+06
MEAN,int64_t,"AnalysisFlag::numDistinct",1024,0.25,1.06512e+06
MEAN,int64_t,"AnalysisFlag::numDistinct",1024,0.25,1.06601e+06
MEAN,int64_t,"AnalysisFlag::numDistinct",1024,0.25,1.06598e+06
MEAN,int64_t,"AnalysisFlag::numDistinct",2048,0.25,4.41192e+06
MEAN,int64_t,"AnalysisFlag::numDistinct",2048,0.25,4.40945e+06
MEAN,int64_t,"AnalysisFlag::numDistinct",2048,0.25,4.38235e+06
MEAN,int64_t,"AnalysisFlag::numDistinct",2048,0.25,4.39097e+06
MEAN,int64_t,"AnalysisFlag::numDistinct",2048,0.25,4.36518e+06
MEAN,int64_t,"AnalysisFlag::numDistinct",2048,0.25,4.35703e+06
MEAN,int64_t,"AnalysisFlag::numDistinct",2048,0.25,4.35528e+06
MEAN,int64_t,"AnalysisFlag::numDistinct",2048,0.25,4.35769e+06
MEAN,int64_t,"AnalysisFlag::numDistinct",2048,0.25,4.36241e+06
MEAN,int64_t,"AnalysisFlag::numDistinct",2048,0.25,4.37176e+06
MEAN,int64_t,"AnalysisFlag::numDistinct",4096,0.25,1.75379e+07
MEAN,int64_t,"AnalysisFlag::numDistinct",4096,0.25,1.75261e+07
MEAN,int64_t,"AnalysisFlag::numDistinct",4096,0.25,1.75238e+07
MEAN,int64_t,"AnalysisFlag::numDistinct",4096,0.25,1.75637e+07
MEAN,int64_t,"AnalysisFlag::numDistinct",4096,0.25,1.75182e+07
MEAN,int64_t,"AnalysisFlag::numDistinct",4096,0.25,1.75206e+07
MEAN,int64_t,"AnalysisFlag::numDistinct",4096,0.25,1.75054e+07
MEAN,int64_t,"AnalysisFlag::numDistinct",4096,0.25,1.75263e+07
MEAN,int64_t,"AnalysisFlag::numDistinct",4096,0.25,1.7536e+07
MEAN,int64_t,"AnalysisFlag::numDistinct",4096,0.25,1.74977e+07
MEAN,double,"AnalysisFlag::numDistinct",1024,1,1.18594e+06
MEAN,double,"AnalysisFlag::numDistinct",1024,1,1.13277e+06
MEAN,double,"AnalysisFlag::numDistinct",1024,1,1.12506e+06
MEAN,double,"AnalysisFlag::numDistinct",1024,1,1.12331e+06
MEAN,double,"AnalysisFlag::numDistinct",1024,1,1.12154e+06
MEAN,double,"AnalysisFlag::numDistinct",1024,1,1.12258e+06
MEAN,double,"AnalysisFlag::numDistinct",1024,1,1.12141e+06
MEAN,double,"AnalysisFlag::numDistinct",1024,1,1.12237e+06
MEAN,double,"AnalysisFlag::numDistinct",1024,1,1.1214e+06
MEAN,double,"AnalysisFlag::numDistinct",1024,1,1.1221e+06
MEAN,double,"AnalysisFlag::numDistinct",2048,1,4.49574e+06
MEAN,double,"AnalysisFlag::numDistinct",2048,1,4.46735e+06
MEAN,double,"AnalysisFlag::numDistinct",2048,1,4.46694e+06
MEAN,double,"AnalysisFlag::numDistinct",2048,1,4.46921e+06
MEAN,double,"AnalysisFlag::numDistinct",2048,1,4.46968e+06
MEAN,double,"AnalysisFlag::numDistinct",2048,1,4.46095e+06
MEAN,double,"AnalysisFlag::numDistinct",2048,1,4.46896e+06
MEAN,double,"AnalysisFlag::numDistinct",2048,1,4.46974e+06
MEAN,double,"AnalysisFlag::numDistinct",2048,1,4.46275e+06
MEAN,double,"AnalysisFlag::numDistinct",2048,1,4.46061e+06
MEAN,double,"AnalysisFlag::numDistinct",4096,1,1.7759e+07
MEAN,double,"AnalysisFlag::numDistinct",4096,1,1.7769e+07
MEAN,double,"AnalysisFlag::numDistinct",4096,1,1.77614e+07
MEAN,double,"AnalysisFlag::numDistinct",4096,1,1.77954e+07
MEAN,double,"AnalysisFlag::numDistinct",4096,1,1.77632e+07
MEAN,double,"AnalysisFlag::numDistinct",4096,1,1.77745e+07
MEAN,double,"AnalysisFlag::numDistinct",4096,1,1.77605e+07
MEAN,double,"AnalysisFlag::numDistinct",4096,1,1.77682e+07
MEAN,double,"AnalysisFlag::numDistinct",4096,1,1.77609e+07
MEAN,double,"AnalysisFlag::numDistinct",4096,1,1.7774e+07
MEAN,int64_t,"AnalysisFlag::numDistinct",1024,1,1.1232e+06
MEAN,int64_t,"AnalysisFlag::numDistinct",1024,1,1.10161e+06
MEAN,int64_t,"AnalysisFlag::numDistinct",1024,1,1.06789e+06
MEAN,int64_t,"AnalysisFlag::numDistinct",1024,1,1.06937e+06
MEAN,int64_t,"AnalysisFlag::numDistinct",1024,1,1.06729e+06
MEAN,int64_t,"AnalysisFlag::numDistinct",1024,1,1.06729e+06
MEAN,int64_t,"AnalysisFlag::numDistinct",1024,1,1.06721e+06
MEAN,int64_t,"AnalysisFlag::numDistinct",1024,1,1.06712e+06
MEAN,int64_t,"AnalysisFlag::numDistinct",1024,1,1.06562e+06
MEAN,int64_t,"AnalysisFlag::numDistinct",1024,1,1.06838e+06
MEAN,int64_t,"AnalysisFlag::numDistinct",2048,1,4.39093e+06
MEAN,int64_t,"AnalysisFlag::numDistinct",2048,1,4.3773e+06
MEAN,int64_t,"AnalysisFlag::numDistinct",2048,1,4.35898e+06
MEAN,int64_t,"AnalysisFlag::numDistinct",2048,1,4.36333e+06
MEAN,int64_t,"AnalysisFlag::numDistinct",2048,1,4.36513e+06
MEAN,int64_t,"AnalysisFlag::numDistinct",2048,1,4.36595e+06
MEAN,int64_t,"AnalysisFlag::numDistinct",2048,1,4.3643e+06
MEAN,int64_t,"AnalysisFlag::numDistinct",2048,1,4.36798e+06
MEAN,int64_t,"AnalysisFlag::numDistinct",2048,1,4.40022e+06
MEAN,int64_t,"AnalysisFlag::numDistinct",2048,1,4.37358e+06
MEAN,int64_t,"AnalysisFlag::numDistinct",4096,1,1.76108e+07
MEAN,int64_t,"AnalysisFlag::numDistinct",4096,1,1.75466e+07
MEAN,int64_t,"AnalysisFlag::numDistinct",4096,1,1.75347e+07
MEAN,int64_t,"AnalysisFlag::numDistinct",4096,1,1.75194e+07
MEAN,int64_t,"AnalysisFlag::numDistinct",4096,1,1.75279e+07
MEAN,int64_t,"AnalysisFlag::numDistinct",4096,1,1.75281e+07
MEAN,int64_t,"AnalysisFlag::numDistinct",4096,1,1.75086e+07
MEAN,int64_t,"AnalysisFlag::numDistinct",4096,1,1.75523e+07
MEAN,int64_t,"AnalysisFlag::numDistinct",4096,1,1.75306e+07
MEAN,int64_t,"AnalysisFlag::numDistinct",4096,1,1.75222e+07
STDDEV,double,"AnalysisFlag::numDistinct",1024,0.001,69166
STDDEV,double,"AnalysisFlag::numDistinct",1024,0.001,60234
STDDEV,double,"AnalysisFlag::numDistinct",1024,0.001,64429
STDDEV,double,"AnalysisFlag::numDistinct",1024,0.001,62124
STDDEV,double,"AnalysisFlag::numDistinct",1024,0.001,64070
STDDEV,double,"AnalysisFlag::numDistinct",1024,0.001,62665
STDDEV,double,"AnalysisFlag::numDistinct",1024,0.001,60854
STDDEV,double,"AnalysisFlag::numDistinct",1024,0.001,61783
STDDEV,double,"AnalysisFlag::numDistinct",1024,0.001,61945
STDDEV,double,"AnalysisFlag::numDistinct",1024,0.001,63486
STDDEV,double,"AnalysisFlag::numDistinct",2048,0.001,147728
STDDEV,double,"AnalysisFlag::numDistinct",2048,0.001,167260
STDDEV,double,"AnalysisFlag::numDistinct",2048,0.001,163473
STDDEV,double,"AnalysisFlag::numDistinct",2048,0.001,145465
STDDEV,double,"AnalysisFlag::numDistinct",2048,0.001,147699
STDDEV,double,"AnalysisFlag::numDistinct",2048,0.001,163013
STDDEV,double,"AnalysisFlag::numDistinct",2048,0.001,145675
STDDEV,double,"AnalysisFlag::numDistinct",2048,0.001,165931
STDDEV,double,"AnalysisFlag::numDistinct",2048,0.001,161911
STDDEV,double,"AnalysisFlag::numDistinct",2048,0.001,164419
STDDEV,double,"AnalysisFlag::numDistinct",4096,0.001,332890
STDDEV,double,"AnalysisFlag::numDistinct",4096,0.001,333370
STDDEV,double,"AnalysisFlag::numDistinct",4096,0.001,333622
STDDEV,double,"AnalysisFlag::numDistinct",4096,0.001,325209
STDDEV,double,"AnalysisFlag::numDistinct",4096,0.001,323447
STDDEV,double,"AnalysisFlag::numDistinct",4096,0.001,321180
STDDEV,double,"AnalysisFlag::numDistinct",4096,0.001,324600
STDDEV,double,"AnalysisFlag::numDistinct",4096,0.001,322718
STDDEV,double,"AnalysisFlag::numDistinct",4096,0.001,322539
STDDEV,double,"AnalysisFlag::numDistinct",4096,0.001,324442
STDDEV,int64_t,"AnalysisFlag::numDistinct",1024,0.001,35431
STDDEV,int64_t,"AnalysisFlag::numDistinct",1024,0.001,30594
STDDEV,int64_t,"AnalysisFlag::numDistinct",1024,0.001,31402
STDDEV,int64_t,"AnalysisFlag::numDistinct",1024,0.001,30032
STDDEV,int64_t,"AnalysisFlag::numDistinct",1024,0.001,29948
STDDEV,int64_t,"AnalysisFlag::numDistinct",1024,0.001,32971
STDDEV,int64_t,"AnalysisFlag::numDistinct",1024,0.001,32959
STDDEV,int64_t,"AnalysisFlag::numDistinct",1024,0.001,32721
STDDEV,int64_t,"AnalysisFlag::numDistinct",1024,0.001,33220
STDDEV,int64_t,"AnalysisFlag::numDistinct",1024,0.001,29014
STDDEV,int64_t,"AnalysisFlag::numDistinct",2048,0.001,66455
STDDEV,int64_t,"AnalysisFlag::numDistinct",2048,0.001,62537
STDDEV,int64_t,"AnalysisFlag::numDistinct",2048,0.001,62805
STDDEV,int64_t,"AnalysisFlag::numDistinct",2048,0.001,67775
STDDEV,int64_t,"AnalysisFlag::numDistinct",2048,0.001,67292
STDDEV,int64_t,"AnalysisFlag::numDistinct",2048,0.001,71821
STDDEV,int64_t,"AnalysisFlag::numDistinct",2048,0.001,67134
STDDEV,int64_t,"AnalysisFlag::numDistinct",2048,0.001,55552
STDDEV,int64_t,"AnalysisFlag::numDistinct",2048,0.001,59680
STDDEV,int64_t,"AnalysisFlag::numDistinct",2048,0.001,68511
STDDEV,int64_t,"AnalysisFlag::numDistinct",4096,0.001,134042
STDDEV,int64_t,"AnalysisFlag::numDistinct",4096,0.001,129819
STDDEV,int64_t,"AnalysisFlag::numDistinct",4096,0.001,138593
STDDEV,int64_t,"AnalysisFlag::numDistinct",4096,0.001,141301
STDDEV,int64_t,"AnalysisFlag::numDistinct",4096,0.001,138170
STDDEV,int64_t,"AnalysisFlag::numDistinct",4096,0.001,133012
STDDEV,int64_t,"AnalysisFlag::numDistinct",4096,0.001,132212
STDDEV,int64_t,"AnalysisFlag::numDistinct",4096,0.001,136243
STDDEV,int64_t,"AnalysisFlag::numDistinct",4096,0.001,138720
STDDEV,int64_t,"AnalysisFlag::numDistinct",4096,0.001,142593
STDDEV,double,"AnalysisFlag::numDistinct",1024,0.01,93510
STDDEV,double,"AnalysisFlag::numDistinct",1024,0.01,91296
STDDEV,double,"AnalysisFlag::numDistinct",1024,0.01,93430
STDDEV,double,"AnalysisFlag::numDistinct",1024,0.01,94358
STDDEV,double,"AnalysisFlag::numDistinct",1024,0.01,93999
STDDEV,double,"AnalysisFlag::numDistinct",1024,0.01,94054
STDDEV,double,"AnalysisFlag::numDistinct",1024,0.01,93178
STDDEV,double,"AnalysisFlag::numDistinct",1024,0.01,93997
STDDEV,double,"AnalysisFlag::numDistinct",1024,0.01,95383
STDDEV,double,"AnalysisFlag::numDistinct",1024,0.01,93899
STDDEV,double,"AnalysisFlag::numDistinct",2048,0.01,236158
STDDEV,double,"AnalysisFlag::numDistinct",2048,0.01,234496
STDDEV,double,"AnalysisFlag::numDistinct",2048,0.01,233416
STDDEV,double,"AnalysisFlag::numDistinct",2048,0.01,233050
STDDEV,double,"AnalysisFlag::numDistinct",2048,0.01,234081
STDDEV,double,"AnalysisFlag::numDistinct",2048,0.01,231418
STDDEV,double,"AnalysisFlag::numDistinct",2048,0.01,230938
STDDEV,double,"AnalysisFlag::numDistinct",2048,0.01,232876
STDDEV,double,"AnalysisFlag::numDistinct",2048,0.01,232036
STDDEV,double,"AnalysisFlag::numDistinct",2048,0.01,230567
STDDEV,double,"AnalysisFlag::numDistinct",4096,0.01,760743
STDDEV,double,"AnalysisFlag::numDistinct",4096,0.01,720468
STDDEV,double,"AnalysisFlag::numDistinct",4096,0.01,724965
STDDEV,double,"AnalysisFlag::numDistinct",4096,0.01,751033
STDDEV,double,"AnalysisFlag::numDistinct",4096,0.01,747818
STDDEV,double,"AnalysisFlag::numDistinct",4096,0.01,718776
STDDEV,double,"AnalysisFlag::numDistinct",4096,0.01,749329
STDDEV,double,"AnalysisFlag::numDistinct",4096,0.01,762732
STDDEV,double,"AnalysisFlag::numDistinct",4096,0.01,758524
STDDEV,double,"AnalysisFlag::numDistinct",4096,0.01,759748
STDDEV,int64_t,"AnalysisFlag::numDistinct",1024,0.01,59164
STDDEV,int64_t,"AnalysisFlag::numDistinct",1024,0.01,57805
STDDEV,int64_t,"AnalysisFlag::numDistinct",1024,0.01,61137
STDDEV,int64_t,"AnalysisFlag::numDistinct",1024,0.01,60119
STDDEV,int64_t,"AnalysisFlag::numDistinct",1024,0.01,56168
STDDEV,int64_t,"AnalysisFlag::numDistinct",1024,0.01,57660
STDDEV,int64_t,"AnalysisFlag::numDistinct",1024,0.01,57543
STDDEV,int64_t,"AnalysisFlag::numDistinct",1024,0.01,58266
STDDEV,int64_t,"AnalysisFlag::numDistinct",1024,0.01,61562
STDDEV,int64_t,"AnalysisFlag::numDistinct",1024,0.01,57353
STDDEV,int64_t,"AnalysisFlag::numDistinct",2048,0.01,152141
STDDEV,int64_t,"AnalysisFlag::numDistinct",2048,0.01,150788
STDDEV,int64_t,"AnalysisFlag::numDistinct",2048,0.01,153437
STDDEV,int64_t,"AnalysisFlag::numDistinct",2048,0.01,153030
STDDEV,int64_t,"AnalysisFlag::numDistinct",2048,0.01,154725
STDDEV,int64_t,"AnalysisFlag::numDistinct",2048,0.01,152089
STDDEV,int64_t,"AnalysisFlag::numDistinct",2048,0.01,150641
STDDEV,int64_t,"AnalysisFlag::numDistinct",2048,0.01,150057
STDDEV,int64_t,"AnalysisFlag::numDistinct",2048,0.01,149891
STDDEV,int64_t,"AnalysisFlag::numDistinct",2048,0.01,158666
STDDEV,int64_t,"AnalysisFlag::numDistinct",4096,0.01,593111
STDDEV,int64_t,"AnalysisFlag::numDistinct",4096,0.01,582866
STDDEV,int64_t,"AnalysisFlag::numDistinct",4096,0.01,582767
STDDEV,int64_t,"AnalysisFlag::numDistinct",4096,0.01,609138
STDDEV,int64_t,"AnalysisFlag::numDistinct",4096,0.01,609108
STDDEV,int64_t,"AnalysisFlag::numDistinct",4096,0.01,592031
STDDEV,int64_t,"AnalysisFlag::numDistinct",4096,0.01,603364
STDDEV,int64_t,"AnalysisFlag::numDistinct",4096,0.01,615773
STDDEV,int64_t,"AnalysisFlag::numDistinct",4096,0.01,620183
STDDEV,int64_t,"AnalysisFlag::numDistinct",4096,0.01,608637
STDDEV,double,"AnalysisFlag::numDistinct",1024,0.05,179546
STDDEV,double,"AnalysisFlag::numDistinct",1024,0.05,178698
STDDEV,double,"AnalysisFlag::numDistinct",1024,0.05,201049
STDDEV,double,"AnalysisFlag::numDistinct",1024,0.05,180741
STDDEV,double,"AnalysisFlag::numDistinct",1024,0.05,215137
STDDEV,double,"AnalysisFlag::numDistinct",1024,0.05,177945
STDDEV,double,"AnalysisFlag::numDistinct",1024,0.05,178763
STDDEV,double,"AnalysisFlag::numDistinct",1024,0.05,179952
STDDEV,double,"AnalysisFlag::numDistinct",1024,0.05,181256
STDDEV,double,"AnalysisFlag::numDistinct",1024,0.05,179877
STDDEV,double,"AnalysisFlag::numDistinct",2048,0.05,635807
STDDEV,double,"AnalysisFlag::numDistinct",2048,0.05,626948
STDDEV,double,"AnalysisFlag::numDistinct",2048,0.05,594136
STDDEV,double,"AnalysisFlag::numDistinct",2048,0.05,623066
STDDEV,double,"AnalysisFlag::numDistinct",2048,0.05,626251
STDDEV,double,"AnalysisFlag::numDistinct",2048,0.05,591730
STDDEV,double,"AnalysisFlag::numDistinct",2048,0.05,620994
STDDEV,double,"AnalysisFlag::numDistinct",2048,0.05,636752
STDDEV,double,"AnalysisFlag::numDistinct",2048,0.05,611235
STDDEV,double,"AnalysisFlag::numDistinct",2048,0.05,593415
STDDEV,double,"AnalysisFlag::numDistinct",4096,0.05,2.54066e+06
STDDEV,double,"AnalysisFlag::numDistinct",4096,0.05,2.50011e+06
STDDEV,double,"AnalysisFlag::numDistinct",4096,0.05,2.52129e+06
STDDEV,double,"AnalysisFlag::numDistinct",4096,0.05,2.46966e+06
STDDEV,double,"AnalysisFlag::numDistinct",4096,0.05,2.4843e+06
STDDEV,double,"AnalysisFlag::numDistinct",4096,0.05,2.51076e+06
STDDEV,double,"AnalysisFlag::numDistinct",4096,0.05,2.50663e+06
STDDEV,double,"AnalysisFlag::numDistinct",4096,0.05,2.50091e+06
STDDEV,double,"AnalysisFlag::numDistinct",4096,0.05,2.51831e+06
STDDEV,double,"AnalysisFlag::numDistinct",4096,0.05,2.50348e+06
STDDEV,int64_t,"AnalysisFlag::numDistinct",1024,0.05,147871
STDDEV,int64_t,"AnalysisFlag::numDistinct",1024,0.05,143733
STDDEV,int64_t,"AnalysisFlag::numDistinct",1024,0.05,174666
STDDEV,int64_t,"AnalysisFlag::numDistinct",1024,0.05,145691
STDDEV,int64_t,"AnalysisFlag::numDistinct",1024,0.05,149267
STDDEV,int64_t,"AnalysisFlag::numDistinct",1024,0.05,145529
STDDEV,int64_t,"AnalysisFlag::numDistinct",1024,0.05,147599
STDDEV,int64_t,"AnalysisFlag::numDistinct",1024,0.05,168583
STDDEV,int64_t,"AnalysisFlag::numDistinct",1024,0.05,142634
STDDEV,int64_t,"AnalysisFlag::numDistinct",1024,0.05,147397
STDDEV,int64_t,"AnalysisFlag::numDistinct",2048,0.05,569733
STDDEV,int64_t,"AnalysisFlag::numDistinct",2048,0.05,550663
STDDEV,int64_t,"AnalysisFlag::numDistinct",2048,0.05,564762
STDDEV,int64_t,"AnalysisFlag::numDistinct",2048,0.05,550124
STDDEV,int64_t,"AnalysisFlag::numDistinct",2048,0.05,567656
STDDEV,int64_t,"AnalysisFlag::numDistinct",2048,0.05,557311
STDDEV,int64_t,"AnalysisFlag::numDistinct",2048,0.05,523583
STDDEV,int64_t,"AnalysisFlag::numDistinct",2048,0.05,567100
STDDEV,int64_t,"AnalysisFlag::numDistinct",2048,0.05,524396
STDDEV,int64_t,"AnalysisFlag::numDistinct",2048,0.05,524034
STDDEV,int64_t,"AnalysisFlag::numDistinct",4096,0.05,2.43211e+06
STDDEV,int64_t,"AnalysisFlag::numDistinct",4096,0.05,2.40002e+06
STDDEV,int64_t,"AnalysisFlag::numDistinct",4096,0.05,2.40692e+06
STDDEV,int64_t,"AnalysisFlag::numDistinct",4096,0.05,2.41439e+06
STDDEV,int64_t,"AnalysisFlag::numDistinct",4096,0.05,2.41404e+06
STDDEV,int64_t,"AnalysisFlag::numDistinct",4096,0.05,2.38646e+06
STDDEV,int64_t,"AnalysisFlag::numDistinct",4096,0.05,2.39909e+06
STDDEV,int64_t,"AnalysisFlag::numDistinct",4096,0.05,2.39058e+06
STDDEV,int64_t,"AnalysisFlag::numDistinct",4096,0.05,2.38412e+06
STDDEV,int64_t,"AnalysisFlag::numDistinct",4096,0.05,2.38971e+06
STDDEV,double,"AnalysisFlag::numDistinct",1024,0.1,291665
STDDEV,double,"AnalysisFlag::numDistinct",1024,0.1,289497
STDDEV,double,"AnalysisFlag::numDistinct",1024,0.1,340674
STDDEV,double,"AnalysisFlag::numDistinct",1024,0.1,311400
STDDEV,double,"AnalysisFlag::numDistinct",1024,0.1,328602
STDDEV,double,"AnalysisFlag::numDistinct",1024,0.1,309772
STDDEV,double,"AnalysisFlag::numDistinct",1024,0.1,324196
STDDEV,double,"AnalysisFlag::numDistinct",1024,0.1,312947
STDDEV,double,"AnalysisFlag::numDistinct",1024,0.1,317738
STDDEV,double,"AnalysisFlag::numDistinct",1024,0.1,288375
STDDEV,double,"AnalysisFlag::numDistinct",2048,0.1,1.08619e+06
STDDEV,double,"AnalysisFlag::numDistinct",2048,0.1,1.04013e+06
STDDEV,double,"AnalysisFlag::numDistinct",2048,0.1,1.05477e+06
STDDEV,double,"AnalysisFlag::numDistinct",2048,0.1,1.05476e+06
STDDEV,double,"AnalysisFlag::numDistinct",2048,0.1,1.09318e+06
STDDEV,double,"AnalysisFlag::numDistinct",2048,0.1,1.06017e+06
STDDEV,double,"AnalysisFlag::numDistinct",2048,0.1,1.08682e+06
STDDEV,double,"AnalysisFlag::numDistinct",2048,0.1,1.06427e+06
STDDEV,double,"AnalysisFlag::numDistinct",2048,0.1,1.0528e+06
STDDEV,double,"AnalysisFlag::numDistinct",2048,0.1,1.00497e+06
STDDEV,double,"AnalysisFlag::numDistinct",4096,0.1,5.29374e+06
STDDEV,double,"AnalysisFlag::numDistinct",4096,0.1,5.19692e+06
STDDEV,double,"AnalysisFlag::numDistinct",4096,0.1,5.18025e+06
STDDEV,double,"AnalysisFlag::numDistinct",4096,0.1,5.18599e+06
STDDEV,double,"AnalysisFlag::numDistinct",4096,0.1,5.16561e+06
STDDEV,double,"AnalysisFlag::numDistinct",4096,0.1,5.15328e+06
STDDEV,double,"AnalysisFlag::numDistinct",4096,0.1,5.18403e+06
STDDEV,double,"AnalysisFlag::numDistinct",4096,0.1,5.16838e+06
STDDEV,double,"AnalysisFlag::numDistinct",4096,0.1,5.16806e+06
STDDEV,double,"AnalysisFlag::numDistinct",4096,0.1,5.22519e+06
STDDEV,int64_t,"AnalysisFlag::numDistinct",1024,0.1,256882
STDDEV,int64_t,"AnalysisFlag::numDistinct",1024,0.1,287228
STDDEV,int64_t,"AnalysisFlag::numDistinct",1024,0.1,272779
STDDEV,int64_t,"AnalysisFlag::numDistinct",1024,0.1,294601
STDDEV,int64_t,"AnalysisFlag::numDistinct",1024,0.1,276989
STDDEV,int64_t,"AnalysisFlag::numDistinct",1024,0.1,267705
STDDEV,int64_t,"AnalysisFlag::numDistinct",1024,0.1,291671
STDDEV,int64_t,"AnalysisFlag::numDistinct",1024,0.1,284108
STDDEV,int64_t,"AnalysisFlag::numDistinct",1024,0.1,252003
STDDEV,int64_t,"AnalysisFlag::numDistinct",1024,0.1,297386
STDDEV,int64_t,"AnalysisFlag::numDistinct",2048,0.1,1.0032e+06
STDDEV,int64_t,"AnalysisFlag::numDistinct",2048,0.1,1.00888e+06
STDDEV,int64_t,"AnalysisFlag::numDistinct",2048,0.1,1.0024e+06
STDDEV,int64_t,"AnalysisFlag::numDistinct",2048,0.1,999298
STDDEV,int64_t,"AnalysisFlag::numDistinct",2048,0.1,993114
STDDEV,int64_t,"AnalysisFlag::numDistinct",2048,0.1,975428
STDDEV,int64_t,"AnalysisFlag::numDistinct",2048,0.1,974431
STDDEV,int64_t,"AnalysisFlag::numDistinct",2048,0.1,984624
STDDEV,int64_t,"AnalysisFlag::numDistinct",2048,0.1,952824
STDDEV,int64_t,"AnalysisFlag::numDistinct",2048,0.1,990091
STDDEV,int64_t,"AnalysisFlag::numDistinct",4096,0.1,5.10987e+06
STDDEV,int64_t,"AnalysisFlag::numDistinct",4096,0.1,5.07219e+06
STDDEV,int64_t,"AnalysisFlag::numDistinct",4096,0.1,5.1242e+06
STDDEV,int64_t,"AnalysisFlag::numDistinct",4096,0.1,5.13334e+06
STDDEV,int64_t,"AnalysisFlag::numDistinct",4096,0.1,5.12113e+06
STDDEV,int64_t,"AnalysisFlag::numDistinct",4096,0.1,5.14599e+06
STDDEV,int64_t,"AnalysisFlag::numDistinct",4096,0.1,5.09602e+06
STDDEV,int64_t,"AnalysisFlag::numDistinct",4096,0.1,5.07804e+06
STDDEV,int64_t,"AnalysisFlag::numDistinct",4096,0.1,5.14551e+06
STDDEV,int64_t,"AnalysisFlag::numDistinct",4096,0.1,5.1265e+06
STDDEV,double,"AnalysisFlag::numDistinct",1024,0.2,553563
STDDEV,double,"AnalysisFlag::numDistinct",1024,0.2,541446
STDDEV,double,"AnalysisFlag::numDistinct",1024,0.2,477321
STDDEV,double,"AnalysisFlag::numDistinct",1024,0.2,510844
STDDEV,double,"AnalysisFlag::numDistinct",1024,0.2,527447
STDDEV,double,"AnalysisFlag::numDistinct",1024,0.2,524987
STDDEV,double,"AnalysisFlag::numDistinct",1024,0.2,548461
STDDEV,double,"AnalysisFlag::numDistinct",1024,0.2,541606
STDDEV,double,"AnalysisFlag::numDistinct",1024,0.2,532093
STDDEV,double,"AnalysisFlag::numDistinct",1024,0.2,522800
STDDEV,double,"AnalysisFlag::numDistinct",2048,0.2,2.01472e+06
STDDEV,double,"AnalysisFlag::numDistinct",2048,0.2,1.96415e+06
STDDEV,double,"AnalysisFlag::numDistinct",2048,0.2,1.97807e+06
STDDEV,double,"AnalysisFlag::numDistinct",2048,0.2,2.02307e+06
STDDEV,double,"AnalysisFlag::numDistinct",2048,0.2,2.00569e+06
STDDEV,double,"AnalysisFlag::numDistinct",2048,0.2,2.01671e+06
STDDEV,double,"AnalysisFlag::numDistinct",2048,0.2,1.9842e+06
STDDEV,double,"AnalysisFlag::numDistinct",2048,0.2,1.96406e+06
STDDEV,double,"AnalysisFlag::numDistinct",2048,0.2,1.9863e+06
STDDEV,double,"AnalysisFlag::numDistinct",2048,0.2,1.97735e+06
STDDEV,double,"AnalysisFlag::numDistinct",4096,0.2,9.78951e+06
STDDEV,double,"AnalysisFlag::numDistinct",4096,0.2,9.80311e+06
STDDEV,double,"AnalysisFlag::numDistinct",4096,0.2,9.94026e+06
STDDEV,double,"AnalysisFlag::numDistinct",4096,0.2,9.70028e+06
STDDEV,double,"AnalysisFlag::numDistinct",4096,0.2,9.80069e+06
STDDEV,double,"AnalysisFlag::numDistinct",4096,0.2,9.75391e+06
STDDEV,double,"AnalysisFlag::numDistinct",4096,0.2,9.72255e+06
STDDEV,double,"AnalysisFlag::numDistinct",4096,0.2,9.71188e+06
STDDEV,double,"AnalysisFlag::numDistinct",4096,0.2,9.68991e+06
STDDEV,double,"AnalysisFlag::numDistinct",4096,0.2,9.69604e+06
STDDEV,int64_t,"AnalysisFlag::numDistinct",1024,0.2,487884
STDDEV,int64_t,"AnalysisFlag::numDistinct",1024,0.2,479085
STDDEV,int64_t,"AnalysisFlag::numDistinct",1024,0.2,504280
STDDEV,int64_t,"AnalysisFlag::numDistinct",1024,0.2,503069
STDDEV,int64_t,"AnalysisFlag::numDistinct",1024,0.2,499362
STDDEV,int64_t,"AnalysisFlag::numDistinct",1024,0.2,468619
STDDEV,int64_t,"AnalysisFlag::numDistinct",1024,0.2,507867
STDDEV,int64_t,"AnalysisFlag::numDistinct",1024,0.2,496524
STDDEV,int64_t,"AnalysisFlag::numDistinct",1024,0.2,502662
STDDEV,int64_t,"AnalysisFlag::numDistinct",1024,0.2,512858
STDDEV,int64_t,"AnalysisFlag::numDistinct",2048,0.2,1.95486e+06
STDDEV,int64_t,"AnalysisFlag::numDistinct",2048,0.2,1.9104e+06
STDDEV,int64_t,"AnalysisFlag::numDistinct",2048,0.2,1.87638e+06
STDDEV,int64_t,"AnalysisFlag::numDistinct",2048,0.2,1.90227e+06
STDDEV,int64_t,"AnalysisFlag::numDistinct",2048,0.2,1.89318e+06
STDDEV,int64_t,"AnalysisFlag::numDistinct",2048,0.2,1.92036e+06
STDDEV,int64_t,"AnalysisFlag::numDistinct",2048,0.2,1.90598e+06
STDDEV,int64_t,"AnalysisFlag::numDistinct",2048,0.2,1.91416e+06
STDDEV,int64_t,"AnalysisFlag::numDistinct",2048,0.2,1.90345e+06
STDDEV,int64_t,"AnalysisFlag::numDistinct",2048,0.2,1.91117e+06
STDDEV,int64_t,"AnalysisFlag::numDistinct",4096,0.2,9.59923e+06
STDDEV,int64_t,"AnalysisFlag::numDistinct",4096,0.2,9.61058e+06
STDDEV,int64_t,"AnalysisFlag::numDistinct",4096,0.2,9.60064e+06
STDDEV,int64_t,"AnalysisFlag::numDistinct",4096,0.2,9.60293e+06
STDDEV,int64_t,"AnalysisFlag::numDistinct",4096,0.2,9.67078e+06
STDDEV,int64_t,"AnalysisFlag::numDistinct",4096,0.2,9.60572e+06
STDDEV,int64_t,"AnalysisFlag::numDistinct",4096,0.2,9.61295e+06
STDDEV,int64_t,"AnalysisFlag::numDistinct",4096,0.2,9.59038e+06
STDDEV,int64_t,"AnalysisFlag::numDistinct",4096,0.2,9.61083e+06
STDDEV,int64_t,"AnalysisFlag::numDistinct",4096,0.2,9.57698e+06
STDDEV,double,"AnalysisFlag::numDistinct",1024,0.25,1.40066e+06
STDDEV,double,"AnalysisFlag::numDistinct",1024,0.25,1.39424e+06
STDDEV,double,"AnalysisFlag::numDistinct",1024,0.25,1.38827e+06
STDDEV,double,"AnalysisFlag::numDistinct",1024,0.25,1.39124e+06
STDDEV,double,"AnalysisFlag::numDistinct",1024,0.25,1.38783e+06
STDDEV,double,"AnalysisFlag::numDistinct",1024,0.25,1.38814e+06
STDDEV,double,"AnalysisFlag::numDistinct",1024,0.25,1.38369e+06
STDDEV,double,"AnalysisFlag::numDistinct",1024,0.25,1.39006e+06
STDDEV,double,"AnalysisFlag::numDistinct",1024,0.25,1.38658e+06
STDDEV,double,"AnalysisFlag::numDistinct",1024,0.25,1.38937e+06
STDDEV,double,"AnalysisFlag::numDistinct",2048,0.25,6.37662e+06
STDDEV,double,"AnalysisFlag::numDistinct",2048,0.25,6.3309e+06
STDDEV,double,"AnalysisFlag::numDistinct",2048,0.25,6.32817e+06
STDDEV,double,"AnalysisFlag::numDistinct",2048,0.25,6.32223e+06
STDDEV,double,"AnalysisFlag::numDistinct",2048,0.25,6.32824e+06
STDDEV,double,"AnalysisFlag::numDistinct",2048,0.25,6.30611e+06
STDDEV,double,"AnalysisFlag::numDistinct",2048,0.25,6.36308e+06
STDDEV,double,"AnalysisFlag::numDistinct",2048,0.25,6.3302e+06
STDDEV,double,"AnalysisFlag::numDistinct",2048,0.25,6.36341e+06
STDDEV,double,"AnalysisFlag::numDistinct",2048,0.25,6.35578e+06
STDDEV,double,"AnalysisFlag::numDistinct",4096,0.25,2.63015e+07
STDDEV,double,"AnalysisFlag::numDistinct",4096,0.25,2.63037e+07
STDDEV,double,"AnalysisFlag::numDistinct",4096,0.25,2.63004e+07
STDDEV,double,"AnalysisFlag::numDistinct",4096,0.25,2.63081e+07
STDDEV,double,"AnalysisFlag::numDistinct",4096,0.25,2.62953e+07
STDDEV,double,"AnalysisFlag::numDistinct",4096,0.25,2.63016e+07
STDDEV,double,"AnalysisFlag::numDistinct",4096,0.25,2.62968e+07
STDDEV,double,"AnalysisFlag::numDistinct",4096,0.25,2.62865e+07
STDDEV,double,"AnalysisFlag::numDistinct",4096,0.25,2.63084e+07
STDDEV,double,"AnalysisFlag::numDistinct",4096,0.25,2.62915e+07
STDDEV,int64_t,"AnalysisFlag::numDistinct",1024,0.25,1.51554e+06
STDDEV,int64_t,"AnalysisFlag::numDistinct",1024,0.25,1.47746e+06
STDDEV,int64_t,"AnalysisFlag::numDistinct",1024,0.25,1.47578e+06
STDDEV,int64_t,"AnalysisFlag::numDistinct",1024,0.25,1.47649e+06
STDDEV,int64_t,"AnalysisFlag::numDistinct",1024,0.25,1.47665e+06
STDDEV,int64_t,"AnalysisFlag::numDistinct",1024,0.25,1.47611e+06
STDDEV,int64_t,"AnalysisFlag::numDistinct",1024,0.25,1.47546e+06
STDDEV,int64_t,"AnalysisFlag::numDistinct",1024,0.25,1.48084e+06
STDDEV,int64_t,"AnalysisFlag::numDistinct",1024,0.25,1.4757e+06
STDDEV,int64_t,"AnalysisFlag::numDistinct",1024,0.25,1.47594e+06
STDDEV,int64_t,"AnalysisFlag::numDistinct",2048,0.25,6.6708e+06
STDDEV,int64_t,"AnalysisFlag::numDistinct",2048,0.25,6.61801e+06
STDDEV,int64_t,"AnalysisFlag::numDistinct",2048,0.25,6.62744e+06
STDDEV,int64_t,"AnalysisFlag::numDistinct",2048,0.25,6.58621e+06
STDDEV,int64_t,"AnalysisFlag::numDistinct",2048,0.25,6.64631e+06
STDDEV,int64_t,"AnalysisFlag::numDistinct",2048,0.25,6.60653e+06
STDDEV,int64_t,"AnalysisFlag::numDistinct",2048,0.25,6.64171e+06
STDDEV,int64_t,"AnalysisFlag::numDistinct",2048,0.25,6.62762e+06
STDDEV,int64_t,"AnalysisFlag::numDistinct",2048,0.25,6.62175e+06
STDDEV,int64_t,"AnalysisFlag::numDistinct",2048,0.25,6.62254e+06
STDDEV,int64_t,"AnalysisFlag::numDistinct",4096,0.25,2.69351e+07
STDDEV,int64_t,"AnalysisFlag::numDistinct",4096,0.25,2.69724e+07
STDDEV,int64_t,"AnalysisFlag::numDistinct",4096,0.25,2.70444e+07
STDDEV,int64_t,"AnalysisFlag::numDistinct",4096,0.25,2.70047e+07
STDDEV,int64_t,"AnalysisFlag::numDistinct",4096,0.25,2.69719e+07
STDDEV,int64_t,"AnalysisFlag::numDistinct",4096,0.25,2.7076e+07
STDDEV,int64_t,"AnalysisFlag::numDistinct",4096,0.25,2.69943e+07
STDDEV,int64_t,"AnalysisFlag::numDistinct",4096,0.25,2.69904e+07
STDDEV,int64_t,"AnalysisFlag::numDistinct",4096,0.25,2.70762e+07
STDDEV,int64_t,"AnalysisFlag::numDistinct",4096,0.25,2.69831e+07
STDDEV,double,"AnalysisFlag::numDistinct",1024,1,1.60903e+06
STDDEV,double,"AnalysisFlag::numDistinct",1024,1,1.43388e+06
STDDEV,double,"AnalysisFlag::numDistinct",1024,1,1.40371e+06
STDDEV,double,"AnalysisFlag::numDistinct",1024,1,1.40281e+06
STDDEV,double,"AnalysisFlag::numDistinct",1024,1,1.40426e+06
STDDEV,double,"AnalysisFlag::numDistinct",1024,1,1.40837e+06
STDDEV,double,"AnalysisFlag::numDistinct",1024,1,1.40619e+06
STDDEV,double,"AnalysisFlag::numDistinct",1024,1,1.40146e+06
STDDEV,double,"AnalysisFlag::numDistinct",1024,1,1.39996e+06
STDDEV,double,"AnalysisFlag::numDistinct",1024,1,1.40144e+06
STDDEV,double,"AnalysisFlag::numDistinct",2048,1,6.5348e+06
STDDEV,double,"AnalysisFlag::numDistinct",2048,1,6.34713e+06
STDDEV,double,"AnalysisFlag::numDistinct",2048,1,6.34336e+06
STDDEV,double,"AnalysisFlag::numDistinct",2048,1,6.38733e+06
STDDEV,double,"AnalysisFlag::numDistinct",2048,1,6.36665e+06
STDDEV,double,"AnalysisFlag::numDistinct",2048,1,6.39335e+06
STDDEV,double,"AnalysisFlag::numDistinct",2048,1,6.34273e+06
STDDEV,double,"AnalysisFlag::numDistinct",2048,1,6.36275e+06
STDDEV,double,"AnalysisFlag::numDistinct",2048,1,6.332e+06
STDDEV,double,"AnalysisFlag::numDistinct",2048,1,6.35282e+06
STDDEV,double,"AnalysisFlag::numDistinct",4096,1,2.62466e+07
STDDEV,double,"AnalysisFlag::numDistinct",4096,1,2.62514e+07
STDDEV,double,"AnalysisFlag::numDistinct",4096,1,2.62906e+07
STDDEV,double,"AnalysisFlag::numDistinct",4096,1,2.63028e+07
STDDEV,double,"AnalysisFlag::numDistinct",4096,1,2.6309e+07
STDDEV,double,"AnalysisFlag::numDistinct",4096,1,2.63342e+07
STDDEV,double,"AnalysisFlag::numDistinct",4096,1,2.6334e+07
STDDEV,double,"AnalysisFlag::numDistinct",4096,1,2.62993e+07
STDDEV,double,"AnalysisFlag::numDistinct",4096,1,2.62764e+07
STDDEV,double,"AnalysisFlag::numDistinct",4096,1,2.627e+07
STDDEV,int64_t,"AnalysisFlag::numDistinct",1024,1,1.7238e+06
STDDEV,int64_t,"AnalysisFlag::numDistinct",1024,1,1.51384e+06
STDDEV,int64_t,"AnalysisFlag::numDistinct",1024,1,1.4754e+06
STDDEV,int64_t,"AnalysisFlag::numDistinct",1024,1,1.47745e+06
STDDEV,int64_t,"AnalysisFlag::numDistinct",1024,1,1.47544e+06
STDDEV,int64_t,"AnalysisFlag::numDistinct",1024,1,1.47616e+06
STDDEV,int64_t,"AnalysisFlag::numDistinct",1024,1,1.47672e+06
STDDEV,int64_t,"AnalysisFlag::numDistinct",1024,1,1.47404e+06
STDDEV,int64_t,"AnalysisFlag::numDistinct",1024,1,1.47878e+06
STDDEV,int64_t,"AnalysisFlag::numDistinct",1024,1,1.47303e+06
STDDEV,int64_t,"AnalysisFlag::numDistinct",2048,1,6.71353e+06
STDDEV,int64_t,"AnalysisFlag::numDistinct",2048,1,6.60079e+06
STDDEV,int64_t,"AnalysisFlag::numDistinct",2048,1,6.59555e+06
STDDEV,int64_t,"AnalysisFlag::numDistinct",2048,1,6.60345e+06
STDDEV,int64_t,"AnalysisFlag::numDistinct",2048,1,6.60506e+06
STDDEV,int64_t,"AnalysisFlag::numDistinct",2048,1,6.59657e+06
STDDEV,int64_t,"AnalysisFlag::numDistinct",2048,1,6.65066e+06
STDDEV,int64_t,"AnalysisFlag::numDistinct",2048,1,6.5688e+06
STDDEV,int64_t,"AnalysisFlag::numDistinct",2048,1,6.58617e+06
STDDEV,int64_t,"AnalysisFlag::numDistinct",2048,1,6.56824e+06
STDDEV,int64_t,"AnalysisFlag::numDistinct",4096,1,2.71134e+07
STDDEV,int64_t,"AnalysisFlag::numDistinct",4096,1,2.6977e+07
STDDEV,int64_t,"AnalysisFlag::numDistinct",4096,1,2.697e+07
STDDEV,int64_t,"AnalysisFlag::numDistinct",4096,1,2.70072e+07
STDDEV,int64_t,"AnalysisFlag::numDistinct",4096,1,2.69659e+07
STDDEV,int64_t,"AnalysisFlag::numDistinct",4096,1,2.69657e+07
STDDEV,int64_t,"AnalysisFlag::numDistinct",4096,1,2.70018e+07
STDDEV,int64_t,"AnalysisFlag::numDistinct",4096,1,2.69398e+07
STDDEV,int64_t,"AnalysisFlag::numDistinct",4096,1,2.69909e+07
STDDEV,int64_t,"AnalysisFlag::numDistinct",4096,1,2.69994e+07
VAR,double,"AnalysisFlag::numDistinct",1024,0.001,66825
VAR,double,"AnalysisFlag::numDistinct",1024,0.001,60789
VAR,double,"AnalysisFlag::numDistinct",1024,0.001,62789
VAR,double,"AnalysisFlag::numDistinct",1024,0.001,62024
VAR,double,"AnalysisFlag::numDistinct",1024,0.001,61224
VAR,double,"AnalysisFlag::numDistinct",1024,0.001,61395
VAR,double,"AnalysisFlag::numDistinct",1024,0.001,60658
VAR,double,"AnalysisFlag::numDistinct",1024,0.001,60838
VAR,double,"AnalysisFlag::numDistinct",1024,0.001,60457
VAR,double,"AnalysisFlag::numDistinct",1024,0.001,58363
VAR,double,"AnalysisFlag::numDistinct",2048,0.001,141749
VAR,double,"AnalysisFlag::numDistinct",2048,0.001,156712
VAR,double,"AnalysisFlag::numDistinct",2048,0.001,158024
VAR,double,"AnalysisFlag::numDistinct",2048,0.001,139758
VAR,double,"AnalysisFlag::numDistinct",2048,0.001,158859
VAR,double,"AnalysisFlag::numDistinct",2048,0.001,157635
VAR,double,"AnalysisFlag::numDistinct",2048,0.001,156233
VAR,double,"AnalysisFlag::numDistinct",2048,0.001,157001
VAR,double,"AnalysisFlag::numDistinct",2048,0.001,135465
VAR,double,"AnalysisFlag::numDistinct",2048,0.001,156564
VAR,double,"AnalysisFlag::numDistinct",4096,0.001,320320
VAR,double,"AnalysisFlag::numDistinct",4096,0.001,319797
VAR,double,"AnalysisFlag::numDistinct",4096,0.001,318306
VAR,double,"AnalysisFlag::numDistinct",4096,0.001,311663
VAR,double,"AnalysisFlag::numDistinct",4096,0.001,311580
VAR,double,"AnalysisFlag::numDistinct",4096,0.001,310584
VAR,double,"AnalysisFlag::numDistinct",4096,0.001,314157
VAR,double,"AnalysisFlag::numDistinct",4096,0.001,305143
VAR,double,"AnalysisFlag::numDistinct",4096,0.001,310038
VAR,double,"AnalysisFlag::numDistinct",4096,0.001,313740
VAR,int64_t,"AnalysisFlag::numDistinct",1024,0.001,35208
VAR,int64_t,"AnalysisFlag::numDistinct",1024,0.001,28530
VAR,int64_t,"AnalysisFlag::numDistinct",1024,0.001,31543
VAR,int64_t,"AnalysisFlag::numDistinct",1024,0.001,33621
VAR,int64_t,"AnalysisFlag::numDistinct",1024,0.001,32652
VAR,int64_t,"AnalysisFlag::numDistinct",1024,0.001,29554
VAR,int64_t,"AnalysisFlag::numDistinct",1024,0.001,31823
VAR,int64_t,"AnalysisFlag::numDistinct",1024,0.001,30672
VAR,int64_t,"AnalysisFlag::numDistinct",1024,0.001,30601
VAR,int64_t,"AnalysisFlag::numDistinct",1024,0.001,29547
VAR,int64_t,"AnalysisFlag::numDistinct",2048,0.001,85133
VAR,int64_t,"AnalysisFlag::numDistinct",2048,0.001,78312
VAR,int64_t,"AnalysisFlag::numDistinct",2048,0.001,83144
VAR,int64_t,"AnalysisFlag::numDistinct",2048,0.001,82906
VAR,int64_t,"AnalysisFlag::numDistinct",2048,0.001,85061
VAR,int64_t,"AnalysisFlag::numDistinct",2048,0.001,79757
VAR,int64_t,"AnalysisFlag::numDistinct",2048,0.001,78919
VAR,int64_t,"AnalysisFlag::numDistinct",2048,0.001,83486
VAR,int64_t,"AnalysisFlag::numDistinct",2048,0.001,84899
VAR,int64_t,"AnalysisFlag::numDistinct",2048,0.001,81859
VAR,int64_t,"AnalysisFlag::numDistinct",4096,0.001,176511
VAR,int64_t,"AnalysisFlag::numDistinct",4096,0.001,173767
VAR,int64_t,"AnalysisFlag::numDistinct",4096,0.001,196219
VAR,int64_t,"AnalysisFlag::numDistinct",4096,0.001,182354
VAR,int64_t,"AnalysisFlag::numDistinct",4096,0.001,183154
VAR,int64_t,"AnalysisFlag::numDistinct",4096,0.001,183179
VAR,int64_t,"AnalysisFlag::numDistinct",4096,0.001,181262
VAR,int64_t,"AnalysisFlag::numDistinct",4096,0.001,183739
VAR,int64_t,"AnalysisFlag::numDistinct",4096,0.001,185373
VAR,int64_t,"AnalysisFlag::numDistinct",4096,0.001,193087
VAR,double,"AnalysisFlag::numDistinct",1024,0.01,90197
VAR,double,"AnalysisFlag::numDistinct",1024,0.01,88856
VAR,double,"AnalysisFlag::numDistinct",1024,0.01,88220
VAR,double,"AnalysisFlag::numDistinct",1024,0.01,89657
VAR,double,"AnalysisFlag::numDistinct",1024,0.01,90637
VAR,double,"AnalysisFlag::numDistinct",1024,0.01,88825
VAR,double,"AnalysisFlag::numDistinct",1024,0.01,89430
VAR,double,"AnalysisFlag::numDistinct",1024,0.01,88703
VAR,double,"AnalysisFlag::numDistinct",1024,0.01,91656
VAR,double,"AnalysisFlag::numDistinct",1024,0.01,90710
VAR,double,"AnalysisFlag::numDistinct",2048,0.01,226215
VAR,double,"AnalysisFlag::numDistinct",2048,0.01,263215
VAR,double,"AnalysisFlag::numDistinct",2048,0.01,222459
VAR,double,"AnalysisFlag::numDistinct",2048,0.01,224678
VAR,double,"AnalysisFlag::numDistinct",2048,0.01,227795
VAR,double,"AnalysisFlag::numDistinct",2048,0.01,223048
VAR,double,"AnalysisFlag::numDistinct",2048,0.01,223435
VAR,double,"AnalysisFlag::numDistinct",2048,0.01,223510
VAR,double,"AnalysisFlag::numDistinct",2048,0.01,224833
VAR,double,"AnalysisFlag::numDistinct",2048,0.01,224582
VAR,double,"AnalysisFlag::numDistinct",4096,0.01,733397
VAR,double,"AnalysisFlag::numDistinct",4096,0.01,705444
VAR,double,"AnalysisFlag::numDistinct",4096,0.01,706036
VAR,double,"AnalysisFlag::numDistinct",4096,0.01,707119
VAR,double,"AnalysisFlag::numDistinct",4096,0.01,705717
VAR,double,"AnalysisFlag::numDistinct",4096,0.01,705129
VAR,double,"AnalysisFlag::numDistinct",4096,0.01,705915
VAR,double,"AnalysisFlag::numDistinct",4096,0.01,748876
VAR,double,"AnalysisFlag::numDistinct",4096,0.01,710016
VAR,double,"AnalysisFlag::numDistinct",4096,0.01,731148
VAR,int64_t,"AnalysisFlag::numDistinct",1024,0.01,73434
VAR,int64_t,"AnalysisFlag::numDistinct",1024,0.01,70101
VAR,int64_t,"AnalysisFlag::numDistinct",1024,0.01,73104
VAR,int64_t,"AnalysisFlag::numDistinct",1024,0.01,72676
VAR,int64_t,"AnalysisFlag::numDistinct",1024,0.01,72037
VAR,int64_t,"AnalysisFlag::numDistinct",1024,0.01,71476
VAR,int64_t,"AnalysisFlag::numDistinct",1024,0.01,69476
VAR,int64_t,"AnalysisFlag::numDistinct",1024,0.01,70697
VAR,int64_t,"AnalysisFlag::numDistinct",1024,0.01,69935
VAR,int64_t,"AnalysisFlag::numDistinct",1024,0.01,70651
VAR,int64_t,"AnalysisFlag::numDistinct",2048,0.01,188866
VAR,int64_t,"AnalysisFlag::numDistinct",2048,0.01,187660
VAR,int64_t,"AnalysisFlag::numDistinct",2048,0.01,189161
VAR,int64_t,"AnalysisFlag::numDistinct",2048,0.01,184454
VAR,int64_t,"AnalysisFlag::numDistinct",2048,0.01,190306
VAR,int64_t,"AnalysisFlag::numDistinct",2048,0.01,186931
VAR,int64_t,"AnalysisFlag::numDistinct",2048,0.01,189270
VAR,int64_t,"AnalysisFlag::numDistinct",2048,0.01,188122
VAR,int64_t,"AnalysisFlag::numDistinct",2048,0.01,186816
VAR,int64_t,"AnalysisFlag::numDistinct",2048,0.01,189219
VAR,int64_t,"AnalysisFlag::numDistinct",4096,0.01,641297
VAR,int64_t,"AnalysisFlag::numDistinct",4096,0.01,605805
VAR,int64_t,"AnalysisFlag::numDistinct",4096,0.01,635148
VAR,int64_t,"AnalysisFlag::numDistinct",4096,0.01,606406
VAR,int64_t,"AnalysisFlag::numDistinct",4096,0.01,637164
VAR,int64_t,"AnalysisFlag::numDistinct",4096,0.01,629814
VAR,int64_t,"AnalysisFlag::numDistinct",4096,0.01,617481
VAR,int64_t,"AnalysisFlag::numDistinct",4096,0.01,654653
VAR,int64_t,"AnalysisFlag::numDistinct",4096,0.01,635848
VAR,int64_t,"AnalysisFlag::numDistinct",4096,0.01,636750
VAR,double,"AnalysisFlag::numDistinct",1024,0.05,178629
VAR,double,"AnalysisFlag::numDistinct",1024,0.05,177140
VAR,double,"AnalysisFlag::numDistinct",1024,0.05,175051
VAR,double,"AnalysisFlag::numDistinct",1024,0.05,211590
VAR,double,"AnalysisFlag::numDistinct",1024,0.05,175229
VAR,double,"AnalysisFlag::numDistinct",1024,0.05,174773
VAR,double,"AnalysisFlag::numDistinct",1024,0.05,173736
VAR,double,"AnalysisFlag::numDistinct",1024,0.05,176843
VAR,double,"AnalysisFlag::numDistinct",1024,0.05,215596
VAR,double,"AnalysisFlag::numDistinct",1024,0.05,175940
VAR,double,"AnalysisFlag::numDistinct",2048,0.05,628996
VAR,double,"AnalysisFlag::numDistinct",2048,0.05,637656
VAR,double,"AnalysisFlag::numDistinct",2048,0.05,565720
VAR,double,"AnalysisFlag::numDistinct",2048,0.05,612776
VAR,double,"AnalysisFlag::numDistinct",2048,0.05,600192
VAR,double,"AnalysisFlag::numDistinct",2048,0.05,630855
VAR,double,"AnalysisFlag::numDistinct",2048,0.05,632917
VAR,double,"AnalysisFlag::numDistinct",2048,0.05,618748
VAR,double,"AnalysisFlag::numDistinct",2048,0.05,601473
VAR,double,"AnalysisFlag::numDistinct",2048,0.05,606153
VAR,double,"AnalysisFlag::numDistinct",4096,0.05,2.56487e+06
VAR,double,"AnalysisFlag::numDistinct",4096,0.05,2.51211e+06
VAR,double,"AnalysisFlag::numDistinct",4096,0.05,2.50381e+06
VAR,double,"AnalysisFlag::numDistinct",4096,0.05,2.48827e+06
VAR,double,"AnalysisFlag::numDistinct",4096,0.05,2.50605e+06
VAR,double,"AnalysisFlag::numDistinct",4096,0.05,2.49497e+06
VAR,double,"AnalysisFlag::numDistinct",4096,0.05,2.47807e+06
VAR,double,"AnalysisFlag::numDistinct",4096,0.05,2.49756e+06
VAR,double,"AnalysisFlag::numDistinct",4096,0.05,2.48944e+06
VAR,double,"AnalysisFlag::numDistinct",4096,0.05,2.48082e+06
VAR,int64_t,"AnalysisFlag::numDistinct",1024,0.05,180120
VAR,int64_t,"AnalysisFlag::numDistinct",1024,0.05,189416
VAR,int64_t,"AnalysisFlag::numDistinct",1024,0.05,170071
VAR,int64_t,"AnalysisFlag::numDistinct",1024,0.05,187962
VAR,int64_t,"AnalysisFlag::numDistinct",1024,0.05,154770
VAR,int64_t,"AnalysisFlag::numDistinct",1024,0.05,153814
VAR,int64_t,"AnalysisFlag::numDistinct",1024,0.05,178196
VAR,int64_t,"AnalysisFlag::numDistinct",1024,0.05,180971
VAR,int64_t,"AnalysisFlag::numDistinct",1024,0.05,153703
VAR,int64_t,"AnalysisFlag::numDistinct",1024,0.05,157139
VAR,int64_t,"AnalysisFlag::numDistinct",2048,0.05,550087
VAR,int64_t,"AnalysisFlag::numDistinct",2048,0.05,568847
VAR,int64_t,"AnalysisFlag::numDistinct",2048,0.05,576940
VAR,int64_t,"AnalysisFlag::numDistinct",2048,0.05,573184
VAR,int64_t,"AnalysisFlag::numDistinct",2048,0.05,554381
VAR,int64_t,"AnalysisFlag::numDistinct",2048,0.05,573377
VAR,int64_t,"AnalysisFlag::numDistinct",2048,0.05,564788
VAR,int64_t,"AnalysisFlag::numDistinct",2048,0.05,549674
VAR,int64_t,"AnalysisFlag::numDistinct",2048,0.05,536505
VAR,int64_t,"AnalysisFlag::numDistinct",2048,0.05,560065
VAR,int64_t,"AnalysisFlag::numDistinct",4096,0.05,2.40567e+06
VAR,int64_t,"AnalysisFlag::numDistinct",4096,0.05,2.37739e+06
VAR,int64_t,"AnalysisFlag::numDistinct",4096,0.05,2.39918e+06
VAR,int64_t,"AnalysisFlag::numDistinct",4096,0.05,2.41104e+06
VAR,int64_t,"AnalysisFlag::numDistinct",4096,0.05,2.3737e+06
VAR,int64_t,"AnalysisFlag::numDistinct",4096,0.05,2.3954e+06
VAR,int64_t,"AnalysisFlag::numDistinct",4096,0.05,2.40214e+06
VAR,int64_t,"AnalysisFlag::numDistinct",4096,0.05,2.40624e+06
VAR,int64_t,"AnalysisFlag::numDistinct",4096,0.05,2.37902e+06
VAR,int64_t,"AnalysisFlag::numDistinct",4096,0.05,2.40705e+06
VAR,double,"AnalysisFlag::numDistinct",1024,0.1,289273
VAR,double,"AnalysisFlag::numDistinct",1024,0.1,284657
VAR,double,"AnalysisFlag::numDistinct",1024,0.1,326544
VAR,double,"AnalysisFlag::numDistinct",1024,0.1,337701
VAR,double,"AnalysisFlag::numDistinct",1024,0.1,340858
VAR,double,"AnalysisFlag::numDistinct",1024,0.1,308740
VAR,double,"AnalysisFlag::numDistinct",1024,0.1,306518
VAR,double,"AnalysisFlag::numDistinct",1024,0.1,299384
VAR,double,"AnalysisFlag::numDistinct",1024,0.1,326398
VAR,double,"AnalysisFlag::numDistinct",1024,0.1,285856
VAR,double,"AnalysisFlag::numDistinct",2048,0.1,1.06686e+06
VAR,double,"AnalysisFlag::numDistinct",2048,0.1,1.02308e+06
VAR,double,"AnalysisFlag::numDistinct",2048,0.1,1.03615e+06
VAR,double,"AnalysisFlag::numDistinct",2048,0.1,1.06209e+06
VAR,double,"AnalysisFlag::numDistinct",2048,0.1,1.05791e+06
VAR,double,"AnalysisFlag::numDistinct",2048,0.1,1.06799e+06
VAR,double,"AnalysisFlag::numDistinct",2048,0.1,1.04083e+06
VAR,double,"AnalysisFlag::numDistinct",2048,0.1,1.03538e+06
VAR,double,"AnalysisFlag::numDistinct",2048,0.1,1.05548e+06
VAR,double,"AnalysisFlag::numDistinct",2048,0.1,1.07588e+06
VAR,double,"AnalysisFlag::numDistinct",4096,0.1,5.23395e+06
VAR,double,"AnalysisFlag::numDistinct",4096,0.1,5.1892e+06
VAR,double,"AnalysisFlag::numDistinct",4096,0.1,5.23019e+06
VAR,double,"AnalysisFlag::numDistinct",4096,0.1,5.1671e+06
VAR,double,"AnalysisFlag::numDistinct",4096,0.1,5.14996e+06
VAR,double,"AnalysisFlag::numDistinct",4096,0.1,5.15406e+06
VAR,double,"AnalysisFlag::numDistinct",4096,0.1,5.2089e+06
VAR,double,"AnalysisFlag::numDistinct",4096,0.1,5.17326e+06
VAR,double,"AnalysisFlag::numDistinct",4096,0.1,5.16126e+06
VAR,double,"AnalysisFlag::numDistinct",4096,0.1,5.21638e+06
VAR,int64_t,"AnalysisFlag::numDistinct",1024,0.1,298236
VAR,int64_t,"AnalysisFlag::numDistinct",1024,0.1,294010
VAR,int64_t,"AnalysisFlag::numDistinct",1024,0.1,286735
VAR,int64_t,"AnalysisFlag::numDistinct",1024,0.1,296775
VAR,int64_t,"AnalysisFlag::numDistinct",1024,0.1,259851
VAR,int64_t,"AnalysisFlag::numDistinct",1024,0.1,296009
VAR,int64_t,"AnalysisFlag::numDistinct",1024,0.1,287023
VAR,int64_t,"AnalysisFlag::numDistinct",1024,0.1,299477
VAR,int64_t,"AnalysisFlag::numDistinct",1024,0.1,263544
VAR,int64_t,"AnalysisFlag::numDistinct",1024,0.1,306006
VAR,int64_t,"AnalysisFlag::numDistinct",2048,0.1,1.00502e+06
VAR,int64_t,"AnalysisFlag::numDistinct",2048,0.1,1.0141e+06
VAR,int64_t,"AnalysisFlag::numDistinct",2048,0.1,1.0071e+06
VAR,int64_t,"AnalysisFlag::numDistinct",2048,0.1,999690
VAR,int64_t,"AnalysisFlag::numDistinct",2048,0.1,1.00291e+06
VAR,int64_t,"AnalysisFlag::numDistinct",2048,0.1,1.00508e+06
VAR,int64_t,"AnalysisFlag::numDistinct",2048,0.1,1.00499e+06
VAR,int64_t,"AnalysisFlag::numDistinct",2048,0.1,997388
VAR,int64_t,"AnalysisFlag::numDistinct",2048,0.1,1.01282e+06
VAR,int64_t,"AnalysisFlag::numDistinct",2048,0.1,1.00109e+06
VAR,int64_t,"AnalysisFlag::numDistinct",4096,0.1,5.18359e+06
VAR,int64_t,"AnalysisFlag::numDistinct",4096,0.1,5.1894e+06
VAR,int64_t,"AnalysisFlag::numDistinct",4096,0.1,5.19574e+06
VAR,int64_t,"AnalysisFlag::numDistinct",4096,0.1,5.21271e+06
VAR,int64_t,"AnalysisFlag::numDistinct",4096,0.1,5.2143e+06
VAR,int64_t,"AnalysisFlag::numDistinct",4096,0.1,5.19463e+06
VAR,int64_t,"AnalysisFlag::numDistinct",4096,0.1,5.18632e+06
VAR,int64_t,"AnalysisFlag::numDistinct",4096,0.1,5.14925e+06
VAR,int64_t,"AnalysisFlag::numDistinct",4096,0.1,5.15727e+06
VAR,int64_t,"AnalysisFlag::numDistinct",4096,0.1,5.17312e+06
VAR,double,"AnalysisFlag::numDistinct",1024,0.2,548667
VAR,double,"AnalysisFlag::numDistinct",1024,0.2,534169
VAR,double,"AnalysisFlag::numDistinct",1024,0.2,555239
VAR,double,"AnalysisFlag::numDistinct",1024,0.2,540779
VAR,double,"AnalysisFlag::numDistinct",1024,0.2,544419
VAR,double,"AnalysisFlag::numDistinct",1024,0.2,528021
VAR,double,"AnalysisFlag::numDistinct",1024,0.2,536158
VAR,double,"AnalysisFlag::numDistinct",1024,0.2,526210
VAR,double,"AnalysisFlag::numDistinct",1024,0.2,543036
VAR,double,"AnalysisFlag::numDistinct",1024,0.2,521387
VAR,double,"AnalysisFlag::numDistinct",2048,0.2,2.04041e+06
VAR,double,"AnalysisFlag::numDistinct",2048,0.2,2.01506e+06
VAR,double,"AnalysisFlag::numDistinct",2048,0.2,1.97054e+06
VAR,double,"AnalysisFlag::numDistinct",2048,0.2,1.97212e+06
VAR,double,"AnalysisFlag::numDistinct",2048,0.2,2.01792e+06
VAR,double,"AnalysisFlag::numDistinct",2048,0.2,2.02715e+06
VAR,double,"AnalysisFlag::numDistinct",2048,0.2,1.98388e+06
VAR,double,"AnalysisFlag::numDistinct",2048,0.2,1.98471e+06
VAR,double,"AnalysisFlag::numDistinct",2048,0.2,2.00008e+06
VAR,double,"AnalysisFlag::numDistinct",2048,0.2,1.98066e+06
VAR,double,"AnalysisFlag::numDistinct",4096,0.2,9.70723e+06
VAR,double,"AnalysisFlag::numDistinct",4096,0.2,9.68214e+06
VAR,double,"AnalysisFlag::numDistinct",4096,0.2,9.6701e+06
VAR,double,"AnalysisFlag::numDistinct",4096,0.2,9.6737e+06
VAR,double,"AnalysisFlag::numDistinct",4096,0.2,9.65598e+06
VAR,double,"AnalysisFlag::numDistinct",4096,0.2,9.70066e+06
VAR,double,"AnalysisFlag::numDistinct",4096,0.2,9.67648e+06
VAR,double,"AnalysisFlag::numDistinct",4096,0.2,9.69157e+06
VAR,double,"AnalysisFlag::numDistinct",4096,0.2,9.66319e+06
VAR,double,"AnalysisFlag::numDistinct",4096,0.2,9.67182e+06
VAR,int64_t,"AnalysisFlag::numDistinct",1024,0.2,507778
VAR,int64_t,"AnalysisFlag::numDistinct",1024,0.2,503222
VAR,int64_t,"AnalysisFlag::numDistinct",1024,0.2,511457
VAR,int64_t,"AnalysisFlag::numDistinct",1024,0.2,507041
VAR,int64_t,"AnalysisFlag::numDistinct",1024,0.2,520297
VAR,int64_t,"AnalysisFlag::numDistinct",1024,0.2,471682
VAR,int64_t,"AnalysisFlag::numDistinct",1024,0.2,499113
VAR,int64_t,"AnalysisFlag::numDistinct",1024,0.2,522276
VAR,int64_t,"AnalysisFlag::numDistinct",1024,0.2,495478
VAR,int64_t,"AnalysisFlag::numDistinct",1024,0.2,497049
VAR,int64_t,"AnalysisFlag::numDistinct",2048,0.2,1.94105e+06
VAR,int64_t,"AnalysisFlag::numDistinct",2048,0.2,1.8979e+06
VAR,int64_t,"AnalysisFlag::numDistinct",2048,0.2,1.88425e+06
VAR,int64_t,"AnalysisFlag::numDistinct",2048,0.2,1.89814e+06
VAR,int64_t,"AnalysisFlag::numDistinct",2048,0.2,1.88029e+06
VAR,int64_t,"AnalysisFlag::numDistinct",2048,0.2,1.90832e+06
VAR,int64_t,"AnalysisFlag::numDistinct",2048,0.2,1.90818e+06
VAR,int64_t,"AnalysisFlag::numDistinct",2048,0.2,2.32096e+06
VAR,int64_t,"AnalysisFlag::numDistinct",2048,0.2,2.19507e+06
VAR,int64_t,"AnalysisFlag::numDistinct",2048,0.2,2.20275e+06
VAR,int64_t,"AnalysisFlag::numDistinct",4096,0.2,9.8848e+06
VAR,int64_t,"AnalysisFlag::numDistinct",4096,0.2,9.86884e+06
VAR,int64_t,"AnalysisFlag::numDistinct",4096,0.2,9.92856e+06
VAR,int64_t,"AnalysisFlag::numDistinct",4096,0.2,9.85461e+06
VAR,int64_t,"AnalysisFlag::numDistinct",4096,0.2,9.80918e+06
VAR,int64_t,"AnalysisFlag::numDistinct",4096,0.2,9.85391e+06
VAR,int64_t,"AnalysisFlag::numDistinct",4096,0.2,9.8742e+06
VAR,int64_t,"AnalysisFlag::numDistinct",4096,0.2,9.83903e+06
VAR,int64_t,"AnalysisFlag::numDistinct",4096,0.2,9.82955e+06
VAR,int64_t,"AnalysisFlag::numDistinct",4096,0.2,9.83307e+06
VAR,double,"AnalysisFlag::numDistinct",1024,0.25,1.70478e+06
VAR,double,"AnalysisFlag::numDistinct",1024,0.25,1.687e+06
VAR,double,"AnalysisFlag::numDistinct",1024,0.25,1.69135e+06
VAR,double,"AnalysisFlag::numDistinct",1024,0.25,1.68751e+06
VAR,double,"AnalysisFlag::numDistinct",1024,0.25,1.69038e+06
VAR,double,"AnalysisFlag::numDistinct",1024,0.25,1.68943e+06
VAR,double,"AnalysisFlag::numDistinct",1024,0.25,1.68724e+06
VAR,double,"AnalysisFlag::numDistinct",1024,0.25,1.68804e+06
VAR,double,"AnalysisFlag::numDistinct",1024,0.25,1.68804e+06
VAR,double,"AnalysisFlag::numDistinct",1024,0.25,1.68524e+06
VAR,double,"AnalysisFlag::numDistinct",2048,0.25,7.35784e+06
VAR,double,"AnalysisFlag::numDistinct",2048,0.25,7.44936e+06
VAR,double,"AnalysisFlag::numDistinct",2048,0.25,7.55176e+06
VAR,double,"AnalysisFlag::numDistinct",2048,0.25,7.44398e+06
VAR,double,"AnalysisFlag::numDistinct",2048,0.25,7.44373e+06
VAR,double,"AnalysisFlag::numDistinct",2048,0.25,7.43648e+06
VAR,double,"AnalysisFlag::numDistinct",2048,0.25,7.4425e+06
VAR,double,"AnalysisFlag::numDistinct",2048,0.25,7.43683e+06
VAR,double,"AnalysisFlag::numDistinct",2048,0.25,7.4482e+06
VAR,double,"AnalysisFlag::numDistinct",2048,0.25,7.37474e+06
VAR,double,"AnalysisFlag::numDistinct",4096,0.25,3.03639e+07
VAR,double,"AnalysisFlag::numDistinct",4096,0.25,3.03382e+07
VAR,double,"AnalysisFlag::numDistinct",4096,0.25,3.04322e+07
VAR,double,"AnalysisFlag::numDistinct",4096,0.25,3.03338e+07
VAR,double,"AnalysisFlag::numDistinct",4096,0.25,3.03365e+07
VAR,double,"AnalysisFlag::numDistinct",4096,0.25,3.03222e+07
VAR,double,"AnalysisFlag::numDistinct",4096,0.25,3.03703e+07
VAR,double,"AnalysisFlag::numDistinct",4096,0.25,3.0355e+07
VAR,double,"AnalysisFlag::numDistinct",4096,0.25,3.03381e+07
VAR,double,"AnalysisFlag::numDistinct",4096,0.25,3.03797e+07
VAR,int64_t,"AnalysisFlag::numDistinct",1024,0.25,1.70666e+06
VAR,int64_t,"AnalysisFlag::numDistinct",1024,0.25,1.69164e+06
VAR,int64_t,"AnalysisFlag::numDistinct",1024,0.25,1.69002e+06
VAR,int64_t,"AnalysisFlag::numDistinct",1024,0.25,1.69668e+06
VAR,int64_t,"AnalysisFlag::numDistinct",1024,0.25,1.69697e+06
VAR,int64_t,"AnalysisFlag::numDistinct",1024,0.25,1.69049e+06
VAR,int64_t,"AnalysisFlag::numDistinct",1024,0.25,1.6926e+06
VAR,int64_t,"AnalysisFlag::numDistinct",1024,0.25,1.68929e+06
VAR,int64_t,"AnalysisFlag::numDistinct",1024,0.25,1.69302e+06
VAR,int64_t,"AnalysisFlag::numDistinct",1024,0.25,1.69093e+06
VAR,int64_t,"AnalysisFlag::numDistinct",2048,0.25,7.02976e+06
VAR,int64_t,"AnalysisFlag::numDistinct",2048,0.25,6.97151e+06
VAR,int64_t,"AnalysisFlag::numDistinct",2048,0.25,6.95239e+06
VAR,int64_t,"AnalysisFlag::numDistinct",2048,0.25,6.96888e+06
VAR,int64_t,"AnalysisFlag::numDistinct",2048,0.25,6.96038e+06
VAR,int64_t,"AnalysisFlag::numDistinct",2048,0.25,6.96582e+06
VAR,int64_t,"AnalysisFlag::numDistinct",2048,0.25,6.95171e+06
VAR,int64_t,"AnalysisFlag::numDistinct",2048,0.25,6.98188e+06
VAR,int64_t,"AnalysisFlag::numDistinct",2048,0.25,6.94061e+06
VAR,int64_t,"AnalysisFlag::numDistinct",2048,0.25,6.96782e+06
VAR,int64_t,"AnalysisFlag::numDistinct",4096,0.25,2.80384e+07
VAR,int64_t,"AnalysisFlag::numDistinct",4096,0.25,2.80328e+07
VAR,int64_t,"AnalysisFlag::numDistinct",4096,0.25,2.80549e+07
VAR,int64_t,"AnalysisFlag::numDistinct",4096,0.25,2.80089e+07
VAR,int64_t,"AnalysisFlag::numDistinct",4096,0.25,2.81708e+07
VAR,int64_t,"AnalysisFlag::numDistinct",4096,0.25,2.80776e+07
VAR,int64_t,"AnalysisFlag::numDistinct",4096,0.25,2.80149e+07
VAR,int64_t,"AnalysisFlag::numDistinct",4096,0.25,2.80278e+07
VAR,int64_t,"AnalysisFlag::numDistinct",4096,0.25,2.80189e+07
VAR,int64_t,"AnalysisFlag::numDistinct",4096,0.25,2.81117e+07
VAR,double,"AnalysisFlag::numDistinct",1024,1,1.8808e+06
VAR,double,"AnalysisFlag::numDistinct",1024,1,1.69016e+06
VAR,double,"AnalysisFlag::numDistinct",1024,1,1.69042e+06
VAR,double,"AnalysisFlag::numDistinct",1024,1,1.68888e+06
VAR,double,"AnalysisFlag::numDistinct",1024,1,1.67109e+06
VAR,double,"AnalysisFlag::numDistinct",1024,1,1.67542e+06
VAR,double,"AnalysisFlag::numDistinct",1024,1,1.69201e+06
VAR,double,"AnalysisFlag::numDistinct",1024,1,1.69013e+06
VAR,double,"AnalysisFlag::numDistinct",1024,1,1.6873e+06
VAR,double,"AnalysisFlag::numDistinct",1024,1,1.68711e+06
VAR,double,"AnalysisFlag::numDistinct",2048,1,7.51045e+06
VAR,double,"AnalysisFlag::numDistinct",2048,1,7.43829e+06
VAR,double,"AnalysisFlag::numDistinct",2048,1,7.40747e+06
VAR,double,"AnalysisFlag::numDistinct",2048,1,7.40608e+06
VAR,double,"AnalysisFlag::numDistinct",2048,1,7.43726e+06
VAR,double,"AnalysisFlag::numDistinct",2048,1,7.42675e+06
VAR,double,"AnalysisFlag::numDistinct",2048,1,7.43482e+06
VAR,double,"AnalysisFlag::numDistinct",2048,1,7.44472e+06
VAR,double,"AnalysisFlag::numDistinct",2048,1,7.4258e+06
VAR,double,"AnalysisFlag::numDistinct",2048,1,7.41863e+06
VAR,double,"AnalysisFlag::numDistinct",4096,1,3.03634e+07
VAR,double,"AnalysisFlag::numDistinct",4096,1,3.04087e+07
VAR,double,"AnalysisFlag::numDistinct",4096,1,3.0375e+07
VAR,double,"AnalysisFlag::numDistinct",4096,1,3.03398e+07
VAR,double,"AnalysisFlag::numDistinct",4096,1,3.03724e+07
VAR,double,"AnalysisFlag::numDistinct",4096,1,3.03351e+07
VAR,double,"AnalysisFlag::numDistinct",4096,1,3.03541e+07
VAR,double,"AnalysisFlag::numDistinct",4096,1,3.03537e+07
VAR,double,"AnalysisFlag::numDistinct",4096,1,3.03274e+07
VAR,double,"AnalysisFlag::numDistinct",4096,1,3.03525e+07
VAR,int64_t,"AnalysisFlag::numDistinct",1024,1,1.89061e+06
VAR,int64_t,"AnalysisFlag::numDistinct",1024,1,1.722e+06
VAR,int64_t,"AnalysisFlag::numDistinct",1024,1,1.69213e+06
VAR,int64_t,"AnalysisFlag::numDistinct",1024,1,1.69313e+06
VAR,int64_t,"AnalysisFlag::numDistinct",1024,1,1.69298e+06
VAR,int64_t,"AnalysisFlag::numDistinct",1024,1,1.69377e+06
VAR,int64_t,"AnalysisFlag::numDistinct",1024,1,1.69023e+06
VAR,int64_t,"AnalysisFlag::numDistinct",1024,1,1.69333e+06
VAR,int64_t,"AnalysisFlag::numDistinct",1024,1,1.69108e+06
VAR,int64_t,"AnalysisFlag::numDistinct",1024,1,1.69341e+06
VAR,int64_t,"AnalysisFlag::numDistinct",2048,1,7.06494e+06
VAR,int64_t,"AnalysisFlag::numDistinct",2048,1,6.9486e+06
VAR,int64_t,"AnalysisFlag::numDistinct",2048,1,6.95434e+06
VAR,int64_t,"AnalysisFlag::numDistinct",2048,1,6.98044e+06
VAR,int64_t,"AnalysisFlag::numDistinct",2048,1,6.95091e+06
VAR,int64_t,"AnalysisFlag::numDistinct",2048,1,6.95692e+06
VAR,int64_t,"AnalysisFlag::numDistinct",2048,1,6.956e+06
VAR,int64_t,"AnalysisFlag::numDistinct",2048,1,6.94935e+06
VAR,int64_t,"AnalysisFlag::numDistinct",2048,1,6.97374e+06
VAR,int64_t,"AnalysisFlag::numDistinct",2048,1,6.97825e+06
VAR,int64_t,"AnalysisFlag::numDistinct",4096,1,2.80363e+07
VAR,int64_t,"AnalysisFlag::numDistinct",4096,1,2.80477e+07
VAR,int64_t,"AnalysisFlag::numDistinct",4096,1,2.80059e+07
VAR,int64_t,"AnalysisFlag::numDistinct",4096,1,2.80441e+07
VAR,int64_t,"AnalysisFlag::numDistinct",4096,1,2.8015e+07
VAR,int64_t,"AnalysisFlag::numDistinct",4096,1,2.80428e+07
VAR,int64_t,"AnalysisFlag::numDistinct",4096,1,2.80667e+07
VAR,int64_t,"AnalysisFlag::numDistinct",4096,1,2.80466e+07
VAR,int64_t,"AnalysisFlag::numDistinct",4096,1,2.80355e+07
VAR,int64_t,"AnalysisFlag::numDistinct",4096,1,2.80837e+07
IDXMIN,double,"AnalysisFlag::numDistinct",1024,0.25,663682
IDXMIN,double,"AnalysisFlag::numDistinct",1024,0.25,669372
IDXMIN,double,"AnalysisFlag::numDistinct",1024,0.25,685298
IDXMIN,double,"AnalysisFlag::numDistinct",1024,0.25,686085
IDXMIN,double,"AnalysisFlag::numDistinct",1024,0.25,641717
IDXMIN,double,"AnalysisFlag::numDistinct",1024,0.25,685286
IDXMIN,double,"AnalysisFlag::numDistinct",1024,0.25,683642
IDXMIN,double,"AnalysisFlag::numDistinct",1024,0.25,645009
IDXMIN,double,"AnalysisFlag::numDistinct",1024,0.25,688115
IDXMIN,double,"AnalysisFlag::numDistinct",1024,0.25,634824
IDXMIN,double,"AnalysisFlag::numDistinct",2048,0.25,2.78609e+06
IDXMIN,double,"AnalysisFlag::numDistinct",2048,0.25,2.78908e+06
IDXMIN,double,"AnalysisFlag::numDistinct",2048,0.25,2.71262e+06
IDXMIN,double,"AnalysisFlag::numDistinct",2048,0.25,2.73556e+06
IDXMIN,double,"AnalysisFlag::numDistinct",2048,0.25,2.75159e+06
IDXMIN,double,"AnalysisFlag::numDistinct",2048,0.25,2.60653e+06
IDXMIN,double,"AnalysisFlag::numDistinct",2048,0.25,2.75446e+06
IDXMIN,double,"AnalysisFlag::numDistinct",2048,0.25,2.77411e+06
IDXMIN,double,"AnalysisFlag::numDistinct",2048,0.25,2.76726e+06
IDXMIN,double,"AnalysisFlag::numDistinct",2048,0.25,2.78256e+06
IDXMIN,double,"AnalysisFlag::numDistinct",4096,0.25,1.10661e+07
IDXMIN,double,"AnalysisFlag::numDistinct",4096,0.25,1.10732e+07
IDXMIN,double,"AnalysisFlag::numDistinct",4096,0.25,1.08329e+07
IDXMIN,double,"AnalysisFlag::numDistinct",4096,0.25,1.1065e+07
IDXMIN,double,"AnalysisFlag::numDistinct",4096,0.25,1.10647e+07
IDXMIN,double,"AnalysisFlag::numDistinct",4096,0.25,1.06354e+07
IDXMIN,double,"AnalysisFlag::numDistinct",4096,0.25,1.10847e+07
IDXMIN,double,"AnalysisFlag::numDistinct",4096,0.25,1.10896e+07
IDXMIN,double,"AnalysisFlag::numDistinct",4096,0.25,1.10661e+07
IDXMIN,double,"AnalysisFlag::numDistinct",4096,0.25,1.10575e+07
IDXMIN,int64_t,"AnalysisFlag::numDistinct",1024,0.25,488748
IDXMIN,int64_t,"AnalysisFlag::numDistinct",1024,0.25,453695
IDXMIN,int64_t,"AnalysisFlag::numDistinct",1024,0.25,453662
IDXMIN,int64_t,"AnalysisFlag::numDistinct",1024,0.25,451549
IDXMIN,int64_t,"AnalysisFlag::numDistinct",1024,0.25,453635
IDXMIN,int64_t,"AnalysisFlag::numDistinct",1024,0.25,453718
IDXMIN,int64_t,"AnalysisFlag::numDistinct",1024,0.25,449475
IDXMIN,int64_t,"AnalysisFlag::numDistinct",1024,0.25,450225
IDXMIN,int64_t,"AnalysisFlag::numDistinct",1024,0.25,452533
IDXMIN,int64_t,"AnalysisFlag::numDistinct",1024,0.25,452503
IDXMIN,int64_t,"AnalysisFlag::numDistinct",2048,0.25,2.14174e+06
IDXMIN,int64_t,"AnalysisFlag::numDistinct",2048,0.25,2.29857e+06
IDXMIN,int64_t,"AnalysisFlag::numDistinct",2048,0.25,2.06044e+06
IDXMIN,int64_t,"AnalysisFlag::numDistinct",2048,0.25,2.1086e+06
IDXMIN,int64_t,"AnalysisFlag::numDistinct",2048,0.25,2.25152e+06
IDXMIN,int64_t,"AnalysisFlag::numDistinct",2048,0.25,2.25814e+06
IDXMIN,int64_t,"AnalysisFlag::numDistinct",2048,0.25,2.19698e+06
IDXMIN,int64_t,"AnalysisFlag::numDistinct",2048,0.25,2.22925e+06
IDXMIN,int64_t,"AnalysisFlag::numDistinct",2048,0.25,2.29391e+06
IDXMIN,int64_t,"AnalysisFlag::numDistinct",2048,0.25,2.1086e+06
IDXMIN,int64_t,"AnalysisFlag::numDistinct",4096,0.25,9.21192e+06
IDXMIN,int64_t,"AnalysisFlag::numDistinct",4096,0.25,9.21471e+06
IDXMIN,int64_t,"AnalysisFlag::numDistinct",4096,0.25,9.2086e+06
IDXMIN,int64_t,"AnalysisFlag::numDistinct",4096,0.25,9.2241e+06
IDXMIN,int64_t,"AnalysisFlag::numDistinct",4096,0.25,9.21437e+06
IDXMIN,int64_t,"AnalysisFlag::numDistinct",4096,0.25,9.22209e+06
IDXMIN,int64_t,"AnalysisFlag::numDistinct",4096,0.25,9.21394e+06
IDXMIN,int64_t,"AnalysisFlag::numDistinct",4096,0.25,9.2091e+06
IDXMIN,int64_t,"AnalysisFlag::numDistinct",4096,0.25,9.21554e+06
IDXMIN,int64_t,"AnalysisFlag::numDistinct",4096,0.25,9.21764e+06
IDXMIN,double,"AnalysisFlag::numDistinct",1024,1,773628
IDXMIN,double,"AnalysisFlag::numDistinct",1024,1,697176
IDXMIN,double,"AnalysisFlag::numDistinct",1024,1,699880
IDXMIN,double,"AnalysisFlag::numDistinct",1024,1,702856
IDXMIN,double,"AnalysisFlag::numDistinct",1024,1,693938
IDXMIN,double,"AnalysisFlag::numDistinct",1024,1,699789
IDXMIN,double,"AnalysisFlag::numDistinct",1024,1,698255
IDXMIN,double,"AnalysisFlag::numDistinct",1024,1,701812
IDXMIN,double,"AnalysisFlag::numDistinct",1024,1,698709
IDXMIN,double,"AnalysisFlag::numDistinct",1024,1,656952
IDXMIN,double,"AnalysisFlag::numDistinct",2048,1,2.86777e+06
IDXMIN,double,"AnalysisFlag::numDistinct",2048,1,2.80917e+06
IDXMIN,double,"AnalysisFlag::numDistinct",2048,1,2.70694e+06
IDXMIN,double,"AnalysisFlag::numDistinct",2048,1,2.81277e+06
IDXMIN,double,"AnalysisFlag::numDistinct",2048,1,2.81616e+06
IDXMIN,double,"AnalysisFlag::numDistinct",2048,1,2.81468e+06
IDXMIN,double,"AnalysisFlag::numDistinct",2048,1,2.64948e+06
IDXMIN,double,"AnalysisFlag::numDistinct",2048,1,2.84142e+06
IDXMIN,double,"AnalysisFlag::numDistinct",2048,1,2.82243e+06
IDXMIN,double,"AnalysisFlag::numDistinct",2048,1,2.68211e+06
IDXMIN,double,"AnalysisFlag::numDistinct",4096,1,1.10452e+07
IDXMIN,double,"AnalysisFlag::numDistinct",4096,1,1.11403e+07
IDXMIN,double,"AnalysisFlag::numDistinct",4096,1,1.11398e+07
IDXMIN,double,"AnalysisFlag::numDistinct",4096,1,1.11497e+07
IDXMIN,double,"AnalysisFlag::numDistinct",4096,1,1.11009e+07
IDXMIN,double,"AnalysisFlag::numDistinct",4096,1,1.08733e+07
IDXMIN,double,"AnalysisFlag::numDistinct",4096,1,1.12126e+07
IDXMIN,double,"AnalysisFlag::numDistinct",4096,1,1.06525e+07
IDXMIN,double,"AnalysisFlag::numDistinct",4096,1,1.10759e+07
IDXMIN,double,"AnalysisFlag::numDistinct",4096,1,1.09424e+07
IDXMIN,int64_t,"AnalysisFlag::numDistinct",1024,1,605608
IDXMIN,int64_t,"AnalysisFlag::numDistinct",1024,1,464568
IDXMIN,int64_t,"AnalysisFlag::numDistinct",1024,1,438338
IDXMIN,int64_t,"AnalysisFlag::numDistinct",1024,1,441888
IDXMIN,int64_t,"AnalysisFlag::numDistinct",1024,1,437805
IDXMIN,int64_t,"AnalysisFlag::numDistinct",1024,1,440763
IDXMIN,int64_t,"AnalysisFlag::numDistinct",1024,1,440609
IDXMIN,int64_t,"AnalysisFlag::numDistinct",1024,1,440912
IDXMIN,int64_t,"AnalysisFlag::numDistinct",1024,1,438310
IDXMIN,int64_t,"AnalysisFlag::numDistinct",1024,1,441471
IDXMIN,int64_t,"AnalysisFlag::numDistinct",2048,1,2.25192e+06
IDXMIN,int64_t,"AnalysisFlag::numDistinct",2048,1,2.22308e+06
IDXMIN,int64_t,"AnalysisFlag::numDistinct",2048,1,2.29088e+06
IDXMIN,int64_t,"AnalysisFlag::numDistinct",2048,1,2.26917e+06
IDXMIN,int64_t,"AnalysisFlag::numDistinct",2048,1,2.27312e+06
IDXMIN,int64_t,"AnalysisFlag::numDistinct",2048,1,2.28502e+06
IDXMIN,int64_t,"AnalysisFlag::numDistinct",2048,1,2.27919e+06
IDXMIN,int64_t,"AnalysisFlag::numDistinct",2048,1,2.2601e+06
IDXMIN,int64_t,"AnalysisFlag::numDistinct",2048,1,2.23736e+06
IDXMIN,int64_t,"AnalysisFlag::numDistinct",2048,1,2.25361e+06
IDXMIN,int64_t,"AnalysisFlag::numDistinct",4096,1,9.17454e+06
IDXMIN,int64_t,"AnalysisFlag::numDistinct",4096,1,9.18615e+06
IDXMIN,int64_t,"AnalysisFlag::numDistinct",4096,1,9.21051e+06
IDXMIN,int64_t,"AnalysisFlag::numDistinct",4096,1,9.19012e+06
IDXMIN,int64_t,"AnalysisFlag::numDistinct",4096,1,9.17901e+06
IDXMIN,int64_t,"AnalysisFlag::numDistinct",4096,1,9.19368e+06
IDXMIN,int64_t,"AnalysisFlag::numDistinct",4096,1,9.20033e+06
IDXMIN,int64_t,"AnalysisFlag::numDistinct",4096,1,9.21882e+06
IDXMIN,int64_t,"AnalysisFlag::numDistinct",4096,1,9.19452e+06
IDXMIN,int64_t,"AnalysisFlag::numDistinct",4096,1,9.21694e+06
IDXMAX,double,"AnalysisFlag::numDistinct",1024,0.25,661300
IDXMAX,double,"AnalysisFlag::numDistinct",1024,0.25,624322
IDXMAX,double,"AnalysisFlag::numDistinct",1024,0.25,625709
IDXMAX,double,"AnalysisFlag::numDistinct",1024,0.25,627824
IDXMAX,double,"AnalysisFlag::numDistinct",1024,0.25,623303
IDXMAX,double,"AnalysisFlag::numDistinct",1024,0.25,647756
IDXMAX,double,"AnalysisFlag::numDistinct",1024,0.25,636367
IDXMAX,double,"AnalysisFlag::numDistinct",1024,0.25,626939
IDXMAX,double,"AnalysisFlag::numDistinct",1024,0.25,626516
IDXMAX,double,"AnalysisFlag::numDistinct",1024,0.25,623411
IDXMAX,double,"AnalysisFlag::numDistinct",2048,0.25,2.6631e+06
IDXMAX,double,"AnalysisFlag::numDistinct",2048,0.25,2.58982e+06
IDXMAX,double,"AnalysisFlag::numDistinct",2048,0.25,2.61754e+06
IDXMAX,double,"AnalysisFlag::numDistinct",2048,0.25,2.59914e+06
IDXMAX,double,"AnalysisFlag::numDistinct",2048,0.25,2.61137e+06
IDXMAX,double,"AnalysisFlag::numDistinct",2048,0.25,2.65026e+06
IDXMAX,double,"AnalysisFlag::numDistinct",2048,0.25,2.58866e+06
IDXMAX,double,"AnalysisFlag::numDistinct",2048,0.25,2.59514e+06
IDXMAX,double,"AnalysisFlag::numDistinct",2048,0.25,2.60975e+06
IDXMAX,double,"AnalysisFlag::numDistinct",2048,0.25,2.65728e+06
IDXMAX,double,"AnalysisFlag::numDistinct",4096,0.25,1.06374e+07
IDXMAX,double,"AnalysisFlag::numDistinct",4096,0.25,1.06284e+07
IDXMAX,double,"AnalysisFlag::numDistinct",4096,0.25,1.06432e+07
IDXMAX,double,"AnalysisFlag::numDistinct",4096,0.25,1.06626e+07
IDXMAX,double,"AnalysisFlag::numDistinct",4096,0.25,1.06412e+07
IDXMAX,double,"AnalysisFlag::numDistinct",4096,0.25,1.06081e+07
IDXMAX,double,"AnalysisFlag::numDistinct",4096,0.25,1.06182e+07
IDXMAX,double,"AnalysisFlag::numDistinct",4096,0.25,1.06001e+07
IDXMAX,double,"AnalysisFlag::numDistinct",4096,0.25,1.06304e+07
IDXMAX,double,"AnalysisFlag::numDistinct",4096,0.25,1.06377e+07
IDXMAX,int64_t,"AnalysisFlag::numDistinct",1024,0.25,515383
IDXMAX,int64_t,"AnalysisFlag::numDistinct",1024,0.25,465788
IDXMAX,int64_t,"AnalysisFlag::numDistinct",1024,0.25,475527
IDXMAX,int64_t,"AnalysisFlag::numDistinct",1024,0.25,472518
IDXMAX,int64_t,"AnalysisFlag::numDistinct",1024,0.25,464129
IDXMAX,int64_t,"AnalysisFlag::numDistinct",1024,0.25,466871
IDXMAX,int64_t,"AnalysisFlag::numDistinct",1024,0.25,475118
IDXMAX,int64_t,"AnalysisFlag::numDistinct",1024,0.25,467420
IDXMAX,int64_t,"AnalysisFlag::numDistinct",1024,0.25,471878
IDXMAX,int64_t,"AnalysisFlag::numDistinct",1024,0.25,467284
IDXMAX,int64_t,"AnalysisFlag::numDistinct",2048,0.25,2.17474e+06
IDXMAX,int64_t,"AnalysisFlag::numDistinct",2048,0.25,2.29964e+06
IDXMAX,int64_t,"AnalysisFlag::numDistinct",2048,0.25,2.17345e+06
IDXMAX,int64_t,"AnalysisFlag::numDistinct",2048,0.25,2.28953e+06
IDXMAX,int64_t,"AnalysisFlag::numDistinct",2048,0.25,2.33185e+06
IDXMAX,int64_t,"AnalysisFlag::numDistinct",2048,0.25,2.11792e+06
IDXMAX,int64_t,"AnalysisFlag::numDistinct",2048,0.25,2.18348e+06
IDXMAX,int64_t,"AnalysisFlag::numDistinct",2048,0.25,2.14612e+06
IDXMAX,int64_t,"AnalysisFlag::numDistinct",2048,0.25,2.17481e+06
IDXMAX,int64_t,"AnalysisFlag::numDistinct",2048,0.25,2.13406e+06
IDXMAX,int64_t,"AnalysisFlag::numDistinct",4096,0.25,9.30486e+06
IDXMAX,int64_t,"AnalysisFlag::numDistinct",4096,0.25,9.24251e+06
IDXMAX,int64_t,"AnalysisFlag::numDistinct",4096,0.25,9.24632e+06
IDXMAX,int64_t,"AnalysisFlag::numDistinct",4096,0.25,9.26054e+06
IDXMAX,int64_t,"AnalysisFlag::numDistinct",4096,0.25,9.24413e+06
IDXMAX,int64_t,"AnalysisFlag::numDistinct",4096,0.25,9.25407e+06
IDXMAX,int64_t,"AnalysisFlag::numDistinct",4096,0.25,9.25849e+06
IDXMAX,int64_t,"AnalysisFlag::numDistinct",4096,0.25,9.26544e+06
IDXMAX,int64_t,"AnalysisFlag::numDistinct",4096,0.25,9.24202e+06
IDXMAX,int64_t,"AnalysisFlag::numDistinct",4096,0.25,9.25244e+06
IDXMAX,double,"AnalysisFlag::numDistinct",1024,1,754464
IDXMAX,double,"AnalysisFlag::numDistinct",1024,1,663633
IDXMAX,double,"AnalysisFlag::numDistinct",1024,1,636428
IDXMAX,double,"AnalysisFlag::numDistinct",1024,1,638987
IDXMAX,double,"AnalysisFlag::numDistinct",1024,1,632961
IDXMAX,double,"AnalysisFlag::numDistinct",1024,1,638059
IDXMAX,double,"AnalysisFlag::numDistinct",1024,1,635512
IDXMAX,double,"AnalysisFlag::numDistinct",1024,1,637577
IDXMAX,double,"AnalysisFlag::numDistinct",1024,1,638015
IDXMAX,double,"AnalysisFlag::numDistinct",1024,1,634128
IDXMAX,double,"AnalysisFlag::numDistinct",2048,1,2.72473e+06
IDXMAX,double,"AnalysisFlag::numDistinct",2048,1,2.65686e+06
IDXMAX,double,"AnalysisFlag::numDistinct",2048,1,2.63774e+06
IDXMAX,double,"AnalysisFlag::numDistinct",2048,1,2.64578e+06
IDXMAX,double,"AnalysisFlag::numDistinct",2048,1,2.63412e+06
IDXMAX,double,"AnalysisFlag::numDistinct",2048,1,2.65643e+06
IDXMAX,double,"AnalysisFlag::numDistinct",2048,1,2.59891e+06
IDXMAX,double,"AnalysisFlag::numDistinct",2048,1,2.65371e+06
IDXMAX,double,"AnalysisFlag::numDistinct",2048,1,2.68023e+06
IDXMAX,double,"AnalysisFlag::numDistinct",2048,1,2.60706e+06
IDXMAX,double,"AnalysisFlag::numDistinct",4096,1,1.06958e+07
IDXMAX,double,"AnalysisFlag::numDistinct",4096,1,1.06202e+07
IDXMAX,double,"AnalysisFlag::numDistinct",4096,1,1.06382e+07
IDXMAX,double,"AnalysisFlag::numDistinct",4096,1,1.06564e+07
IDXMAX,double,"AnalysisFlag::numDistinct",4096,1,1.06478e+07
IDXMAX,double,"AnalysisFlag::numDistinct",4096,1,1.066e+07
IDXMAX,double,"AnalysisFlag::numDistinct",4096,1,1.06651e+07
IDXMAX,double,"AnalysisFlag::numDistinct",4096,1,1.06989e+07
IDXMAX,double,"AnalysisFlag::numDistinct",4096,1,1.06537e+07
IDXMAX,double,"AnalysisFlag::numDistinct",4096,1,1.06646e+07
IDXMAX,int64_t,"AnalysisFlag::numDistinct",1024,1,633902
IDXMAX,int64_t,"AnalysisFlag::numDistinct",1024,1,543698
IDXMAX,int64_t,"AnalysisFlag::numDistinct",1024,1,468811
IDXMAX,int64_t,"AnalysisFlag::numDistinct",1024,1,453045
IDXMAX,int64_t,"AnalysisFlag::numDistinct",1024,1,460012
IDXMAX,int64_t,"AnalysisFlag::numDistinct",1024,1,448234
IDXMAX,int64_t,"AnalysisFlag::numDistinct",1024,1,462392
IDXMAX,int64_t,"AnalysisFlag::numDistinct",1024,1,453560
IDXMAX,int64_t,"AnalysisFlag::numDistinct",1024,1,453764
IDXMAX,int64_t,"AnalysisFlag::numDistinct",1024,1,461361
IDXMAX,int64_t,"AnalysisFlag::numDistinct",2048,1,2.26579e+06
IDXMAX,int64_t,"AnalysisFlag::numDistinct",2048,1,2.25425e+06
IDXMAX,int64_t,"AnalysisFlag::numDistinct",2048,1,2.31697e+06
IDXMAX,int64_t,"AnalysisFlag::numDistinct",2048,1,2.31688e+06
IDXMAX,int64_t,"AnalysisFlag::numDistinct",2048,1,2.09737e+06
IDXMAX,int64_t,"AnalysisFlag::numDistinct",2048,1,2.32864e+06
IDXMAX,int64_t,"AnalysisFlag::numDistinct",2048,1,2.30872e+06
IDXMAX,int64_t,"AnalysisFlag::numDistinct",2048,1,2.31237e+06
IDXMAX,int64_t,"AnalysisFlag::numDistinct",2048,1,2.28461e+06
IDXMAX,int64_t,"AnalysisFlag::numDistinct",2048,1,2.29676e+06
IDXMAX,int64_t,"AnalysisFlag::numDistinct",4096,1,9.21194e+06
IDXMAX,int64_t,"AnalysisFlag::numDistinct",4096,1,9.26458e+06
IDXMAX,int64_t,"AnalysisFlag::numDistinct",4096,1,9.2178e+06
IDXMAX,int64_t,"AnalysisFlag::numDistinct",4096,1,9.21117e+06
IDXMAX,int64_t,"AnalysisFlag::numDistinct",4096,1,9.21526e+06
IDXMAX,int64_t,"AnalysisFlag::numDistinct",4096,1,9.24177e+06
IDXMAX,int64_t,"AnalysisFlag::numDistinct",4096,1,9.22406e+06
IDXMAX,int64_t,"AnalysisFlag::numDistinct",4096,1,9.23549e+06
IDXMAX,int64_t,"AnalysisFlag::numDistinct",4096,1,9.21463e+06
IDXMAX,int64_t,"AnalysisFlag::numDistinct",4096,1,9.23559e+06
SUM,double,"AnalysisFlag::numDistinctApprox",1024,0.001,86187
SUM,double,"AnalysisFlag::numDistinctApprox",1024,0.001,86135
SUM,double,"AnalysisFlag::numDistinctApprox",1024,0.001,84115
SUM,double,"AnalysisFlag::numDistinctApprox",1024,0.001,84237
SUM,double,"AnalysisFlag::numDistinctApprox",1024,0.001,84910
SUM,double,"AnalysisFlag::numDistinctApprox",1024,0.001,86530
SUM,double,"AnalysisFlag::numDistinctApprox",1024,0.001,86620
SUM,double,"AnalysisFlag::numDistinctApprox",1024,0.001,86908
SUM,double,"AnalysisFlag::numDistinctApprox",1024,0.001,89300
SUM,double,"AnalysisFlag::numDistinctApprox",1024,0.001,83935
SUM,double,"AnalysisFlag::numDistinctApprox",2048,0.001,198336
SUM,double,"AnalysisFlag::numDistinctApprox",2048,0.001,200787
SUM,double,"AnalysisFlag::numDistinctApprox",2048,0.001,202635
SUM,double,"AnalysisFlag::numDistinctApprox",2048,0.001,196299
SUM,double,"AnalysisFlag::numDistinctApprox",2048,0.001,193163
SUM,double,"AnalysisFlag::numDistinctApprox",2048,0.001,194321
SUM,double,"AnalysisFlag::numDistinctApprox",2048,0.001,193061
SUM,double,"AnalysisFlag::numDistinctApprox",2048,0.001,191846
SUM,double,"AnalysisFlag::numDistinctApprox",2048,0.001,193737
SUM,double,"AnalysisFlag::numDistinctApprox",2048,0.001,196178
SUM,double,"AnalysisFlag::numDistinctApprox",4096,0.001,309501
SUM,double,"AnalysisFlag::numDistinctApprox",4096,0.001,324735
SUM,double,"AnalysisFlag::numDistinctApprox",4096,0.001,319037
SUM,double,"AnalysisFlag::numDistinctApprox",4096,0.001,303690
SUM,double,"AnalysisFlag::numDistinctApprox",4096,0.001,302234
SUM,double,"AnalysisFlag::numDistinctApprox",4096,0.001,299576
SUM,double,"AnalysisFlag::numDistinctApprox",4096,0.001,299447
SUM,double,"AnalysisFlag::numDistinctApprox",4096,0.001,293604
SUM,double,"AnalysisFlag::numDistinctApprox",4096,0.001,298719
SUM,double,"AnalysisFlag::numDistinctApprox",4096,0.001,310235
SUM,int64_t,"AnalysisFlag::numDistinctApprox",1024,0.001,57766
SUM,int64_t,"AnalysisFlag::numDistinctApprox",1024,0.001,56477
SUM,int64_t,"AnalysisFlag::numDistinctApprox",1024,0.001,56913
SUM,int64_t,"AnalysisFlag::numDistinctApprox",1024,0.001,58323
SUM,int64_t,"AnalysisFlag::numDistinctApprox",1024,0.001,59625
SUM,int64_t,"AnalysisFlag::numDistinctApprox",1024,0.001,57907
SUM,int64_t,"AnalysisFlag::numDistinctApprox",1024,0.001,60269
SUM,int64_t,"AnalysisFlag::numDistinctApprox",1024,0.001,59499
SUM,int64_t,"AnalysisFlag::numDistinctApprox",1024,0.001,60778
SUM,int64_t,"AnalysisFlag::numDistinctApprox",1024,0.001,59236
SUM,int64_t,"AnalysisFlag::numDistinctApprox",2048,0.001,120155
SUM,int64_t,"AnalysisFlag::numDistinctApprox",2048,0.001,124095
SUM,int64_t,"AnalysisFlag::numDistinctApprox",2048,0.001,124717
SUM,int64_t,"AnalysisFlag::numDistinctApprox",2048,0.001,122289
SUM,int64_t,"AnalysisFlag::numDistinctApprox",2048,0.001,125382
SUM,int64_t,"AnalysisFlag::numDistinctApprox",2048,0.001,123787
SUM,int64_t,"AnalysisFlag::numDistinctApprox",2048,0.001,124470
SUM,int64_t,"AnalysisFlag::numDistinctApprox",2048,0.001,124592
SUM,int64_t,"AnalysisFlag::numDistinctApprox",2048,0.001,124696
SUM,int64_t,"AnalysisFlag::numDistinctApprox",2048,0.001,123921
SUM,int64_t,"AnalysisFlag::numDistinctApprox",4096,0.001,251161
SUM,int64_t,"AnalysisFlag::numDistinctApprox",4096,0.001,252721
SUM,int64_t,"AnalysisFlag::numDistinctApprox",4096,0.001,254318
SUM,int64_t,"AnalysisFlag::numDistinctApprox",4096,0.001,258620
SUM,int64_t,"AnalysisFlag::numDistinctApprox",4096,0.001,250526
SUM,int64_t,"AnalysisFlag::numDistinctApprox",4096,0.001,254037
SUM,int64_t,"AnalysisFlag::numDistinctApprox",4096,0.001,250066
SUM,int64_t,"AnalysisFlag::numDistinctApprox",4096,0.001,248783
SUM,int64_t,"AnalysisFlag::numDistinctApprox",4096,0.001,249984
SUM,int64_t,"AnalysisFlag::numDistinctApprox",4096,0.001,247679
SUM,double,"AnalysisFlag::numDistinctApprox",1024,0.01,123080
SUM,double,"AnalysisFlag::numDistinctApprox",1024,0.01,119554
SUM,double,"AnalysisFlag::numDistinctApprox",1024,0.01,121348
SUM,double,"AnalysisFlag::numDistinctApprox",1024,0.01,118411
SUM,double,"AnalysisFlag::numDistinctApprox",1024,0.01,118766
SUM,double,"AnalysisFlag::numDistinctApprox",1024,0.01,120170
SUM,double,"AnalysisFlag::numDistinctApprox",1024,0.01,118708
SUM,double,"AnalysisFlag::numDistinctApprox",1024,0.01,116763
SUM,double,"AnalysisFlag::numDistinctApprox",1024,0.01,122985
SUM,double,"AnalysisFlag::numDistinctApprox",1024,0.01,117543
SUM,double,"AnalysisFlag::numDistinctApprox",2048,0.01,242271
SUM,double,"AnalysisFlag::numDistinctApprox",2048,0.01,238873
SUM,double,"AnalysisFlag::numDistinctApprox",2048,0.01,243368
SUM,double,"AnalysisFlag::numDistinctApprox",2048,0.01,240913
SUM,double,"AnalysisFlag::numDistinctApprox",2048,0.01,242021
SUM,double,"AnalysisFlag::numDistinctApprox",2048,0.01,243978
SUM,double,"AnalysisFlag::numDistinctApprox",2048,0.01,240151
SUM,double,"AnalysisFlag::numDistinctApprox",2048,0.01,241891
SUM,double,"AnalysisFlag::numDistinctApprox",2048,0.01,242698
SUM,double,"AnalysisFlag::numDistinctApprox",2048,0.01,242265
SUM,double,"AnalysisFlag::numDistinctApprox",4096,0.01,495941
SUM,double,"AnalysisFlag::numDistinctApprox",4096,0.01,497348
SUM,double,"AnalysisFlag::numDistinctApprox",4096,0.01,496743
SUM,double,"AnalysisFlag::numDistinctApprox",4096,0.01,486893
SUM,double,"AnalysisFlag::numDistinctApprox",4096,0.01,495233
SUM,double,"AnalysisFlag::numDistinctApprox",4096,0.01,486763
SUM,double,"AnalysisFlag::numDistinctApprox",4096,0.01,482743
SUM,double,"AnalysisFlag::numDistinctApprox",4096,0.01,487535
SUM,double,"AnalysisFlag::numDistinctApprox",4096,0.01,495040
SUM,double,"AnalysisFlag::numDistinctApprox",4096,0.01,484108
SUM,int64_t,"AnalysisFlag::numDistinctApprox",1024,0.01,98652
SUM,int64_t,"AnalysisFlag::numDistinctApprox",1024,0.01,97466
SUM,int64_t,"AnalysisFlag::numDistinctApprox",1024,0.01,98854
SUM,int64_t,"AnalysisFlag::numDistinctApprox",1024,0.01,98700
SUM,int64_t,"AnalysisFlag::numDistinctApprox",1024,0.01,94371
SUM,int64_t,"AnalysisFlag::numDistinctApprox",1024,0.01,97781
SUM,int64_t,"AnalysisFlag::numDistinctApprox",1024,0.01,96602
SUM,int64_t,"AnalysisFlag::numDistinctApprox",1024,0.01,94904
SUM,int64_t,"AnalysisFlag::numDistinctApprox",1024,0.01,99235
SUM,int64_t,"AnalysisFlag::numDistinctApprox",1024,0.01,101444
SUM,int64_t,"AnalysisFlag::numDistinctApprox",2048,0.01,218810
SUM,int64_t,"AnalysisFlag::numDistinctApprox",2048,0.01,219419
SUM,int64_t,"AnalysisFlag::numDistinctApprox",2048,0.01,216498
SUM,int64_t,"AnalysisFlag::numDistinctApprox",2048,0.01,226600
SUM,int64_t,"AnalysisFlag::numDistinctApprox",2048,0.01,214862
SUM,int64_t,"AnalysisFlag::numDistinctApprox",2048,0.01,217103
SUM,int64_t,"AnalysisFlag::numDistinctApprox",2048,0.01,216001
SUM,int64_t,"AnalysisFlag::numDistinctApprox",2048,0.01,218319
SUM,int64_t,"AnalysisFlag::numDistinctApprox",2048,0.01,218406
SUM,int64_t,"AnalysisFlag::numDistinctApprox",2048,0.01,221985
SUM,int64_t,"AnalysisFlag::numDistinctApprox",4096,0.01,548422
SUM,int64_t,"AnalysisFlag::numDistinctApprox",4096,0.01,551177
SUM,int64_t,"AnalysisFlag::numDistinctApprox",4096,0.01,551413
SUM,int64_t,"AnalysisFlag::numDistinctApprox",4096,0.01,549456
SUM,int64_t,"AnalysisFlag::numDistinctApprox",4096,0.01,551749
SUM,int64_t,"AnalysisFlag::numDistinctApprox",4096,0.01,556109
SUM,int64_t,"AnalysisFlag::numDistinctApprox",4096,0.01,548476
SUM,int64_t,"AnalysisFlag::numDistinctApprox",4096,0.01,555679
SUM,int64_t,"AnalysisFlag::numDistinctApprox",4096,0.01,547121
SUM,int64_t,"AnalysisFlag::numDistinctApprox",4096,0.01,558220
SUM,double,"AnalysisFlag::numDistinctApprox",1024,0.05,171231
SUM,double,"AnalysisFlag::numDistinctApprox",1024,0.05,170348
SUM,double,"AnalysisFlag::numDistinctApprox",1024,0.05,170955
SUM,double,"AnalysisFlag::numDistinctApprox",1024,0.05,174257
SUM,double,"AnalysisFlag::numDistinctApprox",1024,0.05,174890
SUM,double,"AnalysisFlag::numDistinctApprox",1024,0.05,169566
SUM,double,"AnalysisFlag::numDistinctApprox",1024,0.05,170960
SUM,double,"AnalysisFlag::numDistinctApprox",1024,0.05,170856
SUM,double,"AnalysisFlag::numDistinctApprox",1024,0.05,174072
SUM,double,"AnalysisFlag::numDistinctApprox",1024,0.05,171880
SUM,double,"AnalysisFlag::numDistinctApprox",2048,0.05,447430
SUM,double,"AnalysisFlag::numDistinctApprox",2048,0.05,447892
SUM,double,"AnalysisFlag::numDistinctApprox",2048,0.05,449095
SUM,double,"AnalysisFlag::numDistinctApprox",2048,0.05,453026
SUM,double,"AnalysisFlag::numDistinctApprox",2048,0.05,448550
SUM,double,"AnalysisFlag::numDistinctApprox",2048,0.05,448742
SUM,double,"AnalysisFlag::numDistinctApprox",2048,0.05,448601
SUM,double,"AnalysisFlag::numDistinctApprox",2048,0.05,448647
SUM,double,"AnalysisFlag::numDistinctApprox",2048,0.05,454209
SUM,double,"AnalysisFlag::numDistinctApprox",2048,0.05,449381
SUM,double,"AnalysisFlag::numDistinctApprox",4096,0.05,1.34063e+06
SUM,double,"AnalysisFlag::numDistinctApprox",4096,0.05,1.31887e+06
SUM,double,"AnalysisFlag::numDistinctApprox",4096,0.05,1.32106e+06
SUM,double,"AnalysisFlag::numDistinctApprox",4096,0.05,1.31987e+06
SUM,double,"AnalysisFlag::numDistinctApprox",4096,0.05,1.31812e+06
SUM,double,"AnalysisFlag::numDistinctApprox",4096,0.05,1.32418e+06
SUM,double,"AnalysisFlag::numDistinctApprox",4096,0.05,1.322e+06
SUM,double,"AnalysisFlag::numDistinctApprox",4096,0.05,1.32192e+06
SUM,double,"AnalysisFlag::numDistinctApprox",4096,0.05,1.31373e+06
SUM,double,"AnalysisFlag::numDistinctApprox",4096,0.05,1.32311e+06
SUM,int64_t,"AnalysisFlag::numDistinctApprox",1024,0.05,181709
SUM,int64_t,"AnalysisFlag::numDistinctApprox",1024,0.05,174049
SUM,int64_t,"AnalysisFlag::numDistinctApprox",1024,0.05,172971
SUM,int64_t,"AnalysisFlag::numDistinctApprox",1024,0.05,179456
SUM,int64_t,"AnalysisFlag::numDistinctApprox",1024,0.05,178423
SUM,int64_t,"AnalysisFlag::numDistinctApprox",1024,0.05,171830
SUM,int64_t,"AnalysisFlag::numDistinctApprox",1024,0.05,184846
SUM,int64_t,"AnalysisFlag::numDistinctApprox",1024,0.05,175168
SUM,int64_t,"AnalysisFlag::numDistinctApprox",1024,0.05,173921
SUM,int64_t,"AnalysisFlag::numDistinctApprox",1024,0.05,172054
SUM,int64_t,"AnalysisFlag::numDistinctApprox",2048,0.05,500331
SUM,int64_t,"AnalysisFlag::numDistinctApprox",2048,0.05,503553
SUM,int64_t,"AnalysisFlag::numDistinctApprox",2048,0.05,508938
SUM,int64_t,"AnalysisFlag::numDistinctApprox",2048,0.05,502801
SUM,int64_t,"AnalysisFlag::numDistinctApprox",2048,0.05,504604
SUM,int64_t,"AnalysisFlag::numDistinctApprox",2048,0.05,502676
SUM,int64_t,"AnalysisFlag::numDistinctApprox",2048,0.05,513051
SUM,int64_t,"AnalysisFlag::numDistinctApprox",2048,0.05,504108
SUM,int64_t,"AnalysisFlag::numDistinctApprox",2048,0.05,512099
SUM,int64_t,"AnalysisFlag::numDistinctApprox",2048,0.05,502815
SUM,int64_t,"AnalysisFlag::numDistinctApprox",4096,0.05,1.4904e+06
SUM,int64_t,"AnalysisFlag::numDistinctApprox",4096,0.05,1.49009e+06
SUM,int64_t,"AnalysisFlag::numDistinctApprox",4096,0.05,1.48695e+06
SUM,int64_t,"AnalysisFlag::numDistinctApprox",4096,0.05,1.48669e+06
SUM,int64_t,"AnalysisFlag::numDistinctApprox",4096,0.05,1.48226e+06
SUM,int64_t,"AnalysisFlag::numDistinctApprox",4096,0.05,1.49034e+06
SUM,int64_t,"AnalysisFlag::numDistinctApprox",4096,0.05,1.48793e+06
SUM,int64_t,"AnalysisFlag::numDistinctApprox",4096,0.05,1.48587e+06
SUM,int64_t,"AnalysisFlag::numDistinctApprox",4096,0.05,1.48375e+06
SUM,int64_t,"AnalysisFlag::numDistinctApprox",4096,0.05,1.49167e+06
SUM,double,"AnalysisFlag::numDistinctApprox",1024,0.1,240989
SUM,double,"AnalysisFlag::numDistinctApprox",1024,0.1,242143
SUM,double,"AnalysisFlag::numDistinctApprox",1024,0.1,240651
SUM,double,"AnalysisFlag::numDistinctApprox",1024,0.1,241763
SUM,double,"AnalysisFlag::numDistinctApprox",1024,0.1,239414
SUM,double,"AnalysisFlag::numDistinctApprox",1024,0.1,239981
SUM,double,"AnalysisFlag::numDistinctApprox",1024,0.1,236812
SUM,double,"AnalysisFlag::numDistinctApprox",1024,0.1,241301
SUM,double,"AnalysisFlag::numDistinctApprox",1024,0.1,239023
SUM,double,"AnalysisFlag::numDistinctApprox",1024,0.1,235739
SUM,double,"AnalysisFlag::numDistinctApprox",2048,0.1,710222
SUM,double,"AnalysisFlag::numDistinctApprox",2048,0.1,709094
SUM,double,"AnalysisFlag::numDistinctApprox",2048,0.1,713314
SUM,double,"AnalysisFlag::numDistinctApprox",2048,0.1,704726
SUM,double,"AnalysisFlag::numDistinctApprox",2048,0.1,710482
SUM,double,"AnalysisFlag::numDistinctApprox",2048,0.1,707714
SUM,double,"AnalysisFlag::numDistinctApprox",2048,0.1,707980
SUM,double,"AnalysisFlag::numDistinctApprox",2048,0.1,707055
SUM,double,"AnalysisFlag::numDistinctApprox",2048,0.1,705817
SUM,double,"AnalysisFlag::numDistinctApprox",2048,0.1,713147
SUM,double,"AnalysisFlag::numDistinctApprox",4096,0.1,2.41944e+06
SUM,double,"AnalysisFlag::numDistinctApprox",4096,0.1,2.39515e+06
SUM,double,"AnalysisFlag::numDistinctApprox",4096,0.1,2.39656e+06
SUM,double,"AnalysisFlag::numDistinctApprox",4096,0.1,2.39509e+06
SUM,double,"AnalysisFlag::numDistinctApprox",4096,0.1,2.40347e+06
SUM,double,"AnalysisFlag::numDistinctApprox",4096,0.1,2.38825e+06
SUM,double,"AnalysisFlag::numDistinctApprox",4096,0.1,2.61895e+06
SUM,double,"AnalysisFlag::numDistinctApprox",4096,0.1,2.39437e+06
SUM,double,"AnalysisFlag::numDistinctApprox",4096,0.1,2.38935e+06
SUM,double,"AnalysisFlag::numDistinctApprox",4096,0.1,2.3904e+06
SUM,int64_t,"AnalysisFlag::numDistinctApprox",1024,0.1,259073
SUM,int64_t,"AnalysisFlag::numDistinctApprox",1024,0.1,262898
SUM,int64_t,"AnalysisFlag::numDistinctApprox",1024,0.1,257006
SUM,int64_t,"AnalysisFlag::numDistinctApprox",1024,0.1,261824
SUM,int64_t,"AnalysisFlag::numDistinctApprox",1024,0.1,256523
SUM,int64_t,"AnalysisFlag::numDistinctApprox",1024,0.1,259166
SUM,int64_t,"AnalysisFlag::numDistinctApprox",1024,0.1,260433
SUM,int64_t,"AnalysisFlag::numDistinctApprox",1024,0.1,257396
SUM,int64_t,"AnalysisFlag::numDistinctApprox",1024,0.1,258117
SUM,int64_t,"AnalysisFlag::numDistinctApprox",1024,0.1,265980
SUM,int64_t,"AnalysisFlag::numDistinctApprox",2048,0.1,830306
SUM,int64_t,"AnalysisFlag::numDistinctApprox",2048,0.1,831887
SUM,int64_t,"AnalysisFlag::numDistinctApprox",2048,0.1,834665
SUM,int64_t,"AnalysisFlag::numDistinctApprox",2048,0.1,831169
SUM,int64_t,"AnalysisFlag::numDistinctApprox",2048,0.1,824824
SUM,int64_t,"AnalysisFlag::numDistinctApprox",2048,0.1,826760
SUM,int64_t,"AnalysisFlag::numDistinctApprox",2048,0.1,831812
SUM,int64_t,"AnalysisFlag::numDistinctApprox",2048,0.1,834129
SUM,int64_t,"AnalysisFlag::numDistinctApprox",2048,0.1,834281
SUM,int64_t,"AnalysisFlag::numDistinctApprox",2048,0.1,830297
SUM,int64_t,"AnalysisFlag::numDistinctApprox",4096,0.1,2.57764e+06
SUM,int64_t,"AnalysisFlag::numDistinctApprox",4096,0.1,2.56234e+06
SUM,int64_t,"AnalysisFlag::numDistinctApprox",4096,0.1,2.56376e+06
SUM,int64_t,"AnalysisFlag::numDistinctApprox",4096,0.1,2.58097e+06
SUM,int64_t,"AnalysisFlag::numDistinctApprox",4096,0.1,2.56458e+06
SUM,int64_t,"AnalysisFlag::numDistinctApprox",4096,0.1,2.5688e+06
SUM,int64_t,"AnalysisFlag::numDistinctApprox",4096,0.1,2.56994e+06
SUM,int64_t,"AnalysisFlag::numDistinctApprox",4096,0.1,2.57762e+06
SUM,int64_t,"AnalysisFlag::numDistinctApprox",4096,0.1,2.57468e+06
SUM,int64_t,"AnalysisFlag::numDistinctApprox",4096,0.1,2.57167e+06
SUM,double,"AnalysisFlag::numDistinctApprox",1024,0.2,374514
SUM,double,"AnalysisFlag::numDistinctApprox",1024,0.2,367749
SUM,double,"AnalysisFlag::numDistinctApprox",1024,0.2,367917
SUM,double,"AnalysisFlag::numDistinctApprox",1024,0.2,366845
SUM,double,"AnalysisFlag::numDistinctApprox",1024,0.2,361963
SUM,double,"AnalysisFlag::numDistinctApprox",1024,0.2,368805
SUM,double,"AnalysisFlag::numDistinctApprox",1024,0.2,370194
SUM,double,"AnalysisFlag::numDistinctApprox",1024,0.2,368419
SUM,double,"AnalysisFlag::numDistinctApprox",1024,0.2,366610
SUM,double,"AnalysisFlag::numDistinctApprox",1024,0.2,368131
SUM,double,"AnalysisFlag::numDistinctApprox",2048,0.2,1.24026e+06
SUM,double,"AnalysisFlag::numDistinctApprox",2048,0.2,1.22376e+06
SUM,double,"AnalysisFlag::numDistinctApprox",2048,0.2,1.22995e+06
SUM,double,"AnalysisFlag::numDistinctApprox",2048,0.2,1.2231e+06
SUM,double,"AnalysisFlag::numDistinctApprox",2048,0.2,1.22681e+06
SUM,double,"AnalysisFlag::numDistinctApprox",2048,0.2,1.22996e+06
SUM,double,"AnalysisFlag::numDistinctApprox",2048,0.2,1.2241e+06
SUM,double,"AnalysisFlag::numDistinctApprox",2048,0.2,1.22629e+06
SUM,double,"AnalysisFlag::numDistinctApprox",2048,0.2,1.2273e+06
SUM,double,"AnalysisFlag::numDistinctApprox",2048,0.2,1.22568e+06
SUM,double,"AnalysisFlag::numDistinctApprox",4096,0.2,4.56511e+06
SUM,double,"AnalysisFlag::numDistinctApprox",4096,0.2,4.55919e+06
SUM,double,"AnalysisFlag::numDistinctApprox",4096,0.2,4.5227e+06
SUM,double,"AnalysisFlag::numDistinctApprox",4096,0.2,4.52621e+06
SUM,double,"AnalysisFlag::numDistinctApprox",4096,0.2,4.53178e+06
SUM,double,"AnalysisFlag::numDistinctApprox",4096,0.2,4.52167e+06
SUM,double,"AnalysisFlag::numDistinctApprox",4096,0.2,4.53521e+06
SUM,double,"AnalysisFlag::numDistinctApprox",4096,0.2,4.56172e+06
SUM,double,"AnalysisFlag::numDistinctApprox",4096,0.2,4.5567e+06
SUM,double,"AnalysisFlag::numDistinctApprox",4096,0.2,4.55178e+06
SUM,int64_t,"AnalysisFlag::numDistinctApprox",1024,0.2,427188
SUM,int64_t,"AnalysisFlag::numDistinctApprox",1024,0.2,419565
SUM,int64_t,"AnalysisFlag::numDistinctApprox",1024,0.2,431727
SUM,int64_t,"AnalysisFlag::numDistinctApprox",1024,0.2,419367
SUM,int64_t,"AnalysisFlag::numDistinctApprox",1024,0.2,423132
SUM,int64_t,"AnalysisFlag::numDistinctApprox",1024,0.2,422622
SUM,int64_t,"AnalysisFlag::numDistinctApprox",1024,0.2,425529
SUM,int64_t,"AnalysisFlag::numDistinctApprox",1024,0.2,425618
SUM,int64_t,"AnalysisFlag::numDistinctApprox",1024,0.2,421924
SUM,int64_t,"AnalysisFlag::numDistinctApprox",1024,0.2,426600
SUM,int64_t,"AnalysisFlag::numDistinctApprox",2048,0.2,1.3767e+06
SUM,int64_t,"AnalysisFlag::numDistinctApprox",2048,0.2,1.37141e+06
SUM,int64_t,"AnalysisFlag::numDistinctApprox",2048,0.2,1.36771e+06
SUM,int64_t,"AnalysisFlag::numDistinctApprox",2048,0.2,1.37517e+06
SUM,int64_t,"AnalysisFlag::numDistinctApprox",2048,0.2,1.36806e+06
SUM,int64_t,"AnalysisFlag::numDistinctApprox",2048,0.2,1.37085e+06
SUM,int64_t,"AnalysisFlag::numDistinctApprox",2048,0.2,1.37349e+06
SUM,int64_t,"AnalysisFlag::numDistinctApprox",2048,0.2,1.36893e+06
SUM,int64_t,"AnalysisFlag::numDistinctApprox",2048,0.2,1.36496e+06
SUM,int64_t,"AnalysisFlag::numDistinctApprox",2048,0.2,1.36824e+06
SUM,int64_t,"AnalysisFlag::numDistinctApprox",4096,0.2,4.77312e+06
SUM,int64_t,"AnalysisFlag::numDistinctApprox",4096,0.2,4.76867e+06
SUM,int64_t,"AnalysisFlag::numDistinctApprox",4096,0.2,4.77149e+06
SUM,int64_t,"AnalysisFlag::numDistinctApprox",4096,0.2,4.91938e+06
SUM,int64_t,"AnalysisFlag::numDistinctApprox",4096,0.2,4.76652e+06
SUM,int64_t,"AnalysisFlag::numDistinctApprox",4096,0.2,4.76911e+06
SUM,int64_t,"AnalysisFlag::numDistinctApprox",4096,0.2,4.82001e+06
SUM,int64_t,"AnalysisFlag::numDistinctApprox",4096,0.2,4.76988e+06
SUM,int64_t,"AnalysisFlag::numDistinctApprox",4096,0.2,4.7442e+06
SUM,int64_t,"AnalysisFlag::numDistinctApprox",4096,0.2,4.74098e+06
SUM,double,"AnalysisFlag::numDistinctApprox",1024,0.25,1.71417e+06
SUM,double,"AnalysisFlag::numDistinctApprox",1024,0.25,1.70708e+06
SUM,double,"AnalysisFlag::numDistinctApprox",1024,0.25,1.70618e+06
SUM,double,"AnalysisFlag::numDistinctApprox",1024,0.25,1.70615e+06
SUM,double,"AnalysisFlag::numDistinctApprox",1024,0.25,1.70347e+06
SUM,double,"AnalysisFlag::numDistinctApprox",1024,0.25,1.70756e+06
SUM,double,"AnalysisFlag::numDistinctApprox",1024,0.25,1.70398e+06
SUM,double,"AnalysisFlag::numDistinctApprox",1024,0.25,1.7067e+06
SUM,double,"AnalysisFlag::numDistinctApprox",1024,0.25,1.70822e+06
SUM,double,"AnalysisFlag::numDistinctApprox",1024,0.25,1.70985e+06
SUM,double,"AnalysisFlag::numDistinctApprox",2048,0.25,6.67934e+06
SUM,double,"AnalysisFlag::numDistinctApprox",2048,0.25,6.67408e+06
SUM,double,"AnalysisFlag::numDistinctApprox",2048,0.25,6.67286e+06
SUM,double,"AnalysisFlag::numDistinctApprox",2048,0.25,6.672e+06
SUM,double,"AnalysisFlag::numDistinctApprox",2048,0.25,6.67109e+06
SUM,double,"AnalysisFlag::numDistinctApprox",2048,0.25,6.66668e+06
SUM,double,"AnalysisFlag::numDistinctApprox",2048,0.25,6.67054e+06
SUM,double,"AnalysisFlag::numDistinctApprox",2048,0.25,6.67247e+06
SUM,double,"AnalysisFlag::numDistinctApprox",2048,0.25,6.66959e+06
SUM,double,"AnalysisFlag::numDistinctApprox",2048,0.25,6.6765e+06
SUM,double,"AnalysisFlag::numDistinctApprox",4096,0.25,2.62366e+07
SUM,double,"AnalysisFlag::numDistinctApprox",4096,0.25,2.62616e+07
SUM,double,"AnalysisFlag::numDistinctApprox",4096,0.25,2.624e+07
SUM,double,"AnalysisFlag::numDistinctApprox",4096,0.25,2.62529e+07
SUM,double,"AnalysisFlag::numDistinctApprox",4096,0.25,2.6265e+07
SUM,double,"AnalysisFlag::numDistinctApprox",4096,0.25,2.62563e+07
SUM,double,"AnalysisFlag::numDistinctApprox",4096,0.25,2.62526e+07
SUM,double,"AnalysisFlag::numDistinctApprox",4096,0.25,2.62626e+07
SUM,double,"AnalysisFlag::numDistinctApprox",4096,0.25,2.62519e+07
SUM,double,"AnalysisFlag::numDistinctApprox",4096,0.25,2.62741e+07
SUM,int64_t,"AnalysisFlag::numDistinctApprox",1024,0.25,1.54413e+06
SUM,int64_t,"AnalysisFlag::numDistinctApprox",1024,0.25,1.54013e+06
SUM,int64_t,"AnalysisFlag::numDistinctApprox",1024,0.25,1.53506e+06
SUM,int64_t,"AnalysisFlag::numDistinctApprox",1024,0.25,1.53733e+06
SUM,int64_t,"AnalysisFlag::numDistinctApprox",1024,0.25,1.53559e+06
SUM,int64_t,"AnalysisFlag::numDistinctApprox",1024,0.25,1.53377e+06
SUM,int64_t,"AnalysisFlag::numDistinctApprox",1024,0.25,1.53442e+06
SUM,int64_t,"AnalysisFlag::numDistinctApprox",1024,0.25,1.53279e+06
SUM,int64_t,"AnalysisFlag::numDistinctApprox",1024,0.25,1.53318e+06
SUM,int64_t,"AnalysisFlag::numDistinctApprox",1024,0.25,1.53628e+06
SUM,int64_t,"AnalysisFlag::numDistinctApprox",2048,0.25,5.63425e+06
SUM,int64_t,"AnalysisFlag::numDistinctApprox",2048,0.25,5.62555e+06
SUM,int64_t,"AnalysisFlag::numDistinctApprox",2048,0.25,5.63146e+06
SUM,int64_t,"AnalysisFlag::numDistinctApprox",2048,0.25,5.62879e+06
SUM,int64_t,"AnalysisFlag::numDistinctApprox",2048,0.25,5.76999e+06
SUM,int64_t,"AnalysisFlag::numDistinctApprox",2048,0.25,5.62974e+06
SUM,int64_t,"AnalysisFlag::numDistinctApprox",2048,0.25,5.63335e+06
SUM,int64_t,"AnalysisFlag::numDistinctApprox",2048,0.25,5.62927e+06
SUM,int64_t,"AnalysisFlag::numDistinctApprox",2048,0.25,5.6316e+06
SUM,int64_t,"AnalysisFlag::numDistinctApprox",2048,0.25,5.6431e+06
SUM,int64_t,"AnalysisFlag::numDistinctApprox",4096,0.25,2.17447e+07
SUM,int64_t,"AnalysisFlag::numDistinctApprox",4096,0.25,2.18745e+07
SUM,int64_t,"AnalysisFlag::numDistinctApprox",4096,0.25,2.17511e+07
SUM,int64_t,"AnalysisFlag::numDistinctApprox",4096,0.25,2.1734e+07
SUM,int64_t,"AnalysisFlag::numDistinctApprox",4096,0.25,2.17216e+07
SUM,int64_t,"AnalysisFlag::numDistinctApprox",4096,0.25,2.17461e+07
SUM,int64_t,"AnalysisFlag::numDistinctApprox",4096,0.25,2.17325e+07
SUM,int64_t,"AnalysisFlag::numDistinctApprox",4096,0.25,2.17399e+07
SUM,int64_t,"AnalysisFlag::numDistinctApprox",4096,0.25,2.17337e+07
SUM,int64_t,"AnalysisFlag::numDistinctApprox",4096,0.25,2.1747e+07
SUM,double,"AnalysisFlag::numDistinctApprox",1024,1,1.81755e+06
SUM,double,"AnalysisFlag::numDistinctApprox",1024,1,1.73639e+06
SUM,double,"AnalysisFlag::numDistinctApprox",1024,1,1.7072e+06
SUM,double,"AnalysisFlag::numDistinctApprox",1024,1,1.7062e+06
SUM,double,"AnalysisFlag::numDistinctApprox",1024,1,1.70443e+06
SUM,double,"AnalysisFlag::numDistinctApprox",1024,1,1.70602e+06
SUM,double,"AnalysisFlag::numDistinctApprox",1024,1,1.70674e+06
SUM,double,"AnalysisFlag::numDistinctApprox",1024,1,1.70727e+06
SUM,double,"AnalysisFlag::numDistinctApprox",1024,1,1.70605e+06
SUM,double,"AnalysisFlag::numDistinctApprox",1024,1,1.70557e+06
SUM,double,"AnalysisFlag::numDistinctApprox",2048,1,6.66431e+06
SUM,double,"AnalysisFlag::numDistinctApprox",2048,1,6.65822e+06
SUM,double,"AnalysisFlag::numDistinctApprox",2048,1,6.6559e+06
SUM,double,"AnalysisFlag::numDistinctApprox",2048,1,6.65726e+06
SUM,double,"AnalysisFlag::numDistinctApprox",2048,1,6.66028e+06
SUM,double,"AnalysisFlag::numDistinctApprox",2048,1,6.66108e+06
SUM,double,"AnalysisFlag::numDistinctApprox",2048,1,6.65657e+06
SUM,double,"AnalysisFlag::numDistinctApprox",2048,1,6.67477e+06
SUM,double,"AnalysisFlag::numDistinctApprox",2048,1,6.66921e+06
SUM,double,"AnalysisFlag::numDistinctApprox",2048,1,6.66311e+06
SUM,double,"AnalysisFlag::numDistinctApprox",4096,1,2.63543e+07
SUM,double,"AnalysisFlag::numDistinctApprox",4096,1,2.62414e+07
SUM,double,"AnalysisFlag::numDistinctApprox",4096,1,2.62315e+07
SUM,double,"AnalysisFlag::numDistinctApprox",4096,1,2.62611e+07
SUM,double,"AnalysisFlag::numDistinctApprox",4096,1,2.62345e+07
SUM,double,"AnalysisFlag::numDistinctApprox",4096,1,2.62295e+07
SUM,double,"AnalysisFlag::numDistinctApprox",4096,1,2.63365e+07
SUM,double,"AnalysisFlag::numDistinctApprox",4096,1,2.62477e+07
SUM,double,"AnalysisFlag::numDistinctApprox",4096,1,2.6244e+07
SUM,double,"AnalysisFlag::numDistinctApprox",4096,1,2.62388e+07
SUM,int64_t,"AnalysisFlag::numDistinctApprox",1024,1,1.58992e+06
SUM,int64_t,"AnalysisFlag::numDistinctApprox",1024,1,1.54191e+06
SUM,int64_t,"AnalysisFlag::numDistinctApprox",1024,1,1.54039e+06
SUM,int64_t,"AnalysisFlag::numDistinctApprox",1024,1,1.54027e+06
SUM,int64_t,"AnalysisFlag::numDistinctApprox",1024,1,1.5388e+06
SUM,int64_t,"AnalysisFlag::numDistinctApprox",1024,1,1.53899e+06
SUM,int64_t,"AnalysisFlag::numDistinctApprox",1024,1,1.54179e+06
SUM,int64_t,"AnalysisFlag::numDistinctApprox",1024,1,1.53685e+06
SUM,int64_t,"AnalysisFlag::numDistinctApprox",1024,1,1.54113e+06
SUM,int64_t,"AnalysisFlag::numDistinctApprox",1024,1,1.53868e+06
SUM,int64_t,"AnalysisFlag::numDistinctApprox",2048,1,5.6426e+06
SUM,int64_t,"AnalysisFlag::numDistinctApprox",2048,1,5.63631e+06
SUM,int64_t,"AnalysisFlag::numDistinctApprox",2048,1,5.6327e+06
SUM,int64_t,"AnalysisFlag::numDistinctApprox",2048,1,5.62654e+06
SUM,int64_t,"AnalysisFlag::numDistinctApprox",2048,1,5.62924e+06
SUM,int64_t,"AnalysisFlag::numDistinctApprox",2048,1,5.62604e+06
SUM,int64_t,"AnalysisFlag::numDistinctApprox",2048,1,5.63048e+06
SUM,int64_t,"AnalysisFlag::numDistinctApprox",2048,1,5.63178e+06
SUM,int64_t,"AnalysisFlag::numDistinctApprox",2048,1,5.62786e+06
SUM,int64_t,"AnalysisFlag::numDistinctApprox",2048,1,5.63154e+06
SUM,int64_t,"AnalysisFlag::numDistinctApprox",4096,1,2.17257e+07
SUM,int64_t,"AnalysisFlag::numDistinctApprox",4096,1,2.17281e+07
SUM,int64_t,"AnalysisFlag::numDistinctApprox",4096,1,2.17318e+07
SUM,int64_t,"AnalysisFlag::numDistinctApprox",4096,1,2.17369e+07
SUM,int64_t,"AnalysisFlag::numDistinctApprox",4096,1,2.17335e+07
SUM,int64_t,"AnalysisFlag::numDistinctApprox",4096,1,2.17576e+07
SUM,int64_t,"AnalysisFlag::numDistinctApprox",4096,1,2.17366e+07
SUM,int64_t,"AnalysisFlag::numDistinctApprox",4096,1,2.17406e+07
SUM,int64_t,"AnalysisFlag::numDistinctApprox",4096,1,2.17997e+07
SUM,int64_t,"AnalysisFlag::numDistinctApprox",4096,1,2.17465e+07
MEAN,double,"AnalysisFlag::numDistinctApprox",1024,0.001,91839
MEAN,double,"AnalysisFlag::numDistinctApprox",1024,0.001,88471
MEAN,double,"AnalysisFlag::numDistinctApprox",1024,0.001,89175
MEAN,double,"AnalysisFlag::numDistinctApprox",1024,0.001,89925
MEAN,double,"AnalysisFlag::numDistinctApprox",1024,0.001,89431
MEAN,double,"AnalysisFlag::numDistinctApprox",1024,0.001,88686
MEAN,double,"AnalysisFlag::numDistinctApprox",1024,0.001,87217
MEAN,double,"AnalysisFlag::numDistinctApprox",1024,0.001,92103
MEAN,double,"AnalysisFlag::numDistinctApprox",1024,0.001,89615
MEAN,double,"AnalysisFlag::numDistinctApprox",1024,0.001,85437
MEAN,double,"AnalysisFlag::numDistinctApprox",2048,0.001,203063
MEAN,double,"AnalysisFlag::numDistinctApprox",2048,0.001,205274
MEAN,double,"AnalysisFlag::numDistinctApprox",2048,0.001,203194
MEAN,double,"AnalysisFlag::numDistinctApprox",2048,0.001,204202
MEAN,double,"AnalysisFlag::numDistinctApprox",2048,0.001,202626
MEAN,double,"AnalysisFlag::numDistinctApprox",2048,0.001,205297
MEAN,double,"AnalysisFlag::numDistinctApprox",2048,0.001,204621
MEAN,double,"AnalysisFlag::numDistinctApprox",2048,0.001,201867
MEAN,double,"AnalysisFlag::numDistinctApprox",2048,0.001,207070
MEAN,double,"AnalysisFlag::numDistinctApprox",2048,0.001,200355
MEAN,double,"AnalysisFlag::numDistinctApprox",4096,0.001,339154
MEAN,double,"AnalysisFlag::numDistinctApprox",4096,0.001,329776
MEAN,double,"AnalysisFlag::numDistinctApprox",4096,0.001,326304
MEAN,double,"AnalysisFlag::numDistinctApprox",4096,0.001,325409
MEAN,double,"AnalysisFlag::numDistinctApprox",4096,0.001,337092
MEAN,double,"AnalysisFlag::numDistinctApprox",4096,0.001,324591
MEAN,double,"AnalysisFlag::numDistinctApprox",4096,0.001,330469
MEAN,double,"AnalysisFlag::numDistinctApprox",4096,0.001,334958
MEAN,double,"AnalysisFlag::numDistinctApprox",4096,0.001,329480
MEAN,double,"AnalysisFlag::numDistinctApprox",4096,0.001,323127
MEAN,int64_t,"AnalysisFlag::numDistinctApprox",1024,0.001,20294
MEAN,int64_t,"AnalysisFlag::numDistinctApprox",1024,0.001,20918
MEAN,int64_t,"AnalysisFlag::numDistinctApprox",1024,0.001,18964
MEAN,int64_t,"AnalysisFlag::numDistinctApprox",1024,0.001,19905
MEAN,int64_t,"AnalysisFlag::numDistinctApprox",1024,0.001,18307
MEAN,int64_t,"AnalysisFlag::numDistinctApprox",1024,0.001,22137
MEAN,int64_t,"AnalysisFlag::numDistinctApprox",1024,0.001,19546
MEAN,int64_t,"AnalysisFlag::numDistinctApprox",1024,0.001,20083
MEAN,int64_t,"AnalysisFlag::numDistinctApprox",1024,0.001,18998
MEAN,int64_t,"AnalysisFlag::numDistinctApprox",1024,0.001,19868
MEAN,int64_t,"AnalysisFlag::numDistinctApprox",2048,0.001,44223
MEAN,int64_t,"AnalysisFlag::numDistinctApprox",2048,0.001,50073
MEAN,int64_t,"AnalysisFlag::numDistinctApprox",2048,0.001,44806
MEAN,int64_t,"AnalysisFlag::numDistinctApprox",2048,0.001,44594
MEAN,int64_t,"AnalysisFlag::numDistinctApprox",2048,0.001,49375
MEAN,int64_t,"AnalysisFlag::numDistinctApprox",2048,0.001,43755
MEAN,int64_t,"AnalysisFlag::numDistinctApprox",2048,0.001,44668
MEAN,int64_t,"AnalysisFlag::numDistinctApprox",2048,0.001,48077
MEAN,int64_t,"AnalysisFlag::numDistinctApprox",2048,0.001,44602
MEAN,int64_t,"AnalysisFlag::numDistinctApprox",2048,0.001,48899
MEAN,int64_t,"AnalysisFlag::numDistinctApprox",4096,0.001,104401
MEAN,int64_t,"AnalysisFlag::numDistinctApprox",4096,0.001,103180
MEAN,int64_t,"AnalysisFlag::numDistinctApprox",4096,0.001,105650
MEAN,int64_t,"AnalysisFlag::numDistinctApprox",4096,0.001,104306
MEAN,int64_t,"AnalysisFlag::numDistinctApprox",4096,0.001,113797
MEAN,int64_t,"AnalysisFlag::numDistinctApprox",4096,0.001,103065
MEAN,int64_t,"AnalysisFlag::numDistinctApprox",4096,0.001,103195
MEAN,int64_t,"AnalysisFlag::numDistinctApprox",4096,0.001,110500
MEAN,int64_t,"AnalysisFlag::numDistinctApprox",4096,0.001,103152
MEAN,int64_t,"AnalysisFlag::numDistinctApprox",4096,0.001,111482
MEAN,double,"AnalysisFlag::numDistinctApprox",1024,0.01,126336
MEAN,double,"AnalysisFlag::numDistinctApprox",1024,0.01,126785
MEAN,double,"AnalysisFlag::numDistinctApprox",1024,0.01,123489
MEAN,double,"AnalysisFlag::numDistinctApprox",1024,0.01,123269
MEAN,double,"AnalysisFlag::numDistinctApprox",1024,0.01,124133
MEAN,double,"AnalysisFlag::numDistinctApprox",1024,0.01,126661
MEAN,double,"AnalysisFlag::numDistinctApprox",1024,0.01,122676
MEAN,double,"AnalysisFlag::numDistinctApprox",1024,0.01,125767
MEAN,double,"AnalysisFlag::numDistinctApprox",1024,0.01,125401
MEAN,double,"AnalysisFlag::numDistinctApprox",1024,0.01,125597
MEAN,double,"AnalysisFlag::numDistinctApprox",2048,0.01,260540
MEAN,double,"AnalysisFlag::numDistinctApprox",2048,0.01,256835
MEAN,double,"AnalysisFlag::numDistinctApprox",2048,0.01,255700
MEAN,double,"AnalysisFlag::numDistinctApprox",2048,0.01,260105
MEAN,double,"AnalysisFlag::numDistinctApprox",2048,0.01,253607
MEAN,double,"AnalysisFlag::numDistinctApprox",2048,0.01,260976
MEAN,double,"AnalysisFlag::numDistinctApprox",2048,0.01,253440
MEAN,double,"AnalysisFlag::numDistinctApprox",2048,0.01,257288
MEAN,double,"AnalysisFlag::numDistinctApprox",2048,0.01,259001
MEAN,double,"AnalysisFlag::numDistinctApprox",2048,0.01,262782
MEAN,double,"AnalysisFlag::numDistinctApprox",4096,0.01,577534
MEAN,double,"AnalysisFlag::numDistinctApprox",4096,0.01,570148
MEAN,double,"AnalysisFlag::numDistinctApprox",4096,0.01,573438
MEAN,double,"AnalysisFlag::numDistinctApprox",4096,0.01,576818
MEAN,double,"AnalysisFlag::numDistinctApprox",4096,0.01,579916
MEAN,double,"AnalysisFlag::numDistinctApprox",4096,0.01,578766
MEAN,double,"AnalysisFlag::numDistinctApprox",4096,0.01,577253
MEAN,double,"AnalysisFlag::numDistinctApprox",4096,0.01,568243
MEAN,double,"AnalysisFlag::numDistinctApprox",4096,0.01,573774
MEAN,double,"AnalysisFlag::numDistinctApprox",4096,0.01,567703
MEAN,int64_t,"AnalysisFlag::numDistinctApprox",1024,0.01,40180
MEAN,int64_t,"AnalysisFlag::numDistinctApprox",1024,0.01,36733
MEAN,int64_t,"AnalysisFlag::numDistinctApprox",1024,0.01,36382
MEAN,int64_t,"AnalysisFlag::numDistinctApprox",1024,0.01,38191
MEAN,int64_t,"AnalysisFlag::numDistinctApprox",1024,0.01,35603
MEAN,int64_t,"AnalysisFlag::numDistinctApprox",1024,0.01,36518
MEAN,int64_t,"AnalysisFlag::numDistinctApprox",1024,0.01,38409
MEAN,int64_t,"AnalysisFlag::numDistinctApprox",1024,0.01,36180
MEAN,int64_t,"AnalysisFlag::numDistinctApprox",1024,0.01,38786
MEAN,int64_t,"AnalysisFlag::numDistinctApprox",1024,0.01,38566
MEAN,int64_t,"AnalysisFlag::numDistinctApprox",2048,0.01,109271
MEAN,int64_t,"AnalysisFlag::numDistinctApprox",2048,0.01,107281
MEAN,int64_t,"AnalysisFlag::numDistinctApprox",2048,0.01,109181
MEAN,int64_t,"AnalysisFlag::numDistinctApprox",2048,0.01,112003
MEAN,int64_t,"AnalysisFlag::numDistinctApprox",2048,0.01,104576
MEAN,int64_t,"AnalysisFlag::numDistinctApprox",2048,0.01,103707
MEAN,int64_t,"AnalysisFlag::numDistinctApprox",2048,0.01,108700
MEAN,int64_t,"AnalysisFlag::numDistinctApprox",2048,0.01,103974
MEAN,int64_t,"AnalysisFlag::numDistinctApprox",2048,0.01,104212
MEAN,int64_t,"AnalysisFlag::numDistinctApprox",2048,0.01,108141
MEAN,int64_t,"AnalysisFlag::numDistinctApprox",4096,0.01,348211
MEAN,int64_t,"AnalysisFlag::numDistinctApprox",4096,0.01,347798
MEAN,int64_t,"AnalysisFlag::numDistinctApprox",4096,0.01,347998
MEAN,int64_t,"AnalysisFlag::numDistinctApprox",4096,0.01,357833
MEAN,int64_t,"AnalysisFlag::numDistinctApprox",4096,0.01,358231
MEAN,int64_t,"AnalysisFlag::numDistinctApprox",4096,0.01,357603
MEAN,int64_t,"AnalysisFlag::numDistinctApprox",4096,0.01,357550
MEAN,int64_t,"AnalysisFlag::numDistinctApprox",4096,0.01,356814
MEAN,int64_t,"AnalysisFlag::numDistinctApprox",4096,0.01,359135
MEAN,int64_t,"AnalysisFlag::numDistinctApprox",4096,0.01,347945
MEAN,double,"AnalysisFlag::numDistinctApprox",1024,0.05,194137
MEAN,double,"AnalysisFlag::numDistinctApprox",1024,0.05,186810
MEAN,double,"AnalysisFlag::numDistinctApprox",1024,0.05,186330
MEAN,double,"AnalysisFlag::numDistinctApprox",1024,0.05,186173
MEAN,double,"AnalysisFlag::numDistinctApprox",1024,0.05,184498
MEAN,double,"AnalysisFlag::numDistinctApprox",1024,0.05,183773
MEAN,double,"AnalysisFlag::numDistinctApprox",1024,0.05,182128
MEAN,double,"AnalysisFlag::numDistinctApprox",1024,0.05,183868
MEAN,double,"AnalysisFlag::numDistinctApprox",1024,0.05,185145
MEAN,double,"AnalysisFlag::numDistinctApprox",1024,0.05,181975
MEAN,double,"AnalysisFlag::numDistinctApprox",2048,0.05,493974
MEAN,double,"AnalysisFlag::numDistinctApprox",2048,0.05,497820
MEAN,double,"AnalysisFlag::numDistinctApprox",2048,0.05,496616
MEAN,double,"AnalysisFlag::numDistinctApprox",2048,0.05,523395
MEAN,double,"AnalysisFlag::numDistinctApprox",2048,0.05,528207
MEAN,double,"AnalysisFlag::numDistinctApprox",2048,0.05,534929
MEAN,double,"AnalysisFlag::numDistinctApprox",2048,0.05,523078
MEAN,double,"AnalysisFlag::numDistinctApprox",2048,0.05,502146
MEAN,double,"AnalysisFlag::numDistinctApprox",2048,0.05,502043
MEAN,double,"AnalysisFlag::numDistinctApprox",2048,0.05,517285
MEAN,double,"AnalysisFlag::numDistinctApprox",4096,0.05,1.66717e+06
MEAN,double,"AnalysisFlag::numDistinctApprox",4096,0.05,1.65247e+06
MEAN,double,"AnalysisFlag::numDistinctApprox",4096,0.05,1.65382e+06
MEAN,double,"AnalysisFlag::numDistinctApprox",4096,0.05,1.65336e+06
MEAN,double,"AnalysisFlag::numDistinctApprox",4096,0.05,1.65095e+06
MEAN,double,"AnalysisFlag::numDistinctApprox",4096,0.05,1.65133e+06
MEAN,double,"AnalysisFlag::numDistinctApprox",4096,0.05,1.65632e+06
MEAN,double,"AnalysisFlag::numDistinctApprox",4096,0.05,1.65538e+06
MEAN,double,"AnalysisFlag::numDistinctApprox",4096,0.05,1.65564e+06
MEAN,double,"AnalysisFlag::numDistinctApprox",4096,0.05,1.65361e+06
MEAN,int64_t,"AnalysisFlag::numDistinctApprox",1024,0.05,101173
MEAN,int64_t,"AnalysisFlag::numDistinctApprox",1024,0.05,108343
MEAN,int64_t,"AnalysisFlag::numDistinctApprox",1024,0.05,104403
MEAN,int64_t,"AnalysisFlag::numDistinctApprox",1024,0.05,106261
MEAN,int64_t,"AnalysisFlag::numDistinctApprox",1024,0.05,106206
MEAN,int64_t,"AnalysisFlag::numDistinctApprox",1024,0.05,93033
MEAN,int64_t,"AnalysisFlag::numDistinctApprox",1024,0.05,104096
MEAN,int64_t,"AnalysisFlag::numDistinctApprox",1024,0.05,104754
MEAN,int64_t,"AnalysisFlag::numDistinctApprox",1024,0.05,103789
MEAN,int64_t,"AnalysisFlag::numDistinctApprox",1024,0.05,103563
MEAN,int64_t,"AnalysisFlag::numDistinctApprox",2048,0.05,348961
MEAN,int64_t,"AnalysisFlag::numDistinctApprox",2048,0.05,349642
MEAN,int64_t,"AnalysisFlag::numDistinctApprox",2048,0.05,367632
MEAN,int64_t,"AnalysisFlag::numDistinctApprox",2048,0.05,370827
MEAN,int64_t,"AnalysisFlag::numDistinctApprox",2048,0.05,369976
MEAN,int64_t,"AnalysisFlag::numDistinctApprox",2048,0.05,365740
MEAN,int64_t,"AnalysisFlag::numDistinctApprox",2048,0.05,370187
MEAN,int64_t,"AnalysisFlag::numDistinctApprox",2048,0.05,369137
MEAN,int64_t,"AnalysisFlag::numDistinctApprox",2048,0.05,371303
MEAN,int64_t,"AnalysisFlag::numDistinctApprox",2048,0.05,366725
MEAN,int64_t,"AnalysisFlag::numDistinctApprox",4096,0.05,1.31688e+06
MEAN,int64_t,"AnalysisFlag::numDistinctApprox",4096,0.05,1.31186e+06
MEAN,int64_t,"AnalysisFlag::numDistinctApprox",4096,0.05,1.30328e+06
MEAN,int64_t,"AnalysisFlag::numDistinctApprox",4096,0.05,1.30277e+06
MEAN,int64_t,"AnalysisFlag::numDistinctApprox",4096,0.05,1.30183e+06
MEAN,int64_t,"AnalysisFlag::numDistinctApprox",4096,0.05,1.30464e+06
MEAN,int64_t,"AnalysisFlag::numDistinctApprox",4096,0.05,1.31103e+06
MEAN,int64_t,"AnalysisFlag::numDistinctApprox",4096,0.05,1.31084e+06
MEAN,int64_t,"AnalysisFlag::numDistinctApprox",4096,0.05,1.30039e+06
MEAN,int64_t,"AnalysisFlag::numDistinctApprox",4096,0.05,1.31129e+06
MEAN,double,"AnalysisFlag::numDistinctApprox",1024,0.1,281906
MEAN,double,"AnalysisFlag::numDistinctApprox",1024,0.1,274945
MEAN,double,"AnalysisFlag::numDistinctApprox",1024,0.1,255340
MEAN,double,"AnalysisFlag::numDistinctApprox",1024,0.1,255532
MEAN,double,"AnalysisFlag::numDistinctApprox",1024,0.1,253581
MEAN,double,"AnalysisFlag::numDistinctApprox",1024,0.1,253285
MEAN,double,"AnalysisFlag::numDistinctApprox",1024,0.1,254655
MEAN,double,"AnalysisFlag::numDistinctApprox",1024,0.1,264078
MEAN,double,"AnalysisFlag::numDistinctApprox",1024,0.1,253055
MEAN,double,"AnalysisFlag::numDistinctApprox",1024,0.1,255084
MEAN,double,"AnalysisFlag::numDistinctApprox",2048,0.1,828266
MEAN,double,"AnalysisFlag::numDistinctApprox",2048,0.1,854503
MEAN,double,"AnalysisFlag::numDistinctApprox",2048,0.1,792392
MEAN,double,"AnalysisFlag::numDistinctApprox",2048,0.1,840676
MEAN,double,"AnalysisFlag::numDistinctApprox",2048,0.1,801645
MEAN,double,"AnalysisFlag::numDistinctApprox",2048,0.1,818084
MEAN,double,"AnalysisFlag::numDistinctApprox",2048,0.1,821664
MEAN,double,"AnalysisFlag::numDistinctApprox",2048,0.1,796461
MEAN,double,"AnalysisFlag::numDistinctApprox",2048,0.1,827612
MEAN,double,"AnalysisFlag::numDistinctApprox",2048,0.1,803844
MEAN,double,"AnalysisFlag::numDistinctApprox",4096,0.1,3.13847e+06
MEAN,double,"AnalysisFlag::numDistinctApprox",4096,0.1,3.08046e+06
MEAN,double,"AnalysisFlag::numDistinctApprox",4096,0.1,3.10349e+06
MEAN,double,"AnalysisFlag::numDistinctApprox",4096,0.1,3.0816e+06
MEAN,double,"AnalysisFlag::numDistinctApprox",4096,0.1,3.1024e+06
MEAN,double,"AnalysisFlag::numDistinctApprox",4096,0.1,3.07133e+06
MEAN,double,"AnalysisFlag::numDistinctApprox",4096,0.1,3.10308e+06
MEAN,double,"AnalysisFlag::numDistinctApprox",4096,0.1,3.10822e+06
MEAN,double,"AnalysisFlag::numDistinctApprox",4096,0.1,3.07871e+06
MEAN,double,"AnalysisFlag::numDistinctApprox",4096,0.1,3.09357e+06
MEAN,int64_t,"AnalysisFlag::numDistinctApprox",1024,0.1,180214
MEAN,int64_t,"AnalysisFlag::numDistinctApprox",1024,0.1,190003
MEAN,int64_t,"AnalysisFlag::numDistinctApprox",1024,0.1,187673
MEAN,int64_t,"AnalysisFlag::numDistinctApprox",1024,0.1,190536
MEAN,int64_t,"AnalysisFlag::numDistinctApprox",1024,0.1,176777
MEAN,int64_t,"AnalysisFlag::numDistinctApprox",1024,0.1,187970
MEAN,int64_t,"AnalysisFlag::numDistinctApprox",1024,0.1,187870
MEAN,int64_t,"AnalysisFlag::numDistinctApprox",1024,0.1,187932
MEAN,int64_t,"AnalysisFlag::numDistinctApprox",1024,0.1,188083
MEAN,int64_t,"AnalysisFlag::numDistinctApprox",1024,0.1,178661
MEAN,int64_t,"AnalysisFlag::numDistinctApprox",2048,0.1,701541
MEAN,int64_t,"AnalysisFlag::numDistinctApprox",2048,0.1,675728
MEAN,int64_t,"AnalysisFlag::numDistinctApprox",2048,0.1,695018
MEAN,int64_t,"AnalysisFlag::numDistinctApprox",2048,0.1,697494
MEAN,int64_t,"AnalysisFlag::numDistinctApprox",2048,0.1,698243
MEAN,int64_t,"AnalysisFlag::numDistinctApprox",2048,0.1,694855
MEAN,int64_t,"AnalysisFlag::numDistinctApprox",2048,0.1,674404
MEAN,int64_t,"AnalysisFlag::numDistinctApprox",2048,0.1,700937
MEAN,int64_t,"AnalysisFlag::numDistinctApprox",2048,0.1,697283
MEAN,int64_t,"AnalysisFlag::numDistinctApprox",2048,0.1,695091
MEAN,int64_t,"AnalysisFlag::numDistinctApprox",4096,0.1,2.5167e+06
MEAN,int64_t,"AnalysisFlag::numDistinctApprox",4096,0.1,2.50949e+06
MEAN,int64_t,"AnalysisFlag::numDistinctApprox",4096,0.1,2.49145e+06
MEAN,int64_t,"AnalysisFlag::numDistinctApprox",4096,0.1,2.51056e+06
MEAN,int64_t,"AnalysisFlag::numDistinctApprox",4096,0.1,2.51626e+06
MEAN,int64_t,"AnalysisFlag::numDistinctApprox",4096,0.1,2.48158e+06
MEAN,int64_t,"AnalysisFlag::numDistinctApprox",4096,0.1,2.51108e+06
MEAN,int64_t,"AnalysisFlag::numDistinctApprox",4096,0.1,2.51959e+06
MEAN,int64_t,"AnalysisFlag::numDistinctApprox",4096,0.1,2.51321e+06
MEAN,int64_t,"AnalysisFlag::numDistinctApprox",4096,0.1,2.51398e+06
MEAN,double,"AnalysisFlag::numDistinctApprox",1024,0.2,435135
MEAN,double,"AnalysisFlag::numDistinctApprox",1024,0.2,405249
MEAN,double,"AnalysisFlag::numDistinctApprox",1024,0.2,417275
MEAN,double,"AnalysisFlag::numDistinctApprox",1024,0.2,420437
MEAN,double,"AnalysisFlag::numDistinctApprox",1024,0.2,429837
MEAN,double,"AnalysisFlag::numDistinctApprox",1024,0.2,403802
MEAN,double,"AnalysisFlag::numDistinctApprox",1024,0.2,432857
MEAN,double,"AnalysisFlag::numDistinctApprox",1024,0.2,440668
MEAN,double,"AnalysisFlag::numDistinctApprox",1024,0.2,410260
MEAN,double,"AnalysisFlag::numDistinctApprox",1024,0.2,411130
MEAN,double,"AnalysisFlag::numDistinctApprox",2048,0.2,1.39521e+06
MEAN,double,"AnalysisFlag::numDistinctApprox",2048,0.2,1.5038e+06
MEAN,double,"AnalysisFlag::numDistinctApprox",2048,0.2,1.50423e+06
MEAN,double,"AnalysisFlag::numDistinctApprox",2048,0.2,1.50198e+06
MEAN,double,"AnalysisFlag::numDistinctApprox",2048,0.2,1.50324e+06
MEAN,double,"AnalysisFlag::numDistinctApprox",2048,0.2,1.43376e+06
MEAN,double,"AnalysisFlag::numDistinctApprox",2048,0.2,1.50586e+06
MEAN,double,"AnalysisFlag::numDistinctApprox",2048,0.2,1.4888e+06
MEAN,double,"AnalysisFlag::numDistinctApprox",2048,0.2,1.47803e+06
MEAN,double,"AnalysisFlag::numDistinctApprox",2048,0.2,1.50541e+06
MEAN,double,"AnalysisFlag::numDistinctApprox",4096,0.2,6.13751e+06
MEAN,double,"AnalysisFlag::numDistinctApprox",4096,0.2,6.13326e+06
MEAN,double,"AnalysisFlag::numDistinctApprox",4096,0.2,6.13422e+06
MEAN,double,"AnalysisFlag::numDistinctApprox",4096,0.2,6.12677e+06
MEAN,double,"AnalysisFlag::numDistinctApprox",4096,0.2,6.11653e+06
MEAN,double,"AnalysisFlag::numDistinctApprox",4096,0.2,6.12648e+06
MEAN,double,"AnalysisFlag::numDistinctApprox",4096,0.2,6.10476e+06
MEAN,double,"AnalysisFlag::numDistinctApprox",4096,0.2,6.10754e+06
MEAN,double,"AnalysisFlag::numDistinctApprox",4096,0.2,6.07398e+06
MEAN,double,"AnalysisFlag::numDistinctApprox",4096,0.2,6.1271e+06
MEAN,int64_t,"AnalysisFlag::numDistinctApprox",1024,0.2,358020
MEAN,int64_t,"AnalysisFlag::numDistinctApprox",1024,0.2,360571
MEAN,int64_t,"AnalysisFlag::numDistinctApprox",1024,0.2,356262
MEAN,int64_t,"AnalysisFlag::numDistinctApprox",1024,0.2,353696
MEAN,int64_t,"AnalysisFlag::numDistinctApprox",1024,0.2,355378
MEAN,int64_t,"AnalysisFlag::numDistinctApprox",1024,0.2,352879
MEAN,int64_t,"AnalysisFlag::numDistinctApprox",1024,0.2,353058
MEAN,int64_t,"AnalysisFlag::numDistinctApprox",1024,0.2,354136
MEAN,int64_t,"AnalysisFlag::numDistinctApprox",1024,0.2,353252
MEAN,int64_t,"AnalysisFlag::numDistinctApprox",1024,0.2,351453
MEAN,int64_t,"AnalysisFlag::numDistinctApprox",2048,0.2,1.2562e+06
MEAN,int64_t,"AnalysisFlag::numDistinctApprox",2048,0.2,1.24396e+06
MEAN,int64_t,"AnalysisFlag::numDistinctApprox",2048,0.2,1.2366e+06
MEAN,int64_t,"AnalysisFlag::numDistinctApprox",2048,0.2,1.24089e+06
MEAN,int64_t,"AnalysisFlag::numDistinctApprox",2048,0.2,1.21827e+06
MEAN,int64_t,"AnalysisFlag::numDistinctApprox",2048,0.2,1.24238e+06
MEAN,int64_t,"AnalysisFlag::numDistinctApprox",2048,0.2,1.24071e+06
MEAN,int64_t,"AnalysisFlag::numDistinctApprox",2048,0.2,1.24122e+06
MEAN,int64_t,"AnalysisFlag::numDistinctApprox",2048,0.2,1.21636e+06
MEAN,int64_t,"AnalysisFlag::numDistinctApprox",2048,0.2,1.24367e+06
MEAN,int64_t,"AnalysisFlag::numDistinctApprox",4096,0.2,4.98566e+06
MEAN,int64_t,"AnalysisFlag::numDistinctApprox",4096,0.2,4.94476e+06
MEAN,int64_t,"AnalysisFlag::numDistinctApprox",4096,0.2,4.9864e+06
MEAN,int64_t,"AnalysisFlag::numDistinctApprox",4096,0.2,4.99094e+06
MEAN,int64_t,"AnalysisFlag::numDistinctApprox",4096,0.2,4.9786e+06
MEAN,int64_t,"AnalysisFlag::numDistinctApprox",4096,0.2,4.99416e+06
MEAN,int64_t,"AnalysisFlag::numDistinctApprox",4096,0.2,4.98037e+06
MEAN,int64_t,"AnalysisFlag::numDistinctApprox",4096,0.2,5.0352e+06
MEAN,int64_t,"AnalysisFlag::numDistinctApprox",4096,0.2,4.98395e+06
MEAN,int64_t,"AnalysisFlag::numDistinctApprox",4096,0.2,4.98544e+06
MEAN,double,"AnalysisFlag::numDistinctApprox",1024,0.25,1.71584e+06
MEAN,double,"AnalysisFlag::numDistinctApprox",1024,0.25,1.71175e+06
MEAN,double,"AnalysisFlag::numDistinctApprox",1024,0.25,1.71087e+06
MEAN,double,"AnalysisFlag::numDistinctApprox",1024,0.25,1.70895e+06
MEAN,double,"AnalysisFlag::numDistinctApprox",1024,0.25,1.70898e+06
MEAN,double,"AnalysisFlag::numDistinctApprox",1024,0.25,1.7103e+06
MEAN,double,"AnalysisFlag::numDistinctApprox",1024,0.25,1.71002e+06
MEAN,double,"AnalysisFlag::numDistinctApprox",1024,0.25,1.70961e+06
MEAN,double,"AnalysisFlag::numDistinctApprox",1024,0.25,1.71129e+06
MEAN,double,"AnalysisFlag::numDistinctApprox",1024,0.25,1.7117e+06
MEAN,double,"AnalysisFlag::numDistinctApprox",2048,0.25,6.68435e+06
MEAN,double,"AnalysisFlag::numDistinctApprox",2048,0.25,6.67734e+06
MEAN,double,"AnalysisFlag::numDistinctApprox",2048,0.25,6.66691e+06
MEAN,double,"AnalysisFlag::numDistinctApprox",2048,0.25,6.67167e+06
MEAN,double,"AnalysisFlag::numDistinctApprox",2048,0.25,6.67012e+06
MEAN,double,"AnalysisFlag::numDistinctApprox",2048,0.25,6.67235e+06
MEAN,double,"AnalysisFlag::numDistinctApprox",2048,0.25,6.67354e+06
MEAN,double,"AnalysisFlag::numDistinctApprox",2048,0.25,6.67158e+06
MEAN,double,"AnalysisFlag::numDistinctApprox",2048,0.25,6.67354e+06
MEAN,double,"AnalysisFlag::numDistinctApprox",2048,0.25,6.67166e+06
MEAN,double,"AnalysisFlag::numDistinctApprox",4096,0.25,2.62531e+07
MEAN,double,"AnalysisFlag::numDistinctApprox",4096,0.25,2.62286e+07
MEAN,double,"AnalysisFlag::numDistinctApprox",4096,0.25,2.62592e+07
MEAN,double,"AnalysisFlag::numDistinctApprox",4096,0.25,2.6267e+07
MEAN,double,"AnalysisFlag::numDistinctApprox",4096,0.25,2.62815e+07
MEAN,double,"AnalysisFlag::numDistinctApprox",4096,0.25,2.62594e+07
MEAN,double,"AnalysisFlag::numDistinctApprox",4096,0.25,2.62629e+07
MEAN,double,"AnalysisFlag::numDistinctApprox",4096,0.25,2.62705e+07
MEAN,double,"AnalysisFlag::numDistinctApprox",4096,0.25,2.62695e+07
MEAN,double,"AnalysisFlag::numDistinctApprox",4096,0.25,2.62713e+07
MEAN,int64_t,"AnalysisFlag::numDistinctApprox",1024,0.25,1.46197e+06
MEAN,int64_t,"AnalysisFlag::numDistinctApprox",1024,0.25,1.46004e+06
MEAN,int64_t,"AnalysisFlag::numDistinctApprox",1024,0.25,1.46178e+06
MEAN,int64_t,"AnalysisFlag::numDistinctApprox",1024,0.25,1.46203e+06
MEAN,int64_t,"AnalysisFlag::numDistinctApprox",1024,0.25,1.4634e+06
MEAN,int64_t,"AnalysisFlag::numDistinctApprox",1024,0.25,1.46432e+06
MEAN,int64_t,"AnalysisFlag::numDistinctApprox",1024,0.25,1.46364e+06
MEAN,int64_t,"AnalysisFlag::numDistinctApprox",1024,0.25,1.46108e+06
MEAN,int64_t,"AnalysisFlag::numDistinctApprox",1024,0.25,1.46506e+06
MEAN,int64_t,"AnalysisFlag::numDistinctApprox",1024,0.25,1.45959e+06
MEAN,int64_t,"AnalysisFlag::numDistinctApprox",2048,0.25,5.49076e+06
MEAN,int64_t,"AnalysisFlag::numDistinctApprox",2048,0.25,5.48388e+06
MEAN,int64_t,"AnalysisFlag::numDistinctApprox",2048,0.25,5.48682e+06
MEAN,int64_t,"AnalysisFlag::numDistinctApprox",2048,0.25,5.48309e+06
MEAN,int64_t,"AnalysisFlag::numDistinctApprox",2048,0.25,5.46843e+06
MEAN,int64_t,"AnalysisFlag::numDistinctApprox",2048,0.25,5.49444e+06
MEAN,int64_t,"AnalysisFlag::numDistinctApprox",2048,0.25,5.48865e+06
MEAN,int64_t,"AnalysisFlag::numDistinctApprox",2048,0.25,5.48372e+06
MEAN,int64_t,"AnalysisFlag::numDistinctApprox",2048,0.25,5.48404e+06
MEAN,int64_t,"AnalysisFlag::numDistinctApprox",2048,0.25,5.60517e+06
MEAN,int64_t,"AnalysisFlag::numDistinctApprox",4096,0.25,2.15947e+07
MEAN,int64_t,"AnalysisFlag::numDistinctApprox",4096,0.25,2.15035e+07
MEAN,int64_t,"AnalysisFlag::numDistinctApprox",4096,0.25,2.15028e+07
MEAN,int64_t,"AnalysisFlag::numDistinctApprox",4096,0.25,2.15102e+07
MEAN,int64_t,"AnalysisFlag::numDistinctApprox",4096,0.25,2.15046e+07
MEAN,int64_t,"AnalysisFlag::numDistinctApprox",4096,0.25,2.15035e+07
MEAN,int64_t,"AnalysisFlag::numDistinctApprox",4096,0.25,2.15374e+07
MEAN,int64_t,"AnalysisFlag::numDistinctApprox",4096,0.25,2.15233e+07
MEAN,int64_t,"AnalysisFlag::numDistinctApprox",4096,0.25,2.15097e+07
MEAN,int64_t,"AnalysisFlag::numDistinctApprox",4096,0.25,2.1511e+07
MEAN,double,"AnalysisFlag::numDistinctApprox",1024,1,1.82109e+06
MEAN,double,"AnalysisFlag::numDistinctApprox",1024,1,1.71899e+06
MEAN,double,"AnalysisFlag::numDistinctApprox",1024,1,1.71057e+06
MEAN,double,"AnalysisFlag::numDistinctApprox",1024,1,1.7095e+06
MEAN,double,"AnalysisFlag::numDistinctApprox",1024,1,1.71083e+06
MEAN,double,"AnalysisFlag::numDistinctApprox",1024,1,1.71154e+06
MEAN,double,"AnalysisFlag::numDistinctApprox",1024,1,1.71066e+06
MEAN,double,"AnalysisFlag::numDistinctApprox",1024,1,1.71005e+06
MEAN,double,"AnalysisFlag::numDistinctApprox",1024,1,1.70934e+06
MEAN,double,"AnalysisFlag::numDistinctApprox",1024,1,1.70866e+06
MEAN,double,"AnalysisFlag::numDistinctApprox",2048,1,6.67653e+06
MEAN,double,"AnalysisFlag::numDistinctApprox",2048,1,6.67754e+06
MEAN,double,"AnalysisFlag::numDistinctApprox",2048,1,6.6767e+06
MEAN,double,"AnalysisFlag::numDistinctApprox",2048,1,6.68122e+06
MEAN,double,"AnalysisFlag::numDistinctApprox",2048,1,6.67128e+06
MEAN,double,"AnalysisFlag::numDistinctApprox",2048,1,6.67664e+06
MEAN,double,"AnalysisFlag::numDistinctApprox",2048,1,6.6774e+06
MEAN,double,"AnalysisFlag::numDistinctApprox",2048,1,6.67863e+06
MEAN,double,"AnalysisFlag::numDistinctApprox",2048,1,6.68052e+06
MEAN,double,"AnalysisFlag::numDistinctApprox",2048,1,6.67453e+06
MEAN,double,"AnalysisFlag::numDistinctApprox",4096,1,2.62321e+07
MEAN,double,"AnalysisFlag::numDistinctApprox",4096,1,2.6235e+07
MEAN,double,"AnalysisFlag::numDistinctApprox",4096,1,2.62508e+07
MEAN,double,"AnalysisFlag::numDistinctApprox",4096,1,2.62301e+07
MEAN,double,"AnalysisFlag::numDistinctApprox",4096,1,2.62595e+07
MEAN,double,"AnalysisFlag::numDistinctApprox",4096,1,2.62538e+07
MEAN,double,"AnalysisFlag::numDistinctApprox",4096,1,2.62612e+07
MEAN,double,"AnalysisFlag::numDistinctApprox",4096,1,2.62701e+07
MEAN,double,"AnalysisFlag::numDistinctApprox",4096,1,2.62688e+07
MEAN,double,"AnalysisFlag::numDistinctApprox",4096,1,2.62496e+07
MEAN,int64_t,"AnalysisFlag::numDistinctApprox",1024,1,1.54213e+06
MEAN,int64_t,"AnalysisFlag::numDistinctApprox",1024,1,1.46744e+06
MEAN,int64_t,"AnalysisFlag::numDistinctApprox",1024,1,1.47047e+06
MEAN,int64_t,"AnalysisFlag::numDistinctApprox",1024,1,1.467e+06
MEAN,int64_t,"AnalysisFlag::numDistinctApprox",1024,1,1.48555e+06
MEAN,int64_t,"AnalysisFlag::numDistinctApprox",1024,1,1.47052e+06
MEAN,int64_t,"AnalysisFlag::numDistinctApprox",1024,1,1.47054e+06
MEAN,int64_t,"AnalysisFlag::numDistinctApprox",1024,1,1.46882e+06
MEAN,int64_t,"AnalysisFlag::numDistinctApprox",1024,1,1.46824e+06
MEAN,int64_t,"AnalysisFlag::numDistinctApprox",1024,1,1.47034e+06
MEAN,int64_t,"AnalysisFlag::numDistinctApprox",2048,1,5.51194e+06
MEAN,int64_t,"AnalysisFlag::numDistinctApprox",2048,1,5.51056e+06
MEAN,int64_t,"AnalysisFlag::numDistinctApprox",2048,1,5.49403e+06
MEAN,int64_t,"AnalysisFlag::numDistinctApprox",2048,1,5.49883e+06
MEAN,int64_t,"AnalysisFlag::numDistinctApprox",2048,1,5.50544e+06
MEAN,int64_t,"AnalysisFlag::numDistinctApprox",2048,1,5.50616e+06
MEAN,int64_t,"AnalysisFlag::numDistinctApprox",2048,1,5.49085e+06
MEAN,int64_t,"AnalysisFlag::numDistinctApprox",2048,1,5.49869e+06
MEAN,int64_t,"AnalysisFlag::numDistinctApprox",2048,1,5.49974e+06
MEAN,int64_t,"AnalysisFlag::numDistinctApprox",2048,1,5.49451e+06
MEAN,int64_t,"AnalysisFlag::numDistinctApprox",4096,1,2.16219e+07
MEAN,int64_t,"AnalysisFlag::numDistinctApprox",4096,1,2.15465e+07
MEAN,int64_t,"AnalysisFlag::numDistinctApprox",4096,1,2.15348e+07
MEAN,int64_t,"AnalysisFlag::numDistinctApprox",4096,1,2.15259e+07
MEAN,int64_t,"AnalysisFlag::numDistinctApprox",4096,1,2.15548e+07
MEAN,int64_t,"AnalysisFlag::numDistinctApprox",4096,1,2.15326e+07
MEAN,int64_t,"AnalysisFlag::numDistinctApprox",4096,1,2.16405e+07
MEAN,int64_t,"AnalysisFlag::numDistinctApprox",4096,1,2.15256e+07
MEAN,int64_t,"AnalysisFlag::numDistinctApprox",4096,1,2.15366e+07
MEAN,int64_t,"AnalysisFlag::numDistinctApprox",4096,1,2.15504e+07
STDDEV,double,"AnalysisFlag::numDistinctApprox",1024,0.001,106088
STDDEV,double,"AnalysisFlag::numDistinctApprox",1024,0.001,99176
STDDEV,double,"AnalysisFlag::numDistinctApprox",1024,0.001,101773
STDDEV,double,"AnalysisFlag::numDistinctApprox",1024,0.001,98352
STDDEV,double,"AnalysisFlag::numDistinctApprox",1024,0.001,99660
STDDEV,double,"AnalysisFlag::numDistinctApprox",1024,0.001,99906
STDDEV,double,"AnalysisFlag::numDistinctApprox",1024,0.001,100555
STDDEV,double,"AnalysisFlag::numDistinctApprox",1024,0.001,101714
STDDEV,double,"AnalysisFlag::numDistinctApprox",1024,0.001,98005
STDDEV,double,"AnalysisFlag::numDistinctApprox",1024,0.001,98015
STDDEV,double,"AnalysisFlag::numDistinctApprox",2048,0.001,226966
STDDEV,double,"AnalysisFlag::numDistinctApprox",2048,0.001,224144
STDDEV,double,"AnalysisFlag::numDistinctApprox",2048,0.001,228564
STDDEV,double,"AnalysisFlag::numDistinctApprox",2048,0.001,222131
STDDEV,double,"AnalysisFlag::numDistinctApprox",2048,0.001,225818
STDDEV,double,"AnalysisFlag::numDistinctApprox",2048,0.001,227631
STDDEV,double,"AnalysisFlag::numDistinctApprox",2048,0.001,225357
STDDEV,double,"AnalysisFlag::numDistinctApprox",2048,0.001,224552
STDDEV,double,"AnalysisFlag::numDistinctApprox",2048,0.001,227141
STDDEV,double,"AnalysisFlag::numDistinctApprox",2048,0.001,222274
STDDEV,double,"AnalysisFlag::numDistinctApprox",4096,0.001,389330
STDDEV,double,"AnalysisFlag::numDistinctApprox",4096,0.001,376907
STDDEV,double,"AnalysisFlag::numDistinctApprox",4096,0.001,382492
STDDEV,double,"AnalysisFlag::numDistinctApprox",4096,0.001,375014
STDDEV,double,"AnalysisFlag::numDistinctApprox",4096,0.001,381740
STDDEV,double,"AnalysisFlag::numDistinctApprox",4096,0.001,373223
STDDEV,double,"AnalysisFlag::numDistinctApprox",4096,0.001,382567
STDDEV,double,"AnalysisFlag::numDistinctApprox",4096,0.001,383080
STDDEV,double,"AnalysisFlag::numDistinctApprox",4096,0.001,382801
STDDEV,double,"AnalysisFlag::numDistinctApprox",4096,0.001,377733
STDDEV,int64_t,"AnalysisFlag::numDistinctApprox",1024,0.001,65742
STDDEV,int64_t,"AnalysisFlag::numDistinctApprox",1024,0.001,62604
STDDEV,int64_t,"AnalysisFlag::numDistinctApprox",1024,0.001,63152
STDDEV,int64_t,"AnalysisFlag::numDistinctApprox",1024,0.001,64994
STDDEV,int64_t,"AnalysisFlag::numDistinctApprox",1024,0.001,62842
STDDEV,int64_t,"AnalysisFlag::numDistinctApprox",1024,0.001,65239
STDDEV,int64_t,"AnalysisFlag::numDistinctApprox",1024,0.001,64102
STDDEV,int64_t,"AnalysisFlag::numDistinctApprox",1024,0.001,65375
STDDEV,int64_t,"AnalysisFlag::numDistinctApprox",1024,0.001,65048
STDDEV,int64_t,"AnalysisFlag::numDistinctApprox",1024,0.001,65446
STDDEV,int64_t,"AnalysisFlag::numDistinctApprox",2048,0.001,138977
STDDEV,int64_t,"AnalysisFlag::numDistinctApprox",2048,0.001,140884
STDDEV,int64_t,"AnalysisFlag::numDistinctApprox",2048,0.001,145454
STDDEV,int64_t,"AnalysisFlag::numDistinctApprox",2048,0.001,142732
STDDEV,int64_t,"AnalysisFlag::numDistinctApprox",2048,0.001,139012
STDDEV,int64_t,"AnalysisFlag::numDistinctApprox",2048,0.001,141570
STDDEV,int64_t,"AnalysisFlag::numDistinctApprox",2048,0.001,140570
STDDEV,int64_t,"AnalysisFlag::numDistinctApprox",2048,0.001,139931
STDDEV,int64_t,"AnalysisFlag::numDistinctApprox",2048,0.001,142084
STDDEV,int64_t,"AnalysisFlag::numDistinctApprox",2048,0.001,142536
STDDEV,int64_t,"AnalysisFlag::numDistinctApprox",4096,0.001,300311
STDDEV,int64_t,"AnalysisFlag::numDistinctApprox",4096,0.001,297233
STDDEV,int64_t,"AnalysisFlag::numDistinctApprox",4096,0.001,306275
STDDEV,int64_t,"AnalysisFlag::numDistinctApprox",4096,0.001,295689
STDDEV,int64_t,"AnalysisFlag::numDistinctApprox",4096,0.001,306256
STDDEV,int64_t,"AnalysisFlag::numDistinctApprox",4096,0.001,310402
STDDEV,int64_t,"AnalysisFlag::numDistinctApprox",4096,0.001,296806
STDDEV,int64_t,"AnalysisFlag::numDistinctApprox",4096,0.001,311606
STDDEV,int64_t,"AnalysisFlag::numDistinctApprox",4096,0.001,302933
STDDEV,int64_t,"AnalysisFlag::numDistinctApprox",4096,0.001,304066
STDDEV,double,"AnalysisFlag::numDistinctApprox",1024,0.01,149398
STDDEV,double,"AnalysisFlag::numDistinctApprox",1024,0.01,144746
STDDEV,double,"AnalysisFlag::numDistinctApprox",1024,0.01,146883
STDDEV,double,"AnalysisFlag::numDistinctApprox",1024,0.01,153671
STDDEV,double,"AnalysisFlag::numDistinctApprox",1024,0.01,151594
STDDEV,double,"AnalysisFlag::numDistinctApprox",1024,0.01,146024
STDDEV,double,"AnalysisFlag::numDistinctApprox",1024,0.01,150513
STDDEV,double,"AnalysisFlag::numDistinctApprox",1024,0.01,144938
STDDEV,double,"AnalysisFlag::numDistinctApprox",1024,0.01,147638
STDDEV,double,"AnalysisFlag::numDistinctApprox",1024,0.01,143723
STDDEV,double,"AnalysisFlag::numDistinctApprox",2048,0.01,313256
STDDEV,double,"AnalysisFlag::numDistinctApprox",2048,0.01,321784
STDDEV,double,"AnalysisFlag::numDistinctApprox",2048,0.01,323659
STDDEV,double,"AnalysisFlag::numDistinctApprox",2048,0.01,324153
STDDEV,double,"AnalysisFlag::numDistinctApprox",2048,0.01,319261
STDDEV,double,"AnalysisFlag::numDistinctApprox",2048,0.01,313016
STDDEV,double,"AnalysisFlag::numDistinctApprox",2048,0.01,323693
STDDEV,double,"AnalysisFlag::numDistinctApprox",2048,0.01,317733
STDDEV,double,"AnalysisFlag::numDistinctApprox",2048,0.01,325435
STDDEV,double,"AnalysisFlag::numDistinctApprox",2048,0.01,316860
STDDEV,double,"AnalysisFlag::numDistinctApprox",4096,0.01,864724
STDDEV,double,"AnalysisFlag::numDistinctApprox",4096,0.01,857373
STDDEV,double,"AnalysisFlag::numDistinctApprox",4096,0.01,856412
STDDEV,double,"AnalysisFlag::numDistinctApprox",4096,0.01,856987
STDDEV,double,"AnalysisFlag::numDistinctApprox",4096,0.01,856325
STDDEV,double,"AnalysisFlag::numDistinctApprox",4096,0.01,858118
STDDEV,double,"AnalysisFlag::numDistinctApprox",4096,0.01,865630
STDDEV,double,"AnalysisFlag::numDistinctApprox",4096,0.01,851463
STDDEV,double,"AnalysisFlag::numDistinctApprox",4096,0.01,859163
STDDEV,double,"AnalysisFlag::numDistinctApprox",4096,0.01,852198
STDDEV,int64_t,"AnalysisFlag::numDistinctApprox",1024,0.01,105720
STDDEV,int64_t,"AnalysisFlag::numDistinctApprox",1024,0.01,106752
STDDEV,int64_t,"AnalysisFlag::numDistinctApprox",1024,0.01,106335
STDDEV,int64_t,"AnalysisFlag::numDistinctApprox",1024,0.01,106383
STDDEV,int64_t,"AnalysisFlag::numDistinctApprox",1024,0.01,104598
STDDEV,int64_t,"AnalysisFlag::numDistinctApprox",1024,0.01,105528
STDDEV,int64_t,"AnalysisFlag::numDistinctApprox",1024,0.01,105387
STDDEV,int64_t,"AnalysisFlag::numDistinctApprox",1024,0.01,102747
STDDEV,int64_t,"AnalysisFlag::numDistinctApprox",1024,0.01,104226
STDDEV,int64_t,"AnalysisFlag::numDistinctApprox",1024,0.01,103370
STDDEV,int64_t,"AnalysisFlag::numDistinctApprox",2048,0.01,265556
STDDEV,int64_t,"AnalysisFlag::numDistinctApprox",2048,0.01,260498
STDDEV,int64_t,"AnalysisFlag::numDistinctApprox",2048,0.01,259916
STDDEV,int64_t,"AnalysisFlag::numDistinctApprox",2048,0.01,256011
STDDEV,int64_t,"AnalysisFlag::numDistinctApprox",2048,0.01,265220
STDDEV,int64_t,"AnalysisFlag::numDistinctApprox",2048,0.01,255442
STDDEV,int64_t,"AnalysisFlag::numDistinctApprox",2048,0.01,258924
STDDEV,int64_t,"AnalysisFlag::numDistinctApprox",2048,0.01,265249
STDDEV,int64_t,"AnalysisFlag::numDistinctApprox",2048,0.01,262400
STDDEV,int64_t,"AnalysisFlag::numDistinctApprox",2048,0.01,255229
STDDEV,int64_t,"AnalysisFlag::numDistinctApprox",4096,0.01,821955
STDDEV,int64_t,"AnalysisFlag::numDistinctApprox",4096,0.01,827421
STDDEV,int64_t,"AnalysisFlag::numDistinctApprox",4096,0.01,822225
STDDEV,int64_t,"AnalysisFlag::numDistinctApprox",4096,0.01,795099
STDDEV,int64_t,"AnalysisFlag::numDistinctApprox",4096,0.01,816009
STDDEV,int64_t,"AnalysisFlag::numDistinctApprox",4096,0.01,826765
STDDEV,int64_t,"AnalysisFlag::numDistinctApprox",4096,0.01,824444
STDDEV,int64_t,"AnalysisFlag::numDistinctApprox",4096,0.01,817622
STDDEV,int64_t,"AnalysisFlag::numDistinctApprox",4096,0.01,823683
STDDEV,int64_t,"AnalysisFlag::numDistinctApprox",4096,0.01,827840
STDDEV,double,"AnalysisFlag::numDistinctApprox",1024,0.05,258517
STDDEV,double,"AnalysisFlag::numDistinctApprox",1024,0.05,243484
STDDEV,double,"AnalysisFlag::numDistinctApprox",1024,0.05,243096
STDDEV,double,"AnalysisFlag::numDistinctApprox",1024,0.05,245873
STDDEV,double,"AnalysisFlag::numDistinctApprox",1024,0.05,254688
STDDEV,double,"AnalysisFlag::numDistinctApprox",1024,0.05,250247
STDDEV,double,"AnalysisFlag::numDistinctApprox",1024,0.05,242342
STDDEV,double,"AnalysisFlag::numDistinctApprox",1024,0.05,256803
STDDEV,double,"AnalysisFlag::numDistinctApprox",1024,0.05,252035
STDDEV,double,"AnalysisFlag::numDistinctApprox",1024,0.05,243637
STDDEV,double,"AnalysisFlag::numDistinctApprox",2048,0.05,729355
STDDEV,double,"AnalysisFlag::numDistinctApprox",2048,0.05,754509
STDDEV,double,"AnalysisFlag::numDistinctApprox",2048,0.05,738015
STDDEV,double,"AnalysisFlag::numDistinctApprox",2048,0.05,730879
STDDEV,double,"AnalysisFlag::numDistinctApprox",2048,0.05,753594
STDDEV,double,"AnalysisFlag::numDistinctApprox",2048,0.05,761181
STDDEV,double,"AnalysisFlag::numDistinctApprox",2048,0.05,761287
STDDEV,double,"AnalysisFlag::numDistinctApprox",2048,0.05,736853
STDDEV,double,"AnalysisFlag::numDistinctApprox",2048,0.05,735373
STDDEV,double,"AnalysisFlag::numDistinctApprox",2048,0.05,740829
STDDEV,double,"AnalysisFlag::numDistinctApprox",4096,0.05,3.0007e+06
STDDEV,double,"AnalysisFlag::numDistinctApprox",4096,0.05,2.97026e+06
STDDEV,double,"AnalysisFlag::numDistinctApprox",4096,0.05,2.99315e+06
STDDEV,double,"AnalysisFlag::numDistinctApprox",4096,0.05,2.96982e+06
STDDEV,double,"AnalysisFlag::numDistinctApprox",4096,0.05,2.9795e+06
STDDEV,double,"AnalysisFlag::numDistinctApprox",4096,0.05,2.98268e+06
STDDEV,double,"AnalysisFlag::numDistinctApprox",4096,0.05,2.97912e+06
STDDEV,double,"AnalysisFlag::numDistinctApprox",4096,0.05,2.97291e+06
STDDEV,double,"AnalysisFlag::numDistinctApprox",4096,0.05,2.97395e+06
STDDEV,double,"AnalysisFlag::numDistinctApprox",4096,0.05,2.98744e+06
STDDEV,int64_t,"AnalysisFlag::numDistinctApprox",1024,0.05,213347
STDDEV,int64_t,"AnalysisFlag::numDistinctApprox",1024,0.05,211137
STDDEV,int64_t,"AnalysisFlag::numDistinctApprox",1024,0.05,211307
STDDEV,int64_t,"AnalysisFlag::numDistinctApprox",1024,0.05,213006
STDDEV,int64_t,"AnalysisFlag::numDistinctApprox",1024,0.05,211539
STDDEV,int64_t,"AnalysisFlag::numDistinctApprox",1024,0.05,208790
STDDEV,int64_t,"AnalysisFlag::numDistinctApprox",1024,0.05,212056
STDDEV,int64_t,"AnalysisFlag::numDistinctApprox",1024,0.05,211255
STDDEV,int64_t,"AnalysisFlag::numDistinctApprox",1024,0.05,210815
STDDEV,int64_t,"AnalysisFlag::numDistinctApprox",1024,0.05,212451
STDDEV,int64_t,"AnalysisFlag::numDistinctApprox",2048,0.05,700929
STDDEV,int64_t,"AnalysisFlag::numDistinctApprox",2048,0.05,693491
STDDEV,int64_t,"AnalysisFlag::numDistinctApprox",2048,0.05,699160
STDDEV,int64_t,"AnalysisFlag::numDistinctApprox",2048,0.05,693385
STDDEV,int64_t,"AnalysisFlag::numDistinctApprox",2048,0.05,697277
STDDEV,int64_t,"AnalysisFlag::numDistinctApprox",2048,0.05,694664
STDDEV,int64_t,"AnalysisFlag::numDistinctApprox",2048,0.05,697399
STDDEV,int64_t,"AnalysisFlag::numDistinctApprox",2048,0.05,704529
STDDEV,int64_t,"AnalysisFlag::numDistinctApprox",2048,0.05,697332
STDDEV,int64_t,"AnalysisFlag::numDistinctApprox",2048,0.05,695236
STDDEV,int64_t,"AnalysisFlag::numDistinctApprox",4096,0.05,2.75047e+06
STDDEV,int64_t,"AnalysisFlag::numDistinctApprox",4096,0.05,2.75259e+06
STDDEV,int64_t,"AnalysisFlag::numDistinctApprox",4096,0.05,2.74408e+06
STDDEV,int64_t,"AnalysisFlag::numDistinctApprox",4096,0.05,2.75986e+06
STDDEV,int64_t,"AnalysisFlag::numDistinctApprox",4096,0.05,2.86638e+06
STDDEV,int64_t,"AnalysisFlag::numDistinctApprox",4096,0.05,2.75954e+06
STDDEV,int64_t,"AnalysisFlag::numDistinctApprox",4096,0.05,2.75045e+06
STDDEV,int64_t,"AnalysisFlag::numDistinctApprox",4096,0.05,2.74982e+06
STDDEV,int64_t,"AnalysisFlag::numDistinctApprox",4096,0.05,2.74833e+06
STDDEV,int64_t,"AnalysisFlag::numDistinctApprox",4096,0.05,2.74521e+06
STDDEV,double,"AnalysisFlag::numDistinctApprox",1024,0.1,387327
STDDEV,double,"AnalysisFlag::numDistinctApprox",1024,0.1,363011
STDDEV,double,"AnalysisFlag::numDistinctApprox",1024,0.1,364940
STDDEV,double,"AnalysisFlag::numDistinctApprox",1024,0.1,387713
STDDEV,double,"AnalysisFlag::numDistinctApprox",1024,0.1,361507
STDDEV,double,"AnalysisFlag::numDistinctApprox",1024,0.1,381531
STDDEV,double,"AnalysisFlag::numDistinctApprox",1024,0.1,509502
STDDEV,double,"AnalysisFlag::numDistinctApprox",1024,0.1,359992
STDDEV,double,"AnalysisFlag::numDistinctApprox",1024,0.1,363559
STDDEV,double,"AnalysisFlag::numDistinctApprox",1024,0.1,365921
STDDEV,double,"AnalysisFlag::numDistinctApprox",2048,0.1,1.27243e+06
STDDEV,double,"AnalysisFlag::numDistinctApprox",2048,0.1,1.23897e+06
STDDEV,double,"AnalysisFlag::numDistinctApprox",2048,0.1,1.23995e+06
STDDEV,double,"AnalysisFlag::numDistinctApprox",2048,0.1,1.30843e+06
STDDEV,double,"AnalysisFlag::numDistinctApprox",2048,0.1,1.24281e+06
STDDEV,double,"AnalysisFlag::numDistinctApprox",2048,0.1,1.23099e+06
STDDEV,double,"AnalysisFlag::numDistinctApprox",2048,0.1,1.25464e+06
STDDEV,double,"AnalysisFlag::numDistinctApprox",2048,0.1,1.30661e+06
STDDEV,double,"AnalysisFlag::numDistinctApprox",2048,0.1,1.25748e+06
STDDEV,double,"AnalysisFlag::numDistinctApprox",2048,0.1,1.25328e+06
STDDEV,double,"AnalysisFlag::numDistinctApprox",4096,0.1,6.21344e+06
STDDEV,double,"AnalysisFlag::numDistinctApprox",4096,0.1,6.10229e+06
STDDEV,double,"AnalysisFlag::numDistinctApprox",4096,0.1,6.1144e+06
STDDEV,double,"AnalysisFlag::numDistinctApprox",4096,0.1,6.11179e+06
STDDEV,double,"AnalysisFlag::numDistinctApprox",4096,0.1,6.15283e+06
STDDEV,double,"AnalysisFlag::numDistinctApprox",4096,0.1,6.16548e+06
STDDEV,double,"AnalysisFlag::numDistinctApprox",4096,0.1,6.22282e+06
STDDEV,double,"AnalysisFlag::numDistinctApprox",4096,0.1,6.16192e+06
STDDEV,double,"AnalysisFlag::numDistinctApprox",4096,0.1,6.10771e+06
STDDEV,double,"AnalysisFlag::numDistinctApprox",4096,0.1,6.15663e+06
STDDEV,int64_t,"AnalysisFlag::numDistinctApprox",1024,0.1,344526
STDDEV,int64_t,"AnalysisFlag::numDistinctApprox",1024,0.1,340019
STDDEV,int64_t,"AnalysisFlag::numDistinctApprox",1024,0.1,340736
STDDEV,int64_t,"AnalysisFlag::numDistinctApprox",1024,0.1,333936
STDDEV,int64_t,"AnalysisFlag::numDistinctApprox",1024,0.1,339562
STDDEV,int64_t,"AnalysisFlag::numDistinctApprox",1024,0.1,340127
STDDEV,int64_t,"AnalysisFlag::numDistinctApprox",1024,0.1,340273
STDDEV,int64_t,"AnalysisFlag::numDistinctApprox",1024,0.1,339507
STDDEV,int64_t,"AnalysisFlag::numDistinctApprox",1024,0.1,337946
STDDEV,int64_t,"AnalysisFlag::numDistinctApprox",1024,0.1,339294
STDDEV,int64_t,"AnalysisFlag::numDistinctApprox",2048,0.1,1.23126e+06
STDDEV,int64_t,"AnalysisFlag::numDistinctApprox",2048,0.1,1.2228e+06
STDDEV,int64_t,"AnalysisFlag::numDistinctApprox",2048,0.1,1.22373e+06
STDDEV,int64_t,"AnalysisFlag::numDistinctApprox",2048,0.1,1.22509e+06
STDDEV,int64_t,"AnalysisFlag::numDistinctApprox",2048,0.1,1.22923e+06
STDDEV,int64_t,"AnalysisFlag::numDistinctApprox",2048,0.1,1.22607e+06
STDDEV,int64_t,"AnalysisFlag::numDistinctApprox",2048,0.1,1.23064e+06
STDDEV,int64_t,"AnalysisFlag::numDistinctApprox",2048,0.1,1.21999e+06
STDDEV,int64_t,"AnalysisFlag::numDistinctApprox",2048,0.1,1.22391e+06
STDDEV,int64_t,"AnalysisFlag::numDistinctApprox",2048,0.1,1.22748e+06
STDDEV,int64_t,"AnalysisFlag::numDistinctApprox",4096,0.1,5.39214e+06
STDDEV,int64_t,"AnalysisFlag::numDistinctApprox",4096,0.1,5.39042e+06
STDDEV,int64_t,"AnalysisFlag::numDistinctApprox",4096,0.1,5.42499e+06
STDDEV,int64_t,"AnalysisFlag::numDistinctApprox",4096,0.1,5.42984e+06
STDDEV,int64_t,"AnalysisFlag::numDistinctApprox",4096,0.1,5.40108e+06
STDDEV,int64_t,"AnalysisFlag::numDistinctApprox",4096,0.1,5.39677e+06
STDDEV,int64_t,"AnalysisFlag::numDistinctApprox",4096,0.1,5.4106e+06
STDDEV,int64_t,"AnalysisFlag::numDistinctApprox",4096,0.1,5.41822e+06
STDDEV,int64_t,"AnalysisFlag::numDistinctApprox",4096,0.1,5.40902e+06
STDDEV,int64_t,"AnalysisFlag::numDistinctApprox",4096,0.1,5.41088e+06
STDDEV,double,"AnalysisFlag::numDistinctApprox",1024,0.2,660671
STDDEV,double,"AnalysisFlag::numDistinctApprox",1024,0.2,642446
STDDEV,double,"AnalysisFlag::numDistinctApprox",1024,0.2,605899
STDDEV,double,"AnalysisFlag::numDistinctApprox",1024,0.2,617998
STDDEV,double,"AnalysisFlag::numDistinctApprox",1024,0.2,652383
STDDEV,double,"AnalysisFlag::numDistinctApprox",1024,0.2,605140
STDDEV,double,"AnalysisFlag::numDistinctApprox",1024,0.2,615389
STDDEV,double,"AnalysisFlag::numDistinctApprox",1024,0.2,619285
STDDEV,double,"AnalysisFlag::numDistinctApprox",1024,0.2,611404
STDDEV,double,"AnalysisFlag::numDistinctApprox",1024,0.2,599789
STDDEV,double,"AnalysisFlag::numDistinctApprox",2048,0.2,2.33863e+06
STDDEV,double,"AnalysisFlag::numDistinctApprox",2048,0.2,2.42638e+06
STDDEV,double,"AnalysisFlag::numDistinctApprox",2048,0.2,2.41614e+06
STDDEV,double,"AnalysisFlag::numDistinctApprox",2048,0.2,2.4e+06
STDDEV,double,"AnalysisFlag::numDistinctApprox",2048,0.2,2.40243e+06
STDDEV,double,"AnalysisFlag::numDistinctApprox",2048,0.2,2.40662e+06
STDDEV,double,"AnalysisFlag::numDistinctApprox",2048,0.2,2.41097e+06
STDDEV,double,"AnalysisFlag::numDistinctApprox",2048,0.2,2.41116e+06
STDDEV,double,"AnalysisFlag::numDistinctApprox",2048,0.2,2.43584e+06
STDDEV,double,"AnalysisFlag::numDistinctApprox",2048,0.2,2.44863e+06
STDDEV,double,"AnalysisFlag::numDistinctApprox",4096,0.2,1.14486e+07
STDDEV,double,"AnalysisFlag::numDistinctApprox",4096,0.2,1.14432e+07
STDDEV,double,"AnalysisFlag::numDistinctApprox",4096,0.2,1.14432e+07
STDDEV,double,"AnalysisFlag::numDistinctApprox",4096,0.2,1.14276e+07
STDDEV,double,"AnalysisFlag::numDistinctApprox",4096,0.2,1.14307e+07
STDDEV,double,"AnalysisFlag::numDistinctApprox",4096,0.2,1.15134e+07
STDDEV,double,"AnalysisFlag::numDistinctApprox",4096,0.2,1.14476e+07
STDDEV,double,"AnalysisFlag::numDistinctApprox",4096,0.2,1.14235e+07
STDDEV,double,"AnalysisFlag::numDistinctApprox",4096,0.2,1.144e+07
STDDEV,double,"AnalysisFlag::numDistinctApprox",4096,0.2,1.14387e+07
STDDEV,int64_t,"AnalysisFlag::numDistinctApprox",1024,0.2,605170
STDDEV,int64_t,"AnalysisFlag::numDistinctApprox",1024,0.2,596147
STDDEV,int64_t,"AnalysisFlag::numDistinctApprox",1024,0.2,601293
STDDEV,int64_t,"AnalysisFlag::numDistinctApprox",1024,0.2,589808
STDDEV,int64_t,"AnalysisFlag::numDistinctApprox",1024,0.2,592108
STDDEV,int64_t,"AnalysisFlag::numDistinctApprox",1024,0.2,593210
STDDEV,int64_t,"AnalysisFlag::numDistinctApprox",1024,0.2,600702
STDDEV,int64_t,"AnalysisFlag::numDistinctApprox",1024,0.2,597152
STDDEV,int64_t,"AnalysisFlag::numDistinctApprox",1024,0.2,595325
STDDEV,int64_t,"AnalysisFlag::numDistinctApprox",1024,0.2,594836
STDDEV,int64_t,"AnalysisFlag::numDistinctApprox",2048,0.2,2.20352e+06
STDDEV,int64_t,"AnalysisFlag::numDistinctApprox",2048,0.2,2.17782e+06
STDDEV,int64_t,"AnalysisFlag::numDistinctApprox",2048,0.2,2.18212e+06
STDDEV,int64_t,"AnalysisFlag::numDistinctApprox",2048,0.2,2.17291e+06
STDDEV,int64_t,"AnalysisFlag::numDistinctApprox",2048,0.2,2.17796e+06
STDDEV,int64_t,"AnalysisFlag::numDistinctApprox",2048,0.2,2.17103e+06
STDDEV,int64_t,"AnalysisFlag::numDistinctApprox",2048,0.2,2.18034e+06
STDDEV,int64_t,"AnalysisFlag::numDistinctApprox",2048,0.2,2.18352e+06
STDDEV,int64_t,"AnalysisFlag::numDistinctApprox",2048,0.2,2.17245e+06
STDDEV,int64_t,"AnalysisFlag::numDistinctApprox",2048,0.2,2.16888e+06
STDDEV,int64_t,"AnalysisFlag::numDistinctApprox",4096,0.2,9.89631e+06
STDDEV,int64_t,"AnalysisFlag::numDistinctApprox",4096,0.2,9.93236e+06
STDDEV,int64_t,"AnalysisFlag::numDistinctApprox",4096,0.2,9.88811e+06
STDDEV,int64_t,"AnalysisFlag::numDistinctApprox",4096,0.2,9.88388e+06
STDDEV,int64_t,"AnalysisFlag::numDistinctApprox",4096,0.2,9.88095e+06
STDDEV,int64_t,"AnalysisFlag::numDistinctApprox",4096,0.2,9.91223e+06
STDDEV,int64_t,"AnalysisFlag::numDistinctApprox",4096,0.2,9.94673e+06
STDDEV,int64_t,"AnalysisFlag::numDistinctApprox",4096,0.2,9.88787e+06
STDDEV,int64_t,"AnalysisFlag::numDistinctApprox",4096,0.2,9.92034e+06
STDDEV,int64_t,"AnalysisFlag::numDistinctApprox",4096,0.2,9.89622e+06
STDDEV,double,"AnalysisFlag::numDistinctApprox",1024,0.25,2.05647e+06
STDDEV,double,"AnalysisFlag::numDistinctApprox",1024,0.25,2.0321e+06
STDDEV,double,"AnalysisFlag::numDistinctApprox",1024,0.25,2.02918e+06
STDDEV,double,"AnalysisFlag::numDistinctApprox",1024,0.25,2.04732e+06
STDDEV,double,"AnalysisFlag::numDistinctApprox",1024,0.25,2.04765e+06
STDDEV,double,"AnalysisFlag::numDistinctApprox",1024,0.25,2.04631e+06
STDDEV,double,"AnalysisFlag::numDistinctApprox",1024,0.25,2.0486e+06
STDDEV,double,"AnalysisFlag::numDistinctApprox",1024,0.25,2.04554e+06
STDDEV,double,"AnalysisFlag::numDistinctApprox",1024,0.25,2.03334e+06
STDDEV,double,"AnalysisFlag::numDistinctApprox",1024,0.25,2.0352e+06
STDDEV,double,"AnalysisFlag::numDistinctApprox",2048,0.25,8.71548e+06
STDDEV,double,"AnalysisFlag::numDistinctApprox",2048,0.25,8.80762e+06
STDDEV,double,"AnalysisFlag::numDistinctApprox",2048,0.25,8.71456e+06
STDDEV,double,"AnalysisFlag::numDistinctApprox",2048,0.25,8.6911e+06
STDDEV,double,"AnalysisFlag::numDistinctApprox",2048,0.25,8.76313e+06
STDDEV,double,"AnalysisFlag::numDistinctApprox",2048,0.25,8.7304e+06
STDDEV,double,"AnalysisFlag::numDistinctApprox",2048,0.25,8.78499e+06
STDDEV,double,"AnalysisFlag::numDistinctApprox",2048,0.25,8.74401e+06
STDDEV,double,"AnalysisFlag::numDistinctApprox",2048,0.25,8.73338e+06
STDDEV,double,"AnalysisFlag::numDistinctApprox",2048,0.25,8.73553e+06
STDDEV,double,"AnalysisFlag::numDistinctApprox",4096,0.25,3.56394e+07
STDDEV,double,"AnalysisFlag::numDistinctApprox",4096,0.25,3.57044e+07
STDDEV,double,"AnalysisFlag::numDistinctApprox",4096,0.25,3.56781e+07
STDDEV,double,"AnalysisFlag::numDistinctApprox",4096,0.25,3.56044e+07
STDDEV,double,"AnalysisFlag::numDistinctApprox",4096,0.25,3.56184e+07
STDDEV,double,"AnalysisFlag::numDistinctApprox",4096,0.25,3.56314e+07
STDDEV,double,"AnalysisFlag::numDistinctApprox",4096,0.25,3.56049e+07
STDDEV,double,"AnalysisFlag::numDistinctApprox",4096,0.25,3.56308e+07
STDDEV,double,"AnalysisFlag::numDistinctApprox",4096,0.25,3.56247e+07
STDDEV,double,"AnalysisFlag::numDistinctApprox",4096,0.25,3.56282e+07
STDDEV,int64_t,"AnalysisFlag::numDistinctApprox",1024,0.25,2.02036e+06
STDDEV,int64_t,"AnalysisFlag::numDistinctApprox",1024,0.25,1.98268e+06
STDDEV,int64_t,"AnalysisFlag::numDistinctApprox",1024,0.25,1.98987e+06
STDDEV,int64_t,"AnalysisFlag::numDistinctApprox",1024,0.25,1.99529e+06
STDDEV,int64_t,"AnalysisFlag::numDistinctApprox",1024,0.25,1.99035e+06
STDDEV,int64_t,"AnalysisFlag::numDistinctApprox",1024,0.25,1.98055e+06
STDDEV,int64_t,"AnalysisFlag::numDistinctApprox",1024,0.25,1.98194e+06
STDDEV,int64_t,"AnalysisFlag::numDistinctApprox",1024,0.25,1.98054e+06
STDDEV,int64_t,"AnalysisFlag::numDistinctApprox",1024,0.25,1.97862e+06
STDDEV,int64_t,"AnalysisFlag::numDistinctApprox",1024,0.25,1.98066e+06
STDDEV,int64_t,"AnalysisFlag::numDistinctApprox",2048,0.25,8.0374e+06
STDDEV,int64_t,"AnalysisFlag::numDistinctApprox",2048,0.25,7.98807e+06
STDDEV,int64_t,"AnalysisFlag::numDistinctApprox",2048,0.25,8.0025e+06
STDDEV,int64_t,"AnalysisFlag::numDistinctApprox",2048,0.25,7.99324e+06
STDDEV,int64_t,"AnalysisFlag::numDistinctApprox",2048,0.25,7.98675e+06
STDDEV,int64_t,"AnalysisFlag::numDistinctApprox",2048,0.25,8.05131e+06
STDDEV,int64_t,"AnalysisFlag::numDistinctApprox",2048,0.25,8.03457e+06
STDDEV,int64_t,"AnalysisFlag::numDistinctApprox",2048,0.25,8.05175e+06
STDDEV,int64_t,"AnalysisFlag::numDistinctApprox",2048,0.25,8.0367e+06
STDDEV,int64_t,"AnalysisFlag::numDistinctApprox",2048,0.25,8.00218e+06
STDDEV,int64_t,"AnalysisFlag::numDistinctApprox",4096,0.25,3.20331e+07
STDDEV,int64_t,"AnalysisFlag::numDistinctApprox",4096,0.25,3.20103e+07
STDDEV,int64_t,"AnalysisFlag::numDistinctApprox",4096,0.25,3.20335e+07
STDDEV,int64_t,"AnalysisFlag::numDistinctApprox",4096,0.25,3.20197e+07
STDDEV,int64_t,"AnalysisFlag::numDistinctApprox",4096,0.25,3.20184e+07
STDDEV,int64_t,"AnalysisFlag::numDistinctApprox",4096,0.25,3.20541e+07
STDDEV,int64_t,"AnalysisFlag::numDistinctApprox",4096,0.25,3.2033e+07
STDDEV,int64_t,"AnalysisFlag::numDistinctApprox",4096,0.25,3.202e+07
STDDEV,int64_t,"AnalysisFlag::numDistinctApprox",4096,0.25,3.20086e+07
STDDEV,int64_t,"AnalysisFlag::numDistinctApprox",4096,0.25,3.20166e+07
STDDEV,double,"AnalysisFlag::numDistinctApprox",1024,1,2.33175e+06
STDDEV,double,"AnalysisFlag::numDistinctApprox",1024,1,2.03171e+06
STDDEV,double,"AnalysisFlag::numDistinctApprox",1024,1,2.0293e+06
STDDEV,double,"AnalysisFlag::numDistinctApprox",1024,1,2.04803e+06
STDDEV,double,"AnalysisFlag::numDistinctApprox",1024,1,2.02945e+06
STDDEV,double,"AnalysisFlag::numDistinctApprox",1024,1,2.02753e+06
STDDEV,double,"AnalysisFlag::numDistinctApprox",1024,1,2.02904e+06
STDDEV,double,"AnalysisFlag::numDistinctApprox",1024,1,2.02945e+06
STDDEV,double,"AnalysisFlag::numDistinctApprox",1024,1,2.02681e+06
STDDEV,double,"AnalysisFlag::numDistinctApprox",1024,1,2.03023e+06
STDDEV,double,"AnalysisFlag::numDistinctApprox",2048,1,8.86439e+06
STDDEV,double,"AnalysisFlag::numDistinctApprox",2048,1,8.74212e+06
STDDEV,double,"AnalysisFlag::numDistinctApprox",2048,1,8.72202e+06
STDDEV,double,"AnalysisFlag::numDistinctApprox",2048,1,8.74569e+06
STDDEV,double,"AnalysisFlag::numDistinctApprox",2048,1,8.75886e+06
STDDEV,double,"AnalysisFlag::numDistinctApprox",2048,1,8.72879e+06
STDDEV,double,"AnalysisFlag::numDistinctApprox",2048,1,8.76313e+06
STDDEV,double,"AnalysisFlag::numDistinctApprox",2048,1,8.71886e+06
STDDEV,double,"AnalysisFlag::numDistinctApprox",2048,1,8.75012e+06
STDDEV,double,"AnalysisFlag::numDistinctApprox",2048,1,8.73636e+06
STDDEV,double,"AnalysisFlag::numDistinctApprox",4096,1,3.57035e+07
STDDEV,double,"AnalysisFlag::numDistinctApprox",4096,1,3.55208e+07
STDDEV,double,"AnalysisFlag::numDistinctApprox",4096,1,3.56017e+07
STDDEV,double,"AnalysisFlag::numDistinctApprox",4096,1,3.55674e+07
STDDEV,double,"AnalysisFlag::numDistinctApprox",4096,1,3.55926e+07
STDDEV,double,"AnalysisFlag::numDistinctApprox",4096,1,3.57036e+07
STDDEV,double,"AnalysisFlag::numDistinctApprox",4096,1,3.56486e+07
STDDEV,double,"AnalysisFlag::numDistinctApprox",4096,1,3.56088e+07
STDDEV,double,"AnalysisFlag::numDistinctApprox",4096,1,3.5613e+07
STDDEV,double,"AnalysisFlag::numDistinctApprox",4096,1,3.55988e+07
STDDEV,int64_t,"AnalysisFlag::numDistinctApprox",1024,1,2.12949e+06
STDDEV,int64_t,"AnalysisFlag::numDistinctApprox",1024,1,2.00466e+06
STDDEV,int64_t,"AnalysisFlag::numDistinctApprox",1024,1,1.97716e+06
STDDEV,int64_t,"AnalysisFlag::numDistinctApprox",1024,1,1.97568e+06
STDDEV,int64_t,"AnalysisFlag::numDistinctApprox",1024,1,1.97787e+06
STDDEV,int64_t,"AnalysisFlag::numDistinctApprox",1024,1,1.97385e+06
STDDEV,int64_t,"AnalysisFlag::numDistinctApprox",1024,1,1.9766e+06
STDDEV,int64_t,"AnalysisFlag::numDistinctApprox",1024,1,1.97759e+06
STDDEV,int64_t,"AnalysisFlag::numDistinctApprox",1024,1,1.97749e+06
STDDEV,int64_t,"AnalysisFlag::numDistinctApprox",1024,1,1.97739e+06
STDDEV,int64_t,"AnalysisFlag::numDistinctApprox",2048,1,8.0744e+06
STDDEV,int64_t,"AnalysisFlag::numDistinctApprox",2048,1,7.98665e+06
STDDEV,int64_t,"AnalysisFlag::numDistinctApprox",2048,1,8.01796e+06
STDDEV,int64_t,"AnalysisFlag::numDistinctApprox",2048,1,8.01355e+06
STDDEV,int64_t,"AnalysisFlag::numDistinctApprox",2048,1,8.07775e+06
STDDEV,int64_t,"AnalysisFlag::numDistinctApprox",2048,1,8.01839e+06
STDDEV,int64_t,"AnalysisFlag::numDistinctApprox",2048,1,7.99809e+06
STDDEV,int64_t,"AnalysisFlag::numDistinctApprox",2048,1,7.99978e+06
STDDEV,int64_t,"AnalysisFlag::numDistinctApprox",2048,1,8.01114e+06
STDDEV,int64_t,"AnalysisFlag::numDistinctApprox",2048,1,7.97618e+06
STDDEV,int64_t,"AnalysisFlag::numDistinctApprox",4096,1,3.20849e+07
STDDEV,int64_t,"AnalysisFlag::numDistinctApprox",4096,1,3.20023e+07
STDDEV,int64_t,"AnalysisFlag::numDistinctApprox",4096,1,3.21151e+07
STDDEV,int64_t,"AnalysisFlag::numDistinctApprox",4096,1,3.20149e+07
STDDEV,int64_t,"AnalysisFlag::numDistinctApprox",4096,1,3.20514e+07
STDDEV,int64_t,"AnalysisFlag::numDistinctApprox",4096,1,3.20352e+07
STDDEV,int64_t,"AnalysisFlag::numDistinctApprox",4096,1,3.21512e+07
STDDEV,int64_t,"AnalysisFlag::numDistinctApprox",4096,1,3.20432e+07
STDDEV,int64_t,"AnalysisFlag::numDistinctApprox",4096,1,3.20263e+07
STDDEV,int64_t,"AnalysisFlag::numDistinctApprox",4096,1,3.19985e+07
VAR,double,"AnalysisFlag::numDistinctApprox",1024,0.001,98332
VAR,double,"AnalysisFlag::numDistinctApprox",1024,0.001,93035
VAR,double,"AnalysisFlag::numDistinctApprox",1024,0.001,95018
VAR,double,"AnalysisFlag::numDistinctApprox",1024,0.001,95030
VAR,double,"AnalysisFlag::numDistinctApprox",1024,0.001,98470
VAR,double,"AnalysisFlag::numDistinctApprox",1024,0.001,101655
VAR,double,"AnalysisFlag::numDistinctApprox",1024,0.001,91515
VAR,double,"AnalysisFlag::numDistinctApprox",1024,0.001,95067
VAR,double,"AnalysisFlag::numDistinctApprox",1024,0.001,93402
VAR,double,"AnalysisFlag::numDistinctApprox",1024,0.001,95352
VAR,double,"AnalysisFlag::numDistinctApprox",2048,0.001,220405
VAR,double,"AnalysisFlag::numDistinctApprox",2048,0.001,217850
VAR,double,"AnalysisFlag::numDistinctApprox",2048,0.001,218103
VAR,double,"AnalysisFlag::numDistinctApprox",2048,0.001,218764
VAR,double,"AnalysisFlag::numDistinctApprox",2048,0.001,218683
VAR,double,"AnalysisFlag::numDistinctApprox",2048,0.001,218940
VAR,double,"AnalysisFlag::numDistinctApprox",2048,0.001,215483
VAR,double,"AnalysisFlag::numDistinctApprox",2048,0.001,224358
VAR,double,"AnalysisFlag::numDistinctApprox",2048,0.001,214812
VAR,double,"AnalysisFlag::numDistinctApprox",2048,0.001,211369
VAR,double,"AnalysisFlag::numDistinctApprox",4096,0.001,383644
VAR,double,"AnalysisFlag::numDistinctApprox",4096,0.001,368540
VAR,double,"AnalysisFlag::numDistinctApprox",4096,0.001,370114
VAR,double,"AnalysisFlag::numDistinctApprox",4096,0.001,375496
VAR,double,"AnalysisFlag::numDistinctApprox",4096,0.001,374951
VAR,double,"AnalysisFlag::numDistinctApprox",4096,0.001,364124
VAR,double,"AnalysisFlag::numDistinctApprox",4096,0.001,365500
VAR,double,"AnalysisFlag::numDistinctApprox",4096,0.001,363740
VAR,double,"AnalysisFlag::numDistinctApprox",4096,0.001,366514
VAR,double,"AnalysisFlag::numDistinctApprox",4096,0.001,367528
VAR,int64_t,"AnalysisFlag::numDistinctApprox",1024,0.001,65006
VAR,int64_t,"AnalysisFlag::numDistinctApprox",1024,0.001,63990
VAR,int64_t,"AnalysisFlag::numDistinctApprox",1024,0.001,66561
VAR,int64_t,"AnalysisFlag::numDistinctApprox",1024,0.001,66885
VAR,int64_t,"AnalysisFlag::numDistinctApprox",1024,0.001,65338
VAR,int64_t,"AnalysisFlag::numDistinctApprox",1024,0.001,63001
VAR,int64_t,"AnalysisFlag::numDistinctApprox",1024,0.001,65771
VAR,int64_t,"AnalysisFlag::numDistinctApprox",1024,0.001,65446
VAR,int64_t,"AnalysisFlag::numDistinctApprox",1024,0.001,67741
VAR,int64_t,"AnalysisFlag::numDistinctApprox",1024,0.001,66269
VAR,int64_t,"AnalysisFlag::numDistinctApprox",2048,0.001,156121
VAR,int64_t,"AnalysisFlag::numDistinctApprox",2048,0.001,157754
VAR,int64_t,"AnalysisFlag::numDistinctApprox",2048,0.001,159224
VAR,int64_t,"AnalysisFlag::numDistinctApprox",2048,0.001,158258
VAR,int64_t,"AnalysisFlag::numDistinctApprox",2048,0.001,158281
VAR,int64_t,"AnalysisFlag::numDistinctApprox",2048,0.001,154441
VAR,int64_t,"AnalysisFlag::numDistinctApprox",2048,0.001,162480
VAR,int64_t,"AnalysisFlag::numDistinctApprox",2048,0.001,156692
VAR,int64_t,"AnalysisFlag::numDistinctApprox",2048,0.001,156227
VAR,int64_t,"AnalysisFlag::numDistinctApprox",2048,0.001,161063
VAR,int64_t,"AnalysisFlag::numDistinctApprox",4096,0.001,407173
VAR,int64_t,"AnalysisFlag::numDistinctApprox",4096,0.001,360465
VAR,int64_t,"AnalysisFlag::numDistinctApprox",4096,0.001,362481
VAR,int64_t,"AnalysisFlag::numDistinctApprox",4096,0.001,356923
VAR,int64_t,"AnalysisFlag::numDistinctApprox",4096,0.001,364407
VAR,int64_t,"AnalysisFlag::numDistinctApprox",4096,0.001,363724
VAR,int64_t,"AnalysisFlag::numDistinctApprox",4096,0.001,362009
VAR,int64_t,"AnalysisFlag::numDistinctApprox",4096,0.001,361957
VAR,int64_t,"AnalysisFlag::numDistinctApprox",4096,0.001,354915
VAR,int64_t,"AnalysisFlag::numDistinctApprox",4096,0.001,366793
VAR,double,"AnalysisFlag::numDistinctApprox",1024,0.01,143412
VAR,double,"AnalysisFlag::numDistinctApprox",1024,0.01,139034
VAR,double,"AnalysisFlag::numDistinctApprox",1024,0.01,143318
VAR,double,"AnalysisFlag::numDistinctApprox",1024,0.01,140642
VAR,double,"AnalysisFlag::numDistinctApprox",1024,0.01,141882
VAR,double,"AnalysisFlag::numDistinctApprox",1024,0.01,139703
VAR,double,"AnalysisFlag::numDistinctApprox",1024,0.01,138287
VAR,double,"AnalysisFlag::numDistinctApprox",1024,0.01,138497
VAR,double,"AnalysisFlag::numDistinctApprox",1024,0.01,143152
VAR,double,"AnalysisFlag::numDistinctApprox",1024,0.01,142572
VAR,double,"AnalysisFlag::numDistinctApprox",2048,0.01,310807
VAR,double,"AnalysisFlag::numDistinctApprox",2048,0.01,308034
VAR,double,"AnalysisFlag::numDistinctApprox",2048,0.01,309142
VAR,double,"AnalysisFlag::numDistinctApprox",2048,0.01,317199
VAR,double,"AnalysisFlag::numDistinctApprox",2048,0.01,308120
VAR,double,"AnalysisFlag::numDistinctApprox",2048,0.01,305578
VAR,double,"AnalysisFlag::numDistinctApprox",2048,0.01,315238
VAR,double,"AnalysisFlag::numDistinctApprox",2048,0.01,308457
VAR,double,"AnalysisFlag::numDistinctApprox",2048,0.01,320097
VAR,double,"AnalysisFlag::numDistinctApprox",2048,0.01,309260
VAR,double,"AnalysisFlag::numDistinctApprox",4096,0.01,847055
VAR,double,"AnalysisFlag::numDistinctApprox",4096,0.01,846332
VAR,double,"AnalysisFlag::numDistinctApprox",4096,0.01,853852
VAR,double,"AnalysisFlag::numDistinctApprox",4096,0.01,842058
VAR,double,"AnalysisFlag::numDistinctApprox",4096,0.01,843003
VAR,double,"AnalysisFlag::numDistinctApprox",4096,0.01,843248
VAR,double,"AnalysisFlag::numDistinctApprox",4096,0.01,842012
VAR,double,"AnalysisFlag::numDistinctApprox",4096,0.01,841087
VAR,double,"AnalysisFlag::numDistinctApprox",4096,0.01,846805
VAR,double,"AnalysisFlag::numDistinctApprox",4096,0.01,846871
VAR,int64_t,"AnalysisFlag::numDistinctApprox",1024,0.01,125959
VAR,int64_t,"AnalysisFlag::numDistinctApprox",1024,0.01,122183
VAR,int64_t,"AnalysisFlag::numDistinctApprox",1024,0.01,120402
VAR,int64_t,"AnalysisFlag::numDistinctApprox",1024,0.01,120753
VAR,int64_t,"AnalysisFlag::numDistinctApprox",1024,0.01,123032
VAR,int64_t,"AnalysisFlag::numDistinctApprox",1024,0.01,120678
VAR,int64_t,"AnalysisFlag::numDistinctApprox",1024,0.01,119583
VAR,int64_t,"AnalysisFlag::numDistinctApprox",1024,0.01,119337
VAR,int64_t,"AnalysisFlag::numDistinctApprox",1024,0.01,120424
VAR,int64_t,"AnalysisFlag::numDistinctApprox",1024,0.01,121609
VAR,int64_t,"AnalysisFlag::numDistinctApprox",2048,0.01,295962
VAR,int64_t,"AnalysisFlag::numDistinctApprox",2048,0.01,293613
VAR,int64_t,"AnalysisFlag::numDistinctApprox",2048,0.01,296658
VAR,int64_t,"AnalysisFlag::numDistinctApprox",2048,0.01,293179
VAR,int64_t,"AnalysisFlag::numDistinctApprox",2048,0.01,298921
VAR,int64_t,"AnalysisFlag::numDistinctApprox",2048,0.01,292363
VAR,int64_t,"AnalysisFlag::numDistinctApprox",2048,0.01,297632
VAR,int64_t,"AnalysisFlag::numDistinctApprox",2048,0.01,298789
VAR,int64_t,"AnalysisFlag::numDistinctApprox",2048,0.01,300779
VAR,int64_t,"AnalysisFlag::numDistinctApprox",2048,0.01,295591
VAR,int64_t,"AnalysisFlag::numDistinctApprox",4096,0.01,881018
VAR,int64_t,"AnalysisFlag::numDistinctApprox",4096,0.01,885725
VAR,int64_t,"AnalysisFlag::numDistinctApprox",4096,0.01,888506
VAR,int64_t,"AnalysisFlag::numDistinctApprox",4096,0.01,876590
VAR,int64_t,"AnalysisFlag::numDistinctApprox",4096,0.01,890634
VAR,int64_t,"AnalysisFlag::numDistinctApprox",4096,0.01,881711
VAR,int64_t,"AnalysisFlag::numDistinctApprox",4096,0.01,882250
VAR,int64_t,"AnalysisFlag::numDistinctApprox",4096,0.01,880378
VAR,int64_t,"AnalysisFlag::numDistinctApprox",4096,0.01,883172
VAR,int64_t,"AnalysisFlag::numDistinctApprox",4096,0.01,875004
VAR,double,"AnalysisFlag::numDistinctApprox",1024,0.05,247090
VAR,double,"AnalysisFlag::numDistinctApprox",1024,0.05,254151
VAR,double,"AnalysisFlag::numDistinctApprox",1024,0.05,250029
VAR,double,"AnalysisFlag::numDistinctApprox",1024,0.05,236785
VAR,double,"AnalysisFlag::numDistinctApprox",1024,0.05,232596
VAR,double,"AnalysisFlag::numDistinctApprox",1024,0.05,234486
VAR,double,"AnalysisFlag::numDistinctApprox",1024,0.05,247530
VAR,double,"AnalysisFlag::numDistinctApprox",1024,0.05,244576
VAR,double,"AnalysisFlag::numDistinctApprox",1024,0.05,234157
VAR,double,"AnalysisFlag::numDistinctApprox",1024,0.05,237697
VAR,double,"AnalysisFlag::numDistinctApprox",2048,0.05,721464
VAR,double,"AnalysisFlag::numDistinctApprox",2048,0.05,721829
VAR,double,"AnalysisFlag::numDistinctApprox",2048,0.05,724075
VAR,double,"AnalysisFlag::numDistinctApprox",2048,0.05,733700
VAR,double,"AnalysisFlag::numDistinctApprox",2048,0.05,726703
VAR,double,"AnalysisFlag::numDistinctApprox",2048,0.05,736966
VAR,double,"AnalysisFlag::numDistinctApprox",2048,0.05,748728
VAR,double,"AnalysisFlag::numDistinctApprox",2048,0.05,722758
VAR,double,"AnalysisFlag::numDistinctApprox",2048,0.05,727495
VAR,double,"AnalysisFlag::numDistinctApprox",2048,0.05,719442
VAR,double,"AnalysisFlag::numDistinctApprox",4096,0.05,3.00254e+06
VAR,double,"AnalysisFlag::numDistinctApprox",4096,0.05,2.97103e+06
VAR,double,"AnalysisFlag::numDistinctApprox",4096,0.05,2.96629e+06
VAR,double,"AnalysisFlag::numDistinctApprox",4096,0.05,2.96362e+06
VAR,double,"AnalysisFlag::numDistinctApprox",4096,0.05,2.96416e+06
VAR,double,"AnalysisFlag::numDistinctApprox",4096,0.05,2.96919e+06
VAR,double,"AnalysisFlag::numDistinctApprox",4096,0.05,2.98211e+06
VAR,double,"AnalysisFlag::numDistinctApprox",4096,0.05,2.96126e+06
VAR,double,"AnalysisFlag::numDistinctApprox",4096,0.05,2.96472e+06
VAR,double,"AnalysisFlag::numDistinctApprox",4096,0.05,2.98185e+06
VAR,int64_t,"AnalysisFlag::numDistinctApprox",1024,0.05,226868
VAR,int64_t,"AnalysisFlag::numDistinctApprox",1024,0.05,227162
VAR,int64_t,"AnalysisFlag::numDistinctApprox",1024,0.05,226402
VAR,int64_t,"AnalysisFlag::numDistinctApprox",1024,0.05,229224
VAR,int64_t,"AnalysisFlag::numDistinctApprox",1024,0.05,227005
VAR,int64_t,"AnalysisFlag::numDistinctApprox",1024,0.05,224039
VAR,int64_t,"AnalysisFlag::numDistinctApprox",1024,0.05,229416
VAR,int64_t,"AnalysisFlag::numDistinctApprox",1024,0.05,227918
VAR,int64_t,"AnalysisFlag::numDistinctApprox",1024,0.05,226175
VAR,int64_t,"AnalysisFlag::numDistinctApprox",1024,0.05,229083
VAR,int64_t,"AnalysisFlag::numDistinctApprox",2048,0.05,731264
VAR,int64_t,"AnalysisFlag::numDistinctApprox",2048,0.05,725957
VAR,int64_t,"AnalysisFlag::numDistinctApprox",2048,0.05,729486
VAR,int64_t,"AnalysisFlag::numDistinctApprox",2048,0.05,728938
VAR,int64_t,"AnalysisFlag::numDistinctApprox",2048,0.05,733632
VAR,int64_t,"AnalysisFlag::numDistinctApprox",2048,0.05,727988
VAR,int64_t,"AnalysisFlag::numDistinctApprox",2048,0.05,729378
VAR,int64_t,"AnalysisFlag::numDistinctApprox",2048,0.05,723835
VAR,int64_t,"AnalysisFlag::numDistinctApprox",2048,0.05,725260
VAR,int64_t,"AnalysisFlag::numDistinctApprox",2048,0.05,725771
VAR,int64_t,"AnalysisFlag::numDistinctApprox",4096,0.05,2.79355e+06
VAR,int64_t,"AnalysisFlag::numDistinctApprox",4096,0.05,2.78939e+06
VAR,int64_t,"AnalysisFlag::numDistinctApprox",4096,0.05,2.78595e+06
VAR,int64_t,"AnalysisFlag::numDistinctApprox",4096,0.05,2.78274e+06
VAR,int64_t,"AnalysisFlag::numDistinctApprox",4096,0.05,2.78732e+06
VAR,int64_t,"AnalysisFlag::numDistinctApprox",4096,0.05,2.78758e+06
VAR,int64_t,"AnalysisFlag::numDistinctApprox",4096,0.05,2.78972e+06
VAR,int64_t,"AnalysisFlag::numDistinctApprox",4096,0.05,2.78073e+06
VAR,int64_t,"AnalysisFlag::numDistinctApprox",4096,0.05,2.79129e+06
VAR,int64_t,"AnalysisFlag::numDistinctApprox",4096,0.05,2.78962e+06
VAR,double,"AnalysisFlag::numDistinctApprox",1024,0.1,376828
VAR,double,"AnalysisFlag::numDistinctApprox",1024,0.1,378076
VAR,double,"AnalysisFlag::numDistinctApprox",1024,0.1,368626
VAR,double,"AnalysisFlag::numDistinctApprox",1024,0.1,383125
VAR,double,"AnalysisFlag::numDistinctApprox",1024,0.1,365046
VAR,double,"AnalysisFlag::numDistinctApprox",1024,0.1,357140
VAR,double,"AnalysisFlag::numDistinctApprox",1024,0.1,363694
VAR,double,"AnalysisFlag::numDistinctApprox",1024,0.1,357558
VAR,double,"AnalysisFlag::numDistinctApprox",1024,0.1,371179
VAR,double,"AnalysisFlag::numDistinctApprox",1024,0.1,357688
VAR,double,"AnalysisFlag::numDistinctApprox",2048,0.1,1.25992e+06
VAR,double,"AnalysisFlag::numDistinctApprox",2048,0.1,1.28172e+06
VAR,double,"AnalysisFlag::numDistinctApprox",2048,0.1,1.23777e+06
VAR,double,"AnalysisFlag::numDistinctApprox",2048,0.1,1.24436e+06
VAR,double,"AnalysisFlag::numDistinctApprox",2048,0.1,1.2661e+06
VAR,double,"AnalysisFlag::numDistinctApprox",2048,0.1,1.25109e+06
VAR,double,"AnalysisFlag::numDistinctApprox",2048,0.1,1.29294e+06
VAR,double,"AnalysisFlag::numDistinctApprox",2048,0.1,1.2441e+06
VAR,double,"AnalysisFlag::numDistinctApprox",2048,0.1,1.26882e+06
VAR,double,"AnalysisFlag::numDistinctApprox",2048,0.1,1.29744e+06
VAR,double,"AnalysisFlag::numDistinctApprox",4096,0.1,6.26398e+06
VAR,double,"AnalysisFlag::numDistinctApprox",4096,0.1,6.12838e+06
VAR,double,"AnalysisFlag::numDistinctApprox",4096,0.1,6.13214e+06
VAR,double,"AnalysisFlag::numDistinctApprox",4096,0.1,6.11269e+06
VAR,double,"AnalysisFlag::numDistinctApprox",4096,0.1,6.1171e+06
VAR,double,"AnalysisFlag::numDistinctApprox",4096,0.1,6.1142e+06
VAR,double,"AnalysisFlag::numDistinctApprox",4096,0.1,6.11176e+06
VAR,double,"AnalysisFlag::numDistinctApprox",4096,0.1,6.12668e+06
VAR,double,"AnalysisFlag::numDistinctApprox",4096,0.1,6.10477e+06
VAR,double,"AnalysisFlag::numDistinctApprox",4096,0.1,6.10829e+06
VAR,int64_t,"AnalysisFlag::numDistinctApprox",1024,0.1,359653
VAR,int64_t,"AnalysisFlag::numDistinctApprox",1024,0.1,359930
VAR,int64_t,"AnalysisFlag::numDistinctApprox",1024,0.1,356523
VAR,int64_t,"AnalysisFlag::numDistinctApprox",1024,0.1,356542
VAR,int64_t,"AnalysisFlag::numDistinctApprox",1024,0.1,358743
VAR,int64_t,"AnalysisFlag::numDistinctApprox",1024,0.1,356507
VAR,int64_t,"AnalysisFlag::numDistinctApprox",1024,0.1,354443
VAR,int64_t,"AnalysisFlag::numDistinctApprox",1024,0.1,358799
VAR,int64_t,"AnalysisFlag::numDistinctApprox",1024,0.1,357896
VAR,int64_t,"AnalysisFlag::numDistinctApprox",1024,0.1,356152
VAR,int64_t,"AnalysisFlag::numDistinctApprox",2048,0.1,1.25593e+06
VAR,int64_t,"AnalysisFlag::numDistinctApprox",2048,0.1,1.25567e+06
VAR,int64_t,"AnalysisFlag::numDistinctApprox",2048,0.1,1.25292e+06
VAR,int64_t,"AnalysisFlag::numDistinctApprox",2048,0.1,1.25036e+06
VAR,int64_t,"AnalysisFlag::numDistinctApprox",2048,0.1,1.25497e+06
VAR,int64_t,"AnalysisFlag::numDistinctApprox",2048,0.1,1.25049e+06
VAR,int64_t,"AnalysisFlag::numDistinctApprox",2048,0.1,1.2533e+06
VAR,int64_t,"AnalysisFlag::numDistinctApprox",2048,0.1,1.25208e+06
VAR,int64_t,"AnalysisFlag::numDistinctApprox",2048,0.1,1.25514e+06
VAR,int64_t,"AnalysisFlag::numDistinctApprox",2048,0.1,1.24909e+06
VAR,int64_t,"AnalysisFlag::numDistinctApprox",4096,0.1,5.49136e+06
VAR,int64_t,"AnalysisFlag::numDistinctApprox",4096,0.1,5.43509e+06
VAR,int64_t,"AnalysisFlag::numDistinctApprox",4096,0.1,5.43838e+06
VAR,int64_t,"AnalysisFlag::numDistinctApprox",4096,0.1,5.42795e+06
VAR,int64_t,"AnalysisFlag::numDistinctApprox",4096,0.1,5.428e+06
VAR,int64_t,"AnalysisFlag::numDistinctApprox",4096,0.1,5.42234e+06
VAR,int64_t,"AnalysisFlag::numDistinctApprox",4096,0.1,5.43822e+06
VAR,int64_t,"AnalysisFlag::numDistinctApprox",4096,0.1,5.4263e+06
VAR,int64_t,"AnalysisFlag::numDistinctApprox",4096,0.1,5.43818e+06
VAR,int64_t,"AnalysisFlag::numDistinctApprox",4096,0.1,5.43028e+06
VAR,double,"AnalysisFlag::numDistinctApprox",1024,0.2,647524
VAR,double,"AnalysisFlag::numDistinctApprox",1024,0.2,639334
VAR,double,"AnalysisFlag::numDistinctApprox",1024,0.2,600203
VAR,double,"AnalysisFlag::numDistinctApprox",1024,0.2,637279
VAR,double,"AnalysisFlag::numDistinctApprox",1024,0.2,601753
VAR,double,"AnalysisFlag::numDistinctApprox",1024,0.2,600079
VAR,double,"AnalysisFlag::numDistinctApprox",1024,0.2,639944
VAR,double,"AnalysisFlag::numDistinctApprox",1024,0.2,635796
VAR,double,"AnalysisFlag::numDistinctApprox",1024,0.2,631418
VAR,double,"AnalysisFlag::numDistinctApprox",1024,0.2,601287
VAR,double,"AnalysisFlag::numDistinctApprox",2048,0.2,2.3749e+06
VAR,double,"AnalysisFlag::numDistinctApprox",2048,0.2,2.36533e+06
VAR,double,"AnalysisFlag::numDistinctApprox",2048,0.2,2.43538e+06
VAR,double,"AnalysisFlag::numDistinctApprox",2048,0.2,2.42543e+06
VAR,double,"AnalysisFlag::numDistinctApprox",2048,0.2,2.41192e+06
VAR,double,"AnalysisFlag::numDistinctApprox",2048,0.2,2.40869e+06
VAR,double,"AnalysisFlag::numDistinctApprox",2048,0.2,2.40903e+06
VAR,double,"AnalysisFlag::numDistinctApprox",2048,0.2,2.37305e+06
VAR,double,"AnalysisFlag::numDistinctApprox",2048,0.2,2.43899e+06
VAR,double,"AnalysisFlag::numDistinctApprox",2048,0.2,2.38651e+06
VAR,double,"AnalysisFlag::numDistinctApprox",4096,0.2,1.14478e+07
VAR,double,"AnalysisFlag::numDistinctApprox",4096,0.2,1.14211e+07
VAR,double,"AnalysisFlag::numDistinctApprox",4096,0.2,1.14799e+07
VAR,double,"AnalysisFlag::numDistinctApprox",4096,0.2,1.14068e+07
VAR,double,"AnalysisFlag::numDistinctApprox",4096,0.2,1.14231e+07
VAR,double,"AnalysisFlag::numDistinctApprox",4096,0.2,1.14494e+07
VAR,double,"AnalysisFlag::numDistinctApprox",4096,0.2,1.14335e+07
VAR,double,"AnalysisFlag::numDistinctApprox",4096,0.2,1.14247e+07
VAR,double,"AnalysisFlag::numDistinctApprox",4096,0.2,1.14351e+07
VAR,double,"AnalysisFlag::numDistinctApprox",4096,0.2,1.14358e+07
VAR,int64_t,"AnalysisFlag::numDistinctApprox",1024,0.2,622453
VAR,int64_t,"AnalysisFlag::numDistinctApprox",1024,0.2,617171
VAR,int64_t,"AnalysisFlag::numDistinctApprox",1024,0.2,619155
VAR,int64_t,"AnalysisFlag::numDistinctApprox",1024,0.2,613662
VAR,int64_t,"AnalysisFlag::numDistinctApprox",1024,0.2,615491
VAR,int64_t,"AnalysisFlag::numDistinctApprox",1024,0.2,613747
VAR,int64_t,"AnalysisFlag::numDistinctApprox",1024,0.2,613121
VAR,int64_t,"AnalysisFlag::numDistinctApprox",1024,0.2,613088
VAR,int64_t,"AnalysisFlag::numDistinctApprox",1024,0.2,611320
VAR,int64_t,"AnalysisFlag::numDistinctApprox",1024,0.2,617348
VAR,int64_t,"AnalysisFlag::numDistinctApprox",2048,0.2,2.23157e+06
VAR,int64_t,"AnalysisFlag::numDistinctApprox",2048,0.2,2.20473e+06
VAR,int64_t,"AnalysisFlag::numDistinctApprox",2048,0.2,2.21293e+06
VAR,int64_t,"AnalysisFlag::numDistinctApprox",2048,0.2,2.21213e+06
VAR,int64_t,"AnalysisFlag::numDistinctApprox",2048,0.2,2.20712e+06
VAR,int64_t,"AnalysisFlag::numDistinctApprox",2048,0.2,2.20734e+06
VAR,int64_t,"AnalysisFlag::numDistinctApprox",2048,0.2,2.21512e+06
VAR,int64_t,"AnalysisFlag::numDistinctApprox",2048,0.2,2.2108e+06
VAR,int64_t,"AnalysisFlag::numDistinctApprox",2048,0.2,2.20782e+06
VAR,int64_t,"AnalysisFlag::numDistinctApprox",2048,0.2,2.20438e+06
VAR,int64_t,"AnalysisFlag::numDistinctApprox",4096,0.2,9.90578e+06
VAR,int64_t,"AnalysisFlag::numDistinctApprox",4096,0.2,1.00199e+07
VAR,int64_t,"AnalysisFlag::numDistinctApprox",4096,0.2,9.94834e+06
VAR,int64_t,"AnalysisFlag::numDistinctApprox",4096,0.2,9.9297e+06
VAR,int64_t,"AnalysisFlag::numDistinctApprox",4096,0.2,9.91867e+06
VAR,int64_t,"AnalysisFlag::numDistinctApprox",4096,0.2,9.9464e+06
VAR,int64_t,"AnalysisFlag::numDistinctApprox",4096,0.2,9.93174e+06
VAR,int64_t,"AnalysisFlag::numDistinctApprox",4096,0.2,9.90999e+06
VAR,int64_t,"AnalysisFlag::numDistinctApprox",4096,0.2,9.92906e+06
VAR,int64_t,"AnalysisFlag::numDistinctApprox",4096,0.2,9.99626e+06
VAR,double,"AnalysisFlag::numDistinctApprox",1024,0.25,2.05136e+06
VAR,double,"AnalysisFlag::numDistinctApprox",1024,0.25,2.04219e+06
VAR,double,"AnalysisFlag::numDistinctApprox",1024,0.25,2.04026e+06
VAR,double,"AnalysisFlag::numDistinctApprox",1024,0.25,2.04132e+06
VAR,double,"AnalysisFlag::numDistinctApprox",1024,0.25,2.0215e+06
VAR,double,"AnalysisFlag::numDistinctApprox",1024,0.25,2.02307e+06
VAR,double,"AnalysisFlag::numDistinctApprox",1024,0.25,2.02204e+06
VAR,double,"AnalysisFlag::numDistinctApprox",1024,0.25,2.0418e+06
VAR,double,"AnalysisFlag::numDistinctApprox",1024,0.25,2.04002e+06
VAR,double,"AnalysisFlag::numDistinctApprox",1024,0.25,2.04014e+06
VAR,double,"AnalysisFlag::numDistinctApprox",2048,0.25,8.72461e+06
VAR,double,"AnalysisFlag::numDistinctApprox",2048,0.25,8.68032e+06
VAR,double,"AnalysisFlag::numDistinctApprox",2048,0.25,8.65451e+06
VAR,double,"AnalysisFlag::numDistinctApprox",2048,0.25,8.77164e+06
VAR,double,"AnalysisFlag::numDistinctApprox",2048,0.25,8.75778e+06
VAR,double,"AnalysisFlag::numDistinctApprox",2048,0.25,8.70678e+06
VAR,double,"AnalysisFlag::numDistinctApprox",2048,0.25,8.65486e+06
VAR,double,"AnalysisFlag::numDistinctApprox",2048,0.25,8.76056e+06
VAR,double,"AnalysisFlag::numDistinctApprox",2048,0.25,8.71175e+06
VAR,double,"AnalysisFlag::numDistinctApprox",2048,0.25,8.72403e+06
VAR,double,"AnalysisFlag::numDistinctApprox",4096,0.25,3.54967e+07
VAR,double,"AnalysisFlag::numDistinctApprox",4096,0.25,3.5626e+07
VAR,double,"AnalysisFlag::numDistinctApprox",4096,0.25,3.55928e+07
VAR,double,"AnalysisFlag::numDistinctApprox",4096,0.25,3.56016e+07
VAR,double,"AnalysisFlag::numDistinctApprox",4096,0.25,3.56264e+07
VAR,double,"AnalysisFlag::numDistinctApprox",4096,0.25,3.56252e+07
VAR,double,"AnalysisFlag::numDistinctApprox",4096,0.25,3.56156e+07
VAR,double,"AnalysisFlag::numDistinctApprox",4096,0.25,3.55974e+07
VAR,double,"AnalysisFlag::numDistinctApprox",4096,0.25,3.56203e+07
VAR,double,"AnalysisFlag::numDistinctApprox",4096,0.25,3.55854e+07
VAR,int64_t,"AnalysisFlag::numDistinctApprox",1024,0.25,2.03875e+06
VAR,int64_t,"AnalysisFlag::numDistinctApprox",1024,0.25,2.02808e+06
VAR,int64_t,"AnalysisFlag::numDistinctApprox",1024,0.25,1.99424e+06
VAR,int64_t,"AnalysisFlag::numDistinctApprox",1024,0.25,2.00733e+06
VAR,int64_t,"AnalysisFlag::numDistinctApprox",1024,0.25,2.00711e+06
VAR,int64_t,"AnalysisFlag::numDistinctApprox",1024,0.25,1.99792e+06
VAR,int64_t,"AnalysisFlag::numDistinctApprox",1024,0.25,2.00457e+06
VAR,int64_t,"AnalysisFlag::numDistinctApprox",1024,0.25,1.98676e+06
VAR,int64_t,"AnalysisFlag::numDistinctApprox",1024,0.25,1.99396e+06
VAR,int64_t,"AnalysisFlag::numDistinctApprox",1024,0.25,1.99214e+06
VAR,int64_t,"AnalysisFlag::numDistinctApprox",2048,0.25,8.06362e+06
VAR,int64_t,"AnalysisFlag::numDistinctApprox",2048,0.25,7.99859e+06
VAR,int64_t,"AnalysisFlag::numDistinctApprox",2048,0.25,8.04152e+06
VAR,int64_t,"AnalysisFlag::numDistinctApprox",2048,0.25,8.02686e+06
VAR,int64_t,"AnalysisFlag::numDistinctApprox",2048,0.25,8.04465e+06
VAR,int64_t,"AnalysisFlag::numDistinctApprox",2048,0.25,8.05412e+06
VAR,int64_t,"AnalysisFlag::numDistinctApprox",2048,0.25,7.99091e+06
VAR,int64_t,"AnalysisFlag::numDistinctApprox",2048,0.25,8.02137e+06
VAR,int64_t,"AnalysisFlag::numDistinctApprox",2048,0.25,8.07179e+06
VAR,int64_t,"AnalysisFlag::numDistinctApprox",2048,0.25,8.06475e+06
VAR,int64_t,"AnalysisFlag::numDistinctApprox",4096,0.25,3.21556e+07
VAR,int64_t,"AnalysisFlag::numDistinctApprox",4096,0.25,3.20555e+07
VAR,int64_t,"AnalysisFlag::numDistinctApprox",4096,0.25,3.2175e+07
VAR,int64_t,"AnalysisFlag::numDistinctApprox",4096,0.25,3.20501e+07
VAR,int64_t,"AnalysisFlag::numDistinctApprox",4096,0.25,3.20894e+07
VAR,int64_t,"AnalysisFlag::numDistinctApprox",4096,0.25,3.20594e+07
VAR,int64_t,"AnalysisFlag::numDistinctApprox",4096,0.25,3.20614e+07
VAR,int64_t,"AnalysisFlag::numDistinctApprox",4096,0.25,3.21679e+07
VAR,int64_t,"AnalysisFlag::numDistinctApprox",4096,0.25,3.20353e+07
VAR,int64_t,"AnalysisFlag::numDistinctApprox",4096,0.25,3.2095e+07
VAR,double,"AnalysisFlag::numDistinctApprox",1024,1,2.27516e+06
VAR,double,"AnalysisFlag::numDistinctApprox",1024,1,2.0423e+06
VAR,double,"AnalysisFlag::numDistinctApprox",1024,1,2.04407e+06
VAR,double,"AnalysisFlag::numDistinctApprox",1024,1,2.04321e+06
VAR,double,"AnalysisFlag::numDistinctApprox",1024,1,2.0438e+06
VAR,double,"AnalysisFlag::numDistinctApprox",1024,1,2.23957e+06
VAR,double,"AnalysisFlag::numDistinctApprox",1024,1,2.04221e+06
VAR,double,"AnalysisFlag::numDistinctApprox",1024,1,2.0278e+06
VAR,double,"AnalysisFlag::numDistinctApprox",1024,1,2.0237e+06
VAR,double,"AnalysisFlag::numDistinctApprox",1024,1,2.0365e+06
VAR,double,"AnalysisFlag::numDistinctApprox",2048,1,8.85935e+06
VAR,double,"AnalysisFlag::numDistinctApprox",2048,1,8.75424e+06
VAR,double,"AnalysisFlag::numDistinctApprox",2048,1,8.77743e+06
VAR,double,"AnalysisFlag::numDistinctApprox",2048,1,8.73639e+06
VAR,double,"AnalysisFlag::numDistinctApprox",2048,1,8.75754e+06
VAR,double,"AnalysisFlag::numDistinctApprox",2048,1,8.72338e+06
VAR,double,"AnalysisFlag::numDistinctApprox",2048,1,8.77162e+06
VAR,double,"AnalysisFlag::numDistinctApprox",2048,1,8.75216e+06
VAR,double,"AnalysisFlag::numDistinctApprox",2048,1,8.73585e+06
VAR,double,"AnalysisFlag::numDistinctApprox",2048,1,8.72984e+06
VAR,double,"AnalysisFlag::numDistinctApprox",4096,1,3.57622e+07
VAR,double,"AnalysisFlag::numDistinctApprox",4096,1,3.55863e+07
VAR,double,"AnalysisFlag::numDistinctApprox",4096,1,3.55605e+07
VAR,double,"AnalysisFlag::numDistinctApprox",4096,1,3.55823e+07
VAR,double,"AnalysisFlag::numDistinctApprox",4096,1,3.55843e+07
VAR,double,"AnalysisFlag::numDistinctApprox",4096,1,3.56093e+07
VAR,double,"AnalysisFlag::numDistinctApprox",4096,1,3.55827e+07
VAR,double,"AnalysisFlag::numDistinctApprox",4096,1,3.5594e+07
VAR,double,"AnalysisFlag::numDistinctApprox",4096,1,3.55734e+07
VAR,double,"AnalysisFlag::numDistinctApprox",4096,1,3.55923e+07
VAR,int64_t,"AnalysisFlag::numDistinctApprox",1024,1,2.22248e+06
VAR,int64_t,"AnalysisFlag::numDistinctApprox",1024,1,2.01648e+06
VAR,int64_t,"AnalysisFlag::numDistinctApprox",1024,1,1.99508e+06
VAR,int64_t,"AnalysisFlag::numDistinctApprox",1024,1,1.99607e+06
VAR,int64_t,"AnalysisFlag::numDistinctApprox",1024,1,1.99883e+06
VAR,int64_t,"AnalysisFlag::numDistinctApprox",1024,1,2.19402e+06
VAR,int64_t,"AnalysisFlag::numDistinctApprox",1024,1,1.99664e+06
VAR,int64_t,"AnalysisFlag::numDistinctApprox",1024,1,2.00177e+06
VAR,int64_t,"AnalysisFlag::numDistinctApprox",1024,1,1.99752e+06
VAR,int64_t,"AnalysisFlag::numDistinctApprox",1024,1,1.99583e+06
VAR,int64_t,"AnalysisFlag::numDistinctApprox",2048,1,8.08607e+06
VAR,int64_t,"AnalysisFlag::numDistinctApprox",2048,1,8.02908e+06
VAR,int64_t,"AnalysisFlag::numDistinctApprox",2048,1,8.00174e+06
VAR,int64_t,"AnalysisFlag::numDistinctApprox",2048,1,8.03229e+06
VAR,int64_t,"AnalysisFlag::numDistinctApprox",2048,1,8.08086e+06
VAR,int64_t,"AnalysisFlag::numDistinctApprox",2048,1,8.03218e+06
VAR,int64_t,"AnalysisFlag::numDistinctApprox",2048,1,8.02898e+06
VAR,int64_t,"AnalysisFlag::numDistinctApprox",2048,1,8.04344e+06
VAR,int64_t,"AnalysisFlag::numDistinctApprox",2048,1,8.01598e+06
VAR,int64_t,"AnalysisFlag::numDistinctApprox",2048,1,8.05978e+06
VAR,int64_t,"AnalysisFlag::numDistinctApprox",4096,1,3.2142e+07
VAR,int64_t,"AnalysisFlag::numDistinctApprox",4096,1,3.20258e+07
VAR,int64_t,"AnalysisFlag::numDistinctApprox",4096,1,3.20551e+07
VAR,int64_t,"AnalysisFlag::numDistinctApprox",4096,1,3.20679e+07
VAR,int64_t,"AnalysisFlag::numDistinctApprox",4096,1,3.20624e+07
VAR,int64_t,"AnalysisFlag::numDistinctApprox",4096,1,3.21356e+07
VAR,int64_t,"AnalysisFlag::numDistinctApprox",4096,1,3.20564e+07
VAR,int64_t,"AnalysisFlag::numDistinctApprox",4096,1,3.20877e+07
VAR,int64_t,"AnalysisFlag::numDistinctApprox",4096,1,3.20541e+07
VAR,int64_t,"AnalysisFlag::numDistinctApprox",4096,1,3.20635e+07
IDXMIN,double,"AnalysisFlag::numDistinctApprox",1024,0.25,803821
IDXMIN,double,"AnalysisFlag::numDistinctApprox",1024,0.25,679922
IDXMIN,double,"AnalysisFlag::numDistinctApprox",1024,0.25,803721
IDXMIN,double,"AnalysisFlag::numDistinctApprox",1024,0.25,694654
IDXMIN,double,"AnalysisFlag::numDistinctApprox",1024,0.25,677581
IDXMIN,double,"AnalysisFlag::numDistinctApprox",1024,0.25,677783
IDXMIN,double,"AnalysisFlag::numDistinctApprox",1024,0.25,802101
IDXMIN,double,"AnalysisFlag::numDistinctApprox",1024,0.25,673123
IDXMIN,double,"AnalysisFlag::numDistinctApprox",1024,0.25,794993
IDXMIN,double,"AnalysisFlag::numDistinctApprox",1024,0.25,673040
IDXMIN,double,"AnalysisFlag::numDistinctApprox",2048,0.25,2.9768e+06
IDXMIN,double,"AnalysisFlag::numDistinctApprox",2048,0.25,2.92231e+06
IDXMIN,double,"AnalysisFlag::numDistinctApprox",2048,0.25,3.13774e+06
IDXMIN,double,"AnalysisFlag::numDistinctApprox",2048,0.25,2.92902e+06
IDXMIN,double,"AnalysisFlag::numDistinctApprox",2048,0.25,2.90687e+06
IDXMIN,double,"AnalysisFlag::numDistinctApprox",2048,0.25,2.91784e+06
IDXMIN,double,"AnalysisFlag::numDistinctApprox",2048,0.25,2.87729e+06
IDXMIN,double,"AnalysisFlag::numDistinctApprox",2048,0.25,2.92719e+06
IDXMIN,double,"AnalysisFlag::numDistinctApprox",2048,0.25,3.10432e+06
IDXMIN,double,"AnalysisFlag::numDistinctApprox",2048,0.25,3.03268e+06
IDXMIN,double,"AnalysisFlag::numDistinctApprox",4096,0.25,1.15851e+07
IDXMIN,double,"AnalysisFlag::numDistinctApprox",4096,0.25,1.16023e+07
IDXMIN,double,"AnalysisFlag::numDistinctApprox",4096,0.25,1.22979e+07
IDXMIN,double,"AnalysisFlag::numDistinctApprox",4096,0.25,1.18531e+07
IDXMIN,double,"AnalysisFlag::numDistinctApprox",4096,0.25,1.18193e+07
IDXMIN,double,"AnalysisFlag::numDistinctApprox",4096,0.25,1.1556e+07
IDXMIN,double,"AnalysisFlag::numDistinctApprox",4096,0.25,1.16013e+07
IDXMIN,double,"AnalysisFlag::numDistinctApprox",4096,0.25,1.15604e+07
IDXMIN,double,"AnalysisFlag::numDistinctApprox",4096,0.25,1.15766e+07
IDXMIN,double,"AnalysisFlag::numDistinctApprox",4096,0.25,1.21663e+07
IDXMIN,int64_t,"AnalysisFlag::numDistinctApprox",1024,0.25,534243
IDXMIN,int64_t,"AnalysisFlag::numDistinctApprox",1024,0.25,502008
IDXMIN,int64_t,"AnalysisFlag::numDistinctApprox",1024,0.25,498551
IDXMIN,int64_t,"AnalysisFlag::numDistinctApprox",1024,0.25,499045
IDXMIN,int64_t,"AnalysisFlag::numDistinctApprox",1024,0.25,500473
IDXMIN,int64_t,"AnalysisFlag::numDistinctApprox",1024,0.25,500592
IDXMIN,int64_t,"AnalysisFlag::numDistinctApprox",1024,0.25,504726
IDXMIN,int64_t,"AnalysisFlag::numDistinctApprox",1024,0.25,500467
IDXMIN,int64_t,"AnalysisFlag::numDistinctApprox",1024,0.25,499331
IDXMIN,int64_t,"AnalysisFlag::numDistinctApprox",1024,0.25,500530
IDXMIN,int64_t,"AnalysisFlag::numDistinctApprox",2048,0.25,2.29717e+06
IDXMIN,int64_t,"AnalysisFlag::numDistinctApprox",2048,0.25,2.22105e+06
IDXMIN,int64_t,"AnalysisFlag::numDistinctApprox",2048,0.25,2.18284e+06
IDXMIN,int64_t,"AnalysisFlag::numDistinctApprox",2048,0.25,2.34485e+06
IDXMIN,int64_t,"AnalysisFlag::numDistinctApprox",2048,0.25,2.33632e+06
IDXMIN,int64_t,"AnalysisFlag::numDistinctApprox",2048,0.25,2.36082e+06
IDXMIN,int64_t,"AnalysisFlag::numDistinctApprox",2048,0.25,2.16801e+06
IDXMIN,int64_t,"AnalysisFlag::numDistinctApprox",2048,0.25,2.35533e+06
IDXMIN,int64_t,"AnalysisFlag::numDistinctApprox",2048,0.25,2.36436e+06
IDXMIN,int64_t,"AnalysisFlag::numDistinctApprox",2048,0.25,2.34623e+06
IDXMIN,int64_t,"AnalysisFlag::numDistinctApprox",4096,0.25,9.46543e+06
IDXMIN,int64_t,"AnalysisFlag::numDistinctApprox",4096,0.25,9.4419e+06
IDXMIN,int64_t,"AnalysisFlag::numDistinctApprox",4096,0.25,9.41595e+06
IDXMIN,int64_t,"AnalysisFlag::numDistinctApprox",4096,0.25,9.43108e+06
IDXMIN,int64_t,"AnalysisFlag::numDistinctApprox",4096,0.25,9.4324e+06
IDXMIN,int64_t,"AnalysisFlag::numDistinctApprox",4096,0.25,9.4199e+06
IDXMIN,int64_t,"AnalysisFlag::numDistinctApprox",4096,0.25,9.43226e+06
IDXMIN,int64_t,"AnalysisFlag::numDistinctApprox",4096,0.25,9.42713e+06
IDXMIN,int64_t,"AnalysisFlag::numDistinctApprox",4096,0.25,9.43628e+06
IDXMIN,int64_t,"AnalysisFlag::numDistinctApprox",4096,0.25,9.44044e+06
IDXMIN,double,"AnalysisFlag::numDistinctApprox",1024,1,842914
IDXMIN,double,"AnalysisFlag::numDistinctApprox",1024,1,721884
IDXMIN,double,"AnalysisFlag::numDistinctApprox",1024,1,815048
IDXMIN,double,"AnalysisFlag::numDistinctApprox",1024,1,727813
IDXMIN,double,"AnalysisFlag::numDistinctApprox",1024,1,733004
IDXMIN,double,"AnalysisFlag::numDistinctApprox",1024,1,801311
IDXMIN,double,"AnalysisFlag::numDistinctApprox",1024,1,695674
IDXMIN,double,"AnalysisFlag::numDistinctApprox",1024,1,686949
IDXMIN,double,"AnalysisFlag::numDistinctApprox",1024,1,817779
IDXMIN,double,"AnalysisFlag::numDistinctApprox",1024,1,765513
IDXMIN,double,"AnalysisFlag::numDistinctApprox",2048,1,3.35015e+06
IDXMIN,double,"AnalysisFlag::numDistinctApprox",2048,1,3.30056e+06
IDXMIN,double,"AnalysisFlag::numDistinctApprox",2048,1,3.3115e+06
IDXMIN,double,"AnalysisFlag::numDistinctApprox",2048,1,3.27746e+06
IDXMIN,double,"AnalysisFlag::numDistinctApprox",2048,1,2.95171e+06
IDXMIN,double,"AnalysisFlag::numDistinctApprox",2048,1,3.18543e+06
IDXMIN,double,"AnalysisFlag::numDistinctApprox",2048,1,2.90523e+06
IDXMIN,double,"AnalysisFlag::numDistinctApprox",2048,1,3.26857e+06
IDXMIN,double,"AnalysisFlag::numDistinctApprox",2048,1,3.19135e+06
IDXMIN,double,"AnalysisFlag::numDistinctApprox",2048,1,3.22424e+06
IDXMIN,double,"AnalysisFlag::numDistinctApprox",4096,1,1.15992e+07
IDXMIN,double,"AnalysisFlag::numDistinctApprox",4096,1,1.16511e+07
IDXMIN,double,"AnalysisFlag::numDistinctApprox",4096,1,1.19183e+07
IDXMIN,double,"AnalysisFlag::numDistinctApprox",4096,1,1.19434e+07
IDXMIN,double,"AnalysisFlag::numDistinctApprox",4096,1,1.24103e+07
IDXMIN,double,"AnalysisFlag::numDistinctApprox",4096,1,1.16139e+07
IDXMIN,double,"AnalysisFlag::numDistinctApprox",4096,1,1.19263e+07
IDXMIN,double,"AnalysisFlag::numDistinctApprox",4096,1,1.19902e+07
IDXMIN,double,"AnalysisFlag::numDistinctApprox",4096,1,1.15831e+07
IDXMIN,double,"AnalysisFlag::numDistinctApprox",4096,1,1.22123e+07
IDXMIN,int64_t,"AnalysisFlag::numDistinctApprox",1024,1,657975
IDXMIN,int64_t,"AnalysisFlag::numDistinctApprox",1024,1,502117
IDXMIN,int64_t,"AnalysisFlag::numDistinctApprox",1024,1,483109
IDXMIN,int64_t,"AnalysisFlag::numDistinctApprox",1024,1,487554
IDXMIN,int64_t,"AnalysisFlag::numDistinctApprox",1024,1,486431
IDXMIN,int64_t,"AnalysisFlag::numDistinctApprox",1024,1,486604
IDXMIN,int64_t,"AnalysisFlag::numDistinctApprox",1024,1,491217
IDXMIN,int64_t,"AnalysisFlag::numDistinctApprox",1024,1,485242
IDXMIN,int64_t,"AnalysisFlag::numDistinctApprox",1024,1,483963
IDXMIN,int64_t,"AnalysisFlag::numDistinctApprox",1024,1,489574
IDXMIN,int64_t,"AnalysisFlag::numDistinctApprox",2048,1,2.31329e+06
IDXMIN,int64_t,"AnalysisFlag::numDistinctApprox",2048,1,2.31225e+06
IDXMIN,int64_t,"AnalysisFlag::numDistinctApprox",2048,1,2.3906e+06
IDXMIN,int64_t,"AnalysisFlag::numDistinctApprox",2048,1,2.34826e+06
IDXMIN,int64_t,"AnalysisFlag::numDistinctApprox",2048,1,2.3461e+06
IDXMIN,int64_t,"AnalysisFlag::numDistinctApprox",2048,1,2.3424e+06
IDXMIN,int64_t,"AnalysisFlag::numDistinctApprox",2048,1,2.36366e+06
IDXMIN,int64_t,"AnalysisFlag::numDistinctApprox",2048,1,2.35207e+06
IDXMIN,int64_t,"AnalysisFlag::numDistinctApprox",2048,1,2.35652e+06
IDXMIN,int64_t,"AnalysisFlag::numDistinctApprox",2048,1,2.34627e+06
IDXMIN,int64_t,"AnalysisFlag::numDistinctApprox",4096,1,9.37297e+06
IDXMIN,int64_t,"AnalysisFlag::numDistinctApprox",4096,1,9.40179e+06
IDXMIN,int64_t,"AnalysisFlag::numDistinctApprox",4096,1,9.40495e+06
IDXMIN,int64_t,"AnalysisFlag::numDistinctApprox",4096,1,9.40953e+06
IDXMIN,int64_t,"AnalysisFlag::numDistinctApprox",4096,1,9.39257e+06
IDXMIN,int64_t,"AnalysisFlag::numDistinctApprox",4096,1,9.4002e+06
IDXMIN,int64_t,"AnalysisFlag::numDistinctApprox",4096,1,9.40148e+06
IDXMIN,int64_t,"AnalysisFlag::numDistinctApprox",4096,1,9.38824e+06
IDXMIN,int64_t,"AnalysisFlag::numDistinctApprox",4096,1,9.40037e+06
IDXMIN,int64_t,"AnalysisFlag::numDistinctApprox",4096,1,9.41112e+06
IDXMAX,double,"AnalysisFlag::numDistinctApprox",1024,0.25,703373
IDXMAX,double,"AnalysisFlag::numDistinctApprox",1024,0.25,671045
IDXMAX,double,"AnalysisFlag::numDistinctApprox",1024,0.25,672922
IDXMAX,double,"AnalysisFlag::numDistinctApprox",1024,0.25,671490
IDXMAX,double,"AnalysisFlag::numDistinctApprox",1024,0.25,667905
IDXMAX,double,"AnalysisFlag::numDistinctApprox",1024,0.25,669884
IDXMAX,double,"AnalysisFlag::numDistinctApprox",1024,0.25,670437
IDXMAX,double,"AnalysisFlag::numDistinctApprox",1024,0.25,671154
IDXMAX,double,"AnalysisFlag::numDistinctApprox",1024,0.25,666625
IDXMAX,double,"AnalysisFlag::numDistinctApprox",1024,0.25,668014
IDXMAX,double,"AnalysisFlag::numDistinctApprox",2048,0.25,2.94408e+06
IDXMAX,double,"AnalysisFlag::numDistinctApprox",2048,0.25,2.89963e+06
IDXMAX,double,"AnalysisFlag::numDistinctApprox",2048,0.25,2.89515e+06
IDXMAX,double,"AnalysisFlag::numDistinctApprox",2048,0.25,2.89993e+06
IDXMAX,double,"AnalysisFlag::numDistinctApprox",2048,0.25,2.88903e+06
IDXMAX,double,"AnalysisFlag::numDistinctApprox",2048,0.25,2.88557e+06
IDXMAX,double,"AnalysisFlag::numDistinctApprox",2048,0.25,2.86174e+06
IDXMAX,double,"AnalysisFlag::numDistinctApprox",2048,0.25,2.90279e+06
IDXMAX,double,"AnalysisFlag::numDistinctApprox",2048,0.25,2.88268e+06
IDXMAX,double,"AnalysisFlag::numDistinctApprox",2048,0.25,2.9046e+06
IDXMAX,double,"AnalysisFlag::numDistinctApprox",4096,0.25,1.15724e+07
IDXMAX,double,"AnalysisFlag::numDistinctApprox",4096,0.25,1.15438e+07
IDXMAX,double,"AnalysisFlag::numDistinctApprox",4096,0.25,1.15741e+07
IDXMAX,double,"AnalysisFlag::numDistinctApprox",4096,0.25,1.15527e+07
IDXMAX,double,"AnalysisFlag::numDistinctApprox",4096,0.25,1.15498e+07
IDXMAX,double,"AnalysisFlag::numDistinctApprox",4096,0.25,1.15456e+07
IDXMAX,double,"AnalysisFlag::numDistinctApprox",4096,0.25,1.15968e+07
IDXMAX,double,"AnalysisFlag::numDistinctApprox",4096,0.25,1.15417e+07
IDXMAX,double,"AnalysisFlag::numDistinctApprox",4096,0.25,1.15662e+07
IDXMAX,double,"AnalysisFlag::numDistinctApprox",4096,0.25,1.15432e+07
IDXMAX,int64_t,"AnalysisFlag::numDistinctApprox",1024,0.25,537142
IDXMAX,int64_t,"AnalysisFlag::numDistinctApprox",1024,0.25,501009
IDXMAX,int64_t,"AnalysisFlag::numDistinctApprox",1024,0.25,499424
IDXMAX,int64_t,"AnalysisFlag::numDistinctApprox",1024,0.25,501900
IDXMAX,int64_t,"AnalysisFlag::numDistinctApprox",1024,0.25,499611
IDXMAX,int64_t,"AnalysisFlag::numDistinctApprox",1024,0.25,497821
IDXMAX,int64_t,"AnalysisFlag::numDistinctApprox",1024,0.25,502342
IDXMAX,int64_t,"AnalysisFlag::numDistinctApprox",1024,0.25,500972
IDXMAX,int64_t,"AnalysisFlag::numDistinctApprox",1024,0.25,501239
IDXMAX,int64_t,"AnalysisFlag::numDistinctApprox",1024,0.25,502206
IDXMAX,int64_t,"AnalysisFlag::numDistinctApprox",2048,0.25,2.20077e+06
IDXMAX,int64_t,"AnalysisFlag::numDistinctApprox",2048,0.25,2.36178e+06
IDXMAX,int64_t,"AnalysisFlag::numDistinctApprox",2048,0.25,2.32586e+06
IDXMAX,int64_t,"AnalysisFlag::numDistinctApprox",2048,0.25,2.20303e+06
IDXMAX,int64_t,"AnalysisFlag::numDistinctApprox",2048,0.25,2.33196e+06
IDXMAX,int64_t,"AnalysisFlag::numDistinctApprox",2048,0.25,2.32264e+06
IDXMAX,int64_t,"AnalysisFlag::numDistinctApprox",2048,0.25,2.32134e+06
IDXMAX,int64_t,"AnalysisFlag::numDistinctApprox",2048,0.25,2.16898e+06
IDXMAX,int64_t,"AnalysisFlag::numDistinctApprox",2048,0.25,2.22392e+06
IDXMAX,int64_t,"AnalysisFlag::numDistinctApprox",2048,0.25,2.23143e+06
IDXMAX,int64_t,"AnalysisFlag::numDistinctApprox",4096,0.25,9.42474e+06
IDXMAX,int64_t,"AnalysisFlag::numDistinctApprox",4096,0.25,9.42434e+06
IDXMAX,int64_t,"AnalysisFlag::numDistinctApprox",4096,0.25,9.46556e+06
IDXMAX,int64_t,"AnalysisFlag::numDistinctApprox",4096,0.25,9.44332e+06
IDXMAX,int64_t,"AnalysisFlag::numDistinctApprox",4096,0.25,9.45488e+06
IDXMAX,int64_t,"AnalysisFlag::numDistinctApprox",4096,0.25,9.41356e+06
IDXMAX,int64_t,"AnalysisFlag::numDistinctApprox",4096,0.25,9.43271e+06
IDXMAX,int64_t,"AnalysisFlag::numDistinctApprox",4096,0.25,9.44066e+06
IDXMAX,int64_t,"AnalysisFlag::numDistinctApprox",4096,0.25,9.51128e+06
IDXMAX,int64_t,"AnalysisFlag::numDistinctApprox",4096,0.25,9.43627e+06
IDXMAX,double,"AnalysisFlag::numDistinctApprox",1024,1,846705
IDXMAX,double,"AnalysisFlag::numDistinctApprox",1024,1,711383
IDXMAX,double,"AnalysisFlag::numDistinctApprox",1024,1,683449
IDXMAX,double,"AnalysisFlag::numDistinctApprox",1024,1,690804
IDXMAX,double,"AnalysisFlag::numDistinctApprox",1024,1,683167
IDXMAX,double,"AnalysisFlag::numDistinctApprox",1024,1,686932
IDXMAX,double,"AnalysisFlag::numDistinctApprox",1024,1,688096
IDXMAX,double,"AnalysisFlag::numDistinctApprox",1024,1,683417
IDXMAX,double,"AnalysisFlag::numDistinctApprox",1024,1,684264
IDXMAX,double,"AnalysisFlag::numDistinctApprox",1024,1,684345
IDXMAX,double,"AnalysisFlag::numDistinctApprox",2048,1,3.06253e+06
IDXMAX,double,"AnalysisFlag::numDistinctApprox",2048,1,2.97283e+06
IDXMAX,double,"AnalysisFlag::numDistinctApprox",2048,1,2.95219e+06
IDXMAX,double,"AnalysisFlag::numDistinctApprox",2048,1,2.92416e+06
IDXMAX,double,"AnalysisFlag::numDistinctApprox",2048,1,2.95244e+06
IDXMAX,double,"AnalysisFlag::numDistinctApprox",2048,1,2.96993e+06
IDXMAX,double,"AnalysisFlag::numDistinctApprox",2048,1,2.88728e+06
IDXMAX,double,"AnalysisFlag::numDistinctApprox",2048,1,2.90679e+06
IDXMAX,double,"AnalysisFlag::numDistinctApprox",2048,1,2.95552e+06
IDXMAX,double,"AnalysisFlag::numDistinctApprox",2048,1,2.9025e+06
IDXMAX,double,"AnalysisFlag::numDistinctApprox",4096,1,1.15996e+07
IDXMAX,double,"AnalysisFlag::numDistinctApprox",4096,1,1.16817e+07
IDXMAX,double,"AnalysisFlag::numDistinctApprox",4096,1,1.15827e+07
IDXMAX,double,"AnalysisFlag::numDistinctApprox",4096,1,1.1609e+07
IDXMAX,double,"AnalysisFlag::numDistinctApprox",4096,1,1.15987e+07
IDXMAX,double,"AnalysisFlag::numDistinctApprox",4096,1,1.15721e+07
IDXMAX,double,"AnalysisFlag::numDistinctApprox",4096,1,1.15735e+07
IDXMAX,double,"AnalysisFlag::numDistinctApprox",4096,1,1.15809e+07
IDXMAX,double,"AnalysisFlag::numDistinctApprox",4096,1,1.16158e+07
IDXMAX,double,"AnalysisFlag::numDistinctApprox",4096,1,1.16317e+07
IDXMAX,int64_t,"AnalysisFlag::numDistinctApprox",1024,1,662036
IDXMAX,int64_t,"AnalysisFlag::numDistinctApprox",1024,1,592272
IDXMAX,int64_t,"AnalysisFlag::numDistinctApprox",1024,1,492481
IDXMAX,int64_t,"AnalysisFlag::numDistinctApprox",1024,1,488354
IDXMAX,int64_t,"AnalysisFlag::numDistinctApprox",1024,1,487804
IDXMAX,int64_t,"AnalysisFlag::numDistinctApprox",1024,1,488923
IDXMAX,int64_t,"AnalysisFlag::numDistinctApprox",1024,1,491754
IDXMAX,int64_t,"AnalysisFlag::numDistinctApprox",1024,1,485544
IDXMAX,int64_t,"AnalysisFlag::numDistinctApprox",1024,1,492178
IDXMAX,int64_t,"AnalysisFlag::numDistinctApprox",1024,1,487406
IDXMAX,int64_t,"AnalysisFlag::numDistinctApprox",2048,1,2.31562e+06
IDXMAX,int64_t,"AnalysisFlag::numDistinctApprox",2048,1,2.28743e+06
IDXMAX,int64_t,"AnalysisFlag::numDistinctApprox",2048,1,2.39945e+06
IDXMAX,int64_t,"AnalysisFlag::numDistinctApprox",2048,1,2.15846e+06
IDXMAX,int64_t,"AnalysisFlag::numDistinctApprox",2048,1,2.37624e+06
IDXMAX,int64_t,"AnalysisFlag::numDistinctApprox",2048,1,2.37141e+06
IDXMAX,int64_t,"AnalysisFlag::numDistinctApprox",2048,1,2.34879e+06
IDXMAX,int64_t,"AnalysisFlag::numDistinctApprox",2048,1,2.37197e+06
IDXMAX,int64_t,"AnalysisFlag::numDistinctApprox",2048,1,2.13691e+06
IDXMAX,int64_t,"AnalysisFlag::numDistinctApprox",2048,1,2.34842e+06
IDXMAX,int64_t,"AnalysisFlag::numDistinctApprox",4096,1,9.43684e+06
IDXMAX,int64_t,"AnalysisFlag::numDistinctApprox",4096,1,9.38356e+06
IDXMAX,int64_t,"AnalysisFlag::numDistinctApprox",4096,1,9.4068e+06
IDXMAX,int64_t,"AnalysisFlag::numDistinctApprox",4096,1,9.40437e+06
IDXMAX,int64_t,"AnalysisFlag::numDistinctApprox",4096,1,9.41558e+06
IDXMAX,int64_t,"AnalysisFlag::numDistinctApprox",4096,1,9.44343e+06
IDXMAX,int64_t,"AnalysisFlag::numDistinctApprox",4096,1,9.40334e+06
IDXMAX,int64_t,"AnalysisFlag::numDistinctApprox",4096,1,9.39695e+06
IDXMAX,int64_t,"AnalysisFlag::numDistinctApprox",4096,1,9.40007e+06
IDXMAX,int64_t,"AnalysisFlag::numDistinctApprox",4096,1,9.45856e+06
SUM,double,"AnalysisFlag::sparsity",1024,0.001,4938
SUM,double,"AnalysisFlag::sparsity",1024,0.001,2206
SUM,double,"AnalysisFlag::sparsity",1024,0.001,2416
SUM,double,"AnalysisFlag::sparsity",1024,0.001,2414
SUM,double,"AnalysisFlag::sparsity",1024,0.001,2480
SUM,double,"AnalysisFlag::sparsity",1024,0.001,2468
SUM,double,"AnalysisFlag::sparsity",1024,0.001,2389
SUM,double,"AnalysisFlag::sparsity",1024,0.001,2384
SUM,double,"AnalysisFlag::sparsity",1024,0.001,2355
SUM,double,"AnalysisFlag::sparsity",1024,0.001,2356
SUM,double,"AnalysisFlag::sparsity",2048,0.001,8040
SUM,double,"AnalysisFlag::sparsity",2048,0.001,8196
SUM,double,"AnalysisFlag::sparsity",2048,0.001,8049
SUM,double,"AnalysisFlag::sparsity",2048,0.001,8022
SUM,double,"AnalysisFlag::sparsity",2048,0.001,8073
SUM,double,"AnalysisFlag::sparsity",2048,0.001,8161
SUM,double,"AnalysisFlag::sparsity",2048,0.001,8156
SUM,double,"AnalysisFlag::sparsity",2048,0.001,8082
SUM,double,"AnalysisFlag::sparsity",2048,0.001,6760
SUM,double,"AnalysisFlag::sparsity",2048,0.001,8088
SUM,double,"AnalysisFlag::sparsity",4096,0.001,28614
SUM,double,"AnalysisFlag::sparsity",4096,0.001,28539
SUM,double,"AnalysisFlag::sparsity",4096,0.001,28626
SUM,double,"AnalysisFlag::sparsity",4096,0.001,28581
SUM,double,"AnalysisFlag::sparsity",4096,0.001,28736
SUM,double,"AnalysisFlag::sparsity",4096,0.001,27688
SUM,double,"AnalysisFlag::sparsity",4096,0.001,28681
SUM,double,"AnalysisFlag::sparsity",4096,0.001,27793
SUM,double,"AnalysisFlag::sparsity",4096,0.001,27802
SUM,double,"AnalysisFlag::sparsity",4096,0.001,27664
SUM,int64_t,"AnalysisFlag::sparsity",1024,0.001,3526
SUM,int64_t,"AnalysisFlag::sparsity",1024,0.001,1973
SUM,int64_t,"AnalysisFlag::sparsity",1024,0.001,1937
SUM,int64_t,"AnalysisFlag::sparsity",1024,0.001,1994
SUM,int64_t,"AnalysisFlag::sparsity",1024,0.001,1926
SUM,int64_t,"AnalysisFlag::sparsity",1024,0.001,1958
SUM,int64_t,"AnalysisFlag::sparsity",1024,0.001,1964
SUM,int64_t,"AnalysisFlag::sparsity",1024,0.001,1958
SUM,int64_t,"AnalysisFlag::sparsity",1024,0.001,1923
SUM,int64_t,"AnalysisFlag::sparsity",1024,0.001,1952
SUM,int64_t,"AnalysisFlag::sparsity",2048,0.001,6320
SUM,int64_t,"AnalysisFlag::sparsity",2048,0.001,6287
SUM,int64_t,"AnalysisFlag::sparsity",2048,0.001,6374
SUM,int64_t,"AnalysisFlag::sparsity",2048,0.001,6283
SUM,int64_t,"AnalysisFlag::sparsity",2048,0.001,6459
SUM,int64_t,"AnalysisFlag::sparsity",2048,0.001,6367
SUM,int64_t,"AnalysisFlag::sparsity",2048,0.001,6402
SUM,int64_t,"AnalysisFlag::sparsity",2048,0.001,6348
SUM,int64_t,"AnalysisFlag::sparsity",2048,0.001,6304
SUM,int64_t,"AnalysisFlag::sparsity",2048,0.001,6504
SUM,int64_t,"AnalysisFlag::sparsity",4096,0.001,22680
SUM,int64_t,"AnalysisFlag::sparsity",4096,0.001,22625
SUM,int64_t,"AnalysisFlag::sparsity",4096,0.001,22668
SUM,int64_t,"AnalysisFlag::sparsity",4096,0.001,22725
SUM,int64_t,"AnalysisFlag::sparsity",4096,0.001,22668
SUM,int64_t,"AnalysisFlag::sparsity",4096,0.001,22754
SUM,int64_t,"AnalysisFlag::sparsity",4096,0.001,22678
SUM,int64_t,"AnalysisFlag::sparsity",4096,0.001,22770
SUM,int64_t,"AnalysisFlag::sparsity",4096,0.001,22818
SUM,int64_t,"AnalysisFlag::sparsity",4096,0.001,22665
SUM,double,"AnalysisFlag::sparsity",1024,0.01,17520
SUM,double,"AnalysisFlag::sparsity",1024,0.01,17051
SUM,double,"AnalysisFlag::sparsity",1024,0.01,17029
SUM,double,"AnalysisFlag::sparsity",1024,0.01,17032
SUM,double,"AnalysisFlag::sparsity",1024,0.01,16973
SUM,double,"AnalysisFlag::sparsity",1024,0.01,16973
SUM,double,"AnalysisFlag::sparsity",1024,0.01,16895
SUM,double,"AnalysisFlag::sparsity",1024,0.01,16907
SUM,double,"AnalysisFlag::sparsity",1024,0.01,17038
SUM,double,"AnalysisFlag::sparsity",1024,0.01,17007
SUM,double,"AnalysisFlag::sparsity",2048,0.01,53343
SUM,double,"AnalysisFlag::sparsity",2048,0.01,53359
SUM,double,"AnalysisFlag::sparsity",2048,0.01,65784
SUM,double,"AnalysisFlag::sparsity",2048,0.01,65643
SUM,double,"AnalysisFlag::sparsity",2048,0.01,63693
SUM,double,"AnalysisFlag::sparsity",2048,0.01,52964
SUM,double,"AnalysisFlag::sparsity",2048,0.01,66045
SUM,double,"AnalysisFlag::sparsity",2048,0.01,58878
SUM,double,"AnalysisFlag::sparsity",2048,0.01,65678
SUM,double,"AnalysisFlag::sparsity",2048,0.01,53526
SUM,double,"AnalysisFlag::sparsity",4096,0.01,261491
SUM,double,"AnalysisFlag::sparsity",4096,0.01,259736
SUM,double,"AnalysisFlag::sparsity",4096,0.01,259330
SUM,double,"AnalysisFlag::sparsity",4096,0.01,259770
SUM,double,"AnalysisFlag::sparsity",4096,0.01,261201
SUM,double,"AnalysisFlag::sparsity",4096,0.01,259771
SUM,double,"AnalysisFlag::sparsity",4096,0.01,259733
SUM,double,"AnalysisFlag::sparsity",4096,0.01,259546
SUM,double,"AnalysisFlag::sparsity",4096,0.01,259613
SUM,double,"AnalysisFlag::sparsity",4096,0.01,261374
SUM,int64_t,"AnalysisFlag::sparsity",1024,0.01,14283
SUM,int64_t,"AnalysisFlag::sparsity",1024,0.01,13930
SUM,int64_t,"AnalysisFlag::sparsity",1024,0.01,13939
SUM,int64_t,"AnalysisFlag::sparsity",1024,0.01,13930
SUM,int64_t,"AnalysisFlag::sparsity",1024,0.01,13919
SUM,int64_t,"AnalysisFlag::sparsity",1024,0.01,14021
SUM,int64_t,"AnalysisFlag::sparsity",1024,0.01,14143
SUM,int64_t,"AnalysisFlag::sparsity",1024,0.01,13719
SUM,int64_t,"AnalysisFlag::sparsity",1024,0.01,13727
SUM,int64_t,"AnalysisFlag::sparsity",1024,0.01,13813
SUM,int64_t,"AnalysisFlag::sparsity",2048,0.01,53488
SUM,int64_t,"AnalysisFlag::sparsity",2048,0.01,53371
SUM,int64_t,"AnalysisFlag::sparsity",2048,0.01,53456
SUM,int64_t,"AnalysisFlag::sparsity",2048,0.01,53113
SUM,int64_t,"AnalysisFlag::sparsity",2048,0.01,53056
SUM,int64_t,"AnalysisFlag::sparsity",2048,0.01,52870
SUM,int64_t,"AnalysisFlag::sparsity",2048,0.01,53542
SUM,int64_t,"AnalysisFlag::sparsity",2048,0.01,53409
SUM,int64_t,"AnalysisFlag::sparsity",2048,0.01,53281
SUM,int64_t,"AnalysisFlag::sparsity",2048,0.01,53023
SUM,int64_t,"AnalysisFlag::sparsity",4096,0.01,209256
SUM,int64_t,"AnalysisFlag::sparsity",4096,0.01,209498
SUM,int64_t,"AnalysisFlag::sparsity",4096,0.01,211141
SUM,int64_t,"AnalysisFlag::sparsity",4096,0.01,209263
SUM,int64_t,"AnalysisFlag::sparsity",4096,0.01,209219
SUM,int64_t,"AnalysisFlag::sparsity",4096,0.01,214736
SUM,int64_t,"AnalysisFlag::sparsity",4096,0.01,209159
SUM,int64_t,"AnalysisFlag::sparsity",4096,0.01,209423
SUM,int64_t,"AnalysisFlag::sparsity",4096,0.01,209273
SUM,int64_t,"AnalysisFlag::sparsity",4096,0.01,209027
SUM,double,"AnalysisFlag::sparsity",1024,0.05,82399
SUM,double,"AnalysisFlag::sparsity",1024,0.05,82100
SUM,double,"AnalysisFlag::sparsity",1024,0.05,83599
SUM,double,"AnalysisFlag::sparsity",1024,0.05,66538
SUM,double,"AnalysisFlag::sparsity",1024,0.05,82096
SUM,double,"AnalysisFlag::sparsity",1024,0.05,81994
SUM,double,"AnalysisFlag::sparsity",1024,0.05,82168
SUM,double,"AnalysisFlag::sparsity",1024,0.05,82315
SUM,double,"AnalysisFlag::sparsity",1024,0.05,81591
SUM,double,"AnalysisFlag::sparsity",1024,0.05,81664
SUM,double,"AnalysisFlag::sparsity",2048,0.05,260337
SUM,double,"AnalysisFlag::sparsity",2048,0.05,260164
SUM,double,"AnalysisFlag::sparsity",2048,0.05,260561
SUM,double,"AnalysisFlag::sparsity",2048,0.05,325407
SUM,double,"AnalysisFlag::sparsity",2048,0.05,323782
SUM,double,"AnalysisFlag::sparsity",2048,0.05,260008
SUM,double,"AnalysisFlag::sparsity",2048,0.05,323263
SUM,double,"AnalysisFlag::sparsity",2048,0.05,260442
SUM,double,"AnalysisFlag::sparsity",2048,0.05,261234
SUM,double,"AnalysisFlag::sparsity",2048,0.05,323300
SUM,double,"AnalysisFlag::sparsity",4096,0.05,1.30056e+06
SUM,double,"AnalysisFlag::sparsity",4096,0.05,1.28848e+06
SUM,double,"AnalysisFlag::sparsity",4096,0.05,1.28957e+06
SUM,double,"AnalysisFlag::sparsity",4096,0.05,1.28798e+06
SUM,double,"AnalysisFlag::sparsity",4096,0.05,1.28968e+06
SUM,double,"AnalysisFlag::sparsity",4096,0.05,1.28817e+06
SUM,double,"AnalysisFlag::sparsity",4096,0.05,1.28782e+06
SUM,double,"AnalysisFlag::sparsity",4096,0.05,1.28936e+06
SUM,double,"AnalysisFlag::sparsity",4096,0.05,1.29084e+06
SUM,double,"AnalysisFlag::sparsity",4096,0.05,1.29594e+06
SUM,int64_t,"AnalysisFlag::sparsity",1024,0.05,67629
SUM,int64_t,"AnalysisFlag::sparsity",1024,0.05,66642
SUM,int64_t,"AnalysisFlag::sparsity",1024,0.05,66294
SUM,int64_t,"AnalysisFlag::sparsity",1024,0.05,66293
SUM,int64_t,"AnalysisFlag::sparsity",1024,0.05,66277
SUM,int64_t,"AnalysisFlag::sparsity",1024,0.05,66830
SUM,int64_t,"AnalysisFlag::sparsity",1024,0.05,65945
SUM,int64_t,"AnalysisFlag::sparsity",1024,0.05,66366
SUM,int64_t,"AnalysisFlag::sparsity",1024,0.05,66002
SUM,int64_t,"AnalysisFlag::sparsity",1024,0.05,65907
SUM,int64_t,"AnalysisFlag::sparsity",2048,0.05,259810
SUM,int64_t,"AnalysisFlag::sparsity",2048,0.05,259967
SUM,int64_t,"AnalysisFlag::sparsity",2048,0.05,260226
SUM,int64_t,"AnalysisFlag::sparsity",2048,0.05,260028
SUM,int64_t,"AnalysisFlag::sparsity",2048,0.05,262499
SUM,int64_t,"AnalysisFlag::sparsity",2048,0.05,260131
SUM,int64_t,"AnalysisFlag::sparsity",2048,0.05,260412
SUM,int64_t,"AnalysisFlag::sparsity",2048,0.05,260293
SUM,int64_t,"AnalysisFlag::sparsity",2048,0.05,262462
SUM,int64_t,"AnalysisFlag::sparsity",2048,0.05,260310
SUM,int64_t,"AnalysisFlag::sparsity",4096,0.05,976228
SUM,int64_t,"AnalysisFlag::sparsity",4096,0.05,979000
SUM,int64_t,"AnalysisFlag::sparsity",4096,0.05,975326
SUM,int64_t,"AnalysisFlag::sparsity",4096,0.05,974319
SUM,int64_t,"AnalysisFlag::sparsity",4096,0.05,1.03953e+06
SUM,int64_t,"AnalysisFlag::sparsity",4096,0.05,973969
SUM,int64_t,"AnalysisFlag::sparsity",4096,0.05,975278
SUM,int64_t,"AnalysisFlag::sparsity",4096,0.05,972992
SUM,int64_t,"AnalysisFlag::sparsity",4096,0.05,972883
SUM,int64_t,"AnalysisFlag::sparsity",4096,0.05,974274
SUM,double,"AnalysisFlag::sparsity",1024,0.1,163991
SUM,double,"AnalysisFlag::sparsity",1024,0.1,163403
SUM,double,"AnalysisFlag::sparsity",1024,0.1,162568
SUM,double,"AnalysisFlag::sparsity",1024,0.1,163041
SUM,double,"AnalysisFlag::sparsity",1024,0.1,131499
SUM,double,"AnalysisFlag::sparsity",1024,0.1,164389
SUM,double,"AnalysisFlag::sparsity",1024,0.1,162415
SUM,double,"AnalysisFlag::sparsity",1024,0.1,162936
SUM,double,"AnalysisFlag::sparsity",1024,0.1,162820
SUM,double,"AnalysisFlag::sparsity",1024,0.1,162863
SUM,double,"AnalysisFlag::sparsity",2048,0.1,646541
SUM,double,"AnalysisFlag::sparsity",2048,0.1,644585
SUM,double,"AnalysisFlag::sparsity",2048,0.1,644200
SUM,double,"AnalysisFlag::sparsity",2048,0.1,645978
SUM,double,"AnalysisFlag::sparsity",2048,0.1,644156
SUM,double,"AnalysisFlag::sparsity",2048,0.1,646834
SUM,double,"AnalysisFlag::sparsity",2048,0.1,644016
SUM,double,"AnalysisFlag::sparsity",2048,0.1,645543
SUM,double,"AnalysisFlag::sparsity",2048,0.1,645643
SUM,double,"AnalysisFlag::sparsity",2048,0.1,646233
SUM,double,"AnalysisFlag::sparsity",4096,0.1,2.59076e+06
SUM,double,"AnalysisFlag::sparsity",4096,0.1,2.59535e+06
SUM,double,"AnalysisFlag::sparsity",4096,0.1,2.59039e+06
SUM,double,"AnalysisFlag::sparsity",4096,0.1,2.5944e+06
SUM,double,"AnalysisFlag::sparsity",4096,0.1,2.59136e+06
SUM,double,"AnalysisFlag::sparsity",4096,0.1,2.5904e+06
SUM,double,"AnalysisFlag::sparsity",4096,0.1,2.59252e+06
SUM,double,"AnalysisFlag::sparsity",4096,0.1,2.59132e+06
SUM,double,"AnalysisFlag::sparsity",4096,0.1,2.59616e+06
SUM,double,"AnalysisFlag::sparsity",4096,0.1,2.59234e+06
SUM,int64_t,"AnalysisFlag::sparsity",1024,0.1,133511
SUM,int64_t,"AnalysisFlag::sparsity",1024,0.1,131646
SUM,int64_t,"AnalysisFlag::sparsity",1024,0.1,131050
SUM,int64_t,"AnalysisFlag::sparsity",1024,0.1,131611
SUM,int64_t,"AnalysisFlag::sparsity",1024,0.1,131412
SUM,int64_t,"AnalysisFlag::sparsity",1024,0.1,131684
SUM,int64_t,"AnalysisFlag::sparsity",1024,0.1,135914
SUM,int64_t,"AnalysisFlag::sparsity",1024,0.1,132805
SUM,int64_t,"AnalysisFlag::sparsity",1024,0.1,131408
SUM,int64_t,"AnalysisFlag::sparsity",1024,0.1,131249
SUM,int64_t,"AnalysisFlag::sparsity",2048,0.1,521712
SUM,int64_t,"AnalysisFlag::sparsity",2048,0.1,520241
SUM,int64_t,"AnalysisFlag::sparsity",2048,0.1,517851
SUM,int64_t,"AnalysisFlag::sparsity",2048,0.1,517622
SUM,int64_t,"AnalysisFlag::sparsity",2048,0.1,520508
SUM,int64_t,"AnalysisFlag::sparsity",2048,0.1,520550
SUM,int64_t,"AnalysisFlag::sparsity",2048,0.1,517830
SUM,int64_t,"AnalysisFlag::sparsity",2048,0.1,519502
SUM,int64_t,"AnalysisFlag::sparsity",2048,0.1,520113
SUM,int64_t,"AnalysisFlag::sparsity",2048,0.1,518128
SUM,int64_t,"AnalysisFlag::sparsity",4096,0.1,1.88207e+06
SUM,int64_t,"AnalysisFlag::sparsity",4096,0.1,1.87965e+06
SUM,int64_t,"AnalysisFlag::sparsity",4096,0.1,1.88154e+06
SUM,int64_t,"AnalysisFlag::sparsity",4096,0.1,1.92757e+06
SUM,int64_t,"AnalysisFlag::sparsity",4096,0.1,1.88531e+06
SUM,int64_t,"AnalysisFlag::sparsity",4096,0.1,1.8748e+06
SUM,int64_t,"AnalysisFlag::sparsity",4096,0.1,1.87754e+06
SUM,int64_t,"AnalysisFlag::sparsity",4096,0.1,1.88004e+06
SUM,int64_t,"AnalysisFlag::sparsity",4096,0.1,1.87937e+06
SUM,int64_t,"AnalysisFlag::sparsity",4096,0.1,1.87968e+06
SUM,double,"AnalysisFlag::sparsity",1024,0.2,327892
SUM,double,"AnalysisFlag::sparsity",1024,0.2,326059
SUM,double,"AnalysisFlag::sparsity",1024,0.2,323636
SUM,double,"AnalysisFlag::sparsity",1024,0.2,324073
SUM,double,"AnalysisFlag::sparsity",1024,0.2,325509
SUM,double,"AnalysisFlag::sparsity",1024,0.2,324221
SUM,double,"AnalysisFlag::sparsity",1024,0.2,323968
SUM,double,"AnalysisFlag::sparsity",1024,0.2,324061
SUM,double,"AnalysisFlag::sparsity",1024,0.2,325349
SUM,double,"AnalysisFlag::sparsity",1024,0.2,261325
SUM,double,"AnalysisFlag::sparsity",2048,0.2,1.29614e+06
SUM,double,"AnalysisFlag::sparsity",2048,0.2,1.28815e+06
SUM,double,"AnalysisFlag::sparsity",2048,0.2,1.28776e+06
SUM,double,"AnalysisFlag::sparsity",2048,0.2,1.28958e+06
SUM,double,"AnalysisFlag::sparsity",2048,0.2,1.28804e+06
SUM,double,"AnalysisFlag::sparsity",2048,0.2,1.29115e+06
SUM,double,"AnalysisFlag::sparsity",2048,0.2,1.28812e+06
SUM,double,"AnalysisFlag::sparsity",2048,0.2,1.29582e+06
SUM,double,"AnalysisFlag::sparsity",2048,0.2,1.25486e+06
SUM,double,"AnalysisFlag::sparsity",2048,0.2,1.28853e+06
SUM,double,"AnalysisFlag::sparsity",4096,0.2,5.21771e+06
SUM,double,"AnalysisFlag::sparsity",4096,0.2,5.18574e+06
SUM,double,"AnalysisFlag::sparsity",4096,0.2,5.17082e+06
SUM,double,"AnalysisFlag::sparsity",4096,0.2,5.21673e+06
SUM,double,"AnalysisFlag::sparsity",4096,0.2,5.20234e+06
SUM,double,"AnalysisFlag::sparsity",4096,0.2,5.21898e+06
SUM,double,"AnalysisFlag::sparsity",4096,0.2,5.22037e+06
SUM,double,"AnalysisFlag::sparsity",4096,0.2,5.22174e+06
SUM,double,"AnalysisFlag::sparsity",4096,0.2,5.22333e+06
SUM,double,"AnalysisFlag::sparsity",4096,0.2,5.21542e+06
SUM,int64_t,"AnalysisFlag::sparsity",1024,0.2,266254
SUM,int64_t,"AnalysisFlag::sparsity",1024,0.2,261407
SUM,int64_t,"AnalysisFlag::sparsity",1024,0.2,262855
SUM,int64_t,"AnalysisFlag::sparsity",1024,0.2,260623
SUM,int64_t,"AnalysisFlag::sparsity",1024,0.2,263150
SUM,int64_t,"AnalysisFlag::sparsity",1024,0.2,260837
SUM,int64_t,"AnalysisFlag::sparsity",1024,0.2,261109
SUM,int64_t,"AnalysisFlag::sparsity",1024,0.2,260948
SUM,int64_t,"AnalysisFlag::sparsity",1024,0.2,262563
SUM,int64_t,"AnalysisFlag::sparsity",1024,0.2,262572
SUM,int64_t,"AnalysisFlag::sparsity",2048,0.2,994551
SUM,int64_t,"AnalysisFlag::sparsity",2048,0.2,975891
SUM,int64_t,"AnalysisFlag::sparsity",2048,0.2,974225
SUM,int64_t,"AnalysisFlag::sparsity",2048,0.2,974969
SUM,int64_t,"AnalysisFlag::sparsity",2048,0.2,974029
SUM,int64_t,"AnalysisFlag::sparsity",2048,0.2,975482
SUM,int64_t,"AnalysisFlag::sparsity",2048,0.2,973266
SUM,int64_t,"AnalysisFlag::sparsity",2048,0.2,974453
SUM,int64_t,"AnalysisFlag::sparsity",2048,0.2,974231
SUM,int64_t,"AnalysisFlag::sparsity",2048,0.2,974151
SUM,int64_t,"AnalysisFlag::sparsity",4096,0.2,3.74216e+06
SUM,int64_t,"AnalysisFlag::sparsity",4096,0.2,3.74382e+06
SUM,int64_t,"AnalysisFlag::sparsity",4096,0.2,3.7432e+06
SUM,int64_t,"AnalysisFlag::sparsity",4096,0.2,3.72982e+06
SUM,int64_t,"AnalysisFlag::sparsity",4096,0.2,3.72914e+06
SUM,int64_t,"AnalysisFlag::sparsity",4096,0.2,3.72994e+06
SUM,int64_t,"AnalysisFlag::sparsity",4096,0.2,3.7356e+06
SUM,int64_t,"AnalysisFlag::sparsity",4096,0.2,3.73109e+06
SUM,int64_t,"AnalysisFlag::sparsity",4096,0.2,3.713e+06
SUM,int64_t,"AnalysisFlag::sparsity",4096,0.2,3.73568e+06
SUM,double,"AnalysisFlag::sparsity",1024,0.25,1.60779e+06
SUM,double,"AnalysisFlag::sparsity",1024,0.25,1.60261e+06
SUM,double,"AnalysisFlag::sparsity",1024,0.25,1.60081e+06
SUM,double,"AnalysisFlag::sparsity",1024,0.25,1.60059e+06
SUM,double,"AnalysisFlag::sparsity",1024,0.25,1.60329e+06
SUM,double,"AnalysisFlag::sparsity",1024,0.25,1.6006e+06
SUM,double,"AnalysisFlag::sparsity",1024,0.25,1.60233e+06
SUM,double,"AnalysisFlag::sparsity",1024,0.25,1.60222e+06
SUM,double,"AnalysisFlag::sparsity",1024,0.25,1.60053e+06
SUM,double,"AnalysisFlag::sparsity",1024,0.25,1.60226e+06
SUM,double,"AnalysisFlag::sparsity",2048,0.25,6.47306e+06
SUM,double,"AnalysisFlag::sparsity",2048,0.25,6.47018e+06
SUM,double,"AnalysisFlag::sparsity",2048,0.25,6.49367e+06
SUM,double,"AnalysisFlag::sparsity",2048,0.25,6.48872e+06
SUM,double,"AnalysisFlag::sparsity",2048,0.25,6.48459e+06
SUM,double,"AnalysisFlag::sparsity",2048,0.25,6.47842e+06
SUM,double,"AnalysisFlag::sparsity",2048,0.25,6.48418e+06
SUM,double,"AnalysisFlag::sparsity",2048,0.25,6.48821e+06
SUM,double,"AnalysisFlag::sparsity",2048,0.25,6.48448e+06
SUM,double,"AnalysisFlag::sparsity",2048,0.25,6.48468e+06
SUM,double,"AnalysisFlag::sparsity",4096,0.25,2.59599e+07
SUM,double,"AnalysisFlag::sparsity",4096,0.25,2.59636e+07
SUM,double,"AnalysisFlag::sparsity",4096,0.25,2.59586e+07
SUM,double,"AnalysisFlag::sparsity",4096,0.25,2.59567e+07
SUM,double,"AnalysisFlag::sparsity",4096,0.25,2.59494e+07
SUM,double,"AnalysisFlag::sparsity",4096,0.25,2.59646e+07
SUM,double,"AnalysisFlag::sparsity",4096,0.25,2.59602e+07
SUM,double,"AnalysisFlag::sparsity",4096,0.25,2.59492e+07
SUM,double,"AnalysisFlag::sparsity",4096,0.25,2.59561e+07
SUM,double,"AnalysisFlag::sparsity",4096,0.25,2.59589e+07
SUM,int64_t,"AnalysisFlag::sparsity",1024,0.25,1.18538e+06
SUM,int64_t,"AnalysisFlag::sparsity",1024,0.25,1.1801e+06
SUM,int64_t,"AnalysisFlag::sparsity",1024,0.25,1.17987e+06
SUM,int64_t,"AnalysisFlag::sparsity",1024,0.25,1.17977e+06
SUM,int64_t,"AnalysisFlag::sparsity",1024,0.25,1.17944e+06
SUM,int64_t,"AnalysisFlag::sparsity",1024,0.25,1.17946e+06
SUM,int64_t,"AnalysisFlag::sparsity",1024,0.25,1.17962e+06
SUM,int64_t,"AnalysisFlag::sparsity",1024,0.25,1.18123e+06
SUM,int64_t,"AnalysisFlag::sparsity",1024,0.25,1.18124e+06
SUM,int64_t,"AnalysisFlag::sparsity",1024,0.25,1.181e+06
SUM,int64_t,"AnalysisFlag::sparsity",2048,0.25,4.4608e+06
SUM,int64_t,"AnalysisFlag::sparsity",2048,0.25,4.49462e+06
SUM,int64_t,"AnalysisFlag::sparsity",2048,0.25,4.45659e+06
SUM,int64_t,"AnalysisFlag::sparsity",2048,0.25,4.44927e+06
SUM,int64_t,"AnalysisFlag::sparsity",2048,0.25,4.56867e+06
SUM,int64_t,"AnalysisFlag::sparsity",2048,0.25,4.45069e+06
SUM,int64_t,"AnalysisFlag::sparsity",2048,0.25,4.56704e+06
SUM,int64_t,"AnalysisFlag::sparsity",2048,0.25,4.45298e+06
SUM,int64_t,"AnalysisFlag::sparsity",2048,0.25,4.56636e+06
SUM,int64_t,"AnalysisFlag::sparsity",2048,0.25,4.45412e+06
SUM,int64_t,"AnalysisFlag::sparsity",4096,0.25,1.75585e+07
SUM,int64_t,"AnalysisFlag::sparsity",4096,0.25,1.75605e+07
SUM,int64_t,"AnalysisFlag::sparsity",4096,0.25,1.75787e+07
SUM,int64_t,"AnalysisFlag::sparsity",4096,0.25,1.75688e+07
SUM,int64_t,"AnalysisFlag::sparsity",4096,0.25,1.75596e+07
SUM,int64_t,"AnalysisFlag::sparsity",4096,0.25,1.75639e+07
SUM,int64_t,"AnalysisFlag::sparsity",4096,0.25,1.7682e+07
SUM,int64_t,"AnalysisFlag::sparsity",4096,0.25,1.75759e+07
SUM,int64_t,"AnalysisFlag::sparsity",4096,0.25,1.75628e+07
SUM,int64_t,"AnalysisFlag::sparsity",4096,0.25,1.75585e+07
SUM,double,"AnalysisFlag::sparsity",1024,1,1.70185e+06
SUM,double,"AnalysisFlag::sparsity",1024,1,1.60611e+06
SUM,double,"AnalysisFlag::sparsity",1024,1,1.60342e+06
SUM,double,"AnalysisFlag::sparsity",1024,1,1.60606e+06
SUM,double,"AnalysisFlag::sparsity",1024,1,1.60331e+06
SUM,double,"AnalysisFlag::sparsity",1024,1,1.60519e+06
SUM,double,"AnalysisFlag::sparsity",1024,1,1.6034e+06
SUM,double,"AnalysisFlag::sparsity",1024,1,1.60519e+06
SUM,double,"AnalysisFlag::sparsity",1024,1,1.60314e+06
SUM,double,"AnalysisFlag::sparsity",1024,1,1.60524e+06
SUM,double,"AnalysisFlag::sparsity",2048,1,6.4943e+06
SUM,double,"AnalysisFlag::sparsity",2048,1,6.48834e+06
SUM,double,"AnalysisFlag::sparsity",2048,1,6.49079e+06
SUM,double,"AnalysisFlag::sparsity",2048,1,6.4802e+06
SUM,double,"AnalysisFlag::sparsity",2048,1,6.49017e+06
SUM,double,"AnalysisFlag::sparsity",2048,1,6.48397e+06
SUM,double,"AnalysisFlag::sparsity",2048,1,6.49667e+06
SUM,double,"AnalysisFlag::sparsity",2048,1,6.48808e+06
SUM,double,"AnalysisFlag::sparsity",2048,1,6.48205e+06
SUM,double,"AnalysisFlag::sparsity",2048,1,6.47683e+06
SUM,double,"AnalysisFlag::sparsity",4096,1,2.60685e+07
SUM,double,"AnalysisFlag::sparsity",4096,1,2.59554e+07
SUM,double,"AnalysisFlag::sparsity",4096,1,2.59883e+07
SUM,double,"AnalysisFlag::sparsity",4096,1,2.59476e+07
SUM,double,"AnalysisFlag::sparsity",4096,1,2.59487e+07
SUM,double,"AnalysisFlag::sparsity",4096,1,2.5945e+07
SUM,double,"AnalysisFlag::sparsity",4096,1,2.59355e+07
SUM,double,"AnalysisFlag::sparsity",4096,1,2.59479e+07
SUM,double,"AnalysisFlag::sparsity",4096,1,2.59598e+07
SUM,double,"AnalysisFlag::sparsity",4096,1,2.59598e+07
SUM,int64_t,"AnalysisFlag::sparsity",1024,1,1.22736e+06
SUM,int64_t,"AnalysisFlag::sparsity",1024,1,1.31263e+06
SUM,int64_t,"AnalysisFlag::sparsity",1024,1,1.2891e+06
SUM,int64_t,"AnalysisFlag::sparsity",1024,1,1.28882e+06
SUM,int64_t,"AnalysisFlag::sparsity",1024,1,1.24383e+06
SUM,int64_t,"AnalysisFlag::sparsity",1024,1,1.28342e+06
SUM,int64_t,"AnalysisFlag::sparsity",1024,1,1.25689e+06
SUM,int64_t,"AnalysisFlag::sparsity",1024,1,1.28038e+06
SUM,int64_t,"AnalysisFlag::sparsity",1024,1,1.29093e+06
SUM,int64_t,"AnalysisFlag::sparsity",1024,1,1.25292e+06
SUM,int64_t,"AnalysisFlag::sparsity",2048,1,5.18896e+06
SUM,int64_t,"AnalysisFlag::sparsity",2048,1,5.18632e+06
SUM,int64_t,"AnalysisFlag::sparsity",2048,1,5.18435e+06
SUM,int64_t,"AnalysisFlag::sparsity",2048,1,5.18082e+06
SUM,int64_t,"AnalysisFlag::sparsity",2048,1,5.1808e+06
SUM,int64_t,"AnalysisFlag::sparsity",2048,1,5.17734e+06
SUM,int64_t,"AnalysisFlag::sparsity",2048,1,5.18091e+06
SUM,int64_t,"AnalysisFlag::sparsity",2048,1,5.18034e+06
SUM,int64_t,"AnalysisFlag::sparsity",2048,1,5.17941e+06
SUM,int64_t,"AnalysisFlag::sparsity",2048,1,5.18287e+06
SUM,int64_t,"AnalysisFlag::sparsity",4096,1,2.04558e+07
SUM,int64_t,"AnalysisFlag::sparsity",4096,1,2.05721e+07
SUM,int64_t,"AnalysisFlag::sparsity",4096,1,2.06959e+07
SUM,int64_t,"AnalysisFlag::sparsity",4096,1,2.07129e+07
SUM,int64_t,"AnalysisFlag::sparsity",4096,1,2.06973e+07
SUM,int64_t,"AnalysisFlag::sparsity",4096,1,2.047e+07
SUM,int64_t,"AnalysisFlag::sparsity",4096,1,2.01427e+07
SUM,int64_t,"AnalysisFlag::sparsity",4096,1,1.96034e+07
SUM,int64_t,"AnalysisFlag::sparsity",4096,1,2.05148e+07
SUM,int64_t,"AnalysisFlag::sparsity",4096,1,2.066e+07
MEAN,double,"AnalysisFlag::sparsity",1024,0.001,7319
MEAN,double,"AnalysisFlag::sparsity",1024,0.001,4246
MEAN,double,"AnalysisFlag::sparsity",1024,0.001,4542
MEAN,double,"AnalysisFlag::sparsity",1024,0.001,4625
MEAN,double,"AnalysisFlag::sparsity",1024,0.001,4729
MEAN,double,"AnalysisFlag::sparsity",1024,0.001,4663
MEAN,double,"AnalysisFlag::sparsity",1024,0.001,4781
MEAN,double,"AnalysisFlag::sparsity",1024,0.001,4735
MEAN,double,"AnalysisFlag::sparsity",1024,0.001,4672
MEAN,double,"AnalysisFlag::sparsity",1024,0.001,4616
MEAN,double,"AnalysisFlag::sparsity",2048,0.001,13171
MEAN,double,"AnalysisFlag::sparsity",2048,0.001,12875
MEAN,double,"AnalysisFlag::sparsity",2048,0.001,12867
MEAN,double,"AnalysisFlag::sparsity",2048,0.001,12440
MEAN,double,"AnalysisFlag::sparsity",2048,0.001,12695
MEAN,double,"AnalysisFlag::sparsity",2048,0.001,12297
MEAN,double,"AnalysisFlag::sparsity",2048,0.001,12291
MEAN,double,"AnalysisFlag::sparsity",2048,0.001,12307
MEAN,double,"AnalysisFlag::sparsity",2048,0.001,12183
MEAN,double,"AnalysisFlag::sparsity",2048,0.001,12282
MEAN,double,"AnalysisFlag::sparsity",4096,0.001,37544
MEAN,double,"AnalysisFlag::sparsity",4096,0.001,37413
MEAN,double,"AnalysisFlag::sparsity",4096,0.001,34272
MEAN,double,"AnalysisFlag::sparsity",4096,0.001,37437
MEAN,double,"AnalysisFlag::sparsity",4096,0.001,37592
MEAN,double,"AnalysisFlag::sparsity",4096,0.001,37369
MEAN,double,"AnalysisFlag::sparsity",4096,0.001,36422
MEAN,double,"AnalysisFlag::sparsity",4096,0.001,36468
MEAN,double,"AnalysisFlag::sparsity",4096,0.001,36401
MEAN,double,"AnalysisFlag::sparsity",4096,0.001,36346
MEAN,int64_t,"AnalysisFlag::sparsity",1024,0.001,7905
MEAN,int64_t,"AnalysisFlag::sparsity",1024,0.001,6612
MEAN,int64_t,"AnalysisFlag::sparsity",1024,0.001,6614
MEAN,int64_t,"AnalysisFlag::sparsity",1024,0.001,6599
MEAN,int64_t,"AnalysisFlag::sparsity",1024,0.001,6439
MEAN,int64_t,"AnalysisFlag::sparsity",1024,0.001,6481
MEAN,int64_t,"AnalysisFlag::sparsity",1024,0.001,6405
MEAN,int64_t,"AnalysisFlag::sparsity",1024,0.001,6458
MEAN,int64_t,"AnalysisFlag::sparsity",1024,0.001,6400
MEAN,int64_t,"AnalysisFlag::sparsity",1024,0.001,6482
MEAN,int64_t,"AnalysisFlag::sparsity",2048,0.001,16175
MEAN,int64_t,"AnalysisFlag::sparsity",2048,0.001,16079
MEAN,int64_t,"AnalysisFlag::sparsity",2048,0.001,16015
MEAN,int64_t,"AnalysisFlag::sparsity",2048,0.001,16283
MEAN,int64_t,"AnalysisFlag::sparsity",2048,0.001,16317
MEAN,int64_t,"AnalysisFlag::sparsity",2048,0.001,16216
MEAN,int64_t,"AnalysisFlag::sparsity",2048,0.001,16327
MEAN,int64_t,"AnalysisFlag::sparsity",2048,0.001,16274
MEAN,int64_t,"AnalysisFlag::sparsity",2048,0.001,16213
MEAN,int64_t,"AnalysisFlag::sparsity",2048,0.001,16269
MEAN,int64_t,"AnalysisFlag::sparsity",4096,0.001,45337
MEAN,int64_t,"AnalysisFlag::sparsity",4096,0.001,45194
MEAN,int64_t,"AnalysisFlag::sparsity",4096,0.001,45137
MEAN,int64_t,"AnalysisFlag::sparsity",4096,0.001,45263
MEAN,int64_t,"AnalysisFlag::sparsity",4096,0.001,45232
MEAN,int64_t,"AnalysisFlag::sparsity",4096,0.001,45225
MEAN,int64_t,"AnalysisFlag::sparsity",4096,0.001,45240
MEAN,int64_t,"AnalysisFlag::sparsity",4096,0.001,45039
MEAN,int64_t,"AnalysisFlag::sparsity",4096,0.001,45160
MEAN,int64_t,"AnalysisFlag::sparsity",4096,0.001,45023
MEAN,double,"AnalysisFlag::sparsity",1024,0.01,20224
MEAN,double,"AnalysisFlag::sparsity",1024,0.01,19503
MEAN,double,"AnalysisFlag::sparsity",1024,0.01,19375
MEAN,double,"AnalysisFlag::sparsity",1024,0.01,19376
MEAN,double,"AnalysisFlag::sparsity",1024,0.01,19440
MEAN,double,"AnalysisFlag::sparsity",1024,0.01,19268
MEAN,double,"AnalysisFlag::sparsity",1024,0.01,19361
MEAN,double,"AnalysisFlag::sparsity",1024,0.01,19198
MEAN,double,"AnalysisFlag::sparsity",1024,0.01,19325
MEAN,double,"AnalysisFlag::sparsity",1024,0.01,19333
MEAN,double,"AnalysisFlag::sparsity",2048,0.01,70865
MEAN,double,"AnalysisFlag::sparsity",2048,0.01,70684
MEAN,double,"AnalysisFlag::sparsity",2048,0.01,70353
MEAN,double,"AnalysisFlag::sparsity",2048,0.01,70436
MEAN,double,"AnalysisFlag::sparsity",2048,0.01,70552
MEAN,double,"AnalysisFlag::sparsity",2048,0.01,70408
MEAN,double,"AnalysisFlag::sparsity",2048,0.01,70082
MEAN,double,"AnalysisFlag::sparsity",2048,0.01,70681
MEAN,double,"AnalysisFlag::sparsity",2048,0.01,70396
MEAN,double,"AnalysisFlag::sparsity",2048,0.01,70717
MEAN,double,"AnalysisFlag::sparsity",4096,0.01,274694
MEAN,double,"AnalysisFlag::sparsity",4096,0.01,271287
MEAN,double,"AnalysisFlag::sparsity",4096,0.01,270892
MEAN,double,"AnalysisFlag::sparsity",4096,0.01,271937
MEAN,double,"AnalysisFlag::sparsity",4096,0.01,272845
MEAN,double,"AnalysisFlag::sparsity",4096,0.01,270096
MEAN,double,"AnalysisFlag::sparsity",4096,0.01,270977
MEAN,double,"AnalysisFlag::sparsity",4096,0.01,271050
MEAN,double,"AnalysisFlag::sparsity",4096,0.01,270026
MEAN,double,"AnalysisFlag::sparsity",4096,0.01,240242
MEAN,int64_t,"AnalysisFlag::sparsity",1024,0.01,22667
MEAN,int64_t,"AnalysisFlag::sparsity",1024,0.01,21514
MEAN,int64_t,"AnalysisFlag::sparsity",1024,0.01,21318
MEAN,int64_t,"AnalysisFlag::sparsity",1024,0.01,21285
MEAN,int64_t,"AnalysisFlag::sparsity",1024,0.01,21417
MEAN,int64_t,"AnalysisFlag::sparsity",1024,0.01,21303
MEAN,int64_t,"AnalysisFlag::sparsity",1024,0.01,21332
MEAN,int64_t,"AnalysisFlag::sparsity",1024,0.01,21206
MEAN,int64_t,"AnalysisFlag::sparsity",1024,0.01,21206
MEAN,int64_t,"AnalysisFlag::sparsity",1024,0.01,21415
MEAN,int64_t,"AnalysisFlag::sparsity",2048,0.01,74899
MEAN,int64_t,"AnalysisFlag::sparsity",2048,0.01,74703
MEAN,int64_t,"AnalysisFlag::sparsity",2048,0.01,74823
MEAN,int64_t,"AnalysisFlag::sparsity",2048,0.01,74861
MEAN,int64_t,"AnalysisFlag::sparsity",2048,0.01,74325
MEAN,int64_t,"AnalysisFlag::sparsity",2048,0.01,74423
MEAN,int64_t,"AnalysisFlag::sparsity",2048,0.01,74921
MEAN,int64_t,"AnalysisFlag::sparsity",2048,0.01,74688
MEAN,int64_t,"AnalysisFlag::sparsity",2048,0.01,74466
MEAN,int64_t,"AnalysisFlag::sparsity",2048,0.01,74587
MEAN,int64_t,"AnalysisFlag::sparsity",4096,0.01,281697
MEAN,int64_t,"AnalysisFlag::sparsity",4096,0.01,281645
MEAN,int64_t,"AnalysisFlag::sparsity",4096,0.01,283532
MEAN,int64_t,"AnalysisFlag::sparsity",4096,0.01,283179
MEAN,int64_t,"AnalysisFlag::sparsity",4096,0.01,284144
MEAN,int64_t,"AnalysisFlag::sparsity",4096,0.01,281178
MEAN,int64_t,"AnalysisFlag::sparsity",4096,0.01,280783
MEAN,int64_t,"AnalysisFlag::sparsity",4096,0.01,281209
MEAN,int64_t,"AnalysisFlag::sparsity",4096,0.01,281395
MEAN,int64_t,"AnalysisFlag::sparsity",4096,0.01,281082
MEAN,double,"AnalysisFlag::sparsity",1024,0.05,85203
MEAN,double,"AnalysisFlag::sparsity",1024,0.05,84695
MEAN,double,"AnalysisFlag::sparsity",1024,0.05,86760
MEAN,double,"AnalysisFlag::sparsity",1024,0.05,84584
MEAN,double,"AnalysisFlag::sparsity",1024,0.05,84970
MEAN,double,"AnalysisFlag::sparsity",1024,0.05,84304
MEAN,double,"AnalysisFlag::sparsity",1024,0.05,84110
MEAN,double,"AnalysisFlag::sparsity",1024,0.05,85069
MEAN,double,"AnalysisFlag::sparsity",1024,0.05,84435
MEAN,double,"AnalysisFlag::sparsity",1024,0.05,84150
MEAN,double,"AnalysisFlag::sparsity",2048,0.05,331925
MEAN,double,"AnalysisFlag::sparsity",2048,0.05,271025
MEAN,double,"AnalysisFlag::sparsity",2048,0.05,269230
MEAN,double,"AnalysisFlag::sparsity",2048,0.05,328456
MEAN,double,"AnalysisFlag::sparsity",2048,0.05,329117
MEAN,double,"AnalysisFlag::sparsity",2048,0.05,329061
MEAN,double,"AnalysisFlag::sparsity",2048,0.05,329649
MEAN,double,"AnalysisFlag::sparsity",2048,0.05,284050
MEAN,double,"AnalysisFlag::sparsity",2048,0.05,300178
MEAN,double,"AnalysisFlag::sparsity",2048,0.05,331962
MEAN,double,"AnalysisFlag::sparsity",4096,0.05,1.32625e+06
MEAN,double,"AnalysisFlag::sparsity",4096,0.05,1.29352e+06
MEAN,double,"AnalysisFlag::sparsity",4096,0.05,1.26393e+06
MEAN,double,"AnalysisFlag::sparsity",4096,0.05,1.30224e+06
MEAN,double,"AnalysisFlag::sparsity",4096,0.05,1.31134e+06
MEAN,double,"AnalysisFlag::sparsity",4096,0.05,1.28521e+06
MEAN,double,"AnalysisFlag::sparsity",4096,0.05,1.31071e+06
MEAN,double,"AnalysisFlag::sparsity",4096,0.05,1.51708e+06
MEAN,double,"AnalysisFlag::sparsity",4096,0.05,1.3145e+06
MEAN,double,"AnalysisFlag::sparsity",4096,0.05,1.31214e+06
MEAN,int64_t,"AnalysisFlag::sparsity",1024,0.05,88567
MEAN,int64_t,"AnalysisFlag::sparsity",1024,0.05,90872
MEAN,int64_t,"AnalysisFlag::sparsity",1024,0.05,86469
MEAN,int64_t,"AnalysisFlag::sparsity",1024,0.05,88448
MEAN,int64_t,"AnalysisFlag::sparsity",1024,0.05,89423
MEAN,int64_t,"AnalysisFlag::sparsity",1024,0.05,86961
MEAN,int64_t,"AnalysisFlag::sparsity",1024,0.05,87175
MEAN,int64_t,"AnalysisFlag::sparsity",1024,0.05,90103
MEAN,int64_t,"AnalysisFlag::sparsity",1024,0.05,86331
MEAN,int64_t,"AnalysisFlag::sparsity",1024,0.05,86352
MEAN,int64_t,"AnalysisFlag::sparsity",2048,0.05,339603
MEAN,int64_t,"AnalysisFlag::sparsity",2048,0.05,336760
MEAN,int64_t,"AnalysisFlag::sparsity",2048,0.05,335946
MEAN,int64_t,"AnalysisFlag::sparsity",2048,0.05,334079
MEAN,int64_t,"AnalysisFlag::sparsity",2048,0.05,333933
MEAN,int64_t,"AnalysisFlag::sparsity",2048,0.05,334572
MEAN,int64_t,"AnalysisFlag::sparsity",2048,0.05,334953
MEAN,int64_t,"AnalysisFlag::sparsity",2048,0.05,336875
MEAN,int64_t,"AnalysisFlag::sparsity",2048,0.05,333918
MEAN,int64_t,"AnalysisFlag::sparsity",2048,0.05,334295
MEAN,int64_t,"AnalysisFlag::sparsity",4096,0.05,1.21826e+06
MEAN,int64_t,"AnalysisFlag::sparsity",4096,0.05,1.2191e+06
MEAN,int64_t,"AnalysisFlag::sparsity",4096,0.05,1.2189e+06
MEAN,int64_t,"AnalysisFlag::sparsity",4096,0.05,1.21857e+06
MEAN,int64_t,"AnalysisFlag::sparsity",4096,0.05,1.21539e+06
MEAN,int64_t,"AnalysisFlag::sparsity",4096,0.05,1.21688e+06
MEAN,int64_t,"AnalysisFlag::sparsity",4096,0.05,1.21707e+06
MEAN,int64_t,"AnalysisFlag::sparsity",4096,0.05,1.21653e+06
MEAN,int64_t,"AnalysisFlag::sparsity",4096,0.05,1.22047e+06
MEAN,int64_t,"AnalysisFlag::sparsity",4096,0.05,1.2161e+06
MEAN,double,"AnalysisFlag::sparsity",1024,0.1,167509
MEAN,double,"AnalysisFlag::sparsity",1024,0.1,135541
MEAN,double,"AnalysisFlag::sparsity",1024,0.1,165749
MEAN,double,"AnalysisFlag::sparsity",1024,0.1,166028
MEAN,double,"AnalysisFlag::sparsity",1024,0.1,135794
MEAN,double,"AnalysisFlag::sparsity",1024,0.1,135780
MEAN,double,"AnalysisFlag::sparsity",1024,0.1,135596
MEAN,double,"AnalysisFlag::sparsity",1024,0.1,166126
MEAN,double,"AnalysisFlag::sparsity",1024,0.1,136621
MEAN,double,"AnalysisFlag::sparsity",1024,0.1,164994
MEAN,double,"AnalysisFlag::sparsity",2048,0.1,652587
MEAN,double,"AnalysisFlag::sparsity",2048,0.1,649605
MEAN,double,"AnalysisFlag::sparsity",2048,0.1,649840
MEAN,double,"AnalysisFlag::sparsity",2048,0.1,652468
MEAN,double,"AnalysisFlag::sparsity",2048,0.1,652010
MEAN,double,"AnalysisFlag::sparsity",2048,0.1,652330
MEAN,double,"AnalysisFlag::sparsity",2048,0.1,649909
MEAN,double,"AnalysisFlag::sparsity",2048,0.1,651952
MEAN,double,"AnalysisFlag::sparsity",2048,0.1,652831
MEAN,double,"AnalysisFlag::sparsity",2048,0.1,650902
MEAN,double,"AnalysisFlag::sparsity",4096,0.1,2.66331e+06
MEAN,double,"AnalysisFlag::sparsity",4096,0.1,2.66135e+06
MEAN,double,"AnalysisFlag::sparsity",4096,0.1,2.66172e+06
MEAN,double,"AnalysisFlag::sparsity",4096,0.1,2.66477e+06
MEAN,double,"AnalysisFlag::sparsity",4096,0.1,2.6368e+06
MEAN,double,"AnalysisFlag::sparsity",4096,0.1,2.65298e+06
MEAN,double,"AnalysisFlag::sparsity",4096,0.1,2.66451e+06
MEAN,double,"AnalysisFlag::sparsity",4096,0.1,2.66065e+06
MEAN,double,"AnalysisFlag::sparsity",4096,0.1,2.64127e+06
MEAN,double,"AnalysisFlag::sparsity",4096,0.1,2.66583e+06
MEAN,int64_t,"AnalysisFlag::sparsity",1024,0.1,170365
MEAN,int64_t,"AnalysisFlag::sparsity",1024,0.1,168086
MEAN,int64_t,"AnalysisFlag::sparsity",1024,0.1,170014
MEAN,int64_t,"AnalysisFlag::sparsity",1024,0.1,170851
MEAN,int64_t,"AnalysisFlag::sparsity",1024,0.1,168221
MEAN,int64_t,"AnalysisFlag::sparsity",1024,0.1,168025
MEAN,int64_t,"AnalysisFlag::sparsity",1024,0.1,167840
MEAN,int64_t,"AnalysisFlag::sparsity",1024,0.1,169334
MEAN,int64_t,"AnalysisFlag::sparsity",1024,0.1,167400
MEAN,int64_t,"AnalysisFlag::sparsity",1024,0.1,169471
MEAN,int64_t,"AnalysisFlag::sparsity",2048,0.1,658394
MEAN,int64_t,"AnalysisFlag::sparsity",2048,0.1,659995
MEAN,int64_t,"AnalysisFlag::sparsity",2048,0.1,657745
MEAN,int64_t,"AnalysisFlag::sparsity",2048,0.1,656277
MEAN,int64_t,"AnalysisFlag::sparsity",2048,0.1,657740
MEAN,int64_t,"AnalysisFlag::sparsity",2048,0.1,659194
MEAN,int64_t,"AnalysisFlag::sparsity",2048,0.1,659174
MEAN,int64_t,"AnalysisFlag::sparsity",2048,0.1,656270
MEAN,int64_t,"AnalysisFlag::sparsity",2048,0.1,657987
MEAN,int64_t,"AnalysisFlag::sparsity",2048,0.1,659193
MEAN,int64_t,"AnalysisFlag::sparsity",4096,0.1,2.35217e+06
MEAN,int64_t,"AnalysisFlag::sparsity",4096,0.1,2.3538e+06
MEAN,int64_t,"AnalysisFlag::sparsity",4096,0.1,2.36097e+06
MEAN,int64_t,"AnalysisFlag::sparsity",4096,0.1,2.35042e+06
MEAN,int64_t,"AnalysisFlag::sparsity",4096,0.1,2.35019e+06
MEAN,int64_t,"AnalysisFlag::sparsity",4096,0.1,2.35191e+06
MEAN,int64_t,"AnalysisFlag::sparsity",4096,0.1,2.35285e+06
MEAN,int64_t,"AnalysisFlag::sparsity",4096,0.1,2.36562e+06
MEAN,int64_t,"AnalysisFlag::sparsity",4096,0.1,2.35489e+06
MEAN,int64_t,"AnalysisFlag::sparsity",4096,0.1,2.35516e+06
MEAN,double,"AnalysisFlag::sparsity",1024,0.2,329856
MEAN,double,"AnalysisFlag::sparsity",1024,0.2,329990
MEAN,double,"AnalysisFlag::sparsity",1024,0.2,327452
MEAN,double,"AnalysisFlag::sparsity",1024,0.2,327439
MEAN,double,"AnalysisFlag::sparsity",1024,0.2,267722
MEAN,double,"AnalysisFlag::sparsity",1024,0.2,327832
MEAN,double,"AnalysisFlag::sparsity",1024,0.2,327613
MEAN,double,"AnalysisFlag::sparsity",1024,0.2,329537
MEAN,double,"AnalysisFlag::sparsity",1024,0.2,294059
MEAN,double,"AnalysisFlag::sparsity",1024,0.2,327780
MEAN,double,"AnalysisFlag::sparsity",2048,0.2,1.30525e+06
MEAN,double,"AnalysisFlag::sparsity",2048,0.2,1.29723e+06
MEAN,double,"AnalysisFlag::sparsity",2048,0.2,1.29808e+06
MEAN,double,"AnalysisFlag::sparsity",2048,0.2,1.29906e+06
MEAN,double,"AnalysisFlag::sparsity",2048,0.2,1.29885e+06
MEAN,double,"AnalysisFlag::sparsity",2048,0.2,1.29805e+06
MEAN,double,"AnalysisFlag::sparsity",2048,0.2,1.29837e+06
MEAN,double,"AnalysisFlag::sparsity",2048,0.2,1.30054e+06
MEAN,double,"AnalysisFlag::sparsity",2048,0.2,1.21187e+06
MEAN,double,"AnalysisFlag::sparsity",2048,0.2,1.29719e+06
MEAN,double,"AnalysisFlag::sparsity",4096,0.2,5.31748e+06
MEAN,double,"AnalysisFlag::sparsity",4096,0.2,5.34611e+06
MEAN,double,"AnalysisFlag::sparsity",4096,0.2,5.34717e+06
MEAN,double,"AnalysisFlag::sparsity",4096,0.2,5.35053e+06
MEAN,double,"AnalysisFlag::sparsity",4096,0.2,5.3452e+06
MEAN,double,"AnalysisFlag::sparsity",4096,0.2,5.35216e+06
MEAN,double,"AnalysisFlag::sparsity",4096,0.2,5.3544e+06
MEAN,double,"AnalysisFlag::sparsity",4096,0.2,5.29324e+06
MEAN,double,"AnalysisFlag::sparsity",4096,0.2,5.35042e+06
MEAN,double,"AnalysisFlag::sparsity",4096,0.2,5.34946e+06
MEAN,int64_t,"AnalysisFlag::sparsity",1024,0.2,346536
MEAN,int64_t,"AnalysisFlag::sparsity",1024,0.2,330371
MEAN,int64_t,"AnalysisFlag::sparsity",1024,0.2,331576
MEAN,int64_t,"AnalysisFlag::sparsity",1024,0.2,331820
MEAN,int64_t,"AnalysisFlag::sparsity",1024,0.2,331985
MEAN,int64_t,"AnalysisFlag::sparsity",1024,0.2,329460
MEAN,int64_t,"AnalysisFlag::sparsity",1024,0.2,330099
MEAN,int64_t,"AnalysisFlag::sparsity",1024,0.2,330966
MEAN,int64_t,"AnalysisFlag::sparsity",1024,0.2,330086
MEAN,int64_t,"AnalysisFlag::sparsity",1024,0.2,329777
MEAN,int64_t,"AnalysisFlag::sparsity",2048,0.2,1.20667e+06
MEAN,int64_t,"AnalysisFlag::sparsity",2048,0.2,1.19465e+06
MEAN,int64_t,"AnalysisFlag::sparsity",2048,0.2,1.19323e+06
MEAN,int64_t,"AnalysisFlag::sparsity",2048,0.2,1.19391e+06
MEAN,int64_t,"AnalysisFlag::sparsity",2048,0.2,1.19516e+06
MEAN,int64_t,"AnalysisFlag::sparsity",2048,0.2,1.19508e+06
MEAN,int64_t,"AnalysisFlag::sparsity",2048,0.2,1.19463e+06
MEAN,int64_t,"AnalysisFlag::sparsity",2048,0.2,1.19504e+06
MEAN,int64_t,"AnalysisFlag::sparsity",2048,0.2,1.19295e+06
MEAN,int64_t,"AnalysisFlag::sparsity",2048,0.2,1.19642e+06
MEAN,int64_t,"AnalysisFlag::sparsity",4096,0.2,4.60513e+06
MEAN,int64_t,"AnalysisFlag::sparsity",4096,0.2,4.60768e+06
MEAN,int64_t,"AnalysisFlag::sparsity",4096,0.2,4.61007e+06
MEAN,int64_t,"AnalysisFlag::sparsity",4096,0.2,4.60662e+06
MEAN,int64_t,"AnalysisFlag::sparsity",4096,0.2,4.61618e+06
MEAN,int64_t,"AnalysisFlag::sparsity",4096,0.2,4.60834e+06
MEAN,int64_t,"AnalysisFlag::sparsity",4096,0.2,4.61147e+06
MEAN,int64_t,"AnalysisFlag::sparsity",4096,0.2,4.60721e+06
MEAN,int64_t,"AnalysisFlag::sparsity",4096,0.2,4.61294e+06
MEAN,int64_t,"AnalysisFlag::sparsity",4096,0.2,4.6088e+06
MEAN,double,"AnalysisFlag::sparsity",1024,0.25,1.60844e+06
MEAN,double,"AnalysisFlag::sparsity",1024,0.25,1.60497e+06
MEAN,double,"AnalysisFlag::sparsity",1024,0.25,1.60514e+06
MEAN,double,"AnalysisFlag::sparsity",1024,0.25,1.60481e+06
MEAN,double,"AnalysisFlag::sparsity",1024,0.25,1.60272e+06
MEAN,double,"AnalysisFlag::sparsity",1024,0.25,1.61028e+06
MEAN,double,"AnalysisFlag::sparsity",1024,0.25,1.6028e+06
MEAN,double,"AnalysisFlag::sparsity",1024,0.25,1.60446e+06
MEAN,double,"AnalysisFlag::sparsity",1024,0.25,1.60433e+06
MEAN,double,"AnalysisFlag::sparsity",1024,0.25,1.60475e+06
MEAN,double,"AnalysisFlag::sparsity",2048,0.25,6.48942e+06
MEAN,double,"AnalysisFlag::sparsity",2048,0.25,6.49158e+06
MEAN,double,"AnalysisFlag::sparsity",2048,0.25,6.47624e+06
MEAN,double,"AnalysisFlag::sparsity",2048,0.25,6.48378e+06
MEAN,double,"AnalysisFlag::sparsity",2048,0.25,6.4882e+06
MEAN,double,"AnalysisFlag::sparsity",2048,0.25,6.4813e+06
MEAN,double,"AnalysisFlag::sparsity",2048,0.25,6.48187e+06
MEAN,double,"AnalysisFlag::sparsity",2048,0.25,6.48225e+06
MEAN,double,"AnalysisFlag::sparsity",2048,0.25,6.47782e+06
MEAN,double,"AnalysisFlag::sparsity",2048,0.25,6.49038e+06
MEAN,double,"AnalysisFlag::sparsity",4096,0.25,2.59659e+07
MEAN,double,"AnalysisFlag::sparsity",4096,0.25,2.59507e+07
MEAN,double,"AnalysisFlag::sparsity",4096,0.25,2.59595e+07
MEAN,double,"AnalysisFlag::sparsity",4096,0.25,2.59696e+07
MEAN,double,"AnalysisFlag::sparsity",4096,0.25,2.59562e+07
MEAN,double,"AnalysisFlag::sparsity",4096,0.25,2.59509e+07
MEAN,double,"AnalysisFlag::sparsity",4096,0.25,2.59551e+07
MEAN,double,"AnalysisFlag::sparsity",4096,0.25,2.59564e+07
MEAN,double,"AnalysisFlag::sparsity",4096,0.25,2.59658e+07
MEAN,double,"AnalysisFlag::sparsity",4096,0.25,2.59693e+07
MEAN,int64_t,"AnalysisFlag::sparsity",1024,0.25,1.18734e+06
MEAN,int64_t,"AnalysisFlag::sparsity",1024,0.25,1.18278e+06
MEAN,int64_t,"AnalysisFlag::sparsity",1024,0.25,1.1908e+06
MEAN,int64_t,"AnalysisFlag::sparsity",1024,0.25,1.18179e+06
MEAN,int64_t,"AnalysisFlag::sparsity",1024,0.25,1.1814e+06
MEAN,int64_t,"AnalysisFlag::sparsity",1024,0.25,1.18158e+06
MEAN,int64_t,"AnalysisFlag::sparsity",1024,0.25,1.18176e+06
MEAN,int64_t,"AnalysisFlag::sparsity",1024,0.25,1.18202e+06
MEAN,int64_t,"AnalysisFlag::sparsity",1024,0.25,1.18202e+06
MEAN,int64_t,"AnalysisFlag::sparsity",1024,0.25,1.18197e+06
MEAN,int64_t,"AnalysisFlag::sparsity",2048,0.25,4.46649e+06
MEAN,int64_t,"AnalysisFlag::sparsity",2048,0.25,4.44964e+06
MEAN,int64_t,"AnalysisFlag::sparsity",2048,0.25,4.45632e+06
MEAN,int64_t,"AnalysisFlag::sparsity",2048,0.25,4.45755e+06
MEAN,int64_t,"AnalysisFlag::sparsity",2048,0.25,4.45726e+06
MEAN,int64_t,"AnalysisFlag::sparsity",2048,0.25,4.45601e+06
MEAN,int64_t,"AnalysisFlag::sparsity",2048,0.25,4.4569e+06
MEAN,int64_t,"AnalysisFlag::sparsity",2048,0.25,4.45316e+06
MEAN,int64_t,"AnalysisFlag::sparsity",2048,0.25,4.49816e+06
MEAN,int64_t,"AnalysisFlag::sparsity",2048,0.25,4.45577e+06
MEAN,int64_t,"AnalysisFlag::sparsity",4096,0.25,1.77489e+07
MEAN,int64_t,"AnalysisFlag::sparsity",4096,0.25,1.77275e+07
MEAN,int64_t,"AnalysisFlag::sparsity",4096,0.25,1.76745e+07
MEAN,int64_t,"AnalysisFlag::sparsity",4096,0.25,1.76735e+07
MEAN,int64_t,"AnalysisFlag::sparsity",4096,0.25,1.75853e+07
MEAN,int64_t,"AnalysisFlag::sparsity",4096,0.25,1.77854e+07
MEAN,int64_t,"AnalysisFlag::sparsity",4096,0.25,1.789e+07
MEAN,int64_t,"AnalysisFlag::sparsity",4096,0.25,1.78479e+07
MEAN,int64_t,"AnalysisFlag::sparsity",4096,0.25,1.75838e+07
MEAN,int64_t,"AnalysisFlag::sparsity",4096,0.25,1.76845e+07
MEAN,double,"AnalysisFlag::sparsity",1024,1,1.70638e+06
MEAN,double,"AnalysisFlag::sparsity",1024,1,1.60861e+06
MEAN,double,"AnalysisFlag::sparsity",1024,1,1.60484e+06
MEAN,double,"AnalysisFlag::sparsity",1024,1,1.60636e+06
MEAN,double,"AnalysisFlag::sparsity",1024,1,1.60449e+06
MEAN,double,"AnalysisFlag::sparsity",1024,1,1.60641e+06
MEAN,double,"AnalysisFlag::sparsity",1024,1,1.60437e+06
MEAN,double,"AnalysisFlag::sparsity",1024,1,1.60617e+06
MEAN,double,"AnalysisFlag::sparsity",1024,1,1.60434e+06
MEAN,double,"AnalysisFlag::sparsity",1024,1,1.60622e+06
MEAN,double,"AnalysisFlag::sparsity",2048,1,6.50529e+06
MEAN,double,"AnalysisFlag::sparsity",2048,1,6.49924e+06
MEAN,double,"AnalysisFlag::sparsity",2048,1,6.50076e+06
MEAN,double,"AnalysisFlag::sparsity",2048,1,6.50333e+06
MEAN,double,"AnalysisFlag::sparsity",2048,1,6.49823e+06
MEAN,double,"AnalysisFlag::sparsity",2048,1,6.49831e+06
MEAN,double,"AnalysisFlag::sparsity",2048,1,6.49329e+06
MEAN,double,"AnalysisFlag::sparsity",2048,1,6.49556e+06
MEAN,double,"AnalysisFlag::sparsity",2048,1,6.49818e+06
MEAN,double,"AnalysisFlag::sparsity",2048,1,6.4943e+06
MEAN,double,"AnalysisFlag::sparsity",4096,1,2.59744e+07
MEAN,double,"AnalysisFlag::sparsity",4096,1,2.59769e+07
MEAN,double,"AnalysisFlag::sparsity",4096,1,2.59621e+07
MEAN,double,"AnalysisFlag::sparsity",4096,1,2.59603e+07
MEAN,double,"AnalysisFlag::sparsity",4096,1,2.59639e+07
MEAN,double,"AnalysisFlag::sparsity",4096,1,2.59819e+07
MEAN,double,"AnalysisFlag::sparsity",4096,1,2.59765e+07
MEAN,double,"AnalysisFlag::sparsity",4096,1,2.59728e+07
MEAN,double,"AnalysisFlag::sparsity",4096,1,2.59687e+07
MEAN,double,"AnalysisFlag::sparsity",4096,1,2.59667e+07
MEAN,int64_t,"AnalysisFlag::sparsity",1024,1,1.22924e+06
MEAN,int64_t,"AnalysisFlag::sparsity",1024,1,1.18224e+06
MEAN,int64_t,"AnalysisFlag::sparsity",1024,1,1.18207e+06
MEAN,int64_t,"AnalysisFlag::sparsity",1024,1,1.18208e+06
MEAN,int64_t,"AnalysisFlag::sparsity",1024,1,1.18188e+06
MEAN,int64_t,"AnalysisFlag::sparsity",1024,1,1.18216e+06
MEAN,int64_t,"AnalysisFlag::sparsity",1024,1,1.18179e+06
MEAN,int64_t,"AnalysisFlag::sparsity",1024,1,1.18185e+06
MEAN,int64_t,"AnalysisFlag::sparsity",1024,1,1.18224e+06
MEAN,int64_t,"AnalysisFlag::sparsity",1024,1,1.18223e+06
MEAN,int64_t,"AnalysisFlag::sparsity",2048,1,4.47428e+06
MEAN,int64_t,"AnalysisFlag::sparsity",2048,1,4.46244e+06
MEAN,int64_t,"AnalysisFlag::sparsity",2048,1,4.46093e+06
MEAN,int64_t,"AnalysisFlag::sparsity",2048,1,4.45507e+06
MEAN,int64_t,"AnalysisFlag::sparsity",2048,1,4.45312e+06
MEAN,int64_t,"AnalysisFlag::sparsity",2048,1,4.45516e+06
MEAN,int64_t,"AnalysisFlag::sparsity",2048,1,4.45288e+06
MEAN,int64_t,"AnalysisFlag::sparsity",2048,1,4.45742e+06
MEAN,int64_t,"AnalysisFlag::sparsity",2048,1,4.45354e+06
MEAN,int64_t,"AnalysisFlag::sparsity",2048,1,4.45467e+06
MEAN,int64_t,"AnalysisFlag::sparsity",4096,1,1.77901e+07
MEAN,int64_t,"AnalysisFlag::sparsity",4096,1,1.7907e+07
MEAN,int64_t,"AnalysisFlag::sparsity",4096,1,1.76661e+07
MEAN,int64_t,"AnalysisFlag::sparsity",4096,1,1.75773e+07
MEAN,int64_t,"AnalysisFlag::sparsity",4096,1,1.7891e+07
MEAN,int64_t,"AnalysisFlag::sparsity",4096,1,1.8483e+07
MEAN,int64_t,"AnalysisFlag::sparsity",4096,1,1.75791e+07
MEAN,int64_t,"AnalysisFlag::sparsity",4096,1,2.01494e+07
MEAN,int64_t,"AnalysisFlag::sparsity",4096,1,1.94494e+07
MEAN,int64_t,"AnalysisFlag::sparsity",4096,1,1.95227e+07
STDDEV,double,"AnalysisFlag::sparsity",1024,0.001,13228
STDDEV,double,"AnalysisFlag::sparsity",1024,0.001,9401
STDDEV,double,"AnalysisFlag::sparsity",1024,0.001,9598
STDDEV,double,"AnalysisFlag::sparsity",1024,0.001,9456
STDDEV,double,"AnalysisFlag::sparsity",1024,0.001,9467
STDDEV,double,"AnalysisFlag::sparsity",1024,0.001,9542
STDDEV,double,"AnalysisFlag::sparsity",1024,0.001,9500
STDDEV,double,"AnalysisFlag::sparsity",1024,0.001,9701
STDDEV,double,"AnalysisFlag::sparsity",1024,0.001,9449
STDDEV,double,"AnalysisFlag::sparsity",1024,0.001,9961
STDDEV,double,"AnalysisFlag::sparsity",2048,0.001,26400
STDDEV,double,"AnalysisFlag::sparsity",2048,0.001,25895
STDDEV,double,"AnalysisFlag::sparsity",2048,0.001,24478
STDDEV,double,"AnalysisFlag::sparsity",2048,0.001,24379
STDDEV,double,"AnalysisFlag::sparsity",2048,0.001,25130
STDDEV,double,"AnalysisFlag::sparsity",2048,0.001,25064
STDDEV,double,"AnalysisFlag::sparsity",2048,0.001,24725
STDDEV,double,"AnalysisFlag::sparsity",2048,0.001,24705
STDDEV,double,"AnalysisFlag::sparsity",2048,0.001,24881
STDDEV,double,"AnalysisFlag::sparsity",2048,0.001,24898
STDDEV,double,"AnalysisFlag::sparsity",4096,0.001,80955
STDDEV,double,"AnalysisFlag::sparsity",4096,0.001,80304
STDDEV,double,"AnalysisFlag::sparsity",4096,0.001,80619
STDDEV,double,"AnalysisFlag::sparsity",4096,0.001,81695
STDDEV,double,"AnalysisFlag::sparsity",4096,0.001,82474
STDDEV,double,"AnalysisFlag::sparsity",4096,0.001,77714
STDDEV,double,"AnalysisFlag::sparsity",4096,0.001,77977
STDDEV,double,"AnalysisFlag::sparsity",4096,0.001,78285
STDDEV,double,"AnalysisFlag::sparsity",4096,0.001,78387
STDDEV,double,"AnalysisFlag::sparsity",4096,0.001,77504
STDDEV,int64_t,"AnalysisFlag::sparsity",1024,0.001,13813
STDDEV,int64_t,"AnalysisFlag::sparsity",1024,0.001,12359
STDDEV,int64_t,"AnalysisFlag::sparsity",1024,0.001,11844
STDDEV,int64_t,"AnalysisFlag::sparsity",1024,0.001,11578
STDDEV,int64_t,"AnalysisFlag::sparsity",1024,0.001,11915
STDDEV,int64_t,"AnalysisFlag::sparsity",1024,0.001,11688
STDDEV,int64_t,"AnalysisFlag::sparsity",1024,0.001,11992
STDDEV,int64_t,"AnalysisFlag::sparsity",1024,0.001,11798
STDDEV,int64_t,"AnalysisFlag::sparsity",1024,0.001,11581
STDDEV,int64_t,"AnalysisFlag::sparsity",1024,0.001,11934
STDDEV,int64_t,"AnalysisFlag::sparsity",2048,0.001,28384
STDDEV,int64_t,"AnalysisFlag::sparsity",2048,0.001,28251
STDDEV,int64_t,"AnalysisFlag::sparsity",2048,0.001,28415
STDDEV,int64_t,"AnalysisFlag::sparsity",2048,0.001,28732
STDDEV,int64_t,"AnalysisFlag::sparsity",2048,0.001,28598
STDDEV,int64_t,"AnalysisFlag::sparsity",2048,0.001,28373
STDDEV,int64_t,"AnalysisFlag::sparsity",2048,0.001,28528
STDDEV,int64_t,"AnalysisFlag::sparsity",2048,0.001,28500
STDDEV,int64_t,"AnalysisFlag::sparsity",2048,0.001,28481
STDDEV,int64_t,"AnalysisFlag::sparsity",2048,0.001,29955
STDDEV,int64_t,"AnalysisFlag::sparsity",4096,0.001,87221
STDDEV,int64_t,"AnalysisFlag::sparsity",4096,0.001,87233
STDDEV,int64_t,"AnalysisFlag::sparsity",4096,0.001,87374
STDDEV,int64_t,"AnalysisFlag::sparsity",4096,0.001,87213
STDDEV,int64_t,"AnalysisFlag::sparsity",4096,0.001,87425
STDDEV,int64_t,"AnalysisFlag::sparsity",4096,0.001,87060
STDDEV,int64_t,"AnalysisFlag::sparsity",4096,0.001,86961
STDDEV,int64_t,"AnalysisFlag::sparsity",4096,0.001,87197
STDDEV,int64_t,"AnalysisFlag::sparsity",4096,0.001,87484
STDDEV,int64_t,"AnalysisFlag::sparsity",4096,0.001,87270
STDDEV,double,"AnalysisFlag::sparsity",1024,0.01,34450
STDDEV,double,"AnalysisFlag::sparsity",1024,0.01,33749
STDDEV,double,"AnalysisFlag::sparsity",1024,0.01,33798
STDDEV,double,"AnalysisFlag::sparsity",1024,0.01,33910
STDDEV,double,"AnalysisFlag::sparsity",1024,0.01,33583
STDDEV,double,"AnalysisFlag::sparsity",1024,0.01,33669
STDDEV,double,"AnalysisFlag::sparsity",1024,0.01,33998
STDDEV,double,"AnalysisFlag::sparsity",1024,0.01,29896
STDDEV,double,"AnalysisFlag::sparsity",1024,0.01,35494
STDDEV,double,"AnalysisFlag::sparsity",1024,0.01,34116
STDDEV,double,"AnalysisFlag::sparsity",2048,0.01,121511
STDDEV,double,"AnalysisFlag::sparsity",2048,0.01,121575
STDDEV,double,"AnalysisFlag::sparsity",2048,0.01,120487
STDDEV,double,"AnalysisFlag::sparsity",2048,0.01,120793
STDDEV,double,"AnalysisFlag::sparsity",2048,0.01,109063
STDDEV,double,"AnalysisFlag::sparsity",2048,0.01,121633
STDDEV,double,"AnalysisFlag::sparsity",2048,0.01,120910
STDDEV,double,"AnalysisFlag::sparsity",2048,0.01,121546
STDDEV,double,"AnalysisFlag::sparsity",2048,0.01,120564
STDDEV,double,"AnalysisFlag::sparsity",2048,0.01,122165
STDDEV,double,"AnalysisFlag::sparsity",4096,0.01,519271
STDDEV,double,"AnalysisFlag::sparsity",4096,0.01,544647
STDDEV,double,"AnalysisFlag::sparsity",4096,0.01,542017
STDDEV,double,"AnalysisFlag::sparsity",4096,0.01,541723
STDDEV,double,"AnalysisFlag::sparsity",4096,0.01,543467
STDDEV,double,"AnalysisFlag::sparsity",4096,0.01,542709
STDDEV,double,"AnalysisFlag::sparsity",4096,0.01,541138
STDDEV,double,"AnalysisFlag::sparsity",4096,0.01,543932
STDDEV,double,"AnalysisFlag::sparsity",4096,0.01,543550
STDDEV,double,"AnalysisFlag::sparsity",4096,0.01,546322
STDDEV,int64_t,"AnalysisFlag::sparsity",1024,0.01,37264
STDDEV,int64_t,"AnalysisFlag::sparsity",1024,0.01,36563
STDDEV,int64_t,"AnalysisFlag::sparsity",1024,0.01,35607
STDDEV,int64_t,"AnalysisFlag::sparsity",1024,0.01,35741
STDDEV,int64_t,"AnalysisFlag::sparsity",1024,0.01,35889
STDDEV,int64_t,"AnalysisFlag::sparsity",1024,0.01,37204
STDDEV,int64_t,"AnalysisFlag::sparsity",1024,0.01,35608
STDDEV,int64_t,"AnalysisFlag::sparsity",1024,0.01,37548
STDDEV,int64_t,"AnalysisFlag::sparsity",1024,0.01,35681
STDDEV,int64_t,"AnalysisFlag::sparsity",1024,0.01,35350
STDDEV,int64_t,"AnalysisFlag::sparsity",2048,0.01,125736
STDDEV,int64_t,"AnalysisFlag::sparsity",2048,0.01,125275
STDDEV,int64_t,"AnalysisFlag::sparsity",2048,0.01,125252
STDDEV,int64_t,"AnalysisFlag::sparsity",2048,0.01,125365
STDDEV,int64_t,"AnalysisFlag::sparsity",2048,0.01,124837
STDDEV,int64_t,"AnalysisFlag::sparsity",2048,0.01,125984
STDDEV,int64_t,"AnalysisFlag::sparsity",2048,0.01,125194
STDDEV,int64_t,"AnalysisFlag::sparsity",2048,0.01,126565
STDDEV,int64_t,"AnalysisFlag::sparsity",2048,0.01,125288
STDDEV,int64_t,"AnalysisFlag::sparsity",2048,0.01,125601
STDDEV,int64_t,"AnalysisFlag::sparsity",4096,0.01,555773
STDDEV,int64_t,"AnalysisFlag::sparsity",4096,0.01,554184
STDDEV,int64_t,"AnalysisFlag::sparsity",4096,0.01,555258
STDDEV,int64_t,"AnalysisFlag::sparsity",4096,0.01,553873
STDDEV,int64_t,"AnalysisFlag::sparsity",4096,0.01,556036
STDDEV,int64_t,"AnalysisFlag::sparsity",4096,0.01,556402
STDDEV,int64_t,"AnalysisFlag::sparsity",4096,0.01,553048
STDDEV,int64_t,"AnalysisFlag::sparsity",4096,0.01,557043
STDDEV,int64_t,"AnalysisFlag::sparsity",4096,0.01,553573
STDDEV,int64_t,"AnalysisFlag::sparsity",4096,0.01,552961
STDDEV,double,"AnalysisFlag::sparsity",1024,0.05,137745
STDDEV,double,"AnalysisFlag::sparsity",1024,0.05,137106
STDDEV,double,"AnalysisFlag::sparsity",1024,0.05,139959
STDDEV,double,"AnalysisFlag::sparsity",1024,0.05,136860
STDDEV,double,"AnalysisFlag::sparsity",1024,0.05,136612
STDDEV,double,"AnalysisFlag::sparsity",1024,0.05,136893
STDDEV,double,"AnalysisFlag::sparsity",1024,0.05,137343
STDDEV,double,"AnalysisFlag::sparsity",1024,0.05,137257
STDDEV,double,"AnalysisFlag::sparsity",1024,0.05,137087
STDDEV,double,"AnalysisFlag::sparsity",1024,0.05,136705
STDDEV,double,"AnalysisFlag::sparsity",2048,0.05,492872
STDDEV,double,"AnalysisFlag::sparsity",2048,0.05,490079
STDDEV,double,"AnalysisFlag::sparsity",2048,0.05,549896
STDDEV,double,"AnalysisFlag::sparsity",2048,0.05,552454
STDDEV,double,"AnalysisFlag::sparsity",2048,0.05,486862
STDDEV,double,"AnalysisFlag::sparsity",2048,0.05,549089
STDDEV,double,"AnalysisFlag::sparsity",2048,0.05,547329
STDDEV,double,"AnalysisFlag::sparsity",2048,0.05,488264
STDDEV,double,"AnalysisFlag::sparsity",2048,0.05,550043
STDDEV,double,"AnalysisFlag::sparsity",2048,0.05,550984
STDDEV,double,"AnalysisFlag::sparsity",4096,0.05,2.63454e+06
STDDEV,double,"AnalysisFlag::sparsity",4096,0.05,2.63964e+06
STDDEV,double,"AnalysisFlag::sparsity",4096,0.05,2.6437e+06
STDDEV,double,"AnalysisFlag::sparsity",4096,0.05,2.64073e+06
STDDEV,double,"AnalysisFlag::sparsity",4096,0.05,2.63879e+06
STDDEV,double,"AnalysisFlag::sparsity",4096,0.05,2.64287e+06
STDDEV,double,"AnalysisFlag::sparsity",4096,0.05,2.61745e+06
STDDEV,double,"AnalysisFlag::sparsity",4096,0.05,2.63543e+06
STDDEV,double,"AnalysisFlag::sparsity",4096,0.05,2.6406e+06
STDDEV,double,"AnalysisFlag::sparsity",4096,0.05,2.64616e+06
STDDEV,int64_t,"AnalysisFlag::sparsity",1024,0.05,141970
STDDEV,int64_t,"AnalysisFlag::sparsity",1024,0.05,141257
STDDEV,int64_t,"AnalysisFlag::sparsity",1024,0.05,141843
STDDEV,int64_t,"AnalysisFlag::sparsity",1024,0.05,143448
STDDEV,int64_t,"AnalysisFlag::sparsity",1024,0.05,141280
STDDEV,int64_t,"AnalysisFlag::sparsity",1024,0.05,139679
STDDEV,int64_t,"AnalysisFlag::sparsity",1024,0.05,138571
STDDEV,int64_t,"AnalysisFlag::sparsity",1024,0.05,141332
STDDEV,int64_t,"AnalysisFlag::sparsity",1024,0.05,139632
STDDEV,int64_t,"AnalysisFlag::sparsity",1024,0.05,139750
STDDEV,int64_t,"AnalysisFlag::sparsity",2048,0.05,552704
STDDEV,int64_t,"AnalysisFlag::sparsity",2048,0.05,548852
STDDEV,int64_t,"AnalysisFlag::sparsity",2048,0.05,548934
STDDEV,int64_t,"AnalysisFlag::sparsity",2048,0.05,552134
STDDEV,int64_t,"AnalysisFlag::sparsity",2048,0.05,550061
STDDEV,int64_t,"AnalysisFlag::sparsity",2048,0.05,549341
STDDEV,int64_t,"AnalysisFlag::sparsity",2048,0.05,551571
STDDEV,int64_t,"AnalysisFlag::sparsity",2048,0.05,547661
STDDEV,int64_t,"AnalysisFlag::sparsity",2048,0.05,552467
STDDEV,int64_t,"AnalysisFlag::sparsity",2048,0.05,551664
STDDEV,int64_t,"AnalysisFlag::sparsity",4096,0.05,2.43928e+06
STDDEV,int64_t,"AnalysisFlag::sparsity",4096,0.05,2.43579e+06
STDDEV,int64_t,"AnalysisFlag::sparsity",4096,0.05,2.43346e+06
STDDEV,int64_t,"AnalysisFlag::sparsity",4096,0.05,2.43584e+06
STDDEV,int64_t,"AnalysisFlag::sparsity",4096,0.05,2.43549e+06
STDDEV,int64_t,"AnalysisFlag::sparsity",4096,0.05,2.4402e+06
STDDEV,int64_t,"AnalysisFlag::sparsity",4096,0.05,2.43158e+06
STDDEV,int64_t,"AnalysisFlag::sparsity",4096,0.05,2.44362e+06
STDDEV,int64_t,"AnalysisFlag::sparsity",4096,0.05,2.43749e+06
STDDEV,int64_t,"AnalysisFlag::sparsity",4096,0.05,2.43314e+06
STDDEV,double,"AnalysisFlag::sparsity",1024,0.1,267930
STDDEV,double,"AnalysisFlag::sparsity",1024,0.1,266198
STDDEV,double,"AnalysisFlag::sparsity",1024,0.1,234971
STDDEV,double,"AnalysisFlag::sparsity",1024,0.1,238634
STDDEV,double,"AnalysisFlag::sparsity",1024,0.1,236208
STDDEV,double,"AnalysisFlag::sparsity",1024,0.1,234855
STDDEV,double,"AnalysisFlag::sparsity",1024,0.1,269227
STDDEV,double,"AnalysisFlag::sparsity",1024,0.1,268090
STDDEV,double,"AnalysisFlag::sparsity",1024,0.1,235585
STDDEV,double,"AnalysisFlag::sparsity",1024,0.1,268112
STDDEV,double,"AnalysisFlag::sparsity",2048,0.1,1.08395e+06
STDDEV,double,"AnalysisFlag::sparsity",2048,0.1,1.0835e+06
STDDEV,double,"AnalysisFlag::sparsity",2048,0.1,1.08145e+06
STDDEV,double,"AnalysisFlag::sparsity",2048,0.1,1.08499e+06
STDDEV,double,"AnalysisFlag::sparsity",2048,0.1,1.08614e+06
STDDEV,double,"AnalysisFlag::sparsity",2048,0.1,989792
STDDEV,double,"AnalysisFlag::sparsity",2048,0.1,1.0059e+06
STDDEV,double,"AnalysisFlag::sparsity",2048,0.1,994415
STDDEV,double,"AnalysisFlag::sparsity",2048,0.1,963078
STDDEV,double,"AnalysisFlag::sparsity",2048,0.1,1.08277e+06
STDDEV,double,"AnalysisFlag::sparsity",4096,0.1,5.7407e+06
STDDEV,double,"AnalysisFlag::sparsity",4096,0.1,5.70735e+06
STDDEV,double,"AnalysisFlag::sparsity",4096,0.1,5.69638e+06
STDDEV,double,"AnalysisFlag::sparsity",4096,0.1,5.6871e+06
STDDEV,double,"AnalysisFlag::sparsity",4096,0.1,5.68784e+06
STDDEV,double,"AnalysisFlag::sparsity",4096,0.1,5.68818e+06
STDDEV,double,"AnalysisFlag::sparsity",4096,0.1,5.74882e+06
STDDEV,double,"AnalysisFlag::sparsity",4096,0.1,5.69198e+06
STDDEV,double,"AnalysisFlag::sparsity",4096,0.1,5.74511e+06
STDDEV,double,"AnalysisFlag::sparsity",4096,0.1,5.70218e+06
STDDEV,int64_t,"AnalysisFlag::sparsity",1024,0.1,275815
STDDEV,int64_t,"AnalysisFlag::sparsity",1024,0.1,269848
STDDEV,int64_t,"AnalysisFlag::sparsity",1024,0.1,271084
STDDEV,int64_t,"AnalysisFlag::sparsity",1024,0.1,269834
STDDEV,int64_t,"AnalysisFlag::sparsity",1024,0.1,269415
STDDEV,int64_t,"AnalysisFlag::sparsity",1024,0.1,269349
STDDEV,int64_t,"AnalysisFlag::sparsity",1024,0.1,268634
STDDEV,int64_t,"AnalysisFlag::sparsity",1024,0.1,272742
STDDEV,int64_t,"AnalysisFlag::sparsity",1024,0.1,269083
STDDEV,int64_t,"AnalysisFlag::sparsity",1024,0.1,268979
STDDEV,int64_t,"AnalysisFlag::sparsity",2048,0.1,1.07527e+06
STDDEV,int64_t,"AnalysisFlag::sparsity",2048,0.1,1.07184e+06
STDDEV,int64_t,"AnalysisFlag::sparsity",2048,0.1,1.07169e+06
STDDEV,int64_t,"AnalysisFlag::sparsity",2048,0.1,1.07187e+06
STDDEV,int64_t,"AnalysisFlag::sparsity",2048,0.1,1.0727e+06
STDDEV,int64_t,"AnalysisFlag::sparsity",2048,0.1,1.07061e+06
STDDEV,int64_t,"AnalysisFlag::sparsity",2048,0.1,1.07373e+06
STDDEV,int64_t,"AnalysisFlag::sparsity",2048,0.1,1.07305e+06
STDDEV,int64_t,"AnalysisFlag::sparsity",2048,0.1,1.07272e+06
STDDEV,int64_t,"AnalysisFlag::sparsity",2048,0.1,1.07298e+06
STDDEV,int64_t,"AnalysisFlag::sparsity",4096,0.1,5.04273e+06
STDDEV,int64_t,"AnalysisFlag::sparsity",4096,0.1,5.03212e+06
STDDEV,int64_t,"AnalysisFlag::sparsity",4096,0.1,5.01622e+06
STDDEV,int64_t,"AnalysisFlag::sparsity",4096,0.1,5.01975e+06
STDDEV,int64_t,"AnalysisFlag::sparsity",4096,0.1,5.02129e+06
STDDEV,int64_t,"AnalysisFlag::sparsity",4096,0.1,5.01788e+06
STDDEV,int64_t,"AnalysisFlag::sparsity",4096,0.1,5.03861e+06
STDDEV,int64_t,"AnalysisFlag::sparsity",4096,0.1,5.01376e+06
STDDEV,int64_t,"AnalysisFlag::sparsity",4096,0.1,5.01319e+06
STDDEV,int64_t,"AnalysisFlag::sparsity",4096,0.1,5.02699e+06
STDDEV,double,"AnalysisFlag::sparsity",1024,0.2,539225
STDDEV,double,"AnalysisFlag::sparsity",1024,0.2,469806
STDDEV,double,"AnalysisFlag::sparsity",1024,0.2,525527
STDDEV,double,"AnalysisFlag::sparsity",1024,0.2,526018
STDDEV,double,"AnalysisFlag::sparsity",1024,0.2,512118
STDDEV,double,"AnalysisFlag::sparsity",1024,0.2,516010
STDDEV,double,"AnalysisFlag::sparsity",1024,0.2,468644
STDDEV,double,"AnalysisFlag::sparsity",1024,0.2,527789
STDDEV,double,"AnalysisFlag::sparsity",1024,0.2,526735
STDDEV,double,"AnalysisFlag::sparsity",1024,0.2,464632
STDDEV,double,"AnalysisFlag::sparsity",2048,0.2,2.21172e+06
STDDEV,double,"AnalysisFlag::sparsity",2048,0.2,2.20256e+06
STDDEV,double,"AnalysisFlag::sparsity",2048,0.2,2.2044e+06
STDDEV,double,"AnalysisFlag::sparsity",2048,0.2,2.20626e+06
STDDEV,double,"AnalysisFlag::sparsity",2048,0.2,2.20278e+06
STDDEV,double,"AnalysisFlag::sparsity",2048,0.2,2.20018e+06
STDDEV,double,"AnalysisFlag::sparsity",2048,0.2,2.20124e+06
STDDEV,double,"AnalysisFlag::sparsity",2048,0.2,2.20307e+06
STDDEV,double,"AnalysisFlag::sparsity",2048,0.2,2.20569e+06
STDDEV,double,"AnalysisFlag::sparsity",2048,0.2,2.16916e+06
STDDEV,double,"AnalysisFlag::sparsity",4096,0.2,1.06961e+07
STDDEV,double,"AnalysisFlag::sparsity",4096,0.2,1.07162e+07
STDDEV,double,"AnalysisFlag::sparsity",4096,0.2,1.06928e+07
STDDEV,double,"AnalysisFlag::sparsity",4096,0.2,1.06511e+07
STDDEV,double,"AnalysisFlag::sparsity",4096,0.2,1.07302e+07
STDDEV,double,"AnalysisFlag::sparsity",4096,0.2,1.07067e+07
STDDEV,double,"AnalysisFlag::sparsity",4096,0.2,1.07113e+07
STDDEV,double,"AnalysisFlag::sparsity",4096,0.2,1.07085e+07
STDDEV,double,"AnalysisFlag::sparsity",4096,0.2,1.06936e+07
STDDEV,double,"AnalysisFlag::sparsity",4096,0.2,1.06788e+07
STDDEV,int64_t,"AnalysisFlag::sparsity",1024,0.2,535468
STDDEV,int64_t,"AnalysisFlag::sparsity",1024,0.2,532563
STDDEV,int64_t,"AnalysisFlag::sparsity",1024,0.2,527739
STDDEV,int64_t,"AnalysisFlag::sparsity",1024,0.2,528416
STDDEV,int64_t,"AnalysisFlag::sparsity",1024,0.2,529205
STDDEV,int64_t,"AnalysisFlag::sparsity",1024,0.2,530710
STDDEV,int64_t,"AnalysisFlag::sparsity",1024,0.2,528373
STDDEV,int64_t,"AnalysisFlag::sparsity",1024,0.2,529647
STDDEV,int64_t,"AnalysisFlag::sparsity",1024,0.2,530947
STDDEV,int64_t,"AnalysisFlag::sparsity",1024,0.2,528762
STDDEV,int64_t,"AnalysisFlag::sparsity",2048,0.2,2.06068e+06
STDDEV,int64_t,"AnalysisFlag::sparsity",2048,0.2,2.02337e+06
STDDEV,int64_t,"AnalysisFlag::sparsity",2048,0.2,2.02284e+06
STDDEV,int64_t,"AnalysisFlag::sparsity",2048,0.2,2.02011e+06
STDDEV,int64_t,"AnalysisFlag::sparsity",2048,0.2,2.02226e+06
STDDEV,int64_t,"AnalysisFlag::sparsity",2048,0.2,2.02487e+06
STDDEV,int64_t,"AnalysisFlag::sparsity",2048,0.2,2.0216e+06
STDDEV,int64_t,"AnalysisFlag::sparsity",2048,0.2,2.02424e+06
STDDEV,int64_t,"AnalysisFlag::sparsity",2048,0.2,2.02119e+06
STDDEV,int64_t,"AnalysisFlag::sparsity",2048,0.2,2.01941e+06
STDDEV,int64_t,"AnalysisFlag::sparsity",4096,0.2,9.23357e+06
STDDEV,int64_t,"AnalysisFlag::sparsity",4096,0.2,9.23966e+06
STDDEV,int64_t,"AnalysisFlag::sparsity",4096,0.2,9.26005e+06
STDDEV,int64_t,"AnalysisFlag::sparsity",4096,0.2,9.26121e+06
STDDEV,int64_t,"AnalysisFlag::sparsity",4096,0.2,9.2525e+06
STDDEV,int64_t,"AnalysisFlag::sparsity",4096,0.2,9.27713e+06
STDDEV,int64_t,"AnalysisFlag::sparsity",4096,0.2,9.27171e+06
STDDEV,int64_t,"AnalysisFlag::sparsity",4096,0.2,9.24691e+06
STDDEV,int64_t,"AnalysisFlag::sparsity",4096,0.2,9.25414e+06
STDDEV,int64_t,"AnalysisFlag::sparsity",4096,0.2,9.25323e+06
STDDEV,double,"AnalysisFlag::sparsity",1024,0.25,1.94635e+06
STDDEV,double,"AnalysisFlag::sparsity",1024,0.25,1.93157e+06
STDDEV,double,"AnalysisFlag::sparsity",1024,0.25,1.93135e+06
STDDEV,double,"AnalysisFlag::sparsity",1024,0.25,1.93117e+06
STDDEV,double,"AnalysisFlag::sparsity",1024,0.25,1.9319e+06
STDDEV,double,"AnalysisFlag::sparsity",1024,0.25,1.931e+06
STDDEV,double,"AnalysisFlag::sparsity",1024,0.25,1.93318e+06
STDDEV,double,"AnalysisFlag::sparsity",1024,0.25,1.93513e+06
STDDEV,double,"AnalysisFlag::sparsity",1024,0.25,1.93249e+06
STDDEV,double,"AnalysisFlag::sparsity",1024,0.25,1.9332e+06
STDDEV,double,"AnalysisFlag::sparsity",2048,0.25,8.53929e+06
STDDEV,double,"AnalysisFlag::sparsity",2048,0.25,8.61249e+06
STDDEV,double,"AnalysisFlag::sparsity",2048,0.25,8.62043e+06
STDDEV,double,"AnalysisFlag::sparsity",2048,0.25,8.58597e+06
STDDEV,double,"AnalysisFlag::sparsity",2048,0.25,8.6145e+06
STDDEV,double,"AnalysisFlag::sparsity",2048,0.25,8.58945e+06
STDDEV,double,"AnalysisFlag::sparsity",2048,0.25,8.5732e+06
STDDEV,double,"AnalysisFlag::sparsity",2048,0.25,8.6027e+06
STDDEV,double,"AnalysisFlag::sparsity",2048,0.25,8.61766e+06
STDDEV,double,"AnalysisFlag::sparsity",2048,0.25,8.60016e+06
STDDEV,double,"AnalysisFlag::sparsity",4096,0.25,3.52942e+07
STDDEV,double,"AnalysisFlag::sparsity",4096,0.25,3.53223e+07
STDDEV,double,"AnalysisFlag::sparsity",4096,0.25,3.53072e+07
STDDEV,double,"AnalysisFlag::sparsity",4096,0.25,3.53257e+07
STDDEV,double,"AnalysisFlag::sparsity",4096,0.25,3.52989e+07
STDDEV,double,"AnalysisFlag::sparsity",4096,0.25,3.52848e+07
STDDEV,double,"AnalysisFlag::sparsity",4096,0.25,3.5297e+07
STDDEV,double,"AnalysisFlag::sparsity",4096,0.25,3.53093e+07
STDDEV,double,"AnalysisFlag::sparsity",4096,0.25,3.53189e+07
STDDEV,double,"AnalysisFlag::sparsity",4096,0.25,3.53175e+07
STDDEV,int64_t,"AnalysisFlag::sparsity",1024,0.25,1.68382e+06
STDDEV,int64_t,"AnalysisFlag::sparsity",1024,0.25,1.64206e+06
STDDEV,int64_t,"AnalysisFlag::sparsity",1024,0.25,1.67429e+06
STDDEV,int64_t,"AnalysisFlag::sparsity",1024,0.25,1.64192e+06
STDDEV,int64_t,"AnalysisFlag::sparsity",1024,0.25,1.64342e+06
STDDEV,int64_t,"AnalysisFlag::sparsity",1024,0.25,1.64401e+06
STDDEV,int64_t,"AnalysisFlag::sparsity",1024,0.25,1.64288e+06
STDDEV,int64_t,"AnalysisFlag::sparsity",1024,0.25,1.64354e+06
STDDEV,int64_t,"AnalysisFlag::sparsity",1024,0.25,1.64275e+06
STDDEV,int64_t,"AnalysisFlag::sparsity",1024,0.25,1.64198e+06
STDDEV,int64_t,"AnalysisFlag::sparsity",2048,0.25,6.86799e+06
STDDEV,int64_t,"AnalysisFlag::sparsity",2048,0.25,6.86304e+06
STDDEV,int64_t,"AnalysisFlag::sparsity",2048,0.25,6.86521e+06
STDDEV,int64_t,"AnalysisFlag::sparsity",2048,0.25,6.87909e+06
STDDEV,int64_t,"AnalysisFlag::sparsity",2048,0.25,6.88921e+06
STDDEV,int64_t,"AnalysisFlag::sparsity",2048,0.25,6.84642e+06
STDDEV,int64_t,"AnalysisFlag::sparsity",2048,0.25,6.83252e+06
STDDEV,int64_t,"AnalysisFlag::sparsity",2048,0.25,6.87999e+06
STDDEV,int64_t,"AnalysisFlag::sparsity",2048,0.25,6.85564e+06
STDDEV,int64_t,"AnalysisFlag::sparsity",2048,0.25,6.85847e+06
STDDEV,int64_t,"AnalysisFlag::sparsity",4096,0.25,2.75954e+07
STDDEV,int64_t,"AnalysisFlag::sparsity",4096,0.25,2.76889e+07
STDDEV,int64_t,"AnalysisFlag::sparsity",4096,0.25,2.75495e+07
STDDEV,int64_t,"AnalysisFlag::sparsity",4096,0.25,2.76774e+07
STDDEV,int64_t,"AnalysisFlag::sparsity",4096,0.25,2.75857e+07
STDDEV,int64_t,"AnalysisFlag::sparsity",4096,0.25,2.76244e+07
STDDEV,int64_t,"AnalysisFlag::sparsity",4096,0.25,2.77726e+07
STDDEV,int64_t,"AnalysisFlag::sparsity",4096,0.25,2.76219e+07
STDDEV,int64_t,"AnalysisFlag::sparsity",4096,0.25,2.76379e+07
STDDEV,int64_t,"AnalysisFlag::sparsity",4096,0.25,2.75946e+07
STDDEV,double,"AnalysisFlag::sparsity",1024,1,2.16884e+06
STDDEV,double,"AnalysisFlag::sparsity",1024,1,1.93175e+06
STDDEV,double,"AnalysisFlag::sparsity",1024,1,1.93534e+06
STDDEV,double,"AnalysisFlag::sparsity",1024,1,1.93164e+06
STDDEV,double,"AnalysisFlag::sparsity",1024,1,1.93277e+06
STDDEV,double,"AnalysisFlag::sparsity",1024,1,1.93676e+06
STDDEV,double,"AnalysisFlag::sparsity",1024,1,1.94076e+06
STDDEV,double,"AnalysisFlag::sparsity",1024,1,1.92955e+06
STDDEV,double,"AnalysisFlag::sparsity",1024,1,1.93229e+06
STDDEV,double,"AnalysisFlag::sparsity",1024,1,1.93252e+06
STDDEV,double,"AnalysisFlag::sparsity",2048,1,8.66018e+06
STDDEV,double,"AnalysisFlag::sparsity",2048,1,8.60132e+06
STDDEV,double,"AnalysisFlag::sparsity",2048,1,8.58174e+06
STDDEV,double,"AnalysisFlag::sparsity",2048,1,8.59556e+06
STDDEV,double,"AnalysisFlag::sparsity",2048,1,8.57651e+06
STDDEV,double,"AnalysisFlag::sparsity",2048,1,8.58531e+06
STDDEV,double,"AnalysisFlag::sparsity",2048,1,8.58477e+06
STDDEV,double,"AnalysisFlag::sparsity",2048,1,8.58872e+06
STDDEV,double,"AnalysisFlag::sparsity",2048,1,8.60592e+06
STDDEV,double,"AnalysisFlag::sparsity",2048,1,8.58098e+06
STDDEV,double,"AnalysisFlag::sparsity",4096,1,3.53137e+07
STDDEV,double,"AnalysisFlag::sparsity",4096,1,3.53067e+07
STDDEV,double,"AnalysisFlag::sparsity",4096,1,3.53151e+07
STDDEV,double,"AnalysisFlag::sparsity",4096,1,3.5391e+07
STDDEV,double,"AnalysisFlag::sparsity",4096,1,3.53232e+07
STDDEV,double,"AnalysisFlag::sparsity",4096,1,3.53162e+07
STDDEV,double,"AnalysisFlag::sparsity",4096,1,3.52965e+07
STDDEV,double,"AnalysisFlag::sparsity",4096,1,3.53157e+07
STDDEV,double,"AnalysisFlag::sparsity",4096,1,3.53221e+07
STDDEV,double,"AnalysisFlag::sparsity",4096,1,3.52977e+07
STDDEV,int64_t,"AnalysisFlag::sparsity",1024,1,1.93769e+06
STDDEV,int64_t,"AnalysisFlag::sparsity",1024,1,1.68167e+06
STDDEV,int64_t,"AnalysisFlag::sparsity",1024,1,1.64441e+06
STDDEV,int64_t,"AnalysisFlag::sparsity",1024,1,1.64477e+06
STDDEV,int64_t,"AnalysisFlag::sparsity",1024,1,1.64529e+06
STDDEV,int64_t,"AnalysisFlag::sparsity",1024,1,1.64415e+06
STDDEV,int64_t,"AnalysisFlag::sparsity",1024,1,1.64484e+06
STDDEV,int64_t,"AnalysisFlag::sparsity",1024,1,1.64443e+06
STDDEV,int64_t,"AnalysisFlag::sparsity",1024,1,1.64502e+06
STDDEV,int64_t,"AnalysisFlag::sparsity",1024,1,1.64305e+06
STDDEV,int64_t,"AnalysisFlag::sparsity",2048,1,6.93954e+06
STDDEV,int64_t,"AnalysisFlag::sparsity",2048,1,6.86554e+06
STDDEV,int64_t,"AnalysisFlag::sparsity",2048,1,6.87096e+06
STDDEV,int64_t,"AnalysisFlag::sparsity",2048,1,6.85181e+06
STDDEV,int64_t,"AnalysisFlag::sparsity",2048,1,6.88424e+06
STDDEV,int64_t,"AnalysisFlag::sparsity",2048,1,6.84573e+06
STDDEV,int64_t,"AnalysisFlag::sparsity",2048,1,6.88522e+06
STDDEV,int64_t,"AnalysisFlag::sparsity",2048,1,6.8502e+06
STDDEV,int64_t,"AnalysisFlag::sparsity",2048,1,6.85366e+06
STDDEV,int64_t,"AnalysisFlag::sparsity",2048,1,6.84126e+06
STDDEV,int64_t,"AnalysisFlag::sparsity",4096,1,2.75694e+07
STDDEV,int64_t,"AnalysisFlag::sparsity",4096,1,2.75621e+07
STDDEV,int64_t,"AnalysisFlag::sparsity",4096,1,2.76817e+07
STDDEV,int64_t,"AnalysisFlag::sparsity",4096,1,2.75033e+07
STDDEV,int64_t,"AnalysisFlag::sparsity",4096,1,2.7617e+07
STDDEV,int64_t,"AnalysisFlag::sparsity",4096,1,2.75253e+07
STDDEV,int64_t,"AnalysisFlag::sparsity",4096,1,2.76366e+07
STDDEV,int64_t,"AnalysisFlag::sparsity",4096,1,2.75802e+07
STDDEV,int64_t,"AnalysisFlag::sparsity",4096,1,2.76234e+07
STDDEV,int64_t,"AnalysisFlag::sparsity",4096,1,2.76104e+07
VAR,double,"AnalysisFlag::sparsity",1024,0.001,11134
VAR,double,"AnalysisFlag::sparsity",1024,0.001,8181
VAR,double,"AnalysisFlag::sparsity",1024,0.001,8235
VAR,double,"AnalysisFlag::sparsity",1024,0.001,8335
VAR,double,"AnalysisFlag::sparsity",1024,0.001,8300
VAR,double,"AnalysisFlag::sparsity",1024,0.001,8457
VAR,double,"AnalysisFlag::sparsity",1024,0.001,8306
VAR,double,"AnalysisFlag::sparsity",1024,0.001,8245
VAR,double,"AnalysisFlag::sparsity",1024,0.001,8041
VAR,double,"AnalysisFlag::sparsity",1024,0.001,8176
VAR,double,"AnalysisFlag::sparsity",2048,0.001,23316
VAR,double,"AnalysisFlag::sparsity",2048,0.001,21641
VAR,double,"AnalysisFlag::sparsity",2048,0.001,21639
VAR,double,"AnalysisFlag::sparsity",2048,0.001,21264
VAR,double,"AnalysisFlag::sparsity",2048,0.001,20808
VAR,double,"AnalysisFlag::sparsity",2048,0.001,20915
VAR,double,"AnalysisFlag::sparsity",2048,0.001,20841
VAR,double,"AnalysisFlag::sparsity",2048,0.001,20752
VAR,double,"AnalysisFlag::sparsity",2048,0.001,20809
VAR,double,"AnalysisFlag::sparsity",2048,0.001,21122
VAR,double,"AnalysisFlag::sparsity",4096,0.001,72925
VAR,double,"AnalysisFlag::sparsity",4096,0.001,72270
VAR,double,"AnalysisFlag::sparsity",4096,0.001,72492
VAR,double,"AnalysisFlag::sparsity",4096,0.001,74167
VAR,double,"AnalysisFlag::sparsity",4096,0.001,74991
VAR,double,"AnalysisFlag::sparsity",4096,0.001,72035
VAR,double,"AnalysisFlag::sparsity",4096,0.001,72590
VAR,double,"AnalysisFlag::sparsity",4096,0.001,72335
VAR,double,"AnalysisFlag::sparsity",4096,0.001,72301
VAR,double,"AnalysisFlag::sparsity",4096,0.001,72118
VAR,int64_t,"AnalysisFlag::sparsity",1024,0.001,12922
VAR,int64_t,"AnalysisFlag::sparsity",1024,0.001,11689
VAR,int64_t,"AnalysisFlag::sparsity",1024,0.001,11550
VAR,int64_t,"AnalysisFlag::sparsity",1024,0.001,11198
VAR,int64_t,"AnalysisFlag::sparsity",1024,0.001,11420
VAR,int64_t,"AnalysisFlag::sparsity",1024,0.001,11203
VAR,int64_t,"AnalysisFlag::sparsity",1024,0.001,11326
VAR,int64_t,"AnalysisFlag::sparsity",1024,0.001,11298
VAR,int64_t,"AnalysisFlag::sparsity",1024,0.001,11105
VAR,int64_t,"AnalysisFlag::sparsity",1024,0.001,11464
VAR,int64_t,"AnalysisFlag::sparsity",2048,0.001,27505
VAR,int64_t,"AnalysisFlag::sparsity",2048,0.001,27435
VAR,int64_t,"AnalysisFlag::sparsity",2048,0.001,27542
VAR,int64_t,"AnalysisFlag::sparsity",2048,0.001,27746
VAR,int64_t,"AnalysisFlag::sparsity",2048,0.001,27472
VAR,int64_t,"AnalysisFlag::sparsity",2048,0.001,27492
VAR,int64_t,"AnalysisFlag::sparsity",2048,0.001,27690
VAR,int64_t,"AnalysisFlag::sparsity",2048,0.001,27762
VAR,int64_t,"AnalysisFlag::sparsity",2048,0.001,27755
VAR,int64_t,"AnalysisFlag::sparsity",2048,0.001,27561
VAR,int64_t,"AnalysisFlag::sparsity",4096,0.001,85258
VAR,int64_t,"AnalysisFlag::sparsity",4096,0.001,85375
VAR,int64_t,"AnalysisFlag::sparsity",4096,0.001,85185
VAR,int64_t,"AnalysisFlag::sparsity",4096,0.001,85389
VAR,int64_t,"AnalysisFlag::sparsity",4096,0.001,85552
VAR,int64_t,"AnalysisFlag::sparsity",4096,0.001,85378
VAR,int64_t,"AnalysisFlag::sparsity",4096,0.001,85513
VAR,int64_t,"AnalysisFlag::sparsity",4096,0.001,85511
VAR,int64_t,"AnalysisFlag::sparsity",4096,0.001,85821
VAR,int64_t,"AnalysisFlag::sparsity",4096,0.001,85549
VAR,double,"AnalysisFlag::sparsity",1024,0.01,33377
VAR,double,"AnalysisFlag::sparsity",1024,0.01,32118
VAR,double,"AnalysisFlag::sparsity",1024,0.01,33201
VAR,double,"AnalysisFlag::sparsity",1024,0.01,32186
VAR,double,"AnalysisFlag::sparsity",1024,0.01,31755
VAR,double,"AnalysisFlag::sparsity",1024,0.01,31904
VAR,double,"AnalysisFlag::sparsity",1024,0.01,32243
VAR,double,"AnalysisFlag::sparsity",1024,0.01,31657
VAR,double,"AnalysisFlag::sparsity",1024,0.01,31795
VAR,double,"AnalysisFlag::sparsity",1024,0.01,32039
VAR,double,"AnalysisFlag::sparsity",2048,0.01,119710
VAR,double,"AnalysisFlag::sparsity",2048,0.01,117960
VAR,double,"AnalysisFlag::sparsity",2048,0.01,116425
VAR,double,"AnalysisFlag::sparsity",2048,0.01,117948
VAR,double,"AnalysisFlag::sparsity",2048,0.01,105821
VAR,double,"AnalysisFlag::sparsity",2048,0.01,116367
VAR,double,"AnalysisFlag::sparsity",2048,0.01,117097
VAR,double,"AnalysisFlag::sparsity",2048,0.01,117879
VAR,double,"AnalysisFlag::sparsity",2048,0.01,119252
VAR,double,"AnalysisFlag::sparsity",2048,0.01,118337
VAR,double,"AnalysisFlag::sparsity",4096,0.01,545026
VAR,double,"AnalysisFlag::sparsity",4096,0.01,537067
VAR,double,"AnalysisFlag::sparsity",4096,0.01,535987
VAR,double,"AnalysisFlag::sparsity",4096,0.01,536646
VAR,double,"AnalysisFlag::sparsity",4096,0.01,537197
VAR,double,"AnalysisFlag::sparsity",4096,0.01,536636
VAR,double,"AnalysisFlag::sparsity",4096,0.01,535688
VAR,double,"AnalysisFlag::sparsity",4096,0.01,538875
VAR,double,"AnalysisFlag::sparsity",4096,0.01,536265
VAR,double,"AnalysisFlag::sparsity",4096,0.01,535093
VAR,int64_t,"AnalysisFlag::sparsity",1024,0.01,37352
VAR,int64_t,"AnalysisFlag::sparsity",1024,0.01,36336
VAR,int64_t,"AnalysisFlag::sparsity",1024,0.01,35205
VAR,int64_t,"AnalysisFlag::sparsity",1024,0.01,35012
VAR,int64_t,"AnalysisFlag::sparsity",1024,0.01,35488
VAR,int64_t,"AnalysisFlag::sparsity",1024,0.01,35568
VAR,int64_t,"AnalysisFlag::sparsity",1024,0.01,35327
VAR,int64_t,"AnalysisFlag::sparsity",1024,0.01,37065
VAR,int64_t,"AnalysisFlag::sparsity",1024,0.01,37645
VAR,int64_t,"AnalysisFlag::sparsity",1024,0.01,35152
VAR,int64_t,"AnalysisFlag::sparsity",2048,0.01,125109
VAR,int64_t,"AnalysisFlag::sparsity",2048,0.01,125019
VAR,int64_t,"AnalysisFlag::sparsity",2048,0.01,126655
VAR,int64_t,"AnalysisFlag::sparsity",2048,0.01,123690
VAR,int64_t,"AnalysisFlag::sparsity",2048,0.01,124512
VAR,int64_t,"AnalysisFlag::sparsity",2048,0.01,124152
VAR,int64_t,"AnalysisFlag::sparsity",2048,0.01,124537
VAR,int64_t,"AnalysisFlag::sparsity",2048,0.01,124215
VAR,int64_t,"AnalysisFlag::sparsity",2048,0.01,124109
VAR,int64_t,"AnalysisFlag::sparsity",2048,0.01,124429
VAR,int64_t,"AnalysisFlag::sparsity",4096,0.01,556900
VAR,int64_t,"AnalysisFlag::sparsity",4096,0.01,553382
VAR,int64_t,"AnalysisFlag::sparsity",4096,0.01,553029
VAR,int64_t,"AnalysisFlag::sparsity",4096,0.01,554794
VAR,int64_t,"AnalysisFlag::sparsity",4096,0.01,552730
VAR,int64_t,"AnalysisFlag::sparsity",4096,0.01,554078
VAR,int64_t,"AnalysisFlag::sparsity",4096,0.01,554015
VAR,int64_t,"AnalysisFlag::sparsity",4096,0.01,554101
VAR,int64_t,"AnalysisFlag::sparsity",4096,0.01,552535
VAR,int64_t,"AnalysisFlag::sparsity",4096,0.01,550522
VAR,double,"AnalysisFlag::sparsity",1024,0.05,136299
VAR,double,"AnalysisFlag::sparsity",1024,0.05,135902
VAR,double,"AnalysisFlag::sparsity",1024,0.05,137641
VAR,double,"AnalysisFlag::sparsity",1024,0.05,134999
VAR,double,"AnalysisFlag::sparsity",1024,0.05,134662
VAR,double,"AnalysisFlag::sparsity",1024,0.05,135411
VAR,double,"AnalysisFlag::sparsity",1024,0.05,137255
VAR,double,"AnalysisFlag::sparsity",1024,0.05,136068
VAR,double,"AnalysisFlag::sparsity",1024,0.05,135137
VAR,double,"AnalysisFlag::sparsity",1024,0.05,135065
VAR,double,"AnalysisFlag::sparsity",2048,0.05,544370
VAR,double,"AnalysisFlag::sparsity",2048,0.05,483544
VAR,double,"AnalysisFlag::sparsity",2048,0.05,488087
VAR,double,"AnalysisFlag::sparsity",2048,0.05,549530
VAR,double,"AnalysisFlag::sparsity",2048,0.05,546508
VAR,double,"AnalysisFlag::sparsity",2048,0.05,548059
VAR,double,"AnalysisFlag::sparsity",2048,0.05,548049
VAR,double,"AnalysisFlag::sparsity",2048,0.05,488335
VAR,double,"AnalysisFlag::sparsity",2048,0.05,546614
VAR,double,"AnalysisFlag::sparsity",2048,0.05,546686
VAR,double,"AnalysisFlag::sparsity",4096,0.05,2.66306e+06
VAR,double,"AnalysisFlag::sparsity",4096,0.05,2.62888e+06
VAR,double,"AnalysisFlag::sparsity",4096,0.05,2.60511e+06
VAR,double,"AnalysisFlag::sparsity",4096,0.05,2.62262e+06
VAR,double,"AnalysisFlag::sparsity",4096,0.05,2.62999e+06
VAR,double,"AnalysisFlag::sparsity",4096,0.05,2.62622e+06
VAR,double,"AnalysisFlag::sparsity",4096,0.05,2.54278e+06
VAR,double,"AnalysisFlag::sparsity",4096,0.05,2.62815e+06
VAR,double,"AnalysisFlag::sparsity",4096,0.05,2.63197e+06
VAR,double,"AnalysisFlag::sparsity",4096,0.05,2.63654e+06
VAR,int64_t,"AnalysisFlag::sparsity",1024,0.05,142087
VAR,int64_t,"AnalysisFlag::sparsity",1024,0.05,143073
VAR,int64_t,"AnalysisFlag::sparsity",1024,0.05,139530
VAR,int64_t,"AnalysisFlag::sparsity",1024,0.05,140781
VAR,int64_t,"AnalysisFlag::sparsity",1024,0.05,140399
VAR,int64_t,"AnalysisFlag::sparsity",1024,0.05,138392
VAR,int64_t,"AnalysisFlag::sparsity",1024,0.05,139844
VAR,int64_t,"AnalysisFlag::sparsity",1024,0.05,139621
VAR,int64_t,"AnalysisFlag::sparsity",1024,0.05,138525
VAR,int64_t,"AnalysisFlag::sparsity",1024,0.05,138888
VAR,int64_t,"AnalysisFlag::sparsity",2048,0.05,550498
VAR,int64_t,"AnalysisFlag::sparsity",2048,0.05,552377
VAR,int64_t,"AnalysisFlag::sparsity",2048,0.05,552509
VAR,int64_t,"AnalysisFlag::sparsity",2048,0.05,549401
VAR,int64_t,"AnalysisFlag::sparsity",2048,0.05,549895
VAR,int64_t,"AnalysisFlag::sparsity",2048,0.05,552171
VAR,int64_t,"AnalysisFlag::sparsity",2048,0.05,552140
VAR,int64_t,"AnalysisFlag::sparsity",2048,0.05,551447
VAR,int64_t,"AnalysisFlag::sparsity",2048,0.05,549325
VAR,int64_t,"AnalysisFlag::sparsity",2048,0.05,550070
VAR,int64_t,"AnalysisFlag::sparsity",4096,0.05,2.43452e+06
VAR,int64_t,"AnalysisFlag::sparsity",4096,0.05,2.4296e+06
VAR,int64_t,"AnalysisFlag::sparsity",4096,0.05,2.4308e+06
VAR,int64_t,"AnalysisFlag::sparsity",4096,0.05,2.43361e+06
VAR,int64_t,"AnalysisFlag::sparsity",4096,0.05,2.42746e+06
VAR,int64_t,"AnalysisFlag::sparsity",4096,0.05,2.42979e+06
VAR,int64_t,"AnalysisFlag::sparsity",4096,0.05,2.4298e+06
VAR,int64_t,"AnalysisFlag::sparsity",4096,0.05,2.43161e+06
VAR,int64_t,"AnalysisFlag::sparsity",4096,0.05,2.43105e+06
VAR,int64_t,"AnalysisFlag::sparsity",4096,0.05,2.42655e+06
VAR,double,"AnalysisFlag::sparsity",1024,0.1,266520
VAR,double,"AnalysisFlag::sparsity",1024,0.1,233995
VAR,double,"AnalysisFlag::sparsity",1024,0.1,263664
VAR,double,"AnalysisFlag::sparsity",1024,0.1,267038
VAR,double,"AnalysisFlag::sparsity",1024,0.1,232783
VAR,double,"AnalysisFlag::sparsity",1024,0.1,263433
VAR,double,"AnalysisFlag::sparsity",1024,0.1,233735
VAR,double,"AnalysisFlag::sparsity",1024,0.1,234652
VAR,double,"AnalysisFlag::sparsity",1024,0.1,232954
VAR,double,"AnalysisFlag::sparsity",1024,0.1,266069
VAR,double,"AnalysisFlag::sparsity",2048,0.1,1.08236e+06
VAR,double,"AnalysisFlag::sparsity",2048,0.1,1.08122e+06
VAR,double,"AnalysisFlag::sparsity",2048,0.1,1.08306e+06
VAR,double,"AnalysisFlag::sparsity",2048,0.1,1.08038e+06
VAR,double,"AnalysisFlag::sparsity",2048,0.1,1.08201e+06
VAR,double,"AnalysisFlag::sparsity",2048,0.1,1.08172e+06
VAR,double,"AnalysisFlag::sparsity",2048,0.1,1.08179e+06
VAR,double,"AnalysisFlag::sparsity",2048,0.1,1.08313e+06
VAR,double,"AnalysisFlag::sparsity",2048,0.1,1.04185e+06
VAR,double,"AnalysisFlag::sparsity",2048,0.1,1.08233e+06
VAR,double,"AnalysisFlag::sparsity",4096,0.1,5.7491e+06
VAR,double,"AnalysisFlag::sparsity",4096,0.1,5.70046e+06
VAR,double,"AnalysisFlag::sparsity",4096,0.1,5.69965e+06
VAR,double,"AnalysisFlag::sparsity",4096,0.1,5.6588e+06
VAR,double,"AnalysisFlag::sparsity",4096,0.1,5.68844e+06
VAR,double,"AnalysisFlag::sparsity",4096,0.1,5.67546e+06
VAR,double,"AnalysisFlag::sparsity",4096,0.1,5.67887e+06
VAR,double,"AnalysisFlag::sparsity",4096,0.1,5.69102e+06
VAR,double,"AnalysisFlag::sparsity",4096,0.1,5.7067e+06
VAR,double,"AnalysisFlag::sparsity",4096,0.1,5.67092e+06
VAR,int64_t,"AnalysisFlag::sparsity",1024,0.1,275909
VAR,int64_t,"AnalysisFlag::sparsity",1024,0.1,269922
VAR,int64_t,"AnalysisFlag::sparsity",1024,0.1,270965
VAR,int64_t,"AnalysisFlag::sparsity",1024,0.1,267059
VAR,int64_t,"AnalysisFlag::sparsity",1024,0.1,267806
VAR,int64_t,"AnalysisFlag::sparsity",1024,0.1,271489
VAR,int64_t,"AnalysisFlag::sparsity",1024,0.1,267830
VAR,int64_t,"AnalysisFlag::sparsity",1024,0.1,270367
VAR,int64_t,"AnalysisFlag::sparsity",1024,0.1,268261
VAR,int64_t,"AnalysisFlag::sparsity",1024,0.1,267734
VAR,int64_t,"AnalysisFlag::sparsity",2048,0.1,1.07946e+06
VAR,int64_t,"AnalysisFlag::sparsity",2048,0.1,1.0721e+06
VAR,int64_t,"AnalysisFlag::sparsity",2048,0.1,1.07157e+06
VAR,int64_t,"AnalysisFlag::sparsity",2048,0.1,1.07436e+06
VAR,int64_t,"AnalysisFlag::sparsity",2048,0.1,1.07208e+06
VAR,int64_t,"AnalysisFlag::sparsity",2048,0.1,1.07364e+06
VAR,int64_t,"AnalysisFlag::sparsity",2048,0.1,1.07561e+06
VAR,int64_t,"AnalysisFlag::sparsity",2048,0.1,1.07416e+06
VAR,int64_t,"AnalysisFlag::sparsity",2048,0.1,1.07427e+06
VAR,int64_t,"AnalysisFlag::sparsity",2048,0.1,1.07238e+06
VAR,int64_t,"AnalysisFlag::sparsity",4096,0.1,5.03431e+06
VAR,int64_t,"AnalysisFlag::sparsity",4096,0.1,5.0455e+06
VAR,int64_t,"AnalysisFlag::sparsity",4096,0.1,5.01204e+06
VAR,int64_t,"AnalysisFlag::sparsity",4096,0.1,5.0273e+06
VAR,int64_t,"AnalysisFlag::sparsity",4096,0.1,5.02538e+06
VAR,int64_t,"AnalysisFlag::sparsity",4096,0.1,5.0266e+06
VAR,int64_t,"AnalysisFlag::sparsity",4096,0.1,5.02887e+06
VAR,int64_t,"AnalysisFlag::sparsity",4096,0.1,5.03333e+06
VAR,int64_t,"AnalysisFlag::sparsity",4096,0.1,5.0293e+06
VAR,int64_t,"AnalysisFlag::sparsity",4096,0.1,5.02849e+06
VAR,double,"AnalysisFlag::sparsity",1024,0.2,527635
VAR,double,"AnalysisFlag::sparsity",1024,0.2,526253
VAR,double,"AnalysisFlag::sparsity",1024,0.2,526106
VAR,double,"AnalysisFlag::sparsity",1024,0.2,526253
VAR,double,"AnalysisFlag::sparsity",1024,0.2,524275
VAR,double,"AnalysisFlag::sparsity",1024,0.2,524837
VAR,double,"AnalysisFlag::sparsity",1024,0.2,525984
VAR,double,"AnalysisFlag::sparsity",1024,0.2,526845
VAR,double,"AnalysisFlag::sparsity",1024,0.2,526667
VAR,double,"AnalysisFlag::sparsity",1024,0.2,524737
VAR,double,"AnalysisFlag::sparsity",2048,0.2,2.20548e+06
VAR,double,"AnalysisFlag::sparsity",2048,0.2,2.19987e+06
VAR,double,"AnalysisFlag::sparsity",2048,0.2,2.19668e+06
VAR,double,"AnalysisFlag::sparsity",2048,0.2,2.17653e+06
VAR,double,"AnalysisFlag::sparsity",2048,0.2,2.19632e+06
VAR,double,"AnalysisFlag::sparsity",2048,0.2,2.07371e+06
VAR,double,"AnalysisFlag::sparsity",2048,0.2,2.19572e+06
VAR,double,"AnalysisFlag::sparsity",2048,0.2,2.19301e+06
VAR,double,"AnalysisFlag::sparsity",2048,0.2,2.19523e+06
VAR,double,"AnalysisFlag::sparsity",2048,0.2,2.19351e+06
VAR,double,"AnalysisFlag::sparsity",4096,0.2,1.06992e+07
VAR,double,"AnalysisFlag::sparsity",4096,0.2,1.06525e+07
VAR,double,"AnalysisFlag::sparsity",4096,0.2,1.07034e+07
VAR,double,"AnalysisFlag::sparsity",4096,0.2,1.06846e+07
VAR,double,"AnalysisFlag::sparsity",4096,0.2,1.07007e+07
VAR,double,"AnalysisFlag::sparsity",4096,0.2,1.06991e+07
VAR,double,"AnalysisFlag::sparsity",4096,0.2,1.07152e+07
VAR,double,"AnalysisFlag::sparsity",4096,0.2,1.06911e+07
VAR,double,"AnalysisFlag::sparsity",4096,0.2,1.07039e+07
VAR,double,"AnalysisFlag::sparsity",4096,0.2,1.06847e+07
VAR,int64_t,"AnalysisFlag::sparsity",1024,0.2,536026
VAR,int64_t,"AnalysisFlag::sparsity",1024,0.2,527359
VAR,int64_t,"AnalysisFlag::sparsity",1024,0.2,529777
VAR,int64_t,"AnalysisFlag::sparsity",1024,0.2,531623
VAR,int64_t,"AnalysisFlag::sparsity",1024,0.2,530698
VAR,int64_t,"AnalysisFlag::sparsity",1024,0.2,545679
VAR,int64_t,"AnalysisFlag::sparsity",1024,0.2,531381
VAR,int64_t,"AnalysisFlag::sparsity",1024,0.2,527009
VAR,int64_t,"AnalysisFlag::sparsity",1024,0.2,530038
VAR,int64_t,"AnalysisFlag::sparsity",1024,0.2,529995
VAR,int64_t,"AnalysisFlag::sparsity",2048,0.2,2.05553e+06
VAR,int64_t,"AnalysisFlag::sparsity",2048,0.2,2.01895e+06
VAR,int64_t,"AnalysisFlag::sparsity",2048,0.2,2.01787e+06
VAR,int64_t,"AnalysisFlag::sparsity",2048,0.2,2.01909e+06
VAR,int64_t,"AnalysisFlag::sparsity",2048,0.2,2.01831e+06
VAR,int64_t,"AnalysisFlag::sparsity",2048,0.2,2.02015e+06
VAR,int64_t,"AnalysisFlag::sparsity",2048,0.2,2.01984e+06
VAR,int64_t,"AnalysisFlag::sparsity",2048,0.2,2.02016e+06
VAR,int64_t,"AnalysisFlag::sparsity",2048,0.2,2.02016e+06
VAR,int64_t,"AnalysisFlag::sparsity",2048,0.2,2.01964e+06
VAR,int64_t,"AnalysisFlag::sparsity",4096,0.2,9.27106e+06
VAR,int64_t,"AnalysisFlag::sparsity",4096,0.2,9.25718e+06
VAR,int64_t,"AnalysisFlag::sparsity",4096,0.2,9.24602e+06
VAR,int64_t,"AnalysisFlag::sparsity",4096,0.2,9.23308e+06
VAR,int64_t,"AnalysisFlag::sparsity",4096,0.2,9.25487e+06
VAR,int64_t,"AnalysisFlag::sparsity",4096,0.2,9.25065e+06
VAR,int64_t,"AnalysisFlag::sparsity",4096,0.2,9.28619e+06
VAR,int64_t,"AnalysisFlag::sparsity",4096,0.2,9.24122e+06
VAR,int64_t,"AnalysisFlag::sparsity",4096,0.2,9.27714e+06
VAR,int64_t,"AnalysisFlag::sparsity",4096,0.2,9.25149e+06
VAR,double,"AnalysisFlag::sparsity",1024,0.25,1.94584e+06
VAR,double,"AnalysisFlag::sparsity",1024,0.25,1.92496e+06
VAR,double,"AnalysisFlag::sparsity",1024,0.25,1.92784e+06
VAR,double,"AnalysisFlag::sparsity",1024,0.25,1.92863e+06
VAR,double,"AnalysisFlag::sparsity",1024,0.25,1.92568e+06
VAR,double,"AnalysisFlag::sparsity",1024,0.25,1.92731e+06
VAR,double,"AnalysisFlag::sparsity",1024,0.25,1.9299e+06
VAR,double,"AnalysisFlag::sparsity",1024,0.25,1.93046e+06
VAR,double,"AnalysisFlag::sparsity",1024,0.25,1.926e+06
VAR,double,"AnalysisFlag::sparsity",1024,0.25,1.92697e+06
VAR,double,"AnalysisFlag::sparsity",2048,0.25,8.58285e+06
VAR,double,"AnalysisFlag::sparsity",2048,0.25,8.60635e+06
VAR,double,"AnalysisFlag::sparsity",2048,0.25,8.61516e+06
VAR,double,"AnalysisFlag::sparsity",2048,0.25,8.58821e+06
VAR,double,"AnalysisFlag::sparsity",2048,0.25,8.55798e+06
VAR,double,"AnalysisFlag::sparsity",2048,0.25,8.59682e+06
VAR,double,"AnalysisFlag::sparsity",2048,0.25,8.62077e+06
VAR,double,"AnalysisFlag::sparsity",2048,0.25,8.58838e+06
VAR,double,"AnalysisFlag::sparsity",2048,0.25,8.59306e+06
VAR,double,"AnalysisFlag::sparsity",2048,0.25,8.58656e+06
VAR,double,"AnalysisFlag::sparsity",4096,0.25,3.53082e+07
VAR,double,"AnalysisFlag::sparsity",4096,0.25,3.53069e+07
VAR,double,"AnalysisFlag::sparsity",4096,0.25,3.52776e+07
VAR,double,"AnalysisFlag::sparsity",4096,0.25,3.52934e+07
VAR,double,"AnalysisFlag::sparsity",4096,0.25,3.5298e+07
VAR,double,"AnalysisFlag::sparsity",4096,0.25,3.53055e+07
VAR,double,"AnalysisFlag::sparsity",4096,0.25,3.52857e+07
VAR,double,"AnalysisFlag::sparsity",4096,0.25,3.53252e+07
VAR,double,"AnalysisFlag::sparsity",4096,0.25,3.53183e+07
VAR,double,"AnalysisFlag::sparsity",4096,0.25,3.53118e+07
VAR,int64_t,"AnalysisFlag::sparsity",1024,0.25,1.68161e+06
VAR,int64_t,"AnalysisFlag::sparsity",1024,0.25,1.64311e+06
VAR,int64_t,"AnalysisFlag::sparsity",1024,0.25,1.6434e+06
VAR,int64_t,"AnalysisFlag::sparsity",1024,0.25,1.64268e+06
VAR,int64_t,"AnalysisFlag::sparsity",1024,0.25,1.64137e+06
VAR,int64_t,"AnalysisFlag::sparsity",1024,0.25,1.64322e+06
VAR,int64_t,"AnalysisFlag::sparsity",1024,0.25,1.64815e+06
VAR,int64_t,"AnalysisFlag::sparsity",1024,0.25,1.64147e+06
VAR,int64_t,"AnalysisFlag::sparsity",1024,0.25,1.64343e+06
VAR,int64_t,"AnalysisFlag::sparsity",1024,0.25,1.64124e+06
VAR,int64_t,"AnalysisFlag::sparsity",2048,0.25,6.89247e+06
VAR,int64_t,"AnalysisFlag::sparsity",2048,0.25,6.87253e+06
VAR,int64_t,"AnalysisFlag::sparsity",2048,0.25,6.85242e+06
VAR,int64_t,"AnalysisFlag::sparsity",2048,0.25,6.83039e+06
VAR,int64_t,"AnalysisFlag::sparsity",2048,0.25,6.82244e+06
VAR,int64_t,"AnalysisFlag::sparsity",2048,0.25,6.84174e+06
VAR,int64_t,"AnalysisFlag::sparsity",2048,0.25,6.85365e+06
VAR,int64_t,"AnalysisFlag::sparsity",2048,0.25,6.83026e+06
VAR,int64_t,"AnalysisFlag::sparsity",2048,0.25,6.86814e+06
VAR,int64_t,"AnalysisFlag::sparsity",2048,0.25,6.82903e+06
VAR,int64_t,"AnalysisFlag::sparsity",4096,0.25,2.78122e+07
VAR,int64_t,"AnalysisFlag::sparsity",4096,0.25,2.77474e+07
VAR,int64_t,"AnalysisFlag::sparsity",4096,0.25,2.76925e+07
VAR,int64_t,"AnalysisFlag::sparsity",4096,0.25,2.76302e+07
VAR,int64_t,"AnalysisFlag::sparsity",4096,0.25,2.76345e+07
VAR,int64_t,"AnalysisFlag::sparsity",4096,0.25,2.77223e+07
VAR,int64_t,"AnalysisFlag::sparsity",4096,0.25,2.79073e+07
VAR,int64_t,"AnalysisFlag::sparsity",4096,0.25,2.76916e+07
VAR,int64_t,"AnalysisFlag::sparsity",4096,0.25,2.76378e+07
VAR,int64_t,"AnalysisFlag::sparsity",4096,0.25,2.78043e+07
VAR,double,"AnalysisFlag::sparsity",1024,1,2.1528e+06
VAR,double,"AnalysisFlag::sparsity",1024,1,1.93307e+06
VAR,double,"AnalysisFlag::sparsity",1024,1,2.12894e+06
VAR,double,"AnalysisFlag::sparsity",1024,1,1.92896e+06
VAR,double,"AnalysisFlag::sparsity",1024,1,1.92898e+06
VAR,double,"AnalysisFlag::sparsity",1024,1,1.93219e+06
VAR,double,"AnalysisFlag::sparsity",1024,1,1.9331e+06
VAR,double,"AnalysisFlag::sparsity",1024,1,1.9308e+06
VAR,double,"AnalysisFlag::sparsity",1024,1,1.92853e+06
VAR,double,"AnalysisFlag::sparsity",1024,1,1.93282e+06
VAR,double,"AnalysisFlag::sparsity",2048,1,8.64688e+06
VAR,double,"AnalysisFlag::sparsity",2048,1,8.59421e+06
VAR,double,"AnalysisFlag::sparsity",2048,1,8.58776e+06
VAR,double,"AnalysisFlag::sparsity",2048,1,8.59589e+06
VAR,double,"AnalysisFlag::sparsity",2048,1,8.59736e+06
VAR,double,"AnalysisFlag::sparsity",2048,1,8.56106e+06
VAR,double,"AnalysisFlag::sparsity",2048,1,8.60414e+06
VAR,double,"AnalysisFlag::sparsity",2048,1,8.57825e+06
VAR,double,"AnalysisFlag::sparsity",2048,1,8.5829e+06
VAR,double,"AnalysisFlag::sparsity",2048,1,8.55333e+06
VAR,double,"AnalysisFlag::sparsity",4096,1,3.54197e+07
VAR,double,"AnalysisFlag::sparsity",4096,1,3.5337e+07
VAR,double,"AnalysisFlag::sparsity",4096,1,3.53071e+07
VAR,double,"AnalysisFlag::sparsity",4096,1,3.52964e+07
VAR,double,"AnalysisFlag::sparsity",4096,1,3.5452e+07
VAR,double,"AnalysisFlag::sparsity",4096,1,3.5288e+07
VAR,double,"AnalysisFlag::sparsity",4096,1,3.53169e+07
VAR,double,"AnalysisFlag::sparsity",4096,1,3.53105e+07
VAR,double,"AnalysisFlag::sparsity",4096,1,3.52934e+07
VAR,double,"AnalysisFlag::sparsity",4096,1,3.53084e+07
VAR,int64_t,"AnalysisFlag::sparsity",1024,1,1.81458e+06
VAR,int64_t,"AnalysisFlag::sparsity",1024,1,1.68097e+06
VAR,int64_t,"AnalysisFlag::sparsity",1024,1,1.64475e+06
VAR,int64_t,"AnalysisFlag::sparsity",1024,1,1.64239e+06
VAR,int64_t,"AnalysisFlag::sparsity",1024,1,1.64472e+06
VAR,int64_t,"AnalysisFlag::sparsity",1024,1,1.67321e+06
VAR,int64_t,"AnalysisFlag::sparsity",1024,1,1.64421e+06
VAR,int64_t,"AnalysisFlag::sparsity",1024,1,1.64203e+06
VAR,int64_t,"AnalysisFlag::sparsity",1024,1,1.64446e+06
VAR,int64_t,"AnalysisFlag::sparsity",1024,1,1.64213e+06
VAR,int64_t,"AnalysisFlag::sparsity",2048,1,6.93934e+06
VAR,int64_t,"AnalysisFlag::sparsity",2048,1,6.86395e+06
VAR,int64_t,"AnalysisFlag::sparsity",2048,1,6.85907e+06
VAR,int64_t,"AnalysisFlag::sparsity",2048,1,6.82788e+06
VAR,int64_t,"AnalysisFlag::sparsity",2048,1,6.87677e+06
VAR,int64_t,"AnalysisFlag::sparsity",2048,1,6.87298e+06
VAR,int64_t,"AnalysisFlag::sparsity",2048,1,6.85878e+06
VAR,int64_t,"AnalysisFlag::sparsity",2048,1,6.83564e+06
VAR,int64_t,"AnalysisFlag::sparsity",2048,1,6.8402e+06
VAR,int64_t,"AnalysisFlag::sparsity",2048,1,6.83673e+06
VAR,int64_t,"AnalysisFlag::sparsity",4096,1,2.76759e+07
VAR,int64_t,"AnalysisFlag::sparsity",4096,1,2.76201e+07
VAR,int64_t,"AnalysisFlag::sparsity",4096,1,2.75854e+07
VAR,int64_t,"AnalysisFlag::sparsity",4096,1,2.76266e+07
VAR,int64_t,"AnalysisFlag::sparsity",4096,1,2.75974e+07
VAR,int64_t,"AnalysisFlag::sparsity",4096,1,2.78614e+07
VAR,int64_t,"AnalysisFlag::sparsity",4096,1,2.75835e+07
VAR,int64_t,"AnalysisFlag::sparsity",4096,1,2.76585e+07
VAR,int64_t,"AnalysisFlag::sparsity",4096,1,2.76278e+07
VAR,int64_t,"AnalysisFlag::sparsity",4096,1,2.75804e+07
IDXMIN,double,"AnalysisFlag::sparsity",1024,0.25,630766
IDXMIN,double,"AnalysisFlag::sparsity",1024,0.25,598455
IDXMIN,double,"AnalysisFlag::sparsity",1024,0.25,595343
IDXMIN,double,"AnalysisFlag::sparsity",1024,0.25,643307
IDXMIN,double,"AnalysisFlag::sparsity",1024,0.25,607510
IDXMIN,double,"AnalysisFlag::sparsity",1024,0.25,594263
IDXMIN,double,"AnalysisFlag::sparsity",1024,0.25,639654
IDXMIN,double,"AnalysisFlag::sparsity",1024,0.25,644414
IDXMIN,double,"AnalysisFlag::sparsity",1024,0.25,642701
IDXMIN,double,"AnalysisFlag::sparsity",1024,0.25,639359
IDXMIN,double,"AnalysisFlag::sparsity",2048,0.25,2.87795e+06
IDXMIN,double,"AnalysisFlag::sparsity",2048,0.25,2.91406e+06
IDXMIN,double,"AnalysisFlag::sparsity",2048,0.25,2.89822e+06
IDXMIN,double,"AnalysisFlag::sparsity",2048,0.25,2.85523e+06
IDXMIN,double,"AnalysisFlag::sparsity",2048,0.25,2.80988e+06
IDXMIN,double,"AnalysisFlag::sparsity",2048,0.25,2.86474e+06
IDXMIN,double,"AnalysisFlag::sparsity",2048,0.25,2.87155e+06
IDXMIN,double,"AnalysisFlag::sparsity",2048,0.25,2.7509e+06
IDXMIN,double,"AnalysisFlag::sparsity",2048,0.25,2.82662e+06
IDXMIN,double,"AnalysisFlag::sparsity",2048,0.25,2.88124e+06
IDXMIN,double,"AnalysisFlag::sparsity",4096,0.25,1.15501e+07
IDXMIN,double,"AnalysisFlag::sparsity",4096,0.25,1.15956e+07
IDXMIN,double,"AnalysisFlag::sparsity",4096,0.25,1.13979e+07
IDXMIN,double,"AnalysisFlag::sparsity",4096,0.25,1.16692e+07
IDXMIN,double,"AnalysisFlag::sparsity",4096,0.25,1.16777e+07
IDXMIN,double,"AnalysisFlag::sparsity",4096,0.25,1.16023e+07
IDXMIN,double,"AnalysisFlag::sparsity",4096,0.25,1.15477e+07
IDXMIN,double,"AnalysisFlag::sparsity",4096,0.25,1.12933e+07
IDXMIN,double,"AnalysisFlag::sparsity",4096,0.25,1.17233e+07
IDXMIN,double,"AnalysisFlag::sparsity",4096,0.25,1.16025e+07
IDXMIN,int64_t,"AnalysisFlag::sparsity",1024,0.25,447320
IDXMIN,int64_t,"AnalysisFlag::sparsity",1024,0.25,418841
IDXMIN,int64_t,"AnalysisFlag::sparsity",1024,0.25,446989
IDXMIN,int64_t,"AnalysisFlag::sparsity",1024,0.25,422411
IDXMIN,int64_t,"AnalysisFlag::sparsity",1024,0.25,415682
IDXMIN,int64_t,"AnalysisFlag::sparsity",1024,0.25,451330
IDXMIN,int64_t,"AnalysisFlag::sparsity",1024,0.25,458746
IDXMIN,int64_t,"AnalysisFlag::sparsity",1024,0.25,457428
IDXMIN,int64_t,"AnalysisFlag::sparsity",1024,0.25,452083
IDXMIN,int64_t,"AnalysisFlag::sparsity",1024,0.25,456664
IDXMIN,int64_t,"AnalysisFlag::sparsity",2048,0.25,2.20764e+06
IDXMIN,int64_t,"AnalysisFlag::sparsity",2048,0.25,2.21402e+06
IDXMIN,int64_t,"AnalysisFlag::sparsity",2048,0.25,2.21523e+06
IDXMIN,int64_t,"AnalysisFlag::sparsity",2048,0.25,2.22893e+06
IDXMIN,int64_t,"AnalysisFlag::sparsity",2048,0.25,2.21258e+06
IDXMIN,int64_t,"AnalysisFlag::sparsity",2048,0.25,2.05898e+06
IDXMIN,int64_t,"AnalysisFlag::sparsity",2048,0.25,2.20933e+06
IDXMIN,int64_t,"AnalysisFlag::sparsity",2048,0.25,2.12437e+06
IDXMIN,int64_t,"AnalysisFlag::sparsity",2048,0.25,2.21154e+06
IDXMIN,int64_t,"AnalysisFlag::sparsity",2048,0.25,2.11257e+06
IDXMIN,int64_t,"AnalysisFlag::sparsity",4096,0.25,9.10588e+06
IDXMIN,int64_t,"AnalysisFlag::sparsity",4096,0.25,9.17395e+06
IDXMIN,int64_t,"AnalysisFlag::sparsity",4096,0.25,9.17752e+06
IDXMIN,int64_t,"AnalysisFlag::sparsity",4096,0.25,9.15479e+06
IDXMIN,int64_t,"AnalysisFlag::sparsity",4096,0.25,9.17954e+06
IDXMIN,int64_t,"AnalysisFlag::sparsity",4096,0.25,9.1892e+06
IDXMIN,int64_t,"AnalysisFlag::sparsity",4096,0.25,9.10579e+06
IDXMIN,int64_t,"AnalysisFlag::sparsity",4096,0.25,9.12136e+06
IDXMIN,int64_t,"AnalysisFlag::sparsity",4096,0.25,9.09945e+06
IDXMIN,int64_t,"AnalysisFlag::sparsity",4096,0.25,9.19492e+06
IDXMIN,double,"AnalysisFlag::sparsity",1024,1,777313
IDXMIN,double,"AnalysisFlag::sparsity",1024,1,630478
IDXMIN,double,"AnalysisFlag::sparsity",1024,1,651118
IDXMIN,double,"AnalysisFlag::sparsity",1024,1,648970
IDXMIN,double,"AnalysisFlag::sparsity",1024,1,603821
IDXMIN,double,"AnalysisFlag::sparsity",1024,1,656945
IDXMIN,double,"AnalysisFlag::sparsity",1024,1,602884
IDXMIN,double,"AnalysisFlag::sparsity",1024,1,630362
IDXMIN,double,"AnalysisFlag::sparsity",1024,1,613389
IDXMIN,double,"AnalysisFlag::sparsity",1024,1,658455
IDXMIN,double,"AnalysisFlag::sparsity",2048,1,3.02152e+06
IDXMIN,double,"AnalysisFlag::sparsity",2048,1,2.89454e+06
IDXMIN,double,"AnalysisFlag::sparsity",2048,1,2.92538e+06
IDXMIN,double,"AnalysisFlag::sparsity",2048,1,2.93832e+06
IDXMIN,double,"AnalysisFlag::sparsity",2048,1,2.84029e+06
IDXMIN,double,"AnalysisFlag::sparsity",2048,1,2.77562e+06
IDXMIN,double,"AnalysisFlag::sparsity",2048,1,2.94748e+06
IDXMIN,double,"AnalysisFlag::sparsity",2048,1,2.91556e+06
IDXMIN,double,"AnalysisFlag::sparsity",2048,1,2.83542e+06
IDXMIN,double,"AnalysisFlag::sparsity",2048,1,2.96012e+06
IDXMIN,double,"AnalysisFlag::sparsity",4096,1,1.15674e+07
IDXMIN,double,"AnalysisFlag::sparsity",4096,1,1.15217e+07
IDXMIN,double,"AnalysisFlag::sparsity",4096,1,1.12847e+07
IDXMIN,double,"AnalysisFlag::sparsity",4096,1,1.17362e+07
IDXMIN,double,"AnalysisFlag::sparsity",4096,1,1.13204e+07
IDXMIN,double,"AnalysisFlag::sparsity",4096,1,1.16852e+07
IDXMIN,double,"AnalysisFlag::sparsity",4096,1,1.17789e+07
IDXMIN,double,"AnalysisFlag::sparsity",4096,1,1.15516e+07
IDXMIN,double,"AnalysisFlag::sparsity",4096,1,1.17346e+07
IDXMIN,double,"AnalysisFlag::sparsity",4096,1,1.16941e+07
IDXMIN,int64_t,"AnalysisFlag::sparsity",1024,1,608806
IDXMIN,int64_t,"AnalysisFlag::sparsity",1024,1,431457
IDXMIN,int64_t,"AnalysisFlag::sparsity",1024,1,417794
IDXMIN,int64_t,"AnalysisFlag::sparsity",1024,1,446427
IDXMIN,int64_t,"AnalysisFlag::sparsity",1024,1,409922
IDXMIN,int64_t,"AnalysisFlag::sparsity",1024,1,410595
IDXMIN,int64_t,"AnalysisFlag::sparsity",1024,1,414308
IDXMIN,int64_t,"AnalysisFlag::sparsity",1024,1,411537
IDXMIN,int64_t,"AnalysisFlag::sparsity",1024,1,409507
IDXMIN,int64_t,"AnalysisFlag::sparsity",1024,1,412978
IDXMIN,int64_t,"AnalysisFlag::sparsity",2048,1,2.20505e+06
IDXMIN,int64_t,"AnalysisFlag::sparsity",2048,1,2.17262e+06
IDXMIN,int64_t,"AnalysisFlag::sparsity",2048,1,2.27362e+06
IDXMIN,int64_t,"AnalysisFlag::sparsity",2048,1,2.23182e+06
IDXMIN,int64_t,"AnalysisFlag::sparsity",2048,1,2.23402e+06
IDXMIN,int64_t,"AnalysisFlag::sparsity",2048,1,2.20827e+06
IDXMIN,int64_t,"AnalysisFlag::sparsity",2048,1,2.14321e+06
IDXMIN,int64_t,"AnalysisFlag::sparsity",2048,1,2.21198e+06
IDXMIN,int64_t,"AnalysisFlag::sparsity",2048,1,2.21879e+06
IDXMIN,int64_t,"AnalysisFlag::sparsity",2048,1,2.24118e+06
IDXMIN,int64_t,"AnalysisFlag::sparsity",4096,1,9.13439e+06
IDXMIN,int64_t,"AnalysisFlag::sparsity",4096,1,9.12694e+06
IDXMIN,int64_t,"AnalysisFlag::sparsity",4096,1,9.17867e+06
IDXMIN,int64_t,"AnalysisFlag::sparsity",4096,1,9.17909e+06
IDXMIN,int64_t,"AnalysisFlag::sparsity",4096,1,9.18699e+06
IDXMIN,int64_t,"AnalysisFlag::sparsity",4096,1,9.16414e+06
IDXMIN,int64_t,"AnalysisFlag::sparsity",4096,1,9.19978e+06
IDXMIN,int64_t,"AnalysisFlag::sparsity",4096,1,9.17427e+06
IDXMIN,int64_t,"AnalysisFlag::sparsity",4096,1,9.12832e+06
IDXMIN,int64_t,"AnalysisFlag::sparsity",4096,1,9.1978e+06
IDXMAX,double,"AnalysisFlag::sparsity",1024,0.25,620287
IDXMAX,double,"AnalysisFlag::sparsity",1024,0.25,673717
IDXMAX,double,"AnalysisFlag::sparsity",1024,0.25,718911
IDXMAX,double,"AnalysisFlag::sparsity",1024,0.25,720017
IDXMAX,double,"AnalysisFlag::sparsity",1024,0.25,587638
IDXMAX,double,"AnalysisFlag::sparsity",1024,0.25,717396
IDXMAX,double,"AnalysisFlag::sparsity",1024,0.25,592057
IDXMAX,double,"AnalysisFlag::sparsity",1024,0.25,684793
IDXMAX,double,"AnalysisFlag::sparsity",1024,0.25,631066
IDXMAX,double,"AnalysisFlag::sparsity",1024,0.25,719252
IDXMAX,double,"AnalysisFlag::sparsity",2048,0.25,2.78262e+06
IDXMAX,double,"AnalysisFlag::sparsity",2048,0.25,3.0504e+06
IDXMAX,double,"AnalysisFlag::sparsity",2048,0.25,2.97561e+06
IDXMAX,double,"AnalysisFlag::sparsity",2048,0.25,3.05999e+06
IDXMAX,double,"AnalysisFlag::sparsity",2048,0.25,2.9382e+06
IDXMAX,double,"AnalysisFlag::sparsity",2048,0.25,2.98626e+06
IDXMAX,double,"AnalysisFlag::sparsity",2048,0.25,2.9953e+06
IDXMAX,double,"AnalysisFlag::sparsity",2048,0.25,2.94406e+06
IDXMAX,double,"AnalysisFlag::sparsity",2048,0.25,3.00726e+06
IDXMAX,double,"AnalysisFlag::sparsity",2048,0.25,3.03784e+06
IDXMAX,double,"AnalysisFlag::sparsity",4096,0.25,1.16188e+07
IDXMAX,double,"AnalysisFlag::sparsity",4096,0.25,1.20925e+07
IDXMAX,double,"AnalysisFlag::sparsity",4096,0.25,1.22262e+07
IDXMAX,double,"AnalysisFlag::sparsity",4096,0.25,1.25484e+07
IDXMAX,double,"AnalysisFlag::sparsity",4096,0.25,1.24416e+07
IDXMAX,double,"AnalysisFlag::sparsity",4096,0.25,1.26459e+07
IDXMAX,double,"AnalysisFlag::sparsity",4096,0.25,1.16472e+07
IDXMAX,double,"AnalysisFlag::sparsity",4096,0.25,1.22908e+07
IDXMAX,double,"AnalysisFlag::sparsity",4096,0.25,1.14553e+07
IDXMAX,double,"AnalysisFlag::sparsity",4096,0.25,1.25512e+07
IDXMAX,int64_t,"AnalysisFlag::sparsity",1024,0.25,442018
IDXMAX,int64_t,"AnalysisFlag::sparsity",1024,0.25,416227
IDXMAX,int64_t,"AnalysisFlag::sparsity",1024,0.25,415923
IDXMAX,int64_t,"AnalysisFlag::sparsity",1024,0.25,421665
IDXMAX,int64_t,"AnalysisFlag::sparsity",1024,0.25,418636
IDXMAX,int64_t,"AnalysisFlag::sparsity",1024,0.25,414560
IDXMAX,int64_t,"AnalysisFlag::sparsity",1024,0.25,414946
IDXMAX,int64_t,"AnalysisFlag::sparsity",1024,0.25,420897
IDXMAX,int64_t,"AnalysisFlag::sparsity",1024,0.25,420205
IDXMAX,int64_t,"AnalysisFlag::sparsity",1024,0.25,416858
IDXMAX,int64_t,"AnalysisFlag::sparsity",2048,0.25,2.09723e+06
IDXMAX,int64_t,"AnalysisFlag::sparsity",2048,0.25,2.21036e+06
IDXMAX,int64_t,"AnalysisFlag::sparsity",2048,0.25,2.17618e+06
IDXMAX,int64_t,"AnalysisFlag::sparsity",2048,0.25,2.17272e+06
IDXMAX,int64_t,"AnalysisFlag::sparsity",2048,0.25,2.167e+06
IDXMAX,int64_t,"AnalysisFlag::sparsity",2048,0.25,2.17614e+06
IDXMAX,int64_t,"AnalysisFlag::sparsity",2048,0.25,2.16353e+06
IDXMAX,int64_t,"AnalysisFlag::sparsity",2048,0.25,2.11897e+06
IDXMAX,int64_t,"AnalysisFlag::sparsity",2048,0.25,2.18918e+06
IDXMAX,int64_t,"AnalysisFlag::sparsity",2048,0.25,2.17292e+06
IDXMAX,int64_t,"AnalysisFlag::sparsity",4096,0.25,9.11309e+06
IDXMAX,int64_t,"AnalysisFlag::sparsity",4096,0.25,9.13575e+06
IDXMAX,int64_t,"AnalysisFlag::sparsity",4096,0.25,9.10773e+06
IDXMAX,int64_t,"AnalysisFlag::sparsity",4096,0.25,9.34596e+06
IDXMAX,int64_t,"AnalysisFlag::sparsity",4096,0.25,9.21179e+06
IDXMAX,int64_t,"AnalysisFlag::sparsity",4096,0.25,9.24411e+06
IDXMAX,int64_t,"AnalysisFlag::sparsity",4096,0.25,9.13983e+06
IDXMAX,int64_t,"AnalysisFlag::sparsity",4096,0.25,9.1939e+06
IDXMAX,int64_t,"AnalysisFlag::sparsity",4096,0.25,9.26302e+06
IDXMAX,int64_t,"AnalysisFlag::sparsity",4096,0.25,9.19487e+06
IDXMAX,double,"AnalysisFlag::sparsity",1024,1,853865
IDXMAX,double,"AnalysisFlag::sparsity",1024,1,757759
IDXMAX,double,"AnalysisFlag::sparsity",1024,1,694243
IDXMAX,double,"AnalysisFlag::sparsity",1024,1,602109
IDXMAX,double,"AnalysisFlag::sparsity",1024,1,724314
IDXMAX,double,"AnalysisFlag::sparsity",1024,1,729343
IDXMAX,double,"AnalysisFlag::sparsity",1024,1,699875
IDXMAX,double,"AnalysisFlag::sparsity",1024,1,731673
IDXMAX,double,"AnalysisFlag::sparsity",1024,1,729323
IDXMAX,double,"AnalysisFlag::sparsity",1024,1,728782
IDXMAX,double,"AnalysisFlag::sparsity",2048,1,3.20918e+06
IDXMAX,double,"AnalysisFlag::sparsity",2048,1,2.80456e+06
IDXMAX,double,"AnalysisFlag::sparsity",2048,1,2.99214e+06
IDXMAX,double,"AnalysisFlag::sparsity",2048,1,2.71704e+06
IDXMAX,double,"AnalysisFlag::sparsity",2048,1,3.07379e+06
IDXMAX,double,"AnalysisFlag::sparsity",2048,1,3.06405e+06
IDXMAX,double,"AnalysisFlag::sparsity",2048,1,3.09179e+06
IDXMAX,double,"AnalysisFlag::sparsity",2048,1,3.08548e+06
IDXMAX,double,"AnalysisFlag::sparsity",2048,1,3.09517e+06
IDXMAX,double,"AnalysisFlag::sparsity",2048,1,2.72491e+06
IDXMAX,double,"AnalysisFlag::sparsity",4096,1,1.26462e+07
IDXMAX,double,"AnalysisFlag::sparsity",4096,1,1.24432e+07
IDXMAX,double,"AnalysisFlag::sparsity",4096,1,1.22776e+07
IDXMAX,double,"AnalysisFlag::sparsity",4096,1,1.23888e+07
IDXMAX,double,"AnalysisFlag::sparsity",4096,1,1.25724e+07
IDXMAX,double,"AnalysisFlag::sparsity",4096,1,1.25084e+07
IDXMAX,double,"AnalysisFlag::sparsity",4096,1,1.20223e+07
IDXMAX,double,"AnalysisFlag::sparsity",4096,1,1.21288e+07
IDXMAX,double,"AnalysisFlag::sparsity",4096,1,1.14613e+07
IDXMAX,double,"AnalysisFlag::sparsity",4096,1,1.17282e+07
IDXMAX,int64_t,"AnalysisFlag::sparsity",1024,1,589679
IDXMAX,int64_t,"AnalysisFlag::sparsity",1024,1,475119
IDXMAX,int64_t,"AnalysisFlag::sparsity",1024,1,413433
IDXMAX,int64_t,"AnalysisFlag::sparsity",1024,1,416415
IDXMAX,int64_t,"AnalysisFlag::sparsity",1024,1,412855
IDXMAX,int64_t,"AnalysisFlag::sparsity",1024,1,412927
IDXMAX,int64_t,"AnalysisFlag::sparsity",1024,1,412805
IDXMAX,int64_t,"AnalysisFlag::sparsity",1024,1,416984
IDXMAX,int64_t,"AnalysisFlag::sparsity",1024,1,414861
IDXMAX,int64_t,"AnalysisFlag::sparsity",1024,1,412428
IDXMAX,int64_t,"AnalysisFlag::sparsity",2048,1,2.19193e+06
IDXMAX,int64_t,"AnalysisFlag::sparsity",2048,1,2.19228e+06
IDXMAX,int64_t,"AnalysisFlag::sparsity",2048,1,2.24529e+06
IDXMAX,int64_t,"AnalysisFlag::sparsity",2048,1,2.23511e+06
IDXMAX,int64_t,"AnalysisFlag::sparsity",2048,1,2.16815e+06
IDXMAX,int64_t,"AnalysisFlag::sparsity",2048,1,2.21346e+06
IDXMAX,int64_t,"AnalysisFlag::sparsity",2048,1,2.23537e+06
IDXMAX,int64_t,"AnalysisFlag::sparsity",2048,1,2.2309e+06
IDXMAX,int64_t,"AnalysisFlag::sparsity",2048,1,2.20269e+06
IDXMAX,int64_t,"AnalysisFlag::sparsity",2048,1,2.21988e+06
IDXMAX,int64_t,"AnalysisFlag::sparsity",4096,1,9.1243e+06
IDXMAX,int64_t,"AnalysisFlag::sparsity",4096,1,9.15284e+06
IDXMAX,int64_t,"AnalysisFlag::sparsity",4096,1,9.13466e+06
IDXMAX,int64_t,"AnalysisFlag::sparsity",4096,1,9.17413e+06
IDXMAX,int64_t,"AnalysisFlag::sparsity",4096,1,9.14899e+06
IDXMAX,int64_t,"AnalysisFlag::sparsity",4096,1,9.14789e+06
IDXMAX,int64_t,"AnalysisFlag::sparsity",4096,1,9.17852e+06
IDXMAX,int64_t,"AnalysisFlag::sparsity",4096,1,9.12438e+06
IDXMAX,int64_t,"AnalysisFlag::sparsity",4096,1,9.14066e+06
IDXMAX,int64_t,"AnalysisFlag::sparsity",4096,1,9.1482e+06
SUM,double,"AnalysisFlag::min, AnalysisFlag::max, AnalysisFlag::mean, AnalysisFlag::sparsity, AnalysisFlag::numDistinctApprox",1024,0.001,94359
SUM,double,"AnalysisFlag::min, AnalysisFlag::max, AnalysisFlag::mean, AnalysisFlag::sparsity, AnalysisFlag::numDistinctApprox",1024,0.001,87726
SUM,double,"AnalysisFlag::min, AnalysisFlag::max, AnalysisFlag::mean, AnalysisFlag::sparsity, AnalysisFlag::numDistinctApprox",1024,0.001,89618
SUM,double,"AnalysisFlag::min, AnalysisFlag::max, AnalysisFlag::mean, AnalysisFlag::sparsity, AnalysisFlag::numDistinctApprox",1024,0.001,85620
SUM,double,"AnalysisFlag::min, AnalysisFlag::max, AnalysisFlag::mean, AnalysisFlag::sparsity, AnalysisFlag::numDistinctApprox",1024,0.001,87584
SUM,double,"AnalysisFlag::min, AnalysisFlag::max, AnalysisFlag::mean, AnalysisFlag::sparsity, AnalysisFlag::numDistinctApprox",1024,0.001,87687
SUM,double,"AnalysisFlag::min, AnalysisFlag::max, AnalysisFlag::mean, AnalysisFlag::sparsity, AnalysisFlag::numDistinctApprox",1024,0.001,86461
SUM,double,"AnalysisFlag::min, AnalysisFlag::max, AnalysisFlag::mean, AnalysisFlag::sparsity, AnalysisFlag::numDistinctApprox",1024,0.001,85913
SUM,double,"AnalysisFlag::min, AnalysisFlag::max, AnalysisFlag::mean, AnalysisFlag::sparsity, AnalysisFlag::numDistinctApprox",1024,0.001,85829
SUM,double,"AnalysisFlag::min, AnalysisFlag::max, AnalysisFlag::mean, AnalysisFlag::sparsity, AnalysisFlag::numDistinctApprox",1024,0.001,85715
SUM,double,"AnalysisFlag::min, AnalysisFlag::max, AnalysisFlag::mean, AnalysisFlag::sparsity, AnalysisFlag::numDistinctApprox",2048,0.001,204501
SUM,double,"AnalysisFlag::min, AnalysisFlag::max, AnalysisFlag::mean, AnalysisFlag::sparsity, AnalysisFlag::numDistinctApprox",2048,0.001,202054
SUM,double,"AnalysisFlag::min, AnalysisFlag::max, AnalysisFlag::mean, AnalysisFlag::sparsity, AnalysisFlag::numDistinctApprox",2048,0.001,202826
SUM,double,"AnalysisFlag::min, AnalysisFlag::max, AnalysisFlag::mean, AnalysisFlag::sparsity, AnalysisFlag::numDistinctApprox",2048,0.001,201545
SUM,double,"AnalysisFlag::min, AnalysisFlag::max, AnalysisFlag::mean, AnalysisFlag::sparsity, AnalysisFlag::numDistinctApprox",2048,0.001,201862
SUM,double,"AnalysisFlag::min, AnalysisFlag::max, AnalysisFlag::mean, AnalysisFlag::sparsity, AnalysisFlag::numDistinctApprox",2048,0.001,194418
SUM,double,"AnalysisFlag::min, AnalysisFlag::max, AnalysisFlag::mean, AnalysisFlag::sparsity, AnalysisFlag::numDistinctApprox",2048,0.001,198560
SUM,double,"AnalysisFlag::min, AnalysisFlag::max, AnalysisFlag::mean, AnalysisFlag::sparsity, AnalysisFlag::numDistinctApprox",2048,0.001,200094
SUM,double,"AnalysisFlag::min, AnalysisFlag::max, AnalysisFlag::mean, AnalysisFlag::sparsity, AnalysisFlag::numDistinctApprox",2048,0.001,195946
SUM,double,"AnalysisFlag::min, AnalysisFlag::max, AnalysisFlag::mean, AnalysisFlag::sparsity, AnalysisFlag::numDistinctApprox",2048,0.001,195111
SUM,double,"AnalysisFlag::min, AnalysisFlag::max, AnalysisFlag::mean, AnalysisFlag::sparsity, AnalysisFlag::numDistinctApprox",4096,0.001,320575
SUM,double,"AnalysisFlag::min, AnalysisFlag::max, AnalysisFlag::mean, AnalysisFlag::sparsity, AnalysisFlag::numDistinctApprox",4096,0.001,323005
SUM,double,"AnalysisFlag::min, AnalysisFlag::max, AnalysisFlag::mean, AnalysisFlag::sparsity, AnalysisFlag::numDistinctApprox",4096,0.001,324573
SUM,double,"AnalysisFlag::min, AnalysisFlag::max, AnalysisFlag::mean, AnalysisFlag::sparsity, AnalysisFlag::numDistinctApprox",4096,0.001,309397
SUM,double,"AnalysisFlag::min, AnalysisFlag::max, AnalysisFlag::mean, AnalysisFlag::sparsity, AnalysisFlag::numDistinctApprox",4096,0.001,306560
SUM,double,"AnalysisFlag::min, AnalysisFlag::max, AnalysisFlag::mean, AnalysisFlag::sparsity, AnalysisFlag::numDistinctApprox",4096,0.001,314831
SUM,double,"AnalysisFlag::min, AnalysisFlag::max, AnalysisFlag::mean, AnalysisFlag::sparsity, AnalysisFlag::numDistinctApprox",4096,0.001,309579
SUM,double,"AnalysisFlag::min, AnalysisFlag::max, AnalysisFlag::mean, AnalysisFlag::sparsity, AnalysisFlag::numDistinctApprox",4096,0.001,315711
SUM,double,"AnalysisFlag::min, AnalysisFlag::max, AnalysisFlag::mean, AnalysisFlag::sparsity, AnalysisFlag::numDistinctApprox",4096,0.001,314006
SUM,double,"AnalysisFlag::min, AnalysisFlag::max, AnalysisFlag::mean, AnalysisFlag::sparsity, AnalysisFlag::numDistinctApprox",4096,0.001,315661
SUM,int64_t,"AnalysisFlag::min, AnalysisFlag::max, AnalysisFlag::mean, AnalysisFlag::sparsity, AnalysisFlag::numDistinctApprox",1024,0.001,59962
SUM,int64_t,"AnalysisFlag::min, AnalysisFlag::max, AnalysisFlag::mean, AnalysisFlag::sparsity, AnalysisFlag::numDistinctApprox",1024,0.001,57409
SUM,int64_t,"AnalysisFlag::min, AnalysisFlag::max, AnalysisFlag::mean, AnalysisFlag::sparsity, AnalysisFlag::numDistinctApprox",1024,0.001,57090
SUM,int64_t,"AnalysisFlag::min, AnalysisFlag::max, AnalysisFlag::mean, AnalysisFlag::sparsity, AnalysisFlag::numDistinctApprox",1024,0.001,59084
SUM,int64_t,"AnalysisFlag::min, AnalysisFlag::max, AnalysisFlag::mean, AnalysisFlag::sparsity, AnalysisFlag::numDistinctApprox",1024,0.001,59392
SUM,int64_t,"AnalysisFlag::min, AnalysisFlag::max, AnalysisFlag::mean, AnalysisFlag::sparsity, AnalysisFlag::numDistinctApprox",1024,0.001,58683
SUM,int64_t,"AnalysisFlag::min, AnalysisFlag::max, AnalysisFlag::mean, AnalysisFlag::sparsity, AnalysisFlag::numDistinctApprox",1024,0.001,58358
SUM,int64_t,"AnalysisFlag::min, AnalysisFlag::max, AnalysisFlag::mean, AnalysisFlag::sparsity, AnalysisFlag::numDistinctApprox",1024,0.001,60480
SUM,int64_t,"AnalysisFlag::min, AnalysisFlag::max, AnalysisFlag::mean, AnalysisFlag::sparsity, AnalysisFlag::numDistinctApprox",1024,0.001,58576
SUM,int64_t,"AnalysisFlag::min, AnalysisFlag::max, AnalysisFlag::mean, AnalysisFlag::sparsity, AnalysisFlag::numDistinctApprox",1024,0.001,60384
SUM,int64_t,"AnalysisFlag::min, AnalysisFlag::max, AnalysisFlag::mean, AnalysisFlag::sparsity, AnalysisFlag::numDistinctApprox",2048,0.001,124399
SUM,int64_t,"AnalysisFlag::min, AnalysisFlag::max, AnalysisFlag::mean, AnalysisFlag::sparsity, AnalysisFlag::numDistinctApprox",2048,0.001,121910
SUM,int64_t,"AnalysisFlag::min, AnalysisFlag::max, AnalysisFlag::mean, AnalysisFlag::sparsity, AnalysisFlag::numDistinctApprox",2048,0.001,121540
SUM,int64_t,"AnalysisFlag::min, AnalysisFlag::max, AnalysisFlag::mean, AnalysisFlag::sparsity, AnalysisFlag::numDistinctApprox",2048,0.001,122589
SUM,int64_t,"AnalysisFlag::min, AnalysisFlag::max, AnalysisFlag::mean, AnalysisFlag::sparsity, AnalysisFlag::numDistinctApprox",2048,0.001,126904
SUM,int64_t,"AnalysisFlag::min, AnalysisFlag::max, AnalysisFlag::mean, AnalysisFlag::sparsity, AnalysisFlag::numDistinctApprox",2048,0.001,120678
SUM,int64_t,"AnalysisFlag::min, AnalysisFlag::max, AnalysisFlag::mean, AnalysisFlag::sparsity, AnalysisFlag::numDistinctApprox",2048,0.001,122225
SUM,int64_t,"AnalysisFlag::min, AnalysisFlag::max, AnalysisFlag::mean, AnalysisFlag::sparsity, AnalysisFlag::numDistinctApprox",2048,0.001,120924
SUM,int64_t,"AnalysisFlag::min, AnalysisFlag::max, AnalysisFlag::mean, AnalysisFlag::sparsity, AnalysisFlag::numDistinctApprox",2048,0.001,121637
SUM,int64_t,"AnalysisFlag::min, AnalysisFlag::max, AnalysisFlag::mean, AnalysisFlag::sparsity, AnalysisFlag::numDistinctApprox",2048,0.001,123549
SUM,int64_t,"AnalysisFlag::min, AnalysisFlag::max, AnalysisFlag::mean, AnalysisFlag::sparsity, AnalysisFlag::numDistinctApprox",4096,0.001,254400
SUM,int64_t,"AnalysisFlag::min, AnalysisFlag::max, AnalysisFlag::mean, AnalysisFlag::sparsity, AnalysisFlag::numDistinctApprox",4096,0.001,254093
SUM,int64_t,"AnalysisFlag::min, AnalysisFlag::max, AnalysisFlag::mean, AnalysisFlag::sparsity, AnalysisFlag::numDistinctApprox",4096,0.001,255399
SUM,int64_t,"AnalysisFlag::min, AnalysisFlag::max, AnalysisFlag::mean, AnalysisFlag::sparsity, AnalysisFlag::numDistinctApprox",4096,0.001,255763
SUM,int64_t,"AnalysisFlag::min, AnalysisFlag::max, AnalysisFlag::mean, AnalysisFlag::sparsity, AnalysisFlag::numDistinctApprox",4096,0.001,255264
SUM,int64_t,"AnalysisFlag::min, AnalysisFlag::max, AnalysisFlag::mean, AnalysisFlag::sparsity, AnalysisFlag::numDistinctApprox",4096,0.001,258955
SUM,int64_t,"AnalysisFlag::min, AnalysisFlag::max, AnalysisFlag::mean, AnalysisFlag::sparsity, AnalysisFlag::numDistinctApprox",4096,0.001,259454
SUM,int64_t,"AnalysisFlag::min, AnalysisFlag::max, AnalysisFlag::mean, AnalysisFlag::sparsity, AnalysisFlag::numDistinctApprox",4096,0.001,251028
SUM,int64_t,"AnalysisFlag::min, AnalysisFlag::max, AnalysisFlag::mean, AnalysisFlag::sparsity, AnalysisFlag::numDistinctApprox",4096,0.001,249287
SUM,int64_t,"AnalysisFlag::min, AnalysisFlag::max, AnalysisFlag::mean, AnalysisFlag::sparsity, AnalysisFlag::numDistinctApprox",4096,0.001,253326
SUM,double,"AnalysisFlag::min, AnalysisFlag::max, AnalysisFlag::mean, AnalysisFlag::sparsity, AnalysisFlag::numDistinctApprox",1024,0.01,125860
SUM,double,"AnalysisFlag::min, AnalysisFlag::max, AnalysisFlag::mean, AnalysisFlag::sparsity, AnalysisFlag::numDistinctApprox",1024,0.01,119827
SUM,double,"AnalysisFlag::min, AnalysisFlag::max, AnalysisFlag::mean, AnalysisFlag::sparsity, AnalysisFlag::numDistinctApprox",1024,0.01,123802
SUM,double,"AnalysisFlag::min, AnalysisFlag::max, AnalysisFlag::mean, AnalysisFlag::sparsity, AnalysisFlag::numDistinctApprox",1024,0.01,122475
SUM,double,"AnalysisFlag::min, AnalysisFlag::max, AnalysisFlag::mean, AnalysisFlag::sparsity, AnalysisFlag::numDistinctApprox",1024,0.01,120356
SUM,double,"AnalysisFlag::min, AnalysisFlag::max, AnalysisFlag::mean, AnalysisFlag::sparsity, AnalysisFlag::numDistinctApprox",1024,0.01,124643
SUM,double,"AnalysisFlag::min, AnalysisFlag::max, AnalysisFlag::mean, AnalysisFlag::sparsity, AnalysisFlag::numDistinctApprox",1024,0.01,123225
SUM,double,"AnalysisFlag::min, AnalysisFlag::max, AnalysisFlag::mean, AnalysisFlag::sparsity, AnalysisFlag::numDistinctApprox",1024,0.01,126406
SUM,double,"AnalysisFlag::min, AnalysisFlag::max, AnalysisFlag::mean, AnalysisFlag::sparsity, AnalysisFlag::numDistinctApprox",1024,0.01,126337
SUM,double,"AnalysisFlag::min, AnalysisFlag::max, AnalysisFlag::mean, AnalysisFlag::sparsity, AnalysisFlag::numDistinctApprox",1024,0.01,128343
SUM,double,"AnalysisFlag::min, AnalysisFlag::max, AnalysisFlag::mean, AnalysisFlag::sparsity, AnalysisFlag::numDistinctApprox",2048,0.01,261662
SUM,double,"AnalysisFlag::min, AnalysisFlag::max, AnalysisFlag::mean, AnalysisFlag::sparsity, AnalysisFlag::numDistinctApprox",2048,0.01,251391
SUM,double,"AnalysisFlag::min, AnalysisFlag::max, AnalysisFlag::mean, AnalysisFlag::sparsity, AnalysisFlag::numDistinctApprox",2048,0.01,252287
SUM,double,"AnalysisFlag::min, AnalysisFlag::max, AnalysisFlag::mean, AnalysisFlag::sparsity, AnalysisFlag::numDistinctApprox",2048,0.01,262232
SUM,double,"AnalysisFlag::min, AnalysisFlag::max, AnalysisFlag::mean, AnalysisFlag::sparsity, AnalysisFlag::numDistinctApprox",2048,0.01,256381
SUM,double,"AnalysisFlag::min, AnalysisFlag::max, AnalysisFlag::mean, AnalysisFlag::sparsity, AnalysisFlag::numDistinctApprox",2048,0.01,251815
SUM,double,"AnalysisFlag::min, AnalysisFlag::max, AnalysisFlag::mean, AnalysisFlag::sparsity, AnalysisFlag::numDistinctApprox",2048,0.01,257314
SUM,double,"AnalysisFlag::min, AnalysisFlag::max, AnalysisFlag::mean, AnalysisFlag::sparsity, AnalysisFlag::numDistinctApprox",2048,0.01,257855
SUM,double,"AnalysisFlag::min, AnalysisFlag::max, AnalysisFlag::mean, AnalysisFlag::sparsity, AnalysisFlag::numDistinctApprox",2048,0.01,258074
SUM,double,"AnalysisFlag::min, AnalysisFlag::max, AnalysisFlag::mean, AnalysisFlag::sparsity, AnalysisFlag::numDistinctApprox",2048,0.01,257696
SUM,double,"AnalysisFlag::min, AnalysisFlag::max, AnalysisFlag::mean, AnalysisFlag::sparsity, AnalysisFlag::numDistinctApprox",4096,0.01,546401
SUM,double,"AnalysisFlag::min, AnalysisFlag::max, AnalysisFlag::mean, AnalysisFlag::sparsity, AnalysisFlag::numDistinctApprox",4096,0.01,552671
SUM,double,"AnalysisFlag::min, AnalysisFlag::max, AnalysisFlag::mean, AnalysisFlag::sparsity, AnalysisFlag::numDistinctApprox",4096,0.01,548451
SUM,double,"AnalysisFlag::min, AnalysisFlag::max, AnalysisFlag::mean, AnalysisFlag::sparsity, AnalysisFlag::numDistinctApprox",4096,0.01,546872
SUM,double,"AnalysisFlag::min, AnalysisFlag::max, AnalysisFlag::mean, AnalysisFlag::sparsity, AnalysisFlag::numDistinctApprox",4096,0.01,544235
SUM,double,"AnalysisFlag::min, AnalysisFlag::max, AnalysisFlag::mean, AnalysisFlag::sparsity, AnalysisFlag::numDistinctApprox",4096,0.01,541785
SUM,double,"AnalysisFlag::min, AnalysisFlag::max, AnalysisFlag::mean, AnalysisFlag::sparsity, AnalysisFlag::numDistinctApprox",4096,0.01,555430
SUM,double,"AnalysisFlag::min, AnalysisFlag::max, AnalysisFlag::mean, AnalysisFlag::sparsity, AnalysisFlag::numDistinctApprox",4096,0.01,544938
SUM,double,"AnalysisFlag::min, AnalysisFlag::max, AnalysisFlag::mean, AnalysisFlag::sparsity, AnalysisFlag::numDistinctApprox",4096,0.01,552255
SUM,double,"AnalysisFlag::min, AnalysisFlag::max, AnalysisFlag::mean, AnalysisFlag::sparsity, AnalysisFlag::numDistinctApprox",4096,0.01,543306
SUM,int64_t,"AnalysisFlag::min, AnalysisFlag::max, AnalysisFlag::mean, AnalysisFlag::sparsity, AnalysisFlag::numDistinctApprox",1024,0.01,93032
SUM,int64_t,"AnalysisFlag::min, AnalysisFlag::max, AnalysisFlag::mean, AnalysisFlag::sparsity, AnalysisFlag::numDistinctApprox",1024,0.01,94897
SUM,int64_t,"AnalysisFlag::min, AnalysisFlag::max, AnalysisFlag::mean, AnalysisFlag::sparsity, AnalysisFlag::numDistinctApprox",1024,0.01,91771
SUM,int64_t,"AnalysisFlag::min, AnalysisFlag::max, AnalysisFlag::mean, AnalysisFlag::sparsity, AnalysisFlag::numDistinctApprox",1024,0.01,94762
SUM,int64_t,"AnalysisFlag::min, AnalysisFlag::max, AnalysisFlag::mean, AnalysisFlag::sparsity, AnalysisFlag::numDistinctApprox",1024,0.01,93941
SUM,int64_t,"AnalysisFlag::min, AnalysisFlag::max, AnalysisFlag::mean, AnalysisFlag::sparsity, AnalysisFlag::numDistinctApprox",1024,0.01,94561
SUM,int64_t,"AnalysisFlag::min, AnalysisFlag::max, AnalysisFlag::mean, AnalysisFlag::sparsity, AnalysisFlag::numDistinctApprox",1024,0.01,99058
SUM,int64_t,"AnalysisFlag::min, AnalysisFlag::max, AnalysisFlag::mean, AnalysisFlag::sparsity, AnalysisFlag::numDistinctApprox",1024,0.01,95278
SUM,int64_t,"AnalysisFlag::min, AnalysisFlag::max, AnalysisFlag::mean, AnalysisFlag::sparsity, AnalysisFlag::numDistinctApprox",1024,0.01,94278
SUM,int64_t,"AnalysisFlag::min, AnalysisFlag::max, AnalysisFlag::mean, AnalysisFlag::sparsity, AnalysisFlag::numDistinctApprox",1024,0.01,96214
SUM,int64_t,"AnalysisFlag::min, AnalysisFlag::max, AnalysisFlag::mean, AnalysisFlag::sparsity, AnalysisFlag::numDistinctApprox",2048,0.01,214203
SUM,int64_t,"AnalysisFlag::min, AnalysisFlag::max, AnalysisFlag::mean, AnalysisFlag::sparsity, AnalysisFlag::numDistinctApprox",2048,0.01,207935
SUM,int64_t,"AnalysisFlag::min, AnalysisFlag::max, AnalysisFlag::mean, AnalysisFlag::sparsity, AnalysisFlag::numDistinctApprox",2048,0.01,213848
SUM,int64_t,"AnalysisFlag::min, AnalysisFlag::max, AnalysisFlag::mean, AnalysisFlag::sparsity, AnalysisFlag::numDistinctApprox",2048,0.01,206248
SUM,int64_t,"AnalysisFlag::min, AnalysisFlag::max, AnalysisFlag::mean, AnalysisFlag::sparsity, AnalysisFlag::numDistinctApprox",2048,0.01,208760
SUM,int64_t,"AnalysisFlag::min, AnalysisFlag::max, AnalysisFlag::mean, AnalysisFlag::sparsity, AnalysisFlag::numDistinctApprox",2048,0.01,207946
SUM,int64_t,"AnalysisFlag::min, AnalysisFlag::max, AnalysisFlag::mean, AnalysisFlag::sparsity, AnalysisFlag::numDistinctApprox",2048,0.01,206038
SUM,int64_t,"AnalysisFlag::min, AnalysisFlag::max, AnalysisFlag::mean, AnalysisFlag::sparsity, AnalysisFlag::numDistinctApprox",2048,0.01,206866
SUM,int64_t,"AnalysisFlag::min, AnalysisFlag::max, AnalysisFlag::mean, AnalysisFlag::sparsity, AnalysisFlag::numDistinctApprox",2048,0.01,208547
SUM,int64_t,"AnalysisFlag::min, AnalysisFlag::max, AnalysisFlag::mean, AnalysisFlag::sparsity, AnalysisFlag::numDistinctApprox",2048,0.01,204823
SUM,int64_t,"AnalysisFlag::min, AnalysisFlag::max, AnalysisFlag::mean, AnalysisFlag::sparsity, AnalysisFlag::numDistinctApprox",4096,0.01,500978
SUM,int64_t,"AnalysisFlag::min, AnalysisFlag::max, AnalysisFlag::mean, AnalysisFlag::sparsity, AnalysisFlag::numDistinctApprox",4096,0.01,504636
SUM,int64_t,"AnalysisFlag::min, AnalysisFlag::max, AnalysisFlag::mean, AnalysisFlag::sparsity, AnalysisFlag::numDistinctApprox",4096,0.01,503884
SUM,int64_t,"AnalysisFlag::min, AnalysisFlag::max, AnalysisFlag::mean, AnalysisFlag::sparsity, AnalysisFlag::numDistinctApprox",4096,0.01,510955
SUM,int64_t,"AnalysisFlag::min, AnalysisFlag::max, AnalysisFlag::mean, AnalysisFlag::sparsity, AnalysisFlag::numDistinctApprox",4096,0.01,504529
SUM,int64_t,"AnalysisFlag::min, AnalysisFlag::max, AnalysisFlag::mean, AnalysisFlag::sparsity, AnalysisFlag::numDistinctApprox",4096,0.01,504560
SUM,int64_t,"AnalysisFlag::min, AnalysisFlag::max, AnalysisFlag::mean, AnalysisFlag::sparsity, AnalysisFlag::numDistinctApprox",4096,0.01,506422
SUM,int64_t,"AnalysisFlag::min, AnalysisFlag::max, AnalysisFlag::mean, AnalysisFlag::sparsity, AnalysisFlag::numDistinctApprox",4096,0.01,505305
SUM,int64_t,"AnalysisFlag::min, AnalysisFlag::max, AnalysisFlag::mean, AnalysisFlag::sparsity, AnalysisFlag::numDistinctApprox",4096,0.01,506289
SUM,int64_t,"AnalysisFlag::min, AnalysisFlag::max, AnalysisFlag::mean, AnalysisFlag::sparsity, AnalysisFlag::numDistinctApprox",4096,0.01,505259
SUM,double,"AnalysisFlag::min, AnalysisFlag::max, AnalysisFlag::mean, AnalysisFlag::sparsity, AnalysisFlag::numDistinctApprox",1024,0.05,194130
SUM,double,"AnalysisFlag::min, AnalysisFlag::max, AnalysisFlag::mean, AnalysisFlag::sparsity, AnalysisFlag::numDistinctApprox",1024,0.05,199631
SUM,double,"AnalysisFlag::min, AnalysisFlag::max, AnalysisFlag::mean, AnalysisFlag::sparsity, AnalysisFlag::numDistinctApprox",1024,0.05,193829
SUM,double,"AnalysisFlag::min, AnalysisFlag::max, AnalysisFlag::mean, AnalysisFlag::sparsity, AnalysisFlag::numDistinctApprox",1024,0.05,188845
SUM,double,"AnalysisFlag::min, AnalysisFlag::max, AnalysisFlag::mean, AnalysisFlag::sparsity, AnalysisFlag::numDistinctApprox",1024,0.05,194345
SUM,double,"AnalysisFlag::min, AnalysisFlag::max, AnalysisFlag::mean, AnalysisFlag::sparsity, AnalysisFlag::numDistinctApprox",1024,0.05,191314
SUM,double,"AnalysisFlag::min, AnalysisFlag::max, AnalysisFlag::mean, AnalysisFlag::sparsity, AnalysisFlag::numDistinctApprox",1024,0.05,189385
SUM,double,"AnalysisFlag::min, AnalysisFlag::max, AnalysisFlag::mean, AnalysisFlag::sparsity, AnalysisFlag::numDistinctApprox",1024,0.05,190117
SUM,double,"AnalysisFlag::min, AnalysisFlag::max, AnalysisFlag::mean, AnalysisFlag::sparsity, AnalysisFlag::numDistinctApprox",1024,0.05,188411
SUM,double,"AnalysisFlag::min, AnalysisFlag::max, AnalysisFlag::mean, AnalysisFlag::sparsity, AnalysisFlag::numDistinctApprox",1024,0.05,188249
SUM,double,"AnalysisFlag::min, AnalysisFlag::max, AnalysisFlag::mean, AnalysisFlag::sparsity, AnalysisFlag::numDistinctApprox",2048,0.05,516077
SUM,double,"AnalysisFlag::min, AnalysisFlag::max, AnalysisFlag::mean, AnalysisFlag::sparsity, AnalysisFlag::numDistinctApprox",2048,0.05,522927
SUM,double,"AnalysisFlag::min, AnalysisFlag::max, AnalysisFlag::mean, AnalysisFlag::sparsity, AnalysisFlag::numDistinctApprox",2048,0.05,515530
SUM,double,"AnalysisFlag::min, AnalysisFlag::max, AnalysisFlag::mean, AnalysisFlag::sparsity, AnalysisFlag::numDistinctApprox",2048,0.05,527910
SUM,double,"AnalysisFlag::min, AnalysisFlag::max, AnalysisFlag::mean, AnalysisFlag::sparsity, AnalysisFlag::numDistinctApprox",2048,0.05,521617
SUM,double,"AnalysisFlag::min, AnalysisFlag::max, AnalysisFlag::mean, AnalysisFlag::sparsity, AnalysisFlag::numDistinctApprox",2048,0.05,515093
SUM,double,"AnalysisFlag::min, AnalysisFlag::max, AnalysisFlag::mean, AnalysisFlag::sparsity, AnalysisFlag::numDistinctApprox",2048,0.05,513619
SUM,double,"AnalysisFlag::min, AnalysisFlag::max, AnalysisFlag::mean, AnalysisFlag::sparsity, AnalysisFlag::numDistinctApprox",2048,0.05,512127
SUM,double,"AnalysisFlag::min, AnalysisFlag::max, AnalysisFlag::mean, AnalysisFlag::sparsity, AnalysisFlag::numDistinctApprox",2048,0.05,512736
SUM,double,"AnalysisFlag::min, AnalysisFlag::max, AnalysisFlag::mean, AnalysisFlag::sparsity, AnalysisFlag::numDistinctApprox",2048,0.05,512836
SUM,double,"AnalysisFlag::min, AnalysisFlag::max, AnalysisFlag::mean, AnalysisFlag::sparsity, AnalysisFlag::numDistinctApprox",4096,0.05,1.58707e+06
SUM,double,"AnalysisFlag::min, AnalysisFlag::max, AnalysisFlag::mean, AnalysisFlag::sparsity, AnalysisFlag::numDistinctApprox",4096,0.05,1.5896e+06
SUM,double,"AnalysisFlag::min, AnalysisFlag::max, AnalysisFlag::mean, AnalysisFlag::sparsity, AnalysisFlag::numDistinctApprox",4096,0.05,1.58723e+06
SUM,double,"AnalysisFlag::min, AnalysisFlag::max, AnalysisFlag::mean, AnalysisFlag::sparsity, AnalysisFlag::numDistinctApprox",4096,0.05,1.58001e+06
SUM,double,"AnalysisFlag::min, AnalysisFlag::max, AnalysisFlag::mean, AnalysisFlag::sparsity, AnalysisFlag::numDistinctApprox",4096,0.05,1.5722e+06
SUM,double,"AnalysisFlag::min, AnalysisFlag::max, AnalysisFlag::mean, AnalysisFlag::sparsity, AnalysisFlag::numDistinctApprox",4096,0.05,1.57476e+06
SUM,double,"AnalysisFlag::min, AnalysisFlag::max, AnalysisFlag::mean, AnalysisFlag::sparsity, AnalysisFlag::numDistinctApprox",4096,0.05,1.56958e+06
SUM,double,"AnalysisFlag::min, AnalysisFlag::max, AnalysisFlag::mean, AnalysisFlag::sparsity, AnalysisFlag::numDistinctApprox",4096,0.05,1.57841e+06
SUM,double,"AnalysisFlag::min, AnalysisFlag::max, AnalysisFlag::mean, AnalysisFlag::sparsity, AnalysisFlag::numDistinctApprox",4096,0.05,1.57805e+06
SUM,double,"AnalysisFlag::min, AnalysisFlag::max, AnalysisFlag::mean, AnalysisFlag::sparsity, AnalysisFlag::numDistinctApprox",4096,0.05,1.58355e+06
SUM,int64_t,"AnalysisFlag::min, AnalysisFlag::max, AnalysisFlag::mean, AnalysisFlag::sparsity, AnalysisFlag::numDistinctApprox",1024,0.05,161905
SUM,int64_t,"AnalysisFlag::min, AnalysisFlag::max, AnalysisFlag::mean, AnalysisFlag::sparsity, AnalysisFlag::numDistinctApprox",1024,0.05,160983
SUM,int64_t,"AnalysisFlag::min, AnalysisFlag::max, AnalysisFlag::mean, AnalysisFlag::sparsity, AnalysisFlag::numDistinctApprox",1024,0.05,158415
SUM,int64_t,"AnalysisFlag::min, AnalysisFlag::max, AnalysisFlag::mean, AnalysisFlag::sparsity, AnalysisFlag::numDistinctApprox",1024,0.05,158944
SUM,int64_t,"AnalysisFlag::min, AnalysisFlag::max, AnalysisFlag::mean, AnalysisFlag::sparsity, AnalysisFlag::numDistinctApprox",1024,0.05,161331
SUM,int64_t,"AnalysisFlag::min, AnalysisFlag::max, AnalysisFlag::mean, AnalysisFlag::sparsity, AnalysisFlag::numDistinctApprox",1024,0.05,158961
SUM,int64_t,"AnalysisFlag::min, AnalysisFlag::max, AnalysisFlag::mean, AnalysisFlag::sparsity, AnalysisFlag::numDistinctApprox",1024,0.05,158236
SUM,int64_t,"AnalysisFlag::min, AnalysisFlag::max, AnalysisFlag::mean, AnalysisFlag::sparsity, AnalysisFlag::numDistinctApprox",1024,0.05,162672
SUM,int64_t,"AnalysisFlag::min, AnalysisFlag::max, AnalysisFlag::mean, AnalysisFlag::sparsity, AnalysisFlag::numDistinctApprox",1024,0.05,159512
SUM,int64_t,"AnalysisFlag::min, AnalysisFlag::max, AnalysisFlag::mean, AnalysisFlag::sparsity, AnalysisFlag::numDistinctApprox",1024,0.05,159371
SUM,int64_t,"AnalysisFlag::min, AnalysisFlag::max, AnalysisFlag::mean, AnalysisFlag::sparsity, AnalysisFlag::numDistinctApprox",2048,0.05,444698
SUM,int64_t,"AnalysisFlag::min, AnalysisFlag::max, AnalysisFlag::mean, AnalysisFlag::sparsity, AnalysisFlag::numDistinctApprox",2048,0.05,443793
SUM,int64_t,"AnalysisFlag::min, AnalysisFlag::max, AnalysisFlag::mean, AnalysisFlag::sparsity, AnalysisFlag::numDistinctApprox",2048,0.05,440790
SUM,int64_t,"AnalysisFlag::min, AnalysisFlag::max, AnalysisFlag::mean, AnalysisFlag::sparsity, AnalysisFlag::numDistinctApprox",2048,0.05,444388
SUM,int64_t,"AnalysisFlag::min, AnalysisFlag::max, AnalysisFlag::mean, AnalysisFlag::sparsity, AnalysisFlag::numDistinctApprox",2048,0.05,443033
SUM,int64_t,"AnalysisFlag::min, AnalysisFlag::max, AnalysisFlag::mean, AnalysisFlag::sparsity, AnalysisFlag::numDistinctApprox",2048,0.05,439270
SUM,int64_t,"AnalysisFlag::min, AnalysisFlag::max, AnalysisFlag::mean, AnalysisFlag::sparsity, AnalysisFlag::numDistinctApprox",2048,0.05,444465
SUM,int64_t,"AnalysisFlag::min, AnalysisFlag::max, AnalysisFlag::mean, AnalysisFlag::sparsity, AnalysisFlag::numDistinctApprox",2048,0.05,444696
SUM,int64_t,"AnalysisFlag::min, AnalysisFlag::max, AnalysisFlag::mean, AnalysisFlag::sparsity, AnalysisFlag::numDistinctApprox",2048,0.05,439568
SUM,int64_t,"AnalysisFlag::min, AnalysisFlag::max, AnalysisFlag::mean, AnalysisFlag::sparsity, AnalysisFlag::numDistinctApprox",2048,0.05,444379
SUM,int64_t,"AnalysisFlag::min, AnalysisFlag::max, AnalysisFlag::mean, AnalysisFlag::sparsity, AnalysisFlag::numDistinctApprox",4096,0.05,1.28778e+06
SUM,int64_t,"AnalysisFlag::min, AnalysisFlag::max, AnalysisFlag::mean, AnalysisFlag::sparsity, AnalysisFlag::numDistinctApprox",4096,0.05,1.27907e+06
SUM,int64_t,"AnalysisFlag::min, AnalysisFlag::max, AnalysisFlag::mean, AnalysisFlag::sparsity, AnalysisFlag::numDistinctApprox",4096,0.05,1.28317e+06
SUM,int64_t,"AnalysisFlag::min, AnalysisFlag::max, AnalysisFlag::mean, AnalysisFlag::sparsity, AnalysisFlag::numDistinctApprox",4096,0.05,1.28435e+06
SUM,int64_t,"AnalysisFlag::min, AnalysisFlag::max, AnalysisFlag::mean, AnalysisFlag::sparsity, AnalysisFlag::numDistinctApprox",4096,0.05,1.28377e+06
SUM,int64_t,"AnalysisFlag::min, AnalysisFlag::max, AnalysisFlag::mean, AnalysisFlag::sparsity, AnalysisFlag::numDistinctApprox",4096,0.05,1.28057e+06
SUM,int64_t,"AnalysisFlag::min, AnalysisFlag::max, AnalysisFlag::mean, AnalysisFlag::sparsity, AnalysisFlag::numDistinctApprox",4096,0.05,1.27598e+06
SUM,int64_t,"AnalysisFlag::min, AnalysisFlag::max, AnalysisFlag::mean, AnalysisFlag::sparsity, AnalysisFlag::numDistinctApprox",4096,0.05,1.28128e+06
SUM,int64_t,"AnalysisFlag::min, AnalysisFlag::max, AnalysisFlag::mean, AnalysisFlag::sparsity, AnalysisFlag::numDistinctApprox",4096,0.05,1.27851e+06
SUM,int64_t,"AnalysisFlag::min, AnalysisFlag::max, AnalysisFlag::mean, AnalysisFlag::sparsity, AnalysisFlag::numDistinctApprox",4096,0.05,1.27944e+06
SUM,double,"AnalysisFlag::min, AnalysisFlag::max, AnalysisFlag::mean, AnalysisFlag::sparsity, AnalysisFlag::numDistinctApprox",1024,0.1,272982
SUM,double,"AnalysisFlag::min, AnalysisFlag::max, AnalysisFlag::mean, AnalysisFlag::sparsity, AnalysisFlag::numDistinctApprox",1024,0.1,272206
SUM,double,"AnalysisFlag::min, AnalysisFlag::max, AnalysisFlag::mean, AnalysisFlag::sparsity, AnalysisFlag::numDistinctApprox",1024,0.1,274400
SUM,double,"AnalysisFlag::min, AnalysisFlag::max, AnalysisFlag::mean, AnalysisFlag::sparsity, AnalysisFlag::numDistinctApprox",1024,0.1,272609
SUM,double,"AnalysisFlag::min, AnalysisFlag::max, AnalysisFlag::mean, AnalysisFlag::sparsity, AnalysisFlag::numDistinctApprox",1024,0.1,275371
SUM,double,"AnalysisFlag::min, AnalysisFlag::max, AnalysisFlag::mean, AnalysisFlag::sparsity, AnalysisFlag::numDistinctApprox",1024,0.1,270683
SUM,double,"AnalysisFlag::min, AnalysisFlag::max, AnalysisFlag::mean, AnalysisFlag::sparsity, AnalysisFlag::numDistinctApprox",1024,0.1,282934
SUM,double,"AnalysisFlag::min, AnalysisFlag::max, AnalysisFlag::mean, AnalysisFlag::sparsity, AnalysisFlag::numDistinctApprox",1024,0.1,272532
SUM,double,"AnalysisFlag::min, AnalysisFlag::max, AnalysisFlag::mean, AnalysisFlag::sparsity, AnalysisFlag::numDistinctApprox",1024,0.1,272720
SUM,double,"AnalysisFlag::min, AnalysisFlag::max, AnalysisFlag::mean, AnalysisFlag::sparsity, AnalysisFlag::numDistinctApprox",1024,0.1,279257
SUM,double,"AnalysisFlag::min, AnalysisFlag::max, AnalysisFlag::mean, AnalysisFlag::sparsity, AnalysisFlag::numDistinctApprox",2048,0.1,845885
SUM,double,"AnalysisFlag::min, AnalysisFlag::max, AnalysisFlag::mean, AnalysisFlag::sparsity, AnalysisFlag::numDistinctApprox",2048,0.1,834792
SUM,double,"AnalysisFlag::min, AnalysisFlag::max, AnalysisFlag::mean, AnalysisFlag::sparsity, AnalysisFlag::numDistinctApprox",2048,0.1,833405
SUM,double,"AnalysisFlag::min, AnalysisFlag::max, AnalysisFlag::mean, AnalysisFlag::sparsity, AnalysisFlag::numDistinctApprox",2048,0.1,842001
SUM,double,"AnalysisFlag::min, AnalysisFlag::max, AnalysisFlag::mean, AnalysisFlag::sparsity, AnalysisFlag::numDistinctApprox",2048,0.1,837955
SUM,double,"AnalysisFlag::min, AnalysisFlag::max, AnalysisFlag::mean, AnalysisFlag::sparsity, AnalysisFlag::numDistinctApprox",2048,0.1,837319
SUM,double,"AnalysisFlag::min, AnalysisFlag::max, AnalysisFlag::mean, AnalysisFlag::sparsity, AnalysisFlag::numDistinctApprox",2048,0.1,843247
SUM,double,"AnalysisFlag::min, AnalysisFlag::max, AnalysisFlag::mean, AnalysisFlag::sparsity, AnalysisFlag::numDistinctApprox",2048,0.1,829902
SUM,double,"AnalysisFlag::min, AnalysisFlag::max, AnalysisFlag::mean, AnalysisFlag::sparsity, AnalysisFlag::numDistinctApprox",2048,0.1,838946
SUM,double,"AnalysisFlag::min, AnalysisFlag::max, AnalysisFlag::mean, AnalysisFlag::sparsity, AnalysisFlag::numDistinctApprox",2048,0.1,835038
SUM,double,"AnalysisFlag::min, AnalysisFlag::max, AnalysisFlag::mean, AnalysisFlag::sparsity, AnalysisFlag::numDistinctApprox",4096,0.1,2.88678e+06
SUM,double,"AnalysisFlag::min, AnalysisFlag::max, AnalysisFlag::mean, AnalysisFlag::sparsity, AnalysisFlag::numDistinctApprox",4096,0.1,2.87766e+06
SUM,double,"AnalysisFlag::min, AnalysisFlag::max, AnalysisFlag::mean, AnalysisFlag::sparsity, AnalysisFlag::numDistinctApprox",4096,0.1,2.88891e+06
SUM,double,"AnalysisFlag::min, AnalysisFlag::max, AnalysisFlag::mean, AnalysisFlag::sparsity, AnalysisFlag::numDistinctApprox",4096,0.1,2.88155e+06
SUM,double,"AnalysisFlag::min, AnalysisFlag::max, AnalysisFlag::mean, AnalysisFlag::sparsity, AnalysisFlag::numDistinctApprox",4096,0.1,2.88214e+06
SUM,double,"AnalysisFlag::min, AnalysisFlag::max, AnalysisFlag::mean, AnalysisFlag::sparsity, AnalysisFlag::numDistinctApprox",4096,0.1,2.88488e+06
SUM,double,"AnalysisFlag::min, AnalysisFlag::max, AnalysisFlag::mean, AnalysisFlag::sparsity, AnalysisFlag::numDistinctApprox",4096,0.1,2.89041e+06
SUM,double,"AnalysisFlag::min, AnalysisFlag::max, AnalysisFlag::mean, AnalysisFlag::sparsity, AnalysisFlag::numDistinctApprox",4096,0.1,2.87923e+06
SUM,double,"AnalysisFlag::min, AnalysisFlag::max, AnalysisFlag::mean, AnalysisFlag::sparsity, AnalysisFlag::numDistinctApprox",4096,0.1,2.87927e+06
SUM,double,"AnalysisFlag::min, AnalysisFlag::max, AnalysisFlag::mean, AnalysisFlag::sparsity, AnalysisFlag::numDistinctApprox",4096,0.1,2.87941e+06
SUM,int64_t,"AnalysisFlag::min, AnalysisFlag::max, AnalysisFlag::mean, AnalysisFlag::sparsity, AnalysisFlag::numDistinctApprox",1024,0.1,229527
SUM,int64_t,"AnalysisFlag::min, AnalysisFlag::max, AnalysisFlag::mean, AnalysisFlag::sparsity, AnalysisFlag::numDistinctApprox",1024,0.1,227839
SUM,int64_t,"AnalysisFlag::min, AnalysisFlag::max, AnalysisFlag::mean, AnalysisFlag::sparsity, AnalysisFlag::numDistinctApprox",1024,0.1,230468
SUM,int64_t,"AnalysisFlag::min, AnalysisFlag::max, AnalysisFlag::mean, AnalysisFlag::sparsity, AnalysisFlag::numDistinctApprox",1024,0.1,228732
SUM,int64_t,"AnalysisFlag::min, AnalysisFlag::max, AnalysisFlag::mean, AnalysisFlag::sparsity, AnalysisFlag::numDistinctApprox",1024,0.1,229584
SUM,int64_t,"AnalysisFlag::min, AnalysisFlag::max, AnalysisFlag::mean, AnalysisFlag::sparsity, AnalysisFlag::numDistinctApprox",1024,0.1,228475
SUM,int64_t,"AnalysisFlag::min, AnalysisFlag::max, AnalysisFlag::mean, AnalysisFlag::sparsity, AnalysisFlag::numDistinctApprox",1024,0.1,226749
SUM,int64_t,"AnalysisFlag::min, AnalysisFlag::max, AnalysisFlag::mean, AnalysisFlag::sparsity, AnalysisFlag::numDistinctApprox",1024,0.1,225537
SUM,int64_t,"AnalysisFlag::min, AnalysisFlag::max, AnalysisFlag::mean, AnalysisFlag::sparsity, AnalysisFlag::numDistinctApprox",1024,0.1,230254
SUM,int64_t,"AnalysisFlag::min, AnalysisFlag::max, AnalysisFlag::mean, AnalysisFlag::sparsity, AnalysisFlag::numDistinctApprox",1024,0.1,231621
SUM,int64_t,"AnalysisFlag::min, AnalysisFlag::max, AnalysisFlag::mean, AnalysisFlag::sparsity, AnalysisFlag::numDistinctApprox",2048,0.1,703972
SUM,int64_t,"AnalysisFlag::min, AnalysisFlag::max, AnalysisFlag::mean, AnalysisFlag::sparsity, AnalysisFlag::numDistinctApprox",2048,0.1,708065
SUM,int64_t,"AnalysisFlag::min, AnalysisFlag::max, AnalysisFlag::mean, AnalysisFlag::sparsity, AnalysisFlag::numDistinctApprox",2048,0.1,704561
SUM,int64_t,"AnalysisFlag::min, AnalysisFlag::max, AnalysisFlag::mean, AnalysisFlag::sparsity, AnalysisFlag::numDistinctApprox",2048,0.1,704044
SUM,int64_t,"AnalysisFlag::min, AnalysisFlag::max, AnalysisFlag::mean, AnalysisFlag::sparsity, AnalysisFlag::numDistinctApprox",2048,0.1,706095
SUM,int64_t,"AnalysisFlag::min, AnalysisFlag::max, AnalysisFlag::mean, AnalysisFlag::sparsity, AnalysisFlag::numDistinctApprox",2048,0.1,705685
SUM,int64_t,"AnalysisFlag::min, AnalysisFlag::max, AnalysisFlag::mean, AnalysisFlag::sparsity, AnalysisFlag::numDistinctApprox",2048,0.1,705208
SUM,int64_t,"AnalysisFlag::min, AnalysisFlag::max, AnalysisFlag::mean, AnalysisFlag::sparsity, AnalysisFlag::numDistinctApprox",2048,0.1,703554
SUM,int64_t,"AnalysisFlag::min, AnalysisFlag::max, AnalysisFlag::mean, AnalysisFlag::sparsity, AnalysisFlag::numDistinctApprox",2048,0.1,708249
SUM,int64_t,"AnalysisFlag::min, AnalysisFlag::max, AnalysisFlag::mean, AnalysisFlag::sparsity, AnalysisFlag::numDistinctApprox",2048,0.1,706598
SUM,int64_t,"AnalysisFlag::min, AnalysisFlag::max, AnalysisFlag::mean, AnalysisFlag::sparsity, AnalysisFlag::numDistinctApprox",4096,0.1,2.20649e+06
SUM,int64_t,"AnalysisFlag::min, AnalysisFlag::max, AnalysisFlag::mean, AnalysisFlag::sparsity, AnalysisFlag::numDistinctApprox",4096,0.1,2.18369e+06
SUM,int64_t,"AnalysisFlag::min, AnalysisFlag::max, AnalysisFlag::mean, AnalysisFlag::sparsity, AnalysisFlag::numDistinctApprox",4096,0.1,2.19118e+06
SUM,int64_t,"AnalysisFlag::min, AnalysisFlag::max, AnalysisFlag::mean, AnalysisFlag::sparsity, AnalysisFlag::numDistinctApprox",4096,0.1,2.18734e+06
SUM,int64_t,"AnalysisFlag::min, AnalysisFlag::max, AnalysisFlag::mean, AnalysisFlag::sparsity, AnalysisFlag::numDistinctApprox",4096,0.1,2.18358e+06
SUM,int64_t,"AnalysisFlag::min, AnalysisFlag::max, AnalysisFlag::mean, AnalysisFlag::sparsity, AnalysisFlag::numDistinctApprox",4096,0.1,2.19074e+06
SUM,int64_t,"AnalysisFlag::min, AnalysisFlag::max, AnalysisFlag::mean, AnalysisFlag::sparsity, AnalysisFlag::numDistinctApprox",4096,0.1,2.19905e+06
SUM,int64_t,"AnalysisFlag::min, AnalysisFlag::max, AnalysisFlag::mean, AnalysisFlag::sparsity, AnalysisFlag::numDistinctApprox",4096,0.1,2.18883e+06
SUM,int64_t,"AnalysisFlag::min, AnalysisFlag::max, AnalysisFlag::mean, AnalysisFlag::sparsity, AnalysisFlag::numDistinctApprox",4096,0.1,2.19323e+06
SUM,int64_t,"AnalysisFlag::min, AnalysisFlag::max, AnalysisFlag::mean, AnalysisFlag::sparsity, AnalysisFlag::numDistinctApprox",4096,0.1,2.18169e+06
SUM,double,"AnalysisFlag::min, AnalysisFlag::max, AnalysisFlag::mean, AnalysisFlag::sparsity, AnalysisFlag::numDistinctApprox",1024,0.2,436342
SUM,double,"AnalysisFlag::min, AnalysisFlag::max, AnalysisFlag::mean, AnalysisFlag::sparsity, AnalysisFlag::numDistinctApprox",1024,0.2,440343
SUM,double,"AnalysisFlag::min, AnalysisFlag::max, AnalysisFlag::mean, AnalysisFlag::sparsity, AnalysisFlag::numDistinctApprox",1024,0.2,431985
SUM,double,"AnalysisFlag::min, AnalysisFlag::max, AnalysisFlag::mean, AnalysisFlag::sparsity, AnalysisFlag::numDistinctApprox",1024,0.2,440433
SUM,double,"AnalysisFlag::min, AnalysisFlag::max, AnalysisFlag::mean, AnalysisFlag::sparsity, AnalysisFlag::numDistinctApprox",1024,0.2,442933
SUM,double,"AnalysisFlag::min, AnalysisFlag::max, AnalysisFlag::mean, AnalysisFlag::sparsity, AnalysisFlag::numDistinctApprox",1024,0.2,434573
SUM,double,"AnalysisFlag::min, AnalysisFlag::max, AnalysisFlag::mean, AnalysisFlag::sparsity, AnalysisFlag::numDistinctApprox",1024,0.2,430721
SUM,double,"AnalysisFlag::min, AnalysisFlag::max, AnalysisFlag::mean, AnalysisFlag::sparsity, AnalysisFlag::numDistinctApprox",1024,0.2,443310
SUM,double,"AnalysisFlag::min, AnalysisFlag::max, AnalysisFlag::mean, AnalysisFlag::sparsity, AnalysisFlag::numDistinctApprox",1024,0.2,435336
SUM,double,"AnalysisFlag::min, AnalysisFlag::max, AnalysisFlag::mean, AnalysisFlag::sparsity, AnalysisFlag::numDistinctApprox",1024,0.2,439228
SUM,double,"AnalysisFlag::min, AnalysisFlag::max, AnalysisFlag::mean, AnalysisFlag::sparsity, AnalysisFlag::numDistinctApprox",2048,0.2,1.48417e+06
SUM,double,"AnalysisFlag::min, AnalysisFlag::max, AnalysisFlag::mean, AnalysisFlag::sparsity, AnalysisFlag::numDistinctApprox",2048,0.2,1.4801e+06
SUM,double,"AnalysisFlag::min, AnalysisFlag::max, AnalysisFlag::mean, AnalysisFlag::sparsity, AnalysisFlag::numDistinctApprox",2048,0.2,1.47838e+06
SUM,double,"AnalysisFlag::min, AnalysisFlag::max, AnalysisFlag::mean, AnalysisFlag::sparsity, AnalysisFlag::numDistinctApprox",2048,0.2,1.48077e+06
SUM,double,"AnalysisFlag::min, AnalysisFlag::max, AnalysisFlag::mean, AnalysisFlag::sparsity, AnalysisFlag::numDistinctApprox",2048,0.2,1.4751e+06
SUM,double,"AnalysisFlag::min, AnalysisFlag::max, AnalysisFlag::mean, AnalysisFlag::sparsity, AnalysisFlag::numDistinctApprox",2048,0.2,1.47923e+06
SUM,double,"AnalysisFlag::min, AnalysisFlag::max, AnalysisFlag::mean, AnalysisFlag::sparsity, AnalysisFlag::numDistinctApprox",2048,0.2,1.48261e+06
SUM,double,"AnalysisFlag::min, AnalysisFlag::max, AnalysisFlag::mean, AnalysisFlag::sparsity, AnalysisFlag::numDistinctApprox",2048,0.2,1.47826e+06
SUM,double,"AnalysisFlag::min, AnalysisFlag::max, AnalysisFlag::mean, AnalysisFlag::sparsity, AnalysisFlag::numDistinctApprox",2048,0.2,1.485e+06
SUM,double,"AnalysisFlag::min, AnalysisFlag::max, AnalysisFlag::mean, AnalysisFlag::sparsity, AnalysisFlag::numDistinctApprox",2048,0.2,1.47901e+06
SUM,double,"AnalysisFlag::min, AnalysisFlag::max, AnalysisFlag::mean, AnalysisFlag::sparsity, AnalysisFlag::numDistinctApprox",4096,0.2,5.49891e+06
SUM,double,"AnalysisFlag::min, AnalysisFlag::max, AnalysisFlag::mean, AnalysisFlag::sparsity, AnalysisFlag::numDistinctApprox",4096,0.2,5.49959e+06
SUM,double,"AnalysisFlag::min, AnalysisFlag::max, AnalysisFlag::mean, AnalysisFlag::sparsity, AnalysisFlag::numDistinctApprox",4096,0.2,5.48782e+06
SUM,double,"AnalysisFlag::min, AnalysisFlag::max, AnalysisFlag::mean, AnalysisFlag::sparsity, AnalysisFlag::numDistinctApprox",4096,0.2,5.50379e+06
SUM,double,"AnalysisFlag::min, AnalysisFlag::max, AnalysisFlag::mean, AnalysisFlag::sparsity, AnalysisFlag::numDistinctApprox",4096,0.2,5.50305e+06
SUM,double,"AnalysisFlag::min, AnalysisFlag::max, AnalysisFlag::mean, AnalysisFlag::sparsity, AnalysisFlag::numDistinctApprox",4096,0.2,5.49765e+06
SUM,double,"AnalysisFlag::min, AnalysisFlag::max, AnalysisFlag::mean, AnalysisFlag::sparsity, AnalysisFlag::numDistinctApprox",4096,0.2,5.50977e+06
SUM,double,"AnalysisFlag::min, AnalysisFlag::max, AnalysisFlag::mean, AnalysisFlag::sparsity, AnalysisFlag::numDistinctApprox",4096,0.2,5.49028e+06
SUM,double,"AnalysisFlag::min, AnalysisFlag::max, AnalysisFlag::mean, AnalysisFlag::sparsity, AnalysisFlag::numDistinctApprox",4096,0.2,5.49788e+06
SUM,double,"AnalysisFlag::min, AnalysisFlag::max, AnalysisFlag::mean, AnalysisFlag::sparsity, AnalysisFlag::numDistinctApprox",4096,0.2,5.49944e+06
SUM,int64_t,"AnalysisFlag::min, AnalysisFlag::max, AnalysisFlag::mean, AnalysisFlag::sparsity, AnalysisFlag::numDistinctApprox",1024,0.2,362353
SUM,int64_t,"AnalysisFlag::min, AnalysisFlag::max, AnalysisFlag::mean, AnalysisFlag::sparsity, AnalysisFlag::numDistinctApprox",1024,0.2,363996
SUM,int64_t,"AnalysisFlag::min, AnalysisFlag::max, AnalysisFlag::mean, AnalysisFlag::sparsity, AnalysisFlag::numDistinctApprox",1024,0.2,363712
SUM,int64_t,"AnalysisFlag::min, AnalysisFlag::max, AnalysisFlag::mean, AnalysisFlag::sparsity, AnalysisFlag::numDistinctApprox",1024,0.2,358130
SUM,int64_t,"AnalysisFlag::min, AnalysisFlag::max, AnalysisFlag::mean, AnalysisFlag::sparsity, AnalysisFlag::numDistinctApprox",1024,0.2,361096
SUM,int64_t,"AnalysisFlag::min, AnalysisFlag::max, AnalysisFlag::mean, AnalysisFlag::sparsity, AnalysisFlag::numDistinctApprox",1024,0.2,363164
SUM,int64_t,"AnalysisFlag::min, AnalysisFlag::max, AnalysisFlag::mean, AnalysisFlag::sparsity, AnalysisFlag::numDistinctApprox",1024,0.2,363419
SUM,int64_t,"AnalysisFlag::min, AnalysisFlag::max, AnalysisFlag::mean, AnalysisFlag::sparsity, AnalysisFlag::numDistinctApprox",1024,0.2,361762
SUM,int64_t,"AnalysisFlag::min, AnalysisFlag::max, AnalysisFlag::mean, AnalysisFlag::sparsity, AnalysisFlag::numDistinctApprox",1024,0.2,362776
SUM,int64_t,"AnalysisFlag::min, AnalysisFlag::max, AnalysisFlag::mean, AnalysisFlag::sparsity, AnalysisFlag::numDistinctApprox",1024,0.2,360053
SUM,int64_t,"AnalysisFlag::min, AnalysisFlag::max, AnalysisFlag::mean, AnalysisFlag::sparsity, AnalysisFlag::numDistinctApprox",2048,0.2,1.18783e+06
SUM,int64_t,"AnalysisFlag::min, AnalysisFlag::max, AnalysisFlag::mean, AnalysisFlag::sparsity, AnalysisFlag::numDistinctApprox",2048,0.2,1.15739e+06
SUM,int64_t,"AnalysisFlag::min, AnalysisFlag::max, AnalysisFlag::mean, AnalysisFlag::sparsity, AnalysisFlag::numDistinctApprox",2048,0.2,1.15876e+06
SUM,int64_t,"AnalysisFlag::min, AnalysisFlag::max, AnalysisFlag::mean, AnalysisFlag::sparsity, AnalysisFlag::numDistinctApprox",2048,0.2,1.16147e+06
SUM,int64_t,"AnalysisFlag::min, AnalysisFlag::max, AnalysisFlag::mean, AnalysisFlag::sparsity, AnalysisFlag::numDistinctApprox",2048,0.2,1.16406e+06
SUM,int64_t,"AnalysisFlag::min, AnalysisFlag::max, AnalysisFlag::mean, AnalysisFlag::sparsity, AnalysisFlag::numDistinctApprox",2048,0.2,1.16643e+06
SUM,int64_t,"AnalysisFlag::min, AnalysisFlag::max, AnalysisFlag::mean, AnalysisFlag::sparsity, AnalysisFlag::numDistinctApprox",2048,0.2,1.1629e+06
SUM,int64_t,"AnalysisFlag::min, AnalysisFlag::max, AnalysisFlag::mean, AnalysisFlag::sparsity, AnalysisFlag::numDistinctApprox",2048,0.2,1.15842e+06
SUM,int64_t,"AnalysisFlag::min, AnalysisFlag::max, AnalysisFlag::mean, AnalysisFlag::sparsity, AnalysisFlag::numDistinctApprox",2048,0.2,1.16016e+06
SUM,int64_t,"AnalysisFlag::min, AnalysisFlag::max, AnalysisFlag::mean, AnalysisFlag::sparsity, AnalysisFlag::numDistinctApprox",2048,0.2,1.1612e+06
SUM,int64_t,"AnalysisFlag::min, AnalysisFlag::max, AnalysisFlag::mean, AnalysisFlag::sparsity, AnalysisFlag::numDistinctApprox",4096,0.2,4.04197e+06
SUM,int64_t,"AnalysisFlag::min, AnalysisFlag::max, AnalysisFlag::mean, AnalysisFlag::sparsity, AnalysisFlag::numDistinctApprox",4096,0.2,4.02996e+06
SUM,int64_t,"AnalysisFlag::min, AnalysisFlag::max, AnalysisFlag::mean, AnalysisFlag::sparsity, AnalysisFlag::numDistinctApprox",4096,0.2,4.04784e+06
SUM,int64_t,"AnalysisFlag::min, AnalysisFlag::max, AnalysisFlag::mean, AnalysisFlag::sparsity, AnalysisFlag::numDistinctApprox",4096,0.2,4.02513e+06
SUM,int64_t,"AnalysisFlag::min, AnalysisFlag::max, AnalysisFlag::mean, AnalysisFlag::sparsity, AnalysisFlag::numDistinctApprox",4096,0.2,4.02486e+06
SUM,int64_t,"AnalysisFlag::min, AnalysisFlag::max, AnalysisFlag::mean, AnalysisFlag::sparsity, AnalysisFlag::numDistinctApprox",4096,0.2,4.03034e+06
SUM,int64_t,"AnalysisFlag::min, AnalysisFlag::max, AnalysisFlag::mean, AnalysisFlag::sparsity, AnalysisFlag::numDistinctApprox",4096,0.2,4.04165e+06
SUM,int64_t,"AnalysisFlag::min, AnalysisFlag::max, AnalysisFlag::mean, AnalysisFlag::sparsity, AnalysisFlag::numDistinctApprox",4096,0.2,4.02754e+06
SUM,int64_t,"AnalysisFlag::min, AnalysisFlag::max, AnalysisFlag::mean, AnalysisFlag::sparsity, AnalysisFlag::numDistinctApprox",4096,0.2,4.00424e+06
SUM,int64_t,"AnalysisFlag::min, AnalysisFlag::max, AnalysisFlag::mean, AnalysisFlag::sparsity, AnalysisFlag::numDistinctApprox",4096,0.2,4.00895e+06
SUM,double,"AnalysisFlag::min, AnalysisFlag::max, AnalysisFlag::mean, AnalysisFlag::sparsity, AnalysisFlag::numDistinctApprox",1024,0.25,1.40504e+06
SUM,double,"AnalysisFlag::min, AnalysisFlag::max, AnalysisFlag::mean, AnalysisFlag::sparsity, AnalysisFlag::numDistinctApprox",1024,0.25,1.39113e+06
SUM,double,"AnalysisFlag::min, AnalysisFlag::max, AnalysisFlag::mean, AnalysisFlag::sparsity, AnalysisFlag::numDistinctApprox",1024,0.25,1.39195e+06
SUM,double,"AnalysisFlag::min, AnalysisFlag::max, AnalysisFlag::mean, AnalysisFlag::sparsity, AnalysisFlag::numDistinctApprox",1024,0.25,1.38804e+06
SUM,double,"AnalysisFlag::min, AnalysisFlag::max, AnalysisFlag::mean, AnalysisFlag::sparsity, AnalysisFlag::numDistinctApprox",1024,0.25,1.38975e+06
SUM,double,"AnalysisFlag::min, AnalysisFlag::max, AnalysisFlag::mean, AnalysisFlag::sparsity, AnalysisFlag::numDistinctApprox",1024,0.25,1.38956e+06
SUM,double,"AnalysisFlag::min, AnalysisFlag::max, AnalysisFlag::mean, AnalysisFlag::sparsity, AnalysisFlag::numDistinctApprox",1024,0.25,1.3904e+06
SUM,double,"AnalysisFlag::min, AnalysisFlag::max, AnalysisFlag::mean, AnalysisFlag::sparsity, AnalysisFlag::numDistinctApprox",1024,0.25,1.38902e+06
SUM,double,"AnalysisFlag::min, AnalysisFlag::max, AnalysisFlag::mean, AnalysisFlag::sparsity, AnalysisFlag::numDistinctApprox",1024,0.25,1.38909e+06
SUM,double,"AnalysisFlag::min, AnalysisFlag::max, AnalysisFlag::mean, AnalysisFlag::sparsity, AnalysisFlag::numDistinctApprox",1024,0.25,1.39323e+06
SUM,double,"AnalysisFlag::min, AnalysisFlag::max, AnalysisFlag::mean, AnalysisFlag::sparsity, AnalysisFlag::numDistinctApprox",2048,0.25,5.45454e+06
SUM,double,"AnalysisFlag::min, AnalysisFlag::max, AnalysisFlag::mean, AnalysisFlag::sparsity, AnalysisFlag::numDistinctApprox",2048,0.25,5.45067e+06
SUM,double,"AnalysisFlag::min, AnalysisFlag::max, AnalysisFlag::mean, AnalysisFlag::sparsity, AnalysisFlag::numDistinctApprox",2048,0.25,5.45092e+06
SUM,double,"AnalysisFlag::min, AnalysisFlag::max, AnalysisFlag::mean, AnalysisFlag::sparsity, AnalysisFlag::numDistinctApprox",2048,0.25,5.4462e+06
SUM,double,"AnalysisFlag::min, AnalysisFlag::max, AnalysisFlag::mean, AnalysisFlag::sparsity, AnalysisFlag::numDistinctApprox",2048,0.25,5.45427e+06
SUM,double,"AnalysisFlag::min, AnalysisFlag::max, AnalysisFlag::mean, AnalysisFlag::sparsity, AnalysisFlag::numDistinctApprox",2048,0.25,5.44082e+06
SUM,double,"AnalysisFlag::min, AnalysisFlag::max, AnalysisFlag::mean, AnalysisFlag::sparsity, AnalysisFlag::numDistinctApprox",2048,0.25,5.44896e+06
SUM,double,"AnalysisFlag::min, AnalysisFlag::max, AnalysisFlag::mean, AnalysisFlag::sparsity, AnalysisFlag::numDistinctApprox",2048,0.25,5.44002e+06
SUM,double,"AnalysisFlag::min, AnalysisFlag::max, AnalysisFlag::mean, AnalysisFlag::sparsity, AnalysisFlag::numDistinctApprox",2048,0.25,5.45926e+06
SUM,double,"AnalysisFlag::min, AnalysisFlag::max, AnalysisFlag::mean, AnalysisFlag::sparsity, AnalysisFlag::numDistinctApprox",2048,0.25,5.44339e+06
SUM,double,"AnalysisFlag::min, AnalysisFlag::max, AnalysisFlag::mean, AnalysisFlag::sparsity, AnalysisFlag::numDistinctApprox",4096,0.25,2.18333e+07
SUM,double,"AnalysisFlag::min, AnalysisFlag::max, AnalysisFlag::mean, AnalysisFlag::sparsity, AnalysisFlag::numDistinctApprox",4096,0.25,2.18549e+07
SUM,double,"AnalysisFlag::min, AnalysisFlag::max, AnalysisFlag::mean, AnalysisFlag::sparsity, AnalysisFlag::numDistinctApprox",4096,0.25,2.18392e+07
SUM,double,"AnalysisFlag::min, AnalysisFlag::max, AnalysisFlag::mean, AnalysisFlag::sparsity, AnalysisFlag::numDistinctApprox",4096,0.25,2.18757e+07
SUM,double,"AnalysisFlag::min, AnalysisFlag::max, AnalysisFlag::mean, AnalysisFlag::sparsity, AnalysisFlag::numDistinctApprox",4096,0.25,2.18388e+07
SUM,double,"AnalysisFlag::min, AnalysisFlag::max, AnalysisFlag::mean, AnalysisFlag::sparsity, AnalysisFlag::numDistinctApprox",4096,0.25,2.1851e+07
SUM,double,"AnalysisFlag::min, AnalysisFlag::max, AnalysisFlag::mean, AnalysisFlag::sparsity, AnalysisFlag::numDistinctApprox",4096,0.25,2.1855e+07
SUM,double,"AnalysisFlag::min, AnalysisFlag::max, AnalysisFlag::mean, AnalysisFlag::sparsity, AnalysisFlag::numDistinctApprox",4096,0.25,2.1865e+07
SUM,double,"AnalysisFlag::min, AnalysisFlag::max, AnalysisFlag::mean, AnalysisFlag::sparsity, AnalysisFlag::numDistinctApprox",4096,0.25,2.18516e+07
SUM,double,"AnalysisFlag::min, AnalysisFlag::max, AnalysisFlag::mean, AnalysisFlag::sparsity, AnalysisFlag::numDistinctApprox",4096,0.25,2.1874e+07
SUM,int64_t,"AnalysisFlag::min, AnalysisFlag::max, AnalysisFlag::mean, AnalysisFlag::sparsity, AnalysisFlag::numDistinctApprox",1024,0.25,1.28128e+06
SUM,int64_t,"AnalysisFlag::min, AnalysisFlag::max, AnalysisFlag::mean, AnalysisFlag::sparsity, AnalysisFlag::numDistinctApprox",1024,0.25,1.27479e+06
SUM,int64_t,"AnalysisFlag::min, AnalysisFlag::max, AnalysisFlag::mean, AnalysisFlag::sparsity, AnalysisFlag::numDistinctApprox",1024,0.25,1.27677e+06
SUM,int64_t,"AnalysisFlag::min, AnalysisFlag::max, AnalysisFlag::mean, AnalysisFlag::sparsity, AnalysisFlag::numDistinctApprox",1024,0.25,1.27634e+06
SUM,int64_t,"AnalysisFlag::min, AnalysisFlag::max, AnalysisFlag::mean, AnalysisFlag::sparsity, AnalysisFlag::numDistinctApprox",1024,0.25,1.27541e+06
SUM,int64_t,"AnalysisFlag::min, AnalysisFlag::max, AnalysisFlag::mean, AnalysisFlag::sparsity, AnalysisFlag::numDistinctApprox",1024,0.25,1.27605e+06
SUM,int64_t,"AnalysisFlag::min, AnalysisFlag::max, AnalysisFlag::mean, AnalysisFlag::sparsity, AnalysisFlag::numDistinctApprox",1024,0.25,1.27393e+06
SUM,int64_t,"AnalysisFlag::min, AnalysisFlag::max, AnalysisFlag::mean, AnalysisFlag::sparsity, AnalysisFlag::numDistinctApprox",1024,0.25,1.27541e+06
SUM,int64_t,"AnalysisFlag::min, AnalysisFlag::max, AnalysisFlag::mean, AnalysisFlag::sparsity, AnalysisFlag::numDistinctApprox",1024,0.25,1.27363e+06
SUM,int64_t,"AnalysisFlag::min, AnalysisFlag::max, AnalysisFlag::mean, AnalysisFlag::sparsity, AnalysisFlag::numDistinctApprox",1024,0.25,1.27338e+06
SUM,int64_t,"AnalysisFlag::min, AnalysisFlag::max, AnalysisFlag::mean, AnalysisFlag::sparsity, AnalysisFlag::numDistinctApprox",2048,0.25,4.63094e+06
SUM,int64_t,"AnalysisFlag::min, AnalysisFlag::max, AnalysisFlag::mean, AnalysisFlag::sparsity, AnalysisFlag::numDistinctApprox",2048,0.25,4.63187e+06
SUM,int64_t,"AnalysisFlag::min, AnalysisFlag::max, AnalysisFlag::mean, AnalysisFlag::sparsity, AnalysisFlag::numDistinctApprox",2048,0.25,4.62432e+06
SUM,int64_t,"AnalysisFlag::min, AnalysisFlag::max, AnalysisFlag::mean, AnalysisFlag::sparsity, AnalysisFlag::numDistinctApprox",2048,0.25,5.37811e+06
SUM,int64_t,"AnalysisFlag::min, AnalysisFlag::max, AnalysisFlag::mean, AnalysisFlag::sparsity, AnalysisFlag::numDistinctApprox",2048,0.25,5.37064e+06
SUM,int64_t,"AnalysisFlag::min, AnalysisFlag::max, AnalysisFlag::mean, AnalysisFlag::sparsity, AnalysisFlag::numDistinctApprox",2048,0.25,5.37974e+06
SUM,int64_t,"AnalysisFlag::min, AnalysisFlag::max, AnalysisFlag::mean, AnalysisFlag::sparsity, AnalysisFlag::numDistinctApprox",2048,0.25,5.37279e+06
SUM,int64_t,"AnalysisFlag::min, AnalysisFlag::max, AnalysisFlag::mean, AnalysisFlag::sparsity, AnalysisFlag::numDistinctApprox",2048,0.25,5.36176e+06
SUM,int64_t,"AnalysisFlag::min, AnalysisFlag::max, AnalysisFlag::mean, AnalysisFlag::sparsity, AnalysisFlag::numDistinctApprox",2048,0.25,5.36722e+06
SUM,int64_t,"AnalysisFlag::min, AnalysisFlag::max, AnalysisFlag::mean, AnalysisFlag::sparsity, AnalysisFlag::numDistinctApprox",2048,0.25,5.37326e+06
SUM,int64_t,"AnalysisFlag::min, AnalysisFlag::max, AnalysisFlag::mean, AnalysisFlag::sparsity, AnalysisFlag::numDistinctApprox",4096,0.25,2.09969e+07
SUM,int64_t,"AnalysisFlag::min, AnalysisFlag::max, AnalysisFlag::mean, AnalysisFlag::sparsity, AnalysisFlag::numDistinctApprox",4096,0.25,2.10043e+07
SUM,int64_t,"AnalysisFlag::min, AnalysisFlag::max, AnalysisFlag::mean, AnalysisFlag::sparsity, AnalysisFlag::numDistinctApprox",4096,0.25,2.09785e+07
SUM,int64_t,"AnalysisFlag::min, AnalysisFlag::max, AnalysisFlag::mean, AnalysisFlag::sparsity, AnalysisFlag::numDistinctApprox",4096,0.25,2.09888e+07
SUM,int64_t,"AnalysisFlag::min, AnalysisFlag::max, AnalysisFlag::mean, AnalysisFlag::sparsity, AnalysisFlag::numDistinctApprox",4096,0.25,2.09875e+07
SUM,int64_t,"AnalysisFlag::min, AnalysisFlag::max, AnalysisFlag::mean, AnalysisFlag::sparsity, AnalysisFlag::numDistinctApprox",4096,0.25,2.09897e+07
SUM,int64_t,"AnalysisFlag::min, AnalysisFlag::max, AnalysisFlag::mean, AnalysisFlag::sparsity, AnalysisFlag::numDistinctApprox",4096,0.25,2.09918e+07
SUM,int64_t,"AnalysisFlag::min, AnalysisFlag::max, AnalysisFlag::mean, AnalysisFlag::sparsity, AnalysisFlag::numDistinctApprox",4096,0.25,2.09901e+07
SUM,int64_t,"AnalysisFlag::min, AnalysisFlag::max, AnalysisFlag::mean, AnalysisFlag::sparsity, AnalysisFlag::numDistinctApprox",4096,0.25,2.09979e+07
SUM,int64_t,"AnalysisFlag::min, AnalysisFlag::max, AnalysisFlag::mean, AnalysisFlag::sparsity, AnalysisFlag::numDistinctApprox",4096,0.25,2.09904e+07
SUM,double,"AnalysisFlag::min, AnalysisFlag::max, AnalysisFlag::mean, AnalysisFlag::sparsity, AnalysisFlag::numDistinctApprox",1024,1,1.50781e+06
SUM,double,"AnalysisFlag::min, AnalysisFlag::max, AnalysisFlag::mean, AnalysisFlag::sparsity, AnalysisFlag::numDistinctApprox",1024,1,1.4111e+06
SUM,double,"AnalysisFlag::min, AnalysisFlag::max, AnalysisFlag::mean, AnalysisFlag::sparsity, AnalysisFlag::numDistinctApprox",1024,1,1.4026e+06
SUM,double,"AnalysisFlag::min, AnalysisFlag::max, AnalysisFlag::mean, AnalysisFlag::sparsity, AnalysisFlag::numDistinctApprox",1024,1,1.39672e+06
SUM,double,"AnalysisFlag::min, AnalysisFlag::max, AnalysisFlag::mean, AnalysisFlag::sparsity, AnalysisFlag::numDistinctApprox",1024,1,1.39051e+06
SUM,double,"AnalysisFlag::min, AnalysisFlag::max, AnalysisFlag::mean, AnalysisFlag::sparsity, AnalysisFlag::numDistinctApprox",1024,1,1.39034e+06
SUM,double,"AnalysisFlag::min, AnalysisFlag::max, AnalysisFlag::mean, AnalysisFlag::sparsity, AnalysisFlag::numDistinctApprox",1024,1,1.39066e+06
SUM,double,"AnalysisFlag::min, AnalysisFlag::max, AnalysisFlag::mean, AnalysisFlag::sparsity, AnalysisFlag::numDistinctApprox",1024,1,1.38909e+06
SUM,double,"AnalysisFlag::min, AnalysisFlag::max, AnalysisFlag::mean, AnalysisFlag::sparsity, AnalysisFlag::numDistinctApprox",1024,1,1.39325e+06
SUM,double,"AnalysisFlag::min, AnalysisFlag::max, AnalysisFlag::mean, AnalysisFlag::sparsity, AnalysisFlag::numDistinctApprox",1024,1,1.38882e+06
SUM,double,"AnalysisFlag::min, AnalysisFlag::max, AnalysisFlag::mean, AnalysisFlag::sparsity, AnalysisFlag::numDistinctApprox",2048,1,5.49358e+06
SUM,double,"AnalysisFlag::min, AnalysisFlag::max, AnalysisFlag::mean, AnalysisFlag::sparsity, AnalysisFlag::numDistinctApprox",2048,1,5.46576e+06
SUM,double,"AnalysisFlag::min, AnalysisFlag::max, AnalysisFlag::mean, AnalysisFlag::sparsity, AnalysisFlag::numDistinctApprox",2048,1,5.67011e+06
SUM,double,"AnalysisFlag::min, AnalysisFlag::max, AnalysisFlag::mean, AnalysisFlag::sparsity, AnalysisFlag::numDistinctApprox",2048,1,5.4544e+06
SUM,double,"AnalysisFlag::min, AnalysisFlag::max, AnalysisFlag::mean, AnalysisFlag::sparsity, AnalysisFlag::numDistinctApprox",2048,1,5.46259e+06
SUM,double,"AnalysisFlag::min, AnalysisFlag::max, AnalysisFlag::mean, AnalysisFlag::sparsity, AnalysisFlag::numDistinctApprox",2048,1,5.44648e+06
SUM,double,"AnalysisFlag::min, AnalysisFlag::max, AnalysisFlag::mean, AnalysisFlag::sparsity, AnalysisFlag::numDistinctApprox",2048,1,5.45329e+06
SUM,double,"AnalysisFlag::min, AnalysisFlag::max, AnalysisFlag::mean, AnalysisFlag::sparsity, AnalysisFlag::numDistinctApprox",2048,1,5.4482e+06
SUM,double,"AnalysisFlag::min, AnalysisFlag::max, AnalysisFlag::mean, AnalysisFlag::sparsity, AnalysisFlag::numDistinctApprox",2048,1,5.45577e+06
SUM,double,"AnalysisFlag::min, AnalysisFlag::max, AnalysisFlag::mean, AnalysisFlag::sparsity, AnalysisFlag::numDistinctApprox",2048,1,5.44636e+06
SUM,double,"AnalysisFlag::min, AnalysisFlag::max, AnalysisFlag::mean, AnalysisFlag::sparsity, AnalysisFlag::numDistinctApprox",4096,1,2.18861e+07
SUM,double,"AnalysisFlag::min, AnalysisFlag::max, AnalysisFlag::mean, AnalysisFlag::sparsity, AnalysisFlag::numDistinctApprox",4096,1,2.18446e+07
SUM,double,"AnalysisFlag::min, AnalysisFlag::max, AnalysisFlag::mean, AnalysisFlag::sparsity, AnalysisFlag::numDistinctApprox",4096,1,2.18336e+07
SUM,double,"AnalysisFlag::min, AnalysisFlag::max, AnalysisFlag::mean, AnalysisFlag::sparsity, AnalysisFlag::numDistinctApprox",4096,1,2.18733e+07
SUM,double,"AnalysisFlag::min, AnalysisFlag::max, AnalysisFlag::mean, AnalysisFlag::sparsity, AnalysisFlag::numDistinctApprox",4096,1,2.1849e+07
SUM,double,"AnalysisFlag::min, AnalysisFlag::max, AnalysisFlag::mean, AnalysisFlag::sparsity, AnalysisFlag::numDistinctApprox",4096,1,2.18578e+07
SUM,double,"AnalysisFlag::min, AnalysisFlag::max, AnalysisFlag::mean, AnalysisFlag::sparsity, AnalysisFlag::numDistinctApprox",4096,1,2.18485e+07
SUM,double,"AnalysisFlag::min, AnalysisFlag::max, AnalysisFlag::mean, AnalysisFlag::sparsity, AnalysisFlag::numDistinctApprox",4096,1,2.18701e+07
SUM,double,"AnalysisFlag::min, AnalysisFlag::max, AnalysisFlag::mean, AnalysisFlag::sparsity, AnalysisFlag::numDistinctApprox",4096,1,2.18455e+07
SUM,double,"AnalysisFlag::min, AnalysisFlag::max, AnalysisFlag::mean, AnalysisFlag::sparsity, AnalysisFlag::numDistinctApprox",4096,1,2.18351e+07
SUM,int64_t,"AnalysisFlag::min, AnalysisFlag::max, AnalysisFlag::mean, AnalysisFlag::sparsity, AnalysisFlag::numDistinctApprox",1024,1,1.45097e+06
SUM,int64_t,"AnalysisFlag::min, AnalysisFlag::max, AnalysisFlag::mean, AnalysisFlag::sparsity, AnalysisFlag::numDistinctApprox",1024,1,1.42529e+06
SUM,int64_t,"AnalysisFlag::min, AnalysisFlag::max, AnalysisFlag::mean, AnalysisFlag::sparsity, AnalysisFlag::numDistinctApprox",1024,1,1.38802e+06
SUM,int64_t,"AnalysisFlag::min, AnalysisFlag::max, AnalysisFlag::mean, AnalysisFlag::sparsity, AnalysisFlag::numDistinctApprox",1024,1,1.38954e+06
SUM,int64_t,"AnalysisFlag::min, AnalysisFlag::max, AnalysisFlag::mean, AnalysisFlag::sparsity, AnalysisFlag::numDistinctApprox",1024,1,1.38997e+06
SUM,int64_t,"AnalysisFlag::min, AnalysisFlag::max, AnalysisFlag::mean, AnalysisFlag::sparsity, AnalysisFlag::numDistinctApprox",1024,1,1.39164e+06
SUM,int64_t,"AnalysisFlag::min, AnalysisFlag::max, AnalysisFlag::mean, AnalysisFlag::sparsity, AnalysisFlag::numDistinctApprox",1024,1,1.38673e+06
SUM,int64_t,"AnalysisFlag::min, AnalysisFlag::max, AnalysisFlag::mean, AnalysisFlag::sparsity, AnalysisFlag::numDistinctApprox",1024,1,1.389e+06
SUM,int64_t,"AnalysisFlag::min, AnalysisFlag::max, AnalysisFlag::mean, AnalysisFlag::sparsity, AnalysisFlag::numDistinctApprox",1024,1,1.39008e+06
SUM,int64_t,"AnalysisFlag::min, AnalysisFlag::max, AnalysisFlag::mean, AnalysisFlag::sparsity, AnalysisFlag::numDistinctApprox",1024,1,1.39376e+06
SUM,int64_t,"AnalysisFlag::min, AnalysisFlag::max, AnalysisFlag::mean, AnalysisFlag::sparsity, AnalysisFlag::numDistinctApprox",2048,1,5.43481e+06
SUM,int64_t,"AnalysisFlag::min, AnalysisFlag::max, AnalysisFlag::mean, AnalysisFlag::sparsity, AnalysisFlag::numDistinctApprox",2048,1,5.37111e+06
SUM,int64_t,"AnalysisFlag::min, AnalysisFlag::max, AnalysisFlag::mean, AnalysisFlag::sparsity, AnalysisFlag::numDistinctApprox",2048,1,5.36622e+06
SUM,int64_t,"AnalysisFlag::min, AnalysisFlag::max, AnalysisFlag::mean, AnalysisFlag::sparsity, AnalysisFlag::numDistinctApprox",2048,1,5.36889e+06
SUM,int64_t,"AnalysisFlag::min, AnalysisFlag::max, AnalysisFlag::mean, AnalysisFlag::sparsity, AnalysisFlag::numDistinctApprox",2048,1,5.37141e+06
SUM,int64_t,"AnalysisFlag::min, AnalysisFlag::max, AnalysisFlag::mean, AnalysisFlag::sparsity, AnalysisFlag::numDistinctApprox",2048,1,5.37467e+06
SUM,int64_t,"AnalysisFlag::min, AnalysisFlag::max, AnalysisFlag::mean, AnalysisFlag::sparsity, AnalysisFlag::numDistinctApprox",2048,1,5.37611e+06
SUM,int64_t,"AnalysisFlag::min, AnalysisFlag::max, AnalysisFlag::mean, AnalysisFlag::sparsity, AnalysisFlag::numDistinctApprox",2048,1,5.37241e+06
SUM,int64_t,"AnalysisFlag::min, AnalysisFlag::max, AnalysisFlag::mean, AnalysisFlag::sparsity, AnalysisFlag::numDistinctApprox",2048,1,5.36618e+06
SUM,int64_t,"AnalysisFlag::min, AnalysisFlag::max, AnalysisFlag::mean, AnalysisFlag::sparsity, AnalysisFlag::numDistinctApprox",2048,1,5.36378e+06
SUM,int64_t,"AnalysisFlag::min, AnalysisFlag::max, AnalysisFlag::mean, AnalysisFlag::sparsity, AnalysisFlag::numDistinctApprox",4096,1,2.09808e+07
SUM,int64_t,"AnalysisFlag::min, AnalysisFlag::max, AnalysisFlag::mean, AnalysisFlag::sparsity, AnalysisFlag::numDistinctApprox",4096,1,2.09848e+07
SUM,int64_t,"AnalysisFlag::min, AnalysisFlag::max, AnalysisFlag::mean, AnalysisFlag::sparsity, AnalysisFlag::numDistinctApprox",4096,1,2.09944e+07
SUM,int64_t,"AnalysisFlag::min, AnalysisFlag::max, AnalysisFlag::mean, AnalysisFlag::sparsity, AnalysisFlag::numDistinctApprox",4096,1,2.09854e+07
SUM,int64_t,"AnalysisFlag::min, AnalysisFlag::max, AnalysisFlag::mean, AnalysisFlag::sparsity, AnalysisFlag::numDistinctApprox",4096,1,2.09804e+07
SUM,int64_t,"AnalysisFlag::min, AnalysisFlag::max, AnalysisFlag::mean, AnalysisFlag::sparsity, AnalysisFlag::numDistinctApprox",4096,1,2.0984e+07
SUM,int64_t,"AnalysisFlag::min, AnalysisFlag::max, AnalysisFlag::mean, AnalysisFlag::sparsity, AnalysisFlag::numDistinctApprox",4096,1,2.09889e+07
SUM,int64_t,"AnalysisFlag::min, AnalysisFlag::max, AnalysisFlag::mean, AnalysisFlag::sparsity, AnalysisFlag::numDistinctApprox",4096,1,2.09831e+07
SUM,int64_t,"AnalysisFlag::min, AnalysisFlag::max, AnalysisFlag::mean, AnalysisFlag::sparsity, AnalysisFlag::numDistinctApprox",4096,1,2.0981e+07
SUM,int64_t,"AnalysisFlag::min, AnalysisFlag::max, AnalysisFlag::mean, AnalysisFlag::sparsity, AnalysisFlag::numDistinctApprox",4096,1,2.0986e+07
MEAN,double,"AnalysisFlag::min, AnalysisFlag::max, AnalysisFlag::mean, AnalysisFlag::sparsity, AnalysisFlag::numDistinctApprox",1024,0.001,93630
MEAN,double,"AnalysisFlag::min, AnalysisFlag::max, AnalysisFlag::mean, AnalysisFlag::sparsity, AnalysisFlag::numDistinctApprox",1024,0.001,89428
MEAN,double,"AnalysisFlag::min, AnalysisFlag::max, AnalysisFlag::mean, AnalysisFlag::sparsity, AnalysisFlag::numDistinctApprox",1024,0.001,89147
MEAN,double,"AnalysisFlag::min, AnalysisFlag::max, AnalysisFlag::mean, AnalysisFlag::sparsity, AnalysisFlag::numDistinctApprox",1024,0.001,88127
MEAN,double,"AnalysisFlag::min, AnalysisFlag::max, AnalysisFlag::mean, AnalysisFlag::sparsity, AnalysisFlag::numDistinctApprox",1024,0.001,88737
MEAN,double,"AnalysisFlag::min, AnalysisFlag::max, AnalysisFlag::mean, AnalysisFlag::sparsity, AnalysisFlag::numDistinctApprox",1024,0.001,89075
MEAN,double,"AnalysisFlag::min, AnalysisFlag::max, AnalysisFlag::mean, AnalysisFlag::sparsity, AnalysisFlag::numDistinctApprox",1024,0.001,87597
MEAN,double,"AnalysisFlag::min, AnalysisFlag::max, AnalysisFlag::mean, AnalysisFlag::sparsity, AnalysisFlag::numDistinctApprox",1024,0.001,86661
MEAN,double,"AnalysisFlag::min, AnalysisFlag::max, AnalysisFlag::mean, AnalysisFlag::sparsity, AnalysisFlag::numDistinctApprox",1024,0.001,88857
MEAN,double,"AnalysisFlag::min, AnalysisFlag::max, AnalysisFlag::mean, AnalysisFlag::sparsity, AnalysisFlag::numDistinctApprox",1024,0.001,86986
MEAN,double,"AnalysisFlag::min, AnalysisFlag::max, AnalysisFlag::mean, AnalysisFlag::sparsity, AnalysisFlag::numDistinctApprox",2048,0.001,210931
MEAN,double,"AnalysisFlag::min, AnalysisFlag::max, AnalysisFlag::mean, AnalysisFlag::sparsity, AnalysisFlag::numDistinctApprox",2048,0.001,201851
MEAN,double,"AnalysisFlag::min, AnalysisFlag::max, AnalysisFlag::mean, AnalysisFlag::sparsity, AnalysisFlag::numDistinctApprox",2048,0.001,209727
MEAN,double,"AnalysisFlag::min, AnalysisFlag::max, AnalysisFlag::mean, AnalysisFlag::sparsity, AnalysisFlag::numDistinctApprox",2048,0.001,202083
MEAN,double,"AnalysisFlag::min, AnalysisFlag::max, AnalysisFlag::mean, AnalysisFlag::sparsity, AnalysisFlag::numDistinctApprox",2048,0.001,207397
MEAN,double,"AnalysisFlag::min, AnalysisFlag::max, AnalysisFlag::mean, AnalysisFlag::sparsity, AnalysisFlag::numDistinctApprox",2048,0.001,207783
MEAN,double,"AnalysisFlag::min, AnalysisFlag::max, AnalysisFlag::mean, AnalysisFlag::sparsity, AnalysisFlag::numDistinctApprox",2048,0.001,208977
MEAN,double,"AnalysisFlag::min, AnalysisFlag::max, AnalysisFlag::mean, AnalysisFlag::sparsity, AnalysisFlag::numDistinctApprox",2048,0.001,202659
MEAN,double,"AnalysisFlag::min, AnalysisFlag::max, AnalysisFlag::mean, AnalysisFlag::sparsity, AnalysisFlag::numDistinctApprox",2048,0.001,206080
MEAN,double,"AnalysisFlag::min, AnalysisFlag::max, AnalysisFlag::mean, AnalysisFlag::sparsity, AnalysisFlag::numDistinctApprox",2048,0.001,204202
MEAN,double,"AnalysisFlag::min, AnalysisFlag::max, AnalysisFlag::mean, AnalysisFlag::sparsity, AnalysisFlag::numDistinctApprox",4096,0.001,334358
MEAN,double,"AnalysisFlag::min, AnalysisFlag::max, AnalysisFlag::mean, AnalysisFlag::sparsity, AnalysisFlag::numDistinctApprox",4096,0.001,338375
MEAN,double,"AnalysisFlag::min, AnalysisFlag::max, AnalysisFlag::mean, AnalysisFlag::sparsity, AnalysisFlag::numDistinctApprox",4096,0.001,325159
MEAN,double,"AnalysisFlag::min, AnalysisFlag::max, AnalysisFlag::mean, AnalysisFlag::sparsity, AnalysisFlag::numDistinctApprox",4096,0.001,326971
MEAN,double,"AnalysisFlag::min, AnalysisFlag::max, AnalysisFlag::mean, AnalysisFlag::sparsity, AnalysisFlag::numDistinctApprox",4096,0.001,329842
MEAN,double,"AnalysisFlag::min, AnalysisFlag::max, AnalysisFlag::mean, AnalysisFlag::sparsity, AnalysisFlag::numDistinctApprox",4096,0.001,322856
MEAN,double,"AnalysisFlag::min, AnalysisFlag::max, AnalysisFlag::mean, AnalysisFlag::sparsity, AnalysisFlag::numDistinctApprox",4096,0.001,328078
MEAN,double,"AnalysisFlag::min, AnalysisFlag::max, AnalysisFlag::mean, AnalysisFlag::sparsity, AnalysisFlag::numDistinctApprox",4096,0.001,331118
MEAN,double,"AnalysisFlag::min, AnalysisFlag::max, AnalysisFlag::mean, AnalysisFlag::sparsity, AnalysisFlag::numDistinctApprox",4096,0.001,324590
MEAN,double,"AnalysisFlag::min, AnalysisFlag::max, AnalysisFlag::mean, AnalysisFlag::sparsity, AnalysisFlag::numDistinctApprox",4096,0.001,333170
MEAN,int64_t,"AnalysisFlag::min, AnalysisFlag::max, AnalysisFlag::mean, AnalysisFlag::sparsity, AnalysisFlag::numDistinctApprox",1024,0.001,22664
MEAN,int64_t,"AnalysisFlag::min, AnalysisFlag::max, AnalysisFlag::mean, AnalysisFlag::sparsity, AnalysisFlag::numDistinctApprox",1024,0.001,19425
MEAN,int64_t,"AnalysisFlag::min, AnalysisFlag::max, AnalysisFlag::mean, AnalysisFlag::sparsity, AnalysisFlag::numDistinctApprox",1024,0.001,21288
MEAN,int64_t,"AnalysisFlag::min, AnalysisFlag::max, AnalysisFlag::mean, AnalysisFlag::sparsity, AnalysisFlag::numDistinctApprox",1024,0.001,21023
MEAN,int64_t,"AnalysisFlag::min, AnalysisFlag::max, AnalysisFlag::mean, AnalysisFlag::sparsity, AnalysisFlag::numDistinctApprox",1024,0.001,19543
MEAN,int64_t,"AnalysisFlag::min, AnalysisFlag::max, AnalysisFlag::mean, AnalysisFlag::sparsity, AnalysisFlag::numDistinctApprox",1024,0.001,22331
MEAN,int64_t,"AnalysisFlag::min, AnalysisFlag::max, AnalysisFlag::mean, AnalysisFlag::sparsity, AnalysisFlag::numDistinctApprox",1024,0.001,21078
MEAN,int64_t,"AnalysisFlag::min, AnalysisFlag::max, AnalysisFlag::mean, AnalysisFlag::sparsity, AnalysisFlag::numDistinctApprox",1024,0.001,18561
MEAN,int64_t,"AnalysisFlag::min, AnalysisFlag::max, AnalysisFlag::mean, AnalysisFlag::sparsity, AnalysisFlag::numDistinctApprox",1024,0.001,18941
MEAN,int64_t,"AnalysisFlag::min, AnalysisFlag::max, AnalysisFlag::mean, AnalysisFlag::sparsity, AnalysisFlag::numDistinctApprox",1024,0.001,20573
MEAN,int64_t,"AnalysisFlag::min, AnalysisFlag::max, AnalysisFlag::mean, AnalysisFlag::sparsity, AnalysisFlag::numDistinctApprox",2048,0.001,51004
MEAN,int64_t,"AnalysisFlag::min, AnalysisFlag::max, AnalysisFlag::mean, AnalysisFlag::sparsity, AnalysisFlag::numDistinctApprox",2048,0.001,49719
MEAN,int64_t,"AnalysisFlag::min, AnalysisFlag::max, AnalysisFlag::mean, AnalysisFlag::sparsity, AnalysisFlag::numDistinctApprox",2048,0.001,49498
MEAN,int64_t,"AnalysisFlag::min, AnalysisFlag::max, AnalysisFlag::mean, AnalysisFlag::sparsity, AnalysisFlag::numDistinctApprox",2048,0.001,44636
MEAN,int64_t,"AnalysisFlag::min, AnalysisFlag::max, AnalysisFlag::mean, AnalysisFlag::sparsity, AnalysisFlag::numDistinctApprox",2048,0.001,45838
MEAN,int64_t,"AnalysisFlag::min, AnalysisFlag::max, AnalysisFlag::mean, AnalysisFlag::sparsity, AnalysisFlag::numDistinctApprox",2048,0.001,45292
MEAN,int64_t,"AnalysisFlag::min, AnalysisFlag::max, AnalysisFlag::mean, AnalysisFlag::sparsity, AnalysisFlag::numDistinctApprox",2048,0.001,49663
MEAN,int64_t,"AnalysisFlag::min, AnalysisFlag::max, AnalysisFlag::mean, AnalysisFlag::sparsity, AnalysisFlag::numDistinctApprox",2048,0.001,49691
MEAN,int64_t,"AnalysisFlag::min, AnalysisFlag::max, AnalysisFlag::mean, AnalysisFlag::sparsity, AnalysisFlag::numDistinctApprox",2048,0.001,49821
MEAN,int64_t,"AnalysisFlag::min, AnalysisFlag::max, AnalysisFlag::mean, AnalysisFlag::sparsity, AnalysisFlag::numDistinctApprox",2048,0.001,46015
MEAN,int64_t,"AnalysisFlag::min, AnalysisFlag::max, AnalysisFlag::mean, AnalysisFlag::sparsity, AnalysisFlag::numDistinctApprox",4096,0.001,106279
MEAN,int64_t,"AnalysisFlag::min, AnalysisFlag::max, AnalysisFlag::mean, AnalysisFlag::sparsity, AnalysisFlag::numDistinctApprox",4096,0.001,105856
MEAN,int64_t,"AnalysisFlag::min, AnalysisFlag::max, AnalysisFlag::mean, AnalysisFlag::sparsity, AnalysisFlag::numDistinctApprox",4096,0.001,115056
MEAN,int64_t,"AnalysisFlag::min, AnalysisFlag::max, AnalysisFlag::mean, AnalysisFlag::sparsity, AnalysisFlag::numDistinctApprox",4096,0.001,115580
MEAN,int64_t,"AnalysisFlag::min, AnalysisFlag::max, AnalysisFlag::mean, AnalysisFlag::sparsity, AnalysisFlag::numDistinctApprox",4096,0.001,104770
MEAN,int64_t,"AnalysisFlag::min, AnalysisFlag::max, AnalysisFlag::mean, AnalysisFlag::sparsity, AnalysisFlag::numDistinctApprox",4096,0.001,115023
MEAN,int64_t,"AnalysisFlag::min, AnalysisFlag::max, AnalysisFlag::mean, AnalysisFlag::sparsity, AnalysisFlag::numDistinctApprox",4096,0.001,116646
MEAN,int64_t,"AnalysisFlag::min, AnalysisFlag::max, AnalysisFlag::mean, AnalysisFlag::sparsity, AnalysisFlag::numDistinctApprox",4096,0.001,119811
MEAN,int64_t,"AnalysisFlag::min, AnalysisFlag::max, AnalysisFlag::mean, AnalysisFlag::sparsity, AnalysisFlag::numDistinctApprox",4096,0.001,116835
MEAN,int64_t,"AnalysisFlag::min, AnalysisFlag::max, AnalysisFlag::mean, AnalysisFlag::sparsity, AnalysisFlag::numDistinctApprox",4096,0.001,115744
MEAN,double,"AnalysisFlag::min, AnalysisFlag::max, AnalysisFlag::mean, AnalysisFlag::sparsity, AnalysisFlag::numDistinctApprox",1024,0.01,130754
MEAN,double,"AnalysisFlag::min, AnalysisFlag::max, AnalysisFlag::mean, AnalysisFlag::sparsity, AnalysisFlag::numDistinctApprox",1024,0.01,127099
MEAN,double,"AnalysisFlag::min, AnalysisFlag::max, AnalysisFlag::mean, AnalysisFlag::sparsity, AnalysisFlag::numDistinctApprox",1024,0.01,125277
MEAN,double,"AnalysisFlag::min, AnalysisFlag::max, AnalysisFlag::mean, AnalysisFlag::sparsity, AnalysisFlag::numDistinctApprox",1024,0.01,124256
MEAN,double,"AnalysisFlag::min, AnalysisFlag::max, AnalysisFlag::mean, AnalysisFlag::sparsity, AnalysisFlag::numDistinctApprox",1024,0.01,124302
MEAN,double,"AnalysisFlag::min, AnalysisFlag::max, AnalysisFlag::mean, AnalysisFlag::sparsity, AnalysisFlag::numDistinctApprox",1024,0.01,125503
MEAN,double,"AnalysisFlag::min, AnalysisFlag::max, AnalysisFlag::mean, AnalysisFlag::sparsity, AnalysisFlag::numDistinctApprox",1024,0.01,124578
MEAN,double,"AnalysisFlag::min, AnalysisFlag::max, AnalysisFlag::mean, AnalysisFlag::sparsity, AnalysisFlag::numDistinctApprox",1024,0.01,126056
MEAN,double,"AnalysisFlag::min, AnalysisFlag::max, AnalysisFlag::mean, AnalysisFlag::sparsity, AnalysisFlag::numDistinctApprox",1024,0.01,126221
MEAN,double,"AnalysisFlag::min, AnalysisFlag::max, AnalysisFlag::mean, AnalysisFlag::sparsity, AnalysisFlag::numDistinctApprox",1024,0.01,122345
MEAN,double,"AnalysisFlag::min, AnalysisFlag::max, AnalysisFlag::mean, AnalysisFlag::sparsity, AnalysisFlag::numDistinctApprox",2048,0.01,256345
MEAN,double,"AnalysisFlag::min, AnalysisFlag::max, AnalysisFlag::mean, AnalysisFlag::sparsity, AnalysisFlag::numDistinctApprox",2048,0.01,255178
MEAN,double,"AnalysisFlag::min, AnalysisFlag::max, AnalysisFlag::mean, AnalysisFlag::sparsity, AnalysisFlag::numDistinctApprox",2048,0.01,257360
MEAN,double,"AnalysisFlag::min, AnalysisFlag::max, AnalysisFlag::mean, AnalysisFlag::sparsity, AnalysisFlag::numDistinctApprox",2048,0.01,258604
MEAN,double,"AnalysisFlag::min, AnalysisFlag::max, AnalysisFlag::mean, AnalysisFlag::sparsity, AnalysisFlag::numDistinctApprox",2048,0.01,258795
MEAN,double,"AnalysisFlag::min, AnalysisFlag::max, AnalysisFlag::mean, AnalysisFlag::sparsity, AnalysisFlag::numDistinctApprox",2048,0.01,255028
MEAN,double,"AnalysisFlag::min, AnalysisFlag::max, AnalysisFlag::mean, AnalysisFlag::sparsity, AnalysisFlag::numDistinctApprox",2048,0.01,264517
MEAN,double,"AnalysisFlag::min, AnalysisFlag::max, AnalysisFlag::mean, AnalysisFlag::sparsity, AnalysisFlag::numDistinctApprox",2048,0.01,257811
MEAN,double,"AnalysisFlag::min, AnalysisFlag::max, AnalysisFlag::mean, AnalysisFlag::sparsity, AnalysisFlag::numDistinctApprox",2048,0.01,263386
MEAN,double,"AnalysisFlag::min, AnalysisFlag::max, AnalysisFlag::mean, AnalysisFlag::sparsity, AnalysisFlag::numDistinctApprox",2048,0.01,267500
MEAN,double,"AnalysisFlag::min, AnalysisFlag::max, AnalysisFlag::mean, AnalysisFlag::sparsity, AnalysisFlag::numDistinctApprox",4096,0.01,583643
MEAN,double,"AnalysisFlag::min, AnalysisFlag::max, AnalysisFlag::mean, AnalysisFlag::sparsity, AnalysisFlag::numDistinctApprox",4096,0.01,577649
MEAN,double,"AnalysisFlag::min, AnalysisFlag::max, AnalysisFlag::mean, AnalysisFlag::sparsity, AnalysisFlag::numDistinctApprox",4096,0.01,576446
MEAN,double,"AnalysisFlag::min, AnalysisFlag::max, AnalysisFlag::mean, AnalysisFlag::sparsity, AnalysisFlag::numDistinctApprox",4096,0.01,577690
MEAN,double,"AnalysisFlag::min, AnalysisFlag::max, AnalysisFlag::mean, AnalysisFlag::sparsity, AnalysisFlag::numDistinctApprox",4096,0.01,575481
MEAN,double,"AnalysisFlag::min, AnalysisFlag::max, AnalysisFlag::mean, AnalysisFlag::sparsity, AnalysisFlag::numDistinctApprox",4096,0.01,581542
MEAN,double,"AnalysisFlag::min, AnalysisFlag::max, AnalysisFlag::mean, AnalysisFlag::sparsity, AnalysisFlag::numDistinctApprox",4096,0.01,579753
MEAN,double,"AnalysisFlag::min, AnalysisFlag::max, AnalysisFlag::mean, AnalysisFlag::sparsity, AnalysisFlag::numDistinctApprox",4096,0.01,577309
MEAN,double,"AnalysisFlag::min, AnalysisFlag::max, AnalysisFlag::mean, AnalysisFlag::sparsity, AnalysisFlag::numDistinctApprox",4096,0.01,574353
MEAN,double,"AnalysisFlag::min, AnalysisFlag::max, AnalysisFlag::mean, AnalysisFlag::sparsity, AnalysisFlag::numDistinctApprox",4096,0.01,577926
MEAN,int64_t,"AnalysisFlag::min, AnalysisFlag::max, AnalysisFlag::mean, AnalysisFlag::sparsity, AnalysisFlag::numDistinctApprox",1024,0.01,40249
MEAN,int64_t,"AnalysisFlag::min, AnalysisFlag::max, AnalysisFlag::mean, AnalysisFlag::sparsity, AnalysisFlag::numDistinctApprox",1024,0.01,39019
MEAN,int64_t,"AnalysisFlag::min, AnalysisFlag::max, AnalysisFlag::mean, AnalysisFlag::sparsity, AnalysisFlag::numDistinctApprox",1024,0.01,36675
MEAN,int64_t,"AnalysisFlag::min, AnalysisFlag::max, AnalysisFlag::mean, AnalysisFlag::sparsity, AnalysisFlag::numDistinctApprox",1024,0.01,38980
MEAN,int64_t,"AnalysisFlag::min, AnalysisFlag::max, AnalysisFlag::mean, AnalysisFlag::sparsity, AnalysisFlag::numDistinctApprox",1024,0.01,39032
MEAN,int64_t,"AnalysisFlag::min, AnalysisFlag::max, AnalysisFlag::mean, AnalysisFlag::sparsity, AnalysisFlag::numDistinctApprox",1024,0.01,36823
MEAN,int64_t,"AnalysisFlag::min, AnalysisFlag::max, AnalysisFlag::mean, AnalysisFlag::sparsity, AnalysisFlag::numDistinctApprox",1024,0.01,38742
MEAN,int64_t,"AnalysisFlag::min, AnalysisFlag::max, AnalysisFlag::mean, AnalysisFlag::sparsity, AnalysisFlag::numDistinctApprox",1024,0.01,38297
MEAN,int64_t,"AnalysisFlag::min, AnalysisFlag::max, AnalysisFlag::mean, AnalysisFlag::sparsity, AnalysisFlag::numDistinctApprox",1024,0.01,39241
MEAN,int64_t,"AnalysisFlag::min, AnalysisFlag::max, AnalysisFlag::mean, AnalysisFlag::sparsity, AnalysisFlag::numDistinctApprox",1024,0.01,39007
MEAN,int64_t,"AnalysisFlag::min, AnalysisFlag::max, AnalysisFlag::mean, AnalysisFlag::sparsity, AnalysisFlag::numDistinctApprox",2048,0.01,108597
MEAN,int64_t,"AnalysisFlag::min, AnalysisFlag::max, AnalysisFlag::mean, AnalysisFlag::sparsity, AnalysisFlag::numDistinctApprox",2048,0.01,108983
MEAN,int64_t,"AnalysisFlag::min, AnalysisFlag::max, AnalysisFlag::mean, AnalysisFlag::sparsity, AnalysisFlag::numDistinctApprox",2048,0.01,110565
MEAN,int64_t,"AnalysisFlag::min, AnalysisFlag::max, AnalysisFlag::mean, AnalysisFlag::sparsity, AnalysisFlag::numDistinctApprox",2048,0.01,109494
MEAN,int64_t,"AnalysisFlag::min, AnalysisFlag::max, AnalysisFlag::mean, AnalysisFlag::sparsity, AnalysisFlag::numDistinctApprox",2048,0.01,104745
MEAN,int64_t,"AnalysisFlag::min, AnalysisFlag::max, AnalysisFlag::mean, AnalysisFlag::sparsity, AnalysisFlag::numDistinctApprox",2048,0.01,103999
MEAN,int64_t,"AnalysisFlag::min, AnalysisFlag::max, AnalysisFlag::mean, AnalysisFlag::sparsity, AnalysisFlag::numDistinctApprox",2048,0.01,105547
MEAN,int64_t,"AnalysisFlag::min, AnalysisFlag::max, AnalysisFlag::mean, AnalysisFlag::sparsity, AnalysisFlag::numDistinctApprox",2048,0.01,104693
MEAN,int64_t,"AnalysisFlag::min, AnalysisFlag::max, AnalysisFlag::mean, AnalysisFlag::sparsity, AnalysisFlag::numDistinctApprox",2048,0.01,104345
MEAN,int64_t,"AnalysisFlag::min, AnalysisFlag::max, AnalysisFlag::mean, AnalysisFlag::sparsity, AnalysisFlag::numDistinctApprox",2048,0.01,110447
MEAN,int64_t,"AnalysisFlag::min, AnalysisFlag::max, AnalysisFlag::mean, AnalysisFlag::sparsity, AnalysisFlag::numDistinctApprox",4096,0.01,365547
MEAN,int64_t,"AnalysisFlag::min, AnalysisFlag::max, AnalysisFlag::mean, AnalysisFlag::sparsity, AnalysisFlag::numDistinctApprox",4096,0.01,359018
MEAN,int64_t,"AnalysisFlag::min, AnalysisFlag::max, AnalysisFlag::mean, AnalysisFlag::sparsity, AnalysisFlag::numDistinctApprox",4096,0.01,355654
MEAN,int64_t,"AnalysisFlag::min, AnalysisFlag::max, AnalysisFlag::mean, AnalysisFlag::sparsity, AnalysisFlag::numDistinctApprox",4096,0.01,365775
MEAN,int64_t,"AnalysisFlag::min, AnalysisFlag::max, AnalysisFlag::mean, AnalysisFlag::sparsity, AnalysisFlag::numDistinctApprox",4096,0.01,366052
MEAN,int64_t,"AnalysisFlag::min, AnalysisFlag::max, AnalysisFlag::mean, AnalysisFlag::sparsity, AnalysisFlag::numDistinctApprox",4096,0.01,359312
MEAN,int64_t,"AnalysisFlag::min, AnalysisFlag::max, AnalysisFlag::mean, AnalysisFlag::sparsity, AnalysisFlag::numDistinctApprox",4096,0.01,362586
MEAN,int64_t,"AnalysisFlag::min, AnalysisFlag::max, AnalysisFlag::mean, AnalysisFlag::sparsity, AnalysisFlag::numDistinctApprox",4096,0.01,366752
MEAN,int64_t,"AnalysisFlag::min, AnalysisFlag::max, AnalysisFlag::mean, AnalysisFlag::sparsity, AnalysisFlag::numDistinctApprox",4096,0.01,356478
MEAN,int64_t,"AnalysisFlag::min, AnalysisFlag::max, AnalysisFlag::mean, AnalysisFlag::sparsity, AnalysisFlag::numDistinctApprox",4096,0.01,365156
MEAN,double,"AnalysisFlag::min, AnalysisFlag::max, AnalysisFlag::mean, AnalysisFlag::sparsity, AnalysisFlag::numDistinctApprox",1024,0.05,186324
MEAN,double,"AnalysisFlag::min, AnalysisFlag::max, AnalysisFlag::mean, AnalysisFlag::sparsity, AnalysisFlag::numDistinctApprox",1024,0.05,194525
MEAN,double,"AnalysisFlag::min, AnalysisFlag::max, AnalysisFlag::mean, AnalysisFlag::sparsity, AnalysisFlag::numDistinctApprox",1024,0.05,183215
MEAN,double,"AnalysisFlag::min, AnalysisFlag::max, AnalysisFlag::mean, AnalysisFlag::sparsity, AnalysisFlag::numDistinctApprox",1024,0.05,185330
MEAN,double,"AnalysisFlag::min, AnalysisFlag::max, AnalysisFlag::mean, AnalysisFlag::sparsity, AnalysisFlag::numDistinctApprox",1024,0.05,195435
MEAN,double,"AnalysisFlag::min, AnalysisFlag::max, AnalysisFlag::mean, AnalysisFlag::sparsity, AnalysisFlag::numDistinctApprox",1024,0.05,182765
MEAN,double,"AnalysisFlag::min, AnalysisFlag::max, AnalysisFlag::mean, AnalysisFlag::sparsity, AnalysisFlag::numDistinctApprox",1024,0.05,192601
MEAN,double,"AnalysisFlag::min, AnalysisFlag::max, AnalysisFlag::mean, AnalysisFlag::sparsity, AnalysisFlag::numDistinctApprox",1024,0.05,185994
MEAN,double,"AnalysisFlag::min, AnalysisFlag::max, AnalysisFlag::mean, AnalysisFlag::sparsity, AnalysisFlag::numDistinctApprox",1024,0.05,196472
MEAN,double,"AnalysisFlag::min, AnalysisFlag::max, AnalysisFlag::mean, AnalysisFlag::sparsity, AnalysisFlag::numDistinctApprox",1024,0.05,196118
MEAN,double,"AnalysisFlag::min, AnalysisFlag::max, AnalysisFlag::mean, AnalysisFlag::sparsity, AnalysisFlag::numDistinctApprox",2048,0.05,500599
MEAN,double,"AnalysisFlag::min, AnalysisFlag::max, AnalysisFlag::mean, AnalysisFlag::sparsity, AnalysisFlag::numDistinctApprox",2048,0.05,491007
MEAN,double,"AnalysisFlag::min, AnalysisFlag::max, AnalysisFlag::mean, AnalysisFlag::sparsity, AnalysisFlag::numDistinctApprox",2048,0.05,496039
MEAN,double,"AnalysisFlag::min, AnalysisFlag::max, AnalysisFlag::mean, AnalysisFlag::sparsity, AnalysisFlag::numDistinctApprox",2048,0.05,505514
MEAN,double,"AnalysisFlag::min, AnalysisFlag::max, AnalysisFlag::mean, AnalysisFlag::sparsity, AnalysisFlag::numDistinctApprox",2048,0.05,521821
MEAN,double,"AnalysisFlag::min, AnalysisFlag::max, AnalysisFlag::mean, AnalysisFlag::sparsity, AnalysisFlag::numDistinctApprox",2048,0.05,502846
MEAN,double,"AnalysisFlag::min, AnalysisFlag::max, AnalysisFlag::mean, AnalysisFlag::sparsity, AnalysisFlag::numDistinctApprox",2048,0.05,523175
MEAN,double,"AnalysisFlag::min, AnalysisFlag::max, AnalysisFlag::mean, AnalysisFlag::sparsity, AnalysisFlag::numDistinctApprox",2048,0.05,501810
MEAN,double,"AnalysisFlag::min, AnalysisFlag::max, AnalysisFlag::mean, AnalysisFlag::sparsity, AnalysisFlag::numDistinctApprox",2048,0.05,515248
MEAN,double,"AnalysisFlag::min, AnalysisFlag::max, AnalysisFlag::mean, AnalysisFlag::sparsity, AnalysisFlag::numDistinctApprox",2048,0.05,523498
MEAN,double,"AnalysisFlag::min, AnalysisFlag::max, AnalysisFlag::mean, AnalysisFlag::sparsity, AnalysisFlag::numDistinctApprox",4096,0.05,1.67604e+06
MEAN,double,"AnalysisFlag::min, AnalysisFlag::max, AnalysisFlag::mean, AnalysisFlag::sparsity, AnalysisFlag::numDistinctApprox",4096,0.05,1.65357e+06
MEAN,double,"AnalysisFlag::min, AnalysisFlag::max, AnalysisFlag::mean, AnalysisFlag::sparsity, AnalysisFlag::numDistinctApprox",4096,0.05,1.66441e+06
MEAN,double,"AnalysisFlag::min, AnalysisFlag::max, AnalysisFlag::mean, AnalysisFlag::sparsity, AnalysisFlag::numDistinctApprox",4096,0.05,1.65636e+06
MEAN,double,"AnalysisFlag::min, AnalysisFlag::max, AnalysisFlag::mean, AnalysisFlag::sparsity, AnalysisFlag::numDistinctApprox",4096,0.05,1.64566e+06
MEAN,double,"AnalysisFlag::min, AnalysisFlag::max, AnalysisFlag::mean, AnalysisFlag::sparsity, AnalysisFlag::numDistinctApprox",4096,0.05,1.66118e+06
MEAN,double,"AnalysisFlag::min, AnalysisFlag::max, AnalysisFlag::mean, AnalysisFlag::sparsity, AnalysisFlag::numDistinctApprox",4096,0.05,1.65622e+06
MEAN,double,"AnalysisFlag::min, AnalysisFlag::max, AnalysisFlag::mean, AnalysisFlag::sparsity, AnalysisFlag::numDistinctApprox",4096,0.05,1.6648e+06
MEAN,double,"AnalysisFlag::min, AnalysisFlag::max, AnalysisFlag::mean, AnalysisFlag::sparsity, AnalysisFlag::numDistinctApprox",4096,0.05,1.65875e+06
MEAN,double,"AnalysisFlag::min, AnalysisFlag::max, AnalysisFlag::mean, AnalysisFlag::sparsity, AnalysisFlag::numDistinctApprox",4096,0.05,1.64846e+06
MEAN,int64_t,"AnalysisFlag::min, AnalysisFlag::max, AnalysisFlag::mean, AnalysisFlag::sparsity, AnalysisFlag::numDistinctApprox",1024,0.05,107196
MEAN,int64_t,"AnalysisFlag::min, AnalysisFlag::max, AnalysisFlag::mean, AnalysisFlag::sparsity, AnalysisFlag::numDistinctApprox",1024,0.05,94549
MEAN,int64_t,"AnalysisFlag::min, AnalysisFlag::max, AnalysisFlag::mean, AnalysisFlag::sparsity, AnalysisFlag::numDistinctApprox",1024,0.05,104763
MEAN,int64_t,"AnalysisFlag::min, AnalysisFlag::max, AnalysisFlag::mean, AnalysisFlag::sparsity, AnalysisFlag::numDistinctApprox",1024,0.05,94151
MEAN,int64_t,"AnalysisFlag::min, AnalysisFlag::max, AnalysisFlag::mean, AnalysisFlag::sparsity, AnalysisFlag::numDistinctApprox",1024,0.05,104645
MEAN,int64_t,"AnalysisFlag::min, AnalysisFlag::max, AnalysisFlag::mean, AnalysisFlag::sparsity, AnalysisFlag::numDistinctApprox",1024,0.05,104543
MEAN,int64_t,"AnalysisFlag::min, AnalysisFlag::max, AnalysisFlag::mean, AnalysisFlag::sparsity, AnalysisFlag::numDistinctApprox",1024,0.05,107324
MEAN,int64_t,"AnalysisFlag::min, AnalysisFlag::max, AnalysisFlag::mean, AnalysisFlag::sparsity, AnalysisFlag::numDistinctApprox",1024,0.05,109431
MEAN,int64_t,"AnalysisFlag::min, AnalysisFlag::max, AnalysisFlag::mean, AnalysisFlag::sparsity, AnalysisFlag::numDistinctApprox",1024,0.05,104441
MEAN,int64_t,"AnalysisFlag::min, AnalysisFlag::max, AnalysisFlag::mean, AnalysisFlag::sparsity, AnalysisFlag::numDistinctApprox",1024,0.05,106068
MEAN,int64_t,"AnalysisFlag::min, AnalysisFlag::max, AnalysisFlag::mean, AnalysisFlag::sparsity, AnalysisFlag::numDistinctApprox",2048,0.05,372980
MEAN,int64_t,"AnalysisFlag::min, AnalysisFlag::max, AnalysisFlag::mean, AnalysisFlag::sparsity, AnalysisFlag::numDistinctApprox",2048,0.05,372471
MEAN,int64_t,"AnalysisFlag::min, AnalysisFlag::max, AnalysisFlag::mean, AnalysisFlag::sparsity, AnalysisFlag::numDistinctApprox",2048,0.05,372617
MEAN,int64_t,"AnalysisFlag::min, AnalysisFlag::max, AnalysisFlag::mean, AnalysisFlag::sparsity, AnalysisFlag::numDistinctApprox",2048,0.05,371318
MEAN,int64_t,"AnalysisFlag::min, AnalysisFlag::max, AnalysisFlag::mean, AnalysisFlag::sparsity, AnalysisFlag::numDistinctApprox",2048,0.05,369474
MEAN,int64_t,"AnalysisFlag::min, AnalysisFlag::max, AnalysisFlag::mean, AnalysisFlag::sparsity, AnalysisFlag::numDistinctApprox",2048,0.05,367399
MEAN,int64_t,"AnalysisFlag::min, AnalysisFlag::max, AnalysisFlag::mean, AnalysisFlag::sparsity, AnalysisFlag::numDistinctApprox",2048,0.05,353097
MEAN,int64_t,"AnalysisFlag::min, AnalysisFlag::max, AnalysisFlag::mean, AnalysisFlag::sparsity, AnalysisFlag::numDistinctApprox",2048,0.05,371774
MEAN,int64_t,"AnalysisFlag::min, AnalysisFlag::max, AnalysisFlag::mean, AnalysisFlag::sparsity, AnalysisFlag::numDistinctApprox",2048,0.05,369613
MEAN,int64_t,"AnalysisFlag::min, AnalysisFlag::max, AnalysisFlag::mean, AnalysisFlag::sparsity, AnalysisFlag::numDistinctApprox",2048,0.05,357664
MEAN,int64_t,"AnalysisFlag::min, AnalysisFlag::max, AnalysisFlag::mean, AnalysisFlag::sparsity, AnalysisFlag::numDistinctApprox",4096,0.05,1.35624e+06
MEAN,int64_t,"AnalysisFlag::min, AnalysisFlag::max, AnalysisFlag::mean, AnalysisFlag::sparsity, AnalysisFlag::numDistinctApprox",4096,0.05,1.33718e+06
MEAN,int64_t,"AnalysisFlag::min, AnalysisFlag::max, AnalysisFlag::mean, AnalysisFlag::sparsity, AnalysisFlag::numDistinctApprox",4096,0.05,1.35411e+06
MEAN,int64_t,"AnalysisFlag::min, AnalysisFlag::max, AnalysisFlag::mean, AnalysisFlag::sparsity, AnalysisFlag::numDistinctApprox",4096,0.05,1.33739e+06
MEAN,int64_t,"AnalysisFlag::min, AnalysisFlag::max, AnalysisFlag::mean, AnalysisFlag::sparsity, AnalysisFlag::numDistinctApprox",4096,0.05,1.35179e+06
MEAN,int64_t,"AnalysisFlag::min, AnalysisFlag::max, AnalysisFlag::mean, AnalysisFlag::sparsity, AnalysisFlag::numDistinctApprox",4096,0.05,1.35181e+06
MEAN,int64_t,"AnalysisFlag::min, AnalysisFlag::max, AnalysisFlag::mean, AnalysisFlag::sparsity, AnalysisFlag::numDistinctApprox",4096,0.05,1.34898e+06
MEAN,int64_t,"AnalysisFlag::min, AnalysisFlag::max, AnalysisFlag::mean, AnalysisFlag::sparsity, AnalysisFlag::numDistinctApprox",4096,0.05,1.34907e+06
MEAN,int64_t,"AnalysisFlag::min, AnalysisFlag::max, AnalysisFlag::mean, AnalysisFlag::sparsity, AnalysisFlag::numDistinctApprox",4096,0.05,1.34071e+06
MEAN,int64_t,"AnalysisFlag::min, AnalysisFlag::max, AnalysisFlag::mean, AnalysisFlag::sparsity, AnalysisFlag::numDistinctApprox",4096,0.05,1.34642e+06
MEAN,double,"AnalysisFlag::min, AnalysisFlag::max, AnalysisFlag::mean, AnalysisFlag::sparsity, AnalysisFlag::numDistinctApprox",1024,0.1,259304
MEAN,double,"AnalysisFlag::min, AnalysisFlag::max, AnalysisFlag::mean, AnalysisFlag::sparsity, AnalysisFlag::numDistinctApprox",1024,0.1,257037
MEAN,double,"AnalysisFlag::min, AnalysisFlag::max, AnalysisFlag::mean, AnalysisFlag::sparsity, AnalysisFlag::numDistinctApprox",1024,0.1,258733
MEAN,double,"AnalysisFlag::min, AnalysisFlag::max, AnalysisFlag::mean, AnalysisFlag::sparsity, AnalysisFlag::numDistinctApprox",1024,0.1,255456
MEAN,double,"AnalysisFlag::min, AnalysisFlag::max, AnalysisFlag::mean, AnalysisFlag::sparsity, AnalysisFlag::numDistinctApprox",1024,0.1,256147
MEAN,double,"AnalysisFlag::min, AnalysisFlag::max, AnalysisFlag::mean, AnalysisFlag::sparsity, AnalysisFlag::numDistinctApprox",1024,0.1,280071
MEAN,double,"AnalysisFlag::min, AnalysisFlag::max, AnalysisFlag::mean, AnalysisFlag::sparsity, AnalysisFlag::numDistinctApprox",1024,0.1,280221
MEAN,double,"AnalysisFlag::min, AnalysisFlag::max, AnalysisFlag::mean, AnalysisFlag::sparsity, AnalysisFlag::numDistinctApprox",1024,0.1,278205
MEAN,double,"AnalysisFlag::min, AnalysisFlag::max, AnalysisFlag::mean, AnalysisFlag::sparsity, AnalysisFlag::numDistinctApprox",1024,0.1,279839
MEAN,double,"AnalysisFlag::min, AnalysisFlag::max, AnalysisFlag::mean, AnalysisFlag::sparsity, AnalysisFlag::numDistinctApprox",1024,0.1,255318
MEAN,double,"AnalysisFlag::min, AnalysisFlag::max, AnalysisFlag::mean, AnalysisFlag::sparsity, AnalysisFlag::numDistinctApprox",2048,0.1,793735
MEAN,double,"AnalysisFlag::min, AnalysisFlag::max, AnalysisFlag::mean, AnalysisFlag::sparsity, AnalysisFlag::numDistinctApprox",2048,0.1,803127
MEAN,double,"AnalysisFlag::min, AnalysisFlag::max, AnalysisFlag::mean, AnalysisFlag::sparsity, AnalysisFlag::numDistinctApprox",2048,0.1,794562
MEAN,double,"AnalysisFlag::min, AnalysisFlag::max, AnalysisFlag::mean, AnalysisFlag::sparsity, AnalysisFlag::numDistinctApprox",2048,0.1,858169
MEAN,double,"AnalysisFlag::min, AnalysisFlag::max, AnalysisFlag::mean, AnalysisFlag::sparsity, AnalysisFlag::numDistinctApprox",2048,0.1,790584
MEAN,double,"AnalysisFlag::min, AnalysisFlag::max, AnalysisFlag::mean, AnalysisFlag::sparsity, AnalysisFlag::numDistinctApprox",2048,0.1,852388
MEAN,double,"AnalysisFlag::min, AnalysisFlag::max, AnalysisFlag::mean, AnalysisFlag::sparsity, AnalysisFlag::numDistinctApprox",2048,0.1,853679
MEAN,double,"AnalysisFlag::min, AnalysisFlag::max, AnalysisFlag::mean, AnalysisFlag::sparsity, AnalysisFlag::numDistinctApprox",2048,0.1,795049
MEAN,double,"AnalysisFlag::min, AnalysisFlag::max, AnalysisFlag::mean, AnalysisFlag::sparsity, AnalysisFlag::numDistinctApprox",2048,0.1,793405
MEAN,double,"AnalysisFlag::min, AnalysisFlag::max, AnalysisFlag::mean, AnalysisFlag::sparsity, AnalysisFlag::numDistinctApprox",2048,0.1,854059
MEAN,double,"AnalysisFlag::min, AnalysisFlag::max, AnalysisFlag::mean, AnalysisFlag::sparsity, AnalysisFlag::numDistinctApprox",4096,0.1,3.14387e+06
MEAN,double,"AnalysisFlag::min, AnalysisFlag::max, AnalysisFlag::mean, AnalysisFlag::sparsity, AnalysisFlag::numDistinctApprox",4096,0.1,3.11374e+06
MEAN,double,"AnalysisFlag::min, AnalysisFlag::max, AnalysisFlag::mean, AnalysisFlag::sparsity, AnalysisFlag::numDistinctApprox",4096,0.1,3.0966e+06
MEAN,double,"AnalysisFlag::min, AnalysisFlag::max, AnalysisFlag::mean, AnalysisFlag::sparsity, AnalysisFlag::numDistinctApprox",4096,0.1,3.07829e+06
MEAN,double,"AnalysisFlag::min, AnalysisFlag::max, AnalysisFlag::mean, AnalysisFlag::sparsity, AnalysisFlag::numDistinctApprox",4096,0.1,3.11653e+06
MEAN,double,"AnalysisFlag::min, AnalysisFlag::max, AnalysisFlag::mean, AnalysisFlag::sparsity, AnalysisFlag::numDistinctApprox",4096,0.1,3.10651e+06
MEAN,double,"AnalysisFlag::min, AnalysisFlag::max, AnalysisFlag::mean, AnalysisFlag::sparsity, AnalysisFlag::numDistinctApprox",4096,0.1,3.09584e+06
MEAN,double,"AnalysisFlag::min, AnalysisFlag::max, AnalysisFlag::mean, AnalysisFlag::sparsity, AnalysisFlag::numDistinctApprox",4096,0.1,3.1065e+06
MEAN,double,"AnalysisFlag::min, AnalysisFlag::max, AnalysisFlag::mean, AnalysisFlag::sparsity, AnalysisFlag::numDistinctApprox",4096,0.1,3.09704e+06
MEAN,double,"AnalysisFlag::min, AnalysisFlag::max, AnalysisFlag::mean, AnalysisFlag::sparsity, AnalysisFlag::numDistinctApprox",4096,0.1,3.07212e+06
MEAN,int64_t,"AnalysisFlag::min, AnalysisFlag::max, AnalysisFlag::mean, AnalysisFlag::sparsity, AnalysisFlag::numDistinctApprox",1024,0.1,191863
MEAN,int64_t,"AnalysisFlag::min, AnalysisFlag::max, AnalysisFlag::mean, AnalysisFlag::sparsity, AnalysisFlag::numDistinctApprox",1024,0.1,190266
MEAN,int64_t,"AnalysisFlag::min, AnalysisFlag::max, AnalysisFlag::mean, AnalysisFlag::sparsity, AnalysisFlag::numDistinctApprox",1024,0.1,188263
MEAN,int64_t,"AnalysisFlag::min, AnalysisFlag::max, AnalysisFlag::mean, AnalysisFlag::sparsity, AnalysisFlag::numDistinctApprox",1024,0.1,180281
MEAN,int64_t,"AnalysisFlag::min, AnalysisFlag::max, AnalysisFlag::mean, AnalysisFlag::sparsity, AnalysisFlag::numDistinctApprox",1024,0.1,188344
MEAN,int64_t,"AnalysisFlag::min, AnalysisFlag::max, AnalysisFlag::mean, AnalysisFlag::sparsity, AnalysisFlag::numDistinctApprox",1024,0.1,178498
MEAN,int64_t,"AnalysisFlag::min, AnalysisFlag::max, AnalysisFlag::mean, AnalysisFlag::sparsity, AnalysisFlag::numDistinctApprox",1024,0.1,188009
MEAN,int64_t,"AnalysisFlag::min, AnalysisFlag::max, AnalysisFlag::mean, AnalysisFlag::sparsity, AnalysisFlag::numDistinctApprox",1024,0.1,178627
MEAN,int64_t,"AnalysisFlag::min, AnalysisFlag::max, AnalysisFlag::mean, AnalysisFlag::sparsity, AnalysisFlag::numDistinctApprox",1024,0.1,188962
MEAN,int64_t,"AnalysisFlag::min, AnalysisFlag::max, AnalysisFlag::mean, AnalysisFlag::sparsity, AnalysisFlag::numDistinctApprox",1024,0.1,191043
MEAN,int64_t,"AnalysisFlag::min, AnalysisFlag::max, AnalysisFlag::mean, AnalysisFlag::sparsity, AnalysisFlag::numDistinctApprox",2048,0.1,708686
MEAN,int64_t,"AnalysisFlag::min, AnalysisFlag::max, AnalysisFlag::mean, AnalysisFlag::sparsity, AnalysisFlag::numDistinctApprox",2048,0.1,714931
MEAN,int64_t,"AnalysisFlag::min, AnalysisFlag::max, AnalysisFlag::mean, AnalysisFlag::sparsity, AnalysisFlag::numDistinctApprox",2048,0.1,709528
MEAN,int64_t,"AnalysisFlag::min, AnalysisFlag::max, AnalysisFlag::mean, AnalysisFlag::sparsity, AnalysisFlag::numDistinctApprox",2048,0.1,708021
MEAN,int64_t,"AnalysisFlag::min, AnalysisFlag::max, AnalysisFlag::mean, AnalysisFlag::sparsity, AnalysisFlag::numDistinctApprox",2048,0.1,705632
MEAN,int64_t,"AnalysisFlag::min, AnalysisFlag::max, AnalysisFlag::mean, AnalysisFlag::sparsity, AnalysisFlag::numDistinctApprox",2048,0.1,707719
MEAN,int64_t,"AnalysisFlag::min, AnalysisFlag::max, AnalysisFlag::mean, AnalysisFlag::sparsity, AnalysisFlag::numDistinctApprox",2048,0.1,708189
MEAN,int64_t,"AnalysisFlag::min, AnalysisFlag::max, AnalysisFlag::mean, AnalysisFlag::sparsity, AnalysisFlag::numDistinctApprox",2048,0.1,709209
MEAN,int64_t,"AnalysisFlag::min, AnalysisFlag::max, AnalysisFlag::mean, AnalysisFlag::sparsity, AnalysisFlag::numDistinctApprox",2048,0.1,703643
MEAN,int64_t,"AnalysisFlag::min, AnalysisFlag::max, AnalysisFlag::mean, AnalysisFlag::sparsity, AnalysisFlag::numDistinctApprox",2048,0.1,685833
MEAN,int64_t,"AnalysisFlag::min, AnalysisFlag::max, AnalysisFlag::mean, AnalysisFlag::sparsity, AnalysisFlag::numDistinctApprox",4096,0.1,2.59704e+06
MEAN,int64_t,"AnalysisFlag::min, AnalysisFlag::max, AnalysisFlag::mean, AnalysisFlag::sparsity, AnalysisFlag::numDistinctApprox",4096,0.1,2.58701e+06
MEAN,int64_t,"AnalysisFlag::min, AnalysisFlag::max, AnalysisFlag::mean, AnalysisFlag::sparsity, AnalysisFlag::numDistinctApprox",4096,0.1,2.59083e+06
MEAN,int64_t,"AnalysisFlag::min, AnalysisFlag::max, AnalysisFlag::mean, AnalysisFlag::sparsity, AnalysisFlag::numDistinctApprox",4096,0.1,2.587e+06
MEAN,int64_t,"AnalysisFlag::min, AnalysisFlag::max, AnalysisFlag::mean, AnalysisFlag::sparsity, AnalysisFlag::numDistinctApprox",4096,0.1,2.59705e+06
MEAN,int64_t,"AnalysisFlag::min, AnalysisFlag::max, AnalysisFlag::mean, AnalysisFlag::sparsity, AnalysisFlag::numDistinctApprox",4096,0.1,2.57058e+06
MEAN,int64_t,"AnalysisFlag::min, AnalysisFlag::max, AnalysisFlag::mean, AnalysisFlag::sparsity, AnalysisFlag::numDistinctApprox",4096,0.1,2.58738e+06
MEAN,int64_t,"AnalysisFlag::min, AnalysisFlag::max, AnalysisFlag::mean, AnalysisFlag::sparsity, AnalysisFlag::numDistinctApprox",4096,0.1,2.58536e+06
MEAN,int64_t,"AnalysisFlag::min, AnalysisFlag::max, AnalysisFlag::mean, AnalysisFlag::sparsity, AnalysisFlag::numDistinctApprox",4096,0.1,2.56284e+06
MEAN,int64_t,"AnalysisFlag::min, AnalysisFlag::max, AnalysisFlag::mean, AnalysisFlag::sparsity, AnalysisFlag::numDistinctApprox",4096,0.1,2.58544e+06
MEAN,double,"AnalysisFlag::min, AnalysisFlag::max, AnalysisFlag::mean, AnalysisFlag::sparsity, AnalysisFlag::numDistinctApprox",1024,0.2,433503
MEAN,double,"AnalysisFlag::min, AnalysisFlag::max, AnalysisFlag::mean, AnalysisFlag::sparsity, AnalysisFlag::numDistinctApprox",1024,0.2,425178
MEAN,double,"AnalysisFlag::min, AnalysisFlag::max, AnalysisFlag::mean, AnalysisFlag::sparsity, AnalysisFlag::numDistinctApprox",1024,0.2,444643
MEAN,double,"AnalysisFlag::min, AnalysisFlag::max, AnalysisFlag::mean, AnalysisFlag::sparsity, AnalysisFlag::numDistinctApprox",1024,0.2,442365
MEAN,double,"AnalysisFlag::min, AnalysisFlag::max, AnalysisFlag::mean, AnalysisFlag::sparsity, AnalysisFlag::numDistinctApprox",1024,0.2,443699
MEAN,double,"AnalysisFlag::min, AnalysisFlag::max, AnalysisFlag::mean, AnalysisFlag::sparsity, AnalysisFlag::numDistinctApprox",1024,0.2,401645
MEAN,double,"AnalysisFlag::min, AnalysisFlag::max, AnalysisFlag::mean, AnalysisFlag::sparsity, AnalysisFlag::numDistinctApprox",1024,0.2,446973
MEAN,double,"AnalysisFlag::min, AnalysisFlag::max, AnalysisFlag::mean, AnalysisFlag::sparsity, AnalysisFlag::numDistinctApprox",1024,0.2,405138
MEAN,double,"AnalysisFlag::min, AnalysisFlag::max, AnalysisFlag::mean, AnalysisFlag::sparsity, AnalysisFlag::numDistinctApprox",1024,0.2,411159
MEAN,double,"AnalysisFlag::min, AnalysisFlag::max, AnalysisFlag::mean, AnalysisFlag::sparsity, AnalysisFlag::numDistinctApprox",1024,0.2,404747
MEAN,double,"AnalysisFlag::min, AnalysisFlag::max, AnalysisFlag::mean, AnalysisFlag::sparsity, AnalysisFlag::numDistinctApprox",2048,0.2,1.4954e+06
MEAN,double,"AnalysisFlag::min, AnalysisFlag::max, AnalysisFlag::mean, AnalysisFlag::sparsity, AnalysisFlag::numDistinctApprox",2048,0.2,1.46118e+06
MEAN,double,"AnalysisFlag::min, AnalysisFlag::max, AnalysisFlag::mean, AnalysisFlag::sparsity, AnalysisFlag::numDistinctApprox",2048,0.2,1.48254e+06
MEAN,double,"AnalysisFlag::min, AnalysisFlag::max, AnalysisFlag::mean, AnalysisFlag::sparsity, AnalysisFlag::numDistinctApprox",2048,0.2,1.39521e+06
MEAN,double,"AnalysisFlag::min, AnalysisFlag::max, AnalysisFlag::mean, AnalysisFlag::sparsity, AnalysisFlag::numDistinctApprox",2048,0.2,1.50086e+06
MEAN,double,"AnalysisFlag::min, AnalysisFlag::max, AnalysisFlag::mean, AnalysisFlag::sparsity, AnalysisFlag::numDistinctApprox",2048,0.2,1.47395e+06
MEAN,double,"AnalysisFlag::min, AnalysisFlag::max, AnalysisFlag::mean, AnalysisFlag::sparsity, AnalysisFlag::numDistinctApprox",2048,0.2,1.48516e+06
MEAN,double,"AnalysisFlag::min, AnalysisFlag::max, AnalysisFlag::mean, AnalysisFlag::sparsity, AnalysisFlag::numDistinctApprox",2048,0.2,1.49573e+06
MEAN,double,"AnalysisFlag::min, AnalysisFlag::max, AnalysisFlag::mean, AnalysisFlag::sparsity, AnalysisFlag::numDistinctApprox",2048,0.2,1.50709e+06
MEAN,double,"AnalysisFlag::min, AnalysisFlag::max, AnalysisFlag::mean, AnalysisFlag::sparsity, AnalysisFlag::numDistinctApprox",2048,0.2,1.50109e+06
MEAN,double,"AnalysisFlag::min, AnalysisFlag::max, AnalysisFlag::mean, AnalysisFlag::sparsity, AnalysisFlag::numDistinctApprox",4096,0.2,6.12239e+06
MEAN,double,"AnalysisFlag::min, AnalysisFlag::max, AnalysisFlag::mean, AnalysisFlag::sparsity, AnalysisFlag::numDistinctApprox",4096,0.2,6.13058e+06
MEAN,double,"AnalysisFlag::min, AnalysisFlag::max, AnalysisFlag::mean, AnalysisFlag::sparsity, AnalysisFlag::numDistinctApprox",4096,0.2,6.1308e+06
MEAN,double,"AnalysisFlag::min, AnalysisFlag::max, AnalysisFlag::mean, AnalysisFlag::sparsity, AnalysisFlag::numDistinctApprox",4096,0.2,6.12858e+06
MEAN,double,"AnalysisFlag::min, AnalysisFlag::max, AnalysisFlag::mean, AnalysisFlag::sparsity, AnalysisFlag::numDistinctApprox",4096,0.2,6.11626e+06
MEAN,double,"AnalysisFlag::min, AnalysisFlag::max, AnalysisFlag::mean, AnalysisFlag::sparsity, AnalysisFlag::numDistinctApprox",4096,0.2,6.16021e+06
MEAN,double,"AnalysisFlag::min, AnalysisFlag::max, AnalysisFlag::mean, AnalysisFlag::sparsity, AnalysisFlag::numDistinctApprox",4096,0.2,6.12125e+06
MEAN,double,"AnalysisFlag::min, AnalysisFlag::max, AnalysisFlag::mean, AnalysisFlag::sparsity, AnalysisFlag::numDistinctApprox",4096,0.2,6.12394e+06
MEAN,double,"AnalysisFlag::min, AnalysisFlag::max, AnalysisFlag::mean, AnalysisFlag::sparsity, AnalysisFlag::numDistinctApprox",4096,0.2,6.23848e+06
MEAN,double,"AnalysisFlag::min, AnalysisFlag::max, AnalysisFlag::mean, AnalysisFlag::sparsity, AnalysisFlag::numDistinctApprox",4096,0.2,6.07498e+06
MEAN,int64_t,"AnalysisFlag::min, AnalysisFlag::max, AnalysisFlag::mean, AnalysisFlag::sparsity, AnalysisFlag::numDistinctApprox",1024,0.2,361367
MEAN,int64_t,"AnalysisFlag::min, AnalysisFlag::max, AnalysisFlag::mean, AnalysisFlag::sparsity, AnalysisFlag::numDistinctApprox",1024,0.2,353359
MEAN,int64_t,"AnalysisFlag::min, AnalysisFlag::max, AnalysisFlag::mean, AnalysisFlag::sparsity, AnalysisFlag::numDistinctApprox",1024,0.2,355837
MEAN,int64_t,"AnalysisFlag::min, AnalysisFlag::max, AnalysisFlag::mean, AnalysisFlag::sparsity, AnalysisFlag::numDistinctApprox",1024,0.2,354814
MEAN,int64_t,"AnalysisFlag::min, AnalysisFlag::max, AnalysisFlag::mean, AnalysisFlag::sparsity, AnalysisFlag::numDistinctApprox",1024,0.2,352632
MEAN,int64_t,"AnalysisFlag::min, AnalysisFlag::max, AnalysisFlag::mean, AnalysisFlag::sparsity, AnalysisFlag::numDistinctApprox",1024,0.2,353758
MEAN,int64_t,"AnalysisFlag::min, AnalysisFlag::max, AnalysisFlag::mean, AnalysisFlag::sparsity, AnalysisFlag::numDistinctApprox",1024,0.2,355307
MEAN,int64_t,"AnalysisFlag::min, AnalysisFlag::max, AnalysisFlag::mean, AnalysisFlag::sparsity, AnalysisFlag::numDistinctApprox",1024,0.2,359359
MEAN,int64_t,"AnalysisFlag::min, AnalysisFlag::max, AnalysisFlag::mean, AnalysisFlag::sparsity, AnalysisFlag::numDistinctApprox",1024,0.2,358356
MEAN,int64_t,"AnalysisFlag::min, AnalysisFlag::max, AnalysisFlag::mean, AnalysisFlag::sparsity, AnalysisFlag::numDistinctApprox",1024,0.2,352932
MEAN,int64_t,"AnalysisFlag::min, AnalysisFlag::max, AnalysisFlag::mean, AnalysisFlag::sparsity, AnalysisFlag::numDistinctApprox",2048,0.2,1.26646e+06
MEAN,int64_t,"AnalysisFlag::min, AnalysisFlag::max, AnalysisFlag::mean, AnalysisFlag::sparsity, AnalysisFlag::numDistinctApprox",2048,0.2,1.24821e+06
MEAN,int64_t,"AnalysisFlag::min, AnalysisFlag::max, AnalysisFlag::mean, AnalysisFlag::sparsity, AnalysisFlag::numDistinctApprox",2048,0.2,1.25128e+06
MEAN,int64_t,"AnalysisFlag::min, AnalysisFlag::max, AnalysisFlag::mean, AnalysisFlag::sparsity, AnalysisFlag::numDistinctApprox",2048,0.2,1.24526e+06
MEAN,int64_t,"AnalysisFlag::min, AnalysisFlag::max, AnalysisFlag::mean, AnalysisFlag::sparsity, AnalysisFlag::numDistinctApprox",2048,0.2,1.25078e+06
MEAN,int64_t,"AnalysisFlag::min, AnalysisFlag::max, AnalysisFlag::mean, AnalysisFlag::sparsity, AnalysisFlag::numDistinctApprox",2048,0.2,1.24468e+06
MEAN,int64_t,"AnalysisFlag::min, AnalysisFlag::max, AnalysisFlag::mean, AnalysisFlag::sparsity, AnalysisFlag::numDistinctApprox",2048,0.2,1.24286e+06
MEAN,int64_t,"AnalysisFlag::min, AnalysisFlag::max, AnalysisFlag::mean, AnalysisFlag::sparsity, AnalysisFlag::numDistinctApprox",2048,0.2,1.24746e+06
MEAN,int64_t,"AnalysisFlag::min, AnalysisFlag::max, AnalysisFlag::mean, AnalysisFlag::sparsity, AnalysisFlag::numDistinctApprox",2048,0.2,1.24402e+06
MEAN,int64_t,"AnalysisFlag::min, AnalysisFlag::max, AnalysisFlag::mean, AnalysisFlag::sparsity, AnalysisFlag::numDistinctApprox",2048,0.2,1.24537e+06
MEAN,int64_t,"AnalysisFlag::min, AnalysisFlag::max, AnalysisFlag::mean, AnalysisFlag::sparsity, AnalysisFlag::numDistinctApprox",4096,0.2,5.07174e+06
MEAN,int64_t,"AnalysisFlag::min, AnalysisFlag::max, AnalysisFlag::mean, AnalysisFlag::sparsity, AnalysisFlag::numDistinctApprox",4096,0.2,5.0756e+06
MEAN,int64_t,"AnalysisFlag::min, AnalysisFlag::max, AnalysisFlag::mean, AnalysisFlag::sparsity, AnalysisFlag::numDistinctApprox",4096,0.2,5.07832e+06
MEAN,int64_t,"AnalysisFlag::min, AnalysisFlag::max, AnalysisFlag::mean, AnalysisFlag::sparsity, AnalysisFlag::numDistinctApprox",4096,0.2,5.07626e+06
MEAN,int64_t,"AnalysisFlag::min, AnalysisFlag::max, AnalysisFlag::mean, AnalysisFlag::sparsity, AnalysisFlag::numDistinctApprox",4096,0.2,5.08178e+06
MEAN,int64_t,"AnalysisFlag::min, AnalysisFlag::max, AnalysisFlag::mean, AnalysisFlag::sparsity, AnalysisFlag::numDistinctApprox",4096,0.2,5.08008e+06
MEAN,int64_t,"AnalysisFlag::min, AnalysisFlag::max, AnalysisFlag::mean, AnalysisFlag::sparsity, AnalysisFlag::numDistinctApprox",4096,0.2,5.07647e+06
MEAN,int64_t,"AnalysisFlag::min, AnalysisFlag::max, AnalysisFlag::mean, AnalysisFlag::sparsity, AnalysisFlag::numDistinctApprox",4096,0.2,5.0503e+06
MEAN,int64_t,"AnalysisFlag::min, AnalysisFlag::max, AnalysisFlag::mean, AnalysisFlag::sparsity, AnalysisFlag::numDistinctApprox",4096,0.2,5.10297e+06
MEAN,int64_t,"AnalysisFlag::min, AnalysisFlag::max, AnalysisFlag::mean, AnalysisFlag::sparsity, AnalysisFlag::numDistinctApprox",4096,0.2,5.0796e+06
MEAN,double,"AnalysisFlag::min, AnalysisFlag::max, AnalysisFlag::mean, AnalysisFlag::sparsity, AnalysisFlag::numDistinctApprox",1024,0.25,1.40225e+06
MEAN,double,"AnalysisFlag::min, AnalysisFlag::max, AnalysisFlag::mean, AnalysisFlag::sparsity, AnalysisFlag::numDistinctApprox",1024,0.25,1.39214e+06
MEAN,double,"AnalysisFlag::min, AnalysisFlag::max, AnalysisFlag::mean, AnalysisFlag::sparsity, AnalysisFlag::numDistinctApprox",1024,0.25,1.39167e+06
MEAN,double,"AnalysisFlag::min, AnalysisFlag::max, AnalysisFlag::mean, AnalysisFlag::sparsity, AnalysisFlag::numDistinctApprox",1024,0.25,1.39315e+06
MEAN,double,"AnalysisFlag::min, AnalysisFlag::max, AnalysisFlag::mean, AnalysisFlag::sparsity, AnalysisFlag::numDistinctApprox",1024,0.25,1.38796e+06
MEAN,double,"AnalysisFlag::min, AnalysisFlag::max, AnalysisFlag::mean, AnalysisFlag::sparsity, AnalysisFlag::numDistinctApprox",1024,0.25,1.39255e+06
MEAN,double,"AnalysisFlag::min, AnalysisFlag::max, AnalysisFlag::mean, AnalysisFlag::sparsity, AnalysisFlag::numDistinctApprox",1024,0.25,1.39211e+06
MEAN,double,"AnalysisFlag::min, AnalysisFlag::max, AnalysisFlag::mean, AnalysisFlag::sparsity, AnalysisFlag::numDistinctApprox",1024,0.25,1.39178e+06
MEAN,double,"AnalysisFlag::min, AnalysisFlag::max, AnalysisFlag::mean, AnalysisFlag::sparsity, AnalysisFlag::numDistinctApprox",1024,0.25,1.39032e+06
MEAN,double,"AnalysisFlag::min, AnalysisFlag::max, AnalysisFlag::mean, AnalysisFlag::sparsity, AnalysisFlag::numDistinctApprox",1024,0.25,1.39076e+06
MEAN,double,"AnalysisFlag::min, AnalysisFlag::max, AnalysisFlag::mean, AnalysisFlag::sparsity, AnalysisFlag::numDistinctApprox",2048,0.25,5.4642e+06
MEAN,double,"AnalysisFlag::min, AnalysisFlag::max, AnalysisFlag::mean, AnalysisFlag::sparsity, AnalysisFlag::numDistinctApprox",2048,0.25,5.44805e+06
MEAN,double,"AnalysisFlag::min, AnalysisFlag::max, AnalysisFlag::mean, AnalysisFlag::sparsity, AnalysisFlag::numDistinctApprox",2048,0.25,5.44936e+06
MEAN,double,"AnalysisFlag::min, AnalysisFlag::max, AnalysisFlag::mean, AnalysisFlag::sparsity, AnalysisFlag::numDistinctApprox",2048,0.25,5.45553e+06
MEAN,double,"AnalysisFlag::min, AnalysisFlag::max, AnalysisFlag::mean, AnalysisFlag::sparsity, AnalysisFlag::numDistinctApprox",2048,0.25,5.44671e+06
MEAN,double,"AnalysisFlag::min, AnalysisFlag::max, AnalysisFlag::mean, AnalysisFlag::sparsity, AnalysisFlag::numDistinctApprox",2048,0.25,5.45538e+06
MEAN,double,"AnalysisFlag::min, AnalysisFlag::max, AnalysisFlag::mean, AnalysisFlag::sparsity, AnalysisFlag::numDistinctApprox",2048,0.25,5.46132e+06
MEAN,double,"AnalysisFlag::min, AnalysisFlag::max, AnalysisFlag::mean, AnalysisFlag::sparsity, AnalysisFlag::numDistinctApprox",2048,0.25,5.4593e+06
MEAN,double,"AnalysisFlag::min, AnalysisFlag::max, AnalysisFlag::mean, AnalysisFlag::sparsity, AnalysisFlag::numDistinctApprox",2048,0.25,5.45764e+06
MEAN,double,"AnalysisFlag::min, AnalysisFlag::max, AnalysisFlag::mean, AnalysisFlag::sparsity, AnalysisFlag::numDistinctApprox",2048,0.25,5.45637e+06
MEAN,double,"AnalysisFlag::min, AnalysisFlag::max, AnalysisFlag::mean, AnalysisFlag::sparsity, AnalysisFlag::numDistinctApprox",4096,0.25,2.18171e+07
MEAN,double,"AnalysisFlag::min, AnalysisFlag::max, AnalysisFlag::mean, AnalysisFlag::sparsity, AnalysisFlag::numDistinctApprox",4096,0.25,2.18604e+07
MEAN,double,"AnalysisFlag::min, AnalysisFlag::max, AnalysisFlag::mean, AnalysisFlag::sparsity, AnalysisFlag::numDistinctApprox",4096,0.25,2.19187e+07
MEAN,double,"AnalysisFlag::min, AnalysisFlag::max, AnalysisFlag::mean, AnalysisFlag::sparsity, AnalysisFlag::numDistinctApprox",4096,0.25,2.18908e+07
MEAN,double,"AnalysisFlag::min, AnalysisFlag::max, AnalysisFlag::mean, AnalysisFlag::sparsity, AnalysisFlag::numDistinctApprox",4096,0.25,2.18898e+07
MEAN,double,"AnalysisFlag::min, AnalysisFlag::max, AnalysisFlag::mean, AnalysisFlag::sparsity, AnalysisFlag::numDistinctApprox",4096,0.25,2.18502e+07
MEAN,double,"AnalysisFlag::min, AnalysisFlag::max, AnalysisFlag::mean, AnalysisFlag::sparsity, AnalysisFlag::numDistinctApprox",4096,0.25,2.18637e+07
MEAN,double,"AnalysisFlag::min, AnalysisFlag::max, AnalysisFlag::mean, AnalysisFlag::sparsity, AnalysisFlag::numDistinctApprox",4096,0.25,2.18907e+07
MEAN,double,"AnalysisFlag::min, AnalysisFlag::max, AnalysisFlag::mean, AnalysisFlag::sparsity, AnalysisFlag::numDistinctApprox",4096,0.25,2.18689e+07
MEAN,double,"AnalysisFlag::min, AnalysisFlag::max, AnalysisFlag::mean, AnalysisFlag::sparsity, AnalysisFlag::numDistinctApprox",4096,0.25,2.18389e+07
MEAN,int64_t,"AnalysisFlag::min, AnalysisFlag::max, AnalysisFlag::mean, AnalysisFlag::sparsity, AnalysisFlag::numDistinctApprox",1024,0.25,1.31959e+06
MEAN,int64_t,"AnalysisFlag::min, AnalysisFlag::max, AnalysisFlag::mean, AnalysisFlag::sparsity, AnalysisFlag::numDistinctApprox",1024,0.25,1.31694e+06
MEAN,int64_t,"AnalysisFlag::min, AnalysisFlag::max, AnalysisFlag::mean, AnalysisFlag::sparsity, AnalysisFlag::numDistinctApprox",1024,0.25,1.21922e+06
MEAN,int64_t,"AnalysisFlag::min, AnalysisFlag::max, AnalysisFlag::mean, AnalysisFlag::sparsity, AnalysisFlag::numDistinctApprox",1024,0.25,1.3158e+06
MEAN,int64_t,"AnalysisFlag::min, AnalysisFlag::max, AnalysisFlag::mean, AnalysisFlag::sparsity, AnalysisFlag::numDistinctApprox",1024,0.25,1.31345e+06
MEAN,int64_t,"AnalysisFlag::min, AnalysisFlag::max, AnalysisFlag::mean, AnalysisFlag::sparsity, AnalysisFlag::numDistinctApprox",1024,0.25,1.31052e+06
MEAN,int64_t,"AnalysisFlag::min, AnalysisFlag::max, AnalysisFlag::mean, AnalysisFlag::sparsity, AnalysisFlag::numDistinctApprox",1024,0.25,1.31264e+06
MEAN,int64_t,"AnalysisFlag::min, AnalysisFlag::max, AnalysisFlag::mean, AnalysisFlag::sparsity, AnalysisFlag::numDistinctApprox",1024,0.25,1.31198e+06
MEAN,int64_t,"AnalysisFlag::min, AnalysisFlag::max, AnalysisFlag::mean, AnalysisFlag::sparsity, AnalysisFlag::numDistinctApprox",1024,0.25,1.19254e+06
MEAN,int64_t,"AnalysisFlag::min, AnalysisFlag::max, AnalysisFlag::mean, AnalysisFlag::sparsity, AnalysisFlag::numDistinctApprox",1024,0.25,1.30829e+06
MEAN,int64_t,"AnalysisFlag::min, AnalysisFlag::max, AnalysisFlag::mean, AnalysisFlag::sparsity, AnalysisFlag::numDistinctApprox",2048,0.25,5.22831e+06
MEAN,int64_t,"AnalysisFlag::min, AnalysisFlag::max, AnalysisFlag::mean, AnalysisFlag::sparsity, AnalysisFlag::numDistinctApprox",2048,0.25,5.22682e+06
MEAN,int64_t,"AnalysisFlag::min, AnalysisFlag::max, AnalysisFlag::mean, AnalysisFlag::sparsity, AnalysisFlag::numDistinctApprox",2048,0.25,4.4918e+06
MEAN,int64_t,"AnalysisFlag::min, AnalysisFlag::max, AnalysisFlag::mean, AnalysisFlag::sparsity, AnalysisFlag::numDistinctApprox",2048,0.25,5.21968e+06
MEAN,int64_t,"AnalysisFlag::min, AnalysisFlag::max, AnalysisFlag::mean, AnalysisFlag::sparsity, AnalysisFlag::numDistinctApprox",2048,0.25,5.20927e+06
MEAN,int64_t,"AnalysisFlag::min, AnalysisFlag::max, AnalysisFlag::mean, AnalysisFlag::sparsity, AnalysisFlag::numDistinctApprox",2048,0.25,5.22434e+06
MEAN,int64_t,"AnalysisFlag::min, AnalysisFlag::max, AnalysisFlag::mean, AnalysisFlag::sparsity, AnalysisFlag::numDistinctApprox",2048,0.25,5.25409e+06
MEAN,int64_t,"AnalysisFlag::min, AnalysisFlag::max, AnalysisFlag::mean, AnalysisFlag::sparsity, AnalysisFlag::numDistinctApprox",2048,0.25,5.22131e+06
MEAN,int64_t,"AnalysisFlag::min, AnalysisFlag::max, AnalysisFlag::mean, AnalysisFlag::sparsity, AnalysisFlag::numDistinctApprox",2048,0.25,5.22023e+06
MEAN,int64_t,"AnalysisFlag::min, AnalysisFlag::max, AnalysisFlag::mean, AnalysisFlag::sparsity, AnalysisFlag::numDistinctApprox",2048,0.25,4.4766e+06
MEAN,int64_t,"AnalysisFlag::min, AnalysisFlag::max, AnalysisFlag::mean, AnalysisFlag::sparsity, AnalysisFlag::numDistinctApprox",4096,0.25,1.78678e+07
MEAN,int64_t,"AnalysisFlag::min, AnalysisFlag::max, AnalysisFlag::mean, AnalysisFlag::sparsity, AnalysisFlag::numDistinctApprox",4096,0.25,1.7976e+07
MEAN,int64_t,"AnalysisFlag::min, AnalysisFlag::max, AnalysisFlag::mean, AnalysisFlag::sparsity, AnalysisFlag::numDistinctApprox",4096,0.25,1.79119e+07
MEAN,int64_t,"AnalysisFlag::min, AnalysisFlag::max, AnalysisFlag::mean, AnalysisFlag::sparsity, AnalysisFlag::numDistinctApprox",4096,0.25,1.79844e+07
MEAN,int64_t,"AnalysisFlag::min, AnalysisFlag::max, AnalysisFlag::mean, AnalysisFlag::sparsity, AnalysisFlag::numDistinctApprox",4096,0.25,2.06176e+07
MEAN,int64_t,"AnalysisFlag::min, AnalysisFlag::max, AnalysisFlag::mean, AnalysisFlag::sparsity, AnalysisFlag::numDistinctApprox",4096,0.25,2.07759e+07
MEAN,int64_t,"AnalysisFlag::min, AnalysisFlag::max, AnalysisFlag::mean, AnalysisFlag::sparsity, AnalysisFlag::numDistinctApprox",4096,0.25,2.07329e+07
MEAN,int64_t,"AnalysisFlag::min, AnalysisFlag::max, AnalysisFlag::mean, AnalysisFlag::sparsity, AnalysisFlag::numDistinctApprox",4096,0.25,2.07239e+07
MEAN,int64_t,"AnalysisFlag::min, AnalysisFlag::max, AnalysisFlag::mean, AnalysisFlag::sparsity, AnalysisFlag::numDistinctApprox",4096,0.25,1.83861e+07
MEAN,int64_t,"AnalysisFlag::min, AnalysisFlag::max, AnalysisFlag::mean, AnalysisFlag::sparsity, AnalysisFlag::numDistinctApprox",4096,0.25,1.79748e+07
MEAN,double,"AnalysisFlag::min, AnalysisFlag::max, AnalysisFlag::mean, AnalysisFlag::sparsity, AnalysisFlag::numDistinctApprox",1024,1,1.52157e+06
MEAN,double,"AnalysisFlag::min, AnalysisFlag::max, AnalysisFlag::mean, AnalysisFlag::sparsity, AnalysisFlag::numDistinctApprox",1024,1,1.39442e+06
MEAN,double,"AnalysisFlag::min, AnalysisFlag::max, AnalysisFlag::mean, AnalysisFlag::sparsity, AnalysisFlag::numDistinctApprox",1024,1,1.39259e+06
MEAN,double,"AnalysisFlag::min, AnalysisFlag::max, AnalysisFlag::mean, AnalysisFlag::sparsity, AnalysisFlag::numDistinctApprox",1024,1,1.39398e+06
MEAN,double,"AnalysisFlag::min, AnalysisFlag::max, AnalysisFlag::mean, AnalysisFlag::sparsity, AnalysisFlag::numDistinctApprox",1024,1,1.39083e+06
MEAN,double,"AnalysisFlag::min, AnalysisFlag::max, AnalysisFlag::mean, AnalysisFlag::sparsity, AnalysisFlag::numDistinctApprox",1024,1,1.39174e+06
MEAN,double,"AnalysisFlag::min, AnalysisFlag::max, AnalysisFlag::mean, AnalysisFlag::sparsity, AnalysisFlag::numDistinctApprox",1024,1,1.39123e+06
MEAN,double,"AnalysisFlag::min, AnalysisFlag::max, AnalysisFlag::mean, AnalysisFlag::sparsity, AnalysisFlag::numDistinctApprox",1024,1,1.39171e+06
MEAN,double,"AnalysisFlag::min, AnalysisFlag::max, AnalysisFlag::mean, AnalysisFlag::sparsity, AnalysisFlag::numDistinctApprox",1024,1,1.39226e+06
MEAN,double,"AnalysisFlag::min, AnalysisFlag::max, AnalysisFlag::mean, AnalysisFlag::sparsity, AnalysisFlag::numDistinctApprox",1024,1,1.39151e+06
MEAN,double,"AnalysisFlag::min, AnalysisFlag::max, AnalysisFlag::mean, AnalysisFlag::sparsity, AnalysisFlag::numDistinctApprox",2048,1,5.4926e+06
MEAN,double,"AnalysisFlag::min, AnalysisFlag::max, AnalysisFlag::mean, AnalysisFlag::sparsity, AnalysisFlag::numDistinctApprox",2048,1,5.46818e+06
MEAN,double,"AnalysisFlag::min, AnalysisFlag::max, AnalysisFlag::mean, AnalysisFlag::sparsity, AnalysisFlag::numDistinctApprox",2048,1,5.45958e+06
MEAN,double,"AnalysisFlag::min, AnalysisFlag::max, AnalysisFlag::mean, AnalysisFlag::sparsity, AnalysisFlag::numDistinctApprox",2048,1,5.46178e+06
MEAN,double,"AnalysisFlag::min, AnalysisFlag::max, AnalysisFlag::mean, AnalysisFlag::sparsity, AnalysisFlag::numDistinctApprox",2048,1,5.45364e+06
MEAN,double,"AnalysisFlag::min, AnalysisFlag::max, AnalysisFlag::mean, AnalysisFlag::sparsity, AnalysisFlag::numDistinctApprox",2048,1,5.46164e+06
MEAN,double,"AnalysisFlag::min, AnalysisFlag::max, AnalysisFlag::mean, AnalysisFlag::sparsity, AnalysisFlag::numDistinctApprox",2048,1,5.45426e+06
MEAN,double,"AnalysisFlag::min, AnalysisFlag::max, AnalysisFlag::mean, AnalysisFlag::sparsity, AnalysisFlag::numDistinctApprox",2048,1,5.45448e+06
MEAN,double,"AnalysisFlag::min, AnalysisFlag::max, AnalysisFlag::mean, AnalysisFlag::sparsity, AnalysisFlag::numDistinctApprox",2048,1,5.4489e+06
MEAN,double,"AnalysisFlag::min, AnalysisFlag::max, AnalysisFlag::mean, AnalysisFlag::sparsity, AnalysisFlag::numDistinctApprox",2048,1,5.44495e+06
MEAN,double,"AnalysisFlag::min, AnalysisFlag::max, AnalysisFlag::mean, AnalysisFlag::sparsity, AnalysisFlag::numDistinctApprox",4096,1,2.18165e+07
MEAN,double,"AnalysisFlag::min, AnalysisFlag::max, AnalysisFlag::mean, AnalysisFlag::sparsity, AnalysisFlag::numDistinctApprox",4096,1,2.18676e+07
MEAN,double,"AnalysisFlag::min, AnalysisFlag::max, AnalysisFlag::mean, AnalysisFlag::sparsity, AnalysisFlag::numDistinctApprox",4096,1,2.18705e+07
MEAN,double,"AnalysisFlag::min, AnalysisFlag::max, AnalysisFlag::mean, AnalysisFlag::sparsity, AnalysisFlag::numDistinctApprox",4096,1,2.18429e+07
MEAN,double,"AnalysisFlag::min, AnalysisFlag::max, AnalysisFlag::mean, AnalysisFlag::sparsity, AnalysisFlag::numDistinctApprox",4096,1,2.18609e+07
MEAN,double,"AnalysisFlag::min, AnalysisFlag::max, AnalysisFlag::mean, AnalysisFlag::sparsity, AnalysisFlag::numDistinctApprox",4096,1,2.20107e+07
MEAN,double,"AnalysisFlag::min, AnalysisFlag::max, AnalysisFlag::mean, AnalysisFlag::sparsity, AnalysisFlag::numDistinctApprox",4096,1,2.18571e+07
MEAN,double,"AnalysisFlag::min, AnalysisFlag::max, AnalysisFlag::mean, AnalysisFlag::sparsity, AnalysisFlag::numDistinctApprox",4096,1,2.18739e+07
MEAN,double,"AnalysisFlag::min, AnalysisFlag::max, AnalysisFlag::mean, AnalysisFlag::sparsity, AnalysisFlag::numDistinctApprox",4096,1,2.18666e+07
MEAN,double,"AnalysisFlag::min, AnalysisFlag::max, AnalysisFlag::mean, AnalysisFlag::sparsity, AnalysisFlag::numDistinctApprox",4096,1,2.18491e+07
MEAN,int64_t,"AnalysisFlag::min, AnalysisFlag::max, AnalysisFlag::mean, AnalysisFlag::sparsity, AnalysisFlag::numDistinctApprox",1024,1,1.25494e+06
MEAN,int64_t,"AnalysisFlag::min, AnalysisFlag::max, AnalysisFlag::mean, AnalysisFlag::sparsity, AnalysisFlag::numDistinctApprox",1024,1,1.20934e+06
MEAN,int64_t,"AnalysisFlag::min, AnalysisFlag::max, AnalysisFlag::mean, AnalysisFlag::sparsity, AnalysisFlag::numDistinctApprox",1024,1,1.2104e+06
MEAN,int64_t,"AnalysisFlag::min, AnalysisFlag::max, AnalysisFlag::mean, AnalysisFlag::sparsity, AnalysisFlag::numDistinctApprox",1024,1,1.21702e+06
MEAN,int64_t,"AnalysisFlag::min, AnalysisFlag::max, AnalysisFlag::mean, AnalysisFlag::sparsity, AnalysisFlag::numDistinctApprox",1024,1,1.20744e+06
MEAN,int64_t,"AnalysisFlag::min, AnalysisFlag::max, AnalysisFlag::mean, AnalysisFlag::sparsity, AnalysisFlag::numDistinctApprox",1024,1,1.20811e+06
MEAN,int64_t,"AnalysisFlag::min, AnalysisFlag::max, AnalysisFlag::mean, AnalysisFlag::sparsity, AnalysisFlag::numDistinctApprox",1024,1,1.20894e+06
MEAN,int64_t,"AnalysisFlag::min, AnalysisFlag::max, AnalysisFlag::mean, AnalysisFlag::sparsity, AnalysisFlag::numDistinctApprox",1024,1,1.21068e+06
MEAN,int64_t,"AnalysisFlag::min, AnalysisFlag::max, AnalysisFlag::mean, AnalysisFlag::sparsity, AnalysisFlag::numDistinctApprox",1024,1,1.21165e+06
MEAN,int64_t,"AnalysisFlag::min, AnalysisFlag::max, AnalysisFlag::mean, AnalysisFlag::sparsity, AnalysisFlag::numDistinctApprox",1024,1,1.2089e+06
MEAN,int64_t,"AnalysisFlag::min, AnalysisFlag::max, AnalysisFlag::mean, AnalysisFlag::sparsity, AnalysisFlag::numDistinctApprox",2048,1,5.24178e+06
MEAN,int64_t,"AnalysisFlag::min, AnalysisFlag::max, AnalysisFlag::mean, AnalysisFlag::sparsity, AnalysisFlag::numDistinctApprox",2048,1,5.24384e+06
MEAN,int64_t,"AnalysisFlag::min, AnalysisFlag::max, AnalysisFlag::mean, AnalysisFlag::sparsity, AnalysisFlag::numDistinctApprox",2048,1,5.22302e+06
MEAN,int64_t,"AnalysisFlag::min, AnalysisFlag::max, AnalysisFlag::mean, AnalysisFlag::sparsity, AnalysisFlag::numDistinctApprox",2048,1,5.23731e+06
MEAN,int64_t,"AnalysisFlag::min, AnalysisFlag::max, AnalysisFlag::mean, AnalysisFlag::sparsity, AnalysisFlag::numDistinctApprox",2048,1,5.22982e+06
MEAN,int64_t,"AnalysisFlag::min, AnalysisFlag::max, AnalysisFlag::mean, AnalysisFlag::sparsity, AnalysisFlag::numDistinctApprox",2048,1,5.23382e+06
MEAN,int64_t,"AnalysisFlag::min, AnalysisFlag::max, AnalysisFlag::mean, AnalysisFlag::sparsity, AnalysisFlag::numDistinctApprox",2048,1,5.23213e+06
MEAN,int64_t,"AnalysisFlag::min, AnalysisFlag::max, AnalysisFlag::mean, AnalysisFlag::sparsity, AnalysisFlag::numDistinctApprox",2048,1,5.23993e+06
MEAN,int64_t,"AnalysisFlag::min, AnalysisFlag::max, AnalysisFlag::mean, AnalysisFlag::sparsity, AnalysisFlag::numDistinctApprox",2048,1,5.23094e+06
MEAN,int64_t,"AnalysisFlag::min, AnalysisFlag::max, AnalysisFlag::mean, AnalysisFlag::sparsity, AnalysisFlag::numDistinctApprox",2048,1,5.23367e+06
MEAN,int64_t,"AnalysisFlag::min, AnalysisFlag::max, AnalysisFlag::mean, AnalysisFlag::sparsity, AnalysisFlag::numDistinctApprox",4096,1,2.07966e+07
MEAN,int64_t,"AnalysisFlag::min, AnalysisFlag::max, AnalysisFlag::mean, AnalysisFlag::sparsity, AnalysisFlag::numDistinctApprox",4096,1,2.07879e+07
MEAN,int64_t,"AnalysisFlag::min, AnalysisFlag::max, AnalysisFlag::mean, AnalysisFlag::sparsity, AnalysisFlag::numDistinctApprox",4096,1,2.07859e+07
MEAN,int64_t,"AnalysisFlag::min, AnalysisFlag::max, AnalysisFlag::mean, AnalysisFlag::sparsity, AnalysisFlag::numDistinctApprox",4096,1,2.07854e+07
MEAN,int64_t,"AnalysisFlag::min, AnalysisFlag::max, AnalysisFlag::mean, AnalysisFlag::sparsity, AnalysisFlag::numDistinctApprox",4096,1,2.0838e+07
MEAN,int64_t,"AnalysisFlag::min, AnalysisFlag::max, AnalysisFlag::mean, AnalysisFlag::sparsity, AnalysisFlag::numDistinctApprox",4096,1,2.07835e+07
MEAN,int64_t,"AnalysisFlag::min, AnalysisFlag::max, AnalysisFlag::mean, AnalysisFlag::sparsity, AnalysisFlag::numDistinctApprox",4096,1,2.07856e+07
MEAN,int64_t,"AnalysisFlag::min, AnalysisFlag::max, AnalysisFlag::mean, AnalysisFlag::sparsity, AnalysisFlag::numDistinctApprox",4096,1,2.0801e+07
MEAN,int64_t,"AnalysisFlag::min, AnalysisFlag::max, AnalysisFlag::mean, AnalysisFlag::sparsity, AnalysisFlag::numDistinctApprox",4096,1,2.07876e+07
MEAN,int64_t,"AnalysisFlag::min, AnalysisFlag::max, AnalysisFlag::mean, AnalysisFlag::sparsity, AnalysisFlag::numDistinctApprox",4096,1,2.07982e+07
STDDEV,double,"AnalysisFlag::min, AnalysisFlag::max, AnalysisFlag::mean, AnalysisFlag::sparsity, AnalysisFlag::numDistinctApprox",1024,0.001,104583
STDDEV,double,"AnalysisFlag::min, AnalysisFlag::max, AnalysisFlag::mean, AnalysisFlag::sparsity, AnalysisFlag::numDistinctApprox",1024,0.001,100945
STDDEV,double,"AnalysisFlag::min, AnalysisFlag::max, AnalysisFlag::mean, AnalysisFlag::sparsity, AnalysisFlag::numDistinctApprox",1024,0.001,99362
STDDEV,double,"AnalysisFlag::min, AnalysisFlag::max, AnalysisFlag::mean, AnalysisFlag::sparsity, AnalysisFlag::numDistinctApprox",1024,0.001,100498
STDDEV,double,"AnalysisFlag::min, AnalysisFlag::max, AnalysisFlag::mean, AnalysisFlag::sparsity, AnalysisFlag::numDistinctApprox",1024,0.001,104479
STDDEV,double,"AnalysisFlag::min, AnalysisFlag::max, AnalysisFlag::mean, AnalysisFlag::sparsity, AnalysisFlag::numDistinctApprox",1024,0.001,103898
STDDEV,double,"AnalysisFlag::min, AnalysisFlag::max, AnalysisFlag::mean, AnalysisFlag::sparsity, AnalysisFlag::numDistinctApprox",1024,0.001,102109
STDDEV,double,"AnalysisFlag::min, AnalysisFlag::max, AnalysisFlag::mean, AnalysisFlag::sparsity, AnalysisFlag::numDistinctApprox",1024,0.001,99679
STDDEV,double,"AnalysisFlag::min, AnalysisFlag::max, AnalysisFlag::mean, AnalysisFlag::sparsity, AnalysisFlag::numDistinctApprox",1024,0.001,101859
STDDEV,double,"AnalysisFlag::min, AnalysisFlag::max, AnalysisFlag::mean, AnalysisFlag::sparsity, AnalysisFlag::numDistinctApprox",1024,0.001,98485
STDDEV,double,"AnalysisFlag::min, AnalysisFlag::max, AnalysisFlag::mean, AnalysisFlag::sparsity, AnalysisFlag::numDistinctApprox",2048,0.001,228365
STDDEV,double,"AnalysisFlag::min, AnalysisFlag::max, AnalysisFlag::mean, AnalysisFlag::sparsity, AnalysisFlag::numDistinctApprox",2048,0.001,228176
STDDEV,double,"AnalysisFlag::min, AnalysisFlag::max, AnalysisFlag::mean, AnalysisFlag::sparsity, AnalysisFlag::numDistinctApprox",2048,0.001,224254
STDDEV,double,"AnalysisFlag::min, AnalysisFlag::max, AnalysisFlag::mean, AnalysisFlag::sparsity, AnalysisFlag::numDistinctApprox",2048,0.001,227944
STDDEV,double,"AnalysisFlag::min, AnalysisFlag::max, AnalysisFlag::mean, AnalysisFlag::sparsity, AnalysisFlag::numDistinctApprox",2048,0.001,226406
STDDEV,double,"AnalysisFlag::min, AnalysisFlag::max, AnalysisFlag::mean, AnalysisFlag::sparsity, AnalysisFlag::numDistinctApprox",2048,0.001,223387
STDDEV,double,"AnalysisFlag::min, AnalysisFlag::max, AnalysisFlag::mean, AnalysisFlag::sparsity, AnalysisFlag::numDistinctApprox",2048,0.001,226488
STDDEV,double,"AnalysisFlag::min, AnalysisFlag::max, AnalysisFlag::mean, AnalysisFlag::sparsity, AnalysisFlag::numDistinctApprox",2048,0.001,226010
STDDEV,double,"AnalysisFlag::min, AnalysisFlag::max, AnalysisFlag::mean, AnalysisFlag::sparsity, AnalysisFlag::numDistinctApprox",2048,0.001,230768
STDDEV,double,"AnalysisFlag::min, AnalysisFlag::max, AnalysisFlag::mean, AnalysisFlag::sparsity, AnalysisFlag::numDistinctApprox",2048,0.001,227539
STDDEV,double,"AnalysisFlag::min, AnalysisFlag::max, AnalysisFlag::mean, AnalysisFlag::sparsity, AnalysisFlag::numDistinctApprox",4096,0.001,394149
STDDEV,double,"AnalysisFlag::min, AnalysisFlag::max, AnalysisFlag::mean, AnalysisFlag::sparsity, AnalysisFlag::numDistinctApprox",4096,0.001,387578
STDDEV,double,"AnalysisFlag::min, AnalysisFlag::max, AnalysisFlag::mean, AnalysisFlag::sparsity, AnalysisFlag::numDistinctApprox",4096,0.001,387018
STDDEV,double,"AnalysisFlag::min, AnalysisFlag::max, AnalysisFlag::mean, AnalysisFlag::sparsity, AnalysisFlag::numDistinctApprox",4096,0.001,382730
STDDEV,double,"AnalysisFlag::min, AnalysisFlag::max, AnalysisFlag::mean, AnalysisFlag::sparsity, AnalysisFlag::numDistinctApprox",4096,0.001,384394
STDDEV,double,"AnalysisFlag::min, AnalysisFlag::max, AnalysisFlag::mean, AnalysisFlag::sparsity, AnalysisFlag::numDistinctApprox",4096,0.001,383494
STDDEV,double,"AnalysisFlag::min, AnalysisFlag::max, AnalysisFlag::mean, AnalysisFlag::sparsity, AnalysisFlag::numDistinctApprox",4096,0.001,378138
STDDEV,double,"AnalysisFlag::min, AnalysisFlag::max, AnalysisFlag::mean, AnalysisFlag::sparsity, AnalysisFlag::numDistinctApprox",4096,0.001,388933
STDDEV,double,"AnalysisFlag::min, AnalysisFlag::max, AnalysisFlag::mean, AnalysisFlag::sparsity, AnalysisFlag::numDistinctApprox",4096,0.001,383864
STDDEV,double,"AnalysisFlag::min, AnalysisFlag::max, AnalysisFlag::mean, AnalysisFlag::sparsity, AnalysisFlag::numDistinctApprox",4096,0.001,374065
STDDEV,int64_t,"AnalysisFlag::min, AnalysisFlag::max, AnalysisFlag::mean, AnalysisFlag::sparsity, AnalysisFlag::numDistinctApprox",1024,0.001,66656
STDDEV,int64_t,"AnalysisFlag::min, AnalysisFlag::max, AnalysisFlag::mean, AnalysisFlag::sparsity, AnalysisFlag::numDistinctApprox",1024,0.001,59949
STDDEV,int64_t,"AnalysisFlag::min, AnalysisFlag::max, AnalysisFlag::mean, AnalysisFlag::sparsity, AnalysisFlag::numDistinctApprox",1024,0.001,63059
STDDEV,int64_t,"AnalysisFlag::min, AnalysisFlag::max, AnalysisFlag::mean, AnalysisFlag::sparsity, AnalysisFlag::numDistinctApprox",1024,0.001,62136
STDDEV,int64_t,"AnalysisFlag::min, AnalysisFlag::max, AnalysisFlag::mean, AnalysisFlag::sparsity, AnalysisFlag::numDistinctApprox",1024,0.001,57667
STDDEV,int64_t,"AnalysisFlag::min, AnalysisFlag::max, AnalysisFlag::mean, AnalysisFlag::sparsity, AnalysisFlag::numDistinctApprox",1024,0.001,63874
STDDEV,int64_t,"AnalysisFlag::min, AnalysisFlag::max, AnalysisFlag::mean, AnalysisFlag::sparsity, AnalysisFlag::numDistinctApprox",1024,0.001,62209
STDDEV,int64_t,"AnalysisFlag::min, AnalysisFlag::max, AnalysisFlag::mean, AnalysisFlag::sparsity, AnalysisFlag::numDistinctApprox",1024,0.001,63788
STDDEV,int64_t,"AnalysisFlag::min, AnalysisFlag::max, AnalysisFlag::mean, AnalysisFlag::sparsity, AnalysisFlag::numDistinctApprox",1024,0.001,63072
STDDEV,int64_t,"AnalysisFlag::min, AnalysisFlag::max, AnalysisFlag::mean, AnalysisFlag::sparsity, AnalysisFlag::numDistinctApprox",1024,0.001,62487
STDDEV,int64_t,"AnalysisFlag::min, AnalysisFlag::max, AnalysisFlag::mean, AnalysisFlag::sparsity, AnalysisFlag::numDistinctApprox",2048,0.001,140952
STDDEV,int64_t,"AnalysisFlag::min, AnalysisFlag::max, AnalysisFlag::mean, AnalysisFlag::sparsity, AnalysisFlag::numDistinctApprox",2048,0.001,144151
STDDEV,int64_t,"AnalysisFlag::min, AnalysisFlag::max, AnalysisFlag::mean, AnalysisFlag::sparsity, AnalysisFlag::numDistinctApprox",2048,0.001,140958
STDDEV,int64_t,"AnalysisFlag::min, AnalysisFlag::max, AnalysisFlag::mean, AnalysisFlag::sparsity, AnalysisFlag::numDistinctApprox",2048,0.001,139541
STDDEV,int64_t,"AnalysisFlag::min, AnalysisFlag::max, AnalysisFlag::mean, AnalysisFlag::sparsity, AnalysisFlag::numDistinctApprox",2048,0.001,136005
STDDEV,int64_t,"AnalysisFlag::min, AnalysisFlag::max, AnalysisFlag::mean, AnalysisFlag::sparsity, AnalysisFlag::numDistinctApprox",2048,0.001,141802
STDDEV,int64_t,"AnalysisFlag::min, AnalysisFlag::max, AnalysisFlag::mean, AnalysisFlag::sparsity, AnalysisFlag::numDistinctApprox",2048,0.001,142714
STDDEV,int64_t,"AnalysisFlag::min, AnalysisFlag::max, AnalysisFlag::mean, AnalysisFlag::sparsity, AnalysisFlag::numDistinctApprox",2048,0.001,142123
STDDEV,int64_t,"AnalysisFlag::min, AnalysisFlag::max, AnalysisFlag::mean, AnalysisFlag::sparsity, AnalysisFlag::numDistinctApprox",2048,0.001,144302
STDDEV,int64_t,"AnalysisFlag::min, AnalysisFlag::max, AnalysisFlag::mean, AnalysisFlag::sparsity, AnalysisFlag::numDistinctApprox",2048,0.001,142329
STDDEV,int64_t,"AnalysisFlag::min, AnalysisFlag::max, AnalysisFlag::mean, AnalysisFlag::sparsity, AnalysisFlag::numDistinctApprox",4096,0.001,301776
STDDEV,int64_t,"AnalysisFlag::min, AnalysisFlag::max, AnalysisFlag::mean, AnalysisFlag::sparsity, AnalysisFlag::numDistinctApprox",4096,0.001,299291
STDDEV,int64_t,"AnalysisFlag::min, AnalysisFlag::max, AnalysisFlag::mean, AnalysisFlag::sparsity, AnalysisFlag::numDistinctApprox",4096,0.001,302023
STDDEV,int64_t,"AnalysisFlag::min, AnalysisFlag::max, AnalysisFlag::mean, AnalysisFlag::sparsity, AnalysisFlag::numDistinctApprox",4096,0.001,294587
STDDEV,int64_t,"AnalysisFlag::min, AnalysisFlag::max, AnalysisFlag::mean, AnalysisFlag::sparsity, AnalysisFlag::numDistinctApprox",4096,0.001,313250
STDDEV,int64_t,"AnalysisFlag::min, AnalysisFlag::max, AnalysisFlag::mean, AnalysisFlag::sparsity, AnalysisFlag::numDistinctApprox",4096,0.001,304580
STDDEV,int64_t,"AnalysisFlag::min, AnalysisFlag::max, AnalysisFlag::mean, AnalysisFlag::sparsity, AnalysisFlag::numDistinctApprox",4096,0.001,298886
STDDEV,int64_t,"AnalysisFlag::min, AnalysisFlag::max, AnalysisFlag::mean, AnalysisFlag::sparsity, AnalysisFlag::numDistinctApprox",4096,0.001,310593
STDDEV,int64_t,"AnalysisFlag::min, AnalysisFlag::max, AnalysisFlag::mean, AnalysisFlag::sparsity, AnalysisFlag::numDistinctApprox",4096,0.001,310457
STDDEV,int64_t,"AnalysisFlag::min, AnalysisFlag::max, AnalysisFlag::mean, AnalysisFlag::sparsity, AnalysisFlag::numDistinctApprox",4096,0.001,298165
STDDEV,double,"AnalysisFlag::min, AnalysisFlag::max, AnalysisFlag::mean, AnalysisFlag::sparsity, AnalysisFlag::numDistinctApprox",1024,0.01,149481
STDDEV,double,"AnalysisFlag::min, AnalysisFlag::max, AnalysisFlag::mean, AnalysisFlag::sparsity, AnalysisFlag::numDistinctApprox",1024,0.01,145809
STDDEV,double,"AnalysisFlag::min, AnalysisFlag::max, AnalysisFlag::mean, AnalysisFlag::sparsity, AnalysisFlag::numDistinctApprox",1024,0.01,144063
STDDEV,double,"AnalysisFlag::min, AnalysisFlag::max, AnalysisFlag::mean, AnalysisFlag::sparsity, AnalysisFlag::numDistinctApprox",1024,0.01,146478
STDDEV,double,"AnalysisFlag::min, AnalysisFlag::max, AnalysisFlag::mean, AnalysisFlag::sparsity, AnalysisFlag::numDistinctApprox",1024,0.01,146485
STDDEV,double,"AnalysisFlag::min, AnalysisFlag::max, AnalysisFlag::mean, AnalysisFlag::sparsity, AnalysisFlag::numDistinctApprox",1024,0.01,147345
STDDEV,double,"AnalysisFlag::min, AnalysisFlag::max, AnalysisFlag::mean, AnalysisFlag::sparsity, AnalysisFlag::numDistinctApprox",1024,0.01,150176
STDDEV,double,"AnalysisFlag::min, AnalysisFlag::max, AnalysisFlag::mean, AnalysisFlag::sparsity, AnalysisFlag::numDistinctApprox",1024,0.01,146457
STDDEV,double,"AnalysisFlag::min, AnalysisFlag::max, AnalysisFlag::mean, AnalysisFlag::sparsity, AnalysisFlag::numDistinctApprox",1024,0.01,147178
STDDEV,double,"AnalysisFlag::min, AnalysisFlag::max, AnalysisFlag::mean, AnalysisFlag::sparsity, AnalysisFlag::numDistinctApprox",1024,0.01,145623
STDDEV,double,"AnalysisFlag::min, AnalysisFlag::max, AnalysisFlag::mean, AnalysisFlag::sparsity, AnalysisFlag::numDistinctApprox",2048,0.01,318818
STDDEV,double,"AnalysisFlag::min, AnalysisFlag::max, AnalysisFlag::mean, AnalysisFlag::sparsity, AnalysisFlag::numDistinctApprox",2048,0.01,318375
STDDEV,double,"AnalysisFlag::min, AnalysisFlag::max, AnalysisFlag::mean, AnalysisFlag::sparsity, AnalysisFlag::numDistinctApprox",2048,0.01,326423
STDDEV,double,"AnalysisFlag::min, AnalysisFlag::max, AnalysisFlag::mean, AnalysisFlag::sparsity, AnalysisFlag::numDistinctApprox",2048,0.01,328653
STDDEV,double,"AnalysisFlag::min, AnalysisFlag::max, AnalysisFlag::mean, AnalysisFlag::sparsity, AnalysisFlag::numDistinctApprox",2048,0.01,319388
STDDEV,double,"AnalysisFlag::min, AnalysisFlag::max, AnalysisFlag::mean, AnalysisFlag::sparsity, AnalysisFlag::numDistinctApprox",2048,0.01,314963
STDDEV,double,"AnalysisFlag::min, AnalysisFlag::max, AnalysisFlag::mean, AnalysisFlag::sparsity, AnalysisFlag::numDistinctApprox",2048,0.01,325826
STDDEV,double,"AnalysisFlag::min, AnalysisFlag::max, AnalysisFlag::mean, AnalysisFlag::sparsity, AnalysisFlag::numDistinctApprox",2048,0.01,314885
STDDEV,double,"AnalysisFlag::min, AnalysisFlag::max, AnalysisFlag::mean, AnalysisFlag::sparsity, AnalysisFlag::numDistinctApprox",2048,0.01,327309
STDDEV,double,"AnalysisFlag::min, AnalysisFlag::max, AnalysisFlag::mean, AnalysisFlag::sparsity, AnalysisFlag::numDistinctApprox",2048,0.01,314852
STDDEV,double,"AnalysisFlag::min, AnalysisFlag::max, AnalysisFlag::mean, AnalysisFlag::sparsity, AnalysisFlag::numDistinctApprox",4096,0.01,863993
STDDEV,double,"AnalysisFlag::min, AnalysisFlag::max, AnalysisFlag::mean, AnalysisFlag::sparsity, AnalysisFlag::numDistinctApprox",4096,0.01,859220
STDDEV,double,"AnalysisFlag::min, AnalysisFlag::max, AnalysisFlag::mean, AnalysisFlag::sparsity, AnalysisFlag::numDistinctApprox",4096,0.01,862421
STDDEV,double,"AnalysisFlag::min, AnalysisFlag::max, AnalysisFlag::mean, AnalysisFlag::sparsity, AnalysisFlag::numDistinctApprox",4096,0.01,858285
STDDEV,double,"AnalysisFlag::min, AnalysisFlag::max, AnalysisFlag::mean, AnalysisFlag::sparsity, AnalysisFlag::numDistinctApprox",4096,0.01,860685
STDDEV,double,"AnalysisFlag::min, AnalysisFlag::max, AnalysisFlag::mean, AnalysisFlag::sparsity, AnalysisFlag::numDistinctApprox",4096,0.01,865607
STDDEV,double,"AnalysisFlag::min, AnalysisFlag::max, AnalysisFlag::mean, AnalysisFlag::sparsity, AnalysisFlag::numDistinctApprox",4096,0.01,859492
STDDEV,double,"AnalysisFlag::min, AnalysisFlag::max, AnalysisFlag::mean, AnalysisFlag::sparsity, AnalysisFlag::numDistinctApprox",4096,0.01,863398
STDDEV,double,"AnalysisFlag::min, AnalysisFlag::max, AnalysisFlag::mean, AnalysisFlag::sparsity, AnalysisFlag::numDistinctApprox",4096,0.01,861544
STDDEV,double,"AnalysisFlag::min, AnalysisFlag::max, AnalysisFlag::mean, AnalysisFlag::sparsity, AnalysisFlag::numDistinctApprox",4096,0.01,864193
STDDEV,int64_t,"AnalysisFlag::min, AnalysisFlag::max, AnalysisFlag::mean, AnalysisFlag::sparsity, AnalysisFlag::numDistinctApprox",1024,0.01,105567
STDDEV,int64_t,"AnalysisFlag::min, AnalysisFlag::max, AnalysisFlag::mean, AnalysisFlag::sparsity, AnalysisFlag::numDistinctApprox",1024,0.01,106690
STDDEV,int64_t,"AnalysisFlag::min, AnalysisFlag::max, AnalysisFlag::mean, AnalysisFlag::sparsity, AnalysisFlag::numDistinctApprox",1024,0.01,105868
STDDEV,int64_t,"AnalysisFlag::min, AnalysisFlag::max, AnalysisFlag::mean, AnalysisFlag::sparsity, AnalysisFlag::numDistinctApprox",1024,0.01,107085
STDDEV,int64_t,"AnalysisFlag::min, AnalysisFlag::max, AnalysisFlag::mean, AnalysisFlag::sparsity, AnalysisFlag::numDistinctApprox",1024,0.01,104801
STDDEV,int64_t,"AnalysisFlag::min, AnalysisFlag::max, AnalysisFlag::mean, AnalysisFlag::sparsity, AnalysisFlag::numDistinctApprox",1024,0.01,107000
STDDEV,int64_t,"AnalysisFlag::min, AnalysisFlag::max, AnalysisFlag::mean, AnalysisFlag::sparsity, AnalysisFlag::numDistinctApprox",1024,0.01,105473
STDDEV,int64_t,"AnalysisFlag::min, AnalysisFlag::max, AnalysisFlag::mean, AnalysisFlag::sparsity, AnalysisFlag::numDistinctApprox",1024,0.01,104437
STDDEV,int64_t,"AnalysisFlag::min, AnalysisFlag::max, AnalysisFlag::mean, AnalysisFlag::sparsity, AnalysisFlag::numDistinctApprox",1024,0.01,102724
STDDEV,int64_t,"AnalysisFlag::min, AnalysisFlag::max, AnalysisFlag::mean, AnalysisFlag::sparsity, AnalysisFlag::numDistinctApprox",1024,0.01,104016
STDDEV,int64_t,"AnalysisFlag::min, AnalysisFlag::max, AnalysisFlag::mean, AnalysisFlag::sparsity, AnalysisFlag::numDistinctApprox",2048,0.01,274183
STDDEV,int64_t,"AnalysisFlag::min, AnalysisFlag::max, AnalysisFlag::mean, AnalysisFlag::sparsity, AnalysisFlag::numDistinctApprox",2048,0.01,259932
STDDEV,int64_t,"AnalysisFlag::min, AnalysisFlag::max, AnalysisFlag::mean, AnalysisFlag::sparsity, AnalysisFlag::numDistinctApprox",2048,0.01,260851
STDDEV,int64_t,"AnalysisFlag::min, AnalysisFlag::max, AnalysisFlag::mean, AnalysisFlag::sparsity, AnalysisFlag::numDistinctApprox",2048,0.01,257926
STDDEV,int64_t,"AnalysisFlag::min, AnalysisFlag::max, AnalysisFlag::mean, AnalysisFlag::sparsity, AnalysisFlag::numDistinctApprox",2048,0.01,264921
STDDEV,int64_t,"AnalysisFlag::min, AnalysisFlag::max, AnalysisFlag::mean, AnalysisFlag::sparsity, AnalysisFlag::numDistinctApprox",2048,0.01,259730
STDDEV,int64_t,"AnalysisFlag::min, AnalysisFlag::max, AnalysisFlag::mean, AnalysisFlag::sparsity, AnalysisFlag::numDistinctApprox",2048,0.01,261333
STDDEV,int64_t,"AnalysisFlag::min, AnalysisFlag::max, AnalysisFlag::mean, AnalysisFlag::sparsity, AnalysisFlag::numDistinctApprox",2048,0.01,264336
STDDEV,int64_t,"AnalysisFlag::min, AnalysisFlag::max, AnalysisFlag::mean, AnalysisFlag::sparsity, AnalysisFlag::numDistinctApprox",2048,0.01,257037
STDDEV,int64_t,"AnalysisFlag::min, AnalysisFlag::max, AnalysisFlag::mean, AnalysisFlag::sparsity, AnalysisFlag::numDistinctApprox",2048,0.01,259201
STDDEV,int64_t,"AnalysisFlag::min, AnalysisFlag::max, AnalysisFlag::mean, AnalysisFlag::sparsity, AnalysisFlag::numDistinctApprox",4096,0.01,845083
STDDEV,int64_t,"AnalysisFlag::min, AnalysisFlag::max, AnalysisFlag::mean, AnalysisFlag::sparsity, AnalysisFlag::numDistinctApprox",4096,0.01,818433
STDDEV,int64_t,"AnalysisFlag::min, AnalysisFlag::max, AnalysisFlag::mean, AnalysisFlag::sparsity, AnalysisFlag::numDistinctApprox",4096,0.01,838588
STDDEV,int64_t,"AnalysisFlag::min, AnalysisFlag::max, AnalysisFlag::mean, AnalysisFlag::sparsity, AnalysisFlag::numDistinctApprox",4096,0.01,840833
STDDEV,int64_t,"AnalysisFlag::min, AnalysisFlag::max, AnalysisFlag::mean, AnalysisFlag::sparsity, AnalysisFlag::numDistinctApprox",4096,0.01,835672
STDDEV,int64_t,"AnalysisFlag::min, AnalysisFlag::max, AnalysisFlag::mean, AnalysisFlag::sparsity, AnalysisFlag::numDistinctApprox",4096,0.01,827782
STDDEV,int64_t,"AnalysisFlag::min, AnalysisFlag::max, AnalysisFlag::mean, AnalysisFlag::sparsity, AnalysisFlag::numDistinctApprox",4096,0.01,840424
STDDEV,int64_t,"AnalysisFlag::min, AnalysisFlag::max, AnalysisFlag::mean, AnalysisFlag::sparsity, AnalysisFlag::numDistinctApprox",4096,0.01,828828
STDDEV,int64_t,"AnalysisFlag::min, AnalysisFlag::max, AnalysisFlag::mean, AnalysisFlag::sparsity, AnalysisFlag::numDistinctApprox",4096,0.01,818375
STDDEV,int64_t,"AnalysisFlag::min, AnalysisFlag::max, AnalysisFlag::mean, AnalysisFlag::sparsity, AnalysisFlag::numDistinctApprox",4096,0.01,835289
STDDEV,double,"AnalysisFlag::min, AnalysisFlag::max, AnalysisFlag::mean, AnalysisFlag::sparsity, AnalysisFlag::numDistinctApprox",1024,0.05,253183
STDDEV,double,"AnalysisFlag::min, AnalysisFlag::max, AnalysisFlag::mean, AnalysisFlag::sparsity, AnalysisFlag::numDistinctApprox",1024,0.05,253596
STDDEV,double,"AnalysisFlag::min, AnalysisFlag::max, AnalysisFlag::mean, AnalysisFlag::sparsity, AnalysisFlag::numDistinctApprox",1024,0.05,256603
STDDEV,double,"AnalysisFlag::min, AnalysisFlag::max, AnalysisFlag::mean, AnalysisFlag::sparsity, AnalysisFlag::numDistinctApprox",1024,0.05,242532
STDDEV,double,"AnalysisFlag::min, AnalysisFlag::max, AnalysisFlag::mean, AnalysisFlag::sparsity, AnalysisFlag::numDistinctApprox",1024,0.05,255156
STDDEV,double,"AnalysisFlag::min, AnalysisFlag::max, AnalysisFlag::mean, AnalysisFlag::sparsity, AnalysisFlag::numDistinctApprox",1024,0.05,239227
STDDEV,double,"AnalysisFlag::min, AnalysisFlag::max, AnalysisFlag::mean, AnalysisFlag::sparsity, AnalysisFlag::numDistinctApprox",1024,0.05,240742
STDDEV,double,"AnalysisFlag::min, AnalysisFlag::max, AnalysisFlag::mean, AnalysisFlag::sparsity, AnalysisFlag::numDistinctApprox",1024,0.05,245070
STDDEV,double,"AnalysisFlag::min, AnalysisFlag::max, AnalysisFlag::mean, AnalysisFlag::sparsity, AnalysisFlag::numDistinctApprox",1024,0.05,243978
STDDEV,double,"AnalysisFlag::min, AnalysisFlag::max, AnalysisFlag::mean, AnalysisFlag::sparsity, AnalysisFlag::numDistinctApprox",1024,0.05,248484
STDDEV,double,"AnalysisFlag::min, AnalysisFlag::max, AnalysisFlag::mean, AnalysisFlag::sparsity, AnalysisFlag::numDistinctApprox",2048,0.05,732324
STDDEV,double,"AnalysisFlag::min, AnalysisFlag::max, AnalysisFlag::mean, AnalysisFlag::sparsity, AnalysisFlag::numDistinctApprox",2048,0.05,733257
STDDEV,double,"AnalysisFlag::min, AnalysisFlag::max, AnalysisFlag::mean, AnalysisFlag::sparsity, AnalysisFlag::numDistinctApprox",2048,0.05,749215
STDDEV,double,"AnalysisFlag::min, AnalysisFlag::max, AnalysisFlag::mean, AnalysisFlag::sparsity, AnalysisFlag::numDistinctApprox",2048,0.05,730147
STDDEV,double,"AnalysisFlag::min, AnalysisFlag::max, AnalysisFlag::mean, AnalysisFlag::sparsity, AnalysisFlag::numDistinctApprox",2048,0.05,758645
STDDEV,double,"AnalysisFlag::min, AnalysisFlag::max, AnalysisFlag::mean, AnalysisFlag::sparsity, AnalysisFlag::numDistinctApprox",2048,0.05,729169
STDDEV,double,"AnalysisFlag::min, AnalysisFlag::max, AnalysisFlag::mean, AnalysisFlag::sparsity, AnalysisFlag::numDistinctApprox",2048,0.05,762832
STDDEV,double,"AnalysisFlag::min, AnalysisFlag::max, AnalysisFlag::mean, AnalysisFlag::sparsity, AnalysisFlag::numDistinctApprox",2048,0.05,755151
STDDEV,double,"AnalysisFlag::min, AnalysisFlag::max, AnalysisFlag::mean, AnalysisFlag::sparsity, AnalysisFlag::numDistinctApprox",2048,0.05,733540
STDDEV,double,"AnalysisFlag::min, AnalysisFlag::max, AnalysisFlag::mean, AnalysisFlag::sparsity, AnalysisFlag::numDistinctApprox",2048,0.05,726379
STDDEV,double,"AnalysisFlag::min, AnalysisFlag::max, AnalysisFlag::mean, AnalysisFlag::sparsity, AnalysisFlag::numDistinctApprox",4096,0.05,3.01151e+06
STDDEV,double,"AnalysisFlag::min, AnalysisFlag::max, AnalysisFlag::mean, AnalysisFlag::sparsity, AnalysisFlag::numDistinctApprox",4096,0.05,2.9778e+06
STDDEV,double,"AnalysisFlag::min, AnalysisFlag::max, AnalysisFlag::mean, AnalysisFlag::sparsity, AnalysisFlag::numDistinctApprox",4096,0.05,2.97377e+06
STDDEV,double,"AnalysisFlag::min, AnalysisFlag::max, AnalysisFlag::mean, AnalysisFlag::sparsity, AnalysisFlag::numDistinctApprox",4096,0.05,2.9791e+06
STDDEV,double,"AnalysisFlag::min, AnalysisFlag::max, AnalysisFlag::mean, AnalysisFlag::sparsity, AnalysisFlag::numDistinctApprox",4096,0.05,2.99492e+06
STDDEV,double,"AnalysisFlag::min, AnalysisFlag::max, AnalysisFlag::mean, AnalysisFlag::sparsity, AnalysisFlag::numDistinctApprox",4096,0.05,2.98295e+06
STDDEV,double,"AnalysisFlag::min, AnalysisFlag::max, AnalysisFlag::mean, AnalysisFlag::sparsity, AnalysisFlag::numDistinctApprox",4096,0.05,2.97506e+06
STDDEV,double,"AnalysisFlag::min, AnalysisFlag::max, AnalysisFlag::mean, AnalysisFlag::sparsity, AnalysisFlag::numDistinctApprox",4096,0.05,2.98844e+06
STDDEV,double,"AnalysisFlag::min, AnalysisFlag::max, AnalysisFlag::mean, AnalysisFlag::sparsity, AnalysisFlag::numDistinctApprox",4096,0.05,2.9717e+06
STDDEV,double,"AnalysisFlag::min, AnalysisFlag::max, AnalysisFlag::mean, AnalysisFlag::sparsity, AnalysisFlag::numDistinctApprox",4096,0.05,2.98099e+06
STDDEV,int64_t,"AnalysisFlag::min, AnalysisFlag::max, AnalysisFlag::mean, AnalysisFlag::sparsity, AnalysisFlag::numDistinctApprox",1024,0.05,214049
STDDEV,int64_t,"AnalysisFlag::min, AnalysisFlag::max, AnalysisFlag::mean, AnalysisFlag::sparsity, AnalysisFlag::numDistinctApprox",1024,0.05,208649
STDDEV,int64_t,"AnalysisFlag::min, AnalysisFlag::max, AnalysisFlag::mean, AnalysisFlag::sparsity, AnalysisFlag::numDistinctApprox",1024,0.05,212743
STDDEV,int64_t,"AnalysisFlag::min, AnalysisFlag::max, AnalysisFlag::mean, AnalysisFlag::sparsity, AnalysisFlag::numDistinctApprox",1024,0.05,211482
STDDEV,int64_t,"AnalysisFlag::min, AnalysisFlag::max, AnalysisFlag::mean, AnalysisFlag::sparsity, AnalysisFlag::numDistinctApprox",1024,0.05,212185
STDDEV,int64_t,"AnalysisFlag::min, AnalysisFlag::max, AnalysisFlag::mean, AnalysisFlag::sparsity, AnalysisFlag::numDistinctApprox",1024,0.05,210550
STDDEV,int64_t,"AnalysisFlag::min, AnalysisFlag::max, AnalysisFlag::mean, AnalysisFlag::sparsity, AnalysisFlag::numDistinctApprox",1024,0.05,207285
STDDEV,int64_t,"AnalysisFlag::min, AnalysisFlag::max, AnalysisFlag::mean, AnalysisFlag::sparsity, AnalysisFlag::numDistinctApprox",1024,0.05,214578
STDDEV,int64_t,"AnalysisFlag::min, AnalysisFlag::max, AnalysisFlag::mean, AnalysisFlag::sparsity, AnalysisFlag::numDistinctApprox",1024,0.05,209553
STDDEV,int64_t,"AnalysisFlag::min, AnalysisFlag::max, AnalysisFlag::mean, AnalysisFlag::sparsity, AnalysisFlag::numDistinctApprox",1024,0.05,211305
STDDEV,int64_t,"AnalysisFlag::min, AnalysisFlag::max, AnalysisFlag::mean, AnalysisFlag::sparsity, AnalysisFlag::numDistinctApprox",2048,0.05,694984
STDDEV,int64_t,"AnalysisFlag::min, AnalysisFlag::max, AnalysisFlag::mean, AnalysisFlag::sparsity, AnalysisFlag::numDistinctApprox",2048,0.05,699575
STDDEV,int64_t,"AnalysisFlag::min, AnalysisFlag::max, AnalysisFlag::mean, AnalysisFlag::sparsity, AnalysisFlag::numDistinctApprox",2048,0.05,699530
STDDEV,int64_t,"AnalysisFlag::min, AnalysisFlag::max, AnalysisFlag::mean, AnalysisFlag::sparsity, AnalysisFlag::numDistinctApprox",2048,0.05,699813
STDDEV,int64_t,"AnalysisFlag::min, AnalysisFlag::max, AnalysisFlag::mean, AnalysisFlag::sparsity, AnalysisFlag::numDistinctApprox",2048,0.05,693217
STDDEV,int64_t,"AnalysisFlag::min, AnalysisFlag::max, AnalysisFlag::mean, AnalysisFlag::sparsity, AnalysisFlag::numDistinctApprox",2048,0.05,694169
STDDEV,int64_t,"AnalysisFlag::min, AnalysisFlag::max, AnalysisFlag::mean, AnalysisFlag::sparsity, AnalysisFlag::numDistinctApprox",2048,0.05,695526
STDDEV,int64_t,"AnalysisFlag::min, AnalysisFlag::max, AnalysisFlag::mean, AnalysisFlag::sparsity, AnalysisFlag::numDistinctApprox",2048,0.05,690952
STDDEV,int64_t,"AnalysisFlag::min, AnalysisFlag::max, AnalysisFlag::mean, AnalysisFlag::sparsity, AnalysisFlag::numDistinctApprox",2048,0.05,693939
STDDEV,int64_t,"AnalysisFlag::min, AnalysisFlag::max, AnalysisFlag::mean, AnalysisFlag::sparsity, AnalysisFlag::numDistinctApprox",2048,0.05,693859
STDDEV,int64_t,"AnalysisFlag::min, AnalysisFlag::max, AnalysisFlag::mean, AnalysisFlag::sparsity, AnalysisFlag::numDistinctApprox",4096,0.05,2.79403e+06
STDDEV,int64_t,"AnalysisFlag::min, AnalysisFlag::max, AnalysisFlag::mean, AnalysisFlag::sparsity, AnalysisFlag::numDistinctApprox",4096,0.05,2.78175e+06
STDDEV,int64_t,"AnalysisFlag::min, AnalysisFlag::max, AnalysisFlag::mean, AnalysisFlag::sparsity, AnalysisFlag::numDistinctApprox",4096,0.05,2.8003e+06
STDDEV,int64_t,"AnalysisFlag::min, AnalysisFlag::max, AnalysisFlag::mean, AnalysisFlag::sparsity, AnalysisFlag::numDistinctApprox",4096,0.05,2.78181e+06
STDDEV,int64_t,"AnalysisFlag::min, AnalysisFlag::max, AnalysisFlag::mean, AnalysisFlag::sparsity, AnalysisFlag::numDistinctApprox",4096,0.05,2.78338e+06
STDDEV,int64_t,"AnalysisFlag::min, AnalysisFlag::max, AnalysisFlag::mean, AnalysisFlag::sparsity, AnalysisFlag::numDistinctApprox",4096,0.05,2.79243e+06
STDDEV,int64_t,"AnalysisFlag::min, AnalysisFlag::max, AnalysisFlag::mean, AnalysisFlag::sparsity, AnalysisFlag::numDistinctApprox",4096,0.05,2.78206e+06
STDDEV,int64_t,"AnalysisFlag::min, AnalysisFlag::max, AnalysisFlag::mean, AnalysisFlag::sparsity, AnalysisFlag::numDistinctApprox",4096,0.05,2.79084e+06
STDDEV,int64_t,"AnalysisFlag::min, AnalysisFlag::max, AnalysisFlag::mean, AnalysisFlag::sparsity, AnalysisFlag::numDistinctApprox",4096,0.05,2.79329e+06
STDDEV,int64_t,"AnalysisFlag::min, AnalysisFlag::max, AnalysisFlag::mean, AnalysisFlag::sparsity, AnalysisFlag::numDistinctApprox",4096,0.05,2.77335e+06
STDDEV,double,"AnalysisFlag::min, AnalysisFlag::max, AnalysisFlag::mean, AnalysisFlag::sparsity, AnalysisFlag::numDistinctApprox",1024,0.1,386307
STDDEV,double,"AnalysisFlag::min, AnalysisFlag::max, AnalysisFlag::mean, AnalysisFlag::sparsity, AnalysisFlag::numDistinctApprox",1024,0.1,367116
STDDEV,double,"AnalysisFlag::min, AnalysisFlag::max, AnalysisFlag::mean, AnalysisFlag::sparsity, AnalysisFlag::numDistinctApprox",1024,0.1,387130
STDDEV,double,"AnalysisFlag::min, AnalysisFlag::max, AnalysisFlag::mean, AnalysisFlag::sparsity, AnalysisFlag::numDistinctApprox",1024,0.1,379566
STDDEV,double,"AnalysisFlag::min, AnalysisFlag::max, AnalysisFlag::mean, AnalysisFlag::sparsity, AnalysisFlag::numDistinctApprox",1024,0.1,386771
STDDEV,double,"AnalysisFlag::min, AnalysisFlag::max, AnalysisFlag::mean, AnalysisFlag::sparsity, AnalysisFlag::numDistinctApprox",1024,0.1,388214
STDDEV,double,"AnalysisFlag::min, AnalysisFlag::max, AnalysisFlag::mean, AnalysisFlag::sparsity, AnalysisFlag::numDistinctApprox",1024,0.1,389746
STDDEV,double,"AnalysisFlag::min, AnalysisFlag::max, AnalysisFlag::mean, AnalysisFlag::sparsity, AnalysisFlag::numDistinctApprox",1024,0.1,365086
STDDEV,double,"AnalysisFlag::min, AnalysisFlag::max, AnalysisFlag::mean, AnalysisFlag::sparsity, AnalysisFlag::numDistinctApprox",1024,0.1,386780
STDDEV,double,"AnalysisFlag::min, AnalysisFlag::max, AnalysisFlag::mean, AnalysisFlag::sparsity, AnalysisFlag::numDistinctApprox",1024,0.1,381594
STDDEV,double,"AnalysisFlag::min, AnalysisFlag::max, AnalysisFlag::mean, AnalysisFlag::sparsity, AnalysisFlag::numDistinctApprox",2048,0.1,1.26093e+06
STDDEV,double,"AnalysisFlag::min, AnalysisFlag::max, AnalysisFlag::mean, AnalysisFlag::sparsity, AnalysisFlag::numDistinctApprox",2048,0.1,1.27194e+06
STDDEV,double,"AnalysisFlag::min, AnalysisFlag::max, AnalysisFlag::mean, AnalysisFlag::sparsity, AnalysisFlag::numDistinctApprox",2048,0.1,1.29752e+06
STDDEV,double,"AnalysisFlag::min, AnalysisFlag::max, AnalysisFlag::mean, AnalysisFlag::sparsity, AnalysisFlag::numDistinctApprox",2048,0.1,1.31451e+06
STDDEV,double,"AnalysisFlag::min, AnalysisFlag::max, AnalysisFlag::mean, AnalysisFlag::sparsity, AnalysisFlag::numDistinctApprox",2048,0.1,1.28175e+06
STDDEV,double,"AnalysisFlag::min, AnalysisFlag::max, AnalysisFlag::mean, AnalysisFlag::sparsity, AnalysisFlag::numDistinctApprox",2048,0.1,1.30913e+06
STDDEV,double,"AnalysisFlag::min, AnalysisFlag::max, AnalysisFlag::mean, AnalysisFlag::sparsity, AnalysisFlag::numDistinctApprox",2048,0.1,1.30979e+06
STDDEV,double,"AnalysisFlag::min, AnalysisFlag::max, AnalysisFlag::mean, AnalysisFlag::sparsity, AnalysisFlag::numDistinctApprox",2048,0.1,1.30721e+06
STDDEV,double,"AnalysisFlag::min, AnalysisFlag::max, AnalysisFlag::mean, AnalysisFlag::sparsity, AnalysisFlag::numDistinctApprox",2048,0.1,1.25429e+06
STDDEV,double,"AnalysisFlag::min, AnalysisFlag::max, AnalysisFlag::mean, AnalysisFlag::sparsity, AnalysisFlag::numDistinctApprox",2048,0.1,1.25509e+06
STDDEV,double,"AnalysisFlag::min, AnalysisFlag::max, AnalysisFlag::mean, AnalysisFlag::sparsity, AnalysisFlag::numDistinctApprox",4096,0.1,6.20004e+06
STDDEV,double,"AnalysisFlag::min, AnalysisFlag::max, AnalysisFlag::mean, AnalysisFlag::sparsity, AnalysisFlag::numDistinctApprox",4096,0.1,6.12606e+06
STDDEV,double,"AnalysisFlag::min, AnalysisFlag::max, AnalysisFlag::mean, AnalysisFlag::sparsity, AnalysisFlag::numDistinctApprox",4096,0.1,6.12835e+06
STDDEV,double,"AnalysisFlag::min, AnalysisFlag::max, AnalysisFlag::mean, AnalysisFlag::sparsity, AnalysisFlag::numDistinctApprox",4096,0.1,6.1517e+06
STDDEV,double,"AnalysisFlag::min, AnalysisFlag::max, AnalysisFlag::mean, AnalysisFlag::sparsity, AnalysisFlag::numDistinctApprox",4096,0.1,6.1317e+06
STDDEV,double,"AnalysisFlag::min, AnalysisFlag::max, AnalysisFlag::mean, AnalysisFlag::sparsity, AnalysisFlag::numDistinctApprox",4096,0.1,6.13363e+06
STDDEV,double,"AnalysisFlag::min, AnalysisFlag::max, AnalysisFlag::mean, AnalysisFlag::sparsity, AnalysisFlag::numDistinctApprox",4096,0.1,6.14406e+06
STDDEV,double,"AnalysisFlag::min, AnalysisFlag::max, AnalysisFlag::mean, AnalysisFlag::sparsity, AnalysisFlag::numDistinctApprox",4096,0.1,6.14363e+06
STDDEV,double,"AnalysisFlag::min, AnalysisFlag::max, AnalysisFlag::mean, AnalysisFlag::sparsity, AnalysisFlag::numDistinctApprox",4096,0.1,6.1322e+06
STDDEV,double,"AnalysisFlag::min, AnalysisFlag::max, AnalysisFlag::mean, AnalysisFlag::sparsity, AnalysisFlag::numDistinctApprox",4096,0.1,6.12299e+06
STDDEV,int64_t,"AnalysisFlag::min, AnalysisFlag::max, AnalysisFlag::mean, AnalysisFlag::sparsity, AnalysisFlag::numDistinctApprox",1024,0.1,342911
STDDEV,int64_t,"AnalysisFlag::min, AnalysisFlag::max, AnalysisFlag::mean, AnalysisFlag::sparsity, AnalysisFlag::numDistinctApprox",1024,0.1,338426
STDDEV,int64_t,"AnalysisFlag::min, AnalysisFlag::max, AnalysisFlag::mean, AnalysisFlag::sparsity, AnalysisFlag::numDistinctApprox",1024,0.1,337714
STDDEV,int64_t,"AnalysisFlag::min, AnalysisFlag::max, AnalysisFlag::mean, AnalysisFlag::sparsity, AnalysisFlag::numDistinctApprox",1024,0.1,338192
STDDEV,int64_t,"AnalysisFlag::min, AnalysisFlag::max, AnalysisFlag::mean, AnalysisFlag::sparsity, AnalysisFlag::numDistinctApprox",1024,0.1,340932
STDDEV,int64_t,"AnalysisFlag::min, AnalysisFlag::max, AnalysisFlag::mean, AnalysisFlag::sparsity, AnalysisFlag::numDistinctApprox",1024,0.1,338305
STDDEV,int64_t,"AnalysisFlag::min, AnalysisFlag::max, AnalysisFlag::mean, AnalysisFlag::sparsity, AnalysisFlag::numDistinctApprox",1024,0.1,340358
STDDEV,int64_t,"AnalysisFlag::min, AnalysisFlag::max, AnalysisFlag::mean, AnalysisFlag::sparsity, AnalysisFlag::numDistinctApprox",1024,0.1,337184
STDDEV,int64_t,"AnalysisFlag::min, AnalysisFlag::max, AnalysisFlag::mean, AnalysisFlag::sparsity, AnalysisFlag::numDistinctApprox",1024,0.1,333935
STDDEV,int64_t,"AnalysisFlag::min, AnalysisFlag::max, AnalysisFlag::mean, AnalysisFlag::sparsity, AnalysisFlag::numDistinctApprox",1024,0.1,338950
STDDEV,int64_t,"AnalysisFlag::min, AnalysisFlag::max, AnalysisFlag::mean, AnalysisFlag::sparsity, AnalysisFlag::numDistinctApprox",2048,0.1,1.23329e+06
STDDEV,int64_t,"AnalysisFlag::min, AnalysisFlag::max, AnalysisFlag::mean, AnalysisFlag::sparsity, AnalysisFlag::numDistinctApprox",2048,0.1,1.23876e+06
STDDEV,int64_t,"AnalysisFlag::min, AnalysisFlag::max, AnalysisFlag::mean, AnalysisFlag::sparsity, AnalysisFlag::numDistinctApprox",2048,0.1,1.23269e+06
STDDEV,int64_t,"AnalysisFlag::min, AnalysisFlag::max, AnalysisFlag::mean, AnalysisFlag::sparsity, AnalysisFlag::numDistinctApprox",2048,0.1,1.22962e+06
STDDEV,int64_t,"AnalysisFlag::min, AnalysisFlag::max, AnalysisFlag::mean, AnalysisFlag::sparsity, AnalysisFlag::numDistinctApprox",2048,0.1,1.23617e+06
STDDEV,int64_t,"AnalysisFlag::min, AnalysisFlag::max, AnalysisFlag::mean, AnalysisFlag::sparsity, AnalysisFlag::numDistinctApprox",2048,0.1,1.226e+06
STDDEV,int64_t,"AnalysisFlag::min, AnalysisFlag::max, AnalysisFlag::mean, AnalysisFlag::sparsity, AnalysisFlag::numDistinctApprox",2048,0.1,1.22711e+06
STDDEV,int64_t,"AnalysisFlag::min, AnalysisFlag::max, AnalysisFlag::mean, AnalysisFlag::sparsity, AnalysisFlag::numDistinctApprox",2048,0.1,1.22809e+06
STDDEV,int64_t,"AnalysisFlag::min, AnalysisFlag::max, AnalysisFlag::mean, AnalysisFlag::sparsity, AnalysisFlag::numDistinctApprox",2048,0.1,1.23372e+06
STDDEV,int64_t,"AnalysisFlag::min, AnalysisFlag::max, AnalysisFlag::mean, AnalysisFlag::sparsity, AnalysisFlag::numDistinctApprox",2048,0.1,1.23468e+06
STDDEV,int64_t,"AnalysisFlag::min, AnalysisFlag::max, AnalysisFlag::mean, AnalysisFlag::sparsity, AnalysisFlag::numDistinctApprox",4096,0.1,5.4936e+06
STDDEV,int64_t,"AnalysisFlag::min, AnalysisFlag::max, AnalysisFlag::mean, AnalysisFlag::sparsity, AnalysisFlag::numDistinctApprox",4096,0.1,5.50751e+06
STDDEV,int64_t,"AnalysisFlag::min, AnalysisFlag::max, AnalysisFlag::mean, AnalysisFlag::sparsity, AnalysisFlag::numDistinctApprox",4096,0.1,5.53086e+06
STDDEV,int64_t,"AnalysisFlag::min, AnalysisFlag::max, AnalysisFlag::mean, AnalysisFlag::sparsity, AnalysisFlag::numDistinctApprox",4096,0.1,5.47367e+06
STDDEV,int64_t,"AnalysisFlag::min, AnalysisFlag::max, AnalysisFlag::mean, AnalysisFlag::sparsity, AnalysisFlag::numDistinctApprox",4096,0.1,5.45199e+06
STDDEV,int64_t,"AnalysisFlag::min, AnalysisFlag::max, AnalysisFlag::mean, AnalysisFlag::sparsity, AnalysisFlag::numDistinctApprox",4096,0.1,5.49248e+06
STDDEV,int64_t,"AnalysisFlag::min, AnalysisFlag::max, AnalysisFlag::mean, AnalysisFlag::sparsity, AnalysisFlag::numDistinctApprox",4096,0.1,5.51142e+06
STDDEV,int64_t,"AnalysisFlag::min, AnalysisFlag::max, AnalysisFlag::mean, AnalysisFlag::sparsity, AnalysisFlag::numDistinctApprox",4096,0.1,5.51748e+06
STDDEV,int64_t,"AnalysisFlag::min, AnalysisFlag::max, AnalysisFlag::mean, AnalysisFlag::sparsity, AnalysisFlag::numDistinctApprox",4096,0.1,5.46824e+06
STDDEV,int64_t,"AnalysisFlag::min, AnalysisFlag::max, AnalysisFlag::mean, AnalysisFlag::sparsity, AnalysisFlag::numDistinctApprox",4096,0.1,5.47619e+06
STDDEV,double,"AnalysisFlag::min, AnalysisFlag::max, AnalysisFlag::mean, AnalysisFlag::sparsity, AnalysisFlag::numDistinctApprox",1024,0.2,646485
STDDEV,double,"AnalysisFlag::min, AnalysisFlag::max, AnalysisFlag::mean, AnalysisFlag::sparsity, AnalysisFlag::numDistinctApprox",1024,0.2,650257
STDDEV,double,"AnalysisFlag::min, AnalysisFlag::max, AnalysisFlag::mean, AnalysisFlag::sparsity, AnalysisFlag::numDistinctApprox",1024,0.2,654573
STDDEV,double,"AnalysisFlag::min, AnalysisFlag::max, AnalysisFlag::mean, AnalysisFlag::sparsity, AnalysisFlag::numDistinctApprox",1024,0.2,655450
STDDEV,double,"AnalysisFlag::min, AnalysisFlag::max, AnalysisFlag::mean, AnalysisFlag::sparsity, AnalysisFlag::numDistinctApprox",1024,0.2,653544
STDDEV,double,"AnalysisFlag::min, AnalysisFlag::max, AnalysisFlag::mean, AnalysisFlag::sparsity, AnalysisFlag::numDistinctApprox",1024,0.2,613478
STDDEV,double,"AnalysisFlag::min, AnalysisFlag::max, AnalysisFlag::mean, AnalysisFlag::sparsity, AnalysisFlag::numDistinctApprox",1024,0.2,653197
STDDEV,double,"AnalysisFlag::min, AnalysisFlag::max, AnalysisFlag::mean, AnalysisFlag::sparsity, AnalysisFlag::numDistinctApprox",1024,0.2,655229
STDDEV,double,"AnalysisFlag::min, AnalysisFlag::max, AnalysisFlag::mean, AnalysisFlag::sparsity, AnalysisFlag::numDistinctApprox",1024,0.2,627568
STDDEV,double,"AnalysisFlag::min, AnalysisFlag::max, AnalysisFlag::mean, AnalysisFlag::sparsity, AnalysisFlag::numDistinctApprox",1024,0.2,627213
STDDEV,double,"AnalysisFlag::min, AnalysisFlag::max, AnalysisFlag::mean, AnalysisFlag::sparsity, AnalysisFlag::numDistinctApprox",2048,0.2,2.40714e+06
STDDEV,double,"AnalysisFlag::min, AnalysisFlag::max, AnalysisFlag::mean, AnalysisFlag::sparsity, AnalysisFlag::numDistinctApprox",2048,0.2,2.38016e+06
STDDEV,double,"AnalysisFlag::min, AnalysisFlag::max, AnalysisFlag::mean, AnalysisFlag::sparsity, AnalysisFlag::numDistinctApprox",2048,0.2,2.41979e+06
STDDEV,double,"AnalysisFlag::min, AnalysisFlag::max, AnalysisFlag::mean, AnalysisFlag::sparsity, AnalysisFlag::numDistinctApprox",2048,0.2,2.43122e+06
STDDEV,double,"AnalysisFlag::min, AnalysisFlag::max, AnalysisFlag::mean, AnalysisFlag::sparsity, AnalysisFlag::numDistinctApprox",2048,0.2,2.3823e+06
STDDEV,double,"AnalysisFlag::min, AnalysisFlag::max, AnalysisFlag::mean, AnalysisFlag::sparsity, AnalysisFlag::numDistinctApprox",2048,0.2,2.42701e+06
STDDEV,double,"AnalysisFlag::min, AnalysisFlag::max, AnalysisFlag::mean, AnalysisFlag::sparsity, AnalysisFlag::numDistinctApprox",2048,0.2,2.41793e+06
STDDEV,double,"AnalysisFlag::min, AnalysisFlag::max, AnalysisFlag::mean, AnalysisFlag::sparsity, AnalysisFlag::numDistinctApprox",2048,0.2,2.4148e+06
STDDEV,double,"AnalysisFlag::min, AnalysisFlag::max, AnalysisFlag::mean, AnalysisFlag::sparsity, AnalysisFlag::numDistinctApprox",2048,0.2,2.44057e+06
STDDEV,double,"AnalysisFlag::min, AnalysisFlag::max, AnalysisFlag::mean, AnalysisFlag::sparsity, AnalysisFlag::numDistinctApprox",2048,0.2,2.41775e+06
STDDEV,double,"AnalysisFlag::min, AnalysisFlag::max, AnalysisFlag::mean, AnalysisFlag::sparsity, AnalysisFlag::numDistinctApprox",4096,0.2,1.15416e+07
STDDEV,double,"AnalysisFlag::min, AnalysisFlag::max, AnalysisFlag::mean, AnalysisFlag::sparsity, AnalysisFlag::numDistinctApprox",4096,0.2,1.14883e+07
STDDEV,double,"AnalysisFlag::min, AnalysisFlag::max, AnalysisFlag::mean, AnalysisFlag::sparsity, AnalysisFlag::numDistinctApprox",4096,0.2,1.14299e+07
STDDEV,double,"AnalysisFlag::min, AnalysisFlag::max, AnalysisFlag::mean, AnalysisFlag::sparsity, AnalysisFlag::numDistinctApprox",4096,0.2,1.14459e+07
STDDEV,double,"AnalysisFlag::min, AnalysisFlag::max, AnalysisFlag::mean, AnalysisFlag::sparsity, AnalysisFlag::numDistinctApprox",4096,0.2,1.1441e+07
STDDEV,double,"AnalysisFlag::min, AnalysisFlag::max, AnalysisFlag::mean, AnalysisFlag::sparsity, AnalysisFlag::numDistinctApprox",4096,0.2,1.1432e+07
STDDEV,double,"AnalysisFlag::min, AnalysisFlag::max, AnalysisFlag::mean, AnalysisFlag::sparsity, AnalysisFlag::numDistinctApprox",4096,0.2,1.14412e+07
STDDEV,double,"AnalysisFlag::min, AnalysisFlag::max, AnalysisFlag::mean, AnalysisFlag::sparsity, AnalysisFlag::numDistinctApprox",4096,0.2,1.14805e+07
STDDEV,double,"AnalysisFlag::min, AnalysisFlag::max, AnalysisFlag::mean, AnalysisFlag::sparsity, AnalysisFlag::numDistinctApprox",4096,0.2,1.14475e+07
STDDEV,double,"AnalysisFlag::min, AnalysisFlag::max, AnalysisFlag::mean, AnalysisFlag::sparsity, AnalysisFlag::numDistinctApprox",4096,0.2,1.1455e+07
STDDEV,int64_t,"AnalysisFlag::min, AnalysisFlag::max, AnalysisFlag::mean, AnalysisFlag::sparsity, AnalysisFlag::numDistinctApprox",1024,0.2,605965
STDDEV,int64_t,"AnalysisFlag::min, AnalysisFlag::max, AnalysisFlag::mean, AnalysisFlag::sparsity, AnalysisFlag::numDistinctApprox",1024,0.2,598617
STDDEV,int64_t,"AnalysisFlag::min, AnalysisFlag::max, AnalysisFlag::mean, AnalysisFlag::sparsity, AnalysisFlag::numDistinctApprox",1024,0.2,592426
STDDEV,int64_t,"AnalysisFlag::min, AnalysisFlag::max, AnalysisFlag::mean, AnalysisFlag::sparsity, AnalysisFlag::numDistinctApprox",1024,0.2,591288
STDDEV,int64_t,"AnalysisFlag::min, AnalysisFlag::max, AnalysisFlag::mean, AnalysisFlag::sparsity, AnalysisFlag::numDistinctApprox",1024,0.2,594052
STDDEV,int64_t,"AnalysisFlag::min, AnalysisFlag::max, AnalysisFlag::mean, AnalysisFlag::sparsity, AnalysisFlag::numDistinctApprox",1024,0.2,590874
STDDEV,int64_t,"AnalysisFlag::min, AnalysisFlag::max, AnalysisFlag::mean, AnalysisFlag::sparsity, AnalysisFlag::numDistinctApprox",1024,0.2,597918
STDDEV,int64_t,"AnalysisFlag::min, AnalysisFlag::max, AnalysisFlag::mean, AnalysisFlag::sparsity, AnalysisFlag::numDistinctApprox",1024,0.2,595722
STDDEV,int64_t,"AnalysisFlag::min, AnalysisFlag::max, AnalysisFlag::mean, AnalysisFlag::sparsity, AnalysisFlag::numDistinctApprox",1024,0.2,593931
STDDEV,int64_t,"AnalysisFlag::min, AnalysisFlag::max, AnalysisFlag::mean, AnalysisFlag::sparsity, AnalysisFlag::numDistinctApprox",1024,0.2,597213
STDDEV,int64_t,"AnalysisFlag::min, AnalysisFlag::max, AnalysisFlag::mean, AnalysisFlag::sparsity, AnalysisFlag::numDistinctApprox",2048,0.2,2.20946e+06
STDDEV,int64_t,"AnalysisFlag::min, AnalysisFlag::max, AnalysisFlag::mean, AnalysisFlag::sparsity, AnalysisFlag::numDistinctApprox",2048,0.2,2.17956e+06
STDDEV,int64_t,"AnalysisFlag::min, AnalysisFlag::max, AnalysisFlag::mean, AnalysisFlag::sparsity, AnalysisFlag::numDistinctApprox",2048,0.2,2.18088e+06
STDDEV,int64_t,"AnalysisFlag::min, AnalysisFlag::max, AnalysisFlag::mean, AnalysisFlag::sparsity, AnalysisFlag::numDistinctApprox",2048,0.2,2.17883e+06
STDDEV,int64_t,"AnalysisFlag::min, AnalysisFlag::max, AnalysisFlag::mean, AnalysisFlag::sparsity, AnalysisFlag::numDistinctApprox",2048,0.2,2.17932e+06
STDDEV,int64_t,"AnalysisFlag::min, AnalysisFlag::max, AnalysisFlag::mean, AnalysisFlag::sparsity, AnalysisFlag::numDistinctApprox",2048,0.2,2.1767e+06
STDDEV,int64_t,"AnalysisFlag::min, AnalysisFlag::max, AnalysisFlag::mean, AnalysisFlag::sparsity, AnalysisFlag::numDistinctApprox",2048,0.2,2.18104e+06
STDDEV,int64_t,"AnalysisFlag::min, AnalysisFlag::max, AnalysisFlag::mean, AnalysisFlag::sparsity, AnalysisFlag::numDistinctApprox",2048,0.2,2.17766e+06
STDDEV,int64_t,"AnalysisFlag::min, AnalysisFlag::max, AnalysisFlag::mean, AnalysisFlag::sparsity, AnalysisFlag::numDistinctApprox",2048,0.2,2.17324e+06
STDDEV,int64_t,"AnalysisFlag::min, AnalysisFlag::max, AnalysisFlag::mean, AnalysisFlag::sparsity, AnalysisFlag::numDistinctApprox",2048,0.2,2.18389e+06
STDDEV,int64_t,"AnalysisFlag::min, AnalysisFlag::max, AnalysisFlag::mean, AnalysisFlag::sparsity, AnalysisFlag::numDistinctApprox",4096,0.2,9.98836e+06
STDDEV,int64_t,"AnalysisFlag::min, AnalysisFlag::max, AnalysisFlag::mean, AnalysisFlag::sparsity, AnalysisFlag::numDistinctApprox",4096,0.2,1.00251e+07
STDDEV,int64_t,"AnalysisFlag::min, AnalysisFlag::max, AnalysisFlag::mean, AnalysisFlag::sparsity, AnalysisFlag::numDistinctApprox",4096,0.2,1.00084e+07
STDDEV,int64_t,"AnalysisFlag::min, AnalysisFlag::max, AnalysisFlag::mean, AnalysisFlag::sparsity, AnalysisFlag::numDistinctApprox",4096,0.2,1.00053e+07
STDDEV,int64_t,"AnalysisFlag::min, AnalysisFlag::max, AnalysisFlag::mean, AnalysisFlag::sparsity, AnalysisFlag::numDistinctApprox",4096,0.2,9.9967e+06
STDDEV,int64_t,"AnalysisFlag::min, AnalysisFlag::max, AnalysisFlag::mean, AnalysisFlag::sparsity, AnalysisFlag::numDistinctApprox",4096,0.2,9.97949e+06
STDDEV,int64_t,"AnalysisFlag::min, AnalysisFlag::max, AnalysisFlag::mean, AnalysisFlag::sparsity, AnalysisFlag::numDistinctApprox",4096,0.2,1.00004e+07
STDDEV,int64_t,"AnalysisFlag::min, AnalysisFlag::max, AnalysisFlag::mean, AnalysisFlag::sparsity, AnalysisFlag::numDistinctApprox",4096,0.2,9.98248e+06
STDDEV,int64_t,"AnalysisFlag::min, AnalysisFlag::max, AnalysisFlag::mean, AnalysisFlag::sparsity, AnalysisFlag::numDistinctApprox",4096,0.2,1.00035e+07
STDDEV,int64_t,"AnalysisFlag::min, AnalysisFlag::max, AnalysisFlag::mean, AnalysisFlag::sparsity, AnalysisFlag::numDistinctApprox",4096,0.2,9.99659e+06
STDDEV,double,"AnalysisFlag::min, AnalysisFlag::max, AnalysisFlag::mean, AnalysisFlag::sparsity, AnalysisFlag::numDistinctApprox",1024,0.25,1.74538e+06
STDDEV,double,"AnalysisFlag::min, AnalysisFlag::max, AnalysisFlag::mean, AnalysisFlag::sparsity, AnalysisFlag::numDistinctApprox",1024,0.25,1.71335e+06
STDDEV,double,"AnalysisFlag::min, AnalysisFlag::max, AnalysisFlag::mean, AnalysisFlag::sparsity, AnalysisFlag::numDistinctApprox",1024,0.25,1.72842e+06
STDDEV,double,"AnalysisFlag::min, AnalysisFlag::max, AnalysisFlag::mean, AnalysisFlag::sparsity, AnalysisFlag::numDistinctApprox",1024,0.25,1.72719e+06
STDDEV,double,"AnalysisFlag::min, AnalysisFlag::max, AnalysisFlag::mean, AnalysisFlag::sparsity, AnalysisFlag::numDistinctApprox",1024,0.25,1.72888e+06
STDDEV,double,"AnalysisFlag::min, AnalysisFlag::max, AnalysisFlag::mean, AnalysisFlag::sparsity, AnalysisFlag::numDistinctApprox",1024,0.25,1.72316e+06
STDDEV,double,"AnalysisFlag::min, AnalysisFlag::max, AnalysisFlag::mean, AnalysisFlag::sparsity, AnalysisFlag::numDistinctApprox",1024,0.25,1.72149e+06
STDDEV,double,"AnalysisFlag::min, AnalysisFlag::max, AnalysisFlag::mean, AnalysisFlag::sparsity, AnalysisFlag::numDistinctApprox",1024,0.25,1.7214e+06
STDDEV,double,"AnalysisFlag::min, AnalysisFlag::max, AnalysisFlag::mean, AnalysisFlag::sparsity, AnalysisFlag::numDistinctApprox",1024,0.25,1.71164e+06
STDDEV,double,"AnalysisFlag::min, AnalysisFlag::max, AnalysisFlag::mean, AnalysisFlag::sparsity, AnalysisFlag::numDistinctApprox",1024,0.25,1.71351e+06
STDDEV,double,"AnalysisFlag::min, AnalysisFlag::max, AnalysisFlag::mean, AnalysisFlag::sparsity, AnalysisFlag::numDistinctApprox",2048,0.25,7.51253e+06
STDDEV,double,"AnalysisFlag::min, AnalysisFlag::max, AnalysisFlag::mean, AnalysisFlag::sparsity, AnalysisFlag::numDistinctApprox",2048,0.25,7.50689e+06
STDDEV,double,"AnalysisFlag::min, AnalysisFlag::max, AnalysisFlag::mean, AnalysisFlag::sparsity, AnalysisFlag::numDistinctApprox",2048,0.25,7.54576e+06
STDDEV,double,"AnalysisFlag::min, AnalysisFlag::max, AnalysisFlag::mean, AnalysisFlag::sparsity, AnalysisFlag::numDistinctApprox",2048,0.25,7.51905e+06
STDDEV,double,"AnalysisFlag::min, AnalysisFlag::max, AnalysisFlag::mean, AnalysisFlag::sparsity, AnalysisFlag::numDistinctApprox",2048,0.25,7.48537e+06
STDDEV,double,"AnalysisFlag::min, AnalysisFlag::max, AnalysisFlag::mean, AnalysisFlag::sparsity, AnalysisFlag::numDistinctApprox",2048,0.25,7.5233e+06
STDDEV,double,"AnalysisFlag::min, AnalysisFlag::max, AnalysisFlag::mean, AnalysisFlag::sparsity, AnalysisFlag::numDistinctApprox",2048,0.25,7.4879e+06
STDDEV,double,"AnalysisFlag::min, AnalysisFlag::max, AnalysisFlag::mean, AnalysisFlag::sparsity, AnalysisFlag::numDistinctApprox",2048,0.25,7.45627e+06
STDDEV,double,"AnalysisFlag::min, AnalysisFlag::max, AnalysisFlag::mean, AnalysisFlag::sparsity, AnalysisFlag::numDistinctApprox",2048,0.25,7.53088e+06
STDDEV,double,"AnalysisFlag::min, AnalysisFlag::max, AnalysisFlag::mean, AnalysisFlag::sparsity, AnalysisFlag::numDistinctApprox",2048,0.25,7.49296e+06
STDDEV,double,"AnalysisFlag::min, AnalysisFlag::max, AnalysisFlag::mean, AnalysisFlag::sparsity, AnalysisFlag::numDistinctApprox",4096,0.25,3.12421e+07
STDDEV,double,"AnalysisFlag::min, AnalysisFlag::max, AnalysisFlag::mean, AnalysisFlag::sparsity, AnalysisFlag::numDistinctApprox",4096,0.25,3.1279e+07
STDDEV,double,"AnalysisFlag::min, AnalysisFlag::max, AnalysisFlag::mean, AnalysisFlag::sparsity, AnalysisFlag::numDistinctApprox",4096,0.25,3.1237e+07
STDDEV,double,"AnalysisFlag::min, AnalysisFlag::max, AnalysisFlag::mean, AnalysisFlag::sparsity, AnalysisFlag::numDistinctApprox",4096,0.25,3.12633e+07
STDDEV,double,"AnalysisFlag::min, AnalysisFlag::max, AnalysisFlag::mean, AnalysisFlag::sparsity, AnalysisFlag::numDistinctApprox",4096,0.25,3.12753e+07
STDDEV,double,"AnalysisFlag::min, AnalysisFlag::max, AnalysisFlag::mean, AnalysisFlag::sparsity, AnalysisFlag::numDistinctApprox",4096,0.25,3.12844e+07
STDDEV,double,"AnalysisFlag::min, AnalysisFlag::max, AnalysisFlag::mean, AnalysisFlag::sparsity, AnalysisFlag::numDistinctApprox",4096,0.25,3.12861e+07
STDDEV,double,"AnalysisFlag::min, AnalysisFlag::max, AnalysisFlag::mean, AnalysisFlag::sparsity, AnalysisFlag::numDistinctApprox",4096,0.25,3.13342e+07
STDDEV,double,"AnalysisFlag::min, AnalysisFlag::max, AnalysisFlag::mean, AnalysisFlag::sparsity, AnalysisFlag::numDistinctApprox",4096,0.25,3.12727e+07
STDDEV,double,"AnalysisFlag::min, AnalysisFlag::max, AnalysisFlag::mean, AnalysisFlag::sparsity, AnalysisFlag::numDistinctApprox",4096,0.25,3.12822e+07
STDDEV,int64_t,"AnalysisFlag::min, AnalysisFlag::max, AnalysisFlag::mean, AnalysisFlag::sparsity, AnalysisFlag::numDistinctApprox",1024,0.25,1.82695e+06
STDDEV,int64_t,"AnalysisFlag::min, AnalysisFlag::max, AnalysisFlag::mean, AnalysisFlag::sparsity, AnalysisFlag::numDistinctApprox",1024,0.25,1.82271e+06
STDDEV,int64_t,"AnalysisFlag::min, AnalysisFlag::max, AnalysisFlag::mean, AnalysisFlag::sparsity, AnalysisFlag::numDistinctApprox",1024,0.25,1.82672e+06
STDDEV,int64_t,"AnalysisFlag::min, AnalysisFlag::max, AnalysisFlag::mean, AnalysisFlag::sparsity, AnalysisFlag::numDistinctApprox",1024,0.25,1.82433e+06
STDDEV,int64_t,"AnalysisFlag::min, AnalysisFlag::max, AnalysisFlag::mean, AnalysisFlag::sparsity, AnalysisFlag::numDistinctApprox",1024,0.25,1.82169e+06
STDDEV,int64_t,"AnalysisFlag::min, AnalysisFlag::max, AnalysisFlag::mean, AnalysisFlag::sparsity, AnalysisFlag::numDistinctApprox",1024,0.25,1.82365e+06
STDDEV,int64_t,"AnalysisFlag::min, AnalysisFlag::max, AnalysisFlag::mean, AnalysisFlag::sparsity, AnalysisFlag::numDistinctApprox",1024,0.25,1.82373e+06
STDDEV,int64_t,"AnalysisFlag::min, AnalysisFlag::max, AnalysisFlag::mean, AnalysisFlag::sparsity, AnalysisFlag::numDistinctApprox",1024,0.25,1.82459e+06
STDDEV,int64_t,"AnalysisFlag::min, AnalysisFlag::max, AnalysisFlag::mean, AnalysisFlag::sparsity, AnalysisFlag::numDistinctApprox",1024,0.25,1.80039e+06
STDDEV,int64_t,"AnalysisFlag::min, AnalysisFlag::max, AnalysisFlag::mean, AnalysisFlag::sparsity, AnalysisFlag::numDistinctApprox",1024,0.25,1.8209e+06
STDDEV,int64_t,"AnalysisFlag::min, AnalysisFlag::max, AnalysisFlag::mean, AnalysisFlag::sparsity, AnalysisFlag::numDistinctApprox",2048,0.25,7.76191e+06
STDDEV,int64_t,"AnalysisFlag::min, AnalysisFlag::max, AnalysisFlag::mean, AnalysisFlag::sparsity, AnalysisFlag::numDistinctApprox",2048,0.25,7.73464e+06
STDDEV,int64_t,"AnalysisFlag::min, AnalysisFlag::max, AnalysisFlag::mean, AnalysisFlag::sparsity, AnalysisFlag::numDistinctApprox",2048,0.25,7.72625e+06
STDDEV,int64_t,"AnalysisFlag::min, AnalysisFlag::max, AnalysisFlag::mean, AnalysisFlag::sparsity, AnalysisFlag::numDistinctApprox",2048,0.25,7.72409e+06
STDDEV,int64_t,"AnalysisFlag::min, AnalysisFlag::max, AnalysisFlag::mean, AnalysisFlag::sparsity, AnalysisFlag::numDistinctApprox",2048,0.25,7.69037e+06
STDDEV,int64_t,"AnalysisFlag::min, AnalysisFlag::max, AnalysisFlag::mean, AnalysisFlag::sparsity, AnalysisFlag::numDistinctApprox",2048,0.25,7.73854e+06
STDDEV,int64_t,"AnalysisFlag::min, AnalysisFlag::max, AnalysisFlag::mean, AnalysisFlag::sparsity, AnalysisFlag::numDistinctApprox",2048,0.25,7.72957e+06
STDDEV,int64_t,"AnalysisFlag::min, AnalysisFlag::max, AnalysisFlag::mean, AnalysisFlag::sparsity, AnalysisFlag::numDistinctApprox",2048,0.25,7.73781e+06
STDDEV,int64_t,"AnalysisFlag::min, AnalysisFlag::max, AnalysisFlag::mean, AnalysisFlag::sparsity, AnalysisFlag::numDistinctApprox",2048,0.25,7.74639e+06
STDDEV,int64_t,"AnalysisFlag::min, AnalysisFlag::max, AnalysisFlag::mean, AnalysisFlag::sparsity, AnalysisFlag::numDistinctApprox",2048,0.25,7.71476e+06
STDDEV,int64_t,"AnalysisFlag::min, AnalysisFlag::max, AnalysisFlag::mean, AnalysisFlag::sparsity, AnalysisFlag::numDistinctApprox",4096,0.25,3.1249e+07
STDDEV,int64_t,"AnalysisFlag::min, AnalysisFlag::max, AnalysisFlag::mean, AnalysisFlag::sparsity, AnalysisFlag::numDistinctApprox",4096,0.25,3.12361e+07
STDDEV,int64_t,"AnalysisFlag::min, AnalysisFlag::max, AnalysisFlag::mean, AnalysisFlag::sparsity, AnalysisFlag::numDistinctApprox",4096,0.25,3.12932e+07
STDDEV,int64_t,"AnalysisFlag::min, AnalysisFlag::max, AnalysisFlag::mean, AnalysisFlag::sparsity, AnalysisFlag::numDistinctApprox",4096,0.25,3.0951e+07
STDDEV,int64_t,"AnalysisFlag::min, AnalysisFlag::max, AnalysisFlag::mean, AnalysisFlag::sparsity, AnalysisFlag::numDistinctApprox",4096,0.25,2.82128e+07
STDDEV,int64_t,"AnalysisFlag::min, AnalysisFlag::max, AnalysisFlag::mean, AnalysisFlag::sparsity, AnalysisFlag::numDistinctApprox",4096,0.25,2.86203e+07
STDDEV,int64_t,"AnalysisFlag::min, AnalysisFlag::max, AnalysisFlag::mean, AnalysisFlag::sparsity, AnalysisFlag::numDistinctApprox",4096,0.25,2.94692e+07
STDDEV,int64_t,"AnalysisFlag::min, AnalysisFlag::max, AnalysisFlag::mean, AnalysisFlag::sparsity, AnalysisFlag::numDistinctApprox",4096,0.25,3.1247e+07
STDDEV,int64_t,"AnalysisFlag::min, AnalysisFlag::max, AnalysisFlag::mean, AnalysisFlag::sparsity, AnalysisFlag::numDistinctApprox",4096,0.25,2.89347e+07
STDDEV,int64_t,"AnalysisFlag::min, AnalysisFlag::max, AnalysisFlag::mean, AnalysisFlag::sparsity, AnalysisFlag::numDistinctApprox",4096,0.25,2.86992e+07
STDDEV,double,"AnalysisFlag::min, AnalysisFlag::max, AnalysisFlag::mean, AnalysisFlag::sparsity, AnalysisFlag::numDistinctApprox",1024,1,2.00652e+06
STDDEV,double,"AnalysisFlag::min, AnalysisFlag::max, AnalysisFlag::mean, AnalysisFlag::sparsity, AnalysisFlag::numDistinctApprox",1024,1,1.72832e+06
STDDEV,double,"AnalysisFlag::min, AnalysisFlag::max, AnalysisFlag::mean, AnalysisFlag::sparsity, AnalysisFlag::numDistinctApprox",1024,1,1.72127e+06
STDDEV,double,"AnalysisFlag::min, AnalysisFlag::max, AnalysisFlag::mean, AnalysisFlag::sparsity, AnalysisFlag::numDistinctApprox",1024,1,1.72616e+06
STDDEV,double,"AnalysisFlag::min, AnalysisFlag::max, AnalysisFlag::mean, AnalysisFlag::sparsity, AnalysisFlag::numDistinctApprox",1024,1,1.71417e+06
STDDEV,double,"AnalysisFlag::min, AnalysisFlag::max, AnalysisFlag::mean, AnalysisFlag::sparsity, AnalysisFlag::numDistinctApprox",1024,1,1.71255e+06
STDDEV,double,"AnalysisFlag::min, AnalysisFlag::max, AnalysisFlag::mean, AnalysisFlag::sparsity, AnalysisFlag::numDistinctApprox",1024,1,1.72943e+06
STDDEV,double,"AnalysisFlag::min, AnalysisFlag::max, AnalysisFlag::mean, AnalysisFlag::sparsity, AnalysisFlag::numDistinctApprox",1024,1,1.73644e+06
STDDEV,double,"AnalysisFlag::min, AnalysisFlag::max, AnalysisFlag::mean, AnalysisFlag::sparsity, AnalysisFlag::numDistinctApprox",1024,1,1.72181e+06
STDDEV,double,"AnalysisFlag::min, AnalysisFlag::max, AnalysisFlag::mean, AnalysisFlag::sparsity, AnalysisFlag::numDistinctApprox",1024,1,1.71619e+06
STDDEV,double,"AnalysisFlag::min, AnalysisFlag::max, AnalysisFlag::mean, AnalysisFlag::sparsity, AnalysisFlag::numDistinctApprox",2048,1,7.6618e+06
STDDEV,double,"AnalysisFlag::min, AnalysisFlag::max, AnalysisFlag::mean, AnalysisFlag::sparsity, AnalysisFlag::numDistinctApprox",2048,1,7.55276e+06
STDDEV,double,"AnalysisFlag::min, AnalysisFlag::max, AnalysisFlag::mean, AnalysisFlag::sparsity, AnalysisFlag::numDistinctApprox",2048,1,7.56014e+06
STDDEV,double,"AnalysisFlag::min, AnalysisFlag::max, AnalysisFlag::mean, AnalysisFlag::sparsity, AnalysisFlag::numDistinctApprox",2048,1,7.56478e+06
STDDEV,double,"AnalysisFlag::min, AnalysisFlag::max, AnalysisFlag::mean, AnalysisFlag::sparsity, AnalysisFlag::numDistinctApprox",2048,1,7.53964e+06
STDDEV,double,"AnalysisFlag::min, AnalysisFlag::max, AnalysisFlag::mean, AnalysisFlag::sparsity, AnalysisFlag::numDistinctApprox",2048,1,7.55894e+06
STDDEV,double,"AnalysisFlag::min, AnalysisFlag::max, AnalysisFlag::mean, AnalysisFlag::sparsity, AnalysisFlag::numDistinctApprox",2048,1,7.53037e+06
STDDEV,double,"AnalysisFlag::min, AnalysisFlag::max, AnalysisFlag::mean, AnalysisFlag::sparsity, AnalysisFlag::numDistinctApprox",2048,1,7.52004e+06
STDDEV,double,"AnalysisFlag::min, AnalysisFlag::max, AnalysisFlag::mean, AnalysisFlag::sparsity, AnalysisFlag::numDistinctApprox",2048,1,7.52545e+06
STDDEV,double,"AnalysisFlag::min, AnalysisFlag::max, AnalysisFlag::mean, AnalysisFlag::sparsity, AnalysisFlag::numDistinctApprox",2048,1,7.52872e+06
STDDEV,double,"AnalysisFlag::min, AnalysisFlag::max, AnalysisFlag::mean, AnalysisFlag::sparsity, AnalysisFlag::numDistinctApprox",4096,1,3.13751e+07
STDDEV,double,"AnalysisFlag::min, AnalysisFlag::max, AnalysisFlag::mean, AnalysisFlag::sparsity, AnalysisFlag::numDistinctApprox",4096,1,3.12576e+07
STDDEV,double,"AnalysisFlag::min, AnalysisFlag::max, AnalysisFlag::mean, AnalysisFlag::sparsity, AnalysisFlag::numDistinctApprox",4096,1,3.12948e+07
STDDEV,double,"AnalysisFlag::min, AnalysisFlag::max, AnalysisFlag::mean, AnalysisFlag::sparsity, AnalysisFlag::numDistinctApprox",4096,1,3.1251e+07
STDDEV,double,"AnalysisFlag::min, AnalysisFlag::max, AnalysisFlag::mean, AnalysisFlag::sparsity, AnalysisFlag::numDistinctApprox",4096,1,3.13964e+07
STDDEV,double,"AnalysisFlag::min, AnalysisFlag::max, AnalysisFlag::mean, AnalysisFlag::sparsity, AnalysisFlag::numDistinctApprox",4096,1,3.12457e+07
STDDEV,double,"AnalysisFlag::min, AnalysisFlag::max, AnalysisFlag::mean, AnalysisFlag::sparsity, AnalysisFlag::numDistinctApprox",4096,1,3.12239e+07
STDDEV,double,"AnalysisFlag::min, AnalysisFlag::max, AnalysisFlag::mean, AnalysisFlag::sparsity, AnalysisFlag::numDistinctApprox",4096,1,3.12306e+07
STDDEV,double,"AnalysisFlag::min, AnalysisFlag::max, AnalysisFlag::mean, AnalysisFlag::sparsity, AnalysisFlag::numDistinctApprox",4096,1,3.12638e+07
STDDEV,double,"AnalysisFlag::min, AnalysisFlag::max, AnalysisFlag::mean, AnalysisFlag::sparsity, AnalysisFlag::numDistinctApprox",4096,1,3.12627e+07
STDDEV,int64_t,"AnalysisFlag::min, AnalysisFlag::max, AnalysisFlag::mean, AnalysisFlag::sparsity, AnalysisFlag::numDistinctApprox",1024,1,1.88081e+06
STDDEV,int64_t,"AnalysisFlag::min, AnalysisFlag::max, AnalysisFlag::mean, AnalysisFlag::sparsity, AnalysisFlag::numDistinctApprox",1024,1,1.73899e+06
STDDEV,int64_t,"AnalysisFlag::min, AnalysisFlag::max, AnalysisFlag::mean, AnalysisFlag::sparsity, AnalysisFlag::numDistinctApprox",1024,1,1.71371e+06
STDDEV,int64_t,"AnalysisFlag::min, AnalysisFlag::max, AnalysisFlag::mean, AnalysisFlag::sparsity, AnalysisFlag::numDistinctApprox",1024,1,1.70934e+06
STDDEV,int64_t,"AnalysisFlag::min, AnalysisFlag::max, AnalysisFlag::mean, AnalysisFlag::sparsity, AnalysisFlag::numDistinctApprox",1024,1,1.71617e+06
STDDEV,int64_t,"AnalysisFlag::min, AnalysisFlag::max, AnalysisFlag::mean, AnalysisFlag::sparsity, AnalysisFlag::numDistinctApprox",1024,1,1.70715e+06
STDDEV,int64_t,"AnalysisFlag::min, AnalysisFlag::max, AnalysisFlag::mean, AnalysisFlag::sparsity, AnalysisFlag::numDistinctApprox",1024,1,1.70977e+06
STDDEV,int64_t,"AnalysisFlag::min, AnalysisFlag::max, AnalysisFlag::mean, AnalysisFlag::sparsity, AnalysisFlag::numDistinctApprox",1024,1,1.71061e+06
STDDEV,int64_t,"AnalysisFlag::min, AnalysisFlag::max, AnalysisFlag::mean, AnalysisFlag::sparsity, AnalysisFlag::numDistinctApprox",1024,1,1.71371e+06
STDDEV,int64_t,"AnalysisFlag::min, AnalysisFlag::max, AnalysisFlag::mean, AnalysisFlag::sparsity, AnalysisFlag::numDistinctApprox",1024,1,1.71267e+06
STDDEV,int64_t,"AnalysisFlag::min, AnalysisFlag::max, AnalysisFlag::mean, AnalysisFlag::sparsity, AnalysisFlag::numDistinctApprox",2048,1,7.08202e+06
STDDEV,int64_t,"AnalysisFlag::min, AnalysisFlag::max, AnalysisFlag::mean, AnalysisFlag::sparsity, AnalysisFlag::numDistinctApprox",2048,1,6.97244e+06
STDDEV,int64_t,"AnalysisFlag::min, AnalysisFlag::max, AnalysisFlag::mean, AnalysisFlag::sparsity, AnalysisFlag::numDistinctApprox",2048,1,6.97435e+06
STDDEV,int64_t,"AnalysisFlag::min, AnalysisFlag::max, AnalysisFlag::mean, AnalysisFlag::sparsity, AnalysisFlag::numDistinctApprox",2048,1,6.97755e+06
STDDEV,int64_t,"AnalysisFlag::min, AnalysisFlag::max, AnalysisFlag::mean, AnalysisFlag::sparsity, AnalysisFlag::numDistinctApprox",2048,1,6.9713e+06
STDDEV,int64_t,"AnalysisFlag::min, AnalysisFlag::max, AnalysisFlag::mean, AnalysisFlag::sparsity, AnalysisFlag::numDistinctApprox",2048,1,6.9539e+06
STDDEV,int64_t,"AnalysisFlag::min, AnalysisFlag::max, AnalysisFlag::mean, AnalysisFlag::sparsity, AnalysisFlag::numDistinctApprox",2048,1,6.96821e+06
STDDEV,int64_t,"AnalysisFlag::min, AnalysisFlag::max, AnalysisFlag::mean, AnalysisFlag::sparsity, AnalysisFlag::numDistinctApprox",2048,1,6.9588e+06
STDDEV,int64_t,"AnalysisFlag::min, AnalysisFlag::max, AnalysisFlag::mean, AnalysisFlag::sparsity, AnalysisFlag::numDistinctApprox",2048,1,6.97624e+06
STDDEV,int64_t,"AnalysisFlag::min, AnalysisFlag::max, AnalysisFlag::mean, AnalysisFlag::sparsity, AnalysisFlag::numDistinctApprox",2048,1,7.71914e+06
STDDEV,int64_t,"AnalysisFlag::min, AnalysisFlag::max, AnalysisFlag::mean, AnalysisFlag::sparsity, AnalysisFlag::numDistinctApprox",4096,1,3.12786e+07
STDDEV,int64_t,"AnalysisFlag::min, AnalysisFlag::max, AnalysisFlag::mean, AnalysisFlag::sparsity, AnalysisFlag::numDistinctApprox",4096,1,3.125e+07
STDDEV,int64_t,"AnalysisFlag::min, AnalysisFlag::max, AnalysisFlag::mean, AnalysisFlag::sparsity, AnalysisFlag::numDistinctApprox",4096,1,3.1234e+07
STDDEV,int64_t,"AnalysisFlag::min, AnalysisFlag::max, AnalysisFlag::mean, AnalysisFlag::sparsity, AnalysisFlag::numDistinctApprox",4096,1,3.12257e+07
STDDEV,int64_t,"AnalysisFlag::min, AnalysisFlag::max, AnalysisFlag::mean, AnalysisFlag::sparsity, AnalysisFlag::numDistinctApprox",4096,1,3.12493e+07
STDDEV,int64_t,"AnalysisFlag::min, AnalysisFlag::max, AnalysisFlag::mean, AnalysisFlag::sparsity, AnalysisFlag::numDistinctApprox",4096,1,3.12194e+07
STDDEV,int64_t,"AnalysisFlag::min, AnalysisFlag::max, AnalysisFlag::mean, AnalysisFlag::sparsity, AnalysisFlag::numDistinctApprox",4096,1,3.12136e+07
STDDEV,int64_t,"AnalysisFlag::min, AnalysisFlag::max, AnalysisFlag::mean, AnalysisFlag::sparsity, AnalysisFlag::numDistinctApprox",4096,1,3.12607e+07
STDDEV,int64_t,"AnalysisFlag::min, AnalysisFlag::max, AnalysisFlag::mean, AnalysisFlag::sparsity, AnalysisFlag::numDistinctApprox",4096,1,3.12447e+07
STDDEV,int64_t,"AnalysisFlag::min, AnalysisFlag::max, AnalysisFlag::mean, AnalysisFlag::sparsity, AnalysisFlag::numDistinctApprox",4096,1,3.12204e+07
VAR,double,"AnalysisFlag::min, AnalysisFlag::max, AnalysisFlag::mean, AnalysisFlag::sparsity, AnalysisFlag::numDistinctApprox",1024,0.001,108100
VAR,double,"AnalysisFlag::min, AnalysisFlag::max, AnalysisFlag::mean, AnalysisFlag::sparsity, AnalysisFlag::numDistinctApprox",1024,0.001,97510
VAR,double,"AnalysisFlag::min, AnalysisFlag::max, AnalysisFlag::mean, AnalysisFlag::sparsity, AnalysisFlag::numDistinctApprox",1024,0.001,97081
VAR,double,"AnalysisFlag::min, AnalysisFlag::max, AnalysisFlag::mean, AnalysisFlag::sparsity, AnalysisFlag::numDistinctApprox",1024,0.001,96689
VAR,double,"AnalysisFlag::min, AnalysisFlag::max, AnalysisFlag::mean, AnalysisFlag::sparsity, AnalysisFlag::numDistinctApprox",1024,0.001,99911
VAR,double,"AnalysisFlag::min, AnalysisFlag::max, AnalysisFlag::mean, AnalysisFlag::sparsity, AnalysisFlag::numDistinctApprox",1024,0.001,94761
VAR,double,"AnalysisFlag::min, AnalysisFlag::max, AnalysisFlag::mean, AnalysisFlag::sparsity, AnalysisFlag::numDistinctApprox",1024,0.001,97845
VAR,double,"AnalysisFlag::min, AnalysisFlag::max, AnalysisFlag::mean, AnalysisFlag::sparsity, AnalysisFlag::numDistinctApprox",1024,0.001,95837
VAR,double,"AnalysisFlag::min, AnalysisFlag::max, AnalysisFlag::mean, AnalysisFlag::sparsity, AnalysisFlag::numDistinctApprox",1024,0.001,95405
VAR,double,"AnalysisFlag::min, AnalysisFlag::max, AnalysisFlag::mean, AnalysisFlag::sparsity, AnalysisFlag::numDistinctApprox",1024,0.001,96444
VAR,double,"AnalysisFlag::min, AnalysisFlag::max, AnalysisFlag::mean, AnalysisFlag::sparsity, AnalysisFlag::numDistinctApprox",2048,0.001,219699
VAR,double,"AnalysisFlag::min, AnalysisFlag::max, AnalysisFlag::mean, AnalysisFlag::sparsity, AnalysisFlag::numDistinctApprox",2048,0.001,218211
VAR,double,"AnalysisFlag::min, AnalysisFlag::max, AnalysisFlag::mean, AnalysisFlag::sparsity, AnalysisFlag::numDistinctApprox",2048,0.001,218749
VAR,double,"AnalysisFlag::min, AnalysisFlag::max, AnalysisFlag::mean, AnalysisFlag::sparsity, AnalysisFlag::numDistinctApprox",2048,0.001,215034
VAR,double,"AnalysisFlag::min, AnalysisFlag::max, AnalysisFlag::mean, AnalysisFlag::sparsity, AnalysisFlag::numDistinctApprox",2048,0.001,216541
VAR,double,"AnalysisFlag::min, AnalysisFlag::max, AnalysisFlag::mean, AnalysisFlag::sparsity, AnalysisFlag::numDistinctApprox",2048,0.001,215384
VAR,double,"AnalysisFlag::min, AnalysisFlag::max, AnalysisFlag::mean, AnalysisFlag::sparsity, AnalysisFlag::numDistinctApprox",2048,0.001,216863
VAR,double,"AnalysisFlag::min, AnalysisFlag::max, AnalysisFlag::mean, AnalysisFlag::sparsity, AnalysisFlag::numDistinctApprox",2048,0.001,220829
VAR,double,"AnalysisFlag::min, AnalysisFlag::max, AnalysisFlag::mean, AnalysisFlag::sparsity, AnalysisFlag::numDistinctApprox",2048,0.001,219698
VAR,double,"AnalysisFlag::min, AnalysisFlag::max, AnalysisFlag::mean, AnalysisFlag::sparsity, AnalysisFlag::numDistinctApprox",2048,0.001,222766
VAR,double,"AnalysisFlag::min, AnalysisFlag::max, AnalysisFlag::mean, AnalysisFlag::sparsity, AnalysisFlag::numDistinctApprox",4096,0.001,380375
VAR,double,"AnalysisFlag::min, AnalysisFlag::max, AnalysisFlag::mean, AnalysisFlag::sparsity, AnalysisFlag::numDistinctApprox",4096,0.001,373721
VAR,double,"AnalysisFlag::min, AnalysisFlag::max, AnalysisFlag::mean, AnalysisFlag::sparsity, AnalysisFlag::numDistinctApprox",4096,0.001,375804
VAR,double,"AnalysisFlag::min, AnalysisFlag::max, AnalysisFlag::mean, AnalysisFlag::sparsity, AnalysisFlag::numDistinctApprox",4096,0.001,366149
VAR,double,"AnalysisFlag::min, AnalysisFlag::max, AnalysisFlag::mean, AnalysisFlag::sparsity, AnalysisFlag::numDistinctApprox",4096,0.001,372702
VAR,double,"AnalysisFlag::min, AnalysisFlag::max, AnalysisFlag::mean, AnalysisFlag::sparsity, AnalysisFlag::numDistinctApprox",4096,0.001,369628
VAR,double,"AnalysisFlag::min, AnalysisFlag::max, AnalysisFlag::mean, AnalysisFlag::sparsity, AnalysisFlag::numDistinctApprox",4096,0.001,377117
VAR,double,"AnalysisFlag::min, AnalysisFlag::max, AnalysisFlag::mean, AnalysisFlag::sparsity, AnalysisFlag::numDistinctApprox",4096,0.001,365850
VAR,double,"AnalysisFlag::min, AnalysisFlag::max, AnalysisFlag::mean, AnalysisFlag::sparsity, AnalysisFlag::numDistinctApprox",4096,0.001,368992
VAR,double,"AnalysisFlag::min, AnalysisFlag::max, AnalysisFlag::mean, AnalysisFlag::sparsity, AnalysisFlag::numDistinctApprox",4096,0.001,364672
VAR,int64_t,"AnalysisFlag::min, AnalysisFlag::max, AnalysisFlag::mean, AnalysisFlag::sparsity, AnalysisFlag::numDistinctApprox",1024,0.001,63820
VAR,int64_t,"AnalysisFlag::min, AnalysisFlag::max, AnalysisFlag::mean, AnalysisFlag::sparsity, AnalysisFlag::numDistinctApprox",1024,0.001,61233
VAR,int64_t,"AnalysisFlag::min, AnalysisFlag::max, AnalysisFlag::mean, AnalysisFlag::sparsity, AnalysisFlag::numDistinctApprox",1024,0.001,66686
VAR,int64_t,"AnalysisFlag::min, AnalysisFlag::max, AnalysisFlag::mean, AnalysisFlag::sparsity, AnalysisFlag::numDistinctApprox",1024,0.001,64212
VAR,int64_t,"AnalysisFlag::min, AnalysisFlag::max, AnalysisFlag::mean, AnalysisFlag::sparsity, AnalysisFlag::numDistinctApprox",1024,0.001,61342
VAR,int64_t,"AnalysisFlag::min, AnalysisFlag::max, AnalysisFlag::mean, AnalysisFlag::sparsity, AnalysisFlag::numDistinctApprox",1024,0.001,66365
VAR,int64_t,"AnalysisFlag::min, AnalysisFlag::max, AnalysisFlag::mean, AnalysisFlag::sparsity, AnalysisFlag::numDistinctApprox",1024,0.001,64798
VAR,int64_t,"AnalysisFlag::min, AnalysisFlag::max, AnalysisFlag::mean, AnalysisFlag::sparsity, AnalysisFlag::numDistinctApprox",1024,0.001,67557
VAR,int64_t,"AnalysisFlag::min, AnalysisFlag::max, AnalysisFlag::mean, AnalysisFlag::sparsity, AnalysisFlag::numDistinctApprox",1024,0.001,66952
VAR,int64_t,"AnalysisFlag::min, AnalysisFlag::max, AnalysisFlag::mean, AnalysisFlag::sparsity, AnalysisFlag::numDistinctApprox",1024,0.001,64309
VAR,int64_t,"AnalysisFlag::min, AnalysisFlag::max, AnalysisFlag::mean, AnalysisFlag::sparsity, AnalysisFlag::numDistinctApprox",2048,0.001,161352
VAR,int64_t,"AnalysisFlag::min, AnalysisFlag::max, AnalysisFlag::mean, AnalysisFlag::sparsity, AnalysisFlag::numDistinctApprox",2048,0.001,160092
VAR,int64_t,"AnalysisFlag::min, AnalysisFlag::max, AnalysisFlag::mean, AnalysisFlag::sparsity, AnalysisFlag::numDistinctApprox",2048,0.001,154588
VAR,int64_t,"AnalysisFlag::min, AnalysisFlag::max, AnalysisFlag::mean, AnalysisFlag::sparsity, AnalysisFlag::numDistinctApprox",2048,0.001,160217
VAR,int64_t,"AnalysisFlag::min, AnalysisFlag::max, AnalysisFlag::mean, AnalysisFlag::sparsity, AnalysisFlag::numDistinctApprox",2048,0.001,155714
VAR,int64_t,"AnalysisFlag::min, AnalysisFlag::max, AnalysisFlag::mean, AnalysisFlag::sparsity, AnalysisFlag::numDistinctApprox",2048,0.001,156693
VAR,int64_t,"AnalysisFlag::min, AnalysisFlag::max, AnalysisFlag::mean, AnalysisFlag::sparsity, AnalysisFlag::numDistinctApprox",2048,0.001,158384
VAR,int64_t,"AnalysisFlag::min, AnalysisFlag::max, AnalysisFlag::mean, AnalysisFlag::sparsity, AnalysisFlag::numDistinctApprox",2048,0.001,161600
VAR,int64_t,"AnalysisFlag::min, AnalysisFlag::max, AnalysisFlag::mean, AnalysisFlag::sparsity, AnalysisFlag::numDistinctApprox",2048,0.001,160076
VAR,int64_t,"AnalysisFlag::min, AnalysisFlag::max, AnalysisFlag::mean, AnalysisFlag::sparsity, AnalysisFlag::numDistinctApprox",2048,0.001,155152
VAR,int64_t,"AnalysisFlag::min, AnalysisFlag::max, AnalysisFlag::mean, AnalysisFlag::sparsity, AnalysisFlag::numDistinctApprox",4096,0.001,359715
VAR,int64_t,"AnalysisFlag::min, AnalysisFlag::max, AnalysisFlag::mean, AnalysisFlag::sparsity, AnalysisFlag::numDistinctApprox",4096,0.001,361327
VAR,int64_t,"AnalysisFlag::min, AnalysisFlag::max, AnalysisFlag::mean, AnalysisFlag::sparsity, AnalysisFlag::numDistinctApprox",4096,0.001,363937
VAR,int64_t,"AnalysisFlag::min, AnalysisFlag::max, AnalysisFlag::mean, AnalysisFlag::sparsity, AnalysisFlag::numDistinctApprox",4096,0.001,356339
VAR,int64_t,"AnalysisFlag::min, AnalysisFlag::max, AnalysisFlag::mean, AnalysisFlag::sparsity, AnalysisFlag::numDistinctApprox",4096,0.001,362323
VAR,int64_t,"AnalysisFlag::min, AnalysisFlag::max, AnalysisFlag::mean, AnalysisFlag::sparsity, AnalysisFlag::numDistinctApprox",4096,0.001,357480
VAR,int64_t,"AnalysisFlag::min, AnalysisFlag::max, AnalysisFlag::mean, AnalysisFlag::sparsity, AnalysisFlag::numDistinctApprox",4096,0.001,362425
VAR,int64_t,"AnalysisFlag::min, AnalysisFlag::max, AnalysisFlag::mean, AnalysisFlag::sparsity, AnalysisFlag::numDistinctApprox",4096,0.001,364492
VAR,int64_t,"AnalysisFlag::min, AnalysisFlag::max, AnalysisFlag::mean, AnalysisFlag::sparsity, AnalysisFlag::numDistinctApprox",4096,0.001,355257
VAR,int64_t,"AnalysisFlag::min, AnalysisFlag::max, AnalysisFlag::mean, AnalysisFlag::sparsity, AnalysisFlag::numDistinctApprox",4096,0.001,365754
VAR,double,"AnalysisFlag::min, AnalysisFlag::max, AnalysisFlag::mean, AnalysisFlag::sparsity, AnalysisFlag::numDistinctApprox",1024,0.01,142916
VAR,double,"AnalysisFlag::min, AnalysisFlag::max, AnalysisFlag::mean, AnalysisFlag::sparsity, AnalysisFlag::numDistinctApprox",1024,0.01,142216
VAR,double,"AnalysisFlag::min, AnalysisFlag::max, AnalysisFlag::mean, AnalysisFlag::sparsity, AnalysisFlag::numDistinctApprox",1024,0.01,144755
VAR,double,"AnalysisFlag::min, AnalysisFlag::max, AnalysisFlag::mean, AnalysisFlag::sparsity, AnalysisFlag::numDistinctApprox",1024,0.01,140644
VAR,double,"AnalysisFlag::min, AnalysisFlag::max, AnalysisFlag::mean, AnalysisFlag::sparsity, AnalysisFlag::numDistinctApprox",1024,0.01,140650
VAR,double,"AnalysisFlag::min, AnalysisFlag::max, AnalysisFlag::mean, AnalysisFlag::sparsity, AnalysisFlag::numDistinctApprox",1024,0.01,143299
VAR,double,"AnalysisFlag::min, AnalysisFlag::max, AnalysisFlag::mean, AnalysisFlag::sparsity, AnalysisFlag::numDistinctApprox",1024,0.01,141177
VAR,double,"AnalysisFlag::min, AnalysisFlag::max, AnalysisFlag::mean, AnalysisFlag::sparsity, AnalysisFlag::numDistinctApprox",1024,0.01,140230
VAR,double,"AnalysisFlag::min, AnalysisFlag::max, AnalysisFlag::mean, AnalysisFlag::sparsity, AnalysisFlag::numDistinctApprox",1024,0.01,141874
VAR,double,"AnalysisFlag::min, AnalysisFlag::max, AnalysisFlag::mean, AnalysisFlag::sparsity, AnalysisFlag::numDistinctApprox",1024,0.01,142259
VAR,double,"AnalysisFlag::min, AnalysisFlag::max, AnalysisFlag::mean, AnalysisFlag::sparsity, AnalysisFlag::numDistinctApprox",2048,0.01,313031
VAR,double,"AnalysisFlag::min, AnalysisFlag::max, AnalysisFlag::mean, AnalysisFlag::sparsity, AnalysisFlag::numDistinctApprox",2048,0.01,317605
VAR,double,"AnalysisFlag::min, AnalysisFlag::max, AnalysisFlag::mean, AnalysisFlag::sparsity, AnalysisFlag::numDistinctApprox",2048,0.01,315980
VAR,double,"AnalysisFlag::min, AnalysisFlag::max, AnalysisFlag::mean, AnalysisFlag::sparsity, AnalysisFlag::numDistinctApprox",2048,0.01,305923
VAR,double,"AnalysisFlag::min, AnalysisFlag::max, AnalysisFlag::mean, AnalysisFlag::sparsity, AnalysisFlag::numDistinctApprox",2048,0.01,313207
VAR,double,"AnalysisFlag::min, AnalysisFlag::max, AnalysisFlag::mean, AnalysisFlag::sparsity, AnalysisFlag::numDistinctApprox",2048,0.01,308905
VAR,double,"AnalysisFlag::min, AnalysisFlag::max, AnalysisFlag::mean, AnalysisFlag::sparsity, AnalysisFlag::numDistinctApprox",2048,0.01,313539
VAR,double,"AnalysisFlag::min, AnalysisFlag::max, AnalysisFlag::mean, AnalysisFlag::sparsity, AnalysisFlag::numDistinctApprox",2048,0.01,313454
VAR,double,"AnalysisFlag::min, AnalysisFlag::max, AnalysisFlag::mean, AnalysisFlag::sparsity, AnalysisFlag::numDistinctApprox",2048,0.01,319281
VAR,double,"AnalysisFlag::min, AnalysisFlag::max, AnalysisFlag::mean, AnalysisFlag::sparsity, AnalysisFlag::numDistinctApprox",2048,0.01,311806
VAR,double,"AnalysisFlag::min, AnalysisFlag::max, AnalysisFlag::mean, AnalysisFlag::sparsity, AnalysisFlag::numDistinctApprox",4096,0.01,847890
VAR,double,"AnalysisFlag::min, AnalysisFlag::max, AnalysisFlag::mean, AnalysisFlag::sparsity, AnalysisFlag::numDistinctApprox",4096,0.01,841323
VAR,double,"AnalysisFlag::min, AnalysisFlag::max, AnalysisFlag::mean, AnalysisFlag::sparsity, AnalysisFlag::numDistinctApprox",4096,0.01,847683
VAR,double,"AnalysisFlag::min, AnalysisFlag::max, AnalysisFlag::mean, AnalysisFlag::sparsity, AnalysisFlag::numDistinctApprox",4096,0.01,848558
VAR,double,"AnalysisFlag::min, AnalysisFlag::max, AnalysisFlag::mean, AnalysisFlag::sparsity, AnalysisFlag::numDistinctApprox",4096,0.01,843364
VAR,double,"AnalysisFlag::min, AnalysisFlag::max, AnalysisFlag::mean, AnalysisFlag::sparsity, AnalysisFlag::numDistinctApprox",4096,0.01,845318
VAR,double,"AnalysisFlag::min, AnalysisFlag::max, AnalysisFlag::mean, AnalysisFlag::sparsity, AnalysisFlag::numDistinctApprox",4096,0.01,844421
VAR,double,"AnalysisFlag::min, AnalysisFlag::max, AnalysisFlag::mean, AnalysisFlag::sparsity, AnalysisFlag::numDistinctApprox",4096,0.01,842303
VAR,double,"AnalysisFlag::min, AnalysisFlag::max, AnalysisFlag::mean, AnalysisFlag::sparsity, AnalysisFlag::numDistinctApprox",4096,0.01,845787
VAR,double,"AnalysisFlag::min, AnalysisFlag::max, AnalysisFlag::mean, AnalysisFlag::sparsity, AnalysisFlag::numDistinctApprox",4096,0.01,848403
VAR,int64_t,"AnalysisFlag::min, AnalysisFlag::max, AnalysisFlag::mean, AnalysisFlag::sparsity, AnalysisFlag::numDistinctApprox",1024,0.01,125163
VAR,int64_t,"AnalysisFlag::min, AnalysisFlag::max, AnalysisFlag::mean, AnalysisFlag::sparsity, AnalysisFlag::numDistinctApprox",1024,0.01,120316
VAR,int64_t,"AnalysisFlag::min, AnalysisFlag::max, AnalysisFlag::mean, AnalysisFlag::sparsity, AnalysisFlag::numDistinctApprox",1024,0.01,119413
VAR,int64_t,"AnalysisFlag::min, AnalysisFlag::max, AnalysisFlag::mean, AnalysisFlag::sparsity, AnalysisFlag::numDistinctApprox",1024,0.01,120906
VAR,int64_t,"AnalysisFlag::min, AnalysisFlag::max, AnalysisFlag::mean, AnalysisFlag::sparsity, AnalysisFlag::numDistinctApprox",1024,0.01,119750
VAR,int64_t,"AnalysisFlag::min, AnalysisFlag::max, AnalysisFlag::mean, AnalysisFlag::sparsity, AnalysisFlag::numDistinctApprox",1024,0.01,120064
VAR,int64_t,"AnalysisFlag::min, AnalysisFlag::max, AnalysisFlag::mean, AnalysisFlag::sparsity, AnalysisFlag::numDistinctApprox",1024,0.01,118379
VAR,int64_t,"AnalysisFlag::min, AnalysisFlag::max, AnalysisFlag::mean, AnalysisFlag::sparsity, AnalysisFlag::numDistinctApprox",1024,0.01,119610
VAR,int64_t,"AnalysisFlag::min, AnalysisFlag::max, AnalysisFlag::mean, AnalysisFlag::sparsity, AnalysisFlag::numDistinctApprox",1024,0.01,120677
VAR,int64_t,"AnalysisFlag::min, AnalysisFlag::max, AnalysisFlag::mean, AnalysisFlag::sparsity, AnalysisFlag::numDistinctApprox",1024,0.01,122410
VAR,int64_t,"AnalysisFlag::min, AnalysisFlag::max, AnalysisFlag::mean, AnalysisFlag::sparsity, AnalysisFlag::numDistinctApprox",2048,0.01,293844
VAR,int64_t,"AnalysisFlag::min, AnalysisFlag::max, AnalysisFlag::mean, AnalysisFlag::sparsity, AnalysisFlag::numDistinctApprox",2048,0.01,295201
VAR,int64_t,"AnalysisFlag::min, AnalysisFlag::max, AnalysisFlag::mean, AnalysisFlag::sparsity, AnalysisFlag::numDistinctApprox",2048,0.01,294503
VAR,int64_t,"AnalysisFlag::min, AnalysisFlag::max, AnalysisFlag::mean, AnalysisFlag::sparsity, AnalysisFlag::numDistinctApprox",2048,0.01,294683
VAR,int64_t,"AnalysisFlag::min, AnalysisFlag::max, AnalysisFlag::mean, AnalysisFlag::sparsity, AnalysisFlag::numDistinctApprox",2048,0.01,295547
VAR,int64_t,"AnalysisFlag::min, AnalysisFlag::max, AnalysisFlag::mean, AnalysisFlag::sparsity, AnalysisFlag::numDistinctApprox",2048,0.01,291964
VAR,int64_t,"AnalysisFlag::min, AnalysisFlag::max, AnalysisFlag::mean, AnalysisFlag::sparsity, AnalysisFlag::numDistinctApprox",2048,0.01,297071
VAR,int64_t,"AnalysisFlag::min, AnalysisFlag::max, AnalysisFlag::mean, AnalysisFlag::sparsity, AnalysisFlag::numDistinctApprox",2048,0.01,298308
VAR,int64_t,"AnalysisFlag::min, AnalysisFlag::max, AnalysisFlag::mean, AnalysisFlag::sparsity, AnalysisFlag::numDistinctApprox",2048,0.01,293547
VAR,int64_t,"AnalysisFlag::min, AnalysisFlag::max, AnalysisFlag::mean, AnalysisFlag::sparsity, AnalysisFlag::numDistinctApprox",2048,0.01,298606
VAR,int64_t,"AnalysisFlag::min, AnalysisFlag::max, AnalysisFlag::mean, AnalysisFlag::sparsity, AnalysisFlag::numDistinctApprox",4096,0.01,880188
VAR,int64_t,"AnalysisFlag::min, AnalysisFlag::max, AnalysisFlag::mean, AnalysisFlag::sparsity, AnalysisFlag::numDistinctApprox",4096,0.01,884144
VAR,int64_t,"AnalysisFlag::min, AnalysisFlag::max, AnalysisFlag::mean, AnalysisFlag::sparsity, AnalysisFlag::numDistinctApprox",4096,0.01,886217
VAR,int64_t,"AnalysisFlag::min, AnalysisFlag::max, AnalysisFlag::mean, AnalysisFlag::sparsity, AnalysisFlag::numDistinctApprox",4096,0.01,887730
VAR,int64_t,"AnalysisFlag::min, AnalysisFlag::max, AnalysisFlag::mean, AnalysisFlag::sparsity, AnalysisFlag::numDistinctApprox",4096,0.01,885934
VAR,int64_t,"AnalysisFlag::min, AnalysisFlag::max, AnalysisFlag::mean, AnalysisFlag::sparsity, AnalysisFlag::numDistinctApprox",4096,0.01,889520
VAR,int64_t,"AnalysisFlag::min, AnalysisFlag::max, AnalysisFlag::mean, AnalysisFlag::sparsity, AnalysisFlag::numDistinctApprox",4096,0.01,885437
VAR,int64_t,"AnalysisFlag::min, AnalysisFlag::max, AnalysisFlag::mean, AnalysisFlag::sparsity, AnalysisFlag::numDistinctApprox",4096,0.01,881856
VAR,int64_t,"AnalysisFlag::min, AnalysisFlag::max, AnalysisFlag::mean, AnalysisFlag::sparsity, AnalysisFlag::numDistinctApprox",4096,0.01,880819
VAR,int64_t,"AnalysisFlag::min, AnalysisFlag::max, AnalysisFlag::mean, AnalysisFlag::sparsity, AnalysisFlag::numDistinctApprox",4096,0.01,886257
VAR,double,"AnalysisFlag::min, AnalysisFlag::max, AnalysisFlag::mean, AnalysisFlag::sparsity, AnalysisFlag::numDistinctApprox",1024,0.05,253092
VAR,double,"AnalysisFlag::min, AnalysisFlag::max, AnalysisFlag::mean, AnalysisFlag::sparsity, AnalysisFlag::numDistinctApprox",1024,0.05,248315
VAR,double,"AnalysisFlag::min, AnalysisFlag::max, AnalysisFlag::mean, AnalysisFlag::sparsity, AnalysisFlag::numDistinctApprox",1024,0.05,250188
VAR,double,"AnalysisFlag::min, AnalysisFlag::max, AnalysisFlag::mean, AnalysisFlag::sparsity, AnalysisFlag::numDistinctApprox",1024,0.05,235124
VAR,double,"AnalysisFlag::min, AnalysisFlag::max, AnalysisFlag::mean, AnalysisFlag::sparsity, AnalysisFlag::numDistinctApprox",1024,0.05,247646
VAR,double,"AnalysisFlag::min, AnalysisFlag::max, AnalysisFlag::mean, AnalysisFlag::sparsity, AnalysisFlag::numDistinctApprox",1024,0.05,245195
VAR,double,"AnalysisFlag::min, AnalysisFlag::max, AnalysisFlag::mean, AnalysisFlag::sparsity, AnalysisFlag::numDistinctApprox",1024,0.05,238717
VAR,double,"AnalysisFlag::min, AnalysisFlag::max, AnalysisFlag::mean, AnalysisFlag::sparsity, AnalysisFlag::numDistinctApprox",1024,0.05,239741
VAR,double,"AnalysisFlag::min, AnalysisFlag::max, AnalysisFlag::mean, AnalysisFlag::sparsity, AnalysisFlag::numDistinctApprox",1024,0.05,244413
VAR,double,"AnalysisFlag::min, AnalysisFlag::max, AnalysisFlag::mean, AnalysisFlag::sparsity, AnalysisFlag::numDistinctApprox",1024,0.05,239507
VAR,double,"AnalysisFlag::min, AnalysisFlag::max, AnalysisFlag::mean, AnalysisFlag::sparsity, AnalysisFlag::numDistinctApprox",2048,0.05,718814
VAR,double,"AnalysisFlag::min, AnalysisFlag::max, AnalysisFlag::mean, AnalysisFlag::sparsity, AnalysisFlag::numDistinctApprox",2048,0.05,733123
VAR,double,"AnalysisFlag::min, AnalysisFlag::max, AnalysisFlag::mean, AnalysisFlag::sparsity, AnalysisFlag::numDistinctApprox",2048,0.05,728816
VAR,double,"AnalysisFlag::min, AnalysisFlag::max, AnalysisFlag::mean, AnalysisFlag::sparsity, AnalysisFlag::numDistinctApprox",2048,0.05,726754
VAR,double,"AnalysisFlag::min, AnalysisFlag::max, AnalysisFlag::mean, AnalysisFlag::sparsity, AnalysisFlag::numDistinctApprox",2048,0.05,756996
VAR,double,"AnalysisFlag::min, AnalysisFlag::max, AnalysisFlag::mean, AnalysisFlag::sparsity, AnalysisFlag::numDistinctApprox",2048,0.05,722872
VAR,double,"AnalysisFlag::min, AnalysisFlag::max, AnalysisFlag::mean, AnalysisFlag::sparsity, AnalysisFlag::numDistinctApprox",2048,0.05,729838
VAR,double,"AnalysisFlag::min, AnalysisFlag::max, AnalysisFlag::mean, AnalysisFlag::sparsity, AnalysisFlag::numDistinctApprox",2048,0.05,725211
VAR,double,"AnalysisFlag::min, AnalysisFlag::max, AnalysisFlag::mean, AnalysisFlag::sparsity, AnalysisFlag::numDistinctApprox",2048,0.05,721807
VAR,double,"AnalysisFlag::min, AnalysisFlag::max, AnalysisFlag::mean, AnalysisFlag::sparsity, AnalysisFlag::numDistinctApprox",2048,0.05,756067
VAR,double,"AnalysisFlag::min, AnalysisFlag::max, AnalysisFlag::mean, AnalysisFlag::sparsity, AnalysisFlag::numDistinctApprox",4096,0.05,3.00238e+06
VAR,double,"AnalysisFlag::min, AnalysisFlag::max, AnalysisFlag::mean, AnalysisFlag::sparsity, AnalysisFlag::numDistinctApprox",4096,0.05,2.96034e+06
VAR,double,"AnalysisFlag::min, AnalysisFlag::max, AnalysisFlag::mean, AnalysisFlag::sparsity, AnalysisFlag::numDistinctApprox",4096,0.05,2.96915e+06
VAR,double,"AnalysisFlag::min, AnalysisFlag::max, AnalysisFlag::mean, AnalysisFlag::sparsity, AnalysisFlag::numDistinctApprox",4096,0.05,2.96675e+06
VAR,double,"AnalysisFlag::min, AnalysisFlag::max, AnalysisFlag::mean, AnalysisFlag::sparsity, AnalysisFlag::numDistinctApprox",4096,0.05,2.96622e+06
VAR,double,"AnalysisFlag::min, AnalysisFlag::max, AnalysisFlag::mean, AnalysisFlag::sparsity, AnalysisFlag::numDistinctApprox",4096,0.05,2.9681e+06
VAR,double,"AnalysisFlag::min, AnalysisFlag::max, AnalysisFlag::mean, AnalysisFlag::sparsity, AnalysisFlag::numDistinctApprox",4096,0.05,2.96777e+06
VAR,double,"AnalysisFlag::min, AnalysisFlag::max, AnalysisFlag::mean, AnalysisFlag::sparsity, AnalysisFlag::numDistinctApprox",4096,0.05,2.96823e+06
VAR,double,"AnalysisFlag::min, AnalysisFlag::max, AnalysisFlag::mean, AnalysisFlag::sparsity, AnalysisFlag::numDistinctApprox",4096,0.05,2.97354e+06
VAR,double,"AnalysisFlag::min, AnalysisFlag::max, AnalysisFlag::mean, AnalysisFlag::sparsity, AnalysisFlag::numDistinctApprox",4096,0.05,2.97525e+06
VAR,int64_t,"AnalysisFlag::min, AnalysisFlag::max, AnalysisFlag::mean, AnalysisFlag::sparsity, AnalysisFlag::numDistinctApprox",1024,0.05,227883
VAR,int64_t,"AnalysisFlag::min, AnalysisFlag::max, AnalysisFlag::mean, AnalysisFlag::sparsity, AnalysisFlag::numDistinctApprox",1024,0.05,226649
VAR,int64_t,"AnalysisFlag::min, AnalysisFlag::max, AnalysisFlag::mean, AnalysisFlag::sparsity, AnalysisFlag::numDistinctApprox",1024,0.05,226017
VAR,int64_t,"AnalysisFlag::min, AnalysisFlag::max, AnalysisFlag::mean, AnalysisFlag::sparsity, AnalysisFlag::numDistinctApprox",1024,0.05,225075
VAR,int64_t,"AnalysisFlag::min, AnalysisFlag::max, AnalysisFlag::mean, AnalysisFlag::sparsity, AnalysisFlag::numDistinctApprox",1024,0.05,227054
VAR,int64_t,"AnalysisFlag::min, AnalysisFlag::max, AnalysisFlag::mean, AnalysisFlag::sparsity, AnalysisFlag::numDistinctApprox",1024,0.05,228269
VAR,int64_t,"AnalysisFlag::min, AnalysisFlag::max, AnalysisFlag::mean, AnalysisFlag::sparsity, AnalysisFlag::numDistinctApprox",1024,0.05,228681
VAR,int64_t,"AnalysisFlag::min, AnalysisFlag::max, AnalysisFlag::mean, AnalysisFlag::sparsity, AnalysisFlag::numDistinctApprox",1024,0.05,231226
VAR,int64_t,"AnalysisFlag::min, AnalysisFlag::max, AnalysisFlag::mean, AnalysisFlag::sparsity, AnalysisFlag::numDistinctApprox",1024,0.05,222314
VAR,int64_t,"AnalysisFlag::min, AnalysisFlag::max, AnalysisFlag::mean, AnalysisFlag::sparsity, AnalysisFlag::numDistinctApprox",1024,0.05,224237
VAR,int64_t,"AnalysisFlag::min, AnalysisFlag::max, AnalysisFlag::mean, AnalysisFlag::sparsity, AnalysisFlag::numDistinctApprox",2048,0.05,732365
VAR,int64_t,"AnalysisFlag::min, AnalysisFlag::max, AnalysisFlag::mean, AnalysisFlag::sparsity, AnalysisFlag::numDistinctApprox",2048,0.05,726479
VAR,int64_t,"AnalysisFlag::min, AnalysisFlag::max, AnalysisFlag::mean, AnalysisFlag::sparsity, AnalysisFlag::numDistinctApprox",2048,0.05,723431
VAR,int64_t,"AnalysisFlag::min, AnalysisFlag::max, AnalysisFlag::mean, AnalysisFlag::sparsity, AnalysisFlag::numDistinctApprox",2048,0.05,726540
VAR,int64_t,"AnalysisFlag::min, AnalysisFlag::max, AnalysisFlag::mean, AnalysisFlag::sparsity, AnalysisFlag::numDistinctApprox",2048,0.05,728475
VAR,int64_t,"AnalysisFlag::min, AnalysisFlag::max, AnalysisFlag::mean, AnalysisFlag::sparsity, AnalysisFlag::numDistinctApprox",2048,0.05,728780
VAR,int64_t,"AnalysisFlag::min, AnalysisFlag::max, AnalysisFlag::mean, AnalysisFlag::sparsity, AnalysisFlag::numDistinctApprox",2048,0.05,729398
VAR,int64_t,"AnalysisFlag::min, AnalysisFlag::max, AnalysisFlag::mean, AnalysisFlag::sparsity, AnalysisFlag::numDistinctApprox",2048,0.05,725602
VAR,int64_t,"AnalysisFlag::min, AnalysisFlag::max, AnalysisFlag::mean, AnalysisFlag::sparsity, AnalysisFlag::numDistinctApprox",2048,0.05,726843
VAR,int64_t,"AnalysisFlag::min, AnalysisFlag::max, AnalysisFlag::mean, AnalysisFlag::sparsity, AnalysisFlag::numDistinctApprox",2048,0.05,726593
VAR,int64_t,"AnalysisFlag::min, AnalysisFlag::max, AnalysisFlag::mean, AnalysisFlag::sparsity, AnalysisFlag::numDistinctApprox",4096,0.05,2.82681e+06
VAR,int64_t,"AnalysisFlag::min, AnalysisFlag::max, AnalysisFlag::mean, AnalysisFlag::sparsity, AnalysisFlag::numDistinctApprox",4096,0.05,2.80943e+06
VAR,int64_t,"AnalysisFlag::min, AnalysisFlag::max, AnalysisFlag::mean, AnalysisFlag::sparsity, AnalysisFlag::numDistinctApprox",4096,0.05,2.82475e+06
VAR,int64_t,"AnalysisFlag::min, AnalysisFlag::max, AnalysisFlag::mean, AnalysisFlag::sparsity, AnalysisFlag::numDistinctApprox",4096,0.05,2.81572e+06
VAR,int64_t,"AnalysisFlag::min, AnalysisFlag::max, AnalysisFlag::mean, AnalysisFlag::sparsity, AnalysisFlag::numDistinctApprox",4096,0.05,2.8258e+06
VAR,int64_t,"AnalysisFlag::min, AnalysisFlag::max, AnalysisFlag::mean, AnalysisFlag::sparsity, AnalysisFlag::numDistinctApprox",4096,0.05,2.82402e+06
VAR,int64_t,"AnalysisFlag::min, AnalysisFlag::max, AnalysisFlag::mean, AnalysisFlag::sparsity, AnalysisFlag::numDistinctApprox",4096,0.05,2.81994e+06
VAR,int64_t,"AnalysisFlag::min, AnalysisFlag::max, AnalysisFlag::mean, AnalysisFlag::sparsity, AnalysisFlag::numDistinctApprox",4096,0.05,2.81428e+06
VAR,int64_t,"AnalysisFlag::min, AnalysisFlag::max, AnalysisFlag::mean, AnalysisFlag::sparsity, AnalysisFlag::numDistinctApprox",4096,0.05,2.81181e+06
VAR,int64_t,"AnalysisFlag::min, AnalysisFlag::max, AnalysisFlag::mean, AnalysisFlag::sparsity, AnalysisFlag::numDistinctApprox",4096,0.05,2.81198e+06
VAR,double,"AnalysisFlag::min, AnalysisFlag::max, AnalysisFlag::mean, AnalysisFlag::sparsity, AnalysisFlag::numDistinctApprox",1024,0.1,387226
VAR,double,"AnalysisFlag::min, AnalysisFlag::max, AnalysisFlag::mean, AnalysisFlag::sparsity, AnalysisFlag::numDistinctApprox",1024,0.1,379997
VAR,double,"AnalysisFlag::min, AnalysisFlag::max, AnalysisFlag::mean, AnalysisFlag::sparsity, AnalysisFlag::numDistinctApprox",1024,0.1,365254
VAR,double,"AnalysisFlag::min, AnalysisFlag::max, AnalysisFlag::mean, AnalysisFlag::sparsity, AnalysisFlag::numDistinctApprox",1024,0.1,365869
VAR,double,"AnalysisFlag::min, AnalysisFlag::max, AnalysisFlag::mean, AnalysisFlag::sparsity, AnalysisFlag::numDistinctApprox",1024,0.1,385986
VAR,double,"AnalysisFlag::min, AnalysisFlag::max, AnalysisFlag::mean, AnalysisFlag::sparsity, AnalysisFlag::numDistinctApprox",1024,0.1,384388
VAR,double,"AnalysisFlag::min, AnalysisFlag::max, AnalysisFlag::mean, AnalysisFlag::sparsity, AnalysisFlag::numDistinctApprox",1024,0.1,384009
VAR,double,"AnalysisFlag::min, AnalysisFlag::max, AnalysisFlag::mean, AnalysisFlag::sparsity, AnalysisFlag::numDistinctApprox",1024,0.1,381613
VAR,double,"AnalysisFlag::min, AnalysisFlag::max, AnalysisFlag::mean, AnalysisFlag::sparsity, AnalysisFlag::numDistinctApprox",1024,0.1,379885
VAR,double,"AnalysisFlag::min, AnalysisFlag::max, AnalysisFlag::mean, AnalysisFlag::sparsity, AnalysisFlag::numDistinctApprox",1024,0.1,378534
VAR,double,"AnalysisFlag::min, AnalysisFlag::max, AnalysisFlag::mean, AnalysisFlag::sparsity, AnalysisFlag::numDistinctApprox",2048,0.1,1.24058e+06
VAR,double,"AnalysisFlag::min, AnalysisFlag::max, AnalysisFlag::mean, AnalysisFlag::sparsity, AnalysisFlag::numDistinctApprox",2048,0.1,1.23588e+06
VAR,double,"AnalysisFlag::min, AnalysisFlag::max, AnalysisFlag::mean, AnalysisFlag::sparsity, AnalysisFlag::numDistinctApprox",2048,0.1,1.24098e+06
VAR,double,"AnalysisFlag::min, AnalysisFlag::max, AnalysisFlag::mean, AnalysisFlag::sparsity, AnalysisFlag::numDistinctApprox",2048,0.1,1.29596e+06
VAR,double,"AnalysisFlag::min, AnalysisFlag::max, AnalysisFlag::mean, AnalysisFlag::sparsity, AnalysisFlag::numDistinctApprox",2048,0.1,1.23527e+06
VAR,double,"AnalysisFlag::min, AnalysisFlag::max, AnalysisFlag::mean, AnalysisFlag::sparsity, AnalysisFlag::numDistinctApprox",2048,0.1,1.276e+06
VAR,double,"AnalysisFlag::min, AnalysisFlag::max, AnalysisFlag::mean, AnalysisFlag::sparsity, AnalysisFlag::numDistinctApprox",2048,0.1,1.24583e+06
VAR,double,"AnalysisFlag::min, AnalysisFlag::max, AnalysisFlag::mean, AnalysisFlag::sparsity, AnalysisFlag::numDistinctApprox",2048,0.1,1.30209e+06
VAR,double,"AnalysisFlag::min, AnalysisFlag::max, AnalysisFlag::mean, AnalysisFlag::sparsity, AnalysisFlag::numDistinctApprox",2048,0.1,1.2959e+06
VAR,double,"AnalysisFlag::min, AnalysisFlag::max, AnalysisFlag::mean, AnalysisFlag::sparsity, AnalysisFlag::numDistinctApprox",2048,0.1,1.24075e+06
VAR,double,"AnalysisFlag::min, AnalysisFlag::max, AnalysisFlag::mean, AnalysisFlag::sparsity, AnalysisFlag::numDistinctApprox",4096,0.1,6.26929e+06
VAR,double,"AnalysisFlag::min, AnalysisFlag::max, AnalysisFlag::mean, AnalysisFlag::sparsity, AnalysisFlag::numDistinctApprox",4096,0.1,6.1234e+06
VAR,double,"AnalysisFlag::min, AnalysisFlag::max, AnalysisFlag::mean, AnalysisFlag::sparsity, AnalysisFlag::numDistinctApprox",4096,0.1,6.12539e+06
VAR,double,"AnalysisFlag::min, AnalysisFlag::max, AnalysisFlag::mean, AnalysisFlag::sparsity, AnalysisFlag::numDistinctApprox",4096,0.1,6.10732e+06
VAR,double,"AnalysisFlag::min, AnalysisFlag::max, AnalysisFlag::mean, AnalysisFlag::sparsity, AnalysisFlag::numDistinctApprox",4096,0.1,6.11536e+06
VAR,double,"AnalysisFlag::min, AnalysisFlag::max, AnalysisFlag::mean, AnalysisFlag::sparsity, AnalysisFlag::numDistinctApprox",4096,0.1,6.11449e+06
VAR,double,"AnalysisFlag::min, AnalysisFlag::max, AnalysisFlag::mean, AnalysisFlag::sparsity, AnalysisFlag::numDistinctApprox",4096,0.1,6.10142e+06
VAR,double,"AnalysisFlag::min, AnalysisFlag::max, AnalysisFlag::mean, AnalysisFlag::sparsity, AnalysisFlag::numDistinctApprox",4096,0.1,6.10656e+06
VAR,double,"AnalysisFlag::min, AnalysisFlag::max, AnalysisFlag::mean, AnalysisFlag::sparsity, AnalysisFlag::numDistinctApprox",4096,0.1,6.11696e+06
VAR,double,"AnalysisFlag::min, AnalysisFlag::max, AnalysisFlag::mean, AnalysisFlag::sparsity, AnalysisFlag::numDistinctApprox",4096,0.1,6.09527e+06
VAR,int64_t,"AnalysisFlag::min, AnalysisFlag::max, AnalysisFlag::mean, AnalysisFlag::sparsity, AnalysisFlag::numDistinctApprox",1024,0.1,363983
VAR,int64_t,"AnalysisFlag::min, AnalysisFlag::max, AnalysisFlag::mean, AnalysisFlag::sparsity, AnalysisFlag::numDistinctApprox",1024,0.1,359588
VAR,int64_t,"AnalysisFlag::min, AnalysisFlag::max, AnalysisFlag::mean, AnalysisFlag::sparsity, AnalysisFlag::numDistinctApprox",1024,0.1,355850
VAR,int64_t,"AnalysisFlag::min, AnalysisFlag::max, AnalysisFlag::mean, AnalysisFlag::sparsity, AnalysisFlag::numDistinctApprox",1024,0.1,354995
VAR,int64_t,"AnalysisFlag::min, AnalysisFlag::max, AnalysisFlag::mean, AnalysisFlag::sparsity, AnalysisFlag::numDistinctApprox",1024,0.1,359564
VAR,int64_t,"AnalysisFlag::min, AnalysisFlag::max, AnalysisFlag::mean, AnalysisFlag::sparsity, AnalysisFlag::numDistinctApprox",1024,0.1,352750
VAR,int64_t,"AnalysisFlag::min, AnalysisFlag::max, AnalysisFlag::mean, AnalysisFlag::sparsity, AnalysisFlag::numDistinctApprox",1024,0.1,354465
VAR,int64_t,"AnalysisFlag::min, AnalysisFlag::max, AnalysisFlag::mean, AnalysisFlag::sparsity, AnalysisFlag::numDistinctApprox",1024,0.1,358123
VAR,int64_t,"AnalysisFlag::min, AnalysisFlag::max, AnalysisFlag::mean, AnalysisFlag::sparsity, AnalysisFlag::numDistinctApprox",1024,0.1,355172
VAR,int64_t,"AnalysisFlag::min, AnalysisFlag::max, AnalysisFlag::mean, AnalysisFlag::sparsity, AnalysisFlag::numDistinctApprox",1024,0.1,358540
VAR,int64_t,"AnalysisFlag::min, AnalysisFlag::max, AnalysisFlag::mean, AnalysisFlag::sparsity, AnalysisFlag::numDistinctApprox",2048,0.1,1.26747e+06
VAR,int64_t,"AnalysisFlag::min, AnalysisFlag::max, AnalysisFlag::mean, AnalysisFlag::sparsity, AnalysisFlag::numDistinctApprox",2048,0.1,1.25692e+06
VAR,int64_t,"AnalysisFlag::min, AnalysisFlag::max, AnalysisFlag::mean, AnalysisFlag::sparsity, AnalysisFlag::numDistinctApprox",2048,0.1,1.25952e+06
VAR,int64_t,"AnalysisFlag::min, AnalysisFlag::max, AnalysisFlag::mean, AnalysisFlag::sparsity, AnalysisFlag::numDistinctApprox",2048,0.1,1.26183e+06
VAR,int64_t,"AnalysisFlag::min, AnalysisFlag::max, AnalysisFlag::mean, AnalysisFlag::sparsity, AnalysisFlag::numDistinctApprox",2048,0.1,1.25785e+06
VAR,int64_t,"AnalysisFlag::min, AnalysisFlag::max, AnalysisFlag::mean, AnalysisFlag::sparsity, AnalysisFlag::numDistinctApprox",2048,0.1,1.26034e+06
VAR,int64_t,"AnalysisFlag::min, AnalysisFlag::max, AnalysisFlag::mean, AnalysisFlag::sparsity, AnalysisFlag::numDistinctApprox",2048,0.1,1.25805e+06
VAR,int64_t,"AnalysisFlag::min, AnalysisFlag::max, AnalysisFlag::mean, AnalysisFlag::sparsity, AnalysisFlag::numDistinctApprox",2048,0.1,1.26281e+06
VAR,int64_t,"AnalysisFlag::min, AnalysisFlag::max, AnalysisFlag::mean, AnalysisFlag::sparsity, AnalysisFlag::numDistinctApprox",2048,0.1,1.2625e+06
VAR,int64_t,"AnalysisFlag::min, AnalysisFlag::max, AnalysisFlag::mean, AnalysisFlag::sparsity, AnalysisFlag::numDistinctApprox",2048,0.1,1.25984e+06
VAR,int64_t,"AnalysisFlag::min, AnalysisFlag::max, AnalysisFlag::mean, AnalysisFlag::sparsity, AnalysisFlag::numDistinctApprox",4096,0.1,5.52109e+06
VAR,int64_t,"AnalysisFlag::min, AnalysisFlag::max, AnalysisFlag::mean, AnalysisFlag::sparsity, AnalysisFlag::numDistinctApprox",4096,0.1,5.5596e+06
VAR,int64_t,"AnalysisFlag::min, AnalysisFlag::max, AnalysisFlag::mean, AnalysisFlag::sparsity, AnalysisFlag::numDistinctApprox",4096,0.1,5.52523e+06
VAR,int64_t,"AnalysisFlag::min, AnalysisFlag::max, AnalysisFlag::mean, AnalysisFlag::sparsity, AnalysisFlag::numDistinctApprox",4096,0.1,5.56186e+06
VAR,int64_t,"AnalysisFlag::min, AnalysisFlag::max, AnalysisFlag::mean, AnalysisFlag::sparsity, AnalysisFlag::numDistinctApprox",4096,0.1,5.50597e+06
VAR,int64_t,"AnalysisFlag::min, AnalysisFlag::max, AnalysisFlag::mean, AnalysisFlag::sparsity, AnalysisFlag::numDistinctApprox",4096,0.1,5.49213e+06
VAR,int64_t,"AnalysisFlag::min, AnalysisFlag::max, AnalysisFlag::mean, AnalysisFlag::sparsity, AnalysisFlag::numDistinctApprox",4096,0.1,5.53286e+06
VAR,int64_t,"AnalysisFlag::min, AnalysisFlag::max, AnalysisFlag::mean, AnalysisFlag::sparsity, AnalysisFlag::numDistinctApprox",4096,0.1,5.51922e+06
VAR,int64_t,"AnalysisFlag::min, AnalysisFlag::max, AnalysisFlag::mean, AnalysisFlag::sparsity, AnalysisFlag::numDistinctApprox",4096,0.1,5.518e+06
VAR,int64_t,"AnalysisFlag::min, AnalysisFlag::max, AnalysisFlag::mean, AnalysisFlag::sparsity, AnalysisFlag::numDistinctApprox",4096,0.1,5.5052e+06
VAR,double,"AnalysisFlag::min, AnalysisFlag::max, AnalysisFlag::mean, AnalysisFlag::sparsity, AnalysisFlag::numDistinctApprox",1024,0.2,616224
VAR,double,"AnalysisFlag::min, AnalysisFlag::max, AnalysisFlag::mean, AnalysisFlag::sparsity, AnalysisFlag::numDistinctApprox",1024,0.2,612205
VAR,double,"AnalysisFlag::min, AnalysisFlag::max, AnalysisFlag::mean, AnalysisFlag::sparsity, AnalysisFlag::numDistinctApprox",1024,0.2,649509
VAR,double,"AnalysisFlag::min, AnalysisFlag::max, AnalysisFlag::mean, AnalysisFlag::sparsity, AnalysisFlag::numDistinctApprox",1024,0.2,607281
VAR,double,"AnalysisFlag::min, AnalysisFlag::max, AnalysisFlag::mean, AnalysisFlag::sparsity, AnalysisFlag::numDistinctApprox",1024,0.2,608639
VAR,double,"AnalysisFlag::min, AnalysisFlag::max, AnalysisFlag::mean, AnalysisFlag::sparsity, AnalysisFlag::numDistinctApprox",1024,0.2,612913
VAR,double,"AnalysisFlag::min, AnalysisFlag::max, AnalysisFlag::mean, AnalysisFlag::sparsity, AnalysisFlag::numDistinctApprox",1024,0.2,613505
VAR,double,"AnalysisFlag::min, AnalysisFlag::max, AnalysisFlag::mean, AnalysisFlag::sparsity, AnalysisFlag::numDistinctApprox",1024,0.2,647342
VAR,double,"AnalysisFlag::min, AnalysisFlag::max, AnalysisFlag::mean, AnalysisFlag::sparsity, AnalysisFlag::numDistinctApprox",1024,0.2,606584
VAR,double,"AnalysisFlag::min, AnalysisFlag::max, AnalysisFlag::mean, AnalysisFlag::sparsity, AnalysisFlag::numDistinctApprox",1024,0.2,646296
VAR,double,"AnalysisFlag::min, AnalysisFlag::max, AnalysisFlag::mean, AnalysisFlag::sparsity, AnalysisFlag::numDistinctApprox",2048,0.2,2.38247e+06
VAR,double,"AnalysisFlag::min, AnalysisFlag::max, AnalysisFlag::mean, AnalysisFlag::sparsity, AnalysisFlag::numDistinctApprox",2048,0.2,2.40494e+06
VAR,double,"AnalysisFlag::min, AnalysisFlag::max, AnalysisFlag::mean, AnalysisFlag::sparsity, AnalysisFlag::numDistinctApprox",2048,0.2,2.34318e+06
VAR,double,"AnalysisFlag::min, AnalysisFlag::max, AnalysisFlag::mean, AnalysisFlag::sparsity, AnalysisFlag::numDistinctApprox",2048,0.2,2.43087e+06
VAR,double,"AnalysisFlag::min, AnalysisFlag::max, AnalysisFlag::mean, AnalysisFlag::sparsity, AnalysisFlag::numDistinctApprox",2048,0.2,2.43249e+06
VAR,double,"AnalysisFlag::min, AnalysisFlag::max, AnalysisFlag::mean, AnalysisFlag::sparsity, AnalysisFlag::numDistinctApprox",2048,0.2,2.42497e+06
VAR,double,"AnalysisFlag::min, AnalysisFlag::max, AnalysisFlag::mean, AnalysisFlag::sparsity, AnalysisFlag::numDistinctApprox",2048,0.2,2.36256e+06
VAR,double,"AnalysisFlag::min, AnalysisFlag::max, AnalysisFlag::mean, AnalysisFlag::sparsity, AnalysisFlag::numDistinctApprox",2048,0.2,2.388e+06
VAR,double,"AnalysisFlag::min, AnalysisFlag::max, AnalysisFlag::mean, AnalysisFlag::sparsity, AnalysisFlag::numDistinctApprox",2048,0.2,2.43775e+06
VAR,double,"AnalysisFlag::min, AnalysisFlag::max, AnalysisFlag::mean, AnalysisFlag::sparsity, AnalysisFlag::numDistinctApprox",2048,0.2,2.40222e+06
VAR,double,"AnalysisFlag::min, AnalysisFlag::max, AnalysisFlag::mean, AnalysisFlag::sparsity, AnalysisFlag::numDistinctApprox",4096,0.2,1.14433e+07
VAR,double,"AnalysisFlag::min, AnalysisFlag::max, AnalysisFlag::mean, AnalysisFlag::sparsity, AnalysisFlag::numDistinctApprox",4096,0.2,1.14379e+07
VAR,double,"AnalysisFlag::min, AnalysisFlag::max, AnalysisFlag::mean, AnalysisFlag::sparsity, AnalysisFlag::numDistinctApprox",4096,0.2,1.144e+07
VAR,double,"AnalysisFlag::min, AnalysisFlag::max, AnalysisFlag::mean, AnalysisFlag::sparsity, AnalysisFlag::numDistinctApprox",4096,0.2,1.14339e+07
VAR,double,"AnalysisFlag::min, AnalysisFlag::max, AnalysisFlag::mean, AnalysisFlag::sparsity, AnalysisFlag::numDistinctApprox",4096,0.2,1.1429e+07
VAR,double,"AnalysisFlag::min, AnalysisFlag::max, AnalysisFlag::mean, AnalysisFlag::sparsity, AnalysisFlag::numDistinctApprox",4096,0.2,1.14207e+07
VAR,double,"AnalysisFlag::min, AnalysisFlag::max, AnalysisFlag::mean, AnalysisFlag::sparsity, AnalysisFlag::numDistinctApprox",4096,0.2,1.1452e+07
VAR,double,"AnalysisFlag::min, AnalysisFlag::max, AnalysisFlag::mean, AnalysisFlag::sparsity, AnalysisFlag::numDistinctApprox",4096,0.2,1.1413e+07
VAR,double,"AnalysisFlag::min, AnalysisFlag::max, AnalysisFlag::mean, AnalysisFlag::sparsity, AnalysisFlag::numDistinctApprox",4096,0.2,1.14382e+07
VAR,double,"AnalysisFlag::min, AnalysisFlag::max, AnalysisFlag::mean, AnalysisFlag::sparsity, AnalysisFlag::numDistinctApprox",4096,0.2,1.14193e+07
VAR,int64_t,"AnalysisFlag::min, AnalysisFlag::max, AnalysisFlag::mean, AnalysisFlag::sparsity, AnalysisFlag::numDistinctApprox",1024,0.2,624420
VAR,int64_t,"AnalysisFlag::min, AnalysisFlag::max, AnalysisFlag::mean, AnalysisFlag::sparsity, AnalysisFlag::numDistinctApprox",1024,0.2,618206
VAR,int64_t,"AnalysisFlag::min, AnalysisFlag::max, AnalysisFlag::mean, AnalysisFlag::sparsity, AnalysisFlag::numDistinctApprox",1024,0.2,618513
VAR,int64_t,"AnalysisFlag::min, AnalysisFlag::max, AnalysisFlag::mean, AnalysisFlag::sparsity, AnalysisFlag::numDistinctApprox",1024,0.2,614963
VAR,int64_t,"AnalysisFlag::min, AnalysisFlag::max, AnalysisFlag::mean, AnalysisFlag::sparsity, AnalysisFlag::numDistinctApprox",1024,0.2,611383
VAR,int64_t,"AnalysisFlag::min, AnalysisFlag::max, AnalysisFlag::mean, AnalysisFlag::sparsity, AnalysisFlag::numDistinctApprox",1024,0.2,609923
VAR,int64_t,"AnalysisFlag::min, AnalysisFlag::max, AnalysisFlag::mean, AnalysisFlag::sparsity, AnalysisFlag::numDistinctApprox",1024,0.2,614647
VAR,int64_t,"AnalysisFlag::min, AnalysisFlag::max, AnalysisFlag::mean, AnalysisFlag::sparsity, AnalysisFlag::numDistinctApprox",1024,0.2,612580
VAR,int64_t,"AnalysisFlag::min, AnalysisFlag::max, AnalysisFlag::mean, AnalysisFlag::sparsity, AnalysisFlag::numDistinctApprox",1024,0.2,613988
VAR,int64_t,"AnalysisFlag::min, AnalysisFlag::max, AnalysisFlag::mean, AnalysisFlag::sparsity, AnalysisFlag::numDistinctApprox",1024,0.2,612899
VAR,int64_t,"AnalysisFlag::min, AnalysisFlag::max, AnalysisFlag::mean, AnalysisFlag::sparsity, AnalysisFlag::numDistinctApprox",2048,0.2,2.24647e+06
VAR,int64_t,"AnalysisFlag::min, AnalysisFlag::max, AnalysisFlag::mean, AnalysisFlag::sparsity, AnalysisFlag::numDistinctApprox",2048,0.2,2.21427e+06
VAR,int64_t,"AnalysisFlag::min, AnalysisFlag::max, AnalysisFlag::mean, AnalysisFlag::sparsity, AnalysisFlag::numDistinctApprox",2048,0.2,2.21128e+06
VAR,int64_t,"AnalysisFlag::min, AnalysisFlag::max, AnalysisFlag::mean, AnalysisFlag::sparsity, AnalysisFlag::numDistinctApprox",2048,0.2,2.21052e+06
VAR,int64_t,"AnalysisFlag::min, AnalysisFlag::max, AnalysisFlag::mean, AnalysisFlag::sparsity, AnalysisFlag::numDistinctApprox",2048,0.2,2.20935e+06
VAR,int64_t,"AnalysisFlag::min, AnalysisFlag::max, AnalysisFlag::mean, AnalysisFlag::sparsity, AnalysisFlag::numDistinctApprox",2048,0.2,2.21105e+06
VAR,int64_t,"AnalysisFlag::min, AnalysisFlag::max, AnalysisFlag::mean, AnalysisFlag::sparsity, AnalysisFlag::numDistinctApprox",2048,0.2,2.21062e+06
VAR,int64_t,"AnalysisFlag::min, AnalysisFlag::max, AnalysisFlag::mean, AnalysisFlag::sparsity, AnalysisFlag::numDistinctApprox",2048,0.2,2.2113e+06
VAR,int64_t,"AnalysisFlag::min, AnalysisFlag::max, AnalysisFlag::mean, AnalysisFlag::sparsity, AnalysisFlag::numDistinctApprox",2048,0.2,2.20921e+06
VAR,int64_t,"AnalysisFlag::min, AnalysisFlag::max, AnalysisFlag::mean, AnalysisFlag::sparsity, AnalysisFlag::numDistinctApprox",2048,0.2,2.22122e+06
VAR,int64_t,"AnalysisFlag::min, AnalysisFlag::max, AnalysisFlag::mean, AnalysisFlag::sparsity, AnalysisFlag::numDistinctApprox",4096,0.2,1.0026e+07
VAR,int64_t,"AnalysisFlag::min, AnalysisFlag::max, AnalysisFlag::mean, AnalysisFlag::sparsity, AnalysisFlag::numDistinctApprox",4096,0.2,1.00168e+07
VAR,int64_t,"AnalysisFlag::min, AnalysisFlag::max, AnalysisFlag::mean, AnalysisFlag::sparsity, AnalysisFlag::numDistinctApprox",4096,0.2,1.00007e+07
VAR,int64_t,"AnalysisFlag::min, AnalysisFlag::max, AnalysisFlag::mean, AnalysisFlag::sparsity, AnalysisFlag::numDistinctApprox",4096,0.2,1.00355e+07
VAR,int64_t,"AnalysisFlag::min, AnalysisFlag::max, AnalysisFlag::mean, AnalysisFlag::sparsity, AnalysisFlag::numDistinctApprox",4096,0.2,1.00252e+07
VAR,int64_t,"AnalysisFlag::min, AnalysisFlag::max, AnalysisFlag::mean, AnalysisFlag::sparsity, AnalysisFlag::numDistinctApprox",4096,0.2,9.99501e+06
VAR,int64_t,"AnalysisFlag::min, AnalysisFlag::max, AnalysisFlag::mean, AnalysisFlag::sparsity, AnalysisFlag::numDistinctApprox",4096,0.2,1.00143e+07
VAR,int64_t,"AnalysisFlag::min, AnalysisFlag::max, AnalysisFlag::mean, AnalysisFlag::sparsity, AnalysisFlag::numDistinctApprox",4096,0.2,1.00074e+07
VAR,int64_t,"AnalysisFlag::min, AnalysisFlag::max, AnalysisFlag::mean, AnalysisFlag::sparsity, AnalysisFlag::numDistinctApprox",4096,0.2,1.0113e+07
VAR,int64_t,"AnalysisFlag::min, AnalysisFlag::max, AnalysisFlag::mean, AnalysisFlag::sparsity, AnalysisFlag::numDistinctApprox",4096,0.2,1.00217e+07
VAR,double,"AnalysisFlag::min, AnalysisFlag::max, AnalysisFlag::mean, AnalysisFlag::sparsity, AnalysisFlag::numDistinctApprox",1024,0.25,1.73954e+06
VAR,double,"AnalysisFlag::min, AnalysisFlag::max, AnalysisFlag::mean, AnalysisFlag::sparsity, AnalysisFlag::numDistinctApprox",1024,0.25,1.72501e+06
VAR,double,"AnalysisFlag::min, AnalysisFlag::max, AnalysisFlag::mean, AnalysisFlag::sparsity, AnalysisFlag::numDistinctApprox",1024,0.25,1.71925e+06
VAR,double,"AnalysisFlag::min, AnalysisFlag::max, AnalysisFlag::mean, AnalysisFlag::sparsity, AnalysisFlag::numDistinctApprox",1024,0.25,1.72012e+06
VAR,double,"AnalysisFlag::min, AnalysisFlag::max, AnalysisFlag::mean, AnalysisFlag::sparsity, AnalysisFlag::numDistinctApprox",1024,0.25,1.7276e+06
VAR,double,"AnalysisFlag::min, AnalysisFlag::max, AnalysisFlag::mean, AnalysisFlag::sparsity, AnalysisFlag::numDistinctApprox",1024,0.25,1.72176e+06
VAR,double,"AnalysisFlag::min, AnalysisFlag::max, AnalysisFlag::mean, AnalysisFlag::sparsity, AnalysisFlag::numDistinctApprox",1024,0.25,1.7074e+06
VAR,double,"AnalysisFlag::min, AnalysisFlag::max, AnalysisFlag::mean, AnalysisFlag::sparsity, AnalysisFlag::numDistinctApprox",1024,0.25,1.70405e+06
VAR,double,"AnalysisFlag::min, AnalysisFlag::max, AnalysisFlag::mean, AnalysisFlag::sparsity, AnalysisFlag::numDistinctApprox",1024,0.25,1.72318e+06
VAR,double,"AnalysisFlag::min, AnalysisFlag::max, AnalysisFlag::mean, AnalysisFlag::sparsity, AnalysisFlag::numDistinctApprox",1024,0.25,1.71073e+06
VAR,double,"AnalysisFlag::min, AnalysisFlag::max, AnalysisFlag::mean, AnalysisFlag::sparsity, AnalysisFlag::numDistinctApprox",2048,0.25,7.56538e+06
VAR,double,"AnalysisFlag::min, AnalysisFlag::max, AnalysisFlag::mean, AnalysisFlag::sparsity, AnalysisFlag::numDistinctApprox",2048,0.25,7.5167e+06
VAR,double,"AnalysisFlag::min, AnalysisFlag::max, AnalysisFlag::mean, AnalysisFlag::sparsity, AnalysisFlag::numDistinctApprox",2048,0.25,7.5076e+06
VAR,double,"AnalysisFlag::min, AnalysisFlag::max, AnalysisFlag::mean, AnalysisFlag::sparsity, AnalysisFlag::numDistinctApprox",2048,0.25,7.50007e+06
VAR,double,"AnalysisFlag::min, AnalysisFlag::max, AnalysisFlag::mean, AnalysisFlag::sparsity, AnalysisFlag::numDistinctApprox",2048,0.25,7.46718e+06
VAR,double,"AnalysisFlag::min, AnalysisFlag::max, AnalysisFlag::mean, AnalysisFlag::sparsity, AnalysisFlag::numDistinctApprox",2048,0.25,7.48836e+06
VAR,double,"AnalysisFlag::min, AnalysisFlag::max, AnalysisFlag::mean, AnalysisFlag::sparsity, AnalysisFlag::numDistinctApprox",2048,0.25,7.50606e+06
VAR,double,"AnalysisFlag::min, AnalysisFlag::max, AnalysisFlag::mean, AnalysisFlag::sparsity, AnalysisFlag::numDistinctApprox",2048,0.25,7.4777e+06
VAR,double,"AnalysisFlag::min, AnalysisFlag::max, AnalysisFlag::mean, AnalysisFlag::sparsity, AnalysisFlag::numDistinctApprox",2048,0.25,7.53147e+06
VAR,double,"AnalysisFlag::min, AnalysisFlag::max, AnalysisFlag::mean, AnalysisFlag::sparsity, AnalysisFlag::numDistinctApprox",2048,0.25,7.46643e+06
VAR,double,"AnalysisFlag::min, AnalysisFlag::max, AnalysisFlag::mean, AnalysisFlag::sparsity, AnalysisFlag::numDistinctApprox",4096,0.25,3.12347e+07
VAR,double,"AnalysisFlag::min, AnalysisFlag::max, AnalysisFlag::mean, AnalysisFlag::sparsity, AnalysisFlag::numDistinctApprox",4096,0.25,3.12764e+07
VAR,double,"AnalysisFlag::min, AnalysisFlag::max, AnalysisFlag::mean, AnalysisFlag::sparsity, AnalysisFlag::numDistinctApprox",4096,0.25,3.12234e+07
VAR,double,"AnalysisFlag::min, AnalysisFlag::max, AnalysisFlag::mean, AnalysisFlag::sparsity, AnalysisFlag::numDistinctApprox",4096,0.25,3.12872e+07
VAR,double,"AnalysisFlag::min, AnalysisFlag::max, AnalysisFlag::mean, AnalysisFlag::sparsity, AnalysisFlag::numDistinctApprox",4096,0.25,3.12917e+07
VAR,double,"AnalysisFlag::min, AnalysisFlag::max, AnalysisFlag::mean, AnalysisFlag::sparsity, AnalysisFlag::numDistinctApprox",4096,0.25,3.12728e+07
VAR,double,"AnalysisFlag::min, AnalysisFlag::max, AnalysisFlag::mean, AnalysisFlag::sparsity, AnalysisFlag::numDistinctApprox",4096,0.25,3.12868e+07
VAR,double,"AnalysisFlag::min, AnalysisFlag::max, AnalysisFlag::mean, AnalysisFlag::sparsity, AnalysisFlag::numDistinctApprox",4096,0.25,3.12526e+07
VAR,double,"AnalysisFlag::min, AnalysisFlag::max, AnalysisFlag::mean, AnalysisFlag::sparsity, AnalysisFlag::numDistinctApprox",4096,0.25,3.12975e+07
VAR,double,"AnalysisFlag::min, AnalysisFlag::max, AnalysisFlag::mean, AnalysisFlag::sparsity, AnalysisFlag::numDistinctApprox",4096,0.25,3.12681e+07
VAR,int64_t,"AnalysisFlag::min, AnalysisFlag::max, AnalysisFlag::mean, AnalysisFlag::sparsity, AnalysisFlag::numDistinctApprox",1024,0.25,1.84642e+06
VAR,int64_t,"AnalysisFlag::min, AnalysisFlag::max, AnalysisFlag::mean, AnalysisFlag::sparsity, AnalysisFlag::numDistinctApprox",1024,0.25,1.83645e+06
VAR,int64_t,"AnalysisFlag::min, AnalysisFlag::max, AnalysisFlag::mean, AnalysisFlag::sparsity, AnalysisFlag::numDistinctApprox",1024,0.25,1.83952e+06
VAR,int64_t,"AnalysisFlag::min, AnalysisFlag::max, AnalysisFlag::mean, AnalysisFlag::sparsity, AnalysisFlag::numDistinctApprox",1024,0.25,1.76807e+06
VAR,int64_t,"AnalysisFlag::min, AnalysisFlag::max, AnalysisFlag::mean, AnalysisFlag::sparsity, AnalysisFlag::numDistinctApprox",1024,0.25,1.72556e+06
VAR,int64_t,"AnalysisFlag::min, AnalysisFlag::max, AnalysisFlag::mean, AnalysisFlag::sparsity, AnalysisFlag::numDistinctApprox",1024,0.25,1.72513e+06
VAR,int64_t,"AnalysisFlag::min, AnalysisFlag::max, AnalysisFlag::mean, AnalysisFlag::sparsity, AnalysisFlag::numDistinctApprox",1024,0.25,1.83935e+06
VAR,int64_t,"AnalysisFlag::min, AnalysisFlag::max, AnalysisFlag::mean, AnalysisFlag::sparsity, AnalysisFlag::numDistinctApprox",1024,0.25,1.7235e+06
VAR,int64_t,"AnalysisFlag::min, AnalysisFlag::max, AnalysisFlag::mean, AnalysisFlag::sparsity, AnalysisFlag::numDistinctApprox",1024,0.25,1.78628e+06
VAR,int64_t,"AnalysisFlag::min, AnalysisFlag::max, AnalysisFlag::mean, AnalysisFlag::sparsity, AnalysisFlag::numDistinctApprox",1024,0.25,1.81435e+06
VAR,int64_t,"AnalysisFlag::min, AnalysisFlag::max, AnalysisFlag::mean, AnalysisFlag::sparsity, AnalysisFlag::numDistinctApprox",2048,0.25,7.76358e+06
VAR,int64_t,"AnalysisFlag::min, AnalysisFlag::max, AnalysisFlag::mean, AnalysisFlag::sparsity, AnalysisFlag::numDistinctApprox",2048,0.25,7.74623e+06
VAR,int64_t,"AnalysisFlag::min, AnalysisFlag::max, AnalysisFlag::mean, AnalysisFlag::sparsity, AnalysisFlag::numDistinctApprox",2048,0.25,7.71482e+06
VAR,int64_t,"AnalysisFlag::min, AnalysisFlag::max, AnalysisFlag::mean, AnalysisFlag::sparsity, AnalysisFlag::numDistinctApprox",2048,0.25,7.74655e+06
VAR,int64_t,"AnalysisFlag::min, AnalysisFlag::max, AnalysisFlag::mean, AnalysisFlag::sparsity, AnalysisFlag::numDistinctApprox",2048,0.25,7.75776e+06
VAR,int64_t,"AnalysisFlag::min, AnalysisFlag::max, AnalysisFlag::mean, AnalysisFlag::sparsity, AnalysisFlag::numDistinctApprox",2048,0.25,7.76445e+06
VAR,int64_t,"AnalysisFlag::min, AnalysisFlag::max, AnalysisFlag::mean, AnalysisFlag::sparsity, AnalysisFlag::numDistinctApprox",2048,0.25,7.74356e+06
VAR,int64_t,"AnalysisFlag::min, AnalysisFlag::max, AnalysisFlag::mean, AnalysisFlag::sparsity, AnalysisFlag::numDistinctApprox",2048,0.25,7.7603e+06
VAR,int64_t,"AnalysisFlag::min, AnalysisFlag::max, AnalysisFlag::mean, AnalysisFlag::sparsity, AnalysisFlag::numDistinctApprox",2048,0.25,7.75749e+06
VAR,int64_t,"AnalysisFlag::min, AnalysisFlag::max, AnalysisFlag::mean, AnalysisFlag::sparsity, AnalysisFlag::numDistinctApprox",2048,0.25,7.75112e+06
VAR,int64_t,"AnalysisFlag::min, AnalysisFlag::max, AnalysisFlag::mean, AnalysisFlag::sparsity, AnalysisFlag::numDistinctApprox",4096,0.25,3.12477e+07
VAR,int64_t,"AnalysisFlag::min, AnalysisFlag::max, AnalysisFlag::mean, AnalysisFlag::sparsity, AnalysisFlag::numDistinctApprox",4096,0.25,3.12673e+07
VAR,int64_t,"AnalysisFlag::min, AnalysisFlag::max, AnalysisFlag::mean, AnalysisFlag::sparsity, AnalysisFlag::numDistinctApprox",4096,0.25,3.12633e+07
VAR,int64_t,"AnalysisFlag::min, AnalysisFlag::max, AnalysisFlag::mean, AnalysisFlag::sparsity, AnalysisFlag::numDistinctApprox",4096,0.25,3.12377e+07
VAR,int64_t,"AnalysisFlag::min, AnalysisFlag::max, AnalysisFlag::mean, AnalysisFlag::sparsity, AnalysisFlag::numDistinctApprox",4096,0.25,3.12868e+07
VAR,int64_t,"AnalysisFlag::min, AnalysisFlag::max, AnalysisFlag::mean, AnalysisFlag::sparsity, AnalysisFlag::numDistinctApprox",4096,0.25,3.12485e+07
VAR,int64_t,"AnalysisFlag::min, AnalysisFlag::max, AnalysisFlag::mean, AnalysisFlag::sparsity, AnalysisFlag::numDistinctApprox",4096,0.25,3.12787e+07
VAR,int64_t,"AnalysisFlag::min, AnalysisFlag::max, AnalysisFlag::mean, AnalysisFlag::sparsity, AnalysisFlag::numDistinctApprox",4096,0.25,3.12381e+07
VAR,int64_t,"AnalysisFlag::min, AnalysisFlag::max, AnalysisFlag::mean, AnalysisFlag::sparsity, AnalysisFlag::numDistinctApprox",4096,0.25,3.12755e+07
VAR,int64_t,"AnalysisFlag::min, AnalysisFlag::max, AnalysisFlag::mean, AnalysisFlag::sparsity, AnalysisFlag::numDistinctApprox",4096,0.25,3.12634e+07
VAR,double,"AnalysisFlag::min, AnalysisFlag::max, AnalysisFlag::mean, AnalysisFlag::sparsity, AnalysisFlag::numDistinctApprox",1024,1,1.96929e+06
VAR,double,"AnalysisFlag::min, AnalysisFlag::max, AnalysisFlag::mean, AnalysisFlag::sparsity, AnalysisFlag::numDistinctApprox",1024,1,1.71886e+06
VAR,double,"AnalysisFlag::min, AnalysisFlag::max, AnalysisFlag::mean, AnalysisFlag::sparsity, AnalysisFlag::numDistinctApprox",1024,1,1.72052e+06
VAR,double,"AnalysisFlag::min, AnalysisFlag::max, AnalysisFlag::mean, AnalysisFlag::sparsity, AnalysisFlag::numDistinctApprox",1024,1,1.72301e+06
VAR,double,"AnalysisFlag::min, AnalysisFlag::max, AnalysisFlag::mean, AnalysisFlag::sparsity, AnalysisFlag::numDistinctApprox",1024,1,1.72523e+06
VAR,double,"AnalysisFlag::min, AnalysisFlag::max, AnalysisFlag::mean, AnalysisFlag::sparsity, AnalysisFlag::numDistinctApprox",1024,1,1.71822e+06
VAR,double,"AnalysisFlag::min, AnalysisFlag::max, AnalysisFlag::mean, AnalysisFlag::sparsity, AnalysisFlag::numDistinctApprox",1024,1,1.72112e+06
VAR,double,"AnalysisFlag::min, AnalysisFlag::max, AnalysisFlag::mean, AnalysisFlag::sparsity, AnalysisFlag::numDistinctApprox",1024,1,1.72379e+06
VAR,double,"AnalysisFlag::min, AnalysisFlag::max, AnalysisFlag::mean, AnalysisFlag::sparsity, AnalysisFlag::numDistinctApprox",1024,1,1.71791e+06
VAR,double,"AnalysisFlag::min, AnalysisFlag::max, AnalysisFlag::mean, AnalysisFlag::sparsity, AnalysisFlag::numDistinctApprox",1024,1,1.70963e+06
VAR,double,"AnalysisFlag::min, AnalysisFlag::max, AnalysisFlag::mean, AnalysisFlag::sparsity, AnalysisFlag::numDistinctApprox",2048,1,7.67032e+06
VAR,double,"AnalysisFlag::min, AnalysisFlag::max, AnalysisFlag::mean, AnalysisFlag::sparsity, AnalysisFlag::numDistinctApprox",2048,1,7.56336e+06
VAR,double,"AnalysisFlag::min, AnalysisFlag::max, AnalysisFlag::mean, AnalysisFlag::sparsity, AnalysisFlag::numDistinctApprox",2048,1,7.55846e+06
VAR,double,"AnalysisFlag::min, AnalysisFlag::max, AnalysisFlag::mean, AnalysisFlag::sparsity, AnalysisFlag::numDistinctApprox",2048,1,7.57157e+06
VAR,double,"AnalysisFlag::min, AnalysisFlag::max, AnalysisFlag::mean, AnalysisFlag::sparsity, AnalysisFlag::numDistinctApprox",2048,1,7.5381e+06
VAR,double,"AnalysisFlag::min, AnalysisFlag::max, AnalysisFlag::mean, AnalysisFlag::sparsity, AnalysisFlag::numDistinctApprox",2048,1,7.51009e+06
VAR,double,"AnalysisFlag::min, AnalysisFlag::max, AnalysisFlag::mean, AnalysisFlag::sparsity, AnalysisFlag::numDistinctApprox",2048,1,7.5367e+06
VAR,double,"AnalysisFlag::min, AnalysisFlag::max, AnalysisFlag::mean, AnalysisFlag::sparsity, AnalysisFlag::numDistinctApprox",2048,1,7.54602e+06
VAR,double,"AnalysisFlag::min, AnalysisFlag::max, AnalysisFlag::mean, AnalysisFlag::sparsity, AnalysisFlag::numDistinctApprox",2048,1,7.55116e+06
VAR,double,"AnalysisFlag::min, AnalysisFlag::max, AnalysisFlag::mean, AnalysisFlag::sparsity, AnalysisFlag::numDistinctApprox",2048,1,7.56188e+06
VAR,double,"AnalysisFlag::min, AnalysisFlag::max, AnalysisFlag::mean, AnalysisFlag::sparsity, AnalysisFlag::numDistinctApprox",4096,1,3.13764e+07
VAR,double,"AnalysisFlag::min, AnalysisFlag::max, AnalysisFlag::mean, AnalysisFlag::sparsity, AnalysisFlag::numDistinctApprox",4096,1,3.12315e+07
VAR,double,"AnalysisFlag::min, AnalysisFlag::max, AnalysisFlag::mean, AnalysisFlag::sparsity, AnalysisFlag::numDistinctApprox",4096,1,3.12591e+07
VAR,double,"AnalysisFlag::min, AnalysisFlag::max, AnalysisFlag::mean, AnalysisFlag::sparsity, AnalysisFlag::numDistinctApprox",4096,1,3.12693e+07
VAR,double,"AnalysisFlag::min, AnalysisFlag::max, AnalysisFlag::mean, AnalysisFlag::sparsity, AnalysisFlag::numDistinctApprox",4096,1,3.12403e+07
VAR,double,"AnalysisFlag::min, AnalysisFlag::max, AnalysisFlag::mean, AnalysisFlag::sparsity, AnalysisFlag::numDistinctApprox",4096,1,3.14044e+07
VAR,double,"AnalysisFlag::min, AnalysisFlag::max, AnalysisFlag::mean, AnalysisFlag::sparsity, AnalysisFlag::numDistinctApprox",4096,1,3.12386e+07
VAR,double,"AnalysisFlag::min, AnalysisFlag::max, AnalysisFlag::mean, AnalysisFlag::sparsity, AnalysisFlag::numDistinctApprox",4096,1,3.1247e+07
VAR,double,"AnalysisFlag::min, AnalysisFlag::max, AnalysisFlag::mean, AnalysisFlag::sparsity, AnalysisFlag::numDistinctApprox",4096,1,3.12469e+07
VAR,double,"AnalysisFlag::min, AnalysisFlag::max, AnalysisFlag::mean, AnalysisFlag::sparsity, AnalysisFlag::numDistinctApprox",4096,1,3.12532e+07
VAR,int64_t,"AnalysisFlag::min, AnalysisFlag::max, AnalysisFlag::mean, AnalysisFlag::sparsity, AnalysisFlag::numDistinctApprox",1024,1,2.00294e+06
VAR,int64_t,"AnalysisFlag::min, AnalysisFlag::max, AnalysisFlag::mean, AnalysisFlag::sparsity, AnalysisFlag::numDistinctApprox",1024,1,1.76782e+06
VAR,int64_t,"AnalysisFlag::min, AnalysisFlag::max, AnalysisFlag::mean, AnalysisFlag::sparsity, AnalysisFlag::numDistinctApprox",1024,1,1.73503e+06
VAR,int64_t,"AnalysisFlag::min, AnalysisFlag::max, AnalysisFlag::mean, AnalysisFlag::sparsity, AnalysisFlag::numDistinctApprox",1024,1,1.73318e+06
VAR,int64_t,"AnalysisFlag::min, AnalysisFlag::max, AnalysisFlag::mean, AnalysisFlag::sparsity, AnalysisFlag::numDistinctApprox",1024,1,1.80077e+06
VAR,int64_t,"AnalysisFlag::min, AnalysisFlag::max, AnalysisFlag::mean, AnalysisFlag::sparsity, AnalysisFlag::numDistinctApprox",1024,1,1.73036e+06
VAR,int64_t,"AnalysisFlag::min, AnalysisFlag::max, AnalysisFlag::mean, AnalysisFlag::sparsity, AnalysisFlag::numDistinctApprox",1024,1,1.72796e+06
VAR,int64_t,"AnalysisFlag::min, AnalysisFlag::max, AnalysisFlag::mean, AnalysisFlag::sparsity, AnalysisFlag::numDistinctApprox",1024,1,1.72914e+06
VAR,int64_t,"AnalysisFlag::min, AnalysisFlag::max, AnalysisFlag::mean, AnalysisFlag::sparsity, AnalysisFlag::numDistinctApprox",1024,1,1.73536e+06
VAR,int64_t,"AnalysisFlag::min, AnalysisFlag::max, AnalysisFlag::mean, AnalysisFlag::sparsity, AnalysisFlag::numDistinctApprox",1024,1,1.73328e+06
VAR,int64_t,"AnalysisFlag::min, AnalysisFlag::max, AnalysisFlag::mean, AnalysisFlag::sparsity, AnalysisFlag::numDistinctApprox",2048,1,7.81441e+06
VAR,int64_t,"AnalysisFlag::min, AnalysisFlag::max, AnalysisFlag::mean, AnalysisFlag::sparsity, AnalysisFlag::numDistinctApprox",2048,1,7.74484e+06
VAR,int64_t,"AnalysisFlag::min, AnalysisFlag::max, AnalysisFlag::mean, AnalysisFlag::sparsity, AnalysisFlag::numDistinctApprox",2048,1,7.72798e+06
VAR,int64_t,"AnalysisFlag::min, AnalysisFlag::max, AnalysisFlag::mean, AnalysisFlag::sparsity, AnalysisFlag::numDistinctApprox",2048,1,7.74607e+06
VAR,int64_t,"AnalysisFlag::min, AnalysisFlag::max, AnalysisFlag::mean, AnalysisFlag::sparsity, AnalysisFlag::numDistinctApprox",2048,1,7.72569e+06
VAR,int64_t,"AnalysisFlag::min, AnalysisFlag::max, AnalysisFlag::mean, AnalysisFlag::sparsity, AnalysisFlag::numDistinctApprox",2048,1,7.7259e+06
VAR,int64_t,"AnalysisFlag::min, AnalysisFlag::max, AnalysisFlag::mean, AnalysisFlag::sparsity, AnalysisFlag::numDistinctApprox",2048,1,7.7096e+06
VAR,int64_t,"AnalysisFlag::min, AnalysisFlag::max, AnalysisFlag::mean, AnalysisFlag::sparsity, AnalysisFlag::numDistinctApprox",2048,1,7.73615e+06
VAR,int64_t,"AnalysisFlag::min, AnalysisFlag::max, AnalysisFlag::mean, AnalysisFlag::sparsity, AnalysisFlag::numDistinctApprox",2048,1,7.72774e+06
VAR,int64_t,"AnalysisFlag::min, AnalysisFlag::max, AnalysisFlag::mean, AnalysisFlag::sparsity, AnalysisFlag::numDistinctApprox",2048,1,7.72688e+06
VAR,int64_t,"AnalysisFlag::min, AnalysisFlag::max, AnalysisFlag::mean, AnalysisFlag::sparsity, AnalysisFlag::numDistinctApprox",4096,1,3.13353e+07
VAR,int64_t,"AnalysisFlag::min, AnalysisFlag::max, AnalysisFlag::mean, AnalysisFlag::sparsity, AnalysisFlag::numDistinctApprox",4096,1,3.12543e+07
VAR,int64_t,"AnalysisFlag::min, AnalysisFlag::max, AnalysisFlag::mean, AnalysisFlag::sparsity, AnalysisFlag::numDistinctApprox",4096,1,3.12661e+07
VAR,int64_t,"AnalysisFlag::min, AnalysisFlag::max, AnalysisFlag::mean, AnalysisFlag::sparsity, AnalysisFlag::numDistinctApprox",4096,1,3.12484e+07
VAR,int64_t,"AnalysisFlag::min, AnalysisFlag::max, AnalysisFlag::mean, AnalysisFlag::sparsity, AnalysisFlag::numDistinctApprox",4096,1,3.12799e+07
VAR,int64_t,"AnalysisFlag::min, AnalysisFlag::max, AnalysisFlag::mean, AnalysisFlag::sparsity, AnalysisFlag::numDistinctApprox",4096,1,3.12477e+07
VAR,int64_t,"AnalysisFlag::min, AnalysisFlag::max, AnalysisFlag::mean, AnalysisFlag::sparsity, AnalysisFlag::numDistinctApprox",4096,1,3.13248e+07
VAR,int64_t,"AnalysisFlag::min, AnalysisFlag::max, AnalysisFlag::mean, AnalysisFlag::sparsity, AnalysisFlag::numDistinctApprox",4096,1,3.127e+07
VAR,int64_t,"AnalysisFlag::min, AnalysisFlag::max, AnalysisFlag::mean, AnalysisFlag::sparsity, AnalysisFlag::numDistinctApprox",4096,1,3.12711e+07
VAR,int64_t,"AnalysisFlag::min, AnalysisFlag::max, AnalysisFlag::mean, AnalysisFlag::sparsity, AnalysisFlag::numDistinctApprox",4096,1,3.1256e+07
IDXMIN,double,"AnalysisFlag::min, AnalysisFlag::max, AnalysisFlag::mean, AnalysisFlag::sparsity, AnalysisFlag::numDistinctApprox",1024,0.25,720422
IDXMIN,double,"AnalysisFlag::min, AnalysisFlag::max, AnalysisFlag::mean, AnalysisFlag::sparsity, AnalysisFlag::numDistinctApprox",1024,0.25,709058
IDXMIN,double,"AnalysisFlag::min, AnalysisFlag::max, AnalysisFlag::mean, AnalysisFlag::sparsity, AnalysisFlag::numDistinctApprox",1024,0.25,690619
IDXMIN,double,"AnalysisFlag::min, AnalysisFlag::max, AnalysisFlag::mean, AnalysisFlag::sparsity, AnalysisFlag::numDistinctApprox",1024,0.25,682024
IDXMIN,double,"AnalysisFlag::min, AnalysisFlag::max, AnalysisFlag::mean, AnalysisFlag::sparsity, AnalysisFlag::numDistinctApprox",1024,0.25,694326
IDXMIN,double,"AnalysisFlag::min, AnalysisFlag::max, AnalysisFlag::mean, AnalysisFlag::sparsity, AnalysisFlag::numDistinctApprox",1024,0.25,724892
IDXMIN,double,"AnalysisFlag::min, AnalysisFlag::max, AnalysisFlag::mean, AnalysisFlag::sparsity, AnalysisFlag::numDistinctApprox",1024,0.25,725750
IDXMIN,double,"AnalysisFlag::min, AnalysisFlag::max, AnalysisFlag::mean, AnalysisFlag::sparsity, AnalysisFlag::numDistinctApprox",1024,0.25,729032
IDXMIN,double,"AnalysisFlag::min, AnalysisFlag::max, AnalysisFlag::mean, AnalysisFlag::sparsity, AnalysisFlag::numDistinctApprox",1024,0.25,677701
IDXMIN,double,"AnalysisFlag::min, AnalysisFlag::max, AnalysisFlag::mean, AnalysisFlag::sparsity, AnalysisFlag::numDistinctApprox",1024,0.25,725916
IDXMIN,double,"AnalysisFlag::min, AnalysisFlag::max, AnalysisFlag::mean, AnalysisFlag::sparsity, AnalysisFlag::numDistinctApprox",2048,0.25,3.08757e+06
IDXMIN,double,"AnalysisFlag::min, AnalysisFlag::max, AnalysisFlag::mean, AnalysisFlag::sparsity, AnalysisFlag::numDistinctApprox",2048,0.25,3.00104e+06
IDXMIN,double,"AnalysisFlag::min, AnalysisFlag::max, AnalysisFlag::mean, AnalysisFlag::sparsity, AnalysisFlag::numDistinctApprox",2048,0.25,2.99786e+06
IDXMIN,double,"AnalysisFlag::min, AnalysisFlag::max, AnalysisFlag::mean, AnalysisFlag::sparsity, AnalysisFlag::numDistinctApprox",2048,0.25,2.90306e+06
IDXMIN,double,"AnalysisFlag::min, AnalysisFlag::max, AnalysisFlag::mean, AnalysisFlag::sparsity, AnalysisFlag::numDistinctApprox",2048,0.25,3.02084e+06
IDXMIN,double,"AnalysisFlag::min, AnalysisFlag::max, AnalysisFlag::mean, AnalysisFlag::sparsity, AnalysisFlag::numDistinctApprox",2048,0.25,2.95289e+06
IDXMIN,double,"AnalysisFlag::min, AnalysisFlag::max, AnalysisFlag::mean, AnalysisFlag::sparsity, AnalysisFlag::numDistinctApprox",2048,0.25,3.02993e+06
IDXMIN,double,"AnalysisFlag::min, AnalysisFlag::max, AnalysisFlag::mean, AnalysisFlag::sparsity, AnalysisFlag::numDistinctApprox",2048,0.25,2.95754e+06
IDXMIN,double,"AnalysisFlag::min, AnalysisFlag::max, AnalysisFlag::mean, AnalysisFlag::sparsity, AnalysisFlag::numDistinctApprox",2048,0.25,2.98536e+06
IDXMIN,double,"AnalysisFlag::min, AnalysisFlag::max, AnalysisFlag::mean, AnalysisFlag::sparsity, AnalysisFlag::numDistinctApprox",2048,0.25,3.00382e+06
IDXMIN,double,"AnalysisFlag::min, AnalysisFlag::max, AnalysisFlag::mean, AnalysisFlag::sparsity, AnalysisFlag::numDistinctApprox",4096,0.25,1.18318e+07
IDXMIN,double,"AnalysisFlag::min, AnalysisFlag::max, AnalysisFlag::mean, AnalysisFlag::sparsity, AnalysisFlag::numDistinctApprox",4096,0.25,1.19184e+07
IDXMIN,double,"AnalysisFlag::min, AnalysisFlag::max, AnalysisFlag::mean, AnalysisFlag::sparsity, AnalysisFlag::numDistinctApprox",4096,0.25,1.18763e+07
IDXMIN,double,"AnalysisFlag::min, AnalysisFlag::max, AnalysisFlag::mean, AnalysisFlag::sparsity, AnalysisFlag::numDistinctApprox",4096,0.25,1.1885e+07
IDXMIN,double,"AnalysisFlag::min, AnalysisFlag::max, AnalysisFlag::mean, AnalysisFlag::sparsity, AnalysisFlag::numDistinctApprox",4096,0.25,1.17834e+07
IDXMIN,double,"AnalysisFlag::min, AnalysisFlag::max, AnalysisFlag::mean, AnalysisFlag::sparsity, AnalysisFlag::numDistinctApprox",4096,0.25,1.18921e+07
IDXMIN,double,"AnalysisFlag::min, AnalysisFlag::max, AnalysisFlag::mean, AnalysisFlag::sparsity, AnalysisFlag::numDistinctApprox",4096,0.25,1.19207e+07
IDXMIN,double,"AnalysisFlag::min, AnalysisFlag::max, AnalysisFlag::mean, AnalysisFlag::sparsity, AnalysisFlag::numDistinctApprox",4096,0.25,1.19244e+07
IDXMIN,double,"AnalysisFlag::min, AnalysisFlag::max, AnalysisFlag::mean, AnalysisFlag::sparsity, AnalysisFlag::numDistinctApprox",4096,0.25,1.187e+07
IDXMIN,double,"AnalysisFlag::min, AnalysisFlag::max, AnalysisFlag::mean, AnalysisFlag::sparsity, AnalysisFlag::numDistinctApprox",4096,0.25,1.19122e+07
IDXMIN,int64_t,"AnalysisFlag::min, AnalysisFlag::max, AnalysisFlag::mean, AnalysisFlag::sparsity, AnalysisFlag::numDistinctApprox",1024,0.25,538316
IDXMIN,int64_t,"AnalysisFlag::min, AnalysisFlag::max, AnalysisFlag::mean, AnalysisFlag::sparsity, AnalysisFlag::numDistinctApprox",1024,0.25,501919
IDXMIN,int64_t,"AnalysisFlag::min, AnalysisFlag::max, AnalysisFlag::mean, AnalysisFlag::sparsity, AnalysisFlag::numDistinctApprox",1024,0.25,502383
IDXMIN,int64_t,"AnalysisFlag::min, AnalysisFlag::max, AnalysisFlag::mean, AnalysisFlag::sparsity, AnalysisFlag::numDistinctApprox",1024,0.25,498454
IDXMIN,int64_t,"AnalysisFlag::min, AnalysisFlag::max, AnalysisFlag::mean, AnalysisFlag::sparsity, AnalysisFlag::numDistinctApprox",1024,0.25,502006
IDXMIN,int64_t,"AnalysisFlag::min, AnalysisFlag::max, AnalysisFlag::mean, AnalysisFlag::sparsity, AnalysisFlag::numDistinctApprox",1024,0.25,502036
IDXMIN,int64_t,"AnalysisFlag::min, AnalysisFlag::max, AnalysisFlag::mean, AnalysisFlag::sparsity, AnalysisFlag::numDistinctApprox",1024,0.25,502686
IDXMIN,int64_t,"AnalysisFlag::min, AnalysisFlag::max, AnalysisFlag::mean, AnalysisFlag::sparsity, AnalysisFlag::numDistinctApprox",1024,0.25,501164
IDXMIN,int64_t,"AnalysisFlag::min, AnalysisFlag::max, AnalysisFlag::mean, AnalysisFlag::sparsity, AnalysisFlag::numDistinctApprox",1024,0.25,501543
IDXMIN,int64_t,"AnalysisFlag::min, AnalysisFlag::max, AnalysisFlag::mean, AnalysisFlag::sparsity, AnalysisFlag::numDistinctApprox",1024,0.25,498574
IDXMIN,int64_t,"AnalysisFlag::min, AnalysisFlag::max, AnalysisFlag::mean, AnalysisFlag::sparsity, AnalysisFlag::numDistinctApprox",2048,0.25,2.20902e+06
IDXMIN,int64_t,"AnalysisFlag::min, AnalysisFlag::max, AnalysisFlag::mean, AnalysisFlag::sparsity, AnalysisFlag::numDistinctApprox",2048,0.25,2.29056e+06
IDXMIN,int64_t,"AnalysisFlag::min, AnalysisFlag::max, AnalysisFlag::mean, AnalysisFlag::sparsity, AnalysisFlag::numDistinctApprox",2048,0.25,2.23895e+06
IDXMIN,int64_t,"AnalysisFlag::min, AnalysisFlag::max, AnalysisFlag::mean, AnalysisFlag::sparsity, AnalysisFlag::numDistinctApprox",2048,0.25,2.15643e+06
IDXMIN,int64_t,"AnalysisFlag::min, AnalysisFlag::max, AnalysisFlag::mean, AnalysisFlag::sparsity, AnalysisFlag::numDistinctApprox",2048,0.25,2.2721e+06
IDXMIN,int64_t,"AnalysisFlag::min, AnalysisFlag::max, AnalysisFlag::mean, AnalysisFlag::sparsity, AnalysisFlag::numDistinctApprox",2048,0.25,2.15631e+06
IDXMIN,int64_t,"AnalysisFlag::min, AnalysisFlag::max, AnalysisFlag::mean, AnalysisFlag::sparsity, AnalysisFlag::numDistinctApprox",2048,0.25,2.26795e+06
IDXMIN,int64_t,"AnalysisFlag::min, AnalysisFlag::max, AnalysisFlag::mean, AnalysisFlag::sparsity, AnalysisFlag::numDistinctApprox",2048,0.25,2.14985e+06
IDXMIN,int64_t,"AnalysisFlag::min, AnalysisFlag::max, AnalysisFlag::mean, AnalysisFlag::sparsity, AnalysisFlag::numDistinctApprox",2048,0.25,2.22045e+06
IDXMIN,int64_t,"AnalysisFlag::min, AnalysisFlag::max, AnalysisFlag::mean, AnalysisFlag::sparsity, AnalysisFlag::numDistinctApprox",2048,0.25,2.29775e+06
IDXMIN,int64_t,"AnalysisFlag::min, AnalysisFlag::max, AnalysisFlag::mean, AnalysisFlag::sparsity, AnalysisFlag::numDistinctApprox",4096,0.25,9.42599e+06
IDXMIN,int64_t,"AnalysisFlag::min, AnalysisFlag::max, AnalysisFlag::mean, AnalysisFlag::sparsity, AnalysisFlag::numDistinctApprox",4096,0.25,9.44786e+06
IDXMIN,int64_t,"AnalysisFlag::min, AnalysisFlag::max, AnalysisFlag::mean, AnalysisFlag::sparsity, AnalysisFlag::numDistinctApprox",4096,0.25,9.76385e+06
IDXMIN,int64_t,"AnalysisFlag::min, AnalysisFlag::max, AnalysisFlag::mean, AnalysisFlag::sparsity, AnalysisFlag::numDistinctApprox",4096,0.25,9.64677e+06
IDXMIN,int64_t,"AnalysisFlag::min, AnalysisFlag::max, AnalysisFlag::mean, AnalysisFlag::sparsity, AnalysisFlag::numDistinctApprox",4096,0.25,9.43037e+06
IDXMIN,int64_t,"AnalysisFlag::min, AnalysisFlag::max, AnalysisFlag::mean, AnalysisFlag::sparsity, AnalysisFlag::numDistinctApprox",4096,0.25,9.43072e+06
IDXMIN,int64_t,"AnalysisFlag::min, AnalysisFlag::max, AnalysisFlag::mean, AnalysisFlag::sparsity, AnalysisFlag::numDistinctApprox",4096,0.25,9.44136e+06
IDXMIN,int64_t,"AnalysisFlag::min, AnalysisFlag::max, AnalysisFlag::mean, AnalysisFlag::sparsity, AnalysisFlag::numDistinctApprox",4096,0.25,9.42439e+06
IDXMIN,int64_t,"AnalysisFlag::min, AnalysisFlag::max, AnalysisFlag::mean, AnalysisFlag::sparsity, AnalysisFlag::numDistinctApprox",4096,0.25,9.53279e+06
IDXMIN,int64_t,"AnalysisFlag::min, AnalysisFlag::max, AnalysisFlag::mean, AnalysisFlag::sparsity, AnalysisFlag::numDistinctApprox",4096,0.25,9.43192e+06
IDXMIN,double,"AnalysisFlag::min, AnalysisFlag::max, AnalysisFlag::mean, AnalysisFlag::sparsity, AnalysisFlag::numDistinctApprox",1024,1,868149
IDXMIN,double,"AnalysisFlag::min, AnalysisFlag::max, AnalysisFlag::mean, AnalysisFlag::sparsity, AnalysisFlag::numDistinctApprox",1024,1,743695
IDXMIN,double,"AnalysisFlag::min, AnalysisFlag::max, AnalysisFlag::mean, AnalysisFlag::sparsity, AnalysisFlag::numDistinctApprox",1024,1,738844
IDXMIN,double,"AnalysisFlag::min, AnalysisFlag::max, AnalysisFlag::mean, AnalysisFlag::sparsity, AnalysisFlag::numDistinctApprox",1024,1,732735
IDXMIN,double,"AnalysisFlag::min, AnalysisFlag::max, AnalysisFlag::mean, AnalysisFlag::sparsity, AnalysisFlag::numDistinctApprox",1024,1,697017
IDXMIN,double,"AnalysisFlag::min, AnalysisFlag::max, AnalysisFlag::mean, AnalysisFlag::sparsity, AnalysisFlag::numDistinctApprox",1024,1,744346
IDXMIN,double,"AnalysisFlag::min, AnalysisFlag::max, AnalysisFlag::mean, AnalysisFlag::sparsity, AnalysisFlag::numDistinctApprox",1024,1,712460
IDXMIN,double,"AnalysisFlag::min, AnalysisFlag::max, AnalysisFlag::mean, AnalysisFlag::sparsity, AnalysisFlag::numDistinctApprox",1024,1,693124
IDXMIN,double,"AnalysisFlag::min, AnalysisFlag::max, AnalysisFlag::mean, AnalysisFlag::sparsity, AnalysisFlag::numDistinctApprox",1024,1,722480
IDXMIN,double,"AnalysisFlag::min, AnalysisFlag::max, AnalysisFlag::mean, AnalysisFlag::sparsity, AnalysisFlag::numDistinctApprox",1024,1,705673
IDXMIN,double,"AnalysisFlag::min, AnalysisFlag::max, AnalysisFlag::mean, AnalysisFlag::sparsity, AnalysisFlag::numDistinctApprox",2048,1,3.16871e+06
IDXMIN,double,"AnalysisFlag::min, AnalysisFlag::max, AnalysisFlag::mean, AnalysisFlag::sparsity, AnalysisFlag::numDistinctApprox",2048,1,3.07365e+06
IDXMIN,double,"AnalysisFlag::min, AnalysisFlag::max, AnalysisFlag::mean, AnalysisFlag::sparsity, AnalysisFlag::numDistinctApprox",2048,1,3.08894e+06
IDXMIN,double,"AnalysisFlag::min, AnalysisFlag::max, AnalysisFlag::mean, AnalysisFlag::sparsity, AnalysisFlag::numDistinctApprox",2048,1,3.00972e+06
IDXMIN,double,"AnalysisFlag::min, AnalysisFlag::max, AnalysisFlag::mean, AnalysisFlag::sparsity, AnalysisFlag::numDistinctApprox",2048,1,3.11053e+06
IDXMIN,double,"AnalysisFlag::min, AnalysisFlag::max, AnalysisFlag::mean, AnalysisFlag::sparsity, AnalysisFlag::numDistinctApprox",2048,1,3.09232e+06
IDXMIN,double,"AnalysisFlag::min, AnalysisFlag::max, AnalysisFlag::mean, AnalysisFlag::sparsity, AnalysisFlag::numDistinctApprox",2048,1,3.10268e+06
IDXMIN,double,"AnalysisFlag::min, AnalysisFlag::max, AnalysisFlag::mean, AnalysisFlag::sparsity, AnalysisFlag::numDistinctApprox",2048,1,2.9612e+06
IDXMIN,double,"AnalysisFlag::min, AnalysisFlag::max, AnalysisFlag::mean, AnalysisFlag::sparsity, AnalysisFlag::numDistinctApprox",2048,1,2.999e+06
IDXMIN,double,"AnalysisFlag::min, AnalysisFlag::max, AnalysisFlag::mean, AnalysisFlag::sparsity, AnalysisFlag::numDistinctApprox",2048,1,3.05335e+06
IDXMIN,double,"AnalysisFlag::min, AnalysisFlag::max, AnalysisFlag::mean, AnalysisFlag::sparsity, AnalysisFlag::numDistinctApprox",4096,1,1.19396e+07
IDXMIN,double,"AnalysisFlag::min, AnalysisFlag::max, AnalysisFlag::mean, AnalysisFlag::sparsity, AnalysisFlag::numDistinctApprox",4096,1,1.20072e+07
IDXMIN,double,"AnalysisFlag::min, AnalysisFlag::max, AnalysisFlag::mean, AnalysisFlag::sparsity, AnalysisFlag::numDistinctApprox",4096,1,1.1942e+07
IDXMIN,double,"AnalysisFlag::min, AnalysisFlag::max, AnalysisFlag::mean, AnalysisFlag::sparsity, AnalysisFlag::numDistinctApprox",4096,1,1.19718e+07
IDXMIN,double,"AnalysisFlag::min, AnalysisFlag::max, AnalysisFlag::mean, AnalysisFlag::sparsity, AnalysisFlag::numDistinctApprox",4096,1,1.20122e+07
IDXMIN,double,"AnalysisFlag::min, AnalysisFlag::max, AnalysisFlag::mean, AnalysisFlag::sparsity, AnalysisFlag::numDistinctApprox",4096,1,1.18695e+07
IDXMIN,double,"AnalysisFlag::min, AnalysisFlag::max, AnalysisFlag::mean, AnalysisFlag::sparsity, AnalysisFlag::numDistinctApprox",4096,1,1.19789e+07
IDXMIN,double,"AnalysisFlag::min, AnalysisFlag::max, AnalysisFlag::mean, AnalysisFlag::sparsity, AnalysisFlag::numDistinctApprox",4096,1,1.19732e+07
IDXMIN,double,"AnalysisFlag::min, AnalysisFlag::max, AnalysisFlag::mean, AnalysisFlag::sparsity, AnalysisFlag::numDistinctApprox",4096,1,1.1939e+07
IDXMIN,double,"AnalysisFlag::min, AnalysisFlag::max, AnalysisFlag::mean, AnalysisFlag::sparsity, AnalysisFlag::numDistinctApprox",4096,1,1.18991e+07
IDXMIN,int64_t,"AnalysisFlag::min, AnalysisFlag::max, AnalysisFlag::mean, AnalysisFlag::sparsity, AnalysisFlag::numDistinctApprox",1024,1,661332
IDXMIN,int64_t,"AnalysisFlag::min, AnalysisFlag::max, AnalysisFlag::mean, AnalysisFlag::sparsity, AnalysisFlag::numDistinctApprox",1024,1,598790
IDXMIN,int64_t,"AnalysisFlag::min, AnalysisFlag::max, AnalysisFlag::mean, AnalysisFlag::sparsity, AnalysisFlag::numDistinctApprox",1024,1,487058
IDXMIN,int64_t,"AnalysisFlag::min, AnalysisFlag::max, AnalysisFlag::mean, AnalysisFlag::sparsity, AnalysisFlag::numDistinctApprox",1024,1,487248
IDXMIN,int64_t,"AnalysisFlag::min, AnalysisFlag::max, AnalysisFlag::mean, AnalysisFlag::sparsity, AnalysisFlag::numDistinctApprox",1024,1,489701
IDXMIN,int64_t,"AnalysisFlag::min, AnalysisFlag::max, AnalysisFlag::mean, AnalysisFlag::sparsity, AnalysisFlag::numDistinctApprox",1024,1,487719
IDXMIN,int64_t,"AnalysisFlag::min, AnalysisFlag::max, AnalysisFlag::mean, AnalysisFlag::sparsity, AnalysisFlag::numDistinctApprox",1024,1,489474
IDXMIN,int64_t,"AnalysisFlag::min, AnalysisFlag::max, AnalysisFlag::mean, AnalysisFlag::sparsity, AnalysisFlag::numDistinctApprox",1024,1,488801
IDXMIN,int64_t,"AnalysisFlag::min, AnalysisFlag::max, AnalysisFlag::mean, AnalysisFlag::sparsity, AnalysisFlag::numDistinctApprox",1024,1,486377
IDXMIN,int64_t,"AnalysisFlag::min, AnalysisFlag::max, AnalysisFlag::mean, AnalysisFlag::sparsity, AnalysisFlag::numDistinctApprox",1024,1,490431
IDXMIN,int64_t,"AnalysisFlag::min, AnalysisFlag::max, AnalysisFlag::mean, AnalysisFlag::sparsity, AnalysisFlag::numDistinctApprox",2048,1,2.3095e+06
IDXMIN,int64_t,"AnalysisFlag::min, AnalysisFlag::max, AnalysisFlag::mean, AnalysisFlag::sparsity, AnalysisFlag::numDistinctApprox",2048,1,2.28999e+06
IDXMIN,int64_t,"AnalysisFlag::min, AnalysisFlag::max, AnalysisFlag::mean, AnalysisFlag::sparsity, AnalysisFlag::numDistinctApprox",2048,1,2.3858e+06
IDXMIN,int64_t,"AnalysisFlag::min, AnalysisFlag::max, AnalysisFlag::mean, AnalysisFlag::sparsity, AnalysisFlag::numDistinctApprox",2048,1,2.36385e+06
IDXMIN,int64_t,"AnalysisFlag::min, AnalysisFlag::max, AnalysisFlag::mean, AnalysisFlag::sparsity, AnalysisFlag::numDistinctApprox",2048,1,2.35676e+06
IDXMIN,int64_t,"AnalysisFlag::min, AnalysisFlag::max, AnalysisFlag::mean, AnalysisFlag::sparsity, AnalysisFlag::numDistinctApprox",2048,1,2.36951e+06
IDXMIN,int64_t,"AnalysisFlag::min, AnalysisFlag::max, AnalysisFlag::mean, AnalysisFlag::sparsity, AnalysisFlag::numDistinctApprox",2048,1,2.16586e+06
IDXMIN,int64_t,"AnalysisFlag::min, AnalysisFlag::max, AnalysisFlag::mean, AnalysisFlag::sparsity, AnalysisFlag::numDistinctApprox",2048,1,2.35779e+06
IDXMIN,int64_t,"AnalysisFlag::min, AnalysisFlag::max, AnalysisFlag::mean, AnalysisFlag::sparsity, AnalysisFlag::numDistinctApprox",2048,1,2.35512e+06
IDXMIN,int64_t,"AnalysisFlag::min, AnalysisFlag::max, AnalysisFlag::mean, AnalysisFlag::sparsity, AnalysisFlag::numDistinctApprox",2048,1,2.13619e+06
IDXMIN,int64_t,"AnalysisFlag::min, AnalysisFlag::max, AnalysisFlag::mean, AnalysisFlag::sparsity, AnalysisFlag::numDistinctApprox",4096,1,9.41189e+06
IDXMIN,int64_t,"AnalysisFlag::min, AnalysisFlag::max, AnalysisFlag::mean, AnalysisFlag::sparsity, AnalysisFlag::numDistinctApprox",4096,1,9.40393e+06
IDXMIN,int64_t,"AnalysisFlag::min, AnalysisFlag::max, AnalysisFlag::mean, AnalysisFlag::sparsity, AnalysisFlag::numDistinctApprox",4096,1,9.36937e+06
IDXMIN,int64_t,"AnalysisFlag::min, AnalysisFlag::max, AnalysisFlag::mean, AnalysisFlag::sparsity, AnalysisFlag::numDistinctApprox",4096,1,9.4012e+06
IDXMIN,int64_t,"AnalysisFlag::min, AnalysisFlag::max, AnalysisFlag::mean, AnalysisFlag::sparsity, AnalysisFlag::numDistinctApprox",4096,1,9.39448e+06
IDXMIN,int64_t,"AnalysisFlag::min, AnalysisFlag::max, AnalysisFlag::mean, AnalysisFlag::sparsity, AnalysisFlag::numDistinctApprox",4096,1,9.39077e+06
IDXMIN,int64_t,"AnalysisFlag::min, AnalysisFlag::max, AnalysisFlag::mean, AnalysisFlag::sparsity, AnalysisFlag::numDistinctApprox",4096,1,9.41232e+06
IDXMIN,int64_t,"AnalysisFlag::min, AnalysisFlag::max, AnalysisFlag::mean, AnalysisFlag::sparsity, AnalysisFlag::numDistinctApprox",4096,1,9.38866e+06
IDXMIN,int64_t,"AnalysisFlag::min, AnalysisFlag::max, AnalysisFlag::mean, AnalysisFlag::sparsity, AnalysisFlag::numDistinctApprox",4096,1,9.40029e+06
IDXMIN,int64_t,"AnalysisFlag::min, AnalysisFlag::max, AnalysisFlag::mean, AnalysisFlag::sparsity, AnalysisFlag::numDistinctApprox",4096,1,9.40004e+06
IDXMAX,double,"AnalysisFlag::min, AnalysisFlag::max, AnalysisFlag::mean, AnalysisFlag::sparsity, AnalysisFlag::numDistinctApprox",1024,0.25,702876
IDXMAX,double,"AnalysisFlag::min, AnalysisFlag::max, AnalysisFlag::mean, AnalysisFlag::sparsity, AnalysisFlag::numDistinctApprox",1024,0.25,747890
IDXMAX,double,"AnalysisFlag::min, AnalysisFlag::max, AnalysisFlag::mean, AnalysisFlag::sparsity, AnalysisFlag::numDistinctApprox",1024,0.25,803895
IDXMAX,double,"AnalysisFlag::min, AnalysisFlag::max, AnalysisFlag::mean, AnalysisFlag::sparsity, AnalysisFlag::numDistinctApprox",1024,0.25,677633
IDXMAX,double,"AnalysisFlag::min, AnalysisFlag::max, AnalysisFlag::mean, AnalysisFlag::sparsity, AnalysisFlag::numDistinctApprox",1024,0.25,797419
IDXMAX,double,"AnalysisFlag::min, AnalysisFlag::max, AnalysisFlag::mean, AnalysisFlag::sparsity, AnalysisFlag::numDistinctApprox",1024,0.25,675772
IDXMAX,double,"AnalysisFlag::min, AnalysisFlag::max, AnalysisFlag::mean, AnalysisFlag::sparsity, AnalysisFlag::numDistinctApprox",1024,0.25,724674
IDXMAX,double,"AnalysisFlag::min, AnalysisFlag::max, AnalysisFlag::mean, AnalysisFlag::sparsity, AnalysisFlag::numDistinctApprox",1024,0.25,680097
IDXMAX,double,"AnalysisFlag::min, AnalysisFlag::max, AnalysisFlag::mean, AnalysisFlag::sparsity, AnalysisFlag::numDistinctApprox",1024,0.25,745344
IDXMAX,double,"AnalysisFlag::min, AnalysisFlag::max, AnalysisFlag::mean, AnalysisFlag::sparsity, AnalysisFlag::numDistinctApprox",1024,0.25,803089
IDXMAX,double,"AnalysisFlag::min, AnalysisFlag::max, AnalysisFlag::mean, AnalysisFlag::sparsity, AnalysisFlag::numDistinctApprox",2048,0.25,3.10593e+06
IDXMAX,double,"AnalysisFlag::min, AnalysisFlag::max, AnalysisFlag::mean, AnalysisFlag::sparsity, AnalysisFlag::numDistinctApprox",2048,0.25,3.08778e+06
IDXMAX,double,"AnalysisFlag::min, AnalysisFlag::max, AnalysisFlag::mean, AnalysisFlag::sparsity, AnalysisFlag::numDistinctApprox",2048,0.25,3.02707e+06
IDXMAX,double,"AnalysisFlag::min, AnalysisFlag::max, AnalysisFlag::mean, AnalysisFlag::sparsity, AnalysisFlag::numDistinctApprox",2048,0.25,3.05352e+06
IDXMAX,double,"AnalysisFlag::min, AnalysisFlag::max, AnalysisFlag::mean, AnalysisFlag::sparsity, AnalysisFlag::numDistinctApprox",2048,0.25,2.90752e+06
IDXMAX,double,"AnalysisFlag::min, AnalysisFlag::max, AnalysisFlag::mean, AnalysisFlag::sparsity, AnalysisFlag::numDistinctApprox",2048,0.25,2.91614e+06
IDXMAX,double,"AnalysisFlag::min, AnalysisFlag::max, AnalysisFlag::mean, AnalysisFlag::sparsity, AnalysisFlag::numDistinctApprox",2048,0.25,2.97415e+06
IDXMAX,double,"AnalysisFlag::min, AnalysisFlag::max, AnalysisFlag::mean, AnalysisFlag::sparsity, AnalysisFlag::numDistinctApprox",2048,0.25,3.01984e+06
IDXMAX,double,"AnalysisFlag::min, AnalysisFlag::max, AnalysisFlag::mean, AnalysisFlag::sparsity, AnalysisFlag::numDistinctApprox",2048,0.25,3.01772e+06
IDXMAX,double,"AnalysisFlag::min, AnalysisFlag::max, AnalysisFlag::mean, AnalysisFlag::sparsity, AnalysisFlag::numDistinctApprox",2048,0.25,3.07126e+06
IDXMAX,double,"AnalysisFlag::min, AnalysisFlag::max, AnalysisFlag::mean, AnalysisFlag::sparsity, AnalysisFlag::numDistinctApprox",4096,0.25,1.18092e+07
IDXMAX,double,"AnalysisFlag::min, AnalysisFlag::max, AnalysisFlag::mean, AnalysisFlag::sparsity, AnalysisFlag::numDistinctApprox",4096,0.25,1.17587e+07
IDXMAX,double,"AnalysisFlag::min, AnalysisFlag::max, AnalysisFlag::mean, AnalysisFlag::sparsity, AnalysisFlag::numDistinctApprox",4096,0.25,1.2043e+07
IDXMAX,double,"AnalysisFlag::min, AnalysisFlag::max, AnalysisFlag::mean, AnalysisFlag::sparsity, AnalysisFlag::numDistinctApprox",4096,0.25,1.17107e+07
IDXMAX,double,"AnalysisFlag::min, AnalysisFlag::max, AnalysisFlag::mean, AnalysisFlag::sparsity, AnalysisFlag::numDistinctApprox",4096,0.25,1.18172e+07
IDXMAX,double,"AnalysisFlag::min, AnalysisFlag::max, AnalysisFlag::mean, AnalysisFlag::sparsity, AnalysisFlag::numDistinctApprox",4096,0.25,1.16056e+07
IDXMAX,double,"AnalysisFlag::min, AnalysisFlag::max, AnalysisFlag::mean, AnalysisFlag::sparsity, AnalysisFlag::numDistinctApprox",4096,0.25,1.18659e+07
IDXMAX,double,"AnalysisFlag::min, AnalysisFlag::max, AnalysisFlag::mean, AnalysisFlag::sparsity, AnalysisFlag::numDistinctApprox",4096,0.25,1.16683e+07
IDXMAX,double,"AnalysisFlag::min, AnalysisFlag::max, AnalysisFlag::mean, AnalysisFlag::sparsity, AnalysisFlag::numDistinctApprox",4096,0.25,1.19528e+07
IDXMAX,double,"AnalysisFlag::min, AnalysisFlag::max, AnalysisFlag::mean, AnalysisFlag::sparsity, AnalysisFlag::numDistinctApprox",4096,0.25,1.187e+07
IDXMAX,int64_t,"AnalysisFlag::min, AnalysisFlag::max, AnalysisFlag::mean, AnalysisFlag::sparsity, AnalysisFlag::numDistinctApprox",1024,0.25,632463
IDXMAX,int64_t,"AnalysisFlag::min, AnalysisFlag::max, AnalysisFlag::mean, AnalysisFlag::sparsity, AnalysisFlag::numDistinctApprox",1024,0.25,557089
IDXMAX,int64_t,"AnalysisFlag::min, AnalysisFlag::max, AnalysisFlag::mean, AnalysisFlag::sparsity, AnalysisFlag::numDistinctApprox",1024,0.25,576470
IDXMAX,int64_t,"AnalysisFlag::min, AnalysisFlag::max, AnalysisFlag::mean, AnalysisFlag::sparsity, AnalysisFlag::numDistinctApprox",1024,0.25,611463
IDXMAX,int64_t,"AnalysisFlag::min, AnalysisFlag::max, AnalysisFlag::mean, AnalysisFlag::sparsity, AnalysisFlag::numDistinctApprox",1024,0.25,559108
IDXMAX,int64_t,"AnalysisFlag::min, AnalysisFlag::max, AnalysisFlag::mean, AnalysisFlag::sparsity, AnalysisFlag::numDistinctApprox",1024,0.25,561763
IDXMAX,int64_t,"AnalysisFlag::min, AnalysisFlag::max, AnalysisFlag::mean, AnalysisFlag::sparsity, AnalysisFlag::numDistinctApprox",1024,0.25,558967
IDXMAX,int64_t,"AnalysisFlag::min, AnalysisFlag::max, AnalysisFlag::mean, AnalysisFlag::sparsity, AnalysisFlag::numDistinctApprox",1024,0.25,561061
IDXMAX,int64_t,"AnalysisFlag::min, AnalysisFlag::max, AnalysisFlag::mean, AnalysisFlag::sparsity, AnalysisFlag::numDistinctApprox",1024,0.25,560350
IDXMAX,int64_t,"AnalysisFlag::min, AnalysisFlag::max, AnalysisFlag::mean, AnalysisFlag::sparsity, AnalysisFlag::numDistinctApprox",1024,0.25,574323
IDXMAX,int64_t,"AnalysisFlag::min, AnalysisFlag::max, AnalysisFlag::mean, AnalysisFlag::sparsity, AnalysisFlag::numDistinctApprox",2048,0.25,2.34913e+06
IDXMAX,int64_t,"AnalysisFlag::min, AnalysisFlag::max, AnalysisFlag::mean, AnalysisFlag::sparsity, AnalysisFlag::numDistinctApprox",2048,0.25,2.35657e+06
IDXMAX,int64_t,"AnalysisFlag::min, AnalysisFlag::max, AnalysisFlag::mean, AnalysisFlag::sparsity, AnalysisFlag::numDistinctApprox",2048,0.25,2.32066e+06
IDXMAX,int64_t,"AnalysisFlag::min, AnalysisFlag::max, AnalysisFlag::mean, AnalysisFlag::sparsity, AnalysisFlag::numDistinctApprox",2048,0.25,2.32647e+06
IDXMAX,int64_t,"AnalysisFlag::min, AnalysisFlag::max, AnalysisFlag::mean, AnalysisFlag::sparsity, AnalysisFlag::numDistinctApprox",2048,0.25,2.31903e+06
IDXMAX,int64_t,"AnalysisFlag::min, AnalysisFlag::max, AnalysisFlag::mean, AnalysisFlag::sparsity, AnalysisFlag::numDistinctApprox",2048,0.25,2.30777e+06
IDXMAX,int64_t,"AnalysisFlag::min, AnalysisFlag::max, AnalysisFlag::mean, AnalysisFlag::sparsity, AnalysisFlag::numDistinctApprox",2048,0.25,2.33281e+06
IDXMAX,int64_t,"AnalysisFlag::min, AnalysisFlag::max, AnalysisFlag::mean, AnalysisFlag::sparsity, AnalysisFlag::numDistinctApprox",2048,0.25,2.36629e+06
IDXMAX,int64_t,"AnalysisFlag::min, AnalysisFlag::max, AnalysisFlag::mean, AnalysisFlag::sparsity, AnalysisFlag::numDistinctApprox",2048,0.25,2.32496e+06
IDXMAX,int64_t,"AnalysisFlag::min, AnalysisFlag::max, AnalysisFlag::mean, AnalysisFlag::sparsity, AnalysisFlag::numDistinctApprox",2048,0.25,2.34252e+06
IDXMAX,int64_t,"AnalysisFlag::min, AnalysisFlag::max, AnalysisFlag::mean, AnalysisFlag::sparsity, AnalysisFlag::numDistinctApprox",4096,0.25,9.37724e+06
IDXMAX,int64_t,"AnalysisFlag::min, AnalysisFlag::max, AnalysisFlag::mean, AnalysisFlag::sparsity, AnalysisFlag::numDistinctApprox",4096,0.25,9.29669e+06
IDXMAX,int64_t,"AnalysisFlag::min, AnalysisFlag::max, AnalysisFlag::mean, AnalysisFlag::sparsity, AnalysisFlag::numDistinctApprox",4096,0.25,9.33522e+06
IDXMAX,int64_t,"AnalysisFlag::min, AnalysisFlag::max, AnalysisFlag::mean, AnalysisFlag::sparsity, AnalysisFlag::numDistinctApprox",4096,0.25,9.35318e+06
IDXMAX,int64_t,"AnalysisFlag::min, AnalysisFlag::max, AnalysisFlag::mean, AnalysisFlag::sparsity, AnalysisFlag::numDistinctApprox",4096,0.25,9.37358e+06
IDXMAX,int64_t,"AnalysisFlag::min, AnalysisFlag::max, AnalysisFlag::mean, AnalysisFlag::sparsity, AnalysisFlag::numDistinctApprox",4096,0.25,9.32942e+06
IDXMAX,int64_t,"AnalysisFlag::min, AnalysisFlag::max, AnalysisFlag::mean, AnalysisFlag::sparsity, AnalysisFlag::numDistinctApprox",4096,0.25,9.3258e+06
IDXMAX,int64_t,"AnalysisFlag::min, AnalysisFlag::max, AnalysisFlag::mean, AnalysisFlag::sparsity, AnalysisFlag::numDistinctApprox",4096,0.25,9.30901e+06
IDXMAX,int64_t,"AnalysisFlag::min, AnalysisFlag::max, AnalysisFlag::mean, AnalysisFlag::sparsity, AnalysisFlag::numDistinctApprox",4096,0.25,9.2992e+06
IDXMAX,int64_t,"AnalysisFlag::min, AnalysisFlag::max, AnalysisFlag::mean, AnalysisFlag::sparsity, AnalysisFlag::numDistinctApprox",4096,0.25,9.37506e+06
IDXMAX,double,"AnalysisFlag::min, AnalysisFlag::max, AnalysisFlag::mean, AnalysisFlag::sparsity, AnalysisFlag::numDistinctApprox",1024,1,854206
IDXMAX,double,"AnalysisFlag::min, AnalysisFlag::max, AnalysisFlag::mean, AnalysisFlag::sparsity, AnalysisFlag::numDistinctApprox",1024,1,754813
IDXMAX,double,"AnalysisFlag::min, AnalysisFlag::max, AnalysisFlag::mean, AnalysisFlag::sparsity, AnalysisFlag::numDistinctApprox",1024,1,819091
IDXMAX,double,"AnalysisFlag::min, AnalysisFlag::max, AnalysisFlag::mean, AnalysisFlag::sparsity, AnalysisFlag::numDistinctApprox",1024,1,816882
IDXMAX,double,"AnalysisFlag::min, AnalysisFlag::max, AnalysisFlag::mean, AnalysisFlag::sparsity, AnalysisFlag::numDistinctApprox",1024,1,816417
IDXMAX,double,"AnalysisFlag::min, AnalysisFlag::max, AnalysisFlag::mean, AnalysisFlag::sparsity, AnalysisFlag::numDistinctApprox",1024,1,691242
IDXMAX,double,"AnalysisFlag::min, AnalysisFlag::max, AnalysisFlag::mean, AnalysisFlag::sparsity, AnalysisFlag::numDistinctApprox",1024,1,695824
IDXMAX,double,"AnalysisFlag::min, AnalysisFlag::max, AnalysisFlag::mean, AnalysisFlag::sparsity, AnalysisFlag::numDistinctApprox",1024,1,687061
IDXMAX,double,"AnalysisFlag::min, AnalysisFlag::max, AnalysisFlag::mean, AnalysisFlag::sparsity, AnalysisFlag::numDistinctApprox",1024,1,690846
IDXMAX,double,"AnalysisFlag::min, AnalysisFlag::max, AnalysisFlag::mean, AnalysisFlag::sparsity, AnalysisFlag::numDistinctApprox",1024,1,764416
IDXMAX,double,"AnalysisFlag::min, AnalysisFlag::max, AnalysisFlag::mean, AnalysisFlag::sparsity, AnalysisFlag::numDistinctApprox",2048,1,3.12259e+06
IDXMAX,double,"AnalysisFlag::min, AnalysisFlag::max, AnalysisFlag::mean, AnalysisFlag::sparsity, AnalysisFlag::numDistinctApprox",2048,1,3.02762e+06
IDXMAX,double,"AnalysisFlag::min, AnalysisFlag::max, AnalysisFlag::mean, AnalysisFlag::sparsity, AnalysisFlag::numDistinctApprox",2048,1,3.17166e+06
IDXMAX,double,"AnalysisFlag::min, AnalysisFlag::max, AnalysisFlag::mean, AnalysisFlag::sparsity, AnalysisFlag::numDistinctApprox",2048,1,3.25225e+06
IDXMAX,double,"AnalysisFlag::min, AnalysisFlag::max, AnalysisFlag::mean, AnalysisFlag::sparsity, AnalysisFlag::numDistinctApprox",2048,1,3.14393e+06
IDXMAX,double,"AnalysisFlag::min, AnalysisFlag::max, AnalysisFlag::mean, AnalysisFlag::sparsity, AnalysisFlag::numDistinctApprox",2048,1,3.02008e+06
IDXMAX,double,"AnalysisFlag::min, AnalysisFlag::max, AnalysisFlag::mean, AnalysisFlag::sparsity, AnalysisFlag::numDistinctApprox",2048,1,3.04116e+06
IDXMAX,double,"AnalysisFlag::min, AnalysisFlag::max, AnalysisFlag::mean, AnalysisFlag::sparsity, AnalysisFlag::numDistinctApprox",2048,1,2.94915e+06
IDXMAX,double,"AnalysisFlag::min, AnalysisFlag::max, AnalysisFlag::mean, AnalysisFlag::sparsity, AnalysisFlag::numDistinctApprox",2048,1,3.01495e+06
IDXMAX,double,"AnalysisFlag::min, AnalysisFlag::max, AnalysisFlag::mean, AnalysisFlag::sparsity, AnalysisFlag::numDistinctApprox",2048,1,2.92861e+06
IDXMAX,double,"AnalysisFlag::min, AnalysisFlag::max, AnalysisFlag::mean, AnalysisFlag::sparsity, AnalysisFlag::numDistinctApprox",4096,1,1.19935e+07
IDXMAX,double,"AnalysisFlag::min, AnalysisFlag::max, AnalysisFlag::mean, AnalysisFlag::sparsity, AnalysisFlag::numDistinctApprox",4096,1,1.19499e+07
IDXMAX,double,"AnalysisFlag::min, AnalysisFlag::max, AnalysisFlag::mean, AnalysisFlag::sparsity, AnalysisFlag::numDistinctApprox",4096,1,1.18364e+07
IDXMAX,double,"AnalysisFlag::min, AnalysisFlag::max, AnalysisFlag::mean, AnalysisFlag::sparsity, AnalysisFlag::numDistinctApprox",4096,1,1.18606e+07
IDXMAX,double,"AnalysisFlag::min, AnalysisFlag::max, AnalysisFlag::mean, AnalysisFlag::sparsity, AnalysisFlag::numDistinctApprox",4096,1,1.18969e+07
IDXMAX,double,"AnalysisFlag::min, AnalysisFlag::max, AnalysisFlag::mean, AnalysisFlag::sparsity, AnalysisFlag::numDistinctApprox",4096,1,1.1991e+07
IDXMAX,double,"AnalysisFlag::min, AnalysisFlag::max, AnalysisFlag::mean, AnalysisFlag::sparsity, AnalysisFlag::numDistinctApprox",4096,1,1.19468e+07
IDXMAX,double,"AnalysisFlag::min, AnalysisFlag::max, AnalysisFlag::mean, AnalysisFlag::sparsity, AnalysisFlag::numDistinctApprox",4096,1,1.17688e+07
IDXMAX,double,"AnalysisFlag::min, AnalysisFlag::max, AnalysisFlag::mean, AnalysisFlag::sparsity, AnalysisFlag::numDistinctApprox",4096,1,1.20759e+07
IDXMAX,double,"AnalysisFlag::min, AnalysisFlag::max, AnalysisFlag::mean, AnalysisFlag::sparsity, AnalysisFlag::numDistinctApprox",4096,1,1.19556e+07
IDXMAX,int64_t,"AnalysisFlag::min, AnalysisFlag::max, AnalysisFlag::mean, AnalysisFlag::sparsity, AnalysisFlag::numDistinctApprox",1024,1,691809
IDXMAX,int64_t,"AnalysisFlag::min, AnalysisFlag::max, AnalysisFlag::mean, AnalysisFlag::sparsity, AnalysisFlag::numDistinctApprox",1024,1,577895
IDXMAX,int64_t,"AnalysisFlag::min, AnalysisFlag::max, AnalysisFlag::mean, AnalysisFlag::sparsity, AnalysisFlag::numDistinctApprox",1024,1,549508
IDXMAX,int64_t,"AnalysisFlag::min, AnalysisFlag::max, AnalysisFlag::mean, AnalysisFlag::sparsity, AnalysisFlag::numDistinctApprox",1024,1,560062
IDXMAX,int64_t,"AnalysisFlag::min, AnalysisFlag::max, AnalysisFlag::mean, AnalysisFlag::sparsity, AnalysisFlag::numDistinctApprox",1024,1,549366
IDXMAX,int64_t,"AnalysisFlag::min, AnalysisFlag::max, AnalysisFlag::mean, AnalysisFlag::sparsity, AnalysisFlag::numDistinctApprox",1024,1,561887
IDXMAX,int64_t,"AnalysisFlag::min, AnalysisFlag::max, AnalysisFlag::mean, AnalysisFlag::sparsity, AnalysisFlag::numDistinctApprox",1024,1,595716
IDXMAX,int64_t,"AnalysisFlag::min, AnalysisFlag::max, AnalysisFlag::mean, AnalysisFlag::sparsity, AnalysisFlag::numDistinctApprox",1024,1,593104
IDXMAX,int64_t,"AnalysisFlag::min, AnalysisFlag::max, AnalysisFlag::mean, AnalysisFlag::sparsity, AnalysisFlag::numDistinctApprox",1024,1,553244
IDXMAX,int64_t,"AnalysisFlag::min, AnalysisFlag::max, AnalysisFlag::mean, AnalysisFlag::sparsity, AnalysisFlag::numDistinctApprox",1024,1,546701
IDXMAX,int64_t,"AnalysisFlag::min, AnalysisFlag::max, AnalysisFlag::mean, AnalysisFlag::sparsity, AnalysisFlag::numDistinctApprox",2048,1,2.37916e+06
IDXMAX,int64_t,"AnalysisFlag::min, AnalysisFlag::max, AnalysisFlag::mean, AnalysisFlag::sparsity, AnalysisFlag::numDistinctApprox",2048,1,2.34162e+06
IDXMAX,int64_t,"AnalysisFlag::min, AnalysisFlag::max, AnalysisFlag::mean, AnalysisFlag::sparsity, AnalysisFlag::numDistinctApprox",2048,1,2.3846e+06
IDXMAX,int64_t,"AnalysisFlag::min, AnalysisFlag::max, AnalysisFlag::mean, AnalysisFlag::sparsity, AnalysisFlag::numDistinctApprox",2048,1,2.3593e+06
IDXMAX,int64_t,"AnalysisFlag::min, AnalysisFlag::max, AnalysisFlag::mean, AnalysisFlag::sparsity, AnalysisFlag::numDistinctApprox",2048,1,2.35166e+06
IDXMAX,int64_t,"AnalysisFlag::min, AnalysisFlag::max, AnalysisFlag::mean, AnalysisFlag::sparsity, AnalysisFlag::numDistinctApprox",2048,1,2.35752e+06
IDXMAX,int64_t,"AnalysisFlag::min, AnalysisFlag::max, AnalysisFlag::mean, AnalysisFlag::sparsity, AnalysisFlag::numDistinctApprox",2048,1,2.35538e+06
IDXMAX,int64_t,"AnalysisFlag::min, AnalysisFlag::max, AnalysisFlag::mean, AnalysisFlag::sparsity, AnalysisFlag::numDistinctApprox",2048,1,2.36022e+06
IDXMAX,int64_t,"AnalysisFlag::min, AnalysisFlag::max, AnalysisFlag::mean, AnalysisFlag::sparsity, AnalysisFlag::numDistinctApprox",2048,1,2.35884e+06
IDXMAX,int64_t,"AnalysisFlag::min, AnalysisFlag::max, AnalysisFlag::mean, AnalysisFlag::sparsity, AnalysisFlag::numDistinctApprox",2048,1,2.34824e+06
IDXMAX,int64_t,"AnalysisFlag::min, AnalysisFlag::max, AnalysisFlag::mean, AnalysisFlag::sparsity, AnalysisFlag::numDistinctApprox",4096,1,9.28822e+06
IDXMAX,int64_t,"AnalysisFlag::min, AnalysisFlag::max, AnalysisFlag::mean, AnalysisFlag::sparsity, AnalysisFlag::numDistinctApprox",4096,1,9.3193e+06
IDXMAX,int64_t,"AnalysisFlag::min, AnalysisFlag::max, AnalysisFlag::mean, AnalysisFlag::sparsity, AnalysisFlag::numDistinctApprox",4096,1,9.2613e+06
IDXMAX,int64_t,"AnalysisFlag::min, AnalysisFlag::max, AnalysisFlag::mean, AnalysisFlag::sparsity, AnalysisFlag::numDistinctApprox",4096,1,9.29305e+06
IDXMAX,int64_t,"AnalysisFlag::min, AnalysisFlag::max, AnalysisFlag::mean, AnalysisFlag::sparsity, AnalysisFlag::numDistinctApprox",4096,1,9.3054e+06
IDXMAX,int64_t,"AnalysisFlag::min, AnalysisFlag::max, AnalysisFlag::mean, AnalysisFlag::sparsity, AnalysisFlag::numDistinctApprox",4096,1,9.31306e+06
IDXMAX,int64_t,"AnalysisFlag::min, AnalysisFlag::max, AnalysisFlag::mean, AnalysisFlag::sparsity, AnalysisFlag::numDistinctApprox",4096,1,9.28271e+06
IDXMAX,int64_t,"AnalysisFlag::min, AnalysisFlag::max, AnalysisFlag::mean, AnalysisFlag::sparsity, AnalysisFlag::numDistinctApprox",4096,1,9.2684e+06
IDXMAX,int64_t,"AnalysisFlag::min, AnalysisFlag::max, AnalysisFlag::mean, AnalysisFlag::sparsity, AnalysisFlag::numDistinctApprox",4096,1,9.30365e+06
IDXMAX,int64_t,"AnalysisFlag::min, AnalysisFlag::max, AnalysisFlag::mean, AnalysisFlag::sparsity, AnalysisFlag::numDistinctApprox",4096,1,9.28281e+06
