op,element_type,analysis,n,sparsity,time_ns
SUM,double,"AnalysisFlag::min",1024,0.001,12655
SUM,double,"AnalysisFlag::min",1024,0.001,7673
SUM,double,"AnalysisFlag::min",1024,0.001,10156
SUM,double,"AnalysisFlag::min",1024,0.001,9973
SUM,double,"AnalysisFlag::min",1024,0.001,9934
SUM,double,"AnalysisFlag::min",1024,0.001,10277
SUM,double,"AnalysisFlag::min",1024,0.001,10261
SUM,double,"AnalysisFlag::min",1024,0.001,14036
SUM,double,"AnalysisFlag::min",1024,0.001,9795
SUM,double,"AnalysisFlag::min",1024,0.001,9818
SUM,double,"AnalysisFlag::min",2048,0.001,22947
SUM,double,"AnalysisFlag::min",2048,0.001,18291
SUM,double,"AnalysisFlag::min",2048,0.001,21978
SUM,double,"AnalysisFlag::min",2048,0.001,21725
SUM,double,"AnalysisFlag::min",2048,0.001,22129
SUM,double,"AnalysisFlag::min",2048,0.001,21473
SUM,double,"AnalysisFlag::min",2048,0.001,20871
SUM,double,"AnalysisFlag::min",2048,0.001,20883
SUM,double,"AnalysisFlag::min",2048,0.001,20820
SUM,double,"AnalysisFlag::min",2048,0.001,20771
SUM,double,"AnalysisFlag::min",4096,0.001,54575
SUM,double,"AnalysisFlag::min",4096,0.001,51662
SUM,double,"AnalysisFlag::min",4096,0.001,53439
SUM,double,"AnalysisFlag::min",4096,0.001,52517
SUM,double,"AnalysisFlag::min",4096,0.001,53384
SUM,double,"AnalysisFlag::min",4096,0.001,53862
SUM,double,"AnalysisFlag::min",4096,0.001,51845
SUM,double,"AnalysisFlag::min",4096,0.001,51301
SUM,double,"AnalysisFlag::min",4096,0.001,52543
SUM,double,"AnalysisFlag::min",4096,0.001,51758
SUM,int64_t,"AnalysisFlag::min",1024,0.001,10515
SUM,int64_t,"AnalysisFlag::min",1024,0.001,6577
SUM,int64_t,"AnalysisFlag::min",1024,0.001,8963
SUM,int64_t,"AnalysisFlag::min",1024,0.001,8963
SUM,int64_t,"AnalysisFlag::min",1024,0.001,8932
SUM,int64_t,"AnalysisFlag::min",1024,0.001,9026
SUM,int64_t,"AnalysisFlag::min",1024,0.001,8898
SUM,int64_t,"AnalysisFlag::min",1024,0.001,8333
SUM,int64_t,"AnalysisFlag::min",1024,0.001,8671
SUM,int64_t,"AnalysisFlag::min",1024,0.001,8856
SUM,int64_t,"AnalysisFlag::min",2048,0.001,21250
SUM,int64_t,"AnalysisFlag::min",2048,0.001,17486
SUM,int64_t,"AnalysisFlag::min",2048,0.001,19634
SUM,int64_t,"AnalysisFlag::min",2048,0.001,21411
SUM,int64_t,"AnalysisFlag::min",2048,0.001,20641
SUM,int64_t,"AnalysisFlag::min",2048,0.001,20259
SUM,int64_t,"AnalysisFlag::min",2048,0.001,21174
SUM,int64_t,"AnalysisFlag::min",2048,0.001,19996
SUM,int64_t,"AnalysisFlag::min",2048,0.001,19659
SUM,int64_t,"AnalysisFlag::min",2048,0.001,20595
SUM,int64_t,"AnalysisFlag::min",4096,0.001,53171
SUM,int64_t,"AnalysisFlag::min",4096,0.001,51532
SUM,int64_t,"AnalysisFlag::min",4096,0.001,49890
SUM,int64_t,"AnalysisFlag::min",4096,0.001,49733
SUM,int64_t,"AnalysisFlag::min",4096,0.001,49710
SUM,int64_t,"AnalysisFlag::min",4096,0.001,50501
SUM,int64_t,"AnalysisFlag::min",4096,0.001,51675
SUM,int64_t,"AnalysisFlag::min",4096,0.001,51753
SUM,int64_t,"AnalysisFlag::min",4096,0.001,52130
SUM,int64_t,"AnalysisFlag::min",4096,0.001,51168
SUM,double,"AnalysisFlag::min",1024,0.01,15868
SUM,double,"AnalysisFlag::min",1024,0.01,15088
SUM,double,"AnalysisFlag::min",1024,0.01,15932
SUM,double,"AnalysisFlag::min",1024,0.01,15933
SUM,double,"AnalysisFlag::min",1024,0.01,15393
SUM,double,"AnalysisFlag::min",1024,0.01,15672
SUM,double,"AnalysisFlag::min",1024,0.01,16133
SUM,double,"AnalysisFlag::min",1024,0.01,15774
SUM,double,"AnalysisFlag::min",1024,0.01,15905
SUM,double,"AnalysisFlag::min",1024,0.01,15586
SUM,double,"AnalysisFlag::min",2048,0.01,36706
SUM,double,"AnalysisFlag::min",2048,0.01,35630
SUM,double,"AnalysisFlag::min",2048,0.01,38385
SUM,double,"AnalysisFlag::min",2048,0.01,35530
SUM,double,"AnalysisFlag::min",2048,0.01,36185
SUM,double,"AnalysisFlag::min",2048,0.01,35585
SUM,double,"AnalysisFlag::min",2048,0.01,35663
SUM,double,"AnalysisFlag::min",2048,0.01,35612
SUM,double,"AnalysisFlag::min",2048,0.01,35723
SUM,double,"AnalysisFlag::min",2048,0.01,35691
SUM,double,"AnalysisFlag::min",4096,0.01,89081
SUM,double,"AnalysisFlag::min",4096,0.01,88851
SUM,double,"AnalysisFlag::min",4096,0.01,90783
SUM,double,"AnalysisFlag::min",4096,0.01,86764
SUM,double,"AnalysisFlag::min",4096,0.01,85804
SUM,double,"AnalysisFlag::min",4096,0.01,89919
SUM,double,"AnalysisFlag::min",4096,0.01,85434
SUM,double,"AnalysisFlag::min",4096,0.01,87002
SUM,double,"AnalysisFlag::min",4096,0.01,86510
SUM,double,"AnalysisFlag::min",4096,0.01,86443
SUM,int64_t,"AnalysisFlag::min",1024,0.01,15851
SUM,int64_t,"AnalysisFlag::min",1024,0.01,14384
SUM,int64_t,"AnalysisFlag::min",1024,0.01,15691
SUM,int64_t,"AnalysisFlag::min",1024,0.01,15727
SUM,int64_t,"AnalysisFlag::min",1024,0.01,15635
SUM,int64_t,"AnalysisFlag::min",1024,0.01,15709
SUM,int64_t,"AnalysisFlag::min",1024,0.01,16037
SUM,int64_t,"AnalysisFlag::min",1024,0.01,15149
SUM,int64_t,"AnalysisFlag::min",1024,0.01,15117
SUM,int64_t,"AnalysisFlag::min",1024,0.01,15656
SUM,int64_t,"AnalysisFlag::min",2048,0.01,35517
SUM,int64_t,"AnalysisFlag::min",2048,0.01,34526
SUM,int64_t,"AnalysisFlag::min",2048,0.01,34719
SUM,int64_t,"AnalysisFlag::min",2048,0.01,35198
SUM,int64_t,"AnalysisFlag::min",2048,0.01,35429
SUM,int64_t,"AnalysisFlag::min",2048,0.01,34941
SUM,int64_t,"AnalysisFlag::min",2048,0.01,35436
SUM,int64_t,"AnalysisFlag::min",2048,0.01,34999
SUM,int64_t,"AnalysisFlag::min",2048,0.01,35276
SUM,int64_t,"AnalysisFlag::min",2048,0.01,35259
SUM,int64_t,"AnalysisFlag::min",4096,0.01,85042
SUM,int64_t,"AnalysisFlag::min",4096,0.01,84531
SUM,int64_t,"AnalysisFlag::min",4096,0.01,84127
SUM,int64_t,"AnalysisFlag::min",4096,0.01,83866
SUM,int64_t,"AnalysisFlag::min",4096,0.01,84935
SUM,int64_t,"AnalysisFlag::min",4096,0.01,85239
SUM,int64_t,"AnalysisFlag::min",4096,0.01,86538
SUM,int64_t,"AnalysisFlag::min",4096,0.01,85441
SUM,int64_t,"AnalysisFlag::min",4096,0.01,85489
SUM,int64_t,"AnalysisFlag::min",4096,0.01,85581
SUM,double,"AnalysisFlag::min",1024,0.05,25373
SUM,double,"AnalysisFlag::min",1024,0.05,24985
SUM,double,"AnalysisFlag::min",1024,0.05,25081
SUM,double,"AnalysisFlag::min",1024,0.05,25719
SUM,double,"AnalysisFlag::min",1024,0.05,25700
SUM,double,"AnalysisFlag::min",1024,0.05,25228
SUM,double,"AnalysisFlag::min",1024,0.05,25165
SUM,double,"AnalysisFlag::min",1024,0.05,24967
SUM,double,"AnalysisFlag::min",1024,0.05,25028
SUM,double,"AnalysisFlag::min",1024,0.05,25756
SUM,double,"AnalysisFlag::min",2048,0.05,62521
SUM,double,"AnalysisFlag::min",2048,0.05,60040
SUM,double,"AnalysisFlag::min",2048,0.05,60150
SUM,double,"AnalysisFlag::min",2048,0.05,60330
SUM,double,"AnalysisFlag::min",2048,0.05,60310
SUM,double,"AnalysisFlag::min",2048,0.05,60312
SUM,double,"AnalysisFlag::min",2048,0.05,61820
SUM,double,"AnalysisFlag::min",2048,0.05,60763
SUM,double,"AnalysisFlag::min",2048,0.05,59568
SUM,double,"AnalysisFlag::min",2048,0.05,60448
SUM,double,"AnalysisFlag::min",4096,0.05,335500
SUM,double,"AnalysisFlag::min",4096,0.05,212540
SUM,double,"AnalysisFlag::min",4096,0.05,191613
SUM,double,"AnalysisFlag::min",4096,0.05,199058
SUM,double,"AnalysisFlag::min",4096,0.05,191115
SUM,double,"AnalysisFlag::min",4096,0.05,191241
SUM,double,"AnalysisFlag::min",4096,0.05,190636
SUM,double,"AnalysisFlag::min",4096,0.05,192709
SUM,double,"AnalysisFlag::min",4096,0.05,199961
SUM,double,"AnalysisFlag::min",4096,0.05,189428
SUM,int64_t,"AnalysisFlag::min",1024,0.05,25345
SUM,int64_t,"AnalysisFlag::min",1024,0.05,24826
SUM,int64_t,"AnalysisFlag::min",1024,0.05,24091
SUM,int64_t,"AnalysisFlag::min",1024,0.05,25045
SUM,int64_t,"AnalysisFlag::min",1024,0.05,24335
SUM,int64_t,"AnalysisFlag::min",1024,0.05,24691
SUM,int64_t,"AnalysisFlag::min",1024,0.05,24607
SUM,int64_t,"AnalysisFlag::min",1024,0.05,24564
SUM,int64_t,"AnalysisFlag::min",1024,0.05,25714
SUM,int64_t,"AnalysisFlag::min",1024,0.05,24136
SUM,int64_t,"AnalysisFlag::min",2048,0.05,62854
SUM,int64_t,"AnalysisFlag::min",2048,0.05,59778
SUM,int64_t,"AnalysisFlag::min",2048,0.05,59805
SUM,int64_t,"AnalysisFlag::min",2048,0.05,59100
SUM,int64_t,"AnalysisFlag::min",2048,0.05,62084
SUM,int64_t,"AnalysisFlag::min",2048,0.05,62349
SUM,int64_t,"AnalysisFlag::min",2048,0.05,59643
SUM,int64_t,"AnalysisFlag::min",2048,0.05,61958
SUM,int64_t,"AnalysisFlag::min",2048,0.05,63051
SUM,int64_t,"AnalysisFlag::min",2048,0.05,59680
SUM,int64_t,"AnalysisFlag::min",4096,0.05,210152
SUM,int64_t,"AnalysisFlag::min",4096,0.05,201328
SUM,int64_t,"AnalysisFlag::min",4096,0.05,196426
SUM,int64_t,"AnalysisFlag::min",4096,0.05,188555
SUM,int64_t,"AnalysisFlag::min",4096,0.05,196071
SUM,int64_t,"AnalysisFlag::min",4096,0.05,198256
SUM,int64_t,"AnalysisFlag::min",4096,0.05,195840
SUM,int64_t,"AnalysisFlag::min",4096,0.05,189295
SUM,int64_t,"AnalysisFlag::min",4096,0.05,193056
SUM,int64_t,"AnalysisFlag::min",4096,0.05,198604
SUM,double,"AnalysisFlag::min",1024,0.1,33115
SUM,double,"AnalysisFlag::min",1024,0.1,31752
SUM,double,"AnalysisFlag::min",1024,0.1,31586
SUM,double,"AnalysisFlag::min",1024,0.1,31201
SUM,double,"AnalysisFlag::min",1024,0.1,30988
SUM,double,"AnalysisFlag::min",1024,0.1,31016
SUM,double,"AnalysisFlag::min",1024,0.1,31529
SUM,double,"AnalysisFlag::min",1024,0.1,31464
SUM,double,"AnalysisFlag::min",1024,0.1,31590
SUM,double,"AnalysisFlag::min",1024,0.1,32493
SUM,double,"AnalysisFlag::min",2048,0.1,98573
SUM,double,"AnalysisFlag::min",2048,0.1,93346
SUM,double,"AnalysisFlag::min",2048,0.1,97304
SUM,double,"AnalysisFlag::min",2048,0.1,94151
SUM,double,"AnalysisFlag::min",2048,0.1,94787
SUM,double,"AnalysisFlag::min",2048,0.1,93272
SUM,double,"AnalysisFlag::min",2048,0.1,94445
SUM,double,"AnalysisFlag::min",2048,0.1,94491
SUM,double,"AnalysisFlag::min",2048,0.1,93936
SUM,double,"AnalysisFlag::min",2048,0.1,92668
SUM,double,"AnalysisFlag::min",4096,0.1,575094
SUM,double,"AnalysisFlag::min",4096,0.1,612553
SUM,double,"AnalysisFlag::min",4096,0.1,580658
SUM,double,"AnalysisFlag::min",4096,0.1,567200
SUM,double,"AnalysisFlag::min",4096,0.1,570711
SUM,double,"AnalysisFlag::min",4096,0.1,602918
SUM,double,"AnalysisFlag::min",4096,0.1,610255
SUM,double,"AnalysisFlag::min",4096,0.1,578601
SUM,double,"AnalysisFlag::min",4096,0.1,573861
SUM,double,"AnalysisFlag::min",4096,0.1,575735
SUM,int64_t,"AnalysisFlag::min",1024,0.1,33526
SUM,int64_t,"AnalysisFlag::min",1024,0.1,31387
SUM,int64_t,"AnalysisFlag::min",1024,0.1,30727
SUM,int64_t,"AnalysisFlag::min",1024,0.1,32501
SUM,int64_t,"AnalysisFlag::min",1024,0.1,32555
SUM,int64_t,"AnalysisFlag::min",1024,0.1,32105
SUM,int64_t,"AnalysisFlag::min",1024,0.1,32265
SUM,int64_t,"AnalysisFlag::min",1024,0.1,32936
SUM,int64_t,"AnalysisFlag::min",1024,0.1,30766
SUM,int64_t,"AnalysisFlag::min",1024,0.1,32628
SUM,int64_t,"AnalysisFlag::min",2048,0.1,129610
SUM,int64_t,"AnalysisFlag::min",2048,0.1,97883
SUM,int64_t,"AnalysisFlag::min",2048,0.1,97671
SUM,int64_t,"AnalysisFlag::min",2048,0.1,96531
SUM,int64_t,"AnalysisFlag::min",2048,0.1,96688
SUM,int64_t,"AnalysisFlag::min",2048,0.1,93615
SUM,int64_t,"AnalysisFlag::min",2048,0.1,99008
SUM,int64_t,"AnalysisFlag::min",2048,0.1,93426
SUM,int64_t,"AnalysisFlag::min",2048,0.1,96875
SUM,int64_t,"AnalysisFlag::min",2048,0.1,96760
SUM,int64_t,"AnalysisFlag::min",4096,0.1,557925
SUM,int64_t,"AnalysisFlag::min",4096,0.1,597008
SUM,int64_t,"AnalysisFlag::min",4096,0.1,584300
SUM,int64_t,"AnalysisFlag::min",4096,0.1,576704
SUM,int64_t,"AnalysisFlag::min",4096,0.1,557971
SUM,int64_t,"AnalysisFlag::min",4096,0.1,594928
SUM,int64_t,"AnalysisFlag::min",4096,0.1,586800
SUM,int64_t,"AnalysisFlag::min",4096,0.1,564751
SUM,int64_t,"AnalysisFlag::min",4096,0.1,564545
SUM,int64_t,"AnalysisFlag::min",4096,0.1,567066
SUM,double,"AnalysisFlag::min",1024,0.2,57237
SUM,double,"AnalysisFlag::min",1024,0.2,49206
SUM,double,"AnalysisFlag::min",1024,0.2,48412
SUM,double,"AnalysisFlag::min",1024,0.2,49757
SUM,double,"AnalysisFlag::min",1024,0.2,48927
SUM,double,"AnalysisFlag::min",1024,0.2,48813
SUM,double,"AnalysisFlag::min",1024,0.2,50523
SUM,double,"AnalysisFlag::min",1024,0.2,49131
SUM,double,"AnalysisFlag::min",1024,0.2,48783
SUM,double,"AnalysisFlag::min",1024,0.2,48581
SUM,double,"AnalysisFlag::min",2048,0.2,239482
SUM,double,"AnalysisFlag::min",2048,0.2,195279
SUM,double,"AnalysisFlag::min",2048,0.2,176476
SUM,double,"AnalysisFlag::min",2048,0.2,183702
SUM,double,"AnalysisFlag::min",2048,0.2,181179
SUM,double,"AnalysisFlag::min",2048,0.2,175688
SUM,double,"AnalysisFlag::min",2048,0.2,184236
SUM,double,"AnalysisFlag::min",2048,0.2,180677
SUM,double,"AnalysisFlag::min",2048,0.2,187701
SUM,double,"AnalysisFlag::min",2048,0.2,181101
SUM,double,"AnalysisFlag::min",4096,0.2,1.35263e+06
SUM,double,"AnalysisFlag::min",4096,0.2,1.41563e+06
SUM,double,"AnalysisFlag::min",4096,0.2,1.37167e+06
SUM,double,"AnalysisFlag::min",4096,0.2,1.38351e+06
SUM,double,"AnalysisFlag::min",4096,0.2,1.36341e+06
SUM,double,"AnalysisFlag::min",4096,0.2,1.38506e+06
SUM,double,"AnalysisFlag::min",4096,0.2,1.35934e+06
SUM,double,"AnalysisFlag::min",4096,0.2,1.38904e+06
SUM,double,"AnalysisFlag::min",4096,0.2,1.38161e+06
SUM,double,"AnalysisFlag::min",4096,0.2,1.37416e+06
SUM,int64_t,"AnalysisFlag::min",1024,0.2,62114
SUM,int64_t,"AnalysisFlag::min",1024,0.2,50690
SUM,int64_t,"AnalysisFlag::min",1024,0.2,49479
SUM,int64_t,"AnalysisFlag::min",1024,0.2,49642
SUM,int64_t,"AnalysisFlag::min",1024,0.2,48830
SUM,int64_t,"AnalysisFlag::min",1024,0.2,49547
SUM,int64_t,"AnalysisFlag::min",1024,0.2,49306
SUM,int64_t,"AnalysisFlag::min",1024,0.2,49530
SUM,int64_t,"AnalysisFlag::min",1024,0.2,49751
SUM,int64_t,"AnalysisFlag::min",1024,0.2,49786
SUM,int64_t,"AnalysisFlag::min",2048,0.2,304775
SUM,int64_t,"AnalysisFlag::min",2048,0.2,220988
SUM,int64_t,"AnalysisFlag::min",2048,0.2,182710
SUM,int64_t,"AnalysisFlag::min",2048,0.2,184998
SUM,int64_t,"AnalysisFlag::min",2048,0.2,197532
SUM,int64_t,"AnalysisFlag::min",2048,0.2,183093
SUM,int64_t,"AnalysisFlag::min",2048,0.2,188475
SUM,int64_t,"AnalysisFlag::min",2048,0.2,180184
SUM,int64_t,"AnalysisFlag::min",2048,0.2,191793
SUM,int64_t,"AnalysisFlag::min",2048,0.2,187445
SUM,int64_t,"AnalysisFlag::min",4096,0.2,1.36709e+06
SUM,int64_t,"AnalysisFlag::min",4096,0.2,1.41495e+06
SUM,int64_t,"AnalysisFlag::min",4096,0.2,1.37045e+06
SUM,int64_t,"AnalysisFlag::min",4096,0.2,1.39913e+06
SUM,int64_t,"AnalysisFlag::min",4096,0.2,1.3877e+06
SUM,int64_t,"AnalysisFlag::min",4096,0.2,1.40921e+06
SUM,int64_t,"AnalysisFlag::min",4096,0.2,1.44075e+06
SUM,int64_t,"AnalysisFlag::min",4096,0.2,1.38405e+06
SUM,int64_t,"AnalysisFlag::min",4096,0.2,1.43837e+06
SUM,int64_t,"AnalysisFlag::min",4096,0.2,1.39181e+06
SUM,double,"AnalysisFlag::min",1024,0.25,1.61092e+06
SUM,double,"AnalysisFlag::min",1024,0.25,1.60588e+06
SUM,double,"AnalysisFlag::min",1024,0.25,1.60531e+06
SUM,double,"AnalysisFlag::min",1024,0.25,1.60702e+06
SUM,double,"AnalysisFlag::min",1024,0.25,1.61454e+06
SUM,double,"AnalysisFlag::min",1024,0.25,1.60882e+06
SUM,double,"AnalysisFlag::min",1024,0.25,1.60531e+06
SUM,double,"AnalysisFlag::min",1024,0.25,1.60476e+06
SUM,double,"AnalysisFlag::min",1024,0.25,1.61453e+06
SUM,double,"AnalysisFlag::min",1024,0.25,1.60679e+06
SUM,double,"AnalysisFlag::min",2048,0.25,6.44382e+06
SUM,double,"AnalysisFlag::min",2048,0.25,6.4414e+06
SUM,double,"AnalysisFlag::min",2048,0.25,6.45151e+06
SUM,double,"AnalysisFlag::min",2048,0.25,6.46113e+06
SUM,double,"AnalysisFlag::min",2048,0.25,6.43928e+06
SUM,double,"AnalysisFlag::min",2048,0.25,6.45068e+06
SUM,double,"AnalysisFlag::min",2048,0.25,6.44701e+06
SUM,double,"AnalysisFlag::min",2048,0.25,6.45894e+06
SUM,double,"AnalysisFlag::min",2048,0.25,6.46672e+06
SUM,double,"AnalysisFlag::min",2048,0.25,6.44945e+06
SUM,double,"AnalysisFlag::min",4096,0.25,2.56806e+07
SUM,double,"AnalysisFlag::min",4096,0.25,2.56833e+07
SUM,double,"AnalysisFlag::min",4096,0.25,2.56732e+07
SUM,double,"AnalysisFlag::min",4096,0.25,2.5674e+07
SUM,double,"AnalysisFlag::min",4096,0.25,2.56776e+07
SUM,double,"AnalysisFlag::min",4096,0.25,2.56877e+07
SUM,double,"AnalysisFlag::min",4096,0.25,2.56904e+07
SUM,double,"AnalysisFlag::min",4096,0.25,2.57049e+07
SUM,double,"AnalysisFlag::min",4096,0.25,2.56907e+07
SUM,double,"AnalysisFlag::min",4096,0.25,2.56871e+07
SUM,int64_t,"AnalysisFlag::min",1024,0.25,1.19033e+06
SUM,int64_t,"AnalysisFlag::min",1024,0.25,1.17888e+06
SUM,int64_t,"AnalysisFlag::min",1024,0.25,1.18006e+06
SUM,int64_t,"AnalysisFlag::min",1024,0.25,1.18015e+06
SUM,int64_t,"AnalysisFlag::min",1024,0.25,1.18012e+06
SUM,int64_t,"AnalysisFlag::min",1024,0.25,1.17846e+06
SUM,int64_t,"AnalysisFlag::min",1024,0.25,1.17831e+06
SUM,int64_t,"AnalysisFlag::min",1024,0.25,1.17853e+06
SUM,int64_t,"AnalysisFlag::min",1024,0.25,1.17856e+06
SUM,int64_t,"AnalysisFlag::min",1024,0.25,1.17856e+06
SUM,int64_t,"AnalysisFlag::min",2048,0.25,4.44292e+06
SUM,int64_t,"AnalysisFlag::min",2048,0.25,4.43884e+06
SUM,int64_t,"AnalysisFlag::min",2048,0.25,4.43139e+06
SUM,int64_t,"AnalysisFlag::min",2048,0.25,4.4315e+06
SUM,int64_t,"AnalysisFlag::min",2048,0.25,4.42958e+06
SUM,int64_t,"AnalysisFlag::min",2048,0.25,4.43736e+06
SUM,int64_t,"AnalysisFlag::min",2048,0.25,4.43476e+06
SUM,int64_t,"AnalysisFlag::min",2048,0.25,4.4342e+06
SUM,int64_t,"AnalysisFlag::min",2048,0.25,4.43062e+06
SUM,int64_t,"AnalysisFlag::min",2048,0.25,4.43566e+06
SUM,int64_t,"AnalysisFlag::min",4096,0.25,1.75422e+07
SUM,int64_t,"AnalysisFlag::min",4096,0.25,1.75487e+07
SUM,int64_t,"AnalysisFlag::min",4096,0.25,1.75248e+07
SUM,int64_t,"AnalysisFlag::min",4096,0.25,1.75445e+07
SUM,int64_t,"AnalysisFlag::min",4096,0.25,1.75527e+07
SUM,int64_t,"AnalysisFlag::min",4096,0.25,1.75287e+07
SUM,int64_t,"AnalysisFlag::min",4096,0.25,1.75258e+07
SUM,int64_t,"AnalysisFlag::min",4096,0.25,1.75412e+07
SUM,int64_t,"AnalysisFlag::min",4096,0.25,1.75289e+07
SUM,int64_t,"AnalysisFlag::min",4096,0.25,1.754e+07
SUM,double,"AnalysisFlag::min",1024,1,1.67387e+06
SUM,double,"AnalysisFlag::min",1024,1,1.60711e+06
SUM,double,"AnalysisFlag::min",1024,1,1.61227e+06
SUM,double,"AnalysisFlag::min",1024,1,1.60666e+06
SUM,double,"AnalysisFlag::min",1024,1,1.60484e+06
SUM,double,"AnalysisFlag::min",1024,1,1.60644e+06
SUM,double,"AnalysisFlag::min",1024,1,1.60466e+06
SUM,double,"AnalysisFlag::min",1024,1,1.60647e+06
SUM,double,"AnalysisFlag::min",1024,1,1.60836e+06
SUM,double,"AnalysisFlag::min",1024,1,1.61032e+06
SUM,double,"AnalysisFlag::min",2048,1,6.43025e+06
SUM,double,"AnalysisFlag::min",2048,1,6.42654e+06
SUM,double,"AnalysisFlag::min",2048,1,6.44564e+06
SUM,double,"AnalysisFlag::min",2048,1,6.44943e+06
SUM,double,"AnalysisFlag::min",2048,1,6.45043e+06
SUM,double,"AnalysisFlag::min",2048,1,6.43124e+06
SUM,double,"AnalysisFlag::min",2048,1,6.4766e+06
SUM,double,"AnalysisFlag::min",2048,1,6.44808e+06
SUM,double,"AnalysisFlag::min",2048,1,6.44836e+06
SUM,double,"AnalysisFlag::min",2048,1,6.45144e+06
SUM,double,"AnalysisFlag::min",4096,1,2.57269e+07
SUM,double,"AnalysisFlag::min",4096,1,2.56748e+07
SUM,double,"AnalysisFlag::min",4096,1,2.56718e+07
SUM,double,"AnalysisFlag::min",4096,1,2.56962e+07
SUM,double,"AnalysisFlag::min",4096,1,2.57624e+07
SUM,double,"AnalysisFlag::min",4096,1,2.56907e+07
SUM,double,"AnalysisFlag::min",4096,1,2.56835e+07
SUM,double,"AnalysisFlag::min",4096,1,2.56981e+07
SUM,double,"AnalysisFlag::min",4096,1,2.56741e+07
SUM,double,"AnalysisFlag::min",4096,1,2.56731e+07
SUM,int64_t,"AnalysisFlag::min",1024,1,1.22275e+06
SUM,int64_t,"AnalysisFlag::min",1024,1,1.17803e+06
SUM,int64_t,"AnalysisFlag::min",1024,1,1.17827e+06
SUM,int64_t,"AnalysisFlag::min",1024,1,1.17742e+06
SUM,int64_t,"AnalysisFlag::min",1024,1,1.17762e+06
SUM,int64_t,"AnalysisFlag::min",1024,1,1.17786e+06
SUM,int64_t,"AnalysisFlag::min",1024,1,1.17765e+06
SUM,int64_t,"AnalysisFlag::min",1024,1,1.17751e+06
SUM,int64_t,"AnalysisFlag::min",1024,1,1.17558e+06
SUM,int64_t,"AnalysisFlag::min",1024,1,1.17575e+06
SUM,int64_t,"AnalysisFlag::min",2048,1,4.45643e+06
SUM,int64_t,"AnalysisFlag::min",2048,1,4.43824e+06
SUM,int64_t,"AnalysisFlag::min",2048,1,4.44006e+06
SUM,int64_t,"AnalysisFlag::min",2048,1,4.43633e+06
SUM,int64_t,"AnalysisFlag::min",2048,1,4.43072e+06
SUM,int64_t,"AnalysisFlag::min",2048,1,4.4301e+06
SUM,int64_t,"AnalysisFlag::min",2048,1,4.43453e+06
SUM,int64_t,"AnalysisFlag::min",2048,1,4.43243e+06
SUM,int64_t,"AnalysisFlag::min",2048,1,4.43412e+06
SUM,int64_t,"AnalysisFlag::min",2048,1,4.43553e+06
SUM,int64_t,"AnalysisFlag::min",4096,1,1.7584e+07
SUM,int64_t,"AnalysisFlag::min",4096,1,1.75509e+07
SUM,int64_t,"AnalysisFlag::min",4096,1,1.75355e+07
SUM,int64_t,"AnalysisFlag::min",4096,1,1.75314e+07
SUM,int64_t,"AnalysisFlag::min",4096,1,1.75353e+07
SUM,int64_t,"AnalysisFlag::min",4096,1,1.75306e+07
SUM,int64_t,"AnalysisFlag::min",4096,1,1.7527e+07
SUM,int64_t,"AnalysisFlag::min",4096,1,1.75515e+07
SUM,int64_t,"AnalysisFlag::min",4096,1,1.75359e+07
SUM,int64_t,"AnalysisFlag::min",4096,1,1.75379e+07
MEAN,double,"AnalysisFlag::min",1024,0.001,14205
MEAN,double,"AnalysisFlag::min",1024,0.001,8848
MEAN,double,"AnalysisFlag::min",1024,0.001,11217
MEAN,double,"AnalysisFlag::min",1024,0.001,10532
MEAN,double,"AnalysisFlag::min",1024,0.001,10485
MEAN,double,"AnalysisFlag::min",1024,0.001,10697
MEAN,double,"AnalysisFlag::min",1024,0.001,11051
MEAN,double,"AnalysisFlag::min",1024,0.001,10546
MEAN,double,"AnalysisFlag::min",1024,0.001,10360
MEAN,double,"AnalysisFlag::min",1024,0.001,10736
MEAN,double,"AnalysisFlag::min",2048,0.001,24661
MEAN,double,"AnalysisFlag::min",2048,0.001,18836
MEAN,double,"AnalysisFlag::min",2048,0.001,22907
MEAN,double,"AnalysisFlag::min",2048,0.001,23002
MEAN,double,"AnalysisFlag::min",2048,0.001,23711
MEAN,double,"AnalysisFlag::min",2048,0.001,22932
MEAN,double,"AnalysisFlag::min",2048,0.001,22479
MEAN,double,"AnalysisFlag::min",2048,0.001,22786
MEAN,double,"AnalysisFlag::min",2048,0.001,22816
MEAN,double,"AnalysisFlag::min",2048,0.001,22607
MEAN,double,"AnalysisFlag::min",4096,0.001,58211
MEAN,double,"AnalysisFlag::min",4096,0.001,54659
MEAN,double,"AnalysisFlag::min",4096,0.001,57036
MEAN,double,"AnalysisFlag::min",4096,0.001,56335
MEAN,double,"AnalysisFlag::min",4096,0.001,55073
MEAN,double,"AnalysisFlag::min",4096,0.001,55291
MEAN,double,"AnalysisFlag::min",4096,0.001,54997
MEAN,double,"AnalysisFlag::min",4096,0.001,56824
MEAN,double,"AnalysisFlag::min",4096,0.001,56820
MEAN,double,"AnalysisFlag::min",4096,0.001,56136
MEAN,int64_t,"AnalysisFlag::min",1024,0.001,11540
MEAN,int64_t,"AnalysisFlag::min",1024,0.001,6714
MEAN,int64_t,"AnalysisFlag::min",1024,0.001,10000
MEAN,int64_t,"AnalysisFlag::min",1024,0.001,9900
MEAN,int64_t,"AnalysisFlag::min",1024,0.001,9543
MEAN,int64_t,"AnalysisFlag::min",1024,0.001,9812
MEAN,int64_t,"AnalysisFlag::min",1024,0.001,9830
MEAN,int64_t,"AnalysisFlag::min",1024,0.001,9597
MEAN,int64_t,"AnalysisFlag::min",1024,0.001,9717
MEAN,int64_t,"AnalysisFlag::min",1024,0.001,9994
MEAN,int64_t,"AnalysisFlag::min",2048,0.001,22271
MEAN,int64_t,"AnalysisFlag::min",2048,0.001,16758
MEAN,int64_t,"AnalysisFlag::min",2048,0.001,21628
MEAN,int64_t,"AnalysisFlag::min",2048,0.001,21869
MEAN,int64_t,"AnalysisFlag::min",2048,0.001,21534
MEAN,int64_t,"AnalysisFlag::min",2048,0.001,21626
MEAN,int64_t,"AnalysisFlag::min",2048,0.001,22073
MEAN,int64_t,"AnalysisFlag::min",2048,0.001,21582
MEAN,int64_t,"AnalysisFlag::min",2048,0.001,21209
MEAN,int64_t,"AnalysisFlag::min",2048,0.001,21998
MEAN,int64_t,"AnalysisFlag::min",4096,0.001,56223
MEAN,int64_t,"AnalysisFlag::min",4096,0.001,53142
MEAN,int64_t,"AnalysisFlag::min",4096,0.001,56032
MEAN,int64_t,"AnalysisFlag::min",4096,0.001,54798
MEAN,int64_t,"AnalysisFlag::min",4096,0.001,55204
MEAN,int64_t,"AnalysisFlag::min",4096,0.001,55267
MEAN,int64_t,"AnalysisFlag::min",4096,0.001,55745
MEAN,int64_t,"AnalysisFlag::min",4096,0.001,55526
MEAN,int64_t,"AnalysisFlag::min",4096,0.001,55569
MEAN,int64_t,"AnalysisFlag::min",4096,0.001,54966
MEAN,double,"AnalysisFlag::min",1024,0.01,17794
MEAN,double,"AnalysisFlag::min",1024,0.01,16268
MEAN,double,"AnalysisFlag::min",1024,0.01,17210
MEAN,double,"AnalysisFlag::min",1024,0.01,17356
MEAN,double,"AnalysisFlag::min",1024,0.01,17474
MEAN,double,"AnalysisFlag::min",1024,0.01,16814
MEAN,double,"AnalysisFlag::min",1024,0.01,16668
MEAN,double,"AnalysisFlag::min",1024,0.01,16993
MEAN,double,"AnalysisFlag::min",1024,0.01,16841
MEAN,double,"AnalysisFlag::min",1024,0.01,16918
MEAN,double,"AnalysisFlag::min",2048,0.01,37755
MEAN,double,"AnalysisFlag::min",2048,0.01,36611
MEAN,double,"AnalysisFlag::min",2048,0.01,37243
MEAN,double,"AnalysisFlag::min",2048,0.01,37170
MEAN,double,"AnalysisFlag::min",2048,0.01,38065
MEAN,double,"AnalysisFlag::min",2048,0.01,36933
MEAN,double,"AnalysisFlag::min",2048,0.01,37678
MEAN,double,"AnalysisFlag::min",2048,0.01,37712
MEAN,double,"AnalysisFlag::min",2048,0.01,36375
MEAN,double,"AnalysisFlag::min",2048,0.01,37292
MEAN,double,"AnalysisFlag::min",4096,0.01,94251
MEAN,double,"AnalysisFlag::min",4096,0.01,91969
MEAN,double,"AnalysisFlag::min",4096,0.01,92642
MEAN,double,"AnalysisFlag::min",4096,0.01,88178
MEAN,double,"AnalysisFlag::min",4096,0.01,90513
MEAN,double,"AnalysisFlag::min",4096,0.01,89479
MEAN,double,"AnalysisFlag::min",4096,0.01,89048
MEAN,double,"AnalysisFlag::min",4096,0.01,91255
MEAN,double,"AnalysisFlag::min",4096,0.01,89592
MEAN,double,"AnalysisFlag::min",4096,0.01,88780
MEAN,int64_t,"AnalysisFlag::min",1024,0.01,17767
MEAN,int64_t,"AnalysisFlag::min",1024,0.01,15840
MEAN,int64_t,"AnalysisFlag::min",1024,0.01,17437
MEAN,int64_t,"AnalysisFlag::min",1024,0.01,17317
MEAN,int64_t,"AnalysisFlag::min",1024,0.01,17065
MEAN,int64_t,"AnalysisFlag::min",1024,0.01,16701
MEAN,int64_t,"AnalysisFlag::min",1024,0.01,17315
MEAN,int64_t,"AnalysisFlag::min",1024,0.01,18491
MEAN,int64_t,"AnalysisFlag::min",1024,0.01,16938
MEAN,int64_t,"AnalysisFlag::min",1024,0.01,16940
MEAN,int64_t,"AnalysisFlag::min",2048,0.01,38872
MEAN,int64_t,"AnalysisFlag::min",2048,0.01,38749
MEAN,int64_t,"AnalysisFlag::min",2048,0.01,37284
MEAN,int64_t,"AnalysisFlag::min",2048,0.01,38715
MEAN,int64_t,"AnalysisFlag::min",2048,0.01,38524
MEAN,int64_t,"AnalysisFlag::min",2048,0.01,39584
MEAN,int64_t,"AnalysisFlag::min",2048,0.01,38008
MEAN,int64_t,"AnalysisFlag::min",2048,0.01,37983
MEAN,int64_t,"AnalysisFlag::min",2048,0.01,37566
MEAN,int64_t,"AnalysisFlag::min",2048,0.01,38146
MEAN,int64_t,"AnalysisFlag::min",4096,0.01,90902
MEAN,int64_t,"AnalysisFlag::min",4096,0.01,90247
MEAN,int64_t,"AnalysisFlag::min",4096,0.01,93182
MEAN,int64_t,"AnalysisFlag::min",4096,0.01,89430
MEAN,int64_t,"AnalysisFlag::min",4096,0.01,90346
MEAN,int64_t,"AnalysisFlag::min",4096,0.01,90527
MEAN,int64_t,"AnalysisFlag::min",4096,0.01,90193
MEAN,int64_t,"AnalysisFlag::min",4096,0.01,92291
MEAN,int64_t,"AnalysisFlag::min",4096,0.01,91038
MEAN,int64_t,"AnalysisFlag::min",4096,0.01,91547
MEAN,double,"AnalysisFlag::min",1024,0.05,25375
MEAN,double,"AnalysisFlag::min",1024,0.05,25002
MEAN,double,"AnalysisFlag::min",1024,0.05,26554
MEAN,double,"AnalysisFlag::min",1024,0.05,25693
MEAN,double,"AnalysisFlag::min",1024,0.05,25433
MEAN,double,"AnalysisFlag::min",1024,0.05,25855
MEAN,double,"AnalysisFlag::min",1024,0.05,25286
MEAN,double,"AnalysisFlag::min",1024,0.05,27407
MEAN,double,"AnalysisFlag::min",1024,0.05,24941
MEAN,double,"AnalysisFlag::min",1024,0.05,25132
MEAN,double,"AnalysisFlag::min",2048,0.05,64357
MEAN,double,"AnalysisFlag::min",2048,0.05,63077
MEAN,double,"AnalysisFlag::min",2048,0.05,64148
MEAN,double,"AnalysisFlag::min",2048,0.05,64830
MEAN,double,"AnalysisFlag::min",2048,0.05,63589
MEAN,double,"AnalysisFlag::min",2048,0.05,63323
MEAN,double,"AnalysisFlag::min",2048,0.05,65254
MEAN,double,"AnalysisFlag::min",2048,0.05,62791
MEAN,double,"AnalysisFlag::min",2048,0.05,63900
MEAN,double,"AnalysisFlag::min",2048,0.05,63355
MEAN,double,"AnalysisFlag::min",4096,0.05,332675
MEAN,double,"AnalysisFlag::min",4096,0.05,216801
MEAN,double,"AnalysisFlag::min",4096,0.05,201766
MEAN,double,"AnalysisFlag::min",4096,0.05,200847
MEAN,double,"AnalysisFlag::min",4096,0.05,197320
MEAN,double,"AnalysisFlag::min",4096,0.05,196936
MEAN,double,"AnalysisFlag::min",4096,0.05,193002
MEAN,double,"AnalysisFlag::min",4096,0.05,195317
MEAN,double,"AnalysisFlag::min",4096,0.05,205336
MEAN,double,"AnalysisFlag::min",4096,0.05,196356
MEAN,int64_t,"AnalysisFlag::min",1024,0.05,27136
MEAN,int64_t,"AnalysisFlag::min",1024,0.05,25691
MEAN,int64_t,"AnalysisFlag::min",1024,0.05,27459
MEAN,int64_t,"AnalysisFlag::min",1024,0.05,26924
MEAN,int64_t,"AnalysisFlag::min",1024,0.05,25950
MEAN,int64_t,"AnalysisFlag::min",1024,0.05,26213
MEAN,int64_t,"AnalysisFlag::min",1024,0.05,24894
MEAN,int64_t,"AnalysisFlag::min",1024,0.05,25835
MEAN,int64_t,"AnalysisFlag::min",1024,0.05,25147
MEAN,int64_t,"AnalysisFlag::min",1024,0.05,25414
MEAN,int64_t,"AnalysisFlag::min",2048,0.05,63940
MEAN,int64_t,"AnalysisFlag::min",2048,0.05,62321
MEAN,int64_t,"AnalysisFlag::min",2048,0.05,61451
MEAN,int64_t,"AnalysisFlag::min",2048,0.05,61773
MEAN,int64_t,"AnalysisFlag::min",2048,0.05,62416
MEAN,int64_t,"AnalysisFlag::min",2048,0.05,61043
MEAN,int64_t,"AnalysisFlag::min",2048,0.05,62073
MEAN,int64_t,"AnalysisFlag::min",2048,0.05,62192
MEAN,int64_t,"AnalysisFlag::min",2048,0.05,61283
MEAN,int64_t,"AnalysisFlag::min",2048,0.05,62187
MEAN,int64_t,"AnalysisFlag::min",4096,0.05,209749
MEAN,int64_t,"AnalysisFlag::min",4096,0.05,195994
MEAN,int64_t,"AnalysisFlag::min",4096,0.05,198549
MEAN,int64_t,"AnalysisFlag::min",4096,0.05,193476
MEAN,int64_t,"AnalysisFlag::min",4096,0.05,189205
MEAN,int64_t,"AnalysisFlag::min",4096,0.05,196611
MEAN,int64_t,"AnalysisFlag::min",4096,0.05,193822
MEAN,int64_t,"AnalysisFlag::min",4096,0.05,189892
MEAN,int64_t,"AnalysisFlag::min",4096,0.05,195306
MEAN,int64_t,"AnalysisFlag::min",4096,0.05,196310
MEAN,double,"AnalysisFlag::min",1024,0.1,33954
MEAN,double,"AnalysisFlag::min",1024,0.1,32528
MEAN,double,"AnalysisFlag::min",1024,0.1,32772
MEAN,double,"AnalysisFlag::min",1024,0.1,32611
MEAN,double,"AnalysisFlag::min",1024,0.1,32389
MEAN,double,"AnalysisFlag::min",1024,0.1,33268
MEAN,double,"AnalysisFlag::min",1024,0.1,32231
MEAN,double,"AnalysisFlag::min",1024,0.1,33085
MEAN,double,"AnalysisFlag::min",1024,0.1,34021
MEAN,double,"AnalysisFlag::min",1024,0.1,31649
MEAN,double,"AnalysisFlag::min",2048,0.1,100091
MEAN,double,"AnalysisFlag::min",2048,0.1,96412
MEAN,double,"AnalysisFlag::min",2048,0.1,95909
MEAN,double,"AnalysisFlag::min",2048,0.1,96645
MEAN,double,"AnalysisFlag::min",2048,0.1,99476
MEAN,double,"AnalysisFlag::min",2048,0.1,96640
MEAN,double,"AnalysisFlag::min",2048,0.1,97117
MEAN,double,"AnalysisFlag::min",2048,0.1,96056
MEAN,double,"AnalysisFlag::min",2048,0.1,97057
MEAN,double,"AnalysisFlag::min",2048,0.1,96090
MEAN,double,"AnalysisFlag::min",4096,0.1,601961
MEAN,double,"AnalysisFlag::min",4096,0.1,602675
MEAN,double,"AnalysisFlag::min",4096,0.1,596183
MEAN,double,"AnalysisFlag::min",4096,0.1,566098
MEAN,double,"AnalysisFlag::min",4096,0.1,588016
MEAN,double,"AnalysisFlag::min",4096,0.1,573316
MEAN,double,"AnalysisFlag::min",4096,0.1,562291
MEAN,double,"AnalysisFlag::min",4096,0.1,573462
MEAN,double,"AnalysisFlag::min",4096,0.1,569703
MEAN,double,"AnalysisFlag::min",4096,0.1,596928
MEAN,int64_t,"AnalysisFlag::min",1024,0.1,36342
MEAN,int64_t,"AnalysisFlag::min",1024,0.1,32663
MEAN,int64_t,"AnalysisFlag::min",1024,0.1,31893
MEAN,int64_t,"AnalysisFlag::min",1024,0.1,32621
MEAN,int64_t,"AnalysisFlag::min",1024,0.1,32116
MEAN,int64_t,"AnalysisFlag::min",1024,0.1,32593
MEAN,int64_t,"AnalysisFlag::min",1024,0.1,32498
MEAN,int64_t,"AnalysisFlag::min",1024,0.1,32272
MEAN,int64_t,"AnalysisFlag::min",1024,0.1,32228
MEAN,int64_t,"AnalysisFlag::min",1024,0.1,32457
MEAN,int64_t,"AnalysisFlag::min",2048,0.1,119393
MEAN,int64_t,"AnalysisFlag::min",2048,0.1,95761
MEAN,int64_t,"AnalysisFlag::min",2048,0.1,96134
MEAN,int64_t,"AnalysisFlag::min",2048,0.1,95626
MEAN,int64_t,"AnalysisFlag::min",2048,0.1,95342
MEAN,int64_t,"AnalysisFlag::min",2048,0.1,95875
MEAN,int64_t,"AnalysisFlag::min",2048,0.1,95863
MEAN,int64_t,"AnalysisFlag::min",2048,0.1,95712
MEAN,int64_t,"AnalysisFlag::min",2048,0.1,95280
MEAN,int64_t,"AnalysisFlag::min",2048,0.1,95941
MEAN,int64_t,"AnalysisFlag::min",4096,0.1,572478
MEAN,int64_t,"AnalysisFlag::min",4096,0.1,588498
MEAN,int64_t,"AnalysisFlag::min",4096,0.1,570758
MEAN,int64_t,"AnalysisFlag::min",4096,0.1,577167
MEAN,int64_t,"AnalysisFlag::min",4096,0.1,614975
MEAN,int64_t,"AnalysisFlag::min",4096,0.1,568630
MEAN,int64_t,"AnalysisFlag::min",4096,0.1,573863
MEAN,int64_t,"AnalysisFlag::min",4096,0.1,582836
MEAN,int64_t,"AnalysisFlag::min",4096,0.1,597841
MEAN,int64_t,"AnalysisFlag::min",4096,0.1,577767
MEAN,double,"AnalysisFlag::min",1024,0.2,64825
MEAN,double,"AnalysisFlag::min",1024,0.2,51256
MEAN,double,"AnalysisFlag::min",1024,0.2,51055
MEAN,double,"AnalysisFlag::min",1024,0.2,50590
MEAN,double,"AnalysisFlag::min",1024,0.2,50420
MEAN,double,"AnalysisFlag::min",1024,0.2,50137
MEAN,double,"AnalysisFlag::min",1024,0.2,50276
MEAN,double,"AnalysisFlag::min",1024,0.2,50455
MEAN,double,"AnalysisFlag::min",1024,0.2,51958
MEAN,double,"AnalysisFlag::min",1024,0.2,50462
MEAN,double,"AnalysisFlag::min",2048,0.2,247867
MEAN,double,"AnalysisFlag::min",2048,0.2,198471
MEAN,double,"AnalysisFlag::min",2048,0.2,185781
MEAN,double,"AnalysisFlag::min",2048,0.2,187889
MEAN,double,"AnalysisFlag::min",2048,0.2,183603
MEAN,double,"AnalysisFlag::min",2048,0.2,184257
MEAN,double,"AnalysisFlag::min",2048,0.2,180027
MEAN,double,"AnalysisFlag::min",2048,0.2,190342
MEAN,double,"AnalysisFlag::min",2048,0.2,185042
MEAN,double,"AnalysisFlag::min",2048,0.2,180056
MEAN,double,"AnalysisFlag::min",4096,0.2,1.36752e+06
MEAN,double,"AnalysisFlag::min",4096,0.2,1.40882e+06
MEAN,double,"AnalysisFlag::min",4096,0.2,1.34069e+06
MEAN,double,"AnalysisFlag::min",4096,0.2,1.38756e+06
MEAN,double,"AnalysisFlag::min",4096,0.2,1.34506e+06
MEAN,double,"AnalysisFlag::min",4096,0.2,1.38336e+06
MEAN,double,"AnalysisFlag::min",4096,0.2,1.35065e+06
MEAN,double,"AnalysisFlag::min",4096,0.2,1.37962e+06
MEAN,double,"AnalysisFlag::min",4096,0.2,1.34745e+06
MEAN,double,"AnalysisFlag::min",4096,0.2,1.36979e+06
MEAN,int64_t,"AnalysisFlag::min",1024,0.2,65918
MEAN,int64_t,"AnalysisFlag::min",1024,0.2,51309
MEAN,int64_t,"AnalysisFlag::min",1024,0.2,50201
MEAN,int64_t,"AnalysisFlag::min",1024,0.2,50282
MEAN,int64_t,"AnalysisFlag::min",1024,0.2,50085
MEAN,int64_t,"AnalysisFlag::min",1024,0.2,50311
MEAN,int64_t,"AnalysisFlag::min",1024,0.2,52408
MEAN,int64_t,"AnalysisFlag::min",1024,0.2,50156
MEAN,int64_t,"AnalysisFlag::min",1024,0.2,49970
MEAN,int64_t,"AnalysisFlag::min",1024,0.2,49950
MEAN,int64_t,"AnalysisFlag::min",2048,0.2,314789
MEAN,int64_t,"AnalysisFlag::min",2048,0.2,222936
MEAN,int64_t,"AnalysisFlag::min",2048,0.2,184833
MEAN,int64_t,"AnalysisFlag::min",2048,0.2,183406
MEAN,int64_t,"AnalysisFlag::min",2048,0.2,185078
MEAN,int64_t,"AnalysisFlag::min",2048,0.2,188177
MEAN,int64_t,"AnalysisFlag::min",2048,0.2,191417
MEAN,int64_t,"AnalysisFlag::min",2048,0.2,181122
MEAN,int64_t,"AnalysisFlag::min",2048,0.2,185191
MEAN,int64_t,"AnalysisFlag::min",2048,0.2,179663
MEAN,int64_t,"AnalysisFlag::min",4096,0.2,1.42839e+06
MEAN,int64_t,"AnalysisFlag::min",4096,0.2,1.41439e+06
MEAN,int64_t,"AnalysisFlag::min",4096,0.2,1.34637e+06
MEAN,int64_t,"AnalysisFlag::min",4096,0.2,1.39922e+06
MEAN,int64_t,"AnalysisFlag::min",4096,0.2,1.36925e+06
MEAN,int64_t,"AnalysisFlag::min",4096,0.2,1.38612e+06
MEAN,int64_t,"AnalysisFlag::min",4096,0.2,1.36845e+06
MEAN,int64_t,"AnalysisFlag::min",4096,0.2,1.37523e+06
MEAN,int64_t,"AnalysisFlag::min",4096,0.2,1.36422e+06
MEAN,int64_t,"AnalysisFlag::min",4096,0.2,1.3755e+06
MEAN,double,"AnalysisFlag::min",1024,0.25,1.29275e+06
MEAN,double,"AnalysisFlag::min",1024,0.25,1.28846e+06
MEAN,double,"AnalysisFlag::min",1024,0.25,1.28833e+06
MEAN,double,"AnalysisFlag::min",1024,0.25,1.29038e+06
MEAN,double,"AnalysisFlag::min",1024,0.25,1.29009e+06
MEAN,double,"AnalysisFlag::min",1024,0.25,1.28823e+06
MEAN,double,"AnalysisFlag::min",1024,0.25,1.28844e+06
MEAN,double,"AnalysisFlag::min",1024,0.25,1.29007e+06
MEAN,double,"AnalysisFlag::min",1024,0.25,1.28832e+06
MEAN,double,"AnalysisFlag::min",1024,0.25,1.2884e+06
MEAN,double,"AnalysisFlag::min",2048,0.25,5.17732e+06
MEAN,double,"AnalysisFlag::min",2048,0.25,5.17656e+06
MEAN,double,"AnalysisFlag::min",2048,0.25,5.17661e+06
MEAN,double,"AnalysisFlag::min",2048,0.25,5.17728e+06
MEAN,double,"AnalysisFlag::min",2048,0.25,5.17583e+06
MEAN,double,"AnalysisFlag::min",2048,0.25,5.17717e+06
MEAN,double,"AnalysisFlag::min",2048,0.25,5.17317e+06
MEAN,double,"AnalysisFlag::min",2048,0.25,5.18281e+06
MEAN,double,"AnalysisFlag::min",2048,0.25,5.17418e+06
MEAN,double,"AnalysisFlag::min",2048,0.25,5.17705e+06
MEAN,double,"AnalysisFlag::min",4096,0.25,2.07011e+07
MEAN,double,"AnalysisFlag::min",4096,0.25,2.06938e+07
MEAN,double,"AnalysisFlag::min",4096,0.25,2.06955e+07
MEAN,double,"AnalysisFlag::min",4096,0.25,2.06992e+07
MEAN,double,"AnalysisFlag::min",4096,0.25,2.06963e+07
MEAN,double,"AnalysisFlag::min",4096,0.25,2.06957e+07
MEAN,double,"AnalysisFlag::min",4096,0.25,2.06995e+07
MEAN,double,"AnalysisFlag::min",4096,0.25,2.06978e+07
MEAN,double,"AnalysisFlag::min",4096,0.25,2.06969e+07
MEAN,double,"AnalysisFlag::min",4096,0.25,2.06967e+07
MEAN,int64_t,"AnalysisFlag::min",1024,0.25,1.18646e+06
MEAN,int64_t,"AnalysisFlag::min",1024,0.25,1.17996e+06
MEAN,int64_t,"AnalysisFlag::min",1024,0.25,1.17979e+06
MEAN,int64_t,"AnalysisFlag::min",1024,0.25,1.17974e+06
MEAN,int64_t,"AnalysisFlag::min",1024,0.25,1.18159e+06
MEAN,int64_t,"AnalysisFlag::min",1024,0.25,1.17966e+06
MEAN,int64_t,"AnalysisFlag::min",1024,0.25,1.17968e+06
MEAN,int64_t,"AnalysisFlag::min",1024,0.25,1.1798e+06
MEAN,int64_t,"AnalysisFlag::min",1024,0.25,1.17986e+06
MEAN,int64_t,"AnalysisFlag::min",1024,0.25,1.17982e+06
MEAN,int64_t,"AnalysisFlag::min",2048,0.25,4.45337e+06
MEAN,int64_t,"AnalysisFlag::min",2048,0.25,4.44011e+06
MEAN,int64_t,"AnalysisFlag::min",2048,0.25,4.44228e+06
MEAN,int64_t,"AnalysisFlag::min",2048,0.25,4.43974e+06
MEAN,int64_t,"AnalysisFlag::min",2048,0.25,4.44081e+06
MEAN,int64_t,"AnalysisFlag::min",2048,0.25,4.44404e+06
MEAN,int64_t,"AnalysisFlag::min",2048,0.25,4.43487e+06
MEAN,int64_t,"AnalysisFlag::min",2048,0.25,4.44041e+06
MEAN,int64_t,"AnalysisFlag::min",2048,0.25,4.43706e+06
MEAN,int64_t,"AnalysisFlag::min",2048,0.25,4.44202e+06
MEAN,int64_t,"AnalysisFlag::min",4096,0.25,1.75338e+07
MEAN,int64_t,"AnalysisFlag::min",4096,0.25,1.75518e+07
MEAN,int64_t,"AnalysisFlag::min",4096,0.25,1.75324e+07
MEAN,int64_t,"AnalysisFlag::min",4096,0.25,1.75435e+07
MEAN,int64_t,"AnalysisFlag::min",4096,0.25,1.75502e+07
MEAN,int64_t,"AnalysisFlag::min",4096,0.25,1.75456e+07
MEAN,int64_t,"AnalysisFlag::min",4096,0.25,1.7547e+07
MEAN,int64_t,"AnalysisFlag::min",4096,0.25,1.75475e+07
MEAN,int64_t,"AnalysisFlag::min",4096,0.25,1.7551e+07
MEAN,int64_t,"AnalysisFlag::min",4096,0.25,1.75497e+07
MEAN,double,"AnalysisFlag::min",1024,1,1.34716e+06
MEAN,double,"AnalysisFlag::min",1024,1,1.29555e+06
MEAN,double,"AnalysisFlag::min",1024,1,1.29023e+06
MEAN,double,"AnalysisFlag::min",1024,1,1.29041e+06
MEAN,double,"AnalysisFlag::min",1024,1,1.29024e+06
MEAN,double,"AnalysisFlag::min",1024,1,1.29217e+06
MEAN,double,"AnalysisFlag::min",1024,1,1.29243e+06
MEAN,double,"AnalysisFlag::min",1024,1,1.29048e+06
MEAN,double,"AnalysisFlag::min",1024,1,1.29054e+06
MEAN,double,"AnalysisFlag::min",1024,1,1.29022e+06
MEAN,double,"AnalysisFlag::min",2048,1,5.18188e+06
MEAN,double,"AnalysisFlag::min",2048,1,5.17818e+06
MEAN,double,"AnalysisFlag::min",2048,1,5.17608e+06
MEAN,double,"AnalysisFlag::min",2048,1,5.19316e+06
MEAN,double,"AnalysisFlag::min",2048,1,5.18e+06
MEAN,double,"AnalysisFlag::min",2048,1,5.17688e+06
MEAN,double,"AnalysisFlag::min",2048,1,5.1776e+06
MEAN,double,"AnalysisFlag::min",2048,1,5.17597e+06
MEAN,double,"AnalysisFlag::min",2048,1,5.17836e+06
MEAN,double,"AnalysisFlag::min",2048,1,5.18092e+06
MEAN,double,"AnalysisFlag::min",4096,1,2.06936e+07
MEAN,double,"AnalysisFlag::min",4096,1,2.07008e+07
MEAN,double,"AnalysisFlag::min",4096,1,2.06924e+07
MEAN,double,"AnalysisFlag::min",4096,1,2.07002e+07
MEAN,double,"AnalysisFlag::min",4096,1,2.07055e+07
MEAN,double,"AnalysisFlag::min",4096,1,2.07079e+07
MEAN,double,"AnalysisFlag::min",4096,1,2.07014e+07
MEAN,double,"AnalysisFlag::min",4096,1,2.06996e+07
MEAN,double,"AnalysisFlag::min",4096,1,2.0693e+07
MEAN,double,"AnalysisFlag::min",4096,1,2.07035e+07
MEAN,int64_t,"AnalysisFlag::min",1024,1,1.22696e+06
MEAN,int64_t,"AnalysisFlag::min",1024,1,1.18143e+06
MEAN,int64_t,"AnalysisFlag::min",1024,1,1.18231e+06
MEAN,int64_t,"AnalysisFlag::min",1024,1,1.18086e+06
MEAN,int64_t,"AnalysisFlag::min",1024,1,1.18086e+06
MEAN,int64_t,"AnalysisFlag::min",1024,1,1.18114e+06
MEAN,int64_t,"AnalysisFlag::min",1024,1,1.1809e+06
MEAN,int64_t,"AnalysisFlag::min",1024,1,1.18092e+06
MEAN,int64_t,"AnalysisFlag::min",1024,1,1.18078e+06
MEAN,int64_t,"AnalysisFlag::min",1024,1,1.18084e+06
MEAN,int64_t,"AnalysisFlag::min",2048,1,4.46727e+06
MEAN,int64_t,"AnalysisFlag::min",2048,1,4.44338e+06
MEAN,int64_t,"AnalysisFlag::min",2048,1,4.44117e+06
MEAN,int64_t,"AnalysisFlag::min",2048,1,4.43901e+06
MEAN,int64_t,"AnalysisFlag::min",2048,1,4.44136e+06
MEAN,int64_t,"AnalysisFlag::min",2048,1,4.4409e+06
MEAN,int64_t,"AnalysisFlag::min",2048,1,4.4438e+06
MEAN,int64_t,"AnalysisFlag::min",2048,1,4.44512e+06
MEAN,int64_t,"AnalysisFlag::min",2048,1,4.44476e+06
MEAN,int64_t,"AnalysisFlag::min",2048,1,4.43675e+06
MEAN,int64_t,"AnalysisFlag::min",4096,1,1.75543e+07
MEAN,int64_t,"AnalysisFlag::min",4096,1,1.75446e+07
MEAN,int64_t,"AnalysisFlag::min",4096,1,1.7559e+07
MEAN,int64_t,"AnalysisFlag::min",4096,1,1.75569e+07
MEAN,int64_t,"AnalysisFlag::min",4096,1,1.75396e+07
MEAN,int64_t,"AnalysisFlag::min",4096,1,1.75478e+07
MEAN,int64_t,"AnalysisFlag::min",4096,1,1.75478e+07
MEAN,int64_t,"AnalysisFlag::min",4096,1,1.75377e+07
MEAN,int64_t,"AnalysisFlag::min",4096,1,1.76601e+07
MEAN,int64_t,"AnalysisFlag::min",4096,1,1.75524e+07
STDDEV,double,"AnalysisFlag::min",1024,0.001,16427
STDDEV,double,"AnalysisFlag::min",1024,0.001,10142
STDDEV,double,"AnalysisFlag::min",1024,0.001,13264
STDDEV,double,"AnalysisFlag::min",1024,0.001,12923
STDDEV,double,"AnalysisFlag::min",1024,0.001,12659
STDDEV,double,"AnalysisFlag::min",1024,0.001,12558
STDDEV,double,"AnalysisFlag::min",1024,0.001,12927
STDDEV,double,"AnalysisFlag::min",1024,0.001,12444
STDDEV,double,"AnalysisFlag::min",1024,0.001,12689
STDDEV,double,"AnalysisFlag::min",1024,0.001,12410
STDDEV,double,"AnalysisFlag::min",2048,0.001,30067
STDDEV,double,"AnalysisFlag::min",2048,0.001,25308
STDDEV,double,"AnalysisFlag::min",2048,0.001,28616
STDDEV,double,"AnalysisFlag::min",2048,0.001,28740
STDDEV,double,"AnalysisFlag::min",2048,0.001,28894
STDDEV,double,"AnalysisFlag::min",2048,0.001,28473
STDDEV,double,"AnalysisFlag::min",2048,0.001,28216
STDDEV,double,"AnalysisFlag::min",2048,0.001,28380
STDDEV,double,"AnalysisFlag::min",2048,0.001,27997
STDDEV,double,"AnalysisFlag::min",2048,0.001,27598
STDDEV,double,"AnalysisFlag::min",4096,0.001,73363
STDDEV,double,"AnalysisFlag::min",4096,0.001,70424
STDDEV,double,"AnalysisFlag::min",4096,0.001,70678
STDDEV,double,"AnalysisFlag::min",4096,0.001,70941
STDDEV,double,"AnalysisFlag::min",4096,0.001,69551
STDDEV,double,"AnalysisFlag::min",4096,0.001,69629
STDDEV,double,"AnalysisFlag::min",4096,0.001,67894
STDDEV,double,"AnalysisFlag::min",4096,0.001,69174
STDDEV,double,"AnalysisFlag::min",4096,0.001,69098
STDDEV,double,"AnalysisFlag::min",4096,0.001,68276
STDDEV,int64_t,"AnalysisFlag::min",1024,0.001,13918
STDDEV,int64_t,"AnalysisFlag::min",1024,0.001,9714
STDDEV,int64_t,"AnalysisFlag::min",1024,0.001,12959
STDDEV,int64_t,"AnalysisFlag::min",1024,0.001,12533
STDDEV,int64_t,"AnalysisFlag::min",1024,0.001,12202
STDDEV,int64_t,"AnalysisFlag::min",1024,0.001,12077
STDDEV,int64_t,"AnalysisFlag::min",1024,0.001,12110
STDDEV,int64_t,"AnalysisFlag::min",1024,0.001,11704
STDDEV,int64_t,"AnalysisFlag::min",1024,0.001,11908
STDDEV,int64_t,"AnalysisFlag::min",1024,0.001,12178
STDDEV,int64_t,"AnalysisFlag::min",2048,0.001,29532
STDDEV,int64_t,"AnalysisFlag::min",2048,0.001,22964
STDDEV,int64_t,"AnalysisFlag::min",2048,0.001,29015
STDDEV,int64_t,"AnalysisFlag::min",2048,0.001,29383
STDDEV,int64_t,"AnalysisFlag::min",2048,0.001,28498
STDDEV,int64_t,"AnalysisFlag::min",2048,0.001,28522
STDDEV,int64_t,"AnalysisFlag::min",2048,0.001,30487
STDDEV,int64_t,"AnalysisFlag::min",2048,0.001,29063
STDDEV,int64_t,"AnalysisFlag::min",2048,0.001,28910
STDDEV,int64_t,"AnalysisFlag::min",2048,0.001,28889
STDDEV,int64_t,"AnalysisFlag::min",4096,0.001,73104
STDDEV,int64_t,"AnalysisFlag::min",4096,0.001,69562
STDDEV,int64_t,"AnalysisFlag::min",4096,0.001,71577
STDDEV,int64_t,"AnalysisFlag::min",4096,0.001,70301
STDDEV,int64_t,"AnalysisFlag::min",4096,0.001,71673
STDDEV,int64_t,"AnalysisFlag::min",4096,0.001,72457
STDDEV,int64_t,"AnalysisFlag::min",4096,0.001,71470
STDDEV,int64_t,"AnalysisFlag::min",4096,0.001,72980
STDDEV,int64_t,"AnalysisFlag::min",4096,0.001,71144
STDDEV,int64_t,"AnalysisFlag::min",4096,0.001,70980
STDDEV,double,"AnalysisFlag::min",1024,0.01,24867
STDDEV,double,"AnalysisFlag::min",1024,0.01,23557
STDDEV,double,"AnalysisFlag::min",1024,0.01,23999
STDDEV,double,"AnalysisFlag::min",1024,0.01,24154
STDDEV,double,"AnalysisFlag::min",1024,0.01,23813
STDDEV,double,"AnalysisFlag::min",1024,0.01,24200
STDDEV,double,"AnalysisFlag::min",1024,0.01,23976
STDDEV,double,"AnalysisFlag::min",1024,0.01,23994
STDDEV,double,"AnalysisFlag::min",1024,0.01,23654
STDDEV,double,"AnalysisFlag::min",1024,0.01,23891
STDDEV,double,"AnalysisFlag::min",2048,0.01,61278
STDDEV,double,"AnalysisFlag::min",2048,0.01,59674
STDDEV,double,"AnalysisFlag::min",2048,0.01,61338
STDDEV,double,"AnalysisFlag::min",2048,0.01,62656
STDDEV,double,"AnalysisFlag::min",2048,0.01,60053
STDDEV,double,"AnalysisFlag::min",2048,0.01,63377
STDDEV,double,"AnalysisFlag::min",2048,0.01,61195
STDDEV,double,"AnalysisFlag::min",2048,0.01,60818
STDDEV,double,"AnalysisFlag::min",2048,0.01,62439
STDDEV,double,"AnalysisFlag::min",2048,0.01,60750
STDDEV,double,"AnalysisFlag::min",4096,0.01,170549
STDDEV,double,"AnalysisFlag::min",4096,0.01,168568
STDDEV,double,"AnalysisFlag::min",4096,0.01,173856
STDDEV,double,"AnalysisFlag::min",4096,0.01,171035
STDDEV,double,"AnalysisFlag::min",4096,0.01,164751
STDDEV,double,"AnalysisFlag::min",4096,0.01,174570
STDDEV,double,"AnalysisFlag::min",4096,0.01,173134
STDDEV,double,"AnalysisFlag::min",4096,0.01,173941
STDDEV,double,"AnalysisFlag::min",4096,0.01,174918
STDDEV,double,"AnalysisFlag::min",4096,0.01,171176
STDDEV,int64_t,"AnalysisFlag::min",1024,0.01,25068
STDDEV,int64_t,"AnalysisFlag::min",1024,0.01,23011
STDDEV,int64_t,"AnalysisFlag::min",1024,0.01,24237
STDDEV,int64_t,"AnalysisFlag::min",1024,0.01,23982
STDDEV,int64_t,"AnalysisFlag::min",1024,0.01,23868
STDDEV,int64_t,"AnalysisFlag::min",1024,0.01,24213
STDDEV,int64_t,"AnalysisFlag::min",1024,0.01,24078
STDDEV,int64_t,"AnalysisFlag::min",1024,0.01,23480
STDDEV,int64_t,"AnalysisFlag::min",1024,0.01,24144
STDDEV,int64_t,"AnalysisFlag::min",1024,0.01,24625
STDDEV,int64_t,"AnalysisFlag::min",2048,0.01,67856
STDDEV,int64_t,"AnalysisFlag::min",2048,0.01,64132
STDDEV,int64_t,"AnalysisFlag::min",2048,0.01,61512
STDDEV,int64_t,"AnalysisFlag::min",2048,0.01,61361
STDDEV,int64_t,"AnalysisFlag::min",2048,0.01,62826
STDDEV,int64_t,"AnalysisFlag::min",2048,0.01,63488
STDDEV,int64_t,"AnalysisFlag::min",2048,0.01,63386
STDDEV,int64_t,"AnalysisFlag::min",2048,0.01,69069
STDDEV,int64_t,"AnalysisFlag::min",2048,0.01,61971
STDDEV,int64_t,"AnalysisFlag::min",2048,0.01,62256
STDDEV,int64_t,"AnalysisFlag::min",4096,0.01,174118
STDDEV,int64_t,"AnalysisFlag::min",4096,0.01,173431
STDDEV,int64_t,"AnalysisFlag::min",4096,0.01,178928
STDDEV,int64_t,"AnalysisFlag::min",4096,0.01,174845
STDDEV,int64_t,"AnalysisFlag::min",4096,0.01,175880
STDDEV,int64_t,"AnalysisFlag::min",4096,0.01,173432
STDDEV,int64_t,"AnalysisFlag::min",4096,0.01,175198
STDDEV,int64_t,"AnalysisFlag::min",4096,0.01,175572
STDDEV,int64_t,"AnalysisFlag::min",4096,0.01,174462
STDDEV,int64_t,"AnalysisFlag::min",4096,0.01,175698
STDDEV,double,"AnalysisFlag::min",1024,0.05,55751
STDDEV,double,"AnalysisFlag::min",1024,0.05,54168
STDDEV,double,"AnalysisFlag::min",1024,0.05,54413
STDDEV,double,"AnalysisFlag::min",1024,0.05,52912
STDDEV,double,"AnalysisFlag::min",1024,0.05,53095
STDDEV,double,"AnalysisFlag::min",1024,0.05,53155
STDDEV,double,"AnalysisFlag::min",1024,0.05,54108
STDDEV,double,"AnalysisFlag::min",1024,0.05,55709
STDDEV,double,"AnalysisFlag::min",1024,0.05,52874
STDDEV,double,"AnalysisFlag::min",1024,0.05,53345
STDDEV,double,"AnalysisFlag::min",2048,0.05,177734
STDDEV,double,"AnalysisFlag::min",2048,0.05,176330
STDDEV,double,"AnalysisFlag::min",2048,0.05,178225
STDDEV,double,"AnalysisFlag::min",2048,0.05,175761
STDDEV,double,"AnalysisFlag::min",2048,0.05,175613
STDDEV,double,"AnalysisFlag::min",2048,0.05,179560
STDDEV,double,"AnalysisFlag::min",2048,0.05,176223
STDDEV,double,"AnalysisFlag::min",2048,0.05,174305
STDDEV,double,"AnalysisFlag::min",2048,0.05,177570
STDDEV,double,"AnalysisFlag::min",2048,0.05,173843
STDDEV,double,"AnalysisFlag::min",4096,0.05,901670
STDDEV,double,"AnalysisFlag::min",4096,0.05,770760
STDDEV,double,"AnalysisFlag::min",4096,0.05,738529
STDDEV,double,"AnalysisFlag::min",4096,0.05,723656
STDDEV,double,"AnalysisFlag::min",4096,0.05,730770
STDDEV,double,"AnalysisFlag::min",4096,0.05,730819
STDDEV,double,"AnalysisFlag::min",4096,0.05,722693
STDDEV,double,"AnalysisFlag::min",4096,0.05,722242
STDDEV,double,"AnalysisFlag::min",4096,0.05,728168
STDDEV,double,"AnalysisFlag::min",4096,0.05,727412
STDDEV,int64_t,"AnalysisFlag::min",1024,0.05,57463
STDDEV,int64_t,"AnalysisFlag::min",1024,0.05,55433
STDDEV,int64_t,"AnalysisFlag::min",1024,0.05,54825
STDDEV,int64_t,"AnalysisFlag::min",1024,0.05,55685
STDDEV,int64_t,"AnalysisFlag::min",1024,0.05,54820
STDDEV,int64_t,"AnalysisFlag::min",1024,0.05,55007
STDDEV,int64_t,"AnalysisFlag::min",1024,0.05,54881
STDDEV,int64_t,"AnalysisFlag::min",1024,0.05,55220
STDDEV,int64_t,"AnalysisFlag::min",1024,0.05,53128
STDDEV,int64_t,"AnalysisFlag::min",1024,0.05,54610
STDDEV,int64_t,"AnalysisFlag::min",2048,0.05,166449
STDDEV,int64_t,"AnalysisFlag::min",2048,0.05,168455
STDDEV,int64_t,"AnalysisFlag::min",2048,0.05,167900
STDDEV,int64_t,"AnalysisFlag::min",2048,0.05,168644
STDDEV,int64_t,"AnalysisFlag::min",2048,0.05,168253
STDDEV,int64_t,"AnalysisFlag::min",2048,0.05,165999
STDDEV,int64_t,"AnalysisFlag::min",2048,0.05,166644
STDDEV,int64_t,"AnalysisFlag::min",2048,0.05,166542
STDDEV,int64_t,"AnalysisFlag::min",2048,0.05,169891
STDDEV,int64_t,"AnalysisFlag::min",2048,0.05,166516
STDDEV,int64_t,"AnalysisFlag::min",4096,0.05,597817
STDDEV,int64_t,"AnalysisFlag::min",4096,0.05,596576
STDDEV,int64_t,"AnalysisFlag::min",4096,0.05,602342
STDDEV,int64_t,"AnalysisFlag::min",4096,0.05,591487
STDDEV,int64_t,"AnalysisFlag::min",4096,0.05,614900
STDDEV,int64_t,"AnalysisFlag::min",4096,0.05,580516
STDDEV,int64_t,"AnalysisFlag::min",4096,0.05,583831
STDDEV,int64_t,"AnalysisFlag::min",4096,0.05,594668
STDDEV,int64_t,"AnalysisFlag::min",4096,0.05,589011
STDDEV,int64_t,"AnalysisFlag::min",4096,0.05,588296
STDDEV,double,"AnalysisFlag::min",1024,0.1,93869
STDDEV,double,"AnalysisFlag::min",1024,0.1,90416
STDDEV,double,"AnalysisFlag::min",1024,0.1,89980
STDDEV,double,"AnalysisFlag::min",1024,0.1,89965
STDDEV,double,"AnalysisFlag::min",1024,0.1,89798
STDDEV,double,"AnalysisFlag::min",1024,0.1,89655
STDDEV,double,"AnalysisFlag::min",1024,0.1,91221
STDDEV,double,"AnalysisFlag::min",1024,0.1,89397
STDDEV,double,"AnalysisFlag::min",1024,0.1,90116
STDDEV,double,"AnalysisFlag::min",1024,0.1,88559
STDDEV,double,"AnalysisFlag::min",2048,0.1,363335
STDDEV,double,"AnalysisFlag::min",2048,0.1,353842
STDDEV,double,"AnalysisFlag::min",2048,0.1,352616
STDDEV,double,"AnalysisFlag::min",2048,0.1,353134
STDDEV,double,"AnalysisFlag::min",2048,0.1,352622
STDDEV,double,"AnalysisFlag::min",2048,0.1,355161
STDDEV,double,"AnalysisFlag::min",2048,0.1,354221
STDDEV,double,"AnalysisFlag::min",2048,0.1,356245
STDDEV,double,"AnalysisFlag::min",2048,0.1,353612
STDDEV,double,"AnalysisFlag::min",2048,0.1,355403
STDDEV,double,"AnalysisFlag::min",4096,0.1,1.69786e+06
STDDEV,double,"AnalysisFlag::min",4096,0.1,1.71782e+06
STDDEV,double,"AnalysisFlag::min",4096,0.1,1.69972e+06
STDDEV,double,"AnalysisFlag::min",4096,0.1,1.67417e+06
STDDEV,double,"AnalysisFlag::min",4096,0.1,1.64422e+06
STDDEV,double,"AnalysisFlag::min",4096,0.1,1.68713e+06
STDDEV,double,"AnalysisFlag::min",4096,0.1,1.71637e+06
STDDEV,double,"AnalysisFlag::min",4096,0.1,1.69084e+06
STDDEV,double,"AnalysisFlag::min",4096,0.1,1.692e+06
STDDEV,double,"AnalysisFlag::min",4096,0.1,1.67602e+06
STDDEV,int64_t,"AnalysisFlag::min",1024,0.1,92420
STDDEV,int64_t,"AnalysisFlag::min",1024,0.1,87118
STDDEV,int64_t,"AnalysisFlag::min",1024,0.1,87365
STDDEV,int64_t,"AnalysisFlag::min",1024,0.1,84711
STDDEV,int64_t,"AnalysisFlag::min",1024,0.1,88199
STDDEV,int64_t,"AnalysisFlag::min",1024,0.1,84382
STDDEV,int64_t,"AnalysisFlag::min",1024,0.1,84217
STDDEV,int64_t,"AnalysisFlag::min",1024,0.1,83955
STDDEV,int64_t,"AnalysisFlag::min",1024,0.1,84171
STDDEV,int64_t,"AnalysisFlag::min",1024,0.1,85600
STDDEV,int64_t,"AnalysisFlag::min",2048,0.1,338782
STDDEV,int64_t,"AnalysisFlag::min",2048,0.1,286319
STDDEV,int64_t,"AnalysisFlag::min",2048,0.1,284193
STDDEV,int64_t,"AnalysisFlag::min",2048,0.1,300313
STDDEV,int64_t,"AnalysisFlag::min",2048,0.1,289015
STDDEV,int64_t,"AnalysisFlag::min",2048,0.1,303145
STDDEV,int64_t,"AnalysisFlag::min",2048,0.1,283680
STDDEV,int64_t,"AnalysisFlag::min",2048,0.1,289581
STDDEV,int64_t,"AnalysisFlag::min",2048,0.1,287827
STDDEV,int64_t,"AnalysisFlag::min",2048,0.1,283273
STDDEV,int64_t,"AnalysisFlag::min",4096,0.1,1.4006e+06
STDDEV,int64_t,"AnalysisFlag::min",4096,0.1,1.45316e+06
STDDEV,int64_t,"AnalysisFlag::min",4096,0.1,1.42557e+06
STDDEV,int64_t,"AnalysisFlag::min",4096,0.1,1.42436e+06
STDDEV,int64_t,"AnalysisFlag::min",4096,0.1,1.42405e+06
STDDEV,int64_t,"AnalysisFlag::min",4096,0.1,1.43102e+06
STDDEV,int64_t,"AnalysisFlag::min",4096,0.1,1.40945e+06
STDDEV,int64_t,"AnalysisFlag::min",4096,0.1,1.42159e+06
STDDEV,int64_t,"AnalysisFlag::min",4096,0.1,1.42902e+06
STDDEV,int64_t,"AnalysisFlag::min",4096,0.1,1.41602e+06
STDDEV,double,"AnalysisFlag::min",1024,0.2,229626
STDDEV,double,"AnalysisFlag::min",1024,0.2,178632
STDDEV,double,"AnalysisFlag::min",1024,0.2,180350
STDDEV,double,"AnalysisFlag::min",1024,0.2,177335
STDDEV,double,"AnalysisFlag::min",1024,0.2,178492
STDDEV,double,"AnalysisFlag::min",1024,0.2,180448
STDDEV,double,"AnalysisFlag::min",1024,0.2,178451
STDDEV,double,"AnalysisFlag::min",1024,0.2,178147
STDDEV,double,"AnalysisFlag::min",1024,0.2,177390
STDDEV,double,"AnalysisFlag::min",1024,0.2,180385
STDDEV,double,"AnalysisFlag::min",2048,0.2,774400
STDDEV,double,"AnalysisFlag::min",2048,0.2,719066
STDDEV,double,"AnalysisFlag::min",2048,0.2,706991
STDDEV,double,"AnalysisFlag::min",2048,0.2,705677
STDDEV,double,"AnalysisFlag::min",2048,0.2,707432
STDDEV,double,"AnalysisFlag::min",2048,0.2,710077
STDDEV,double,"AnalysisFlag::min",2048,0.2,701616
STDDEV,double,"AnalysisFlag::min",2048,0.2,705253
STDDEV,double,"AnalysisFlag::min",2048,0.2,705680
STDDEV,double,"AnalysisFlag::min",2048,0.2,723804
STDDEV,double,"AnalysisFlag::min",4096,0.2,3.51736e+06
STDDEV,double,"AnalysisFlag::min",4096,0.2,3.60661e+06
STDDEV,double,"AnalysisFlag::min",4096,0.2,3.52791e+06
STDDEV,double,"AnalysisFlag::min",4096,0.2,3.57275e+06
STDDEV,double,"AnalysisFlag::min",4096,0.2,3.52627e+06
STDDEV,double,"AnalysisFlag::min",4096,0.2,3.5664e+06
STDDEV,double,"AnalysisFlag::min",4096,0.2,3.52674e+06
STDDEV,double,"AnalysisFlag::min",4096,0.2,3.56356e+06
STDDEV,double,"AnalysisFlag::min",4096,0.2,3.53781e+06
STDDEV,double,"AnalysisFlag::min",4096,0.2,3.55504e+06
STDDEV,int64_t,"AnalysisFlag::min",1024,0.2,192769
STDDEV,int64_t,"AnalysisFlag::min",1024,0.2,148378
STDDEV,int64_t,"AnalysisFlag::min",1024,0.2,147468
STDDEV,int64_t,"AnalysisFlag::min",1024,0.2,145826
STDDEV,int64_t,"AnalysisFlag::min",1024,0.2,150730
STDDEV,int64_t,"AnalysisFlag::min",1024,0.2,150530
STDDEV,int64_t,"AnalysisFlag::min",1024,0.2,145110
STDDEV,int64_t,"AnalysisFlag::min",1024,0.2,151112
STDDEV,int64_t,"AnalysisFlag::min",1024,0.2,150770
STDDEV,int64_t,"AnalysisFlag::min",1024,0.2,144659
STDDEV,int64_t,"AnalysisFlag::min",2048,0.2,735329
STDDEV,int64_t,"AnalysisFlag::min",2048,0.2,613484
STDDEV,int64_t,"AnalysisFlag::min",2048,0.2,580625
STDDEV,int64_t,"AnalysisFlag::min",2048,0.2,578327
STDDEV,int64_t,"AnalysisFlag::min",2048,0.2,589461
STDDEV,int64_t,"AnalysisFlag::min",2048,0.2,584440
STDDEV,int64_t,"AnalysisFlag::min",2048,0.2,578108
STDDEV,int64_t,"AnalysisFlag::min",2048,0.2,580596
STDDEV,int64_t,"AnalysisFlag::min",2048,0.2,581806
STDDEV,int64_t,"AnalysisFlag::min",2048,0.2,575558
STDDEV,int64_t,"AnalysisFlag::min",4096,0.2,2.94688e+06
STDDEV,int64_t,"AnalysisFlag::min",4096,0.2,2.98332e+06
STDDEV,int64_t,"AnalysisFlag::min",4096,0.2,2.92019e+06
STDDEV,int64_t,"AnalysisFlag::min",4096,0.2,2.96059e+06
STDDEV,int64_t,"AnalysisFlag::min",4096,0.2,2.9194e+06
STDDEV,int64_t,"AnalysisFlag::min",4096,0.2,2.9612e+06
STDDEV,int64_t,"AnalysisFlag::min",4096,0.2,2.93111e+06
STDDEV,int64_t,"AnalysisFlag::min",4096,0.2,2.95212e+06
STDDEV,int64_t,"AnalysisFlag::min",4096,0.2,2.93617e+06
STDDEV,int64_t,"AnalysisFlag::min",4096,0.2,2.94934e+06
STDDEV,double,"AnalysisFlag::min",1024,0.25,1.93014e+06
STDDEV,double,"AnalysisFlag::min",1024,0.25,1.92599e+06
STDDEV,double,"AnalysisFlag::min",1024,0.25,1.92529e+06
STDDEV,double,"AnalysisFlag::min",1024,0.25,1.92508e+06
STDDEV,double,"AnalysisFlag::min",1024,0.25,1.92534e+06
STDDEV,double,"AnalysisFlag::min",1024,0.25,1.9247e+06
STDDEV,double,"AnalysisFlag::min",1024,0.25,1.92431e+06
STDDEV,double,"AnalysisFlag::min",1024,0.25,1.92462e+06
STDDEV,double,"AnalysisFlag::min",1024,0.25,1.92435e+06
STDDEV,double,"AnalysisFlag::min",1024,0.25,1.92386e+06
STDDEV,double,"AnalysisFlag::min",2048,0.25,8.04052e+06
STDDEV,double,"AnalysisFlag::min",2048,0.25,8.01693e+06
STDDEV,double,"AnalysisFlag::min",2048,0.25,8.0331e+06
STDDEV,double,"AnalysisFlag::min",2048,0.25,8.00923e+06
STDDEV,double,"AnalysisFlag::min",2048,0.25,8.01548e+06
STDDEV,double,"AnalysisFlag::min",2048,0.25,8.00708e+06
STDDEV,double,"AnalysisFlag::min",2048,0.25,8.01684e+06
STDDEV,double,"AnalysisFlag::min",2048,0.25,8.02775e+06
STDDEV,double,"AnalysisFlag::min",2048,0.25,8.00476e+06
STDDEV,double,"AnalysisFlag::min",2048,0.25,8.02341e+06
STDDEV,double,"AnalysisFlag::min",4096,0.25,3.24127e+07
STDDEV,double,"AnalysisFlag::min",4096,0.25,3.24157e+07
STDDEV,double,"AnalysisFlag::min",4096,0.25,3.24115e+07
STDDEV,double,"AnalysisFlag::min",4096,0.25,3.24331e+07
STDDEV,double,"AnalysisFlag::min",4096,0.25,3.2413e+07
STDDEV,double,"AnalysisFlag::min",4096,0.25,3.24255e+07
STDDEV,double,"AnalysisFlag::min",4096,0.25,3.24146e+07
STDDEV,double,"AnalysisFlag::min",4096,0.25,3.24316e+07
STDDEV,double,"AnalysisFlag::min",4096,0.25,3.24137e+07
STDDEV,double,"AnalysisFlag::min",4096,0.25,3.24441e+07
STDDEV,int64_t,"AnalysisFlag::min",1024,0.25,1.65168e+06
STDDEV,int64_t,"AnalysisFlag::min",1024,0.25,1.64164e+06
STDDEV,int64_t,"AnalysisFlag::min",1024,0.25,1.64456e+06
STDDEV,int64_t,"AnalysisFlag::min",1024,0.25,1.64218e+06
STDDEV,int64_t,"AnalysisFlag::min",1024,0.25,1.64144e+06
STDDEV,int64_t,"AnalysisFlag::min",1024,0.25,1.64051e+06
STDDEV,int64_t,"AnalysisFlag::min",1024,0.25,1.6488e+06
STDDEV,int64_t,"AnalysisFlag::min",1024,0.25,1.6432e+06
STDDEV,int64_t,"AnalysisFlag::min",1024,0.25,1.65341e+06
STDDEV,int64_t,"AnalysisFlag::min",1024,0.25,1.6405e+06
STDDEV,int64_t,"AnalysisFlag::min",2048,0.25,6.69269e+06
STDDEV,int64_t,"AnalysisFlag::min",2048,0.25,6.69444e+06
STDDEV,int64_t,"AnalysisFlag::min",2048,0.25,6.69835e+06
STDDEV,int64_t,"AnalysisFlag::min",2048,0.25,6.69961e+06
STDDEV,int64_t,"AnalysisFlag::min",2048,0.25,6.69959e+06
STDDEV,int64_t,"AnalysisFlag::min",2048,0.25,6.69971e+06
STDDEV,int64_t,"AnalysisFlag::min",2048,0.25,6.69228e+06
STDDEV,int64_t,"AnalysisFlag::min",2048,0.25,6.72078e+06
STDDEV,int64_t,"AnalysisFlag::min",2048,0.25,6.6971e+06
STDDEV,int64_t,"AnalysisFlag::min",2048,0.25,6.71809e+06
STDDEV,int64_t,"AnalysisFlag::min",4096,0.25,2.67361e+07
STDDEV,int64_t,"AnalysisFlag::min",4096,0.25,2.67585e+07
STDDEV,int64_t,"AnalysisFlag::min",4096,0.25,2.67694e+07
STDDEV,int64_t,"AnalysisFlag::min",4096,0.25,2.67635e+07
STDDEV,int64_t,"AnalysisFlag::min",4096,0.25,2.67415e+07
STDDEV,int64_t,"AnalysisFlag::min",4096,0.25,2.67682e+07
STDDEV,int64_t,"AnalysisFlag::min",4096,0.25,2.67612e+07
STDDEV,int64_t,"AnalysisFlag::min",4096,0.25,2.67446e+07
STDDEV,int64_t,"AnalysisFlag::min",4096,0.25,2.67587e+07
STDDEV,int64_t,"AnalysisFlag::min",4096,0.25,2.67581e+07
STDDEV,double,"AnalysisFlag::min",1024,1,2.0694e+06
STDDEV,double,"AnalysisFlag::min",1024,1,1.92588e+06
STDDEV,double,"AnalysisFlag::min",1024,1,1.92524e+06
STDDEV,double,"AnalysisFlag::min",1024,1,1.92612e+06
STDDEV,double,"AnalysisFlag::min",1024,1,1.92572e+06
STDDEV,double,"AnalysisFlag::min",1024,1,1.92572e+06
STDDEV,double,"AnalysisFlag::min",1024,1,1.92604e+06
STDDEV,double,"AnalysisFlag::min",1024,1,1.92349e+06
STDDEV,double,"AnalysisFlag::min",1024,1,1.92559e+06
STDDEV,double,"AnalysisFlag::min",1024,1,1.9267e+06
STDDEV,double,"AnalysisFlag::min",2048,1,8.08614e+06
STDDEV,double,"AnalysisFlag::min",2048,1,8.01889e+06
STDDEV,double,"AnalysisFlag::min",2048,1,8.01297e+06
STDDEV,double,"AnalysisFlag::min",2048,1,8.01171e+06
STDDEV,double,"AnalysisFlag::min",2048,1,8.03462e+06
STDDEV,double,"AnalysisFlag::min",2048,1,8.01287e+06
STDDEV,double,"AnalysisFlag::min",2048,1,8.02787e+06
STDDEV,double,"AnalysisFlag::min",2048,1,8.01357e+06
STDDEV,double,"AnalysisFlag::min",2048,1,8.01795e+06
STDDEV,double,"AnalysisFlag::min",2048,1,8.0243e+06
STDDEV,double,"AnalysisFlag::min",4096,1,3.25754e+07
STDDEV,double,"AnalysisFlag::min",4096,1,3.2418e+07
STDDEV,double,"AnalysisFlag::min",4096,1,3.24232e+07
STDDEV,double,"AnalysisFlag::min",4096,1,3.24348e+07
STDDEV,double,"AnalysisFlag::min",4096,1,3.25095e+07
STDDEV,double,"AnalysisFlag::min",4096,1,3.24292e+07
STDDEV,double,"AnalysisFlag::min",4096,1,3.24131e+07
STDDEV,double,"AnalysisFlag::min",4096,1,3.24183e+07
STDDEV,double,"AnalysisFlag::min",4096,1,3.2427e+07
STDDEV,double,"AnalysisFlag::min",4096,1,3.24196e+07
STDDEV,int64_t,"AnalysisFlag::min",1024,1,1.78521e+06
STDDEV,int64_t,"AnalysisFlag::min",1024,1,1.66097e+06
STDDEV,int64_t,"AnalysisFlag::min",1024,1,1.64133e+06
STDDEV,int64_t,"AnalysisFlag::min",1024,1,1.63702e+06
STDDEV,int64_t,"AnalysisFlag::min",1024,1,1.64092e+06
STDDEV,int64_t,"AnalysisFlag::min",1024,1,1.63795e+06
STDDEV,int64_t,"AnalysisFlag::min",1024,1,1.64118e+06
STDDEV,int64_t,"AnalysisFlag::min",1024,1,1.63753e+06
STDDEV,int64_t,"AnalysisFlag::min",1024,1,1.64024e+06
STDDEV,int64_t,"AnalysisFlag::min",1024,1,1.63784e+06
STDDEV,int64_t,"AnalysisFlag::min",2048,1,6.79008e+06
STDDEV,int64_t,"AnalysisFlag::min",2048,1,6.7221e+06
STDDEV,int64_t,"AnalysisFlag::min",2048,1,6.71786e+06
STDDEV,int64_t,"AnalysisFlag::min",2048,1,6.71252e+06
STDDEV,int64_t,"AnalysisFlag::min",2048,1,6.69964e+06
STDDEV,int64_t,"AnalysisFlag::min",2048,1,6.70684e+06
STDDEV,int64_t,"AnalysisFlag::min",2048,1,6.70166e+06
STDDEV,int64_t,"AnalysisFlag::min",2048,1,6.70731e+06
STDDEV,int64_t,"AnalysisFlag::min",2048,1,6.71073e+06
STDDEV,int64_t,"AnalysisFlag::min",2048,1,6.69301e+06
STDDEV,int64_t,"AnalysisFlag::min",4096,1,2.68637e+07
STDDEV,int64_t,"AnalysisFlag::min",4096,1,2.67607e+07
STDDEV,int64_t,"AnalysisFlag::min",4096,1,2.67426e+07
STDDEV,int64_t,"AnalysisFlag::min",4096,1,2.67496e+07
STDDEV,int64_t,"AnalysisFlag::min",4096,1,2.67803e+07
STDDEV,int64_t,"AnalysisFlag::min",4096,1,2.68713e+07
STDDEV,int64_t,"AnalysisFlag::min",4096,1,2.67604e+07
STDDEV,int64_t,"AnalysisFlag::min",4096,1,2.67631e+07
STDDEV,int64_t,"AnalysisFlag::min",4096,1,2.6759e+07
STDDEV,int64_t,"AnalysisFlag::min",4096,1,2.6752e+07
VAR,double,"AnalysisFlag::min",1024,0.001,16115
VAR,double,"AnalysisFlag::min",1024,0.001,11140
VAR,double,"AnalysisFlag::min",1024,0.001,13732
VAR,double,"AnalysisFlag::min",1024,0.001,13237
VAR,double,"AnalysisFlag::min",1024,0.001,13608
VAR,double,"AnalysisFlag::min",1024,0.001,13319
VAR,double,"AnalysisFlag::min",1024,0.001,13110
VAR,double,"AnalysisFlag::min",1024,0.001,13145
VAR,double,"AnalysisFlag::min",1024,0.001,13017
VAR,double,"AnalysisFlag::min",1024,0.001,12964
VAR,double,"AnalysisFlag::min",2048,0.001,30792
VAR,double,"AnalysisFlag::min",2048,0.001,24351
VAR,double,"AnalysisFlag::min",2048,0.001,29100
VAR,double,"AnalysisFlag::min",2048,0.001,29254
VAR,double,"AnalysisFlag::min",2048,0.001,29800
VAR,double,"AnalysisFlag::min",2048,0.001,28460
VAR,double,"AnalysisFlag::min",2048,0.001,27404
VAR,double,"AnalysisFlag::min",2048,0.001,28026
VAR,double,"AnalysisFlag::min",2048,0.001,27907
VAR,double,"AnalysisFlag::min",2048,0.001,27285
VAR,double,"AnalysisFlag::min",4096,0.001,73810
VAR,double,"AnalysisFlag::min",4096,0.001,70040
VAR,double,"AnalysisFlag::min",4096,0.001,72443
VAR,double,"AnalysisFlag::min",4096,0.001,71181
VAR,double,"AnalysisFlag::min",4096,0.001,71755
VAR,double,"AnalysisFlag::min",4096,0.001,69040
VAR,double,"AnalysisFlag::min",4096,0.001,69373
VAR,double,"AnalysisFlag::min",4096,0.001,69632
VAR,double,"AnalysisFlag::min",4096,0.001,69638
VAR,double,"AnalysisFlag::min",4096,0.001,68255
VAR,int64_t,"AnalysisFlag::min",1024,0.001,13249
VAR,int64_t,"AnalysisFlag::min",1024,0.001,9152
VAR,int64_t,"AnalysisFlag::min",1024,0.001,11651
VAR,int64_t,"AnalysisFlag::min",1024,0.001,11587
VAR,int64_t,"AnalysisFlag::min",1024,0.001,11723
VAR,int64_t,"AnalysisFlag::min",1024,0.001,11612
VAR,int64_t,"AnalysisFlag::min",1024,0.001,11749
VAR,int64_t,"AnalysisFlag::min",1024,0.001,11404
VAR,int64_t,"AnalysisFlag::min",1024,0.001,11709
VAR,int64_t,"AnalysisFlag::min",1024,0.001,11571
VAR,int64_t,"AnalysisFlag::min",2048,0.001,28625
VAR,int64_t,"AnalysisFlag::min",2048,0.001,22189
VAR,int64_t,"AnalysisFlag::min",2048,0.001,27850
VAR,int64_t,"AnalysisFlag::min",2048,0.001,27653
VAR,int64_t,"AnalysisFlag::min",2048,0.001,27736
VAR,int64_t,"AnalysisFlag::min",2048,0.001,26854
VAR,int64_t,"AnalysisFlag::min",2048,0.001,27221
VAR,int64_t,"AnalysisFlag::min",2048,0.001,27495
VAR,int64_t,"AnalysisFlag::min",2048,0.001,27079
VAR,int64_t,"AnalysisFlag::min",2048,0.001,27630
VAR,int64_t,"AnalysisFlag::min",4096,0.001,73223
VAR,int64_t,"AnalysisFlag::min",4096,0.001,70172
VAR,int64_t,"AnalysisFlag::min",4096,0.001,71905
VAR,int64_t,"AnalysisFlag::min",4096,0.001,72105
VAR,int64_t,"AnalysisFlag::min",4096,0.001,70475
VAR,int64_t,"AnalysisFlag::min",4096,0.001,72052
VAR,int64_t,"AnalysisFlag::min",4096,0.001,70729
VAR,int64_t,"AnalysisFlag::min",4096,0.001,70837
VAR,int64_t,"AnalysisFlag::min",4096,0.001,71369
VAR,int64_t,"AnalysisFlag::min",4096,0.001,72574
VAR,double,"AnalysisFlag::min",1024,0.01,25214
VAR,double,"AnalysisFlag::min",1024,0.01,22605
VAR,double,"AnalysisFlag::min",1024,0.01,24499
VAR,double,"AnalysisFlag::min",1024,0.01,24289
VAR,double,"AnalysisFlag::min",1024,0.01,23591
VAR,double,"AnalysisFlag::min",1024,0.01,23901
VAR,double,"AnalysisFlag::min",1024,0.01,24298
VAR,double,"AnalysisFlag::min",1024,0.01,23768
VAR,double,"AnalysisFlag::min",1024,0.01,24095
VAR,double,"AnalysisFlag::min",1024,0.01,23700
VAR,double,"AnalysisFlag::min",2048,0.01,67171
VAR,double,"AnalysisFlag::min",2048,0.01,64385
VAR,double,"AnalysisFlag::min",2048,0.01,63833
VAR,double,"AnalysisFlag::min",2048,0.01,62463
VAR,double,"AnalysisFlag::min",2048,0.01,61730
VAR,double,"AnalysisFlag::min",2048,0.01,62301
VAR,double,"AnalysisFlag::min",2048,0.01,62009
VAR,double,"AnalysisFlag::min",2048,0.01,60601
VAR,double,"AnalysisFlag::min",2048,0.01,59775
VAR,double,"AnalysisFlag::min",2048,0.01,60520
VAR,double,"AnalysisFlag::min",4096,0.01,170802
VAR,double,"AnalysisFlag::min",4096,0.01,171055
VAR,double,"AnalysisFlag::min",4096,0.01,165011
VAR,double,"AnalysisFlag::min",4096,0.01,174889
VAR,double,"AnalysisFlag::min",4096,0.01,171312
VAR,double,"AnalysisFlag::min",4096,0.01,170813
VAR,double,"AnalysisFlag::min",4096,0.01,173812
VAR,double,"AnalysisFlag::min",4096,0.01,172719
VAR,double,"AnalysisFlag::min",4096,0.01,165373
VAR,double,"AnalysisFlag::min",4096,0.01,170373
VAR,int64_t,"AnalysisFlag::min",1024,0.01,26707
VAR,int64_t,"AnalysisFlag::min",1024,0.01,24599
VAR,int64_t,"AnalysisFlag::min",1024,0.01,25361
VAR,int64_t,"AnalysisFlag::min",1024,0.01,25466
VAR,int64_t,"AnalysisFlag::min",1024,0.01,25098
VAR,int64_t,"AnalysisFlag::min",1024,0.01,25161
VAR,int64_t,"AnalysisFlag::min",1024,0.01,25020
VAR,int64_t,"AnalysisFlag::min",1024,0.01,25290
VAR,int64_t,"AnalysisFlag::min",1024,0.01,25085
VAR,int64_t,"AnalysisFlag::min",1024,0.01,24769
VAR,int64_t,"AnalysisFlag::min",2048,0.01,66967
VAR,int64_t,"AnalysisFlag::min",2048,0.01,67502
VAR,int64_t,"AnalysisFlag::min",2048,0.01,67728
VAR,int64_t,"AnalysisFlag::min",2048,0.01,66493
VAR,int64_t,"AnalysisFlag::min",2048,0.01,70304
VAR,int64_t,"AnalysisFlag::min",2048,0.01,68054
VAR,int64_t,"AnalysisFlag::min",2048,0.01,66379
VAR,int64_t,"AnalysisFlag::min",2048,0.01,66903
VAR,int64_t,"AnalysisFlag::min",2048,0.01,71235
VAR,int64_t,"AnalysisFlag::min",2048,0.01,66562
VAR,int64_t,"AnalysisFlag::min",4096,0.01,210270
VAR,int64_t,"AnalysisFlag::min",4096,0.01,209913
VAR,int64_t,"AnalysisFlag::min",4096,0.01,211400
VAR,int64_t,"AnalysisFlag::min",4096,0.01,210615
VAR,int64_t,"AnalysisFlag::min",4096,0.01,211529
VAR,int64_t,"AnalysisFlag::min",4096,0.01,212175
VAR,int64_t,"AnalysisFlag::min",4096,0.01,211863
VAR,int64_t,"AnalysisFlag::min",4096,0.01,210817
VAR,int64_t,"AnalysisFlag::min",4096,0.01,213190
VAR,int64_t,"AnalysisFlag::min",4096,0.01,210808
VAR,double,"AnalysisFlag::min",1024,0.05,56019
VAR,double,"AnalysisFlag::min",1024,0.05,53978
VAR,double,"AnalysisFlag::min",1024,0.05,52852
VAR,double,"AnalysisFlag::min",1024,0.05,51795
VAR,double,"AnalysisFlag::min",1024,0.05,53178
VAR,double,"AnalysisFlag::min",1024,0.05,53235
VAR,double,"AnalysisFlag::min",1024,0.05,52768
VAR,double,"AnalysisFlag::min",1024,0.05,53506
VAR,double,"AnalysisFlag::min",1024,0.05,54880
VAR,double,"AnalysisFlag::min",1024,0.05,53179
VAR,double,"AnalysisFlag::min",2048,0.05,178072
VAR,double,"AnalysisFlag::min",2048,0.05,175588
VAR,double,"AnalysisFlag::min",2048,0.05,174187
VAR,double,"AnalysisFlag::min",2048,0.05,175612
VAR,double,"AnalysisFlag::min",2048,0.05,174515
VAR,double,"AnalysisFlag::min",2048,0.05,174775
VAR,double,"AnalysisFlag::min",2048,0.05,174535
VAR,double,"AnalysisFlag::min",2048,0.05,174614
VAR,double,"AnalysisFlag::min",2048,0.05,177812
VAR,double,"AnalysisFlag::min",2048,0.05,175145
VAR,double,"AnalysisFlag::min",4096,0.05,905941
VAR,double,"AnalysisFlag::min",4096,0.05,791903
VAR,double,"AnalysisFlag::min",4096,0.05,729267
VAR,double,"AnalysisFlag::min",4096,0.05,726363
VAR,double,"AnalysisFlag::min",4096,0.05,720742
VAR,double,"AnalysisFlag::min",4096,0.05,736452
VAR,double,"AnalysisFlag::min",4096,0.05,720863
VAR,double,"AnalysisFlag::min",4096,0.05,720733
VAR,double,"AnalysisFlag::min",4096,0.05,733766
VAR,double,"AnalysisFlag::min",4096,0.05,737391
VAR,int64_t,"AnalysisFlag::min",1024,0.05,63116
VAR,int64_t,"AnalysisFlag::min",1024,0.05,61661
VAR,int64_t,"AnalysisFlag::min",1024,0.05,61894
VAR,int64_t,"AnalysisFlag::min",1024,0.05,61732
VAR,int64_t,"AnalysisFlag::min",1024,0.05,61402
VAR,int64_t,"AnalysisFlag::min",1024,0.05,61703
VAR,int64_t,"AnalysisFlag::min",1024,0.05,61152
VAR,int64_t,"AnalysisFlag::min",1024,0.05,62213
VAR,int64_t,"AnalysisFlag::min",1024,0.05,61158
VAR,int64_t,"AnalysisFlag::min",1024,0.05,60905
VAR,int64_t,"AnalysisFlag::min",2048,0.05,173877
VAR,int64_t,"AnalysisFlag::min",2048,0.05,173085
VAR,int64_t,"AnalysisFlag::min",2048,0.05,171803
VAR,int64_t,"AnalysisFlag::min",2048,0.05,173003
VAR,int64_t,"AnalysisFlag::min",2048,0.05,172686
VAR,int64_t,"AnalysisFlag::min",2048,0.05,171864
VAR,int64_t,"AnalysisFlag::min",2048,0.05,173313
VAR,int64_t,"AnalysisFlag::min",2048,0.05,173001
VAR,int64_t,"AnalysisFlag::min",2048,0.05,172790
VAR,int64_t,"AnalysisFlag::min",2048,0.05,172409
VAR,int64_t,"AnalysisFlag::min",4096,0.05,602412
VAR,int64_t,"AnalysisFlag::min",4096,0.05,581410
VAR,int64_t,"AnalysisFlag::min",4096,0.05,584820
VAR,int64_t,"AnalysisFlag::min",4096,0.05,590730
VAR,int64_t,"AnalysisFlag::min",4096,0.05,584811
VAR,int64_t,"AnalysisFlag::min",4096,0.05,593224
VAR,int64_t,"AnalysisFlag::min",4096,0.05,593132
VAR,int64_t,"AnalysisFlag::min",4096,0.05,587547
VAR,int64_t,"AnalysisFlag::min",4096,0.05,597040
VAR,int64_t,"AnalysisFlag::min",4096,0.05,595157
VAR,double,"AnalysisFlag::min",1024,0.1,92166
VAR,double,"AnalysisFlag::min",1024,0.1,88606
VAR,double,"AnalysisFlag::min",1024,0.1,88317
VAR,double,"AnalysisFlag::min",1024,0.1,89923
VAR,double,"AnalysisFlag::min",1024,0.1,88891
VAR,double,"AnalysisFlag::min",1024,0.1,88902
VAR,double,"AnalysisFlag::min",1024,0.1,89098
VAR,double,"AnalysisFlag::min",1024,0.1,89117
VAR,double,"AnalysisFlag::min",1024,0.1,90119
VAR,double,"AnalysisFlag::min",1024,0.1,92305
VAR,double,"AnalysisFlag::min",2048,0.1,359879
VAR,double,"AnalysisFlag::min",2048,0.1,353784
VAR,double,"AnalysisFlag::min",2048,0.1,354736
VAR,double,"AnalysisFlag::min",2048,0.1,356051
VAR,double,"AnalysisFlag::min",2048,0.1,355214
VAR,double,"AnalysisFlag::min",2048,0.1,353673
VAR,double,"AnalysisFlag::min",2048,0.1,352528
VAR,double,"AnalysisFlag::min",2048,0.1,352959
VAR,double,"AnalysisFlag::min",2048,0.1,353203
VAR,double,"AnalysisFlag::min",2048,0.1,353224
VAR,double,"AnalysisFlag::min",4096,0.1,1.71452e+06
VAR,double,"AnalysisFlag::min",4096,0.1,1.73627e+06
VAR,double,"AnalysisFlag::min",4096,0.1,1.70597e+06
VAR,double,"AnalysisFlag::min",4096,0.1,1.68127e+06
VAR,double,"AnalysisFlag::min",4096,0.1,1.67939e+06
VAR,double,"AnalysisFlag::min",4096,0.1,1.67802e+06
VAR,double,"AnalysisFlag::min",4096,0.1,1.67022e+06
VAR,double,"AnalysisFlag::min",4096,0.1,1.68234e+06
VAR,double,"AnalysisFlag::min",4096,0.1,1.68384e+06
VAR,double,"AnalysisFlag::min",4096,0.1,1.68837e+06
VAR,int64_t,"AnalysisFlag::min",1024,0.1,94255
VAR,int64_t,"AnalysisFlag::min",1024,0.1,87885
VAR,int64_t,"AnalysisFlag::min",1024,0.1,88101
VAR,int64_t,"AnalysisFlag::min",1024,0.1,88392
VAR,int64_t,"AnalysisFlag::min",1024,0.1,88012
VAR,int64_t,"AnalysisFlag::min",1024,0.1,87694
VAR,int64_t,"AnalysisFlag::min",1024,0.1,87394
VAR,int64_t,"AnalysisFlag::min",1024,0.1,87594
VAR,int64_t,"AnalysisFlag::min",1024,0.1,87910
VAR,int64_t,"AnalysisFlag::min",1024,0.1,88115
VAR,int64_t,"AnalysisFlag::min",2048,0.1,314927
VAR,int64_t,"AnalysisFlag::min",2048,0.1,289192
VAR,int64_t,"AnalysisFlag::min",2048,0.1,302183
VAR,int64_t,"AnalysisFlag::min",2048,0.1,288063
VAR,int64_t,"AnalysisFlag::min",2048,0.1,286234
VAR,int64_t,"AnalysisFlag::min",2048,0.1,287455
VAR,int64_t,"AnalysisFlag::min",2048,0.1,289146
VAR,int64_t,"AnalysisFlag::min",2048,0.1,292729
VAR,int64_t,"AnalysisFlag::min",2048,0.1,286017
VAR,int64_t,"AnalysisFlag::min",2048,0.1,287676
VAR,int64_t,"AnalysisFlag::min",4096,0.1,1.41042e+06
VAR,int64_t,"AnalysisFlag::min",4096,0.1,1.48401e+06
VAR,int64_t,"AnalysisFlag::min",4096,0.1,1.45178e+06
VAR,int64_t,"AnalysisFlag::min",4096,0.1,1.43668e+06
VAR,int64_t,"AnalysisFlag::min",4096,0.1,1.41267e+06
VAR,int64_t,"AnalysisFlag::min",4096,0.1,1.39422e+06
VAR,int64_t,"AnalysisFlag::min",4096,0.1,1.4254e+06
VAR,int64_t,"AnalysisFlag::min",4096,0.1,1.42517e+06
VAR,int64_t,"AnalysisFlag::min",4096,0.1,1.41455e+06
VAR,int64_t,"AnalysisFlag::min",4096,0.1,1.41377e+06
VAR,double,"AnalysisFlag::min",1024,0.2,230490
VAR,double,"AnalysisFlag::min",1024,0.2,179450
VAR,double,"AnalysisFlag::min",1024,0.2,180840
VAR,double,"AnalysisFlag::min",1024,0.2,178132
VAR,double,"AnalysisFlag::min",1024,0.2,177594
VAR,double,"AnalysisFlag::min",1024,0.2,177684
VAR,double,"AnalysisFlag::min",1024,0.2,177420
VAR,double,"AnalysisFlag::min",1024,0.2,178270
VAR,double,"AnalysisFlag::min",1024,0.2,177558
VAR,double,"AnalysisFlag::min",1024,0.2,177764
VAR,double,"AnalysisFlag::min",2048,0.2,783738
VAR,double,"AnalysisFlag::min",2048,0.2,706950
VAR,double,"AnalysisFlag::min",2048,0.2,708661
VAR,double,"AnalysisFlag::min",2048,0.2,703636
VAR,double,"AnalysisFlag::min",2048,0.2,695278
VAR,double,"AnalysisFlag::min",2048,0.2,707747
VAR,double,"AnalysisFlag::min",2048,0.2,703941
VAR,double,"AnalysisFlag::min",2048,0.2,713479
VAR,double,"AnalysisFlag::min",2048,0.2,721668
VAR,double,"AnalysisFlag::min",2048,0.2,702325
VAR,double,"AnalysisFlag::min",4096,0.2,3.51114e+06
VAR,double,"AnalysisFlag::min",4096,0.2,3.6201e+06
VAR,double,"AnalysisFlag::min",4096,0.2,3.54036e+06
VAR,double,"AnalysisFlag::min",4096,0.2,3.5805e+06
VAR,double,"AnalysisFlag::min",4096,0.2,3.51603e+06
VAR,double,"AnalysisFlag::min",4096,0.2,3.56888e+06
VAR,double,"AnalysisFlag::min",4096,0.2,3.52179e+06
VAR,double,"AnalysisFlag::min",4096,0.2,3.55764e+06
VAR,double,"AnalysisFlag::min",4096,0.2,3.55062e+06
VAR,double,"AnalysisFlag::min",4096,0.2,3.55952e+06
VAR,int64_t,"AnalysisFlag::min",1024,0.2,194007
VAR,int64_t,"AnalysisFlag::min",1024,0.2,145192
VAR,int64_t,"AnalysisFlag::min",1024,0.2,145326
VAR,int64_t,"AnalysisFlag::min",1024,0.2,147914
VAR,int64_t,"AnalysisFlag::min",1024,0.2,145538
VAR,int64_t,"AnalysisFlag::min",1024,0.2,151016
VAR,int64_t,"AnalysisFlag::min",1024,0.2,144863
VAR,int64_t,"AnalysisFlag::min",1024,0.2,144967
VAR,int64_t,"AnalysisFlag::min",1024,0.2,145605
VAR,int64_t,"AnalysisFlag::min",1024,0.2,145353
VAR,int64_t,"AnalysisFlag::min",2048,0.2,729888
VAR,int64_t,"AnalysisFlag::min",2048,0.2,609074
VAR,int64_t,"AnalysisFlag::min",2048,0.2,574048
VAR,int64_t,"AnalysisFlag::min",2048,0.2,577836
VAR,int64_t,"AnalysisFlag::min",2048,0.2,568965
VAR,int64_t,"AnalysisFlag::min",2048,0.2,576818
VAR,int64_t,"AnalysisFlag::min",2048,0.2,569050
VAR,int64_t,"AnalysisFlag::min",2048,0.2,568914
VAR,int64_t,"AnalysisFlag::min",2048,0.2,574905
VAR,int64_t,"AnalysisFlag::min",2048,0.2,567841
VAR,int64_t,"AnalysisFlag::min",4096,0.2,2.95641e+06
VAR,int64_t,"AnalysisFlag::min",4096,0.2,2.99554e+06
VAR,int64_t,"AnalysisFlag::min",4096,0.2,2.9349e+06
VAR,int64_t,"AnalysisFlag::min",4096,0.2,2.97093e+06
VAR,int64_t,"AnalysisFlag::min",4096,0.2,2.93433e+06
VAR,int64_t,"AnalysisFlag::min",4096,0.2,2.94649e+06
VAR,int64_t,"AnalysisFlag::min",4096,0.2,2.93472e+06
VAR,int64_t,"AnalysisFlag::min",4096,0.2,2.97131e+06
VAR,int64_t,"AnalysisFlag::min",4096,0.2,2.92682e+06
VAR,int64_t,"AnalysisFlag::min",4096,0.2,2.9565e+06
VAR,double,"AnalysisFlag::min",1024,0.25,1.92459e+06
VAR,double,"AnalysisFlag::min",1024,0.25,1.92046e+06
VAR,double,"AnalysisFlag::min",1024,0.25,1.918e+06
VAR,double,"AnalysisFlag::min",1024,0.25,1.91816e+06
VAR,double,"AnalysisFlag::min",1024,0.25,1.91905e+06
VAR,double,"AnalysisFlag::min",1024,0.25,1.91769e+06
VAR,double,"AnalysisFlag::min",1024,0.25,1.91781e+06
VAR,double,"AnalysisFlag::min",1024,0.25,1.9183e+06
VAR,double,"AnalysisFlag::min",1024,0.25,1.91763e+06
VAR,double,"AnalysisFlag::min",1024,0.25,1.91777e+06
VAR,double,"AnalysisFlag::min",2048,0.25,8.02628e+06
VAR,double,"AnalysisFlag::min",2048,0.25,8.03328e+06
VAR,double,"AnalysisFlag::min",2048,0.25,8.00386e+06
VAR,double,"AnalysisFlag::min",2048,0.25,8.02921e+06
VAR,double,"AnalysisFlag::min",2048,0.25,8.01216e+06
VAR,double,"AnalysisFlag::min",2048,0.25,8.01623e+06
VAR,double,"AnalysisFlag::min",2048,0.25,8.01933e+06
VAR,double,"AnalysisFlag::min",2048,0.25,8.02255e+06
VAR,double,"AnalysisFlag::min",2048,0.25,7.99858e+06
VAR,double,"AnalysisFlag::min",2048,0.25,8.01912e+06
VAR,double,"AnalysisFlag::min",4096,0.25,3.24423e+07
VAR,double,"AnalysisFlag::min",4096,0.25,3.24317e+07
VAR,double,"AnalysisFlag::min",4096,0.25,3.24617e+07
VAR,double,"AnalysisFlag::min",4096,0.25,3.24259e+07
VAR,double,"AnalysisFlag::min",4096,0.25,3.24457e+07
VAR,double,"AnalysisFlag::min",4096,0.25,3.24549e+07
VAR,double,"AnalysisFlag::min",4096,0.25,3.24378e+07
VAR,double,"AnalysisFlag::min",4096,0.25,3.24329e+07
VAR,double,"AnalysisFlag::min",4096,0.25,3.24444e+07
VAR,double,"AnalysisFlag::min",4096,0.25,3.24475e+07
VAR,int64_t,"AnalysisFlag::min",1024,0.25,1.92349e+06
VAR,int64_t,"AnalysisFlag::min",1024,0.25,1.97684e+06
VAR,int64_t,"AnalysisFlag::min",1024,0.25,2.05741e+06
VAR,int64_t,"AnalysisFlag::min",1024,0.25,2.03364e+06
VAR,int64_t,"AnalysisFlag::min",1024,0.25,2.00418e+06
VAR,int64_t,"AnalysisFlag::min",1024,0.25,2.08441e+06
VAR,int64_t,"AnalysisFlag::min",1024,0.25,2.07675e+06
VAR,int64_t,"AnalysisFlag::min",1024,0.25,2.01724e+06
VAR,int64_t,"AnalysisFlag::min",1024,0.25,1.92266e+06
VAR,int64_t,"AnalysisFlag::min",1024,0.25,2.00905e+06
VAR,int64_t,"AnalysisFlag::min",2048,0.25,7.68862e+06
VAR,int64_t,"AnalysisFlag::min",2048,0.25,7.71135e+06
VAR,int64_t,"AnalysisFlag::min",2048,0.25,7.7082e+06
VAR,int64_t,"AnalysisFlag::min",2048,0.25,7.721e+06
VAR,int64_t,"AnalysisFlag::min",2048,0.25,7.70996e+06
VAR,int64_t,"AnalysisFlag::min",2048,0.25,7.75261e+06
VAR,int64_t,"AnalysisFlag::min",2048,0.25,7.72234e+06
VAR,int64_t,"AnalysisFlag::min",2048,0.25,7.70306e+06
VAR,int64_t,"AnalysisFlag::min",2048,0.25,7.69686e+06
VAR,int64_t,"AnalysisFlag::min",2048,0.25,7.70467e+06
VAR,int64_t,"AnalysisFlag::min",4096,0.25,3.06559e+07
VAR,int64_t,"AnalysisFlag::min",4096,0.25,3.06318e+07
VAR,int64_t,"AnalysisFlag::min",4096,0.25,3.06644e+07
VAR,int64_t,"AnalysisFlag::min",4096,0.25,3.06459e+07
VAR,int64_t,"AnalysisFlag::min",4096,0.25,3.06562e+07
VAR,int64_t,"AnalysisFlag::min",4096,0.25,3.06546e+07
VAR,int64_t,"AnalysisFlag::min",4096,0.25,3.06457e+07
VAR,int64_t,"AnalysisFlag::min",4096,0.25,3.06323e+07
VAR,int64_t,"AnalysisFlag::min",4096,0.25,3.06545e+07
VAR,int64_t,"AnalysisFlag::min",4096,0.25,3.06537e+07
VAR,double,"AnalysisFlag::min",1024,1,2.04077e+06
VAR,double,"AnalysisFlag::min",1024,1,1.9171e+06
VAR,double,"AnalysisFlag::min",1024,1,1.91907e+06
VAR,double,"AnalysisFlag::min",1024,1,1.9189e+06
VAR,double,"AnalysisFlag::min",1024,1,1.9191e+06
VAR,double,"AnalysisFlag::min",1024,1,1.91874e+06
VAR,double,"AnalysisFlag::min",1024,1,1.91916e+06
VAR,double,"AnalysisFlag::min",1024,1,1.9188e+06
VAR,double,"AnalysisFlag::min",1024,1,1.91926e+06
VAR,double,"AnalysisFlag::min",1024,1,1.91896e+06
VAR,double,"AnalysisFlag::min",2048,1,8.09573e+06
VAR,double,"AnalysisFlag::min",2048,1,8.0252e+06
VAR,double,"AnalysisFlag::min",2048,1,8.03075e+06
VAR,double,"AnalysisFlag::min",2048,1,8.0279e+06
VAR,double,"AnalysisFlag::min",2048,1,8.02796e+06
VAR,double,"AnalysisFlag::min",2048,1,8.03309e+06
VAR,double,"AnalysisFlag::min",2048,1,8.029e+06
VAR,double,"AnalysisFlag::min",2048,1,8.03101e+06
VAR,double,"AnalysisFlag::min",2048,1,8.02416e+06
VAR,double,"AnalysisFlag::min",2048,1,8.02346e+06
VAR,double,"AnalysisFlag::min",4096,1,3.2444e+07
VAR,double,"AnalysisFlag::min",4096,1,3.24313e+07
VAR,double,"AnalysisFlag::min",4096,1,3.24446e+07
VAR,double,"AnalysisFlag::min",4096,1,3.24274e+07
VAR,double,"AnalysisFlag::min",4096,1,3.24244e+07
VAR,double,"AnalysisFlag::min",4096,1,3.24529e+07
VAR,double,"AnalysisFlag::min",4096,1,3.24444e+07
VAR,double,"AnalysisFlag::min",4096,1,3.24607e+07
VAR,double,"AnalysisFlag::min",4096,1,3.24422e+07
VAR,double,"AnalysisFlag::min",4096,1,3.24412e+07
VAR,int64_t,"AnalysisFlag::min",1024,1,2.08305e+06
VAR,int64_t,"AnalysisFlag::min",1024,1,1.96166e+06
VAR,int64_t,"AnalysisFlag::min",1024,1,1.93835e+06
VAR,int64_t,"AnalysisFlag::min",1024,1,1.96537e+06
VAR,int64_t,"AnalysisFlag::min",1024,1,1.9067e+06
VAR,int64_t,"AnalysisFlag::min",1024,1,1.98354e+06
VAR,int64_t,"AnalysisFlag::min",1024,1,1.95995e+06
VAR,int64_t,"AnalysisFlag::min",1024,1,2.02158e+06
VAR,int64_t,"AnalysisFlag::min",1024,1,1.96224e+06
VAR,int64_t,"AnalysisFlag::min",1024,1,1.90798e+06
VAR,int64_t,"AnalysisFlag::min",2048,1,7.75592e+06
VAR,int64_t,"AnalysisFlag::min",2048,1,7.69673e+06
VAR,int64_t,"AnalysisFlag::min",2048,1,7.68307e+06
VAR,int64_t,"AnalysisFlag::min",2048,1,7.70145e+06
VAR,int64_t,"AnalysisFlag::min",2048,1,7.66938e+06
VAR,int64_t,"AnalysisFlag::min",2048,1,7.70456e+06
VAR,int64_t,"AnalysisFlag::min",2048,1,7.65968e+06
VAR,int64_t,"AnalysisFlag::min",2048,1,7.68257e+06
VAR,int64_t,"AnalysisFlag::min",2048,1,7.67933e+06
VAR,int64_t,"AnalysisFlag::min",2048,1,7.67365e+06
VAR,int64_t,"AnalysisFlag::min",4096,1,3.06334e+07
VAR,int64_t,"AnalysisFlag::min",4096,1,3.05977e+07
VAR,int64_t,"AnalysisFlag::min",4096,1,3.06042e+07
VAR,int64_t,"AnalysisFlag::min",4096,1,3.05914e+07
VAR,int64_t,"AnalysisFlag::min",4096,1,3.06346e+07
VAR,int64_t,"AnalysisFlag::min",4096,1,3.06086e+07
VAR,int64_t,"AnalysisFlag::min",4096,1,3.06189e+07
VAR,int64_t,"AnalysisFlag::min",4096,1,3.06138e+07
VAR,int64_t,"AnalysisFlag::min",4096,1,3.06166e+07
VAR,int64_t,"AnalysisFlag::min",4096,1,3.06032e+07
IDXMIN,double,"AnalysisFlag::min",1024,0.25,1.27226e+06
IDXMIN,double,"AnalysisFlag::min",1024,0.25,1.25762e+06
IDXMIN,double,"AnalysisFlag::min",1024,0.25,1.2576e+06
IDXMIN,double,"AnalysisFlag::min",1024,0.25,1.25772e+06
IDXMIN,double,"AnalysisFlag::min",1024,0.25,1.25772e+06
IDXMIN,double,"AnalysisFlag::min",1024,0.25,1.2614e+06
IDXMIN,double,"AnalysisFlag::min",1024,0.25,1.25937e+06
IDXMIN,double,"AnalysisFlag::min",1024,0.25,1.25748e+06
IDXMIN,double,"AnalysisFlag::min",1024,0.25,1.25838e+06
IDXMIN,double,"AnalysisFlag::min",1024,0.25,1.26054e+06
IDXMIN,double,"AnalysisFlag::min",2048,0.25,5.23621e+06
IDXMIN,double,"AnalysisFlag::min",2048,0.25,5.21237e+06
IDXMIN,double,"AnalysisFlag::min",2048,0.25,5.21525e+06
IDXMIN,double,"AnalysisFlag::min",2048,0.25,5.2148e+06
IDXMIN,double,"AnalysisFlag::min",2048,0.25,5.21795e+06
IDXMIN,double,"AnalysisFlag::min",2048,0.25,5.20919e+06
IDXMIN,double,"AnalysisFlag::min",2048,0.25,5.20699e+06
IDXMIN,double,"AnalysisFlag::min",2048,0.25,5.21702e+06
IDXMIN,double,"AnalysisFlag::min",2048,0.25,5.21268e+06
IDXMIN,double,"AnalysisFlag::min",2048,0.25,5.22591e+06
IDXMIN,double,"AnalysisFlag::min",4096,0.25,2.14151e+07
IDXMIN,double,"AnalysisFlag::min",4096,0.25,2.14357e+07
IDXMIN,double,"AnalysisFlag::min",4096,0.25,2.14402e+07
IDXMIN,double,"AnalysisFlag::min",4096,0.25,2.14178e+07
IDXMIN,double,"AnalysisFlag::min",4096,0.25,2.14508e+07
IDXMIN,double,"AnalysisFlag::min",4096,0.25,2.14381e+07
IDXMIN,double,"AnalysisFlag::min",4096,0.25,2.14478e+07
IDXMIN,double,"AnalysisFlag::min",4096,0.25,2.14302e+07
IDXMIN,double,"AnalysisFlag::min",4096,0.25,2.14138e+07
IDXMIN,double,"AnalysisFlag::min",4096,0.25,2.14099e+07
IDXMIN,int64_t,"AnalysisFlag::min",1024,0.25,460915
IDXMIN,int64_t,"AnalysisFlag::min",1024,0.25,424562
IDXMIN,int64_t,"AnalysisFlag::min",1024,0.25,424665
IDXMIN,int64_t,"AnalysisFlag::min",1024,0.25,424923
IDXMIN,int64_t,"AnalysisFlag::min",1024,0.25,425072
IDXMIN,int64_t,"AnalysisFlag::min",1024,0.25,423183
IDXMIN,int64_t,"AnalysisFlag::min",1024,0.25,424751
IDXMIN,int64_t,"AnalysisFlag::min",1024,0.25,419782
IDXMIN,int64_t,"AnalysisFlag::min",1024,0.25,426557
IDXMIN,int64_t,"AnalysisFlag::min",1024,0.25,429281
IDXMIN,int64_t,"AnalysisFlag::min",2048,0.25,2.19436e+06
IDXMIN,int64_t,"AnalysisFlag::min",2048,0.25,2.08638e+06
IDXMIN,int64_t,"AnalysisFlag::min",2048,0.25,2.26808e+06
IDXMIN,int64_t,"AnalysisFlag::min",2048,0.25,2.15549e+06
IDXMIN,int64_t,"AnalysisFlag::min",2048,0.25,2.25841e+06
IDXMIN,int64_t,"AnalysisFlag::min",2048,0.25,2.19693e+06
IDXMIN,int64_t,"AnalysisFlag::min",2048,0.25,2.26608e+06
IDXMIN,int64_t,"AnalysisFlag::min",2048,0.25,2.1914e+06
IDXMIN,int64_t,"AnalysisFlag::min",2048,0.25,2.24242e+06
IDXMIN,int64_t,"AnalysisFlag::min",2048,0.25,2.21501e+06
IDXMIN,int64_t,"AnalysisFlag::min",4096,0.25,8.93513e+06
IDXMIN,int64_t,"AnalysisFlag::min",4096,0.25,8.93782e+06
IDXMIN,int64_t,"AnalysisFlag::min",4096,0.25,8.96054e+06
IDXMIN,int64_t,"AnalysisFlag::min",4096,0.25,8.93358e+06
IDXMIN,int64_t,"AnalysisFlag::min",4096,0.25,8.96683e+06
IDXMIN,int64_t,"AnalysisFlag::min",4096,0.25,8.97766e+06
IDXMIN,int64_t,"AnalysisFlag::min",4096,0.25,8.96517e+06
IDXMIN,int64_t,"AnalysisFlag::min",4096,0.25,8.94618e+06
IDXMIN,int64_t,"AnalysisFlag::min",4096,0.25,8.95243e+06
IDXMIN,int64_t,"AnalysisFlag::min",4096,0.25,8.96785e+06
IDXMIN,double,"AnalysisFlag::min",1024,1,1.36163e+06
IDXMIN,double,"AnalysisFlag::min",1024,1,1.28927e+06
IDXMIN,double,"AnalysisFlag::min",1024,1,1.2591e+06
IDXMIN,double,"AnalysisFlag::min",1024,1,1.2572e+06
IDXMIN,double,"AnalysisFlag::min",1024,1,1.25718e+06
IDXMIN,double,"AnalysisFlag::min",1024,1,1.25731e+06
IDXMIN,double,"AnalysisFlag::min",1024,1,1.25725e+06
IDXMIN,double,"AnalysisFlag::min",1024,1,1.25921e+06
IDXMIN,double,"AnalysisFlag::min",1024,1,1.25913e+06
IDXMIN,double,"AnalysisFlag::min",1024,1,1.25686e+06
IDXMIN,double,"AnalysisFlag::min",2048,1,5.2491e+06
IDXMIN,double,"AnalysisFlag::min",2048,1,5.22613e+06
IDXMIN,double,"AnalysisFlag::min",2048,1,5.21598e+06
IDXMIN,double,"AnalysisFlag::min",2048,1,5.22112e+06
IDXMIN,double,"AnalysisFlag::min",2048,1,5.21576e+06
IDXMIN,double,"AnalysisFlag::min",2048,1,5.21279e+06
IDXMIN,double,"AnalysisFlag::min",2048,1,5.21949e+06
IDXMIN,double,"AnalysisFlag::min",2048,1,5.21462e+06
IDXMIN,double,"AnalysisFlag::min",2048,1,5.21019e+06
IDXMIN,double,"AnalysisFlag::min",2048,1,5.22045e+06
IDXMIN,double,"AnalysisFlag::min",4096,1,2.14257e+07
IDXMIN,double,"AnalysisFlag::min",4096,1,2.14065e+07
IDXMIN,double,"AnalysisFlag::min",4096,1,2.1405e+07
IDXMIN,double,"AnalysisFlag::min",4096,1,2.14092e+07
IDXMIN,double,"AnalysisFlag::min",4096,1,2.14153e+07
IDXMIN,double,"AnalysisFlag::min",4096,1,2.14109e+07
IDXMIN,double,"AnalysisFlag::min",4096,1,2.14098e+07
IDXMIN,double,"AnalysisFlag::min",4096,1,2.13964e+07
IDXMIN,double,"AnalysisFlag::min",4096,1,2.14153e+07
IDXMIN,double,"AnalysisFlag::min",4096,1,2.14044e+07
IDXMIN,int64_t,"AnalysisFlag::min",1024,1,619984
IDXMIN,int64_t,"AnalysisFlag::min",1024,1,437635
IDXMIN,int64_t,"AnalysisFlag::min",1024,1,414402
IDXMIN,int64_t,"AnalysisFlag::min",1024,1,414194
IDXMIN,int64_t,"AnalysisFlag::min",1024,1,417730
IDXMIN,int64_t,"AnalysisFlag::min",1024,1,412587
IDXMIN,int64_t,"AnalysisFlag::min",1024,1,414002
IDXMIN,int64_t,"AnalysisFlag::min",1024,1,413802
IDXMIN,int64_t,"AnalysisFlag::min",1024,1,414818
IDXMIN,int64_t,"AnalysisFlag::min",1024,1,414437
IDXMIN,int64_t,"AnalysisFlag::min",2048,1,2.28126e+06
IDXMIN,int64_t,"AnalysisFlag::min",2048,1,2.2274e+06
IDXMIN,int64_t,"AnalysisFlag::min",2048,1,2.34868e+06
IDXMIN,int64_t,"AnalysisFlag::min",2048,1,2.08787e+06
IDXMIN,int64_t,"AnalysisFlag::min",2048,1,2.08734e+06
IDXMIN,int64_t,"AnalysisFlag::min",2048,1,2.08385e+06
IDXMIN,int64_t,"AnalysisFlag::min",2048,1,2.0698e+06
IDXMIN,int64_t,"AnalysisFlag::min",2048,1,2.09638e+06
IDXMIN,int64_t,"AnalysisFlag::min",2048,1,2.21747e+06
IDXMIN,int64_t,"AnalysisFlag::min",2048,1,2.07936e+06
IDXMIN,int64_t,"AnalysisFlag::min",4096,1,8.92782e+06
IDXMIN,int64_t,"AnalysisFlag::min",4096,1,8.92496e+06
IDXMIN,int64_t,"AnalysisFlag::min",4096,1,8.89087e+06
IDXMIN,int64_t,"AnalysisFlag::min",4096,1,8.89994e+06
IDXMIN,int64_t,"AnalysisFlag::min",4096,1,8.91118e+06
IDXMIN,int64_t,"AnalysisFlag::min",4096,1,8.91472e+06
IDXMIN,int64_t,"AnalysisFlag::min",4096,1,8.92411e+06
IDXMIN,int64_t,"AnalysisFlag::min",4096,1,8.91456e+06
IDXMIN,int64_t,"AnalysisFlag::min",4096,1,8.91746e+06
IDXMIN,int64_t,"AnalysisFlag::min",4096,1,8.90736e+06
IDXMAX,double,"AnalysisFlag::min",1024,0.25,1.27668e+06
IDXMAX,double,"AnalysisFlag::min",1024,0.25,1.26087e+06
IDXMAX,double,"AnalysisFlag::min",1024,0.25,1.26088e+06
IDXMAX,double,"AnalysisFlag::min",1024,0.25,1.25936e+06
IDXMAX,double,"AnalysisFlag::min",1024,0.25,1.2591e+06
IDXMAX,double,"AnalysisFlag::min",1024,0.25,1.25901e+06
IDXMAX,double,"AnalysisFlag::min",1024,0.25,1.25905e+06
IDXMAX,double,"AnalysisFlag::min",1024,0.25,1.25917e+06
IDXMAX,double,"AnalysisFlag::min",1024,0.25,1.25899e+06
IDXMAX,double,"AnalysisFlag::min",1024,0.25,1.25898e+06
IDXMAX,double,"AnalysisFlag::min",2048,0.25,5.2318e+06
IDXMAX,double,"AnalysisFlag::min",2048,0.25,5.22244e+06
IDXMAX,double,"AnalysisFlag::min",2048,0.25,5.21605e+06
IDXMAX,double,"AnalysisFlag::min",2048,0.25,5.20899e+06
IDXMAX,double,"AnalysisFlag::min",2048,0.25,5.20766e+06
IDXMAX,double,"AnalysisFlag::min",2048,0.25,5.22431e+06
IDXMAX,double,"AnalysisFlag::min",2048,0.25,5.21571e+06
IDXMAX,double,"AnalysisFlag::min",2048,0.25,5.21603e+06
IDXMAX,double,"AnalysisFlag::min",2048,0.25,5.21549e+06
IDXMAX,double,"AnalysisFlag::min",2048,0.25,5.22241e+06
IDXMAX,double,"AnalysisFlag::min",4096,0.25,2.14372e+07
IDXMAX,double,"AnalysisFlag::min",4096,0.25,2.14179e+07
IDXMAX,double,"AnalysisFlag::min",4096,0.25,2.14323e+07
IDXMAX,double,"AnalysisFlag::min",4096,0.25,2.14581e+07
IDXMAX,double,"AnalysisFlag::min",4096,0.25,2.14275e+07
IDXMAX,double,"AnalysisFlag::min",4096,0.25,2.1407e+07
IDXMAX,double,"AnalysisFlag::min",4096,0.25,2.14268e+07
IDXMAX,double,"AnalysisFlag::min",4096,0.25,2.14151e+07
IDXMAX,double,"AnalysisFlag::min",4096,0.25,2.14211e+07
IDXMAX,double,"AnalysisFlag::min",4096,0.25,2.14161e+07
IDXMAX,int64_t,"AnalysisFlag::min",1024,0.25,511988
IDXMAX,int64_t,"AnalysisFlag::min",1024,0.25,417168
IDXMAX,int64_t,"AnalysisFlag::min",1024,0.25,416387
IDXMAX,int64_t,"AnalysisFlag::min",1024,0.25,417714
IDXMAX,int64_t,"AnalysisFlag::min",1024,0.25,417427
IDXMAX,int64_t,"AnalysisFlag::min",1024,0.25,413043
IDXMAX,int64_t,"AnalysisFlag::min",1024,0.25,413511
IDXMAX,int64_t,"AnalysisFlag::min",1024,0.25,413498
IDXMAX,int64_t,"AnalysisFlag::min",1024,0.25,414717
IDXMAX,int64_t,"AnalysisFlag::min",1024,0.25,416419
IDXMAX,int64_t,"AnalysisFlag::min",2048,0.25,2.22692e+06
IDXMAX,int64_t,"AnalysisFlag::min",2048,0.25,2.09967e+06
IDXMAX,int64_t,"AnalysisFlag::min",2048,0.25,2.21528e+06
IDXMAX,int64_t,"AnalysisFlag::min",2048,0.25,2.26809e+06
IDXMAX,int64_t,"AnalysisFlag::min",2048,0.25,2.16066e+06
IDXMAX,int64_t,"AnalysisFlag::min",2048,0.25,2.26014e+06
IDXMAX,int64_t,"AnalysisFlag::min",2048,0.25,2.19608e+06
IDXMAX,int64_t,"AnalysisFlag::min",2048,0.25,2.24459e+06
IDXMAX,int64_t,"AnalysisFlag::min",2048,0.25,2.20656e+06
IDXMAX,int64_t,"AnalysisFlag::min",2048,0.25,2.18719e+06
IDXMAX,int64_t,"AnalysisFlag::min",4096,0.25,8.89338e+06
IDXMAX,int64_t,"AnalysisFlag::min",4096,0.25,8.91812e+06
IDXMAX,int64_t,"AnalysisFlag::min",4096,0.25,8.8973e+06
IDXMAX,int64_t,"AnalysisFlag::min",4096,0.25,8.89897e+06
IDXMAX,int64_t,"AnalysisFlag::min",4096,0.25,8.90552e+06
IDXMAX,int64_t,"AnalysisFlag::min",4096,0.25,8.91459e+06
IDXMAX,int64_t,"AnalysisFlag::min",4096,0.25,8.92508e+06
IDXMAX,int64_t,"AnalysisFlag::min",4096,0.25,8.91865e+06
IDXMAX,int64_t,"AnalysisFlag::min",4096,0.25,8.92773e+06
IDXMAX,int64_t,"AnalysisFlag::min",4096,0.25,8.91683e+06
IDXMAX,double,"AnalysisFlag::min",1024,1,1.36972e+06
IDXMAX,double,"AnalysisFlag::min",1024,1,1.29623e+06
IDXMAX,double,"AnalysisFlag::min",1024,1,1.25916e+06
IDXMAX,double,"AnalysisFlag::min",1024,1,1.2595e+06
IDXMAX,double,"AnalysisFlag::min",1024,1,1.26122e+06
IDXMAX,double,"AnalysisFlag::min",1024,1,1.26081e+06
IDXMAX,double,"AnalysisFlag::min",1024,1,1.25903e+06
IDXMAX,double,"AnalysisFlag::min",1024,1,1.25918e+06
IDXMAX,double,"AnalysisFlag::min",1024,1,1.2588e+06
IDXMAX,double,"AnalysisFlag::min",1024,1,1.25914e+06
IDXMAX,double,"AnalysisFlag::min",2048,1,5.24589e+06
IDXMAX,double,"AnalysisFlag::min",2048,1,5.23989e+06
IDXMAX,double,"AnalysisFlag::min",2048,1,5.2255e+06
IDXMAX,double,"AnalysisFlag::min",2048,1,5.21766e+06
IDXMAX,double,"AnalysisFlag::min",2048,1,5.21829e+06
IDXMAX,double,"AnalysisFlag::min",2048,1,5.2079e+06
IDXMAX,double,"AnalysisFlag::min",2048,1,5.22648e+06
IDXMAX,double,"AnalysisFlag::min",2048,1,5.21748e+06
IDXMAX,double,"AnalysisFlag::min",2048,1,5.22641e+06
IDXMAX,double,"AnalysisFlag::min",2048,1,5.21455e+06
IDXMAX,double,"AnalysisFlag::min",4096,1,2.15842e+07
IDXMAX,double,"AnalysisFlag::min",4096,1,2.14392e+07
IDXMAX,double,"AnalysisFlag::min",4096,1,2.14879e+07
IDXMAX,double,"AnalysisFlag::min",4096,1,2.14126e+07
IDXMAX,double,"AnalysisFlag::min",4096,1,2.1416e+07
IDXMAX,double,"AnalysisFlag::min",4096,1,2.14291e+07
IDXMAX,double,"AnalysisFlag::min",4096,1,2.13963e+07
IDXMAX,double,"AnalysisFlag::min",4096,1,2.14093e+07
IDXMAX,double,"AnalysisFlag::min",4096,1,2.14692e+07
IDXMAX,double,"AnalysisFlag::min",4096,1,2.15103e+07
IDXMAX,int64_t,"AnalysisFlag::min",1024,1,612706
IDXMAX,int64_t,"AnalysisFlag::min",1024,1,460065
IDXMAX,int64_t,"AnalysisFlag::min",1024,1,426900
IDXMAX,int64_t,"AnalysisFlag::min",1024,1,426971
IDXMAX,int64_t,"AnalysisFlag::min",1024,1,429775
IDXMAX,int64_t,"AnalysisFlag::min",1024,1,425834
IDXMAX,int64_t,"AnalysisFlag::min",1024,1,427625
IDXMAX,int64_t,"AnalysisFlag::min",1024,1,436616
IDXMAX,int64_t,"AnalysisFlag::min",1024,1,429571
IDXMAX,int64_t,"AnalysisFlag::min",1024,1,427518
IDXMAX,int64_t,"AnalysisFlag::min",2048,1,2.30176e+06
IDXMAX,int64_t,"AnalysisFlag::min",2048,1,2.30872e+06
IDXMAX,int64_t,"AnalysisFlag::min",2048,1,2.37781e+06
IDXMAX,int64_t,"AnalysisFlag::min",2048,1,2.38563e+06
IDXMAX,int64_t,"AnalysisFlag::min",2048,1,2.37694e+06
IDXMAX,int64_t,"AnalysisFlag::min",2048,1,2.3873e+06
IDXMAX,int64_t,"AnalysisFlag::min",2048,1,2.35926e+06
IDXMAX,int64_t,"AnalysisFlag::min",2048,1,2.35437e+06
IDXMAX,int64_t,"AnalysisFlag::min",2048,1,2.13708e+06
IDXMAX,int64_t,"AnalysisFlag::min",2048,1,2.127e+06
IDXMAX,int64_t,"AnalysisFlag::min",4096,1,8.98589e+06
IDXMAX,int64_t,"AnalysisFlag::min",4096,1,8.99078e+06
IDXMAX,int64_t,"AnalysisFlag::min",4096,1,8.97736e+06
IDXMAX,int64_t,"AnalysisFlag::min",4096,1,8.97188e+06
IDXMAX,int64_t,"AnalysisFlag::min",4096,1,8.99634e+06
IDXMAX,int64_t,"AnalysisFlag::min",4096,1,9.03391e+06
IDXMAX,int64_t,"AnalysisFlag::min",4096,1,8.9846e+06
IDXMAX,int64_t,"AnalysisFlag::min",4096,1,8.9903e+06
IDXMAX,int64_t,"AnalysisFlag::min",4096,1,8.99084e+06
IDXMAX,int64_t,"AnalysisFlag::min",4096,1,9.00072e+06
SUM,double,"AnalysisFlag::min, AnalysisFlag::max",1024,0.001,12807
SUM,double,"AnalysisFlag::min, AnalysisFlag::max",1024,0.001,7709
SUM,double,"AnalysisFlag::min, AnalysisFlag::max",1024,0.001,11333
SUM,double,"AnalysisFlag::min, AnalysisFlag::max",1024,0.001,10745
SUM,double,"AnalysisFlag::min, AnalysisFlag::max",1024,0.001,10940
SUM,double,"AnalysisFlag::min, AnalysisFlag::max",1024,0.001,10771
SUM,double,"AnalysisFlag::min, AnalysisFlag::max",1024,0.001,10629
SUM,double,"AnalysisFlag::min, AnalysisFlag::max",1024,0.001,10730
SUM,double,"AnalysisFlag::min, AnalysisFlag::max",1024,0.001,10867
SUM,double,"AnalysisFlag::min, AnalysisFlag::max",1024,0.001,10619
SUM,double,"AnalysisFlag::min, AnalysisFlag::max",2048,0.001,25550
SUM,double,"AnalysisFlag::min, AnalysisFlag::max",2048,0.001,24797
SUM,double,"AnalysisFlag::min, AnalysisFlag::max",2048,0.001,24284
SUM,double,"AnalysisFlag::min, AnalysisFlag::max",2048,0.001,23021
SUM,double,"AnalysisFlag::min, AnalysisFlag::max",2048,0.001,23790
SUM,double,"AnalysisFlag::min, AnalysisFlag::max",2048,0.001,23193
SUM,double,"AnalysisFlag::min, AnalysisFlag::max",2048,0.001,22744
SUM,double,"AnalysisFlag::min, AnalysisFlag::max",2048,0.001,23283
SUM,double,"AnalysisFlag::min, AnalysisFlag::max",2048,0.001,22770
SUM,double,"AnalysisFlag::min, AnalysisFlag::max",2048,0.001,22645
SUM,double,"AnalysisFlag::min, AnalysisFlag::max",4096,0.001,58734
SUM,double,"AnalysisFlag::min, AnalysisFlag::max",4096,0.001,53710
SUM,double,"AnalysisFlag::min, AnalysisFlag::max",4096,0.001,56044
SUM,double,"AnalysisFlag::min, AnalysisFlag::max",4096,0.001,55408
SUM,double,"AnalysisFlag::min, AnalysisFlag::max",4096,0.001,56969
SUM,double,"AnalysisFlag::min, AnalysisFlag::max",4096,0.001,56389
SUM,double,"AnalysisFlag::min, AnalysisFlag::max",4096,0.001,56383
SUM,double,"AnalysisFlag::min, AnalysisFlag::max",4096,0.001,56093
SUM,double,"AnalysisFlag::min, AnalysisFlag::max",4096,0.001,54404
SUM,double,"AnalysisFlag::min, AnalysisFlag::max",4096,0.001,53901
SUM,int64_t,"AnalysisFlag::min, AnalysisFlag::max",1024,0.001,10389
SUM,int64_t,"AnalysisFlag::min, AnalysisFlag::max",1024,0.001,6171
SUM,int64_t,"AnalysisFlag::min, AnalysisFlag::max",1024,0.001,8986
SUM,int64_t,"AnalysisFlag::min, AnalysisFlag::max",1024,0.001,8888
SUM,int64_t,"AnalysisFlag::min, AnalysisFlag::max",1024,0.001,8594
SUM,int64_t,"AnalysisFlag::min, AnalysisFlag::max",1024,0.001,8524
SUM,int64_t,"AnalysisFlag::min, AnalysisFlag::max",1024,0.001,8991
SUM,int64_t,"AnalysisFlag::min, AnalysisFlag::max",1024,0.001,8523
SUM,int64_t,"AnalysisFlag::min, AnalysisFlag::max",1024,0.001,9007
SUM,int64_t,"AnalysisFlag::min, AnalysisFlag::max",1024,0.001,9111
SUM,int64_t,"AnalysisFlag::min, AnalysisFlag::max",2048,0.001,20985
SUM,int64_t,"AnalysisFlag::min, AnalysisFlag::max",2048,0.001,14194
SUM,int64_t,"AnalysisFlag::min, AnalysisFlag::max",2048,0.001,20040
SUM,int64_t,"AnalysisFlag::min, AnalysisFlag::max",2048,0.001,21479
SUM,int64_t,"AnalysisFlag::min, AnalysisFlag::max",2048,0.001,19628
SUM,int64_t,"AnalysisFlag::min, AnalysisFlag::max",2048,0.001,19721
SUM,int64_t,"AnalysisFlag::min, AnalysisFlag::max",2048,0.001,20441
SUM,int64_t,"AnalysisFlag::min, AnalysisFlag::max",2048,0.001,20634
SUM,int64_t,"AnalysisFlag::min, AnalysisFlag::max",2048,0.001,19503
SUM,int64_t,"AnalysisFlag::min, AnalysisFlag::max",2048,0.001,20789
SUM,int64_t,"AnalysisFlag::min, AnalysisFlag::max",4096,0.001,53411
SUM,int64_t,"AnalysisFlag::min, AnalysisFlag::max",4096,0.001,50176
SUM,int64_t,"AnalysisFlag::min, AnalysisFlag::max",4096,0.001,52779
SUM,int64_t,"AnalysisFlag::min, AnalysisFlag::max",4096,0.001,51515
SUM,int64_t,"AnalysisFlag::min, AnalysisFlag::max",4096,0.001,52030
SUM,int64_t,"AnalysisFlag::min, AnalysisFlag::max",4096,0.001,50879
SUM,int64_t,"AnalysisFlag::min, AnalysisFlag::max",4096,0.001,52050
SUM,int64_t,"AnalysisFlag::min, AnalysisFlag::max",4096,0.001,52616
SUM,int64_t,"AnalysisFlag::min, AnalysisFlag::max",4096,0.001,52426
SUM,int64_t,"AnalysisFlag::min, AnalysisFlag::max",4096,0.001,51135
SUM,double,"AnalysisFlag::min, AnalysisFlag::max",1024,0.01,17116
SUM,double,"AnalysisFlag::min, AnalysisFlag::max",1024,0.01,16173
SUM,double,"AnalysisFlag::min, AnalysisFlag::max",1024,0.01,16181
SUM,double,"AnalysisFlag::min, AnalysisFlag::max",1024,0.01,16401
SUM,double,"AnalysisFlag::min, AnalysisFlag::max",1024,0.01,16777
SUM,double,"AnalysisFlag::min, AnalysisFlag::max",1024,0.01,17688
SUM,double,"AnalysisFlag::min, AnalysisFlag::max",1024,0.01,17008
SUM,double,"AnalysisFlag::min, AnalysisFlag::max",1024,0.01,16407
SUM,double,"AnalysisFlag::min, AnalysisFlag::max",1024,0.01,16327
SUM,double,"AnalysisFlag::min, AnalysisFlag::max",1024,0.01,16792
SUM,double,"AnalysisFlag::min, AnalysisFlag::max",2048,0.01,37383
SUM,double,"AnalysisFlag::min, AnalysisFlag::max",2048,0.01,36216
SUM,double,"AnalysisFlag::min, AnalysisFlag::max",2048,0.01,37111
SUM,double,"AnalysisFlag::min, AnalysisFlag::max",2048,0.01,36281
SUM,double,"AnalysisFlag::min, AnalysisFlag::max",2048,0.01,36995
SUM,double,"AnalysisFlag::min, AnalysisFlag::max",2048,0.01,36104
SUM,double,"AnalysisFlag::min, AnalysisFlag::max",2048,0.01,37013
SUM,double,"AnalysisFlag::min, AnalysisFlag::max",2048,0.01,36709
SUM,double,"AnalysisFlag::min, AnalysisFlag::max",2048,0.01,36680
SUM,double,"AnalysisFlag::min, AnalysisFlag::max",2048,0.01,36340
SUM,double,"AnalysisFlag::min, AnalysisFlag::max",4096,0.01,90830
SUM,double,"AnalysisFlag::min, AnalysisFlag::max",4096,0.01,88281
SUM,double,"AnalysisFlag::min, AnalysisFlag::max",4096,0.01,91829
SUM,double,"AnalysisFlag::min, AnalysisFlag::max",4096,0.01,87235
SUM,double,"AnalysisFlag::min, AnalysisFlag::max",4096,0.01,89120
SUM,double,"AnalysisFlag::min, AnalysisFlag::max",4096,0.01,88020
SUM,double,"AnalysisFlag::min, AnalysisFlag::max",4096,0.01,87217
SUM,double,"AnalysisFlag::min, AnalysisFlag::max",4096,0.01,87288
SUM,double,"AnalysisFlag::min, AnalysisFlag::max",4096,0.01,90072
SUM,double,"AnalysisFlag::min, AnalysisFlag::max",4096,0.01,88440
SUM,int64_t,"AnalysisFlag::min, AnalysisFlag::max",1024,0.01,15673
SUM,int64_t,"AnalysisFlag::min, AnalysisFlag::max",1024,0.01,16063
SUM,int64_t,"AnalysisFlag::min, AnalysisFlag::max",1024,0.01,15838
SUM,int64_t,"AnalysisFlag::min, AnalysisFlag::max",1024,0.01,15896
SUM,int64_t,"AnalysisFlag::min, AnalysisFlag::max",1024,0.01,15209
SUM,int64_t,"AnalysisFlag::min, AnalysisFlag::max",1024,0.01,15844
SUM,int64_t,"AnalysisFlag::min, AnalysisFlag::max",1024,0.01,15844
SUM,int64_t,"AnalysisFlag::min, AnalysisFlag::max",1024,0.01,15151
SUM,int64_t,"AnalysisFlag::min, AnalysisFlag::max",1024,0.01,15531
SUM,int64_t,"AnalysisFlag::min, AnalysisFlag::max",1024,0.01,15713
SUM,int64_t,"AnalysisFlag::min, AnalysisFlag::max",2048,0.01,35783
SUM,int64_t,"AnalysisFlag::min, AnalysisFlag::max",2048,0.01,35111
SUM,int64_t,"AnalysisFlag::min, AnalysisFlag::max",2048,0.01,36869
SUM,int64_t,"AnalysisFlag::min, AnalysisFlag::max",2048,0.01,36296
SUM,int64_t,"AnalysisFlag::min, AnalysisFlag::max",2048,0.01,35984
SUM,int64_t,"AnalysisFlag::min, AnalysisFlag::max",2048,0.01,36025
SUM,int64_t,"AnalysisFlag::min, AnalysisFlag::max",2048,0.01,35650
SUM,int64_t,"AnalysisFlag::min, AnalysisFlag::max",2048,0.01,35659
SUM,int64_t,"AnalysisFlag::min, AnalysisFlag::max",2048,0.01,36044
SUM,int64_t,"AnalysisFlag::min, AnalysisFlag::max",2048,0.01,35712
SUM,int64_t,"AnalysisFlag::min, AnalysisFlag::max",4096,0.01,84669
SUM,int64_t,"AnalysisFlag::min, AnalysisFlag::max",4096,0.01,87215
SUM,int64_t,"AnalysisFlag::min, AnalysisFlag::max",4096,0.01,84550
SUM,int64_t,"AnalysisFlag::min, AnalysisFlag::max",4096,0.01,85020
SUM,int64_t,"AnalysisFlag::min, AnalysisFlag::max",4096,0.01,85361
SUM,int64_t,"AnalysisFlag::min, AnalysisFlag::max",4096,0.01,84563
SUM,int64_t,"AnalysisFlag::min, AnalysisFlag::max",4096,0.01,87187
SUM,int64_t,"AnalysisFlag::min, AnalysisFlag::max",4096,0.01,84073
SUM,int64_t,"AnalysisFlag::min, AnalysisFlag::max",4096,0.01,84393
SUM,int64_t,"AnalysisFlag::min, AnalysisFlag::max",4096,0.01,86165
SUM,double,"AnalysisFlag::min, AnalysisFlag::max",1024,0.05,25480
SUM,double,"AnalysisFlag::min, AnalysisFlag::max",1024,0.05,25441
SUM,double,"AnalysisFlag::min, AnalysisFlag::max",1024,0.05,25016
SUM,double,"AnalysisFlag::min, AnalysisFlag::max",1024,0.05,25493
SUM,double,"AnalysisFlag::min, AnalysisFlag::max",1024,0.05,24982
SUM,double,"AnalysisFlag::min, AnalysisFlag::max",1024,0.05,25929
SUM,double,"AnalysisFlag::min, AnalysisFlag::max",1024,0.05,24302
SUM,double,"AnalysisFlag::min, AnalysisFlag::max",1024,0.05,25648
SUM,double,"AnalysisFlag::min, AnalysisFlag::max",1024,0.05,24901
SUM,double,"AnalysisFlag::min, AnalysisFlag::max",1024,0.05,24305
SUM,double,"AnalysisFlag::min, AnalysisFlag::max",2048,0.05,62829
SUM,double,"AnalysisFlag::min, AnalysisFlag::max",2048,0.05,61150
SUM,double,"AnalysisFlag::min, AnalysisFlag::max",2048,0.05,62272
SUM,double,"AnalysisFlag::min, AnalysisFlag::max",2048,0.05,61586
SUM,double,"AnalysisFlag::min, AnalysisFlag::max",2048,0.05,61774
SUM,double,"AnalysisFlag::min, AnalysisFlag::max",2048,0.05,61453
SUM,double,"AnalysisFlag::min, AnalysisFlag::max",2048,0.05,61517
SUM,double,"AnalysisFlag::min, AnalysisFlag::max",2048,0.05,61037
SUM,double,"AnalysisFlag::min, AnalysisFlag::max",2048,0.05,60755
SUM,double,"AnalysisFlag::min, AnalysisFlag::max",2048,0.05,61351
SUM,double,"AnalysisFlag::min, AnalysisFlag::max",4096,0.05,328623
SUM,double,"AnalysisFlag::min, AnalysisFlag::max",4096,0.05,217713
SUM,double,"AnalysisFlag::min, AnalysisFlag::max",4096,0.05,185946
SUM,double,"AnalysisFlag::min, AnalysisFlag::max",4096,0.05,193289
SUM,double,"AnalysisFlag::min, AnalysisFlag::max",4096,0.05,191844
SUM,double,"AnalysisFlag::min, AnalysisFlag::max",4096,0.05,191352
SUM,double,"AnalysisFlag::min, AnalysisFlag::max",4096,0.05,192019
SUM,double,"AnalysisFlag::min, AnalysisFlag::max",4096,0.05,187412
SUM,double,"AnalysisFlag::min, AnalysisFlag::max",4096,0.05,191485
SUM,double,"AnalysisFlag::min, AnalysisFlag::max",4096,0.05,196945
SUM,int64_t,"AnalysisFlag::min, AnalysisFlag::max",1024,0.05,25698
SUM,int64_t,"AnalysisFlag::min, AnalysisFlag::max",1024,0.05,24264
SUM,int64_t,"AnalysisFlag::min, AnalysisFlag::max",1024,0.05,25079
SUM,int64_t,"AnalysisFlag::min, AnalysisFlag::max",1024,0.05,24801
SUM,int64_t,"AnalysisFlag::min, AnalysisFlag::max",1024,0.05,24112
SUM,int64_t,"AnalysisFlag::min, AnalysisFlag::max",1024,0.05,24470
SUM,int64_t,"AnalysisFlag::min, AnalysisFlag::max",1024,0.05,23168
SUM,int64_t,"AnalysisFlag::min, AnalysisFlag::max",1024,0.05,23993
SUM,int64_t,"AnalysisFlag::min, AnalysisFlag::max",1024,0.05,24274
SUM,int64_t,"AnalysisFlag::min, AnalysisFlag::max",1024,0.05,23980
SUM,int64_t,"AnalysisFlag::min, AnalysisFlag::max",2048,0.05,61469
SUM,int64_t,"AnalysisFlag::min, AnalysisFlag::max",2048,0.05,61774
SUM,int64_t,"AnalysisFlag::min, AnalysisFlag::max",2048,0.05,59426
SUM,int64_t,"AnalysisFlag::min, AnalysisFlag::max",2048,0.05,61410
SUM,int64_t,"AnalysisFlag::min, AnalysisFlag::max",2048,0.05,62237
SUM,int64_t,"AnalysisFlag::min, AnalysisFlag::max",2048,0.05,60784
SUM,int64_t,"AnalysisFlag::min, AnalysisFlag::max",2048,0.05,62588
SUM,int64_t,"AnalysisFlag::min, AnalysisFlag::max",2048,0.05,63198
SUM,int64_t,"AnalysisFlag::min, AnalysisFlag::max",2048,0.05,61403
SUM,int64_t,"AnalysisFlag::min, AnalysisFlag::max",2048,0.05,60250
SUM,int64_t,"AnalysisFlag::min, AnalysisFlag::max",4096,0.05,225054
SUM,int64_t,"AnalysisFlag::min, AnalysisFlag::max",4096,0.05,198766
SUM,int64_t,"AnalysisFlag::min, AnalysisFlag::max",4096,0.05,189617
SUM,int64_t,"AnalysisFlag::min, AnalysisFlag::max",4096,0.05,197995
SUM,int64_t,"AnalysisFlag::min, AnalysisFlag::max",4096,0.05,191725
SUM,int64_t,"AnalysisFlag::min, AnalysisFlag::max",4096,0.05,191422
SUM,int64_t,"AnalysisFlag::min, AnalysisFlag::max",4096,0.05,198167
SUM,int64_t,"AnalysisFlag::min, AnalysisFlag::max",4096,0.05,200981
SUM,int64_t,"AnalysisFlag::min, AnalysisFlag::max",4096,0.05,192100
SUM,int64_t,"AnalysisFlag::min, AnalysisFlag::max",4096,0.05,194821
SUM,double,"AnalysisFlag::min, AnalysisFlag::max",1024,0.1,32557
SUM,double,"AnalysisFlag::min, AnalysisFlag::max",1024,0.1,32132
SUM,double,"AnalysisFlag::min, AnalysisFlag::max",1024,0.1,31537
SUM,double,"AnalysisFlag::min, AnalysisFlag::max",1024,0.1,32222
SUM,double,"AnalysisFlag::min, AnalysisFlag::max",1024,0.1,32287
SUM,double,"AnalysisFlag::min, AnalysisFlag::max",1024,0.1,31341
SUM,double,"AnalysisFlag::min, AnalysisFlag::max",1024,0.1,31489
SUM,double,"AnalysisFlag::min, AnalysisFlag::max",1024,0.1,31286
SUM,double,"AnalysisFlag::min, AnalysisFlag::max",1024,0.1,31488
SUM,double,"AnalysisFlag::min, AnalysisFlag::max",1024,0.1,30686
SUM,double,"AnalysisFlag::min, AnalysisFlag::max",2048,0.1,96309
SUM,double,"AnalysisFlag::min, AnalysisFlag::max",2048,0.1,96199
SUM,double,"AnalysisFlag::min, AnalysisFlag::max",2048,0.1,92852
SUM,double,"AnalysisFlag::min, AnalysisFlag::max",2048,0.1,93575
SUM,double,"AnalysisFlag::min, AnalysisFlag::max",2048,0.1,93581
SUM,double,"AnalysisFlag::min, AnalysisFlag::max",2048,0.1,93529
SUM,double,"AnalysisFlag::min, AnalysisFlag::max",2048,0.1,93540
SUM,double,"AnalysisFlag::min, AnalysisFlag::max",2048,0.1,96781
SUM,double,"AnalysisFlag::min, AnalysisFlag::max",2048,0.1,93917
SUM,double,"AnalysisFlag::min, AnalysisFlag::max",2048,0.1,93214
SUM,double,"AnalysisFlag::min, AnalysisFlag::max",4096,0.1,586613
SUM,double,"AnalysisFlag::min, AnalysisFlag::max",4096,0.1,599822
SUM,double,"AnalysisFlag::min, AnalysisFlag::max",4096,0.1,570203
SUM,double,"AnalysisFlag::min, AnalysisFlag::max",4096,0.1,557708
SUM,double,"AnalysisFlag::min, AnalysisFlag::max",4096,0.1,571332
SUM,double,"AnalysisFlag::min, AnalysisFlag::max",4096,0.1,573571
SUM,double,"AnalysisFlag::min, AnalysisFlag::max",4096,0.1,570691
SUM,double,"AnalysisFlag::min, AnalysisFlag::max",4096,0.1,563627
SUM,double,"AnalysisFlag::min, AnalysisFlag::max",4096,0.1,543548
SUM,double,"AnalysisFlag::min, AnalysisFlag::max",4096,0.1,564217
SUM,int64_t,"AnalysisFlag::min, AnalysisFlag::max",1024,0.1,33327
SUM,int64_t,"AnalysisFlag::min, AnalysisFlag::max",1024,0.1,32257
SUM,int64_t,"AnalysisFlag::min, AnalysisFlag::max",1024,0.1,31854
SUM,int64_t,"AnalysisFlag::min, AnalysisFlag::max",1024,0.1,31637
SUM,int64_t,"AnalysisFlag::min, AnalysisFlag::max",1024,0.1,31518
SUM,int64_t,"AnalysisFlag::min, AnalysisFlag::max",1024,0.1,32408
SUM,int64_t,"AnalysisFlag::min, AnalysisFlag::max",1024,0.1,33614
SUM,int64_t,"AnalysisFlag::min, AnalysisFlag::max",1024,0.1,32234
SUM,int64_t,"AnalysisFlag::min, AnalysisFlag::max",1024,0.1,31858
SUM,int64_t,"AnalysisFlag::min, AnalysisFlag::max",1024,0.1,31965
SUM,int64_t,"AnalysisFlag::min, AnalysisFlag::max",2048,0.1,118395
SUM,int64_t,"AnalysisFlag::min, AnalysisFlag::max",2048,0.1,93393
SUM,int64_t,"AnalysisFlag::min, AnalysisFlag::max",2048,0.1,94926
SUM,int64_t,"AnalysisFlag::min, AnalysisFlag::max",2048,0.1,99942
SUM,int64_t,"AnalysisFlag::min, AnalysisFlag::max",2048,0.1,93738
SUM,int64_t,"AnalysisFlag::min, AnalysisFlag::max",2048,0.1,94930
SUM,int64_t,"AnalysisFlag::min, AnalysisFlag::max",2048,0.1,97251
SUM,int64_t,"AnalysisFlag::min, AnalysisFlag::max",2048,0.1,96438
SUM,int64_t,"AnalysisFlag::min, AnalysisFlag::max",2048,0.1,96621
SUM,int64_t,"AnalysisFlag::min, AnalysisFlag::max",2048,0.1,93764
SUM,int64_t,"AnalysisFlag::min, AnalysisFlag::max",4096,0.1,574281
SUM,int64_t,"AnalysisFlag::min, AnalysisFlag::max",4096,0.1,593271
SUM,int64_t,"AnalysisFlag::min, AnalysisFlag::max",4096,0.1,585043
SUM,int64_t,"AnalysisFlag::min, AnalysisFlag::max",4096,0.1,559071
SUM,int64_t,"AnalysisFlag::min, AnalysisFlag::max",4096,0.1,571111
SUM,int64_t,"AnalysisFlag::min, AnalysisFlag::max",4096,0.1,582262
SUM,int64_t,"AnalysisFlag::min, AnalysisFlag::max",4096,0.1,566745
SUM,int64_t,"AnalysisFlag::min, AnalysisFlag::max",4096,0.1,561247
SUM,int64_t,"AnalysisFlag::min, AnalysisFlag::max",4096,0.1,547903
SUM,int64_t,"AnalysisFlag::min, AnalysisFlag::max",4096,0.1,568649
SUM,double,"AnalysisFlag::min, AnalysisFlag::max",1024,0.2,60882
SUM,double,"AnalysisFlag::min, AnalysisFlag::max",1024,0.2,49653
SUM,double,"AnalysisFlag::min, AnalysisFlag::max",1024,0.2,48722
SUM,double,"AnalysisFlag::min, AnalysisFlag::max",1024,0.2,50731
SUM,double,"AnalysisFlag::min, AnalysisFlag::max",1024,0.2,49167
SUM,double,"AnalysisFlag::min, AnalysisFlag::max",1024,0.2,49104
SUM,double,"AnalysisFlag::min, AnalysisFlag::max",1024,0.2,49479
SUM,double,"AnalysisFlag::min, AnalysisFlag::max",1024,0.2,48905
SUM,double,"AnalysisFlag::min, AnalysisFlag::max",1024,0.2,48748
SUM,double,"AnalysisFlag::min, AnalysisFlag::max",1024,0.2,48786
SUM,double,"AnalysisFlag::min, AnalysisFlag::max",2048,0.2,241277
SUM,double,"AnalysisFlag::min, AnalysisFlag::max",2048,0.2,186776
SUM,double,"AnalysisFlag::min, AnalysisFlag::max",2048,0.2,184769
SUM,double,"AnalysisFlag::min, AnalysisFlag::max",2048,0.2,183373
SUM,double,"AnalysisFlag::min, AnalysisFlag::max",2048,0.2,183131
SUM,double,"AnalysisFlag::min, AnalysisFlag::max",2048,0.2,181607
SUM,double,"AnalysisFlag::min, AnalysisFlag::max",2048,0.2,181047
SUM,double,"AnalysisFlag::min, AnalysisFlag::max",2048,0.2,190162
SUM,double,"AnalysisFlag::min, AnalysisFlag::max",2048,0.2,187075
SUM,double,"AnalysisFlag::min, AnalysisFlag::max",2048,0.2,183102
SUM,double,"AnalysisFlag::min, AnalysisFlag::max",4096,0.2,1.38472e+06
SUM,double,"AnalysisFlag::min, AnalysisFlag::max",4096,0.2,1.40497e+06
SUM,double,"AnalysisFlag::min, AnalysisFlag::max",4096,0.2,1.34545e+06
SUM,double,"AnalysisFlag::min, AnalysisFlag::max",4096,0.2,1.37846e+06
SUM,double,"AnalysisFlag::min, AnalysisFlag::max",4096,0.2,1.36704e+06
SUM,double,"AnalysisFlag::min, AnalysisFlag::max",4096,0.2,1.37491e+06
SUM,double,"AnalysisFlag::min, AnalysisFlag::max",4096,0.2,1.36056e+06
SUM,double,"AnalysisFlag::min, AnalysisFlag::max",4096,0.2,1.37826e+06
SUM,double,"AnalysisFlag::min, AnalysisFlag::max",4096,0.2,1.3567e+06
SUM,double,"AnalysisFlag::min, AnalysisFlag::max",4096,0.2,1.39177e+06
SUM,int64_t,"AnalysisFlag::min, AnalysisFlag::max",1024,0.2,65337
SUM,int64_t,"AnalysisFlag::min, AnalysisFlag::max",1024,0.2,51175
SUM,int64_t,"AnalysisFlag::min, AnalysisFlag::max",1024,0.2,48916
SUM,int64_t,"AnalysisFlag::min, AnalysisFlag::max",1024,0.2,49413
SUM,int64_t,"AnalysisFlag::min, AnalysisFlag::max",1024,0.2,48943
SUM,int64_t,"AnalysisFlag::min, AnalysisFlag::max",1024,0.2,49423
SUM,int64_t,"AnalysisFlag::min, AnalysisFlag::max",1024,0.2,49023
SUM,int64_t,"AnalysisFlag::min, AnalysisFlag::max",1024,0.2,48406
SUM,int64_t,"AnalysisFlag::min, AnalysisFlag::max",1024,0.2,49364
SUM,int64_t,"AnalysisFlag::min, AnalysisFlag::max",1024,0.2,49230
SUM,int64_t,"AnalysisFlag::min, AnalysisFlag::max",2048,0.2,324751
SUM,int64_t,"AnalysisFlag::min, AnalysisFlag::max",2048,0.2,203680
SUM,int64_t,"AnalysisFlag::min, AnalysisFlag::max",2048,0.2,179493
SUM,int64_t,"AnalysisFlag::min, AnalysisFlag::max",2048,0.2,178321
SUM,int64_t,"AnalysisFlag::min, AnalysisFlag::max",2048,0.2,185626
SUM,int64_t,"AnalysisFlag::min, AnalysisFlag::max",2048,0.2,177414
SUM,int64_t,"AnalysisFlag::min, AnalysisFlag::max",2048,0.2,185353
SUM,int64_t,"AnalysisFlag::min, AnalysisFlag::max",2048,0.2,179932
SUM,int64_t,"AnalysisFlag::min, AnalysisFlag::max",2048,0.2,179163
SUM,int64_t,"AnalysisFlag::min, AnalysisFlag::max",2048,0.2,196139
SUM,int64_t,"AnalysisFlag::min, AnalysisFlag::max",4096,0.2,1.35818e+06
SUM,int64_t,"AnalysisFlag::min, AnalysisFlag::max",4096,0.2,1.43895e+06
SUM,int64_t,"AnalysisFlag::min, AnalysisFlag::max",4096,0.2,1.37623e+06
SUM,int64_t,"AnalysisFlag::min, AnalysisFlag::max",4096,0.2,1.39117e+06
SUM,int64_t,"AnalysisFlag::min, AnalysisFlag::max",4096,0.2,1.35717e+06
SUM,int64_t,"AnalysisFlag::min, AnalysisFlag::max",4096,0.2,1.486e+06
SUM,int64_t,"AnalysisFlag::min, AnalysisFlag::max",4096,0.2,1.36295e+06
SUM,int64_t,"AnalysisFlag::min, AnalysisFlag::max",4096,0.2,1.38096e+06
SUM,int64_t,"AnalysisFlag::min, AnalysisFlag::max",4096,0.2,1.37253e+06
SUM,int64_t,"AnalysisFlag::min, AnalysisFlag::max",4096,0.2,1.367e+06
SUM,double,"AnalysisFlag::min, AnalysisFlag::max",1024,0.25,1.29075e+06
SUM,double,"AnalysisFlag::min, AnalysisFlag::max",1024,0.25,1.28852e+06
SUM,double,"AnalysisFlag::min, AnalysisFlag::max",1024,0.25,1.28874e+06
SUM,double,"AnalysisFlag::min, AnalysisFlag::max",1024,0.25,1.28835e+06
SUM,double,"AnalysisFlag::min, AnalysisFlag::max",1024,0.25,1.28634e+06
SUM,double,"AnalysisFlag::min, AnalysisFlag::max",1024,0.25,1.28666e+06
SUM,double,"AnalysisFlag::min, AnalysisFlag::max",1024,0.25,1.28651e+06
SUM,double,"AnalysisFlag::min, AnalysisFlag::max",1024,0.25,1.28597e+06
SUM,double,"AnalysisFlag::min, AnalysisFlag::max",1024,0.25,1.28658e+06
SUM,double,"AnalysisFlag::min, AnalysisFlag::max",1024,0.25,1.28656e+06
SUM,double,"AnalysisFlag::min, AnalysisFlag::max",2048,0.25,5.17758e+06
SUM,double,"AnalysisFlag::min, AnalysisFlag::max",2048,0.25,5.17445e+06
SUM,double,"AnalysisFlag::min, AnalysisFlag::max",2048,0.25,5.17309e+06
SUM,double,"AnalysisFlag::min, AnalysisFlag::max",2048,0.25,5.17804e+06
SUM,double,"AnalysisFlag::min, AnalysisFlag::max",2048,0.25,5.18112e+06
SUM,double,"AnalysisFlag::min, AnalysisFlag::max",2048,0.25,5.18048e+06
SUM,double,"AnalysisFlag::min, AnalysisFlag::max",2048,0.25,5.18341e+06
SUM,double,"AnalysisFlag::min, AnalysisFlag::max",2048,0.25,5.17997e+06
SUM,double,"AnalysisFlag::min, AnalysisFlag::max",2048,0.25,5.17704e+06
SUM,double,"AnalysisFlag::min, AnalysisFlag::max",2048,0.25,5.17778e+06
SUM,double,"AnalysisFlag::min, AnalysisFlag::max",4096,0.25,2.06928e+07
SUM,double,"AnalysisFlag::min, AnalysisFlag::max",4096,0.25,2.06863e+07
SUM,double,"AnalysisFlag::min, AnalysisFlag::max",4096,0.25,2.06841e+07
SUM,double,"AnalysisFlag::min, AnalysisFlag::max",4096,0.25,2.07014e+07
SUM,double,"AnalysisFlag::min, AnalysisFlag::max",4096,0.25,2.06918e+07
SUM,double,"AnalysisFlag::min, AnalysisFlag::max",4096,0.25,2.06943e+07
SUM,double,"AnalysisFlag::min, AnalysisFlag::max",4096,0.25,2.06861e+07
SUM,double,"AnalysisFlag::min, AnalysisFlag::max",4096,0.25,2.06913e+07
SUM,double,"AnalysisFlag::min, AnalysisFlag::max",4096,0.25,2.06882e+07
SUM,double,"AnalysisFlag::min, AnalysisFlag::max",4096,0.25,2.06885e+07
SUM,int64_t,"AnalysisFlag::min, AnalysisFlag::max",1024,0.25,1.18575e+06
SUM,int64_t,"AnalysisFlag::min, AnalysisFlag::max",1024,0.25,1.17712e+06
SUM,int64_t,"AnalysisFlag::min, AnalysisFlag::max",1024,0.25,1.17708e+06
SUM,int64_t,"AnalysisFlag::min, AnalysisFlag::max",1024,0.25,1.17533e+06
SUM,int64_t,"AnalysisFlag::min, AnalysisFlag::max",1024,0.25,1.17514e+06
SUM,int64_t,"AnalysisFlag::min, AnalysisFlag::max",1024,0.25,1.17533e+06
SUM,int64_t,"AnalysisFlag::min, AnalysisFlag::max",1024,0.25,1.17518e+06
SUM,int64_t,"AnalysisFlag::min, AnalysisFlag::max",1024,0.25,1.17511e+06
SUM,int64_t,"AnalysisFlag::min, AnalysisFlag::max",1024,0.25,1.17542e+06
SUM,int64_t,"AnalysisFlag::min, AnalysisFlag::max",1024,0.25,1.17548e+06
SUM,int64_t,"AnalysisFlag::min, AnalysisFlag::max",2048,0.25,4.43925e+06
SUM,int64_t,"AnalysisFlag::min, AnalysisFlag::max",2048,0.25,4.43485e+06
SUM,int64_t,"AnalysisFlag::min, AnalysisFlag::max",2048,0.25,4.432e+06
SUM,int64_t,"AnalysisFlag::min, AnalysisFlag::max",2048,0.25,4.43385e+06
SUM,int64_t,"AnalysisFlag::min, AnalysisFlag::max",2048,0.25,4.43766e+06
SUM,int64_t,"AnalysisFlag::min, AnalysisFlag::max",2048,0.25,4.4311e+06
SUM,int64_t,"AnalysisFlag::min, AnalysisFlag::max",2048,0.25,4.44034e+06
SUM,int64_t,"AnalysisFlag::min, AnalysisFlag::max",2048,0.25,4.43159e+06
SUM,int64_t,"AnalysisFlag::min, AnalysisFlag::max",2048,0.25,4.43347e+06
SUM,int64_t,"AnalysisFlag::min, AnalysisFlag::max",2048,0.25,4.43512e+06
SUM,int64_t,"AnalysisFlag::min, AnalysisFlag::max",4096,0.25,1.75394e+07
SUM,int64_t,"AnalysisFlag::min, AnalysisFlag::max",4096,0.25,1.7533e+07
SUM,int64_t,"AnalysisFlag::min, AnalysisFlag::max",4096,0.25,1.75392e+07
SUM,int64_t,"AnalysisFlag::min, AnalysisFlag::max",4096,0.25,1.75304e+07
SUM,int64_t,"AnalysisFlag::min, AnalysisFlag::max",4096,0.25,1.75479e+07
SUM,int64_t,"AnalysisFlag::min, AnalysisFlag::max",4096,0.25,1.75343e+07
SUM,int64_t,"AnalysisFlag::min, AnalysisFlag::max",4096,0.25,1.75431e+07
SUM,int64_t,"AnalysisFlag::min, AnalysisFlag::max",4096,0.25,1.75237e+07
SUM,int64_t,"AnalysisFlag::min, AnalysisFlag::max",4096,0.25,1.75254e+07
SUM,int64_t,"AnalysisFlag::min, AnalysisFlag::max",4096,0.25,1.75403e+07
SUM,double,"AnalysisFlag::min, AnalysisFlag::max",1024,1,1.34351e+06
SUM,double,"AnalysisFlag::min, AnalysisFlag::max",1024,1,1.49013e+06
SUM,double,"AnalysisFlag::min, AnalysisFlag::max",1024,1,1.28624e+06
SUM,double,"AnalysisFlag::min, AnalysisFlag::max",1024,1,1.28546e+06
SUM,double,"AnalysisFlag::min, AnalysisFlag::max",1024,1,1.28539e+06
SUM,double,"AnalysisFlag::min, AnalysisFlag::max",1024,1,1.28762e+06
SUM,double,"AnalysisFlag::min, AnalysisFlag::max",1024,1,1.28538e+06
SUM,double,"AnalysisFlag::min, AnalysisFlag::max",1024,1,1.2855e+06
SUM,double,"AnalysisFlag::min, AnalysisFlag::max",1024,1,1.28547e+06
SUM,double,"AnalysisFlag::min, AnalysisFlag::max",1024,1,1.28555e+06
SUM,double,"AnalysisFlag::min, AnalysisFlag::max",2048,1,5.1685e+06
SUM,double,"AnalysisFlag::min, AnalysisFlag::max",2048,1,5.16647e+06
SUM,double,"AnalysisFlag::min, AnalysisFlag::max",2048,1,5.16473e+06
SUM,double,"AnalysisFlag::min, AnalysisFlag::max",2048,1,5.15983e+06
SUM,double,"AnalysisFlag::min, AnalysisFlag::max",2048,1,5.16001e+06
SUM,double,"AnalysisFlag::min, AnalysisFlag::max",2048,1,5.16178e+06
SUM,double,"AnalysisFlag::min, AnalysisFlag::max",2048,1,5.16137e+06
SUM,double,"AnalysisFlag::min, AnalysisFlag::max",2048,1,5.17881e+06
SUM,double,"AnalysisFlag::min, AnalysisFlag::max",2048,1,5.17877e+06
SUM,double,"AnalysisFlag::min, AnalysisFlag::max",2048,1,5.18065e+06
SUM,double,"AnalysisFlag::min, AnalysisFlag::max",4096,1,2.06914e+07
SUM,double,"AnalysisFlag::min, AnalysisFlag::max",4096,1,2.06902e+07
SUM,double,"AnalysisFlag::min, AnalysisFlag::max",4096,1,2.06868e+07
SUM,double,"AnalysisFlag::min, AnalysisFlag::max",4096,1,2.06975e+07
SUM,double,"AnalysisFlag::min, AnalysisFlag::max",4096,1,2.06864e+07
SUM,double,"AnalysisFlag::min, AnalysisFlag::max",4096,1,2.07015e+07
SUM,double,"AnalysisFlag::min, AnalysisFlag::max",4096,1,2.06928e+07
SUM,double,"AnalysisFlag::min, AnalysisFlag::max",4096,1,2.06912e+07
SUM,double,"AnalysisFlag::min, AnalysisFlag::max",4096,1,2.06837e+07
SUM,double,"AnalysisFlag::min, AnalysisFlag::max",4096,1,2.06925e+07
SUM,int64_t,"AnalysisFlag::min, AnalysisFlag::max",1024,1,1.22469e+06
SUM,int64_t,"AnalysisFlag::min, AnalysisFlag::max",1024,1,1.17689e+06
SUM,int64_t,"AnalysisFlag::min, AnalysisFlag::max",1024,1,1.17659e+06
SUM,int64_t,"AnalysisFlag::min, AnalysisFlag::max",1024,1,1.17703e+06
SUM,int64_t,"AnalysisFlag::min, AnalysisFlag::max",1024,1,1.1766e+06
SUM,int64_t,"AnalysisFlag::min, AnalysisFlag::max",1024,1,1.17642e+06
SUM,int64_t,"AnalysisFlag::min, AnalysisFlag::max",1024,1,1.1766e+06
SUM,int64_t,"AnalysisFlag::min, AnalysisFlag::max",1024,1,1.1765e+06
SUM,int64_t,"AnalysisFlag::min, AnalysisFlag::max",1024,1,1.17662e+06
SUM,int64_t,"AnalysisFlag::min, AnalysisFlag::max",1024,1,1.17645e+06
SUM,int64_t,"AnalysisFlag::min, AnalysisFlag::max",2048,1,4.45783e+06
SUM,int64_t,"AnalysisFlag::min, AnalysisFlag::max",2048,1,4.44386e+06
SUM,int64_t,"AnalysisFlag::min, AnalysisFlag::max",2048,1,4.43292e+06
SUM,int64_t,"AnalysisFlag::min, AnalysisFlag::max",2048,1,4.43368e+06
SUM,int64_t,"AnalysisFlag::min, AnalysisFlag::max",2048,1,4.43408e+06
SUM,int64_t,"AnalysisFlag::min, AnalysisFlag::max",2048,1,4.4342e+06
SUM,int64_t,"AnalysisFlag::min, AnalysisFlag::max",2048,1,4.43187e+06
SUM,int64_t,"AnalysisFlag::min, AnalysisFlag::max",2048,1,4.43775e+06
SUM,int64_t,"AnalysisFlag::min, AnalysisFlag::max",2048,1,4.4396e+06
SUM,int64_t,"AnalysisFlag::min, AnalysisFlag::max",2048,1,4.43897e+06
SUM,int64_t,"AnalysisFlag::min, AnalysisFlag::max",4096,1,1.75315e+07
SUM,int64_t,"AnalysisFlag::min, AnalysisFlag::max",4096,1,1.75458e+07
SUM,int64_t,"AnalysisFlag::min, AnalysisFlag::max",4096,1,1.75402e+07
SUM,int64_t,"AnalysisFlag::min, AnalysisFlag::max",4096,1,1.75391e+07
SUM,int64_t,"AnalysisFlag::min, AnalysisFlag::max",4096,1,1.75397e+07
SUM,int64_t,"AnalysisFlag::min, AnalysisFlag::max",4096,1,1.75289e+07
SUM,int64_t,"AnalysisFlag::min, AnalysisFlag::max",4096,1,1.75278e+07
SUM,int64_t,"AnalysisFlag::min, AnalysisFlag::max",4096,1,1.75258e+07
SUM,int64_t,"AnalysisFlag::min, AnalysisFlag::max",4096,1,1.75339e+07
SUM,int64_t,"AnalysisFlag::min, AnalysisFlag::max",4096,1,1.75449e+07
MEAN,double,"AnalysisFlag::min, AnalysisFlag::max",1024,0.001,15491
MEAN,double,"AnalysisFlag::min, AnalysisFlag::max",1024,0.001,9785
MEAN,double,"AnalysisFlag::min, AnalysisFlag::max",1024,0.001,12605
MEAN,double,"AnalysisFlag::min, AnalysisFlag::max",1024,0.001,11260
MEAN,double,"AnalysisFlag::min, AnalysisFlag::max",1024,0.001,11219
MEAN,double,"AnalysisFlag::min, AnalysisFlag::max",1024,0.001,11319
MEAN,double,"AnalysisFlag::min, AnalysisFlag::max",1024,0.001,11684
MEAN,double,"AnalysisFlag::min, AnalysisFlag::max",1024,0.001,11325
MEAN,double,"AnalysisFlag::min, AnalysisFlag::max",1024,0.001,11587
MEAN,double,"AnalysisFlag::min, AnalysisFlag::max",1024,0.001,11500
MEAN,double,"AnalysisFlag::min, AnalysisFlag::max",2048,0.001,26683
MEAN,double,"AnalysisFlag::min, AnalysisFlag::max",2048,0.001,20693
MEAN,double,"AnalysisFlag::min, AnalysisFlag::max",2048,0.001,24789
MEAN,double,"AnalysisFlag::min, AnalysisFlag::max",2048,0.001,23327
MEAN,double,"AnalysisFlag::min, AnalysisFlag::max",2048,0.001,24112
MEAN,double,"AnalysisFlag::min, AnalysisFlag::max",2048,0.001,24359
MEAN,double,"AnalysisFlag::min, AnalysisFlag::max",2048,0.001,24273
MEAN,double,"AnalysisFlag::min, AnalysisFlag::max",2048,0.001,24889
MEAN,double,"AnalysisFlag::min, AnalysisFlag::max",2048,0.001,23307
MEAN,double,"AnalysisFlag::min, AnalysisFlag::max",2048,0.001,23421
MEAN,double,"AnalysisFlag::min, AnalysisFlag::max",4096,0.001,60191
MEAN,double,"AnalysisFlag::min, AnalysisFlag::max",4096,0.001,57578
MEAN,double,"AnalysisFlag::min, AnalysisFlag::max",4096,0.001,58413
MEAN,double,"AnalysisFlag::min, AnalysisFlag::max",4096,0.001,58581
MEAN,double,"AnalysisFlag::min, AnalysisFlag::max",4096,0.001,58485
MEAN,double,"AnalysisFlag::min, AnalysisFlag::max",4096,0.001,57451
MEAN,double,"AnalysisFlag::min, AnalysisFlag::max",4096,0.001,58013
MEAN,double,"AnalysisFlag::min, AnalysisFlag::max",4096,0.001,56764
MEAN,double,"AnalysisFlag::min, AnalysisFlag::max",4096,0.001,57964
MEAN,double,"AnalysisFlag::min, AnalysisFlag::max",4096,0.001,55875
MEAN,int64_t,"AnalysisFlag::min, AnalysisFlag::max",1024,0.001,11752
MEAN,int64_t,"AnalysisFlag::min, AnalysisFlag::max",1024,0.001,7506
MEAN,int64_t,"AnalysisFlag::min, AnalysisFlag::max",1024,0.001,9731
MEAN,int64_t,"AnalysisFlag::min, AnalysisFlag::max",1024,0.001,10189
MEAN,int64_t,"AnalysisFlag::min, AnalysisFlag::max",1024,0.001,9749
MEAN,int64_t,"AnalysisFlag::min, AnalysisFlag::max",1024,0.001,9686
MEAN,int64_t,"AnalysisFlag::min, AnalysisFlag::max",1024,0.001,9756
MEAN,int64_t,"AnalysisFlag::min, AnalysisFlag::max",1024,0.001,9330
MEAN,int64_t,"AnalysisFlag::min, AnalysisFlag::max",1024,0.001,9415
MEAN,int64_t,"AnalysisFlag::min, AnalysisFlag::max",1024,0.001,9722
MEAN,int64_t,"AnalysisFlag::min, AnalysisFlag::max",2048,0.001,21959
MEAN,int64_t,"AnalysisFlag::min, AnalysisFlag::max",2048,0.001,18400
MEAN,int64_t,"AnalysisFlag::min, AnalysisFlag::max",2048,0.001,21398
MEAN,int64_t,"AnalysisFlag::min, AnalysisFlag::max",2048,0.001,21505
MEAN,int64_t,"AnalysisFlag::min, AnalysisFlag::max",2048,0.001,21429
MEAN,int64_t,"AnalysisFlag::min, AnalysisFlag::max",2048,0.001,21163
MEAN,int64_t,"AnalysisFlag::min, AnalysisFlag::max",2048,0.001,21385
MEAN,int64_t,"AnalysisFlag::min, AnalysisFlag::max",2048,0.001,21167
MEAN,int64_t,"AnalysisFlag::min, AnalysisFlag::max",2048,0.001,21288
MEAN,int64_t,"AnalysisFlag::min, AnalysisFlag::max",2048,0.001,21189
MEAN,int64_t,"AnalysisFlag::min, AnalysisFlag::max",4096,0.001,55101
MEAN,int64_t,"AnalysisFlag::min, AnalysisFlag::max",4096,0.001,53297
MEAN,int64_t,"AnalysisFlag::min, AnalysisFlag::max",4096,0.001,54698
MEAN,int64_t,"AnalysisFlag::min, AnalysisFlag::max",4096,0.001,53841
MEAN,int64_t,"AnalysisFlag::min, AnalysisFlag::max",4096,0.001,54228
MEAN,int64_t,"AnalysisFlag::min, AnalysisFlag::max",4096,0.001,54386
MEAN,int64_t,"AnalysisFlag::min, AnalysisFlag::max",4096,0.001,54451
MEAN,int64_t,"AnalysisFlag::min, AnalysisFlag::max",4096,0.001,54797
MEAN,int64_t,"AnalysisFlag::min, AnalysisFlag::max",4096,0.001,54953
MEAN,int64_t,"AnalysisFlag::min, AnalysisFlag::max",4096,0.001,54506
MEAN,double,"AnalysisFlag::min, AnalysisFlag::max",1024,0.01,18491
MEAN,double,"AnalysisFlag::min, AnalysisFlag::max",1024,0.01,16665
MEAN,double,"AnalysisFlag::min, AnalysisFlag::max",1024,0.01,17921
MEAN,double,"AnalysisFlag::min, AnalysisFlag::max",1024,0.01,17652
MEAN,double,"AnalysisFlag::min, AnalysisFlag::max",1024,0.01,17768
MEAN,double,"AnalysisFlag::min, AnalysisFlag::max",1024,0.01,18103
MEAN,double,"AnalysisFlag::min, AnalysisFlag::max",1024,0.01,17545
MEAN,double,"AnalysisFlag::min, AnalysisFlag::max",1024,0.01,17696
MEAN,double,"AnalysisFlag::min, AnalysisFlag::max",1024,0.01,17553
MEAN,double,"AnalysisFlag::min, AnalysisFlag::max",1024,0.01,17052
MEAN,double,"AnalysisFlag::min, AnalysisFlag::max",2048,0.01,39478
MEAN,double,"AnalysisFlag::min, AnalysisFlag::max",2048,0.01,39611
MEAN,double,"AnalysisFlag::min, AnalysisFlag::max",2048,0.01,39484
MEAN,double,"AnalysisFlag::min, AnalysisFlag::max",2048,0.01,38765
MEAN,double,"AnalysisFlag::min, AnalysisFlag::max",2048,0.01,41168
MEAN,double,"AnalysisFlag::min, AnalysisFlag::max",2048,0.01,38401
MEAN,double,"AnalysisFlag::min, AnalysisFlag::max",2048,0.01,38572
MEAN,double,"AnalysisFlag::min, AnalysisFlag::max",2048,0.01,38177
MEAN,double,"AnalysisFlag::min, AnalysisFlag::max",2048,0.01,38748
MEAN,double,"AnalysisFlag::min, AnalysisFlag::max",2048,0.01,38549
MEAN,double,"AnalysisFlag::min, AnalysisFlag::max",4096,0.01,95321
MEAN,double,"AnalysisFlag::min, AnalysisFlag::max",4096,0.01,91923
MEAN,double,"AnalysisFlag::min, AnalysisFlag::max",4096,0.01,93897
MEAN,double,"AnalysisFlag::min, AnalysisFlag::max",4096,0.01,90229
MEAN,double,"AnalysisFlag::min, AnalysisFlag::max",4096,0.01,93085
MEAN,double,"AnalysisFlag::min, AnalysisFlag::max",4096,0.01,94147
MEAN,double,"AnalysisFlag::min, AnalysisFlag::max",4096,0.01,90923
MEAN,double,"AnalysisFlag::min, AnalysisFlag::max",4096,0.01,92884
MEAN,double,"AnalysisFlag::min, AnalysisFlag::max",4096,0.01,93606
MEAN,double,"AnalysisFlag::min, AnalysisFlag::max",4096,0.01,93331
MEAN,int64_t,"AnalysisFlag::min, AnalysisFlag::max",1024,0.01,17786
MEAN,int64_t,"AnalysisFlag::min, AnalysisFlag::max",1024,0.01,15619
MEAN,int64_t,"AnalysisFlag::min, AnalysisFlag::max",1024,0.01,17005
MEAN,int64_t,"AnalysisFlag::min, AnalysisFlag::max",1024,0.01,16570
MEAN,int64_t,"AnalysisFlag::min, AnalysisFlag::max",1024,0.01,16646
MEAN,int64_t,"AnalysisFlag::min, AnalysisFlag::max",1024,0.01,16795
MEAN,int64_t,"AnalysisFlag::min, AnalysisFlag::max",1024,0.01,16271
MEAN,int64_t,"AnalysisFlag::min, AnalysisFlag::max",1024,0.01,16145
MEAN,int64_t,"AnalysisFlag::min, AnalysisFlag::max",1024,0.01,16536
MEAN,int64_t,"AnalysisFlag::min, AnalysisFlag::max",1024,0.01,16600
MEAN,int64_t,"AnalysisFlag::min, AnalysisFlag::max",2048,0.01,39037
MEAN,int64_t,"AnalysisFlag::min, AnalysisFlag::max",2048,0.01,37699
MEAN,int64_t,"AnalysisFlag::min, AnalysisFlag::max",2048,0.01,38313
MEAN,int64_t,"AnalysisFlag::min, AnalysisFlag::max",2048,0.01,38420
MEAN,int64_t,"AnalysisFlag::min, AnalysisFlag::max",2048,0.01,38377
MEAN,int64_t,"AnalysisFlag::min, AnalysisFlag::max",2048,0.01,38643
MEAN,int64_t,"AnalysisFlag::min, AnalysisFlag::max",2048,0.01,37420
MEAN,int64_t,"AnalysisFlag::min, AnalysisFlag::max",2048,0.01,38327
MEAN,int64_t,"AnalysisFlag::min, AnalysisFlag::max",2048,0.01,37732
MEAN,int64_t,"AnalysisFlag::min, AnalysisFlag::max",2048,0.01,37758
MEAN,int64_t,"AnalysisFlag::min, AnalysisFlag::max",4096,0.01,89870
MEAN,int64_t,"AnalysisFlag::min, AnalysisFlag::max",4096,0.01,89133
MEAN,int64_t,"AnalysisFlag::min, AnalysisFlag::max",4096,0.01,90516
MEAN,int64_t,"AnalysisFlag::min, AnalysisFlag::max",4096,0.01,89779
MEAN,int64_t,"AnalysisFlag::min, AnalysisFlag::max",4096,0.01,89417
MEAN,int64_t,"AnalysisFlag::min, AnalysisFlag::max",4096,0.01,90747
MEAN,int64_t,"AnalysisFlag::min, AnalysisFlag::max",4096,0.01,89282
MEAN,int64_t,"AnalysisFlag::min, AnalysisFlag::max",4096,0.01,92264
MEAN,int64_t,"AnalysisFlag::min, AnalysisFlag::max",4096,0.01,90463
MEAN,int64_t,"AnalysisFlag::min, AnalysisFlag::max",4096,0.01,89854
MEAN,double,"AnalysisFlag::min, AnalysisFlag::max",1024,0.05,27088
MEAN,double,"AnalysisFlag::min, AnalysisFlag::max",1024,0.05,26686
MEAN,double,"AnalysisFlag::min, AnalysisFlag::max",1024,0.05,25977
MEAN,double,"AnalysisFlag::min, AnalysisFlag::max",1024,0.05,26025
MEAN,double,"AnalysisFlag::min, AnalysisFlag::max",1024,0.05,26765
MEAN,double,"AnalysisFlag::min, AnalysisFlag::max",1024,0.05,26266
MEAN,double,"AnalysisFlag::min, AnalysisFlag::max",1024,0.05,25208
MEAN,double,"AnalysisFlag::min, AnalysisFlag::max",1024,0.05,26268
MEAN,double,"AnalysisFlag::min, AnalysisFlag::max",1024,0.05,26452
MEAN,double,"AnalysisFlag::min, AnalysisFlag::max",1024,0.05,25630
MEAN,double,"AnalysisFlag::min, AnalysisFlag::max",2048,0.05,64148
MEAN,double,"AnalysisFlag::min, AnalysisFlag::max",2048,0.05,65131
MEAN,double,"AnalysisFlag::min, AnalysisFlag::max",2048,0.05,64519
MEAN,double,"AnalysisFlag::min, AnalysisFlag::max",2048,0.05,64969
MEAN,double,"AnalysisFlag::min, AnalysisFlag::max",2048,0.05,63937
MEAN,double,"AnalysisFlag::min, AnalysisFlag::max",2048,0.05,63249
MEAN,double,"AnalysisFlag::min, AnalysisFlag::max",2048,0.05,65492
MEAN,double,"AnalysisFlag::min, AnalysisFlag::max",2048,0.05,64003
MEAN,double,"AnalysisFlag::min, AnalysisFlag::max",2048,0.05,62924
MEAN,double,"AnalysisFlag::min, AnalysisFlag::max",2048,0.05,64212
MEAN,double,"AnalysisFlag::min, AnalysisFlag::max",4096,0.05,339509
MEAN,double,"AnalysisFlag::min, AnalysisFlag::max",4096,0.05,224229
MEAN,double,"AnalysisFlag::min, AnalysisFlag::max",4096,0.05,197246
MEAN,double,"AnalysisFlag::min, AnalysisFlag::max",4096,0.05,196200
MEAN,double,"AnalysisFlag::min, AnalysisFlag::max",4096,0.05,199157
MEAN,double,"AnalysisFlag::min, AnalysisFlag::max",4096,0.05,193572
MEAN,double,"AnalysisFlag::min, AnalysisFlag::max",4096,0.05,193595
MEAN,double,"AnalysisFlag::min, AnalysisFlag::max",4096,0.05,194851
MEAN,double,"AnalysisFlag::min, AnalysisFlag::max",4096,0.05,205276
MEAN,double,"AnalysisFlag::min, AnalysisFlag::max",4096,0.05,193918
MEAN,int64_t,"AnalysisFlag::min, AnalysisFlag::max",1024,0.05,27967
MEAN,int64_t,"AnalysisFlag::min, AnalysisFlag::max",1024,0.05,26460
MEAN,int64_t,"AnalysisFlag::min, AnalysisFlag::max",1024,0.05,26360
MEAN,int64_t,"AnalysisFlag::min, AnalysisFlag::max",1024,0.05,26359
MEAN,int64_t,"AnalysisFlag::min, AnalysisFlag::max",1024,0.05,25891
MEAN,int64_t,"AnalysisFlag::min, AnalysisFlag::max",1024,0.05,27059
MEAN,int64_t,"AnalysisFlag::min, AnalysisFlag::max",1024,0.05,24656
MEAN,int64_t,"AnalysisFlag::min, AnalysisFlag::max",1024,0.05,26029
MEAN,int64_t,"AnalysisFlag::min, AnalysisFlag::max",1024,0.05,25159
MEAN,int64_t,"AnalysisFlag::min, AnalysisFlag::max",1024,0.05,25202
MEAN,int64_t,"AnalysisFlag::min, AnalysisFlag::max",2048,0.05,63934
MEAN,int64_t,"AnalysisFlag::min, AnalysisFlag::max",2048,0.05,65830
MEAN,int64_t,"AnalysisFlag::min, AnalysisFlag::max",2048,0.05,63424
MEAN,int64_t,"AnalysisFlag::min, AnalysisFlag::max",2048,0.05,62207
MEAN,int64_t,"AnalysisFlag::min, AnalysisFlag::max",2048,0.05,63195
MEAN,int64_t,"AnalysisFlag::min, AnalysisFlag::max",2048,0.05,62620
MEAN,int64_t,"AnalysisFlag::min, AnalysisFlag::max",2048,0.05,63735
MEAN,int64_t,"AnalysisFlag::min, AnalysisFlag::max",2048,0.05,62739
MEAN,int64_t,"AnalysisFlag::min, AnalysisFlag::max",2048,0.05,64457
MEAN,int64_t,"AnalysisFlag::min, AnalysisFlag::max",2048,0.05,63902
MEAN,int64_t,"AnalysisFlag::min, AnalysisFlag::max",4096,0.05,216849
MEAN,int64_t,"AnalysisFlag::min, AnalysisFlag::max",4096,0.05,199648
MEAN,int64_t,"AnalysisFlag::min, AnalysisFlag::max",4096,0.05,204631
MEAN,int64_t,"AnalysisFlag::min, AnalysisFlag::max",4096,0.05,197246
MEAN,int64_t,"AnalysisFlag::min, AnalysisFlag::max",4096,0.05,192625
MEAN,int64_t,"AnalysisFlag::min, AnalysisFlag::max",4096,0.05,194545
MEAN,int64_t,"AnalysisFlag::min, AnalysisFlag::max",4096,0.05,196258
MEAN,int64_t,"AnalysisFlag::min, AnalysisFlag::max",4096,0.05,192353
MEAN,int64_t,"AnalysisFlag::min, AnalysisFlag::max",4096,0.05,199672
MEAN,int64_t,"AnalysisFlag::min, AnalysisFlag::max",4096,0.05,192017
MEAN,double,"AnalysisFlag::min, AnalysisFlag::max",1024,0.1,35075
MEAN,double,"AnalysisFlag::min, AnalysisFlag::max",1024,0.1,34257
MEAN,double,"AnalysisFlag::min, AnalysisFlag::max",1024,0.1,34300
MEAN,double,"AnalysisFlag::min, AnalysisFlag::max",1024,0.1,34684
MEAN,double,"AnalysisFlag::min, AnalysisFlag::max",1024,0.1,33226
MEAN,double,"AnalysisFlag::min, AnalysisFlag::max",1024,0.1,32962
MEAN,double,"AnalysisFlag::min, AnalysisFlag::max",1024,0.1,34987
MEAN,double,"AnalysisFlag::min, AnalysisFlag::max",1024,0.1,34409
MEAN,double,"AnalysisFlag::min, AnalysisFlag::max",1024,0.1,36259
MEAN,double,"AnalysisFlag::min, AnalysisFlag::max",1024,0.1,33000
MEAN,double,"AnalysisFlag::min, AnalysisFlag::max",2048,0.1,98021
MEAN,double,"AnalysisFlag::min, AnalysisFlag::max",2048,0.1,98433
MEAN,double,"AnalysisFlag::min, AnalysisFlag::max",2048,0.1,98208
MEAN,double,"AnalysisFlag::min, AnalysisFlag::max",2048,0.1,95889
MEAN,double,"AnalysisFlag::min, AnalysisFlag::max",2048,0.1,97558
MEAN,double,"AnalysisFlag::min, AnalysisFlag::max",2048,0.1,96902
MEAN,double,"AnalysisFlag::min, AnalysisFlag::max",2048,0.1,97680
MEAN,double,"AnalysisFlag::min, AnalysisFlag::max",2048,0.1,97107
MEAN,double,"AnalysisFlag::min, AnalysisFlag::max",2048,0.1,98510
MEAN,double,"AnalysisFlag::min, AnalysisFlag::max",2048,0.1,96242
MEAN,double,"AnalysisFlag::min, AnalysisFlag::max",4096,0.1,621502
MEAN,double,"AnalysisFlag::min, AnalysisFlag::max",4096,0.1,616416
MEAN,double,"AnalysisFlag::min, AnalysisFlag::max",4096,0.1,584761
MEAN,double,"AnalysisFlag::min, AnalysisFlag::max",4096,0.1,591674
MEAN,double,"AnalysisFlag::min, AnalysisFlag::max",4096,0.1,563601
MEAN,double,"AnalysisFlag::min, AnalysisFlag::max",4096,0.1,565299
MEAN,double,"AnalysisFlag::min, AnalysisFlag::max",4096,0.1,575527
MEAN,double,"AnalysisFlag::min, AnalysisFlag::max",4096,0.1,567398
MEAN,double,"AnalysisFlag::min, AnalysisFlag::max",4096,0.1,581432
MEAN,double,"AnalysisFlag::min, AnalysisFlag::max",4096,0.1,561737
MEAN,int64_t,"AnalysisFlag::min, AnalysisFlag::max",1024,0.1,36192
MEAN,int64_t,"AnalysisFlag::min, AnalysisFlag::max",1024,0.1,33472
MEAN,int64_t,"AnalysisFlag::min, AnalysisFlag::max",1024,0.1,32986
MEAN,int64_t,"AnalysisFlag::min, AnalysisFlag::max",1024,0.1,33407
MEAN,int64_t,"AnalysisFlag::min, AnalysisFlag::max",1024,0.1,32908
MEAN,int64_t,"AnalysisFlag::min, AnalysisFlag::max",1024,0.1,33404
MEAN,int64_t,"AnalysisFlag::min, AnalysisFlag::max",1024,0.1,32895
MEAN,int64_t,"AnalysisFlag::min, AnalysisFlag::max",1024,0.1,32597
MEAN,int64_t,"AnalysisFlag::min, AnalysisFlag::max",1024,0.1,32926
MEAN,int64_t,"AnalysisFlag::min, AnalysisFlag::max",1024,0.1,33250
MEAN,int64_t,"AnalysisFlag::min, AnalysisFlag::max",2048,0.1,116082
MEAN,int64_t,"AnalysisFlag::min, AnalysisFlag::max",2048,0.1,97148
MEAN,int64_t,"AnalysisFlag::min, AnalysisFlag::max",2048,0.1,96083
MEAN,int64_t,"AnalysisFlag::min, AnalysisFlag::max",2048,0.1,96640
MEAN,int64_t,"AnalysisFlag::min, AnalysisFlag::max",2048,0.1,96430
MEAN,int64_t,"AnalysisFlag::min, AnalysisFlag::max",2048,0.1,96668
MEAN,int64_t,"AnalysisFlag::min, AnalysisFlag::max",2048,0.1,98859
MEAN,int64_t,"AnalysisFlag::min, AnalysisFlag::max",2048,0.1,96098
MEAN,int64_t,"AnalysisFlag::min, AnalysisFlag::max",2048,0.1,95538
MEAN,int64_t,"AnalysisFlag::min, AnalysisFlag::max",2048,0.1,96790
MEAN,int64_t,"AnalysisFlag::min, AnalysisFlag::max",4096,0.1,564294
MEAN,int64_t,"AnalysisFlag::min, AnalysisFlag::max",4096,0.1,590820
MEAN,int64_t,"AnalysisFlag::min, AnalysisFlag::max",4096,0.1,575361
MEAN,int64_t,"AnalysisFlag::min, AnalysisFlag::max",4096,0.1,563998
MEAN,int64_t,"AnalysisFlag::min, AnalysisFlag::max",4096,0.1,575665
MEAN,int64_t,"AnalysisFlag::min, AnalysisFlag::max",4096,0.1,577385
MEAN,int64_t,"AnalysisFlag::min, AnalysisFlag::max",4096,0.1,577744
MEAN,int64_t,"AnalysisFlag::min, AnalysisFlag::max",4096,0.1,579739
MEAN,int64_t,"AnalysisFlag::min, AnalysisFlag::max",4096,0.1,564950
MEAN,int64_t,"AnalysisFlag::min, AnalysisFlag::max",4096,0.1,552747
MEAN,double,"AnalysisFlag::min, AnalysisFlag::max",1024,0.2,62894
MEAN,double,"AnalysisFlag::min, AnalysisFlag::max",1024,0.2,52503
MEAN,double,"AnalysisFlag::min, AnalysisFlag::max",1024,0.2,51183
MEAN,double,"AnalysisFlag::min, AnalysisFlag::max",1024,0.2,50306
MEAN,double,"AnalysisFlag::min, AnalysisFlag::max",1024,0.2,50392
MEAN,double,"AnalysisFlag::min, AnalysisFlag::max",1024,0.2,50548
MEAN,double,"AnalysisFlag::min, AnalysisFlag::max",1024,0.2,50613
MEAN,double,"AnalysisFlag::min, AnalysisFlag::max",1024,0.2,50748
MEAN,double,"AnalysisFlag::min, AnalysisFlag::max",1024,0.2,50056
MEAN,double,"AnalysisFlag::min, AnalysisFlag::max",1024,0.2,50881
MEAN,double,"AnalysisFlag::min, AnalysisFlag::max",2048,0.2,241000
MEAN,double,"AnalysisFlag::min, AnalysisFlag::max",2048,0.2,192048
MEAN,double,"AnalysisFlag::min, AnalysisFlag::max",2048,0.2,188599
MEAN,double,"AnalysisFlag::min, AnalysisFlag::max",2048,0.2,181194
MEAN,double,"AnalysisFlag::min, AnalysisFlag::max",2048,0.2,181388
MEAN,double,"AnalysisFlag::min, AnalysisFlag::max",2048,0.2,177795
MEAN,double,"AnalysisFlag::min, AnalysisFlag::max",2048,0.2,178452
MEAN,double,"AnalysisFlag::min, AnalysisFlag::max",2048,0.2,181807
MEAN,double,"AnalysisFlag::min, AnalysisFlag::max",2048,0.2,182719
MEAN,double,"AnalysisFlag::min, AnalysisFlag::max",2048,0.2,185892
MEAN,double,"AnalysisFlag::min, AnalysisFlag::max",4096,0.2,1.35749e+06
MEAN,double,"AnalysisFlag::min, AnalysisFlag::max",4096,0.2,1.41397e+06
MEAN,double,"AnalysisFlag::min, AnalysisFlag::max",4096,0.2,1.36018e+06
MEAN,double,"AnalysisFlag::min, AnalysisFlag::max",4096,0.2,1.37576e+06
MEAN,double,"AnalysisFlag::min, AnalysisFlag::max",4096,0.2,1.35188e+06
MEAN,double,"AnalysisFlag::min, AnalysisFlag::max",4096,0.2,1.37859e+06
MEAN,double,"AnalysisFlag::min, AnalysisFlag::max",4096,0.2,1.35937e+06
MEAN,double,"AnalysisFlag::min, AnalysisFlag::max",4096,0.2,1.37979e+06
MEAN,double,"AnalysisFlag::min, AnalysisFlag::max",4096,0.2,1.35356e+06
MEAN,double,"AnalysisFlag::min, AnalysisFlag::max",4096,0.2,1.37837e+06
MEAN,int64_t,"AnalysisFlag::min, AnalysisFlag::max",1024,0.2,68366
MEAN,int64_t,"AnalysisFlag::min, AnalysisFlag::max",1024,0.2,51467
MEAN,int64_t,"AnalysisFlag::min, AnalysisFlag::max",1024,0.2,50812
MEAN,int64_t,"AnalysisFlag::min, AnalysisFlag::max",1024,0.2,50244
MEAN,int64_t,"AnalysisFlag::min, AnalysisFlag::max",1024,0.2,50141
MEAN,int64_t,"AnalysisFlag::min, AnalysisFlag::max",1024,0.2,50545
MEAN,int64_t,"AnalysisFlag::min, AnalysisFlag::max",1024,0.2,50024
MEAN,int64_t,"AnalysisFlag::min, AnalysisFlag::max",1024,0.2,50406
MEAN,int64_t,"AnalysisFlag::min, AnalysisFlag::max",1024,0.2,52035
MEAN,int64_t,"AnalysisFlag::min, AnalysisFlag::max",1024,0.2,50749
MEAN,int64_t,"AnalysisFlag::min, AnalysisFlag::max",2048,0.2,315562
MEAN,int64_t,"AnalysisFlag::min, AnalysisFlag::max",2048,0.2,206763
MEAN,int64_t,"AnalysisFlag::min, AnalysisFlag::max",2048,0.2,181544
MEAN,int64_t,"AnalysisFlag::min, AnalysisFlag::max",2048,0.2,179627
MEAN,int64_t,"AnalysisFlag::min, AnalysisFlag::max",2048,0.2,178160
MEAN,int64_t,"AnalysisFlag::min, AnalysisFlag::max",2048,0.2,187310
MEAN,int64_t,"AnalysisFlag::min, AnalysisFlag::max",2048,0.2,182978
MEAN,int64_t,"AnalysisFlag::min, AnalysisFlag::max",2048,0.2,184986
MEAN,int64_t,"AnalysisFlag::min, AnalysisFlag::max",2048,0.2,180750
MEAN,int64_t,"AnalysisFlag::min, AnalysisFlag::max",2048,0.2,185541
MEAN,int64_t,"AnalysisFlag::min, AnalysisFlag::max",4096,0.2,1.35246e+06
MEAN,int64_t,"AnalysisFlag::min, AnalysisFlag::max",4096,0.2,1.40167e+06
MEAN,int64_t,"AnalysisFlag::min, AnalysisFlag::max",4096,0.2,1.37331e+06
MEAN,int64_t,"AnalysisFlag::min, AnalysisFlag::max",4096,0.2,1.40376e+06
MEAN,int64_t,"AnalysisFlag::min, AnalysisFlag::max",4096,0.2,1.3772e+06
MEAN,int64_t,"AnalysisFlag::min, AnalysisFlag::max",4096,0.2,1.40391e+06
MEAN,int64_t,"AnalysisFlag::min, AnalysisFlag::max",4096,0.2,1.37871e+06
MEAN,int64_t,"AnalysisFlag::min, AnalysisFlag::max",4096,0.2,1.38463e+06
MEAN,int64_t,"AnalysisFlag::min, AnalysisFlag::max",4096,0.2,1.41215e+06
MEAN,int64_t,"AnalysisFlag::min, AnalysisFlag::max",4096,0.2,1.36925e+06
MEAN,double,"AnalysisFlag::min, AnalysisFlag::max",1024,0.25,1.70441e+06
MEAN,double,"AnalysisFlag::min, AnalysisFlag::max",1024,0.25,1.67422e+06
MEAN,double,"AnalysisFlag::min, AnalysisFlag::max",1024,0.25,1.62853e+06
MEAN,double,"AnalysisFlag::min, AnalysisFlag::max",1024,0.25,1.78909e+06
MEAN,double,"AnalysisFlag::min, AnalysisFlag::max",1024,0.25,1.82252e+06
MEAN,double,"AnalysisFlag::min, AnalysisFlag::max",1024,0.25,1.61957e+06
MEAN,double,"AnalysisFlag::min, AnalysisFlag::max",1024,0.25,1.82041e+06
MEAN,double,"AnalysisFlag::min, AnalysisFlag::max",1024,0.25,1.82315e+06
MEAN,double,"AnalysisFlag::min, AnalysisFlag::max",1024,0.25,1.82214e+06
MEAN,double,"AnalysisFlag::min, AnalysisFlag::max",1024,0.25,1.82009e+06
MEAN,double,"AnalysisFlag::min, AnalysisFlag::max",2048,0.25,6.5139e+06
MEAN,double,"AnalysisFlag::min, AnalysisFlag::max",2048,0.25,6.49713e+06
MEAN,double,"AnalysisFlag::min, AnalysisFlag::max",2048,0.25,6.4726e+06
MEAN,double,"AnalysisFlag::min, AnalysisFlag::max",2048,0.25,6.55112e+06
MEAN,double,"AnalysisFlag::min, AnalysisFlag::max",2048,0.25,6.47909e+06
MEAN,double,"AnalysisFlag::min, AnalysisFlag::max",2048,0.25,6.48593e+06
MEAN,double,"AnalysisFlag::min, AnalysisFlag::max",2048,0.25,6.48226e+06
MEAN,double,"AnalysisFlag::min, AnalysisFlag::max",2048,0.25,6.50749e+06
MEAN,double,"AnalysisFlag::min, AnalysisFlag::max",2048,0.25,6.51105e+06
MEAN,double,"AnalysisFlag::min, AnalysisFlag::max",2048,0.25,6.50108e+06
MEAN,double,"AnalysisFlag::min, AnalysisFlag::max",4096,0.25,2.57268e+07
MEAN,double,"AnalysisFlag::min, AnalysisFlag::max",4096,0.25,2.57218e+07
MEAN,double,"AnalysisFlag::min, AnalysisFlag::max",4096,0.25,2.57394e+07
MEAN,double,"AnalysisFlag::min, AnalysisFlag::max",4096,0.25,2.57154e+07
MEAN,double,"AnalysisFlag::min, AnalysisFlag::max",4096,0.25,2.5726e+07
MEAN,double,"AnalysisFlag::min, AnalysisFlag::max",4096,0.25,2.57282e+07
MEAN,double,"AnalysisFlag::min, AnalysisFlag::max",4096,0.25,2.57347e+07
MEAN,double,"AnalysisFlag::min, AnalysisFlag::max",4096,0.25,2.57162e+07
MEAN,double,"AnalysisFlag::min, AnalysisFlag::max",4096,0.25,2.57278e+07
MEAN,double,"AnalysisFlag::min, AnalysisFlag::max",4096,0.25,2.57266e+07
MEAN,int64_t,"AnalysisFlag::min, AnalysisFlag::max",1024,0.25,1.45118e+06
MEAN,int64_t,"AnalysisFlag::min, AnalysisFlag::max",1024,0.25,1.44822e+06
MEAN,int64_t,"AnalysisFlag::min, AnalysisFlag::max",1024,0.25,1.44559e+06
MEAN,int64_t,"AnalysisFlag::min, AnalysisFlag::max",1024,0.25,1.44548e+06
MEAN,int64_t,"AnalysisFlag::min, AnalysisFlag::max",1024,0.25,1.44562e+06
MEAN,int64_t,"AnalysisFlag::min, AnalysisFlag::max",1024,0.25,1.44692e+06
MEAN,int64_t,"AnalysisFlag::min, AnalysisFlag::max",1024,0.25,1.44683e+06
MEAN,int64_t,"AnalysisFlag::min, AnalysisFlag::max",1024,0.25,1.446e+06
MEAN,int64_t,"AnalysisFlag::min, AnalysisFlag::max",1024,0.25,1.44532e+06
MEAN,int64_t,"AnalysisFlag::min, AnalysisFlag::max",1024,0.25,1.44698e+06
MEAN,int64_t,"AnalysisFlag::min, AnalysisFlag::max",2048,0.25,5.44927e+06
MEAN,int64_t,"AnalysisFlag::min, AnalysisFlag::max",2048,0.25,5.4676e+06
MEAN,int64_t,"AnalysisFlag::min, AnalysisFlag::max",2048,0.25,5.44017e+06
MEAN,int64_t,"AnalysisFlag::min, AnalysisFlag::max",2048,0.25,5.44226e+06
MEAN,int64_t,"AnalysisFlag::min, AnalysisFlag::max",2048,0.25,5.44542e+06
MEAN,int64_t,"AnalysisFlag::min, AnalysisFlag::max",2048,0.25,5.43928e+06
MEAN,int64_t,"AnalysisFlag::min, AnalysisFlag::max",2048,0.25,5.45507e+06
MEAN,int64_t,"AnalysisFlag::min, AnalysisFlag::max",2048,0.25,5.44345e+06
MEAN,int64_t,"AnalysisFlag::min, AnalysisFlag::max",2048,0.25,5.43932e+06
MEAN,int64_t,"AnalysisFlag::min, AnalysisFlag::max",2048,0.25,5.45624e+06
MEAN,int64_t,"AnalysisFlag::min, AnalysisFlag::max",4096,0.25,2.14142e+07
MEAN,int64_t,"AnalysisFlag::min, AnalysisFlag::max",4096,0.25,2.14237e+07
MEAN,int64_t,"AnalysisFlag::min, AnalysisFlag::max",4096,0.25,2.14202e+07
MEAN,int64_t,"AnalysisFlag::min, AnalysisFlag::max",4096,0.25,2.14195e+07
MEAN,int64_t,"AnalysisFlag::min, AnalysisFlag::max",4096,0.25,2.14268e+07
MEAN,int64_t,"AnalysisFlag::min, AnalysisFlag::max",4096,0.25,2.14152e+07
MEAN,int64_t,"AnalysisFlag::min, AnalysisFlag::max",4096,0.25,2.14198e+07
MEAN,int64_t,"AnalysisFlag::min, AnalysisFlag::max",4096,0.25,2.14361e+07
MEAN,int64_t,"AnalysisFlag::min, AnalysisFlag::max",4096,0.25,2.14245e+07
MEAN,int64_t,"AnalysisFlag::min, AnalysisFlag::max",4096,0.25,2.14319e+07
MEAN,double,"AnalysisFlag::min, AnalysisFlag::max",1024,1,1.67904e+06
MEAN,double,"AnalysisFlag::min, AnalysisFlag::max",1024,1,1.70168e+06
MEAN,double,"AnalysisFlag::min, AnalysisFlag::max",1024,1,1.65576e+06
MEAN,double,"AnalysisFlag::min, AnalysisFlag::max",1024,1,1.7269e+06
MEAN,double,"AnalysisFlag::min, AnalysisFlag::max",1024,1,1.82001e+06
MEAN,double,"AnalysisFlag::min, AnalysisFlag::max",1024,1,1.81957e+06
MEAN,double,"AnalysisFlag::min, AnalysisFlag::max",1024,1,1.81981e+06
MEAN,double,"AnalysisFlag::min, AnalysisFlag::max",1024,1,1.8176e+06
MEAN,double,"AnalysisFlag::min, AnalysisFlag::max",1024,1,1.81965e+06
MEAN,double,"AnalysisFlag::min, AnalysisFlag::max",1024,1,1.62234e+06
MEAN,double,"AnalysisFlag::min, AnalysisFlag::max",2048,1,6.4467e+06
MEAN,double,"AnalysisFlag::min, AnalysisFlag::max",2048,1,6.44214e+06
MEAN,double,"AnalysisFlag::min, AnalysisFlag::max",2048,1,6.47869e+06
MEAN,double,"AnalysisFlag::min, AnalysisFlag::max",2048,1,6.48878e+06
MEAN,double,"AnalysisFlag::min, AnalysisFlag::max",2048,1,6.47594e+06
MEAN,double,"AnalysisFlag::min, AnalysisFlag::max",2048,1,6.4772e+06
MEAN,double,"AnalysisFlag::min, AnalysisFlag::max",2048,1,6.47362e+06
MEAN,double,"AnalysisFlag::min, AnalysisFlag::max",2048,1,6.4809e+06
MEAN,double,"AnalysisFlag::min, AnalysisFlag::max",2048,1,6.49512e+06
MEAN,double,"AnalysisFlag::min, AnalysisFlag::max",2048,1,6.49301e+06
MEAN,double,"AnalysisFlag::min, AnalysisFlag::max",4096,1,2.5791e+07
MEAN,double,"AnalysisFlag::min, AnalysisFlag::max",4096,1,2.57238e+07
MEAN,double,"AnalysisFlag::min, AnalysisFlag::max",4096,1,2.57099e+07
MEAN,double,"AnalysisFlag::min, AnalysisFlag::max",4096,1,2.57274e+07
MEAN,double,"AnalysisFlag::min, AnalysisFlag::max",4096,1,2.5735e+07
MEAN,double,"AnalysisFlag::min, AnalysisFlag::max",4096,1,2.57754e+07
MEAN,double,"AnalysisFlag::min, AnalysisFlag::max",4096,1,2.57184e+07
MEAN,double,"AnalysisFlag::min, AnalysisFlag::max",4096,1,2.5754e+07
MEAN,double,"AnalysisFlag::min, AnalysisFlag::max",4096,1,2.57365e+07
MEAN,double,"AnalysisFlag::min, AnalysisFlag::max",4096,1,2.57213e+07
MEAN,int64_t,"AnalysisFlag::min, AnalysisFlag::max",1024,1,1.49117e+06
MEAN,int64_t,"AnalysisFlag::min, AnalysisFlag::max",1024,1,1.44846e+06
MEAN,int64_t,"AnalysisFlag::min, AnalysisFlag::max",1024,1,1.44672e+06
MEAN,int64_t,"AnalysisFlag::min, AnalysisFlag::max",1024,1,1.50544e+06
MEAN,int64_t,"AnalysisFlag::min, AnalysisFlag::max",1024,1,1.44846e+06
MEAN,int64_t,"AnalysisFlag::min, AnalysisFlag::max",1024,1,1.44672e+06
MEAN,int64_t,"AnalysisFlag::min, AnalysisFlag::max",1024,1,1.44668e+06
MEAN,int64_t,"AnalysisFlag::min, AnalysisFlag::max",1024,1,1.44802e+06
MEAN,int64_t,"AnalysisFlag::min, AnalysisFlag::max",1024,1,1.44804e+06
MEAN,int64_t,"AnalysisFlag::min, AnalysisFlag::max",1024,1,1.44668e+06
MEAN,int64_t,"AnalysisFlag::min, AnalysisFlag::max",2048,1,5.4533e+06
MEAN,int64_t,"AnalysisFlag::min, AnalysisFlag::max",2048,1,5.60089e+06
MEAN,int64_t,"AnalysisFlag::min, AnalysisFlag::max",2048,1,5.452e+06
MEAN,int64_t,"AnalysisFlag::min, AnalysisFlag::max",2048,1,5.47483e+06
MEAN,int64_t,"AnalysisFlag::min, AnalysisFlag::max",2048,1,5.45076e+06
MEAN,int64_t,"AnalysisFlag::min, AnalysisFlag::max",2048,1,5.4787e+06
MEAN,int64_t,"AnalysisFlag::min, AnalysisFlag::max",2048,1,5.45232e+06
MEAN,int64_t,"AnalysisFlag::min, AnalysisFlag::max",2048,1,5.48696e+06
MEAN,int64_t,"AnalysisFlag::min, AnalysisFlag::max",2048,1,5.44846e+06
MEAN,int64_t,"AnalysisFlag::min, AnalysisFlag::max",2048,1,5.47632e+06
MEAN,int64_t,"AnalysisFlag::min, AnalysisFlag::max",4096,1,2.1439e+07
MEAN,int64_t,"AnalysisFlag::min, AnalysisFlag::max",4096,1,2.14266e+07
MEAN,int64_t,"AnalysisFlag::min, AnalysisFlag::max",4096,1,2.14175e+07
MEAN,int64_t,"AnalysisFlag::min, AnalysisFlag::max",4096,1,2.14142e+07
MEAN,int64_t,"AnalysisFlag::min, AnalysisFlag::max",4096,1,2.14135e+07
MEAN,int64_t,"AnalysisFlag::min, AnalysisFlag::max",4096,1,2.14309e+07
MEAN,int64_t,"AnalysisFlag::min, AnalysisFlag::max",4096,1,2.1428e+07
MEAN,int64_t,"AnalysisFlag::min, AnalysisFlag::max",4096,1,2.1434e+07
MEAN,int64_t,"AnalysisFlag::min, AnalysisFlag::max",4096,1,2.14868e+07
MEAN,int64_t,"AnalysisFlag::min, AnalysisFlag::max",4096,1,2.14473e+07
STDDEV,double,"AnalysisFlag::min, AnalysisFlag::max",1024,0.001,17090
STDDEV,double,"AnalysisFlag::min, AnalysisFlag::max",1024,0.001,11785
STDDEV,double,"AnalysisFlag::min, AnalysisFlag::max",1024,0.001,13602
STDDEV,double,"AnalysisFlag::min, AnalysisFlag::max",1024,0.001,13153
STDDEV,double,"AnalysisFlag::min, AnalysisFlag::max",1024,0.001,13209
STDDEV,double,"AnalysisFlag::min, AnalysisFlag::max",1024,0.001,12916
STDDEV,double,"AnalysisFlag::min, AnalysisFlag::max",1024,0.001,13176
STDDEV,double,"AnalysisFlag::min, AnalysisFlag::max",1024,0.001,13296
STDDEV,double,"AnalysisFlag::min, AnalysisFlag::max",1024,0.001,12948
STDDEV,double,"AnalysisFlag::min, AnalysisFlag::max",1024,0.001,12737
STDDEV,double,"AnalysisFlag::min, AnalysisFlag::max",2048,0.001,30383
STDDEV,double,"AnalysisFlag::min, AnalysisFlag::max",2048,0.001,23785
STDDEV,double,"AnalysisFlag::min, AnalysisFlag::max",2048,0.001,28398
STDDEV,double,"AnalysisFlag::min, AnalysisFlag::max",2048,0.001,28301
STDDEV,double,"AnalysisFlag::min, AnalysisFlag::max",2048,0.001,28823
STDDEV,double,"AnalysisFlag::min, AnalysisFlag::max",2048,0.001,28307
STDDEV,double,"AnalysisFlag::min, AnalysisFlag::max",2048,0.001,27905
STDDEV,double,"AnalysisFlag::min, AnalysisFlag::max",2048,0.001,28013
STDDEV,double,"AnalysisFlag::min, AnalysisFlag::max",2048,0.001,27701
STDDEV,double,"AnalysisFlag::min, AnalysisFlag::max",2048,0.001,27640
STDDEV,double,"AnalysisFlag::min, AnalysisFlag::max",4096,0.001,76366
STDDEV,double,"AnalysisFlag::min, AnalysisFlag::max",4096,0.001,71520
STDDEV,double,"AnalysisFlag::min, AnalysisFlag::max",4096,0.001,72157
STDDEV,double,"AnalysisFlag::min, AnalysisFlag::max",4096,0.001,72468
STDDEV,double,"AnalysisFlag::min, AnalysisFlag::max",4096,0.001,72151
STDDEV,double,"AnalysisFlag::min, AnalysisFlag::max",4096,0.001,70050
STDDEV,double,"AnalysisFlag::min, AnalysisFlag::max",4096,0.001,69392
STDDEV,double,"AnalysisFlag::min, AnalysisFlag::max",4096,0.001,70325
STDDEV,double,"AnalysisFlag::min, AnalysisFlag::max",4096,0.001,70285
STDDEV,double,"AnalysisFlag::min, AnalysisFlag::max",4096,0.001,69602
STDDEV,int64_t,"AnalysisFlag::min, AnalysisFlag::max",1024,0.001,14119
STDDEV,int64_t,"AnalysisFlag::min, AnalysisFlag::max",1024,0.001,9451
STDDEV,int64_t,"AnalysisFlag::min, AnalysisFlag::max",1024,0.001,12666
STDDEV,int64_t,"AnalysisFlag::min, AnalysisFlag::max",1024,0.001,12619
STDDEV,int64_t,"AnalysisFlag::min, AnalysisFlag::max",1024,0.001,12368
STDDEV,int64_t,"AnalysisFlag::min, AnalysisFlag::max",1024,0.001,12377
STDDEV,int64_t,"AnalysisFlag::min, AnalysisFlag::max",1024,0.001,12467
STDDEV,int64_t,"AnalysisFlag::min, AnalysisFlag::max",1024,0.001,12256
STDDEV,int64_t,"AnalysisFlag::min, AnalysisFlag::max",1024,0.001,12223
STDDEV,int64_t,"AnalysisFlag::min, AnalysisFlag::max",1024,0.001,12301
STDDEV,int64_t,"AnalysisFlag::min, AnalysisFlag::max",2048,0.001,29288
STDDEV,int64_t,"AnalysisFlag::min, AnalysisFlag::max",2048,0.001,23140
STDDEV,int64_t,"AnalysisFlag::min, AnalysisFlag::max",2048,0.001,28411
STDDEV,int64_t,"AnalysisFlag::min, AnalysisFlag::max",2048,0.001,30612
STDDEV,int64_t,"AnalysisFlag::min, AnalysisFlag::max",2048,0.001,28215
STDDEV,int64_t,"AnalysisFlag::min, AnalysisFlag::max",2048,0.001,28113
STDDEV,int64_t,"AnalysisFlag::min, AnalysisFlag::max",2048,0.001,28157
STDDEV,int64_t,"AnalysisFlag::min, AnalysisFlag::max",2048,0.001,28505
STDDEV,int64_t,"AnalysisFlag::min, AnalysisFlag::max",2048,0.001,27933
STDDEV,int64_t,"AnalysisFlag::min, AnalysisFlag::max",2048,0.001,28488
STDDEV,int64_t,"AnalysisFlag::min, AnalysisFlag::max",4096,0.001,74358
STDDEV,int64_t,"AnalysisFlag::min, AnalysisFlag::max",4096,0.001,70178
STDDEV,int64_t,"AnalysisFlag::min, AnalysisFlag::max",4096,0.001,72358
STDDEV,int64_t,"AnalysisFlag::min, AnalysisFlag::max",4096,0.001,71518
STDDEV,int64_t,"AnalysisFlag::min, AnalysisFlag::max",4096,0.001,71628
STDDEV,int64_t,"AnalysisFlag::min, AnalysisFlag::max",4096,0.001,72778
STDDEV,int64_t,"AnalysisFlag::min, AnalysisFlag::max",4096,0.001,74413
STDDEV,int64_t,"AnalysisFlag::min, AnalysisFlag::max",4096,0.001,72973
STDDEV,int64_t,"AnalysisFlag::min, AnalysisFlag::max",4096,0.001,72989
STDDEV,int64_t,"AnalysisFlag::min, AnalysisFlag::max",4096,0.001,73728
STDDEV,double,"AnalysisFlag::min, AnalysisFlag::max",1024,0.01,26307
STDDEV,double,"AnalysisFlag::min, AnalysisFlag::max",1024,0.01,23423
STDDEV,double,"AnalysisFlag::min, AnalysisFlag::max",1024,0.01,25773
STDDEV,double,"AnalysisFlag::min, AnalysisFlag::max",1024,0.01,24136
STDDEV,double,"AnalysisFlag::min, AnalysisFlag::max",1024,0.01,25278
STDDEV,double,"AnalysisFlag::min, AnalysisFlag::max",1024,0.01,23979
STDDEV,double,"AnalysisFlag::min, AnalysisFlag::max",1024,0.01,24229
STDDEV,double,"AnalysisFlag::min, AnalysisFlag::max",1024,0.01,24657
STDDEV,double,"AnalysisFlag::min, AnalysisFlag::max",1024,0.01,24205
STDDEV,double,"AnalysisFlag::min, AnalysisFlag::max",1024,0.01,23781
STDDEV,double,"AnalysisFlag::min, AnalysisFlag::max",2048,0.01,64083
STDDEV,double,"AnalysisFlag::min, AnalysisFlag::max",2048,0.01,63429
STDDEV,double,"AnalysisFlag::min, AnalysisFlag::max",2048,0.01,66093
STDDEV,double,"AnalysisFlag::min, AnalysisFlag::max",2048,0.01,61032
STDDEV,double,"AnalysisFlag::min, AnalysisFlag::max",2048,0.01,62220
STDDEV,double,"AnalysisFlag::min, AnalysisFlag::max",2048,0.01,60095
STDDEV,double,"AnalysisFlag::min, AnalysisFlag::max",2048,0.01,62115
STDDEV,double,"AnalysisFlag::min, AnalysisFlag::max",2048,0.01,61435
STDDEV,double,"AnalysisFlag::min, AnalysisFlag::max",2048,0.01,60071
STDDEV,double,"AnalysisFlag::min, AnalysisFlag::max",2048,0.01,62747
STDDEV,double,"AnalysisFlag::min, AnalysisFlag::max",4096,0.01,204686
STDDEV,double,"AnalysisFlag::min, AnalysisFlag::max",4096,0.01,203562
STDDEV,double,"AnalysisFlag::min, AnalysisFlag::max",4096,0.01,168810
STDDEV,double,"AnalysisFlag::min, AnalysisFlag::max",4096,0.01,166451
STDDEV,double,"AnalysisFlag::min, AnalysisFlag::max",4096,0.01,199358
STDDEV,double,"AnalysisFlag::min, AnalysisFlag::max",4096,0.01,169825
STDDEV,double,"AnalysisFlag::min, AnalysisFlag::max",4096,0.01,167117
STDDEV,double,"AnalysisFlag::min, AnalysisFlag::max",4096,0.01,169456
STDDEV,double,"AnalysisFlag::min, AnalysisFlag::max",4096,0.01,166881
STDDEV,double,"AnalysisFlag::min, AnalysisFlag::max",4096,0.01,167836
STDDEV,int64_t,"AnalysisFlag::min, AnalysisFlag::max",1024,0.01,26066
STDDEV,int64_t,"AnalysisFlag::min, AnalysisFlag::max",1024,0.01,24223
STDDEV,int64_t,"AnalysisFlag::min, AnalysisFlag::max",1024,0.01,25286
STDDEV,int64_t,"AnalysisFlag::min, AnalysisFlag::max",1024,0.01,27642
STDDEV,int64_t,"AnalysisFlag::min, AnalysisFlag::max",1024,0.01,24834
STDDEV,int64_t,"AnalysisFlag::min, AnalysisFlag::max",1024,0.01,25197
STDDEV,int64_t,"AnalysisFlag::min, AnalysisFlag::max",1024,0.01,25268
STDDEV,int64_t,"AnalysisFlag::min, AnalysisFlag::max",1024,0.01,26396
STDDEV,int64_t,"AnalysisFlag::min, AnalysisFlag::max",1024,0.01,24745
STDDEV,int64_t,"AnalysisFlag::min, AnalysisFlag::max",1024,0.01,25122
STDDEV,int64_t,"AnalysisFlag::min, AnalysisFlag::max",2048,0.01,62972
STDDEV,int64_t,"AnalysisFlag::min, AnalysisFlag::max",2048,0.01,61471
STDDEV,int64_t,"AnalysisFlag::min, AnalysisFlag::max",2048,0.01,65781
STDDEV,int64_t,"AnalysisFlag::min, AnalysisFlag::max",2048,0.01,67862
STDDEV,int64_t,"AnalysisFlag::min, AnalysisFlag::max",2048,0.01,63423
STDDEV,int64_t,"AnalysisFlag::min, AnalysisFlag::max",2048,0.01,62245
STDDEV,int64_t,"AnalysisFlag::min, AnalysisFlag::max",2048,0.01,68036
STDDEV,int64_t,"AnalysisFlag::min, AnalysisFlag::max",2048,0.01,65072
STDDEV,int64_t,"AnalysisFlag::min, AnalysisFlag::max",2048,0.01,63738
STDDEV,int64_t,"AnalysisFlag::min, AnalysisFlag::max",2048,0.01,66798
STDDEV,int64_t,"AnalysisFlag::min, AnalysisFlag::max",4096,0.01,175588
STDDEV,int64_t,"AnalysisFlag::min, AnalysisFlag::max",4096,0.01,173663
STDDEV,int64_t,"AnalysisFlag::min, AnalysisFlag::max",4096,0.01,185342
STDDEV,int64_t,"AnalysisFlag::min, AnalysisFlag::max",4096,0.01,189772
STDDEV,int64_t,"AnalysisFlag::min, AnalysisFlag::max",4096,0.01,174372
STDDEV,int64_t,"AnalysisFlag::min, AnalysisFlag::max",4096,0.01,173334
STDDEV,int64_t,"AnalysisFlag::min, AnalysisFlag::max",4096,0.01,182977
STDDEV,int64_t,"AnalysisFlag::min, AnalysisFlag::max",4096,0.01,180372
STDDEV,int64_t,"AnalysisFlag::min, AnalysisFlag::max",4096,0.01,177683
STDDEV,int64_t,"AnalysisFlag::min, AnalysisFlag::max",4096,0.01,172708
STDDEV,double,"AnalysisFlag::min, AnalysisFlag::max",1024,0.05,53411
STDDEV,double,"AnalysisFlag::min, AnalysisFlag::max",1024,0.05,53561
STDDEV,double,"AnalysisFlag::min, AnalysisFlag::max",1024,0.05,52569
STDDEV,double,"AnalysisFlag::min, AnalysisFlag::max",1024,0.05,53046
STDDEV,double,"AnalysisFlag::min, AnalysisFlag::max",1024,0.05,52414
STDDEV,double,"AnalysisFlag::min, AnalysisFlag::max",1024,0.05,53269
STDDEV,double,"AnalysisFlag::min, AnalysisFlag::max",1024,0.05,52859
STDDEV,double,"AnalysisFlag::min, AnalysisFlag::max",1024,0.05,52992
STDDEV,double,"AnalysisFlag::min, AnalysisFlag::max",1024,0.05,53026
STDDEV,double,"AnalysisFlag::min, AnalysisFlag::max",1024,0.05,52463
STDDEV,double,"AnalysisFlag::min, AnalysisFlag::max",2048,0.05,183444
STDDEV,double,"AnalysisFlag::min, AnalysisFlag::max",2048,0.05,177001
STDDEV,double,"AnalysisFlag::min, AnalysisFlag::max",2048,0.05,180108
STDDEV,double,"AnalysisFlag::min, AnalysisFlag::max",2048,0.05,176493
STDDEV,double,"AnalysisFlag::min, AnalysisFlag::max",2048,0.05,176449
STDDEV,double,"AnalysisFlag::min, AnalysisFlag::max",2048,0.05,178357
STDDEV,double,"AnalysisFlag::min, AnalysisFlag::max",2048,0.05,179283
STDDEV,double,"AnalysisFlag::min, AnalysisFlag::max",2048,0.05,180492
STDDEV,double,"AnalysisFlag::min, AnalysisFlag::max",2048,0.05,177721
STDDEV,double,"AnalysisFlag::min, AnalysisFlag::max",2048,0.05,180708
STDDEV,double,"AnalysisFlag::min, AnalysisFlag::max",4096,0.05,905484
STDDEV,double,"AnalysisFlag::min, AnalysisFlag::max",4096,0.05,764822
STDDEV,double,"AnalysisFlag::min, AnalysisFlag::max",4096,0.05,738608
STDDEV,double,"AnalysisFlag::min, AnalysisFlag::max",4096,0.05,732259
STDDEV,double,"AnalysisFlag::min, AnalysisFlag::max",4096,0.05,731642
STDDEV,double,"AnalysisFlag::min, AnalysisFlag::max",4096,0.05,727201
STDDEV,double,"AnalysisFlag::min, AnalysisFlag::max",4096,0.05,728902
STDDEV,double,"AnalysisFlag::min, AnalysisFlag::max",4096,0.05,736713
STDDEV,double,"AnalysisFlag::min, AnalysisFlag::max",4096,0.05,729735
STDDEV,double,"AnalysisFlag::min, AnalysisFlag::max",4096,0.05,727307
STDDEV,int64_t,"AnalysisFlag::min, AnalysisFlag::max",1024,0.05,56930
STDDEV,int64_t,"AnalysisFlag::min, AnalysisFlag::max",1024,0.05,53962
STDDEV,int64_t,"AnalysisFlag::min, AnalysisFlag::max",1024,0.05,54106
STDDEV,int64_t,"AnalysisFlag::min, AnalysisFlag::max",1024,0.05,54574
STDDEV,int64_t,"AnalysisFlag::min, AnalysisFlag::max",1024,0.05,64149
STDDEV,int64_t,"AnalysisFlag::min, AnalysisFlag::max",1024,0.05,62926
STDDEV,int64_t,"AnalysisFlag::min, AnalysisFlag::max",1024,0.05,54567
STDDEV,int64_t,"AnalysisFlag::min, AnalysisFlag::max",1024,0.05,55216
STDDEV,int64_t,"AnalysisFlag::min, AnalysisFlag::max",1024,0.05,61501
STDDEV,int64_t,"AnalysisFlag::min, AnalysisFlag::max",1024,0.05,54393
STDDEV,int64_t,"AnalysisFlag::min, AnalysisFlag::max",2048,0.05,169446
STDDEV,int64_t,"AnalysisFlag::min, AnalysisFlag::max",2048,0.05,166609
STDDEV,int64_t,"AnalysisFlag::min, AnalysisFlag::max",2048,0.05,169398
STDDEV,int64_t,"AnalysisFlag::min, AnalysisFlag::max",2048,0.05,167639
STDDEV,int64_t,"AnalysisFlag::min, AnalysisFlag::max",2048,0.05,168070
STDDEV,int64_t,"AnalysisFlag::min, AnalysisFlag::max",2048,0.05,166810
STDDEV,int64_t,"AnalysisFlag::min, AnalysisFlag::max",2048,0.05,167670
STDDEV,int64_t,"AnalysisFlag::min, AnalysisFlag::max",2048,0.05,166588
STDDEV,int64_t,"AnalysisFlag::min, AnalysisFlag::max",2048,0.05,168849
STDDEV,int64_t,"AnalysisFlag::min, AnalysisFlag::max",2048,0.05,167281
STDDEV,int64_t,"AnalysisFlag::min, AnalysisFlag::max",4096,0.05,608941
STDDEV,int64_t,"AnalysisFlag::min, AnalysisFlag::max",4096,0.05,596645
STDDEV,int64_t,"AnalysisFlag::min, AnalysisFlag::max",4096,0.05,596506
STDDEV,int64_t,"AnalysisFlag::min, AnalysisFlag::max",4096,0.05,588641
STDDEV,int64_t,"AnalysisFlag::min, AnalysisFlag::max",4096,0.05,581191
STDDEV,int64_t,"AnalysisFlag::min, AnalysisFlag::max",4096,0.05,588230
STDDEV,int64_t,"AnalysisFlag::min, AnalysisFlag::max",4096,0.05,579963
STDDEV,int64_t,"AnalysisFlag::min, AnalysisFlag::max",4096,0.05,584134
STDDEV,int64_t,"AnalysisFlag::min, AnalysisFlag::max",4096,0.05,599424
STDDEV,int64_t,"AnalysisFlag::min, AnalysisFlag::max",4096,0.05,583885
STDDEV,double,"AnalysisFlag::min, AnalysisFlag::max",1024,0.1,93494
STDDEV,double,"AnalysisFlag::min, AnalysisFlag::max",1024,0.1,92493
STDDEV,double,"AnalysisFlag::min, AnalysisFlag::max",1024,0.1,91887
STDDEV,double,"AnalysisFlag::min, AnalysisFlag::max",1024,0.1,89073
STDDEV,double,"AnalysisFlag::min, AnalysisFlag::max",1024,0.1,91481
STDDEV,double,"AnalysisFlag::min, AnalysisFlag::max",1024,0.1,91260
STDDEV,double,"AnalysisFlag::min, AnalysisFlag::max",1024,0.1,90659
STDDEV,double,"AnalysisFlag::min, AnalysisFlag::max",1024,0.1,92253
STDDEV,double,"AnalysisFlag::min, AnalysisFlag::max",1024,0.1,91012
STDDEV,double,"AnalysisFlag::min, AnalysisFlag::max",1024,0.1,91362
STDDEV,double,"AnalysisFlag::min, AnalysisFlag::max",2048,0.1,357860
STDDEV,double,"AnalysisFlag::min, AnalysisFlag::max",2048,0.1,353353
STDDEV,double,"AnalysisFlag::min, AnalysisFlag::max",2048,0.1,352273
STDDEV,double,"AnalysisFlag::min, AnalysisFlag::max",2048,0.1,351214
STDDEV,double,"AnalysisFlag::min, AnalysisFlag::max",2048,0.1,353070
STDDEV,double,"AnalysisFlag::min, AnalysisFlag::max",2048,0.1,354801
STDDEV,double,"AnalysisFlag::min, AnalysisFlag::max",2048,0.1,356849
STDDEV,double,"AnalysisFlag::min, AnalysisFlag::max",2048,0.1,352212
STDDEV,double,"AnalysisFlag::min, AnalysisFlag::max",2048,0.1,353315
STDDEV,double,"AnalysisFlag::min, AnalysisFlag::max",2048,0.1,352935
STDDEV,double,"AnalysisFlag::min, AnalysisFlag::max",4096,0.1,1.69716e+06
STDDEV,double,"AnalysisFlag::min, AnalysisFlag::max",4096,0.1,1.71862e+06
STDDEV,double,"AnalysisFlag::min, AnalysisFlag::max",4096,0.1,1.70461e+06
STDDEV,double,"AnalysisFlag::min, AnalysisFlag::max",4096,0.1,1.67627e+06
STDDEV,double,"AnalysisFlag::min, AnalysisFlag::max",4096,0.1,1.66469e+06
STDDEV,double,"AnalysisFlag::min, AnalysisFlag::max",4096,0.1,1.65781e+06
STDDEV,double,"AnalysisFlag::min, AnalysisFlag::max",4096,0.1,1.70862e+06
STDDEV,double,"AnalysisFlag::min, AnalysisFlag::max",4096,0.1,1.70709e+06
STDDEV,double,"AnalysisFlag::min, AnalysisFlag::max",4096,0.1,1.6765e+06
STDDEV,double,"AnalysisFlag::min, AnalysisFlag::max",4096,0.1,1.68645e+06
STDDEV,int64_t,"AnalysisFlag::min, AnalysisFlag::max",1024,0.1,93258
STDDEV,int64_t,"AnalysisFlag::min, AnalysisFlag::max",1024,0.1,85306
STDDEV,int64_t,"AnalysisFlag::min, AnalysisFlag::max",1024,0.1,85091
STDDEV,int64_t,"AnalysisFlag::min, AnalysisFlag::max",1024,0.1,84134
STDDEV,int64_t,"AnalysisFlag::min, AnalysisFlag::max",1024,0.1,86129
STDDEV,int64_t,"AnalysisFlag::min, AnalysisFlag::max",1024,0.1,85538
STDDEV,int64_t,"AnalysisFlag::min, AnalysisFlag::max",1024,0.1,84417
STDDEV,int64_t,"AnalysisFlag::min, AnalysisFlag::max",1024,0.1,84251
STDDEV,int64_t,"AnalysisFlag::min, AnalysisFlag::max",1024,0.1,85511
STDDEV,int64_t,"AnalysisFlag::min, AnalysisFlag::max",1024,0.1,85282
STDDEV,int64_t,"AnalysisFlag::min, AnalysisFlag::max",2048,0.1,318980
STDDEV,int64_t,"AnalysisFlag::min, AnalysisFlag::max",2048,0.1,285964
STDDEV,int64_t,"AnalysisFlag::min, AnalysisFlag::max",2048,0.1,288753
STDDEV,int64_t,"AnalysisFlag::min, AnalysisFlag::max",2048,0.1,298036
STDDEV,int64_t,"AnalysisFlag::min, AnalysisFlag::max",2048,0.1,300973
STDDEV,int64_t,"AnalysisFlag::min, AnalysisFlag::max",2048,0.1,303084
STDDEV,int64_t,"AnalysisFlag::min, AnalysisFlag::max",2048,0.1,299183
STDDEV,int64_t,"AnalysisFlag::min, AnalysisFlag::max",2048,0.1,282442
STDDEV,int64_t,"AnalysisFlag::min, AnalysisFlag::max",2048,0.1,285889
STDDEV,int64_t,"AnalysisFlag::min, AnalysisFlag::max",2048,0.1,283939
STDDEV,int64_t,"AnalysisFlag::min, AnalysisFlag::max",4096,0.1,1.41363e+06
STDDEV,int64_t,"AnalysisFlag::min, AnalysisFlag::max",4096,0.1,1.47362e+06
STDDEV,int64_t,"AnalysisFlag::min, AnalysisFlag::max",4096,0.1,1.42482e+06
STDDEV,int64_t,"AnalysisFlag::min, AnalysisFlag::max",4096,0.1,1.43824e+06
STDDEV,int64_t,"AnalysisFlag::min, AnalysisFlag::max",4096,0.1,1.41715e+06
STDDEV,int64_t,"AnalysisFlag::min, AnalysisFlag::max",4096,0.1,1.40648e+06
STDDEV,int64_t,"AnalysisFlag::min, AnalysisFlag::max",4096,0.1,1.40241e+06
STDDEV,int64_t,"AnalysisFlag::min, AnalysisFlag::max",4096,0.1,1.39896e+06
STDDEV,int64_t,"AnalysisFlag::min, AnalysisFlag::max",4096,0.1,1.40816e+06
STDDEV,int64_t,"AnalysisFlag::min, AnalysisFlag::max",4096,0.1,1.39774e+06
STDDEV,double,"AnalysisFlag::min, AnalysisFlag::max",1024,0.2,217516
STDDEV,double,"AnalysisFlag::min, AnalysisFlag::max",1024,0.2,181815
STDDEV,double,"AnalysisFlag::min, AnalysisFlag::max",1024,0.2,177521
STDDEV,double,"AnalysisFlag::min, AnalysisFlag::max",1024,0.2,179543
STDDEV,double,"AnalysisFlag::min, AnalysisFlag::max",1024,0.2,177955
STDDEV,double,"AnalysisFlag::min, AnalysisFlag::max",1024,0.2,177714
STDDEV,double,"AnalysisFlag::min, AnalysisFlag::max",1024,0.2,177484
STDDEV,double,"AnalysisFlag::min, AnalysisFlag::max",1024,0.2,177583
STDDEV,double,"AnalysisFlag::min, AnalysisFlag::max",1024,0.2,177347
STDDEV,double,"AnalysisFlag::min, AnalysisFlag::max",1024,0.2,177476
STDDEV,double,"AnalysisFlag::min, AnalysisFlag::max",2048,0.2,775339
STDDEV,double,"AnalysisFlag::min, AnalysisFlag::max",2048,0.2,716964
STDDEV,double,"AnalysisFlag::min, AnalysisFlag::max",2048,0.2,709654
STDDEV,double,"AnalysisFlag::min, AnalysisFlag::max",2048,0.2,704538
STDDEV,double,"AnalysisFlag::min, AnalysisFlag::max",2048,0.2,709697
STDDEV,double,"AnalysisFlag::min, AnalysisFlag::max",2048,0.2,702457
STDDEV,double,"AnalysisFlag::min, AnalysisFlag::max",2048,0.2,704899
STDDEV,double,"AnalysisFlag::min, AnalysisFlag::max",2048,0.2,728719
STDDEV,double,"AnalysisFlag::min, AnalysisFlag::max",2048,0.2,704981
STDDEV,double,"AnalysisFlag::min, AnalysisFlag::max",2048,0.2,711665
STDDEV,double,"AnalysisFlag::min, AnalysisFlag::max",4096,0.2,3.52958e+06
STDDEV,double,"AnalysisFlag::min, AnalysisFlag::max",4096,0.2,3.60403e+06
STDDEV,double,"AnalysisFlag::min, AnalysisFlag::max",4096,0.2,3.50944e+06
STDDEV,double,"AnalysisFlag::min, AnalysisFlag::max",4096,0.2,3.57992e+06
STDDEV,double,"AnalysisFlag::min, AnalysisFlag::max",4096,0.2,3.53534e+06
STDDEV,double,"AnalysisFlag::min, AnalysisFlag::max",4096,0.2,3.56369e+06
STDDEV,double,"AnalysisFlag::min, AnalysisFlag::max",4096,0.2,3.53482e+06
STDDEV,double,"AnalysisFlag::min, AnalysisFlag::max",4096,0.2,3.54775e+06
STDDEV,double,"AnalysisFlag::min, AnalysisFlag::max",4096,0.2,3.52438e+06
STDDEV,double,"AnalysisFlag::min, AnalysisFlag::max",4096,0.2,3.54794e+06
STDDEV,int64_t,"AnalysisFlag::min, AnalysisFlag::max",1024,0.2,199200
STDDEV,int64_t,"AnalysisFlag::min, AnalysisFlag::max",1024,0.2,152808
STDDEV,int64_t,"AnalysisFlag::min, AnalysisFlag::max",1024,0.2,144263
STDDEV,int64_t,"AnalysisFlag::min, AnalysisFlag::max",1024,0.2,152010
STDDEV,int64_t,"AnalysisFlag::min, AnalysisFlag::max",1024,0.2,154603
STDDEV,int64_t,"AnalysisFlag::min, AnalysisFlag::max",1024,0.2,151430
STDDEV,int64_t,"AnalysisFlag::min, AnalysisFlag::max",1024,0.2,144864
STDDEV,int64_t,"AnalysisFlag::min, AnalysisFlag::max",1024,0.2,146413
STDDEV,int64_t,"AnalysisFlag::min, AnalysisFlag::max",1024,0.2,150388
STDDEV,int64_t,"AnalysisFlag::min, AnalysisFlag::max",1024,0.2,143389
STDDEV,int64_t,"AnalysisFlag::min, AnalysisFlag::max",2048,0.2,739504
STDDEV,int64_t,"AnalysisFlag::min, AnalysisFlag::max",2048,0.2,597610
STDDEV,int64_t,"AnalysisFlag::min, AnalysisFlag::max",2048,0.2,577328
STDDEV,int64_t,"AnalysisFlag::min, AnalysisFlag::max",2048,0.2,569973
STDDEV,int64_t,"AnalysisFlag::min, AnalysisFlag::max",2048,0.2,587910
STDDEV,int64_t,"AnalysisFlag::min, AnalysisFlag::max",2048,0.2,580149
STDDEV,int64_t,"AnalysisFlag::min, AnalysisFlag::max",2048,0.2,573724
STDDEV,int64_t,"AnalysisFlag::min, AnalysisFlag::max",2048,0.2,590192
STDDEV,int64_t,"AnalysisFlag::min, AnalysisFlag::max",2048,0.2,579390
STDDEV,int64_t,"AnalysisFlag::min, AnalysisFlag::max",2048,0.2,575701
STDDEV,int64_t,"AnalysisFlag::min, AnalysisFlag::max",4096,0.2,2.95676e+06
STDDEV,int64_t,"AnalysisFlag::min, AnalysisFlag::max",4096,0.2,2.97995e+06
STDDEV,int64_t,"AnalysisFlag::min, AnalysisFlag::max",4096,0.2,2.91584e+06
STDDEV,int64_t,"AnalysisFlag::min, AnalysisFlag::max",4096,0.2,2.94803e+06
STDDEV,int64_t,"AnalysisFlag::min, AnalysisFlag::max",4096,0.2,2.93774e+06
STDDEV,int64_t,"AnalysisFlag::min, AnalysisFlag::max",4096,0.2,2.9443e+06
STDDEV,int64_t,"AnalysisFlag::min, AnalysisFlag::max",4096,0.2,2.92323e+06
STDDEV,int64_t,"AnalysisFlag::min, AnalysisFlag::max",4096,0.2,2.9461e+06
STDDEV,int64_t,"AnalysisFlag::min, AnalysisFlag::max",4096,0.2,2.93159e+06
STDDEV,int64_t,"AnalysisFlag::min, AnalysisFlag::max",4096,0.2,2.93843e+06
STDDEV,double,"AnalysisFlag::min, AnalysisFlag::max",1024,0.25,1.93075e+06
STDDEV,double,"AnalysisFlag::min, AnalysisFlag::max",1024,0.25,1.92634e+06
STDDEV,double,"AnalysisFlag::min, AnalysisFlag::max",1024,0.25,1.92437e+06
STDDEV,double,"AnalysisFlag::min, AnalysisFlag::max",1024,0.25,1.92612e+06
STDDEV,double,"AnalysisFlag::min, AnalysisFlag::max",1024,0.25,1.92681e+06
STDDEV,double,"AnalysisFlag::min, AnalysisFlag::max",1024,0.25,1.92413e+06
STDDEV,double,"AnalysisFlag::min, AnalysisFlag::max",1024,0.25,1.9261e+06
STDDEV,double,"AnalysisFlag::min, AnalysisFlag::max",1024,0.25,1.92642e+06
STDDEV,double,"AnalysisFlag::min, AnalysisFlag::max",1024,0.25,1.92666e+06
STDDEV,double,"AnalysisFlag::min, AnalysisFlag::max",1024,0.25,1.92572e+06
STDDEV,double,"AnalysisFlag::min, AnalysisFlag::max",2048,0.25,8.03433e+06
STDDEV,double,"AnalysisFlag::min, AnalysisFlag::max",2048,0.25,8.01304e+06
STDDEV,double,"AnalysisFlag::min, AnalysisFlag::max",2048,0.25,8.0243e+06
STDDEV,double,"AnalysisFlag::min, AnalysisFlag::max",2048,0.25,8.01149e+06
STDDEV,double,"AnalysisFlag::min, AnalysisFlag::max",2048,0.25,8.01991e+06
STDDEV,double,"AnalysisFlag::min, AnalysisFlag::max",2048,0.25,8.01898e+06
STDDEV,double,"AnalysisFlag::min, AnalysisFlag::max",2048,0.25,8.01025e+06
STDDEV,double,"AnalysisFlag::min, AnalysisFlag::max",2048,0.25,8.02852e+06
STDDEV,double,"AnalysisFlag::min, AnalysisFlag::max",2048,0.25,8.02734e+06
STDDEV,double,"AnalysisFlag::min, AnalysisFlag::max",2048,0.25,8.02816e+06
STDDEV,double,"AnalysisFlag::min, AnalysisFlag::max",4096,0.25,3.24551e+07
STDDEV,double,"AnalysisFlag::min, AnalysisFlag::max",4096,0.25,3.24434e+07
STDDEV,double,"AnalysisFlag::min, AnalysisFlag::max",4096,0.25,3.24504e+07
STDDEV,double,"AnalysisFlag::min, AnalysisFlag::max",4096,0.25,3.24421e+07
STDDEV,double,"AnalysisFlag::min, AnalysisFlag::max",4096,0.25,3.24356e+07
STDDEV,double,"AnalysisFlag::min, AnalysisFlag::max",4096,0.25,3.24314e+07
STDDEV,double,"AnalysisFlag::min, AnalysisFlag::max",4096,0.25,3.24373e+07
STDDEV,double,"AnalysisFlag::min, AnalysisFlag::max",4096,0.25,3.24508e+07
STDDEV,double,"AnalysisFlag::min, AnalysisFlag::max",4096,0.25,3.24486e+07
STDDEV,double,"AnalysisFlag::min, AnalysisFlag::max",4096,0.25,3.24306e+07
STDDEV,int64_t,"AnalysisFlag::min, AnalysisFlag::max",1024,0.25,1.93835e+06
STDDEV,int64_t,"AnalysisFlag::min, AnalysisFlag::max",1024,0.25,1.91339e+06
STDDEV,int64_t,"AnalysisFlag::min, AnalysisFlag::max",1024,0.25,2.09846e+06
STDDEV,int64_t,"AnalysisFlag::min, AnalysisFlag::max",1024,0.25,2.08658e+06
STDDEV,int64_t,"AnalysisFlag::min, AnalysisFlag::max",1024,0.25,1.9127e+06
STDDEV,int64_t,"AnalysisFlag::min, AnalysisFlag::max",1024,0.25,2.08734e+06
STDDEV,int64_t,"AnalysisFlag::min, AnalysisFlag::max",1024,0.25,2.08707e+06
STDDEV,int64_t,"AnalysisFlag::min, AnalysisFlag::max",1024,0.25,2.08706e+06
STDDEV,int64_t,"AnalysisFlag::min, AnalysisFlag::max",1024,0.25,2.08689e+06
STDDEV,int64_t,"AnalysisFlag::min, AnalysisFlag::max",1024,0.25,2.08363e+06
STDDEV,int64_t,"AnalysisFlag::min, AnalysisFlag::max",2048,0.25,7.70084e+06
STDDEV,int64_t,"AnalysisFlag::min, AnalysisFlag::max",2048,0.25,7.71876e+06
STDDEV,int64_t,"AnalysisFlag::min, AnalysisFlag::max",2048,0.25,7.71026e+06
STDDEV,int64_t,"AnalysisFlag::min, AnalysisFlag::max",2048,0.25,7.7059e+06
STDDEV,int64_t,"AnalysisFlag::min, AnalysisFlag::max",2048,0.25,7.69264e+06
STDDEV,int64_t,"AnalysisFlag::min, AnalysisFlag::max",2048,0.25,7.70448e+06
STDDEV,int64_t,"AnalysisFlag::min, AnalysisFlag::max",2048,0.25,7.70372e+06
STDDEV,int64_t,"AnalysisFlag::min, AnalysisFlag::max",2048,0.25,7.68668e+06
STDDEV,int64_t,"AnalysisFlag::min, AnalysisFlag::max",2048,0.25,7.70793e+06
STDDEV,int64_t,"AnalysisFlag::min, AnalysisFlag::max",2048,0.25,7.76251e+06
STDDEV,int64_t,"AnalysisFlag::min, AnalysisFlag::max",4096,0.25,3.06182e+07
STDDEV,int64_t,"AnalysisFlag::min, AnalysisFlag::max",4096,0.25,3.06199e+07
STDDEV,int64_t,"AnalysisFlag::min, AnalysisFlag::max",4096,0.25,3.06131e+07
STDDEV,int64_t,"AnalysisFlag::min, AnalysisFlag::max",4096,0.25,3.06413e+07
STDDEV,int64_t,"AnalysisFlag::min, AnalysisFlag::max",4096,0.25,3.06201e+07
STDDEV,int64_t,"AnalysisFlag::min, AnalysisFlag::max",4096,0.25,3.06147e+07
STDDEV,int64_t,"AnalysisFlag::min, AnalysisFlag::max",4096,0.25,3.06357e+07
STDDEV,int64_t,"AnalysisFlag::min, AnalysisFlag::max",4096,0.25,3.06297e+07
STDDEV,int64_t,"AnalysisFlag::min, AnalysisFlag::max",4096,0.25,3.06251e+07
STDDEV,int64_t,"AnalysisFlag::min, AnalysisFlag::max",4096,0.25,3.06168e+07
STDDEV,double,"AnalysisFlag::min, AnalysisFlag::max",1024,1,2.06656e+06
STDDEV,double,"AnalysisFlag::min, AnalysisFlag::max",1024,1,1.92772e+06
STDDEV,double,"AnalysisFlag::min, AnalysisFlag::max",1024,1,1.92772e+06
STDDEV,double,"AnalysisFlag::min, AnalysisFlag::max",1024,1,1.92642e+06
STDDEV,double,"AnalysisFlag::min, AnalysisFlag::max",1024,1,1.92621e+06
STDDEV,double,"AnalysisFlag::min, AnalysisFlag::max",1024,1,1.92641e+06
STDDEV,double,"AnalysisFlag::min, AnalysisFlag::max",1024,1,1.92188e+06
STDDEV,double,"AnalysisFlag::min, AnalysisFlag::max",1024,1,1.92589e+06
STDDEV,double,"AnalysisFlag::min, AnalysisFlag::max",1024,1,1.92631e+06
STDDEV,double,"AnalysisFlag::min, AnalysisFlag::max",1024,1,1.92675e+06
STDDEV,double,"AnalysisFlag::min, AnalysisFlag::max",2048,1,8.10634e+06
STDDEV,double,"AnalysisFlag::min, AnalysisFlag::max",2048,1,8.02367e+06
STDDEV,double,"AnalysisFlag::min, AnalysisFlag::max",2048,1,8.02739e+06
STDDEV,double,"AnalysisFlag::min, AnalysisFlag::max",2048,1,8.04078e+06
STDDEV,double,"AnalysisFlag::min, AnalysisFlag::max",2048,1,8.02651e+06
STDDEV,double,"AnalysisFlag::min, AnalysisFlag::max",2048,1,8.03962e+06
STDDEV,double,"AnalysisFlag::min, AnalysisFlag::max",2048,1,8.0287e+06
STDDEV,double,"AnalysisFlag::min, AnalysisFlag::max",2048,1,8.02996e+06
STDDEV,double,"AnalysisFlag::min, AnalysisFlag::max",2048,1,8.02614e+06
STDDEV,double,"AnalysisFlag::min, AnalysisFlag::max",2048,1,8.02923e+06
STDDEV,double,"AnalysisFlag::min, AnalysisFlag::max",4096,1,3.24494e+07
STDDEV,double,"AnalysisFlag::min, AnalysisFlag::max",4096,1,3.24465e+07
STDDEV,double,"AnalysisFlag::min, AnalysisFlag::max",4096,1,3.2437e+07
STDDEV,double,"AnalysisFlag::min, AnalysisFlag::max",4096,1,3.24812e+07
STDDEV,double,"AnalysisFlag::min, AnalysisFlag::max",4096,1,3.2443e+07
STDDEV,double,"AnalysisFlag::min, AnalysisFlag::max",4096,1,3.24507e+07
STDDEV,double,"AnalysisFlag::min, AnalysisFlag::max",4096,1,3.24582e+07
STDDEV,double,"AnalysisFlag::min, AnalysisFlag::max",4096,1,3.24407e+07
STDDEV,double,"AnalysisFlag::min, AnalysisFlag::max",4096,1,3.2438e+07
STDDEV,double,"AnalysisFlag::min, AnalysisFlag::max",4096,1,3.24766e+07
STDDEV,int64_t,"AnalysisFlag::min, AnalysisFlag::max",1024,1,2.05499e+06
STDDEV,int64_t,"AnalysisFlag::min, AnalysisFlag::max",1024,1,1.91392e+06
STDDEV,int64_t,"AnalysisFlag::min, AnalysisFlag::max",1024,1,2.08568e+06
STDDEV,int64_t,"AnalysisFlag::min, AnalysisFlag::max",1024,1,1.94548e+06
STDDEV,int64_t,"AnalysisFlag::min, AnalysisFlag::max",1024,1,1.96634e+06
STDDEV,int64_t,"AnalysisFlag::min, AnalysisFlag::max",1024,1,1.91156e+06
STDDEV,int64_t,"AnalysisFlag::min, AnalysisFlag::max",1024,1,1.9107e+06
STDDEV,int64_t,"AnalysisFlag::min, AnalysisFlag::max",1024,1,1.91275e+06
STDDEV,int64_t,"AnalysisFlag::min, AnalysisFlag::max",1024,1,2.08739e+06
STDDEV,int64_t,"AnalysisFlag::min, AnalysisFlag::max",1024,1,2.086e+06
STDDEV,int64_t,"AnalysisFlag::min, AnalysisFlag::max",2048,1,7.77367e+06
STDDEV,int64_t,"AnalysisFlag::min, AnalysisFlag::max",2048,1,7.68404e+06
STDDEV,int64_t,"AnalysisFlag::min, AnalysisFlag::max",2048,1,7.69329e+06
STDDEV,int64_t,"AnalysisFlag::min, AnalysisFlag::max",2048,1,7.69229e+06
STDDEV,int64_t,"AnalysisFlag::min, AnalysisFlag::max",2048,1,7.69403e+06
STDDEV,int64_t,"AnalysisFlag::min, AnalysisFlag::max",2048,1,7.70629e+06
STDDEV,int64_t,"AnalysisFlag::min, AnalysisFlag::max",2048,1,7.67795e+06
STDDEV,int64_t,"AnalysisFlag::min, AnalysisFlag::max",2048,1,7.68121e+06
STDDEV,int64_t,"AnalysisFlag::min, AnalysisFlag::max",2048,1,7.68298e+06
STDDEV,int64_t,"AnalysisFlag::min, AnalysisFlag::max",2048,1,7.71356e+06
STDDEV,int64_t,"AnalysisFlag::min, AnalysisFlag::max",4096,1,3.06799e+07
STDDEV,int64_t,"AnalysisFlag::min, AnalysisFlag::max",4096,1,3.06133e+07
STDDEV,int64_t,"AnalysisFlag::min, AnalysisFlag::max",4096,1,3.06388e+07
STDDEV,int64_t,"AnalysisFlag::min, AnalysisFlag::max",4096,1,3.06324e+07
STDDEV,int64_t,"AnalysisFlag::min, AnalysisFlag::max",4096,1,3.06284e+07
STDDEV,int64_t,"AnalysisFlag::min, AnalysisFlag::max",4096,1,3.06334e+07
STDDEV,int64_t,"AnalysisFlag::min, AnalysisFlag::max",4096,1,3.06253e+07
STDDEV,int64_t,"AnalysisFlag::min, AnalysisFlag::max",4096,1,3.06339e+07
STDDEV,int64_t,"AnalysisFlag::min, AnalysisFlag::max",4096,1,3.06217e+07
STDDEV,int64_t,"AnalysisFlag::min, AnalysisFlag::max",4096,1,3.06396e+07
VAR,double,"AnalysisFlag::min, AnalysisFlag::max",1024,0.001,16278
VAR,double,"AnalysisFlag::min, AnalysisFlag::max",1024,0.001,11346
VAR,double,"AnalysisFlag::min, AnalysisFlag::max",1024,0.001,15844
VAR,double,"AnalysisFlag::min, AnalysisFlag::max",1024,0.001,13117
VAR,double,"AnalysisFlag::min, AnalysisFlag::max",1024,0.001,13171
VAR,double,"AnalysisFlag::min, AnalysisFlag::max",1024,0.001,13268
VAR,double,"AnalysisFlag::min, AnalysisFlag::max",1024,0.001,13174
VAR,double,"AnalysisFlag::min, AnalysisFlag::max",1024,0.001,13260
VAR,double,"AnalysisFlag::min, AnalysisFlag::max",1024,0.001,12933
VAR,double,"AnalysisFlag::min, AnalysisFlag::max",1024,0.001,12921
VAR,double,"AnalysisFlag::min, AnalysisFlag::max",2048,0.001,30753
VAR,double,"AnalysisFlag::min, AnalysisFlag::max",2048,0.001,27298
VAR,double,"AnalysisFlag::min, AnalysisFlag::max",2048,0.001,29657
VAR,double,"AnalysisFlag::min, AnalysisFlag::max",2048,0.001,28583
VAR,double,"AnalysisFlag::min, AnalysisFlag::max",2048,0.001,28720
VAR,double,"AnalysisFlag::min, AnalysisFlag::max",2048,0.001,29191
VAR,double,"AnalysisFlag::min, AnalysisFlag::max",2048,0.001,27751
VAR,double,"AnalysisFlag::min, AnalysisFlag::max",2048,0.001,28625
VAR,double,"AnalysisFlag::min, AnalysisFlag::max",2048,0.001,28140
VAR,double,"AnalysisFlag::min, AnalysisFlag::max",2048,0.001,28026
VAR,double,"AnalysisFlag::min, AnalysisFlag::max",4096,0.001,76048
VAR,double,"AnalysisFlag::min, AnalysisFlag::max",4096,0.001,71789
VAR,double,"AnalysisFlag::min, AnalysisFlag::max",4096,0.001,73868
VAR,double,"AnalysisFlag::min, AnalysisFlag::max",4096,0.001,74074
VAR,double,"AnalysisFlag::min, AnalysisFlag::max",4096,0.001,73808
VAR,double,"AnalysisFlag::min, AnalysisFlag::max",4096,0.001,71943
VAR,double,"AnalysisFlag::min, AnalysisFlag::max",4096,0.001,71445
VAR,double,"AnalysisFlag::min, AnalysisFlag::max",4096,0.001,71768
VAR,double,"AnalysisFlag::min, AnalysisFlag::max",4096,0.001,71651
VAR,double,"AnalysisFlag::min, AnalysisFlag::max",4096,0.001,71609
VAR,int64_t,"AnalysisFlag::min, AnalysisFlag::max",1024,0.001,13193
VAR,int64_t,"AnalysisFlag::min, AnalysisFlag::max",1024,0.001,9463
VAR,int64_t,"AnalysisFlag::min, AnalysisFlag::max",1024,0.001,11887
VAR,int64_t,"AnalysisFlag::min, AnalysisFlag::max",1024,0.001,11581
VAR,int64_t,"AnalysisFlag::min, AnalysisFlag::max",1024,0.001,11715
VAR,int64_t,"AnalysisFlag::min, AnalysisFlag::max",1024,0.001,11568
VAR,int64_t,"AnalysisFlag::min, AnalysisFlag::max",1024,0.001,11687
VAR,int64_t,"AnalysisFlag::min, AnalysisFlag::max",1024,0.001,11157
VAR,int64_t,"AnalysisFlag::min, AnalysisFlag::max",1024,0.001,11503
VAR,int64_t,"AnalysisFlag::min, AnalysisFlag::max",1024,0.001,11713
VAR,int64_t,"AnalysisFlag::min, AnalysisFlag::max",2048,0.001,28129
VAR,int64_t,"AnalysisFlag::min, AnalysisFlag::max",2048,0.001,24472
VAR,int64_t,"AnalysisFlag::min, AnalysisFlag::max",2048,0.001,27872
VAR,int64_t,"AnalysisFlag::min, AnalysisFlag::max",2048,0.001,27542
VAR,int64_t,"AnalysisFlag::min, AnalysisFlag::max",2048,0.001,27370
VAR,int64_t,"AnalysisFlag::min, AnalysisFlag::max",2048,0.001,26778
VAR,int64_t,"AnalysisFlag::min, AnalysisFlag::max",2048,0.001,27128
VAR,int64_t,"AnalysisFlag::min, AnalysisFlag::max",2048,0.001,27325
VAR,int64_t,"AnalysisFlag::min, AnalysisFlag::max",2048,0.001,27103
VAR,int64_t,"AnalysisFlag::min, AnalysisFlag::max",2048,0.001,27268
VAR,int64_t,"AnalysisFlag::min, AnalysisFlag::max",4096,0.001,72178
VAR,int64_t,"AnalysisFlag::min, AnalysisFlag::max",4096,0.001,67327
VAR,int64_t,"AnalysisFlag::min, AnalysisFlag::max",4096,0.001,72700
VAR,int64_t,"AnalysisFlag::min, AnalysisFlag::max",4096,0.001,71329
VAR,int64_t,"AnalysisFlag::min, AnalysisFlag::max",4096,0.001,69827
VAR,int64_t,"AnalysisFlag::min, AnalysisFlag::max",4096,0.001,71220
VAR,int64_t,"AnalysisFlag::min, AnalysisFlag::max",4096,0.001,70657
VAR,int64_t,"AnalysisFlag::min, AnalysisFlag::max",4096,0.001,71752
VAR,int64_t,"AnalysisFlag::min, AnalysisFlag::max",4096,0.001,70298
VAR,int64_t,"AnalysisFlag::min, AnalysisFlag::max",4096,0.001,70016
VAR,double,"AnalysisFlag::min, AnalysisFlag::max",1024,0.01,27363
VAR,double,"AnalysisFlag::min, AnalysisFlag::max",1024,0.01,24901
VAR,double,"AnalysisFlag::min, AnalysisFlag::max",1024,0.01,26391
VAR,double,"AnalysisFlag::min, AnalysisFlag::max",1024,0.01,25918
VAR,double,"AnalysisFlag::min, AnalysisFlag::max",1024,0.01,25650
VAR,double,"AnalysisFlag::min, AnalysisFlag::max",1024,0.01,25605
VAR,double,"AnalysisFlag::min, AnalysisFlag::max",1024,0.01,26833
VAR,double,"AnalysisFlag::min, AnalysisFlag::max",1024,0.01,26681
VAR,double,"AnalysisFlag::min, AnalysisFlag::max",1024,0.01,25063
VAR,double,"AnalysisFlag::min, AnalysisFlag::max",1024,0.01,26116
VAR,double,"AnalysisFlag::min, AnalysisFlag::max",2048,0.01,68837
VAR,double,"AnalysisFlag::min, AnalysisFlag::max",2048,0.01,71275
VAR,double,"AnalysisFlag::min, AnalysisFlag::max",2048,0.01,69572
VAR,double,"AnalysisFlag::min, AnalysisFlag::max",2048,0.01,62699
VAR,double,"AnalysisFlag::min, AnalysisFlag::max",2048,0.01,69180
VAR,double,"AnalysisFlag::min, AnalysisFlag::max",2048,0.01,71826
VAR,double,"AnalysisFlag::min, AnalysisFlag::max",2048,0.01,67530
VAR,double,"AnalysisFlag::min, AnalysisFlag::max",2048,0.01,67556
VAR,double,"AnalysisFlag::min, AnalysisFlag::max",2048,0.01,69060
VAR,double,"AnalysisFlag::min, AnalysisFlag::max",2048,0.01,69663
VAR,double,"AnalysisFlag::min, AnalysisFlag::max",4096,0.01,185080
VAR,double,"AnalysisFlag::min, AnalysisFlag::max",4096,0.01,181329
VAR,double,"AnalysisFlag::min, AnalysisFlag::max",4096,0.01,179996
VAR,double,"AnalysisFlag::min, AnalysisFlag::max",4096,0.01,179344
VAR,double,"AnalysisFlag::min, AnalysisFlag::max",4096,0.01,178754
VAR,double,"AnalysisFlag::min, AnalysisFlag::max",4096,0.01,182711
VAR,double,"AnalysisFlag::min, AnalysisFlag::max",4096,0.01,182065
VAR,double,"AnalysisFlag::min, AnalysisFlag::max",4096,0.01,180187
VAR,double,"AnalysisFlag::min, AnalysisFlag::max",4096,0.01,181501
VAR,double,"AnalysisFlag::min, AnalysisFlag::max",4096,0.01,180002
VAR,int64_t,"AnalysisFlag::min, AnalysisFlag::max",1024,0.01,24796
VAR,int64_t,"AnalysisFlag::min, AnalysisFlag::max",1024,0.01,22659
VAR,int64_t,"AnalysisFlag::min, AnalysisFlag::max",1024,0.01,23884
VAR,int64_t,"AnalysisFlag::min, AnalysisFlag::max",1024,0.01,23752
VAR,int64_t,"AnalysisFlag::min, AnalysisFlag::max",1024,0.01,24419
VAR,int64_t,"AnalysisFlag::min, AnalysisFlag::max",1024,0.01,25631
VAR,int64_t,"AnalysisFlag::min, AnalysisFlag::max",1024,0.01,23435
VAR,int64_t,"AnalysisFlag::min, AnalysisFlag::max",1024,0.01,23472
VAR,int64_t,"AnalysisFlag::min, AnalysisFlag::max",1024,0.01,23253
VAR,int64_t,"AnalysisFlag::min, AnalysisFlag::max",1024,0.01,23971
VAR,int64_t,"AnalysisFlag::min, AnalysisFlag::max",2048,0.01,62702
VAR,int64_t,"AnalysisFlag::min, AnalysisFlag::max",2048,0.01,69807
VAR,int64_t,"AnalysisFlag::min, AnalysisFlag::max",2048,0.01,61964
VAR,int64_t,"AnalysisFlag::min, AnalysisFlag::max",2048,0.01,63467
VAR,int64_t,"AnalysisFlag::min, AnalysisFlag::max",2048,0.01,63881
VAR,int64_t,"AnalysisFlag::min, AnalysisFlag::max",2048,0.01,66295
VAR,int64_t,"AnalysisFlag::min, AnalysisFlag::max",2048,0.01,61304
VAR,int64_t,"AnalysisFlag::min, AnalysisFlag::max",2048,0.01,61569
VAR,int64_t,"AnalysisFlag::min, AnalysisFlag::max",2048,0.01,63505
VAR,int64_t,"AnalysisFlag::min, AnalysisFlag::max",2048,0.01,65202
VAR,int64_t,"AnalysisFlag::min, AnalysisFlag::max",4096,0.01,178025
VAR,int64_t,"AnalysisFlag::min, AnalysisFlag::max",4096,0.01,179151
VAR,int64_t,"AnalysisFlag::min, AnalysisFlag::max",4096,0.01,170330
VAR,int64_t,"AnalysisFlag::min, AnalysisFlag::max",4096,0.01,179344
VAR,int64_t,"AnalysisFlag::min, AnalysisFlag::max",4096,0.01,169322
VAR,int64_t,"AnalysisFlag::min, AnalysisFlag::max",4096,0.01,177947
VAR,int64_t,"AnalysisFlag::min, AnalysisFlag::max",4096,0.01,171601
VAR,int64_t,"AnalysisFlag::min, AnalysisFlag::max",4096,0.01,174166
VAR,int64_t,"AnalysisFlag::min, AnalysisFlag::max",4096,0.01,171441
VAR,int64_t,"AnalysisFlag::min, AnalysisFlag::max",4096,0.01,173798
VAR,double,"AnalysisFlag::min, AnalysisFlag::max",1024,0.05,66279
VAR,double,"AnalysisFlag::min, AnalysisFlag::max",1024,0.05,55744
VAR,double,"AnalysisFlag::min, AnalysisFlag::max",1024,0.05,54161
VAR,double,"AnalysisFlag::min, AnalysisFlag::max",1024,0.05,55381
VAR,double,"AnalysisFlag::min, AnalysisFlag::max",1024,0.05,54993
VAR,double,"AnalysisFlag::min, AnalysisFlag::max",1024,0.05,55593
VAR,double,"AnalysisFlag::min, AnalysisFlag::max",1024,0.05,55191
VAR,double,"AnalysisFlag::min, AnalysisFlag::max",1024,0.05,55344
VAR,double,"AnalysisFlag::min, AnalysisFlag::max",1024,0.05,60565
VAR,double,"AnalysisFlag::min, AnalysisFlag::max",1024,0.05,65259
VAR,double,"AnalysisFlag::min, AnalysisFlag::max",2048,0.05,175314
VAR,double,"AnalysisFlag::min, AnalysisFlag::max",2048,0.05,174873
VAR,double,"AnalysisFlag::min, AnalysisFlag::max",2048,0.05,174217
VAR,double,"AnalysisFlag::min, AnalysisFlag::max",2048,0.05,174124
VAR,double,"AnalysisFlag::min, AnalysisFlag::max",2048,0.05,176212
VAR,double,"AnalysisFlag::min, AnalysisFlag::max",2048,0.05,174722
VAR,double,"AnalysisFlag::min, AnalysisFlag::max",2048,0.05,174048
VAR,double,"AnalysisFlag::min, AnalysisFlag::max",2048,0.05,200470
VAR,double,"AnalysisFlag::min, AnalysisFlag::max",2048,0.05,189667
VAR,double,"AnalysisFlag::min, AnalysisFlag::max",2048,0.05,176664
VAR,double,"AnalysisFlag::min, AnalysisFlag::max",4096,0.05,896625
VAR,double,"AnalysisFlag::min, AnalysisFlag::max",4096,0.05,753109
VAR,double,"AnalysisFlag::min, AnalysisFlag::max",4096,0.05,733087
VAR,double,"AnalysisFlag::min, AnalysisFlag::max",4096,0.05,740827
VAR,double,"AnalysisFlag::min, AnalysisFlag::max",4096,0.05,734055
VAR,double,"AnalysisFlag::min, AnalysisFlag::max",4096,0.05,743658
VAR,double,"AnalysisFlag::min, AnalysisFlag::max",4096,0.05,737082
VAR,double,"AnalysisFlag::min, AnalysisFlag::max",4096,0.05,732467
VAR,double,"AnalysisFlag::min, AnalysisFlag::max",4096,0.05,738943
VAR,double,"AnalysisFlag::min, AnalysisFlag::max",4096,0.05,742567
VAR,int64_t,"AnalysisFlag::min, AnalysisFlag::max",1024,0.05,56519
VAR,int64_t,"AnalysisFlag::min, AnalysisFlag::max",1024,0.05,53641
VAR,int64_t,"AnalysisFlag::min, AnalysisFlag::max",1024,0.05,55003
VAR,int64_t,"AnalysisFlag::min, AnalysisFlag::max",1024,0.05,54492
VAR,int64_t,"AnalysisFlag::min, AnalysisFlag::max",1024,0.05,54881
VAR,int64_t,"AnalysisFlag::min, AnalysisFlag::max",1024,0.05,54982
VAR,int64_t,"AnalysisFlag::min, AnalysisFlag::max",1024,0.05,55486
VAR,int64_t,"AnalysisFlag::min, AnalysisFlag::max",1024,0.05,53667
VAR,int64_t,"AnalysisFlag::min, AnalysisFlag::max",1024,0.05,52710
VAR,int64_t,"AnalysisFlag::min, AnalysisFlag::max",1024,0.05,53782
VAR,int64_t,"AnalysisFlag::min, AnalysisFlag::max",2048,0.05,166965
VAR,int64_t,"AnalysisFlag::min, AnalysisFlag::max",2048,0.05,164373
VAR,int64_t,"AnalysisFlag::min, AnalysisFlag::max",2048,0.05,167630
VAR,int64_t,"AnalysisFlag::min, AnalysisFlag::max",2048,0.05,167728
VAR,int64_t,"AnalysisFlag::min, AnalysisFlag::max",2048,0.05,165253
VAR,int64_t,"AnalysisFlag::min, AnalysisFlag::max",2048,0.05,165575
VAR,int64_t,"AnalysisFlag::min, AnalysisFlag::max",2048,0.05,168511
VAR,int64_t,"AnalysisFlag::min, AnalysisFlag::max",2048,0.05,166944
VAR,int64_t,"AnalysisFlag::min, AnalysisFlag::max",2048,0.05,167422
VAR,int64_t,"AnalysisFlag::min, AnalysisFlag::max",2048,0.05,164234
VAR,int64_t,"AnalysisFlag::min, AnalysisFlag::max",4096,0.05,631239
VAR,int64_t,"AnalysisFlag::min, AnalysisFlag::max",4096,0.05,589543
VAR,int64_t,"AnalysisFlag::min, AnalysisFlag::max",4096,0.05,596463
VAR,int64_t,"AnalysisFlag::min, AnalysisFlag::max",4096,0.05,589695
VAR,int64_t,"AnalysisFlag::min, AnalysisFlag::max",4096,0.05,620692
VAR,int64_t,"AnalysisFlag::min, AnalysisFlag::max",4096,0.05,584145
VAR,int64_t,"AnalysisFlag::min, AnalysisFlag::max",4096,0.05,581753
VAR,int64_t,"AnalysisFlag::min, AnalysisFlag::max",4096,0.05,589644
VAR,int64_t,"AnalysisFlag::min, AnalysisFlag::max",4096,0.05,623257
VAR,int64_t,"AnalysisFlag::min, AnalysisFlag::max",4096,0.05,582436
VAR,double,"AnalysisFlag::min, AnalysisFlag::max",1024,0.1,91854
VAR,double,"AnalysisFlag::min, AnalysisFlag::max",1024,0.1,90172
VAR,double,"AnalysisFlag::min, AnalysisFlag::max",1024,0.1,96942
VAR,double,"AnalysisFlag::min, AnalysisFlag::max",1024,0.1,90606
VAR,double,"AnalysisFlag::min, AnalysisFlag::max",1024,0.1,94801
VAR,double,"AnalysisFlag::min, AnalysisFlag::max",1024,0.1,89037
VAR,double,"AnalysisFlag::min, AnalysisFlag::max",1024,0.1,88685
VAR,double,"AnalysisFlag::min, AnalysisFlag::max",1024,0.1,90217
VAR,double,"AnalysisFlag::min, AnalysisFlag::max",1024,0.1,88507
VAR,double,"AnalysisFlag::min, AnalysisFlag::max",1024,0.1,100598
VAR,double,"AnalysisFlag::min, AnalysisFlag::max",2048,0.1,364884
VAR,double,"AnalysisFlag::min, AnalysisFlag::max",2048,0.1,361665
VAR,double,"AnalysisFlag::min, AnalysisFlag::max",2048,0.1,354609
VAR,double,"AnalysisFlag::min, AnalysisFlag::max",2048,0.1,358105
VAR,double,"AnalysisFlag::min, AnalysisFlag::max",2048,0.1,355670
VAR,double,"AnalysisFlag::min, AnalysisFlag::max",2048,0.1,357051
VAR,double,"AnalysisFlag::min, AnalysisFlag::max",2048,0.1,355703
VAR,double,"AnalysisFlag::min, AnalysisFlag::max",2048,0.1,355575
VAR,double,"AnalysisFlag::min, AnalysisFlag::max",2048,0.1,355849
VAR,double,"AnalysisFlag::min, AnalysisFlag::max",2048,0.1,365498
VAR,double,"AnalysisFlag::min, AnalysisFlag::max",4096,0.1,1.68203e+06
VAR,double,"AnalysisFlag::min, AnalysisFlag::max",4096,0.1,1.71234e+06
VAR,double,"AnalysisFlag::min, AnalysisFlag::max",4096,0.1,1.68374e+06
VAR,double,"AnalysisFlag::min, AnalysisFlag::max",4096,0.1,1.68579e+06
VAR,double,"AnalysisFlag::min, AnalysisFlag::max",4096,0.1,1.69693e+06
VAR,double,"AnalysisFlag::min, AnalysisFlag::max",4096,0.1,1.69041e+06
VAR,double,"AnalysisFlag::min, AnalysisFlag::max",4096,0.1,1.6478e+06
VAR,double,"AnalysisFlag::min, AnalysisFlag::max",4096,0.1,1.68896e+06
VAR,double,"AnalysisFlag::min, AnalysisFlag::max",4096,0.1,1.70924e+06
VAR,double,"AnalysisFlag::min, AnalysisFlag::max",4096,0.1,1.75152e+06
VAR,int64_t,"AnalysisFlag::min, AnalysisFlag::max",1024,0.1,90638
VAR,int64_t,"AnalysisFlag::min, AnalysisFlag::max",1024,0.1,86117
VAR,int64_t,"AnalysisFlag::min, AnalysisFlag::max",1024,0.1,83567
VAR,int64_t,"AnalysisFlag::min, AnalysisFlag::max",1024,0.1,84030
VAR,int64_t,"AnalysisFlag::min, AnalysisFlag::max",1024,0.1,86379
VAR,int64_t,"AnalysisFlag::min, AnalysisFlag::max",1024,0.1,85933
VAR,int64_t,"AnalysisFlag::min, AnalysisFlag::max",1024,0.1,84040
VAR,int64_t,"AnalysisFlag::min, AnalysisFlag::max",1024,0.1,82989
VAR,int64_t,"AnalysisFlag::min, AnalysisFlag::max",1024,0.1,84845
VAR,int64_t,"AnalysisFlag::min, AnalysisFlag::max",1024,0.1,83845
VAR,int64_t,"AnalysisFlag::min, AnalysisFlag::max",2048,0.1,321505
VAR,int64_t,"AnalysisFlag::min, AnalysisFlag::max",2048,0.1,285508
VAR,int64_t,"AnalysisFlag::min, AnalysisFlag::max",2048,0.1,285909
VAR,int64_t,"AnalysisFlag::min, AnalysisFlag::max",2048,0.1,285041
VAR,int64_t,"AnalysisFlag::min, AnalysisFlag::max",2048,0.1,287381
VAR,int64_t,"AnalysisFlag::min, AnalysisFlag::max",2048,0.1,285666
VAR,int64_t,"AnalysisFlag::min, AnalysisFlag::max",2048,0.1,284376
VAR,int64_t,"AnalysisFlag::min, AnalysisFlag::max",2048,0.1,288988
VAR,int64_t,"AnalysisFlag::min, AnalysisFlag::max",2048,0.1,286404
VAR,int64_t,"AnalysisFlag::min, AnalysisFlag::max",2048,0.1,284340
VAR,int64_t,"AnalysisFlag::min, AnalysisFlag::max",4096,0.1,1.42322e+06
VAR,int64_t,"AnalysisFlag::min, AnalysisFlag::max",4096,0.1,1.46123e+06
VAR,int64_t,"AnalysisFlag::min, AnalysisFlag::max",4096,0.1,1.40759e+06
VAR,int64_t,"AnalysisFlag::min, AnalysisFlag::max",4096,0.1,1.43019e+06
VAR,int64_t,"AnalysisFlag::min, AnalysisFlag::max",4096,0.1,1.41422e+06
VAR,int64_t,"AnalysisFlag::min, AnalysisFlag::max",4096,0.1,1.42831e+06
VAR,int64_t,"AnalysisFlag::min, AnalysisFlag::max",4096,0.1,1.38643e+06
VAR,int64_t,"AnalysisFlag::min, AnalysisFlag::max",4096,0.1,1.39828e+06
VAR,int64_t,"AnalysisFlag::min, AnalysisFlag::max",4096,0.1,1.43814e+06
VAR,int64_t,"AnalysisFlag::min, AnalysisFlag::max",4096,0.1,1.41079e+06
VAR,double,"AnalysisFlag::min, AnalysisFlag::max",1024,0.2,227261
VAR,double,"AnalysisFlag::min, AnalysisFlag::max",1024,0.2,180244
VAR,double,"AnalysisFlag::min, AnalysisFlag::max",1024,0.2,179547
VAR,double,"AnalysisFlag::min, AnalysisFlag::max",1024,0.2,179820
VAR,double,"AnalysisFlag::min, AnalysisFlag::max",1024,0.2,178617
VAR,double,"AnalysisFlag::min, AnalysisFlag::max",1024,0.2,179152
VAR,double,"AnalysisFlag::min, AnalysisFlag::max",1024,0.2,179918
VAR,double,"AnalysisFlag::min, AnalysisFlag::max",1024,0.2,180751
VAR,double,"AnalysisFlag::min, AnalysisFlag::max",1024,0.2,184487
VAR,double,"AnalysisFlag::min, AnalysisFlag::max",1024,0.2,179149
VAR,double,"AnalysisFlag::min, AnalysisFlag::max",2048,0.2,780690
VAR,double,"AnalysisFlag::min, AnalysisFlag::max",2048,0.2,714586
VAR,double,"AnalysisFlag::min, AnalysisFlag::max",2048,0.2,700900
VAR,double,"AnalysisFlag::min, AnalysisFlag::max",2048,0.2,707279
VAR,double,"AnalysisFlag::min, AnalysisFlag::max",2048,0.2,712231
VAR,double,"AnalysisFlag::min, AnalysisFlag::max",2048,0.2,704873
VAR,double,"AnalysisFlag::min, AnalysisFlag::max",2048,0.2,718269
VAR,double,"AnalysisFlag::min, AnalysisFlag::max",2048,0.2,717721
VAR,double,"AnalysisFlag::min, AnalysisFlag::max",2048,0.2,710917
VAR,double,"AnalysisFlag::min, AnalysisFlag::max",2048,0.2,717620
VAR,double,"AnalysisFlag::min, AnalysisFlag::max",4096,0.2,3.528e+06
VAR,double,"AnalysisFlag::min, AnalysisFlag::max",4096,0.2,3.61077e+06
VAR,double,"AnalysisFlag::min, AnalysisFlag::max",4096,0.2,3.51825e+06
VAR,double,"AnalysisFlag::min, AnalysisFlag::max",4096,0.2,3.58408e+06
VAR,double,"AnalysisFlag::min, AnalysisFlag::max",4096,0.2,3.52812e+06
VAR,double,"AnalysisFlag::min, AnalysisFlag::max",4096,0.2,3.56981e+06
VAR,double,"AnalysisFlag::min, AnalysisFlag::max",4096,0.2,3.52192e+06
VAR,double,"AnalysisFlag::min, AnalysisFlag::max",4096,0.2,3.56258e+06
VAR,double,"AnalysisFlag::min, AnalysisFlag::max",4096,0.2,3.53219e+06
VAR,double,"AnalysisFlag::min, AnalysisFlag::max",4096,0.2,3.54049e+06
VAR,int64_t,"AnalysisFlag::min, AnalysisFlag::max",1024,0.2,213689
VAR,int64_t,"AnalysisFlag::min, AnalysisFlag::max",1024,0.2,155778
VAR,int64_t,"AnalysisFlag::min, AnalysisFlag::max",1024,0.2,145842
VAR,int64_t,"AnalysisFlag::min, AnalysisFlag::max",1024,0.2,143189
VAR,int64_t,"AnalysisFlag::min, AnalysisFlag::max",1024,0.2,146651
VAR,int64_t,"AnalysisFlag::min, AnalysisFlag::max",1024,0.2,143494
VAR,int64_t,"AnalysisFlag::min, AnalysisFlag::max",1024,0.2,144166
VAR,int64_t,"AnalysisFlag::min, AnalysisFlag::max",1024,0.2,146277
VAR,int64_t,"AnalysisFlag::min, AnalysisFlag::max",1024,0.2,143882
VAR,int64_t,"AnalysisFlag::min, AnalysisFlag::max",1024,0.2,149613
VAR,int64_t,"AnalysisFlag::min, AnalysisFlag::max",2048,0.2,731814
VAR,int64_t,"AnalysisFlag::min, AnalysisFlag::max",2048,0.2,622573
VAR,int64_t,"AnalysisFlag::min, AnalysisFlag::max",2048,0.2,572550
VAR,int64_t,"AnalysisFlag::min, AnalysisFlag::max",2048,0.2,580481
VAR,int64_t,"AnalysisFlag::min, AnalysisFlag::max",2048,0.2,571890
VAR,int64_t,"AnalysisFlag::min, AnalysisFlag::max",2048,0.2,571393
VAR,int64_t,"AnalysisFlag::min, AnalysisFlag::max",2048,0.2,576729
VAR,int64_t,"AnalysisFlag::min, AnalysisFlag::max",2048,0.2,568388
VAR,int64_t,"AnalysisFlag::min, AnalysisFlag::max",2048,0.2,565616
VAR,int64_t,"AnalysisFlag::min, AnalysisFlag::max",2048,0.2,579677
VAR,int64_t,"AnalysisFlag::min, AnalysisFlag::max",4096,0.2,2.92957e+06
VAR,int64_t,"AnalysisFlag::min, AnalysisFlag::max",4096,0.2,3.02126e+06
VAR,int64_t,"AnalysisFlag::min, AnalysisFlag::max",4096,0.2,2.91221e+06
VAR,int64_t,"AnalysisFlag::min, AnalysisFlag::max",4096,0.2,2.96801e+06
VAR,int64_t,"AnalysisFlag::min, AnalysisFlag::max",4096,0.2,2.92113e+06
VAR,int64_t,"AnalysisFlag::min, AnalysisFlag::max",4096,0.2,2.95645e+06
VAR,int64_t,"AnalysisFlag::min, AnalysisFlag::max",4096,0.2,2.92458e+06
VAR,int64_t,"AnalysisFlag::min, AnalysisFlag::max",4096,0.2,2.96268e+06
VAR,int64_t,"AnalysisFlag::min, AnalysisFlag::max",4096,0.2,2.9281e+06
VAR,int64_t,"AnalysisFlag::min, AnalysisFlag::max",4096,0.2,2.94549e+06
VAR,double,"AnalysisFlag::min, AnalysisFlag::max",1024,0.25,1.92528e+06
VAR,double,"AnalysisFlag::min, AnalysisFlag::max",1024,0.25,1.92156e+06
VAR,double,"AnalysisFlag::min, AnalysisFlag::max",1024,0.25,1.92273e+06
VAR,double,"AnalysisFlag::min, AnalysisFlag::max",1024,0.25,1.92138e+06
VAR,double,"AnalysisFlag::min, AnalysisFlag::max",1024,0.25,1.92099e+06
VAR,double,"AnalysisFlag::min, AnalysisFlag::max",1024,0.25,1.92163e+06
VAR,double,"AnalysisFlag::min, AnalysisFlag::max",1024,0.25,1.92161e+06
VAR,double,"AnalysisFlag::min, AnalysisFlag::max",1024,0.25,1.92079e+06
VAR,double,"AnalysisFlag::min, AnalysisFlag::max",1024,0.25,1.92126e+06
VAR,double,"AnalysisFlag::min, AnalysisFlag::max",1024,0.25,1.92232e+06
VAR,double,"AnalysisFlag::min, AnalysisFlag::max",2048,0.25,8.0361e+06
VAR,double,"AnalysisFlag::min, AnalysisFlag::max",2048,0.25,8.01535e+06
VAR,double,"AnalysisFlag::min, AnalysisFlag::max",2048,0.25,8.02361e+06
VAR,double,"AnalysisFlag::min, AnalysisFlag::max",2048,0.25,8.01635e+06
VAR,double,"AnalysisFlag::min, AnalysisFlag::max",2048,0.25,8.01059e+06
VAR,double,"AnalysisFlag::min, AnalysisFlag::max",2048,0.25,8.02084e+06
VAR,double,"AnalysisFlag::min, AnalysisFlag::max",2048,0.25,8.02228e+06
VAR,double,"AnalysisFlag::min, AnalysisFlag::max",2048,0.25,8.01924e+06
VAR,double,"AnalysisFlag::min, AnalysisFlag::max",2048,0.25,8.01736e+06
VAR,double,"AnalysisFlag::min, AnalysisFlag::max",2048,0.25,8.01466e+06
VAR,double,"AnalysisFlag::min, AnalysisFlag::max",4096,0.25,3.24456e+07
VAR,double,"AnalysisFlag::min, AnalysisFlag::max",4096,0.25,3.24576e+07
VAR,double,"AnalysisFlag::min, AnalysisFlag::max",4096,0.25,3.24394e+07
VAR,double,"AnalysisFlag::min, AnalysisFlag::max",4096,0.25,3.24446e+07
VAR,double,"AnalysisFlag::min, AnalysisFlag::max",4096,0.25,3.24421e+07
VAR,double,"AnalysisFlag::min, AnalysisFlag::max",4096,0.25,3.2446e+07
VAR,double,"AnalysisFlag::min, AnalysisFlag::max",4096,0.25,3.24386e+07
VAR,double,"AnalysisFlag::min, AnalysisFlag::max",4096,0.25,3.2444e+07
VAR,double,"AnalysisFlag::min, AnalysisFlag::max",4096,0.25,3.24643e+07
VAR,double,"AnalysisFlag::min, AnalysisFlag::max",4096,0.25,3.24358e+07
VAR,int64_t,"AnalysisFlag::min, AnalysisFlag::max",1024,0.25,1.69287e+06
VAR,int64_t,"AnalysisFlag::min, AnalysisFlag::max",1024,0.25,1.64576e+06
VAR,int64_t,"AnalysisFlag::min, AnalysisFlag::max",1024,0.25,1.64554e+06
VAR,int64_t,"AnalysisFlag::min, AnalysisFlag::max",1024,0.25,1.8104e+06
VAR,int64_t,"AnalysisFlag::min, AnalysisFlag::max",1024,0.25,1.64826e+06
VAR,int64_t,"AnalysisFlag::min, AnalysisFlag::max",1024,0.25,1.79273e+06
VAR,int64_t,"AnalysisFlag::min, AnalysisFlag::max",1024,0.25,1.64539e+06
VAR,int64_t,"AnalysisFlag::min, AnalysisFlag::max",1024,0.25,1.6467e+06
VAR,int64_t,"AnalysisFlag::min, AnalysisFlag::max",1024,0.25,1.64497e+06
VAR,int64_t,"AnalysisFlag::min, AnalysisFlag::max",1024,0.25,1.64764e+06
VAR,int64_t,"AnalysisFlag::min, AnalysisFlag::max",2048,0.25,6.82595e+06
VAR,int64_t,"AnalysisFlag::min, AnalysisFlag::max",2048,0.25,6.77552e+06
VAR,int64_t,"AnalysisFlag::min, AnalysisFlag::max",2048,0.25,6.92386e+06
VAR,int64_t,"AnalysisFlag::min, AnalysisFlag::max",2048,0.25,6.80992e+06
VAR,int64_t,"AnalysisFlag::min, AnalysisFlag::max",2048,0.25,6.78438e+06
VAR,int64_t,"AnalysisFlag::min, AnalysisFlag::max",2048,0.25,7.16278e+06
VAR,int64_t,"AnalysisFlag::min, AnalysisFlag::max",2048,0.25,6.73214e+06
VAR,int64_t,"AnalysisFlag::min, AnalysisFlag::max",2048,0.25,6.8377e+06
VAR,int64_t,"AnalysisFlag::min, AnalysisFlag::max",2048,0.25,6.72555e+06
VAR,int64_t,"AnalysisFlag::min, AnalysisFlag::max",2048,0.25,6.73874e+06
VAR,int64_t,"AnalysisFlag::min, AnalysisFlag::max",4096,0.25,2.82384e+07
VAR,int64_t,"AnalysisFlag::min, AnalysisFlag::max",4096,0.25,2.8232e+07
VAR,int64_t,"AnalysisFlag::min, AnalysisFlag::max",4096,0.25,2.69652e+07
VAR,int64_t,"AnalysisFlag::min, AnalysisFlag::max",4096,0.25,2.86503e+07
VAR,int64_t,"AnalysisFlag::min, AnalysisFlag::max",4096,0.25,2.77529e+07
VAR,int64_t,"AnalysisFlag::min, AnalysisFlag::max",4096,0.25,2.72423e+07
VAR,int64_t,"AnalysisFlag::min, AnalysisFlag::max",4096,0.25,2.70831e+07
VAR,int64_t,"AnalysisFlag::min, AnalysisFlag::max",4096,0.25,2.816e+07
VAR,int64_t,"AnalysisFlag::min, AnalysisFlag::max",4096,0.25,2.75497e+07
VAR,int64_t,"AnalysisFlag::min, AnalysisFlag::max",4096,0.25,2.71474e+07
VAR,double,"AnalysisFlag::min, AnalysisFlag::max",1024,1,2.05051e+06
VAR,double,"AnalysisFlag::min, AnalysisFlag::max",1024,1,1.9197e+06
VAR,double,"AnalysisFlag::min, AnalysisFlag::max",1024,1,1.9194e+06
VAR,double,"AnalysisFlag::min, AnalysisFlag::max",1024,1,1.91988e+06
VAR,double,"AnalysisFlag::min, AnalysisFlag::max",1024,1,1.91976e+06
VAR,double,"AnalysisFlag::min, AnalysisFlag::max",1024,1,1.92009e+06
VAR,double,"AnalysisFlag::min, AnalysisFlag::max",1024,1,1.91819e+06
VAR,double,"AnalysisFlag::min, AnalysisFlag::max",1024,1,1.9193e+06
VAR,double,"AnalysisFlag::min, AnalysisFlag::max",1024,1,1.91943e+06
VAR,double,"AnalysisFlag::min, AnalysisFlag::max",1024,1,1.91974e+06
VAR,double,"AnalysisFlag::min, AnalysisFlag::max",2048,1,8.08797e+06
VAR,double,"AnalysisFlag::min, AnalysisFlag::max",2048,1,8.02885e+06
VAR,double,"AnalysisFlag::min, AnalysisFlag::max",2048,1,8.02553e+06
VAR,double,"AnalysisFlag::min, AnalysisFlag::max",2048,1,8.02522e+06
VAR,double,"AnalysisFlag::min, AnalysisFlag::max",2048,1,8.03182e+06
VAR,double,"AnalysisFlag::min, AnalysisFlag::max",2048,1,8.03026e+06
VAR,double,"AnalysisFlag::min, AnalysisFlag::max",2048,1,8.02931e+06
VAR,double,"AnalysisFlag::min, AnalysisFlag::max",2048,1,8.03329e+06
VAR,double,"AnalysisFlag::min, AnalysisFlag::max",2048,1,8.02569e+06
VAR,double,"AnalysisFlag::min, AnalysisFlag::max",2048,1,8.02791e+06
VAR,double,"AnalysisFlag::min, AnalysisFlag::max",4096,1,3.24551e+07
VAR,double,"AnalysisFlag::min, AnalysisFlag::max",4096,1,3.24351e+07
VAR,double,"AnalysisFlag::min, AnalysisFlag::max",4096,1,3.24586e+07
VAR,double,"AnalysisFlag::min, AnalysisFlag::max",4096,1,3.24424e+07
VAR,double,"AnalysisFlag::min, AnalysisFlag::max",4096,1,3.24509e+07
VAR,double,"AnalysisFlag::min, AnalysisFlag::max",4096,1,3.24579e+07
VAR,double,"AnalysisFlag::min, AnalysisFlag::max",4096,1,3.24553e+07
VAR,double,"AnalysisFlag::min, AnalysisFlag::max",4096,1,3.25092e+07
VAR,double,"AnalysisFlag::min, AnalysisFlag::max",4096,1,3.24478e+07
VAR,double,"AnalysisFlag::min, AnalysisFlag::max",4096,1,3.24468e+07
VAR,int64_t,"AnalysisFlag::min, AnalysisFlag::max",1024,1,1.86555e+06
VAR,int64_t,"AnalysisFlag::min, AnalysisFlag::max",1024,1,1.75025e+06
VAR,int64_t,"AnalysisFlag::min, AnalysisFlag::max",1024,1,1.64316e+06
VAR,int64_t,"AnalysisFlag::min, AnalysisFlag::max",1024,1,1.77887e+06
VAR,int64_t,"AnalysisFlag::min, AnalysisFlag::max",1024,1,1.64424e+06
VAR,int64_t,"AnalysisFlag::min, AnalysisFlag::max",1024,1,1.66526e+06
VAR,int64_t,"AnalysisFlag::min, AnalysisFlag::max",1024,1,1.66073e+06
VAR,int64_t,"AnalysisFlag::min, AnalysisFlag::max",1024,1,1.82443e+06
VAR,int64_t,"AnalysisFlag::min, AnalysisFlag::max",1024,1,1.68328e+06
VAR,int64_t,"AnalysisFlag::min, AnalysisFlag::max",1024,1,1.64621e+06
VAR,int64_t,"AnalysisFlag::min, AnalysisFlag::max",2048,1,6.8715e+06
VAR,int64_t,"AnalysisFlag::min, AnalysisFlag::max",2048,1,6.77884e+06
VAR,int64_t,"AnalysisFlag::min, AnalysisFlag::max",2048,1,6.79596e+06
VAR,int64_t,"AnalysisFlag::min, AnalysisFlag::max",2048,1,6.73943e+06
VAR,int64_t,"AnalysisFlag::min, AnalysisFlag::max",2048,1,6.78354e+06
VAR,int64_t,"AnalysisFlag::min, AnalysisFlag::max",2048,1,6.73686e+06
VAR,int64_t,"AnalysisFlag::min, AnalysisFlag::max",2048,1,6.77952e+06
VAR,int64_t,"AnalysisFlag::min, AnalysisFlag::max",2048,1,6.74994e+06
VAR,int64_t,"AnalysisFlag::min, AnalysisFlag::max",2048,1,6.72334e+06
VAR,int64_t,"AnalysisFlag::min, AnalysisFlag::max",2048,1,6.79267e+06
VAR,int64_t,"AnalysisFlag::min, AnalysisFlag::max",4096,1,2.72903e+07
VAR,int64_t,"AnalysisFlag::min, AnalysisFlag::max",4096,1,2.71745e+07
VAR,int64_t,"AnalysisFlag::min, AnalysisFlag::max",4096,1,2.70099e+07
VAR,int64_t,"AnalysisFlag::min, AnalysisFlag::max",4096,1,2.72452e+07
VAR,int64_t,"AnalysisFlag::min, AnalysisFlag::max",4096,1,2.70691e+07
VAR,int64_t,"AnalysisFlag::min, AnalysisFlag::max",4096,1,2.69893e+07
VAR,int64_t,"AnalysisFlag::min, AnalysisFlag::max",4096,1,2.72569e+07
VAR,int64_t,"AnalysisFlag::min, AnalysisFlag::max",4096,1,2.67972e+07
VAR,int64_t,"AnalysisFlag::min, AnalysisFlag::max",4096,1,2.69647e+07
VAR,int64_t,"AnalysisFlag::min, AnalysisFlag::max",4096,1,2.75653e+07
IDXMIN,double,"AnalysisFlag::min, AnalysisFlag::max",1024,0.25,1.27607e+06
IDXMIN,double,"AnalysisFlag::min, AnalysisFlag::max",1024,0.25,1.2589e+06
IDXMIN,double,"AnalysisFlag::min, AnalysisFlag::max",1024,0.25,1.25851e+06
IDXMIN,double,"AnalysisFlag::min, AnalysisFlag::max",1024,0.25,1.25887e+06
IDXMIN,double,"AnalysisFlag::min, AnalysisFlag::max",1024,0.25,1.26064e+06
IDXMIN,double,"AnalysisFlag::min, AnalysisFlag::max",1024,0.25,1.25853e+06
IDXMIN,double,"AnalysisFlag::min, AnalysisFlag::max",1024,0.25,1.25878e+06
IDXMIN,double,"AnalysisFlag::min, AnalysisFlag::max",1024,0.25,1.26019e+06
IDXMIN,double,"AnalysisFlag::min, AnalysisFlag::max",1024,0.25,1.26083e+06
IDXMIN,double,"AnalysisFlag::min, AnalysisFlag::max",1024,0.25,1.26067e+06
IDXMIN,double,"AnalysisFlag::min, AnalysisFlag::max",2048,0.25,5.22881e+06
IDXMIN,double,"AnalysisFlag::min, AnalysisFlag::max",2048,0.25,5.21895e+06
IDXMIN,double,"AnalysisFlag::min, AnalysisFlag::max",2048,0.25,5.22258e+06
IDXMIN,double,"AnalysisFlag::min, AnalysisFlag::max",2048,0.25,5.2139e+06
IDXMIN,double,"AnalysisFlag::min, AnalysisFlag::max",2048,0.25,5.21325e+06
IDXMIN,double,"AnalysisFlag::min, AnalysisFlag::max",2048,0.25,5.21008e+06
IDXMIN,double,"AnalysisFlag::min, AnalysisFlag::max",2048,0.25,5.21968e+06
IDXMIN,double,"AnalysisFlag::min, AnalysisFlag::max",2048,0.25,5.21829e+06
IDXMIN,double,"AnalysisFlag::min, AnalysisFlag::max",2048,0.25,5.2227e+06
IDXMIN,double,"AnalysisFlag::min, AnalysisFlag::max",2048,0.25,5.22151e+06
IDXMIN,double,"AnalysisFlag::min, AnalysisFlag::max",4096,0.25,2.13825e+07
IDXMIN,double,"AnalysisFlag::min, AnalysisFlag::max",4096,0.25,2.14328e+07
IDXMIN,double,"AnalysisFlag::min, AnalysisFlag::max",4096,0.25,2.14292e+07
IDXMIN,double,"AnalysisFlag::min, AnalysisFlag::max",4096,0.25,2.14268e+07
IDXMIN,double,"AnalysisFlag::min, AnalysisFlag::max",4096,0.25,2.14315e+07
IDXMIN,double,"AnalysisFlag::min, AnalysisFlag::max",4096,0.25,2.14259e+07
IDXMIN,double,"AnalysisFlag::min, AnalysisFlag::max",4096,0.25,2.14467e+07
IDXMIN,double,"AnalysisFlag::min, AnalysisFlag::max",4096,0.25,2.1439e+07
IDXMIN,double,"AnalysisFlag::min, AnalysisFlag::max",4096,0.25,2.14454e+07
IDXMIN,double,"AnalysisFlag::min, AnalysisFlag::max",4096,0.25,2.1442e+07
IDXMIN,int64_t,"AnalysisFlag::min, AnalysisFlag::max",1024,0.25,460823
IDXMIN,int64_t,"AnalysisFlag::min, AnalysisFlag::max",1024,0.25,424177
IDXMIN,int64_t,"AnalysisFlag::min, AnalysisFlag::max",1024,0.25,420950
IDXMIN,int64_t,"AnalysisFlag::min, AnalysisFlag::max",1024,0.25,419281
IDXMIN,int64_t,"AnalysisFlag::min, AnalysisFlag::max",1024,0.25,420194
IDXMIN,int64_t,"AnalysisFlag::min, AnalysisFlag::max",1024,0.25,423053
IDXMIN,int64_t,"AnalysisFlag::min, AnalysisFlag::max",1024,0.25,423905
IDXMIN,int64_t,"AnalysisFlag::min, AnalysisFlag::max",1024,0.25,421164
IDXMIN,int64_t,"AnalysisFlag::min, AnalysisFlag::max",1024,0.25,423002
IDXMIN,int64_t,"AnalysisFlag::min, AnalysisFlag::max",1024,0.25,421661
IDXMIN,int64_t,"AnalysisFlag::min, AnalysisFlag::max",2048,0.25,2.20818e+06
IDXMIN,int64_t,"AnalysisFlag::min, AnalysisFlag::max",2048,0.25,2.28423e+06
IDXMIN,int64_t,"AnalysisFlag::min, AnalysisFlag::max",2048,0.25,2.09617e+06
IDXMIN,int64_t,"AnalysisFlag::min, AnalysisFlag::max",2048,0.25,2.18193e+06
IDXMIN,int64_t,"AnalysisFlag::min, AnalysisFlag::max",2048,0.25,2.23806e+06
IDXMIN,int64_t,"AnalysisFlag::min, AnalysisFlag::max",2048,0.25,2.28216e+06
IDXMIN,int64_t,"AnalysisFlag::min, AnalysisFlag::max",2048,0.25,2.23342e+06
IDXMIN,int64_t,"AnalysisFlag::min, AnalysisFlag::max",2048,0.25,2.07499e+06
IDXMIN,int64_t,"AnalysisFlag::min, AnalysisFlag::max",2048,0.25,2.25519e+06
IDXMIN,int64_t,"AnalysisFlag::min, AnalysisFlag::max",2048,0.25,2.14924e+06
IDXMIN,int64_t,"AnalysisFlag::min, AnalysisFlag::max",4096,0.25,8.91928e+06
IDXMIN,int64_t,"AnalysisFlag::min, AnalysisFlag::max",4096,0.25,8.92419e+06
IDXMIN,int64_t,"AnalysisFlag::min, AnalysisFlag::max",4096,0.25,8.91654e+06
IDXMIN,int64_t,"AnalysisFlag::min, AnalysisFlag::max",4096,0.25,8.95945e+06
IDXMIN,int64_t,"AnalysisFlag::min, AnalysisFlag::max",4096,0.25,8.93922e+06
IDXMIN,int64_t,"AnalysisFlag::min, AnalysisFlag::max",4096,0.25,8.91076e+06
IDXMIN,int64_t,"AnalysisFlag::min, AnalysisFlag::max",4096,0.25,8.93142e+06
IDXMIN,int64_t,"AnalysisFlag::min, AnalysisFlag::max",4096,0.25,8.91939e+06
IDXMIN,int64_t,"AnalysisFlag::min, AnalysisFlag::max",4096,0.25,8.89836e+06
IDXMIN,int64_t,"AnalysisFlag::min, AnalysisFlag::max",4096,0.25,8.97053e+06
IDXMIN,double,"AnalysisFlag::min, AnalysisFlag::max",1024,1,1.3621e+06
IDXMIN,double,"AnalysisFlag::min, AnalysisFlag::max",1024,1,1.31949e+06
IDXMIN,double,"AnalysisFlag::min, AnalysisFlag::max",1024,1,1.26829e+06
IDXMIN,double,"AnalysisFlag::min, AnalysisFlag::max",1024,1,1.26561e+06
IDXMIN,double,"AnalysisFlag::min, AnalysisFlag::max",1024,1,1.26411e+06
IDXMIN,double,"AnalysisFlag::min, AnalysisFlag::max",1024,1,1.26502e+06
IDXMIN,double,"AnalysisFlag::min, AnalysisFlag::max",1024,1,1.26552e+06
IDXMIN,double,"AnalysisFlag::min, AnalysisFlag::max",1024,1,1.26379e+06
IDXMIN,double,"AnalysisFlag::min, AnalysisFlag::max",1024,1,1.26297e+06
IDXMIN,double,"AnalysisFlag::min, AnalysisFlag::max",1024,1,1.26226e+06
IDXMIN,double,"AnalysisFlag::min, AnalysisFlag::max",2048,1,5.25789e+06
IDXMIN,double,"AnalysisFlag::min, AnalysisFlag::max",2048,1,5.23121e+06
IDXMIN,double,"AnalysisFlag::min, AnalysisFlag::max",2048,1,5.22613e+06
IDXMIN,double,"AnalysisFlag::min, AnalysisFlag::max",2048,1,5.21968e+06
IDXMIN,double,"AnalysisFlag::min, AnalysisFlag::max",2048,1,5.21803e+06
IDXMIN,double,"AnalysisFlag::min, AnalysisFlag::max",2048,1,5.22214e+06
IDXMIN,double,"AnalysisFlag::min, AnalysisFlag::max",2048,1,5.2218e+06
IDXMIN,double,"AnalysisFlag::min, AnalysisFlag::max",2048,1,5.21945e+06
IDXMIN,double,"AnalysisFlag::min, AnalysisFlag::max",2048,1,5.20782e+06
IDXMIN,double,"AnalysisFlag::min, AnalysisFlag::max",2048,1,5.21421e+06
IDXMIN,double,"AnalysisFlag::min, AnalysisFlag::max",4096,1,2.15873e+07
IDXMIN,double,"AnalysisFlag::min, AnalysisFlag::max",4096,1,2.14364e+07
IDXMIN,double,"AnalysisFlag::min, AnalysisFlag::max",4096,1,2.14223e+07
IDXMIN,double,"AnalysisFlag::min, AnalysisFlag::max",4096,1,2.14832e+07
IDXMIN,double,"AnalysisFlag::min, AnalysisFlag::max",4096,1,2.14246e+07
IDXMIN,double,"AnalysisFlag::min, AnalysisFlag::max",4096,1,2.14284e+07
IDXMIN,double,"AnalysisFlag::min, AnalysisFlag::max",4096,1,2.14355e+07
IDXMIN,double,"AnalysisFlag::min, AnalysisFlag::max",4096,1,2.14193e+07
IDXMIN,double,"AnalysisFlag::min, AnalysisFlag::max",4096,1,2.1409e+07
IDXMIN,double,"AnalysisFlag::min, AnalysisFlag::max",4096,1,2.14163e+07
IDXMIN,int64_t,"AnalysisFlag::min, AnalysisFlag::max",1024,1,593982
IDXMIN,int64_t,"AnalysisFlag::min, AnalysisFlag::max",1024,1,493552
IDXMIN,int64_t,"AnalysisFlag::min, AnalysisFlag::max",1024,1,407885
IDXMIN,int64_t,"AnalysisFlag::min, AnalysisFlag::max",1024,1,407320
IDXMIN,int64_t,"AnalysisFlag::min, AnalysisFlag::max",1024,1,410621
IDXMIN,int64_t,"AnalysisFlag::min, AnalysisFlag::max",1024,1,405836
IDXMIN,int64_t,"AnalysisFlag::min, AnalysisFlag::max",1024,1,407690
IDXMIN,int64_t,"AnalysisFlag::min, AnalysisFlag::max",1024,1,406987
IDXMIN,int64_t,"AnalysisFlag::min, AnalysisFlag::max",1024,1,408075
IDXMIN,int64_t,"AnalysisFlag::min, AnalysisFlag::max",1024,1,408196
IDXMIN,int64_t,"AnalysisFlag::min, AnalysisFlag::max",2048,1,2.27924e+06
IDXMIN,int64_t,"AnalysisFlag::min, AnalysisFlag::max",2048,1,2.21731e+06
IDXMIN,int64_t,"AnalysisFlag::min, AnalysisFlag::max",2048,1,2.31962e+06
IDXMIN,int64_t,"AnalysisFlag::min, AnalysisFlag::max",2048,1,2.30433e+06
IDXMIN,int64_t,"AnalysisFlag::min, AnalysisFlag::max",2048,1,2.08631e+06
IDXMIN,int64_t,"AnalysisFlag::min, AnalysisFlag::max",2048,1,2.13918e+06
IDXMIN,int64_t,"AnalysisFlag::min, AnalysisFlag::max",2048,1,2.1389e+06
IDXMIN,int64_t,"AnalysisFlag::min, AnalysisFlag::max",2048,1,2.13622e+06
IDXMIN,int64_t,"AnalysisFlag::min, AnalysisFlag::max",2048,1,2.06791e+06
IDXMIN,int64_t,"AnalysisFlag::min, AnalysisFlag::max",2048,1,2.26204e+06
IDXMIN,int64_t,"AnalysisFlag::min, AnalysisFlag::max",4096,1,8.94273e+06
IDXMIN,int64_t,"AnalysisFlag::min, AnalysisFlag::max",4096,1,8.91364e+06
IDXMIN,int64_t,"AnalysisFlag::min, AnalysisFlag::max",4096,1,8.90689e+06
IDXMIN,int64_t,"AnalysisFlag::min, AnalysisFlag::max",4096,1,8.88797e+06
IDXMIN,int64_t,"AnalysisFlag::min, AnalysisFlag::max",4096,1,8.91152e+06
IDXMIN,int64_t,"AnalysisFlag::min, AnalysisFlag::max",4096,1,8.88774e+06
IDXMIN,int64_t,"AnalysisFlag::min, AnalysisFlag::max",4096,1,8.91091e+06
IDXMIN,int64_t,"AnalysisFlag::min, AnalysisFlag::max",4096,1,8.93722e+06
IDXMIN,int64_t,"AnalysisFlag::min, AnalysisFlag::max",4096,1,8.89822e+06
IDXMIN,int64_t,"AnalysisFlag::min, AnalysisFlag::max",4096,1,8.89173e+06
IDXMAX,double,"AnalysisFlag::min, AnalysisFlag::max",1024,0.25,1.27716e+06
IDXMAX,double,"AnalysisFlag::min, AnalysisFlag::max",1024,0.25,1.25892e+06
IDXMAX,double,"AnalysisFlag::min, AnalysisFlag::max",1024,0.25,1.25894e+06
IDXMAX,double,"AnalysisFlag::min, AnalysisFlag::max",1024,0.25,1.25805e+06
IDXMAX,double,"AnalysisFlag::min, AnalysisFlag::max",1024,0.25,1.25832e+06
IDXMAX,double,"AnalysisFlag::min, AnalysisFlag::max",1024,0.25,1.25676e+06
IDXMAX,double,"AnalysisFlag::min, AnalysisFlag::max",1024,0.25,1.25661e+06
IDXMAX,double,"AnalysisFlag::min, AnalysisFlag::max",1024,0.25,1.25625e+06
IDXMAX,double,"AnalysisFlag::min, AnalysisFlag::max",1024,0.25,1.25904e+06
IDXMAX,double,"AnalysisFlag::min, AnalysisFlag::max",1024,0.25,1.2595e+06
IDXMAX,double,"AnalysisFlag::min, AnalysisFlag::max",2048,0.25,5.23115e+06
IDXMAX,double,"AnalysisFlag::min, AnalysisFlag::max",2048,0.25,5.20974e+06
IDXMAX,double,"AnalysisFlag::min, AnalysisFlag::max",2048,0.25,5.2096e+06
IDXMAX,double,"AnalysisFlag::min, AnalysisFlag::max",2048,0.25,5.21127e+06
IDXMAX,double,"AnalysisFlag::min, AnalysisFlag::max",2048,0.25,5.20694e+06
IDXMAX,double,"AnalysisFlag::min, AnalysisFlag::max",2048,0.25,5.20737e+06
IDXMAX,double,"AnalysisFlag::min, AnalysisFlag::max",2048,0.25,5.20269e+06
IDXMAX,double,"AnalysisFlag::min, AnalysisFlag::max",2048,0.25,5.22995e+06
IDXMAX,double,"AnalysisFlag::min, AnalysisFlag::max",2048,0.25,5.20953e+06
IDXMAX,double,"AnalysisFlag::min, AnalysisFlag::max",2048,0.25,5.20731e+06
IDXMAX,double,"AnalysisFlag::min, AnalysisFlag::max",4096,0.25,2.14218e+07
IDXMAX,double,"AnalysisFlag::min, AnalysisFlag::max",4096,0.25,2.14381e+07
IDXMAX,double,"AnalysisFlag::min, AnalysisFlag::max",4096,0.25,2.14082e+07
IDXMAX,double,"AnalysisFlag::min, AnalysisFlag::max",4096,0.25,2.14207e+07
IDXMAX,double,"AnalysisFlag::min, AnalysisFlag::max",4096,0.25,2.14114e+07
IDXMAX,double,"AnalysisFlag::min, AnalysisFlag::max",4096,0.25,2.14425e+07
IDXMAX,double,"AnalysisFlag::min, AnalysisFlag::max",4096,0.25,2.145e+07
IDXMAX,double,"AnalysisFlag::min, AnalysisFlag::max",4096,0.25,2.14354e+07
IDXMAX,double,"AnalysisFlag::min, AnalysisFlag::max",4096,0.25,2.14419e+07
IDXMAX,double,"AnalysisFlag::min, AnalysisFlag::max",4096,0.25,2.14273e+07
IDXMAX,int64_t,"AnalysisFlag::min, AnalysisFlag::max",1024,0.25,485584
IDXMAX,int64_t,"AnalysisFlag::min, AnalysisFlag::max",1024,0.25,440880
IDXMAX,int64_t,"AnalysisFlag::min, AnalysisFlag::max",1024,0.25,437494
IDXMAX,int64_t,"AnalysisFlag::min, AnalysisFlag::max",1024,0.25,435582
IDXMAX,int64_t,"AnalysisFlag::min, AnalysisFlag::max",1024,0.25,436740
IDXMAX,int64_t,"AnalysisFlag::min, AnalysisFlag::max",1024,0.25,444123
IDXMAX,int64_t,"AnalysisFlag::min, AnalysisFlag::max",1024,0.25,436403
IDXMAX,int64_t,"AnalysisFlag::min, AnalysisFlag::max",1024,0.25,437604
IDXMAX,int64_t,"AnalysisFlag::min, AnalysisFlag::max",1024,0.25,433560
IDXMAX,int64_t,"AnalysisFlag::min, AnalysisFlag::max",1024,0.25,433880
IDXMAX,int64_t,"AnalysisFlag::min, AnalysisFlag::max",2048,0.25,2.32563e+06
IDXMAX,int64_t,"AnalysisFlag::min, AnalysisFlag::max",2048,0.25,2.34388e+06
IDXMAX,int64_t,"AnalysisFlag::min, AnalysisFlag::max",2048,0.25,2.17049e+06
IDXMAX,int64_t,"AnalysisFlag::min, AnalysisFlag::max",2048,0.25,2.32248e+06
IDXMAX,int64_t,"AnalysisFlag::min, AnalysisFlag::max",2048,0.25,2.22188e+06
IDXMAX,int64_t,"AnalysisFlag::min, AnalysisFlag::max",2048,0.25,2.3244e+06
IDXMAX,int64_t,"AnalysisFlag::min, AnalysisFlag::max",2048,0.25,2.3136e+06
IDXMAX,int64_t,"AnalysisFlag::min, AnalysisFlag::max",2048,0.25,2.33949e+06
IDXMAX,int64_t,"AnalysisFlag::min, AnalysisFlag::max",2048,0.25,2.15716e+06
IDXMAX,int64_t,"AnalysisFlag::min, AnalysisFlag::max",2048,0.25,2.29086e+06
IDXMAX,int64_t,"AnalysisFlag::min, AnalysisFlag::max",4096,0.25,8.97874e+06
IDXMAX,int64_t,"AnalysisFlag::min, AnalysisFlag::max",4096,0.25,9.00209e+06
IDXMAX,int64_t,"AnalysisFlag::min, AnalysisFlag::max",4096,0.25,8.98314e+06
IDXMAX,int64_t,"AnalysisFlag::min, AnalysisFlag::max",4096,0.25,9.01479e+06
IDXMAX,int64_t,"AnalysisFlag::min, AnalysisFlag::max",4096,0.25,9.00494e+06
IDXMAX,int64_t,"AnalysisFlag::min, AnalysisFlag::max",4096,0.25,9.0047e+06
IDXMAX,int64_t,"AnalysisFlag::min, AnalysisFlag::max",4096,0.25,9.01127e+06
IDXMAX,int64_t,"AnalysisFlag::min, AnalysisFlag::max",4096,0.25,9.00442e+06
IDXMAX,int64_t,"AnalysisFlag::min, AnalysisFlag::max",4096,0.25,9.00631e+06
IDXMAX,int64_t,"AnalysisFlag::min, AnalysisFlag::max",4096,0.25,9.00095e+06
IDXMAX,double,"AnalysisFlag::min, AnalysisFlag::max",1024,1,1.36685e+06
IDXMAX,double,"AnalysisFlag::min, AnalysisFlag::max",1024,1,1.32729e+06
IDXMAX,double,"AnalysisFlag::min, AnalysisFlag::max",1024,1,1.27446e+06
IDXMAX,double,"AnalysisFlag::min, AnalysisFlag::max",1024,1,1.26914e+06
IDXMAX,double,"AnalysisFlag::min, AnalysisFlag::max",1024,1,1.26882e+06
IDXMAX,double,"AnalysisFlag::min, AnalysisFlag::max",1024,1,1.26614e+06
IDXMAX,double,"AnalysisFlag::min, AnalysisFlag::max",1024,1,1.26522e+06
IDXMAX,double,"AnalysisFlag::min, AnalysisFlag::max",1024,1,1.26504e+06
IDXMAX,double,"AnalysisFlag::min, AnalysisFlag::max",1024,1,1.26512e+06
IDXMAX,double,"AnalysisFlag::min, AnalysisFlag::max",1024,1,1.26513e+06
IDXMAX,double,"AnalysisFlag::min, AnalysisFlag::max",2048,1,5.24978e+06
IDXMAX,double,"AnalysisFlag::min, AnalysisFlag::max",2048,1,5.22407e+06
IDXMAX,double,"AnalysisFlag::min, AnalysisFlag::max",2048,1,5.22518e+06
IDXMAX,double,"AnalysisFlag::min, AnalysisFlag::max",2048,1,5.22319e+06
IDXMAX,double,"AnalysisFlag::min, AnalysisFlag::max",2048,1,5.21328e+06
IDXMAX,double,"AnalysisFlag::min, AnalysisFlag::max",2048,1,5.21571e+06
IDXMAX,double,"AnalysisFlag::min, AnalysisFlag::max",2048,1,5.21019e+06
IDXMAX,double,"AnalysisFlag::min, AnalysisFlag::max",2048,1,5.22011e+06
IDXMAX,double,"AnalysisFlag::min, AnalysisFlag::max",2048,1,5.21852e+06
IDXMAX,double,"AnalysisFlag::min, AnalysisFlag::max",2048,1,5.21971e+06
IDXMAX,double,"AnalysisFlag::min, AnalysisFlag::max",4096,1,2.15679e+07
IDXMAX,double,"AnalysisFlag::min, AnalysisFlag::max",4096,1,2.14187e+07
IDXMAX,double,"AnalysisFlag::min, AnalysisFlag::max",4096,1,2.15765e+07
IDXMAX,double,"AnalysisFlag::min, AnalysisFlag::max",4096,1,2.1434e+07
IDXMAX,double,"AnalysisFlag::min, AnalysisFlag::max",4096,1,2.14238e+07
IDXMAX,double,"AnalysisFlag::min, AnalysisFlag::max",4096,1,2.14264e+07
IDXMAX,double,"AnalysisFlag::min, AnalysisFlag::max",4096,1,2.14343e+07
IDXMAX,double,"AnalysisFlag::min, AnalysisFlag::max",4096,1,2.14395e+07
IDXMAX,double,"AnalysisFlag::min, AnalysisFlag::max",4096,1,2.14187e+07
IDXMAX,double,"AnalysisFlag::min, AnalysisFlag::max",4096,1,2.15977e+07
IDXMAX,int64_t,"AnalysisFlag::min, AnalysisFlag::max",1024,1,596675
IDXMAX,int64_t,"AnalysisFlag::min, AnalysisFlag::max",1024,1,473194
IDXMAX,int64_t,"AnalysisFlag::min, AnalysisFlag::max",1024,1,414681
IDXMAX,int64_t,"AnalysisFlag::min, AnalysisFlag::max",1024,1,411801
IDXMAX,int64_t,"AnalysisFlag::min, AnalysisFlag::max",1024,1,415637
IDXMAX,int64_t,"AnalysisFlag::min, AnalysisFlag::max",1024,1,420763
IDXMAX,int64_t,"AnalysisFlag::min, AnalysisFlag::max",1024,1,412631
IDXMAX,int64_t,"AnalysisFlag::min, AnalysisFlag::max",1024,1,411360
IDXMAX,int64_t,"AnalysisFlag::min, AnalysisFlag::max",1024,1,415945
IDXMAX,int64_t,"AnalysisFlag::min, AnalysisFlag::max",1024,1,414356
IDXMAX,int64_t,"AnalysisFlag::min, AnalysisFlag::max",2048,1,2.2864e+06
IDXMAX,int64_t,"AnalysisFlag::min, AnalysisFlag::max",2048,1,2.26848e+06
IDXMAX,int64_t,"AnalysisFlag::min, AnalysisFlag::max",2048,1,2.15844e+06
IDXMAX,int64_t,"AnalysisFlag::min, AnalysisFlag::max",2048,1,2.29969e+06
IDXMAX,int64_t,"AnalysisFlag::min, AnalysisFlag::max",2048,1,2.11627e+06
IDXMAX,int64_t,"AnalysisFlag::min, AnalysisFlag::max",2048,1,2.31633e+06
IDXMAX,int64_t,"AnalysisFlag::min, AnalysisFlag::max",2048,1,2.31194e+06
IDXMAX,int64_t,"AnalysisFlag::min, AnalysisFlag::max",2048,1,2.08778e+06
IDXMAX,int64_t,"AnalysisFlag::min, AnalysisFlag::max",2048,1,2.12183e+06
IDXMAX,int64_t,"AnalysisFlag::min, AnalysisFlag::max",2048,1,2.12768e+06
IDXMAX,int64_t,"AnalysisFlag::min, AnalysisFlag::max",4096,1,8.91896e+06
IDXMAX,int64_t,"AnalysisFlag::min, AnalysisFlag::max",4096,1,8.93032e+06
IDXMAX,int64_t,"AnalysisFlag::min, AnalysisFlag::max",4096,1,8.92273e+06
IDXMAX,int64_t,"AnalysisFlag::min, AnalysisFlag::max",4096,1,8.92678e+06
IDXMAX,int64_t,"AnalysisFlag::min, AnalysisFlag::max",4096,1,8.94214e+06
IDXMAX,int64_t,"AnalysisFlag::min, AnalysisFlag::max",4096,1,8.93625e+06
IDXMAX,int64_t,"AnalysisFlag::min, AnalysisFlag::max",4096,1,8.94718e+06
IDXMAX,int64_t,"AnalysisFlag::min, AnalysisFlag::max",4096,1,8.93126e+06
IDXMAX,int64_t,"AnalysisFlag::min, AnalysisFlag::max",4096,1,8.92966e+06
IDXMAX,int64_t,"AnalysisFlag::min, AnalysisFlag::max",4096,1,8.91316e+06
SUM,double,"AnalysisFlag::numDistinct",1024,0.001,82627
SUM,double,"AnalysisFlag::numDistinct",1024,0.001,70752
SUM,double,"AnalysisFlag::numDistinct",1024,0.001,71971
SUM,double,"AnalysisFlag::numDistinct",1024,0.001,73138
SUM,double,"AnalysisFlag::numDistinct",1024,0.001,70405
SUM,double,"AnalysisFlag::numDistinct",1024,0.001,71924
SUM,double,"AnalysisFlag::numDistinct",1024,0.001,69367
SUM,double,"AnalysisFlag::numDistinct",1024,0.001,69994
SUM,double,"AnalysisFlag::numDistinct",1024,0.001,67775
SUM,double,"AnalysisFlag::numDistinct",1024,0.001,68462
SUM,double,"AnalysisFlag::numDistinct",2048,0.001,164718
SUM,double,"AnalysisFlag::numDistinct",2048,0.001,160597
SUM,double,"AnalysisFlag::numDistinct",2048,0.001,165766
SUM,double,"AnalysisFlag::numDistinct",2048,0.001,164254
SUM,double,"AnalysisFlag::numDistinct",2048,0.001,165269
SUM,double,"AnalysisFlag::numDistinct",2048,0.001,166715
SUM,double,"AnalysisFlag::numDistinct",2048,0.001,162826
SUM,double,"AnalysisFlag::numDistinct",2048,0.001,160087
SUM,double,"AnalysisFlag::numDistinct",2048,0.001,160236
SUM,double,"AnalysisFlag::numDistinct",2048,0.001,160700
SUM,double,"AnalysisFlag::numDistinct",4096,0.001,357576
SUM,double,"AnalysisFlag::numDistinct",4096,0.001,413142
SUM,double,"AnalysisFlag::numDistinct",4096,0.001,417545
SUM,double,"AnalysisFlag::numDistinct",4096,0.001,418587
SUM,double,"AnalysisFlag::numDistinct",4096,0.001,405108
SUM,double,"AnalysisFlag::numDistinct",4096,0.001,398588
SUM,double,"AnalysisFlag::numDistinct",4096,0.001,344834
SUM,double,"AnalysisFlag::numDistinct",4096,0.001,407072
SUM,double,"AnalysisFlag::numDistinct",4096,0.001,348665
SUM,double,"AnalysisFlag::numDistinct",4096,0.001,343977
SUM,int64_t,"AnalysisFlag::numDistinct",1024,0.001,37407
SUM,int64_t,"AnalysisFlag::numDistinct",1024,0.001,27867
SUM,int64_t,"AnalysisFlag::numDistinct",1024,0.001,31116
SUM,int64_t,"AnalysisFlag::numDistinct",1024,0.001,27967
SUM,int64_t,"AnalysisFlag::numDistinct",1024,0.001,30019
SUM,int64_t,"AnalysisFlag::numDistinct",1024,0.001,28655
SUM,int64_t,"AnalysisFlag::numDistinct",1024,0.001,28084
SUM,int64_t,"AnalysisFlag::numDistinct",1024,0.001,29720
SUM,int64_t,"AnalysisFlag::numDistinct",1024,0.001,27777
SUM,int64_t,"AnalysisFlag::numDistinct",1024,0.001,28984
SUM,int64_t,"AnalysisFlag::numDistinct",2048,0.001,61258
SUM,int64_t,"AnalysisFlag::numDistinct",2048,0.001,58886
SUM,int64_t,"AnalysisFlag::numDistinct",2048,0.001,61726
SUM,int64_t,"AnalysisFlag::numDistinct",2048,0.001,59041
SUM,int64_t,"AnalysisFlag::numDistinct",2048,0.001,60194
SUM,int64_t,"AnalysisFlag::numDistinct",2048,0.001,61937
SUM,int64_t,"AnalysisFlag::numDistinct",2048,0.001,60444
SUM,int64_t,"AnalysisFlag::numDistinct",2048,0.001,62218
SUM,int64_t,"AnalysisFlag::numDistinct",2048,0.001,58532
SUM,int64_t,"AnalysisFlag::numDistinct",2048,0.001,61062
SUM,int64_t,"AnalysisFlag::numDistinct",4096,0.001,129441
SUM,int64_t,"AnalysisFlag::numDistinct",4096,0.001,126092
SUM,int64_t,"AnalysisFlag::numDistinct",4096,0.001,129325
SUM,int64_t,"AnalysisFlag::numDistinct",4096,0.001,127256
SUM,int64_t,"AnalysisFlag::numDistinct",4096,0.001,129138
SUM,int64_t,"AnalysisFlag::numDistinct",4096,0.001,126978
SUM,int64_t,"AnalysisFlag::numDistinct",4096,0.001,123218
SUM,int64_t,"AnalysisFlag::numDistinct",4096,0.001,127187
SUM,int64_t,"AnalysisFlag::numDistinct",4096,0.001,126869
SUM,int64_t,"AnalysisFlag::numDistinct",4096,0.001,130501
SUM,double,"AnalysisFlag::numDistinct",1024,0.01,95930
SUM,double,"AnalysisFlag::numDistinct",1024,0.01,94509
SUM,double,"AnalysisFlag::numDistinct",1024,0.01,94767
SUM,double,"AnalysisFlag::numDistinct",1024,0.01,95985
SUM,double,"AnalysisFlag::numDistinct",1024,0.01,91750
SUM,double,"AnalysisFlag::numDistinct",1024,0.01,90508
SUM,double,"AnalysisFlag::numDistinct",1024,0.01,93019
SUM,double,"AnalysisFlag::numDistinct",1024,0.01,95002
SUM,double,"AnalysisFlag::numDistinct",1024,0.01,94144
SUM,double,"AnalysisFlag::numDistinct",1024,0.01,92844
SUM,double,"AnalysisFlag::numDistinct",2048,0.01,191317
SUM,double,"AnalysisFlag::numDistinct",2048,0.01,187417
SUM,double,"AnalysisFlag::numDistinct",2048,0.01,193848
SUM,double,"AnalysisFlag::numDistinct",2048,0.01,189594
SUM,double,"AnalysisFlag::numDistinct",2048,0.01,192198
SUM,double,"AnalysisFlag::numDistinct",2048,0.01,187837
SUM,double,"AnalysisFlag::numDistinct",2048,0.01,191162
SUM,double,"AnalysisFlag::numDistinct",2048,0.01,188501
SUM,double,"AnalysisFlag::numDistinct",2048,0.01,192093
SUM,double,"AnalysisFlag::numDistinct",2048,0.01,186745
SUM,double,"AnalysisFlag::numDistinct",4096,0.01,404222
SUM,double,"AnalysisFlag::numDistinct",4096,0.01,398253
SUM,double,"AnalysisFlag::numDistinct",4096,0.01,395884
SUM,double,"AnalysisFlag::numDistinct",4096,0.01,391669
SUM,double,"AnalysisFlag::numDistinct",4096,0.01,397098
SUM,double,"AnalysisFlag::numDistinct",4096,0.01,394068
SUM,double,"AnalysisFlag::numDistinct",4096,0.01,388963
SUM,double,"AnalysisFlag::numDistinct",4096,0.01,392257
SUM,double,"AnalysisFlag::numDistinct",4096,0.01,396391
SUM,double,"AnalysisFlag::numDistinct",4096,0.01,385837
SUM,int64_t,"AnalysisFlag::numDistinct",1024,0.01,61889
SUM,int64_t,"AnalysisFlag::numDistinct",1024,0.01,60031
SUM,int64_t,"AnalysisFlag::numDistinct",1024,0.01,61274
SUM,int64_t,"AnalysisFlag::numDistinct",1024,0.01,60550
SUM,int64_t,"AnalysisFlag::numDistinct",1024,0.01,57479
SUM,int64_t,"AnalysisFlag::numDistinct",1024,0.01,59613
SUM,int64_t,"AnalysisFlag::numDistinct",1024,0.01,61558
SUM,int64_t,"AnalysisFlag::numDistinct",1024,0.01,59730
SUM,int64_t,"AnalysisFlag::numDistinct",1024,0.01,59419
SUM,int64_t,"AnalysisFlag::numDistinct",1024,0.01,57005
SUM,int64_t,"AnalysisFlag::numDistinct",2048,0.01,102070
SUM,int64_t,"AnalysisFlag::numDistinct",2048,0.01,101921
SUM,int64_t,"AnalysisFlag::numDistinct",2048,0.01,101683
SUM,int64_t,"AnalysisFlag::numDistinct",2048,0.01,102607
SUM,int64_t,"AnalysisFlag::numDistinct",2048,0.01,101347
SUM,int64_t,"AnalysisFlag::numDistinct",2048,0.01,101043
SUM,int64_t,"AnalysisFlag::numDistinct",2048,0.01,102350
SUM,int64_t,"AnalysisFlag::numDistinct",2048,0.01,97937
SUM,int64_t,"AnalysisFlag::numDistinct",2048,0.01,100848
SUM,int64_t,"AnalysisFlag::numDistinct",2048,0.01,104383
SUM,int64_t,"AnalysisFlag::numDistinct",4096,0.01,213249
SUM,int64_t,"AnalysisFlag::numDistinct",4096,0.01,214850
SUM,int64_t,"AnalysisFlag::numDistinct",4096,0.01,215562
SUM,int64_t,"AnalysisFlag::numDistinct",4096,0.01,211607
SUM,int64_t,"AnalysisFlag::numDistinct",4096,0.01,216784
SUM,int64_t,"AnalysisFlag::numDistinct",4096,0.01,212994
SUM,int64_t,"AnalysisFlag::numDistinct",4096,0.01,219542
SUM,int64_t,"AnalysisFlag::numDistinct",4096,0.01,215467
SUM,int64_t,"AnalysisFlag::numDistinct",4096,0.01,219182
SUM,int64_t,"AnalysisFlag::numDistinct",4096,0.01,216442
SUM,double,"AnalysisFlag::numDistinct",1024,0.05,106492
SUM,double,"AnalysisFlag::numDistinct",1024,0.05,102089
SUM,double,"AnalysisFlag::numDistinct",1024,0.05,102074
SUM,double,"AnalysisFlag::numDistinct",1024,0.05,102371
SUM,double,"AnalysisFlag::numDistinct",1024,0.05,101406
SUM,double,"AnalysisFlag::numDistinct",1024,0.05,102050
SUM,double,"AnalysisFlag::numDistinct",1024,0.05,104588
SUM,double,"AnalysisFlag::numDistinct",1024,0.05,102343
SUM,double,"AnalysisFlag::numDistinct",1024,0.05,103153
SUM,double,"AnalysisFlag::numDistinct",1024,0.05,104557
SUM,double,"AnalysisFlag::numDistinct",2048,0.05,221277
SUM,double,"AnalysisFlag::numDistinct",2048,0.05,220771
SUM,double,"AnalysisFlag::numDistinct",2048,0.05,220617
SUM,double,"AnalysisFlag::numDistinct",2048,0.05,223705
SUM,double,"AnalysisFlag::numDistinct",2048,0.05,215871
SUM,double,"AnalysisFlag::numDistinct",2048,0.05,216936
SUM,double,"AnalysisFlag::numDistinct",2048,0.05,219123
SUM,double,"AnalysisFlag::numDistinct",2048,0.05,220675
SUM,double,"AnalysisFlag::numDistinct",2048,0.05,220681
SUM,double,"AnalysisFlag::numDistinct",2048,0.05,218671
SUM,double,"AnalysisFlag::numDistinct",4096,0.05,664849
SUM,double,"AnalysisFlag::numDistinct",4096,0.05,563677
SUM,double,"AnalysisFlag::numDistinct",4096,0.05,527338
SUM,double,"AnalysisFlag::numDistinct",4096,0.05,518884
SUM,double,"AnalysisFlag::numDistinct",4096,0.05,529435
SUM,double,"AnalysisFlag::numDistinct",4096,0.05,524059
SUM,double,"AnalysisFlag::numDistinct",4096,0.05,517777
SUM,double,"AnalysisFlag::numDistinct",4096,0.05,527482
SUM,double,"AnalysisFlag::numDistinct",4096,0.05,525771
SUM,double,"AnalysisFlag::numDistinct",4096,0.05,526212
SUM,int64_t,"AnalysisFlag::numDistinct",1024,0.05,77887
SUM,int64_t,"AnalysisFlag::numDistinct",1024,0.05,76743
SUM,int64_t,"AnalysisFlag::numDistinct",1024,0.05,75613
SUM,int64_t,"AnalysisFlag::numDistinct",1024,0.05,74676
SUM,int64_t,"AnalysisFlag::numDistinct",1024,0.05,75523
SUM,int64_t,"AnalysisFlag::numDistinct",1024,0.05,76900
SUM,int64_t,"AnalysisFlag::numDistinct",1024,0.05,74294
SUM,int64_t,"AnalysisFlag::numDistinct",1024,0.05,75223
SUM,int64_t,"AnalysisFlag::numDistinct",1024,0.05,76100
SUM,int64_t,"AnalysisFlag::numDistinct",1024,0.05,74348
SUM,int64_t,"AnalysisFlag::numDistinct",2048,0.05,182690
SUM,int64_t,"AnalysisFlag::numDistinct",2048,0.05,180782
SUM,int64_t,"AnalysisFlag::numDistinct",2048,0.05,175293
SUM,int64_t,"AnalysisFlag::numDistinct",2048,0.05,177327
SUM,int64_t,"AnalysisFlag::numDistinct",2048,0.05,176240
SUM,int64_t,"AnalysisFlag::numDistinct",2048,0.05,181372
SUM,int64_t,"AnalysisFlag::numDistinct",2048,0.05,176424
SUM,int64_t,"AnalysisFlag::numDistinct",2048,0.05,175945
SUM,int64_t,"AnalysisFlag::numDistinct",2048,0.05,176202
SUM,int64_t,"AnalysisFlag::numDistinct",2048,0.05,175863
SUM,int64_t,"AnalysisFlag::numDistinct",4096,0.05,386795
SUM,int64_t,"AnalysisFlag::numDistinct",4096,0.05,372265
SUM,int64_t,"AnalysisFlag::numDistinct",4096,0.05,360507
SUM,int64_t,"AnalysisFlag::numDistinct",4096,0.05,366259
SUM,int64_t,"AnalysisFlag::numDistinct",4096,0.05,371730
SUM,int64_t,"AnalysisFlag::numDistinct",4096,0.05,373003
SUM,int64_t,"AnalysisFlag::numDistinct",4096,0.05,374834
SUM,int64_t,"AnalysisFlag::numDistinct",4096,0.05,360192
SUM,int64_t,"AnalysisFlag::numDistinct",4096,0.05,369030
SUM,int64_t,"AnalysisFlag::numDistinct",4096,0.05,366428
SUM,double,"AnalysisFlag::numDistinct",1024,0.1,115151
SUM,double,"AnalysisFlag::numDistinct",1024,0.1,111302
SUM,double,"AnalysisFlag::numDistinct",1024,0.1,113071
SUM,double,"AnalysisFlag::numDistinct",1024,0.1,114688
SUM,double,"AnalysisFlag::numDistinct",1024,0.1,113755
SUM,double,"AnalysisFlag::numDistinct",1024,0.1,111419
SUM,double,"AnalysisFlag::numDistinct",1024,0.1,286914
SUM,double,"AnalysisFlag::numDistinct",1024,0.1,111699
SUM,double,"AnalysisFlag::numDistinct",1024,0.1,113903
SUM,double,"AnalysisFlag::numDistinct",1024,0.1,111208
SUM,double,"AnalysisFlag::numDistinct",2048,0.1,264122
SUM,double,"AnalysisFlag::numDistinct",2048,0.1,256681
SUM,double,"AnalysisFlag::numDistinct",2048,0.1,256809
SUM,double,"AnalysisFlag::numDistinct",2048,0.1,256768
SUM,double,"AnalysisFlag::numDistinct",2048,0.1,259696
SUM,double,"AnalysisFlag::numDistinct",2048,0.1,257743
SUM,double,"AnalysisFlag::numDistinct",2048,0.1,259220
SUM,double,"AnalysisFlag::numDistinct",2048,0.1,256674
SUM,double,"AnalysisFlag::numDistinct",2048,0.1,255519
SUM,double,"AnalysisFlag::numDistinct",2048,0.1,255973
SUM,double,"AnalysisFlag::numDistinct",4096,0.1,975401
SUM,double,"AnalysisFlag::numDistinct",4096,0.1,982949
SUM,double,"AnalysisFlag::numDistinct",4096,0.1,951380
SUM,double,"AnalysisFlag::numDistinct",4096,0.1,967140
SUM,double,"AnalysisFlag::numDistinct",4096,0.1,963776
SUM,double,"AnalysisFlag::numDistinct",4096,0.1,970140
SUM,double,"AnalysisFlag::numDistinct",4096,0.1,968306
SUM,double,"AnalysisFlag::numDistinct",4096,0.1,962999
SUM,double,"AnalysisFlag::numDistinct",4096,0.1,959369
SUM,double,"AnalysisFlag::numDistinct",4096,0.1,961242
SUM,int64_t,"AnalysisFlag::numDistinct",1024,0.1,91613
SUM,int64_t,"AnalysisFlag::numDistinct",1024,0.1,85774
SUM,int64_t,"AnalysisFlag::numDistinct",1024,0.1,85429
SUM,int64_t,"AnalysisFlag::numDistinct",1024,0.1,95028
SUM,int64_t,"AnalysisFlag::numDistinct",1024,0.1,85490
SUM,int64_t,"AnalysisFlag::numDistinct",1024,0.1,83779
SUM,int64_t,"AnalysisFlag::numDistinct",1024,0.1,86733
SUM,int64_t,"AnalysisFlag::numDistinct",1024,0.1,88978
SUM,int64_t,"AnalysisFlag::numDistinct",1024,0.1,85716
SUM,int64_t,"AnalysisFlag::numDistinct",1024,0.1,85409
SUM,int64_t,"AnalysisFlag::numDistinct",2048,0.1,250036
SUM,int64_t,"AnalysisFlag::numDistinct",2048,0.1,220810
SUM,int64_t,"AnalysisFlag::numDistinct",2048,0.1,217428
SUM,int64_t,"AnalysisFlag::numDistinct",2048,0.1,218607
SUM,int64_t,"AnalysisFlag::numDistinct",2048,0.1,217295
SUM,int64_t,"AnalysisFlag::numDistinct",2048,0.1,222791
SUM,int64_t,"AnalysisFlag::numDistinct",2048,0.1,218122
SUM,int64_t,"AnalysisFlag::numDistinct",2048,0.1,218524
SUM,int64_t,"AnalysisFlag::numDistinct",2048,0.1,224087
SUM,int64_t,"AnalysisFlag::numDistinct",2048,0.1,218302
SUM,int64_t,"AnalysisFlag::numDistinct",4096,0.1,824039
SUM,int64_t,"AnalysisFlag::numDistinct",4096,0.1,887527
SUM,int64_t,"AnalysisFlag::numDistinct",4096,0.1,885177
SUM,int64_t,"AnalysisFlag::numDistinct",4096,0.1,844358
SUM,int64_t,"AnalysisFlag::numDistinct",4096,0.1,831081
SUM,int64_t,"AnalysisFlag::numDistinct",4096,0.1,827723
SUM,int64_t,"AnalysisFlag::numDistinct",4096,0.1,817485
SUM,int64_t,"AnalysisFlag::numDistinct",4096,0.1,842936
SUM,int64_t,"AnalysisFlag::numDistinct",4096,0.1,815484
SUM,int64_t,"AnalysisFlag::numDistinct",4096,0.1,833556
SUM,double,"AnalysisFlag::numDistinct",1024,0.2,150107
SUM,double,"AnalysisFlag::numDistinct",1024,0.2,135763
SUM,double,"AnalysisFlag::numDistinct",1024,0.2,130660
SUM,double,"AnalysisFlag::numDistinct",1024,0.2,131192
SUM,double,"AnalysisFlag::numDistinct",1024,0.2,132218
SUM,double,"AnalysisFlag::numDistinct",1024,0.2,133066
SUM,double,"AnalysisFlag::numDistinct",1024,0.2,128718
SUM,double,"AnalysisFlag::numDistinct",1024,0.2,132116
SUM,double,"AnalysisFlag::numDistinct",1024,0.2,133211
SUM,double,"AnalysisFlag::numDistinct",1024,0.2,131487
SUM,double,"AnalysisFlag::numDistinct",2048,0.2,425658
SUM,double,"AnalysisFlag::numDistinct",2048,0.2,358766
SUM,double,"AnalysisFlag::numDistinct",2048,0.2,352544
SUM,double,"AnalysisFlag::numDistinct",2048,0.2,349180
SUM,double,"AnalysisFlag::numDistinct",2048,0.2,359169
SUM,double,"AnalysisFlag::numDistinct",2048,0.2,361553
SUM,double,"AnalysisFlag::numDistinct",2048,0.2,344783
SUM,double,"AnalysisFlag::numDistinct",2048,0.2,351696
SUM,double,"AnalysisFlag::numDistinct",2048,0.2,351246
SUM,double,"AnalysisFlag::numDistinct",2048,0.2,356147
SUM,double,"AnalysisFlag::numDistinct",4096,0.2,1.75242e+06
SUM,double,"AnalysisFlag::numDistinct",4096,0.2,1.80507e+06
SUM,double,"AnalysisFlag::numDistinct",4096,0.2,1.73455e+06
SUM,double,"AnalysisFlag::numDistinct",4096,0.2,1.83832e+06
SUM,double,"AnalysisFlag::numDistinct",4096,0.2,1.7504e+06
SUM,double,"AnalysisFlag::numDistinct",4096,0.2,1.82584e+06
SUM,double,"AnalysisFlag::numDistinct",4096,0.2,1.75165e+06
SUM,double,"AnalysisFlag::numDistinct",4096,0.2,1.78747e+06
SUM,double,"AnalysisFlag::numDistinct",4096,0.2,1.75688e+06
SUM,double,"AnalysisFlag::numDistinct",4096,0.2,1.77857e+06
SUM,int64_t,"AnalysisFlag::numDistinct",1024,0.2,130280
SUM,int64_t,"AnalysisFlag::numDistinct",1024,0.2,108982
SUM,int64_t,"AnalysisFlag::numDistinct",1024,0.2,107293
SUM,int64_t,"AnalysisFlag::numDistinct",1024,0.2,105396
SUM,int64_t,"AnalysisFlag::numDistinct",1024,0.2,106034
SUM,int64_t,"AnalysisFlag::numDistinct",1024,0.2,107656
SUM,int64_t,"AnalysisFlag::numDistinct",1024,0.2,107573
SUM,int64_t,"AnalysisFlag::numDistinct",1024,0.2,105573
SUM,int64_t,"AnalysisFlag::numDistinct",1024,0.2,106548
SUM,int64_t,"AnalysisFlag::numDistinct",1024,0.2,105099
SUM,int64_t,"AnalysisFlag::numDistinct",2048,0.2,467342
SUM,int64_t,"AnalysisFlag::numDistinct",2048,0.2,357335
SUM,int64_t,"AnalysisFlag::numDistinct",2048,0.2,324896
SUM,int64_t,"AnalysisFlag::numDistinct",2048,0.2,322893
SUM,int64_t,"AnalysisFlag::numDistinct",2048,0.2,323881
SUM,int64_t,"AnalysisFlag::numDistinct",2048,0.2,323978
SUM,int64_t,"AnalysisFlag::numDistinct",2048,0.2,328434
SUM,int64_t,"AnalysisFlag::numDistinct",2048,0.2,317750
SUM,int64_t,"AnalysisFlag::numDistinct",2048,0.2,315099
SUM,int64_t,"AnalysisFlag::numDistinct",2048,0.2,318633
SUM,int64_t,"AnalysisFlag::numDistinct",4096,0.2,1.6617e+06
SUM,int64_t,"AnalysisFlag::numDistinct",4096,0.2,1.71396e+06
SUM,int64_t,"AnalysisFlag::numDistinct",4096,0.2,1.64962e+06
SUM,int64_t,"AnalysisFlag::numDistinct",4096,0.2,1.6604e+06
SUM,int64_t,"AnalysisFlag::numDistinct",4096,0.2,1.70208e+06
SUM,int64_t,"AnalysisFlag::numDistinct",4096,0.2,1.68034e+06
SUM,int64_t,"AnalysisFlag::numDistinct",4096,0.2,1.65668e+06
SUM,int64_t,"AnalysisFlag::numDistinct",4096,0.2,1.67693e+06
SUM,int64_t,"AnalysisFlag::numDistinct",4096,0.2,1.64634e+06
SUM,int64_t,"AnalysisFlag::numDistinct",4096,0.2,1.66788e+06
SUM,double,"AnalysisFlag::numDistinct",1024,0.25,2.66295e+06
SUM,double,"AnalysisFlag::numDistinct",1024,0.25,2.643e+06
SUM,double,"AnalysisFlag::numDistinct",1024,0.25,2.6397e+06
SUM,double,"AnalysisFlag::numDistinct",1024,0.25,2.64881e+06
SUM,double,"AnalysisFlag::numDistinct",1024,0.25,2.64588e+06
SUM,double,"AnalysisFlag::numDistinct",1024,0.25,2.64849e+06
SUM,double,"AnalysisFlag::numDistinct",1024,0.25,2.64253e+06
SUM,double,"AnalysisFlag::numDistinct",1024,0.25,2.64142e+06
SUM,double,"AnalysisFlag::numDistinct",1024,0.25,2.64354e+06
SUM,double,"AnalysisFlag::numDistinct",1024,0.25,2.64572e+06
SUM,double,"AnalysisFlag::numDistinct",2048,0.25,1.05236e+07
SUM,double,"AnalysisFlag::numDistinct",2048,0.25,1.05391e+07
SUM,double,"AnalysisFlag::numDistinct",2048,0.25,1.05206e+07
SUM,double,"AnalysisFlag::numDistinct",2048,0.25,1.05373e+07
SUM,double,"AnalysisFlag::numDistinct",2048,0.25,1.05166e+07
SUM,double,"AnalysisFlag::numDistinct",2048,0.25,1.0514e+07
SUM,double,"AnalysisFlag::numDistinct",2048,0.25,1.05194e+07
SUM,double,"AnalysisFlag::numDistinct",2048,0.25,1.05244e+07
SUM,double,"AnalysisFlag::numDistinct",2048,0.25,1.05352e+07
SUM,double,"AnalysisFlag::numDistinct",2048,0.25,1.05421e+07
SUM,double,"AnalysisFlag::numDistinct",4096,0.25,4.16936e+07
SUM,double,"AnalysisFlag::numDistinct",4096,0.25,4.16746e+07
SUM,double,"AnalysisFlag::numDistinct",4096,0.25,4.16811e+07
SUM,double,"AnalysisFlag::numDistinct",4096,0.25,4.1677e+07
SUM,double,"AnalysisFlag::numDistinct",4096,0.25,4.16923e+07
SUM,double,"AnalysisFlag::numDistinct",4096,0.25,4.168e+07
SUM,double,"AnalysisFlag::numDistinct",4096,0.25,4.16897e+07
SUM,double,"AnalysisFlag::numDistinct",4096,0.25,4.17106e+07
SUM,double,"AnalysisFlag::numDistinct",4096,0.25,4.17138e+07
SUM,double,"AnalysisFlag::numDistinct",4096,0.25,4.17178e+07
SUM,int64_t,"AnalysisFlag::numDistinct",1024,0.25,1.35376e+06
SUM,int64_t,"AnalysisFlag::numDistinct",1024,0.25,1.34412e+06
SUM,int64_t,"AnalysisFlag::numDistinct",1024,0.25,1.3435e+06
SUM,int64_t,"AnalysisFlag::numDistinct",1024,0.25,1.34113e+06
SUM,int64_t,"AnalysisFlag::numDistinct",1024,0.25,1.34081e+06
SUM,int64_t,"AnalysisFlag::numDistinct",1024,0.25,1.34042e+06
SUM,int64_t,"AnalysisFlag::numDistinct",1024,0.25,1.34034e+06
SUM,int64_t,"AnalysisFlag::numDistinct",1024,0.25,1.34042e+06
SUM,int64_t,"AnalysisFlag::numDistinct",1024,0.25,1.33934e+06
SUM,int64_t,"AnalysisFlag::numDistinct",1024,0.25,1.33954e+06
SUM,int64_t,"AnalysisFlag::numDistinct",2048,0.25,5.3411e+06
SUM,int64_t,"AnalysisFlag::numDistinct",2048,0.25,5.34466e+06
SUM,int64_t,"AnalysisFlag::numDistinct",2048,0.25,5.34172e+06
SUM,int64_t,"AnalysisFlag::numDistinct",2048,0.25,5.35173e+06
SUM,int64_t,"AnalysisFlag::numDistinct",2048,0.25,5.35192e+06
SUM,int64_t,"AnalysisFlag::numDistinct",2048,0.25,5.3478e+06
SUM,int64_t,"AnalysisFlag::numDistinct",2048,0.25,5.34879e+06
SUM,int64_t,"AnalysisFlag::numDistinct",2048,0.25,5.34577e+06
SUM,int64_t,"AnalysisFlag::numDistinct",2048,0.25,5.34642e+06
SUM,int64_t,"AnalysisFlag::numDistinct",2048,0.25,5.34447e+06
SUM,int64_t,"AnalysisFlag::numDistinct",4096,0.25,2.1091e+07
SUM,int64_t,"AnalysisFlag::numDistinct",4096,0.25,2.11002e+07
SUM,int64_t,"AnalysisFlag::numDistinct",4096,0.25,2.10973e+07
SUM,int64_t,"AnalysisFlag::numDistinct",4096,0.25,2.1087e+07
SUM,int64_t,"AnalysisFlag::numDistinct",4096,0.25,2.11092e+07
SUM,int64_t,"AnalysisFlag::numDistinct",4096,0.25,2.10912e+07
SUM,int64_t,"AnalysisFlag::numDistinct",4096,0.25,2.1079e+07
SUM,int64_t,"AnalysisFlag::numDistinct",4096,0.25,2.10749e+07
SUM,int64_t,"AnalysisFlag::numDistinct",4096,0.25,2.10828e+07
SUM,int64_t,"AnalysisFlag::numDistinct",4096,0.25,2.11037e+07
SUM,double,"AnalysisFlag::numDistinct",1024,1,2.74275e+06
SUM,double,"AnalysisFlag::numDistinct",1024,1,2.65732e+06
SUM,double,"AnalysisFlag::numDistinct",1024,1,2.63916e+06
SUM,double,"AnalysisFlag::numDistinct",1024,1,2.65127e+06
SUM,double,"AnalysisFlag::numDistinct",1024,1,2.75906e+06
SUM,double,"AnalysisFlag::numDistinct",1024,1,2.64373e+06
SUM,double,"AnalysisFlag::numDistinct",1024,1,2.65001e+06
SUM,double,"AnalysisFlag::numDistinct",1024,1,2.64758e+06
SUM,double,"AnalysisFlag::numDistinct",1024,1,2.64909e+06
SUM,double,"AnalysisFlag::numDistinct",1024,1,2.64661e+06
SUM,double,"AnalysisFlag::numDistinct",2048,1,1.05137e+07
SUM,double,"AnalysisFlag::numDistinct",2048,1,1.05264e+07
SUM,double,"AnalysisFlag::numDistinct",2048,1,1.05031e+07
SUM,double,"AnalysisFlag::numDistinct",2048,1,1.04967e+07
SUM,double,"AnalysisFlag::numDistinct",2048,1,1.05053e+07
SUM,double,"AnalysisFlag::numDistinct",2048,1,1.05147e+07
SUM,double,"AnalysisFlag::numDistinct",2048,1,1.0525e+07
SUM,double,"AnalysisFlag::numDistinct",2048,1,1.05108e+07
SUM,double,"AnalysisFlag::numDistinct",2048,1,1.05138e+07
SUM,double,"AnalysisFlag::numDistinct",2048,1,1.05028e+07
SUM,double,"AnalysisFlag::numDistinct",4096,1,4.17192e+07
SUM,double,"AnalysisFlag::numDistinct",4096,1,4.16114e+07
SUM,double,"AnalysisFlag::numDistinct",4096,1,4.16155e+07
SUM,double,"AnalysisFlag::numDistinct",4096,1,4.16167e+07
SUM,double,"AnalysisFlag::numDistinct",4096,1,4.16167e+07
SUM,double,"AnalysisFlag::numDistinct",4096,1,4.16135e+07
SUM,double,"AnalysisFlag::numDistinct",4096,1,4.16333e+07
SUM,double,"AnalysisFlag::numDistinct",4096,1,4.16349e+07
SUM,double,"AnalysisFlag::numDistinct",4096,1,4.16049e+07
SUM,double,"AnalysisFlag::numDistinct",4096,1,4.16073e+07
SUM,int64_t,"AnalysisFlag::numDistinct",1024,1,1.42049e+06
SUM,int64_t,"AnalysisFlag::numDistinct",1024,1,1.35003e+06
SUM,int64_t,"AnalysisFlag::numDistinct",1024,1,1.34858e+06
SUM,int64_t,"AnalysisFlag::numDistinct",1024,1,1.3501e+06
SUM,int64_t,"AnalysisFlag::numDistinct",1024,1,1.34928e+06
SUM,int64_t,"AnalysisFlag::numDistinct",1024,1,1.34788e+06
SUM,int64_t,"AnalysisFlag::numDistinct",1024,1,1.34794e+06
SUM,int64_t,"AnalysisFlag::numDistinct",1024,1,1.3481e+06
SUM,int64_t,"AnalysisFlag::numDistinct",1024,1,1.35009e+06
SUM,int64_t,"AnalysisFlag::numDistinct",1024,1,1.34816e+06
SUM,int64_t,"AnalysisFlag::numDistinct",2048,1,5.36585e+06
SUM,int64_t,"AnalysisFlag::numDistinct",2048,1,5.36442e+06
SUM,int64_t,"AnalysisFlag::numDistinct",2048,1,5.36141e+06
SUM,int64_t,"AnalysisFlag::numDistinct",2048,1,5.35396e+06
SUM,int64_t,"AnalysisFlag::numDistinct",2048,1,5.34805e+06
SUM,int64_t,"AnalysisFlag::numDistinct",2048,1,5.3733e+06
SUM,int64_t,"AnalysisFlag::numDistinct",2048,1,5.35389e+06
SUM,int64_t,"AnalysisFlag::numDistinct",2048,1,5.34194e+06
SUM,int64_t,"AnalysisFlag::numDistinct",2048,1,5.3876e+06
SUM,int64_t,"AnalysisFlag::numDistinct",2048,1,5.35808e+06
SUM,int64_t,"AnalysisFlag::numDistinct",4096,1,2.11164e+07
SUM,int64_t,"AnalysisFlag::numDistinct",4096,1,2.11259e+07
SUM,int64_t,"AnalysisFlag::numDistinct",4096,1,2.11262e+07
SUM,int64_t,"AnalysisFlag::numDistinct",4096,1,2.11142e+07
SUM,int64_t,"AnalysisFlag::numDistinct",4096,1,2.11241e+07
SUM,int64_t,"AnalysisFlag::numDistinct",4096,1,2.11125e+07
SUM,int64_t,"AnalysisFlag::numDistinct",4096,1,2.11117e+07
SUM,int64_t,"AnalysisFlag::numDistinct",4096,1,2.1104e+07
SUM,int64_t,"AnalysisFlag::numDistinct",4096,1,2.11204e+07
SUM,int64_t,"AnalysisFlag::numDistinct",4096,1,2.11224e+07
MEAN,double,"AnalysisFlag::numDistinct",1024,0.001,76920
MEAN,double,"AnalysisFlag::numDistinct",1024,0.001,69022
MEAN,double,"AnalysisFlag::numDistinct",1024,0.001,70546
MEAN,double,"AnalysisFlag::numDistinct",1024,0.001,73738
MEAN,double,"AnalysisFlag::numDistinct",1024,0.001,71128
MEAN,double,"AnalysisFlag::numDistinct",1024,0.001,69988
MEAN,double,"AnalysisFlag::numDistinct",1024,0.001,69466
MEAN,double,"AnalysisFlag::numDistinct",1024,0.001,70311
MEAN,double,"AnalysisFlag::numDistinct",1024,0.001,73424
MEAN,double,"AnalysisFlag::numDistinct",1024,0.001,70609
MEAN,double,"AnalysisFlag::numDistinct",2048,0.001,171309
MEAN,double,"AnalysisFlag::numDistinct",2048,0.001,187946
MEAN,double,"AnalysisFlag::numDistinct",2048,0.001,187292
MEAN,double,"AnalysisFlag::numDistinct",2048,0.001,186677
MEAN,double,"AnalysisFlag::numDistinct",2048,0.001,163234
MEAN,double,"AnalysisFlag::numDistinct",2048,0.001,164500
MEAN,double,"AnalysisFlag::numDistinct",2048,0.001,161233
MEAN,double,"AnalysisFlag::numDistinct",2048,0.001,162189
MEAN,double,"AnalysisFlag::numDistinct",2048,0.001,163080
MEAN,double,"AnalysisFlag::numDistinct",2048,0.001,183188
MEAN,double,"AnalysisFlag::numDistinct",4096,0.001,423690
MEAN,double,"AnalysisFlag::numDistinct",4096,0.001,370143
MEAN,double,"AnalysisFlag::numDistinct",4096,0.001,359956
MEAN,double,"AnalysisFlag::numDistinct",4096,0.001,358626
MEAN,double,"AnalysisFlag::numDistinct",4096,0.001,358762
MEAN,double,"AnalysisFlag::numDistinct",4096,0.001,352400
MEAN,double,"AnalysisFlag::numDistinct",4096,0.001,356155
MEAN,double,"AnalysisFlag::numDistinct",4096,0.001,357530
MEAN,double,"AnalysisFlag::numDistinct",4096,0.001,357597
MEAN,double,"AnalysisFlag::numDistinct",4096,0.001,357387
MEAN,int64_t,"AnalysisFlag::numDistinct",1024,0.001,14170
MEAN,int64_t,"AnalysisFlag::numDistinct",1024,0.001,9046
MEAN,int64_t,"AnalysisFlag::numDistinct",1024,0.001,11854
MEAN,int64_t,"AnalysisFlag::numDistinct",1024,0.001,11735
MEAN,int64_t,"AnalysisFlag::numDistinct",1024,0.001,11693
MEAN,int64_t,"AnalysisFlag::numDistinct",1024,0.001,11484
MEAN,int64_t,"AnalysisFlag::numDistinct",1024,0.001,11600
MEAN,int64_t,"AnalysisFlag::numDistinct",1024,0.001,11047
MEAN,int64_t,"AnalysisFlag::numDistinct",1024,0.001,11299
MEAN,int64_t,"AnalysisFlag::numDistinct",1024,0.001,11360
MEAN,int64_t,"AnalysisFlag::numDistinct",2048,0.001,26158
MEAN,int64_t,"AnalysisFlag::numDistinct",2048,0.001,21079
MEAN,int64_t,"AnalysisFlag::numDistinct",2048,0.001,25463
MEAN,int64_t,"AnalysisFlag::numDistinct",2048,0.001,25364
MEAN,int64_t,"AnalysisFlag::numDistinct",2048,0.001,25614
MEAN,int64_t,"AnalysisFlag::numDistinct",2048,0.001,25331
MEAN,int64_t,"AnalysisFlag::numDistinct",2048,0.001,24777
MEAN,int64_t,"AnalysisFlag::numDistinct",2048,0.001,25151
MEAN,int64_t,"AnalysisFlag::numDistinct",2048,0.001,25141
MEAN,int64_t,"AnalysisFlag::numDistinct",2048,0.001,25588
MEAN,int64_t,"AnalysisFlag::numDistinct",4096,0.001,62751
MEAN,int64_t,"AnalysisFlag::numDistinct",4096,0.001,60232
MEAN,int64_t,"AnalysisFlag::numDistinct",4096,0.001,61763
MEAN,int64_t,"AnalysisFlag::numDistinct",4096,0.001,61856
MEAN,int64_t,"AnalysisFlag::numDistinct",4096,0.001,61792
MEAN,int64_t,"AnalysisFlag::numDistinct",4096,0.001,62281
MEAN,int64_t,"AnalysisFlag::numDistinct",4096,0.001,61857
MEAN,int64_t,"AnalysisFlag::numDistinct",4096,0.001,62304
MEAN,int64_t,"AnalysisFlag::numDistinct",4096,0.001,61800
MEAN,int64_t,"AnalysisFlag::numDistinct",4096,0.001,61616
MEAN,double,"AnalysisFlag::numDistinct",1024,0.01,100155
MEAN,double,"AnalysisFlag::numDistinct",1024,0.01,94101
MEAN,double,"AnalysisFlag::numDistinct",1024,0.01,97756
MEAN,double,"AnalysisFlag::numDistinct",1024,0.01,97656
MEAN,double,"AnalysisFlag::numDistinct",1024,0.01,95459
MEAN,double,"AnalysisFlag::numDistinct",1024,0.01,93570
MEAN,double,"AnalysisFlag::numDistinct",1024,0.01,97977
MEAN,double,"AnalysisFlag::numDistinct",1024,0.01,97806
MEAN,double,"AnalysisFlag::numDistinct",1024,0.01,95405
MEAN,double,"AnalysisFlag::numDistinct",1024,0.01,94094
MEAN,double,"AnalysisFlag::numDistinct",2048,0.01,194253
MEAN,double,"AnalysisFlag::numDistinct",2048,0.01,194546
MEAN,double,"AnalysisFlag::numDistinct",2048,0.01,197138
MEAN,double,"AnalysisFlag::numDistinct",2048,0.01,195958
MEAN,double,"AnalysisFlag::numDistinct",2048,0.01,197288
MEAN,double,"AnalysisFlag::numDistinct",2048,0.01,193871
MEAN,double,"AnalysisFlag::numDistinct",2048,0.01,193209
MEAN,double,"AnalysisFlag::numDistinct",2048,0.01,194455
MEAN,double,"AnalysisFlag::numDistinct",2048,0.01,194262
MEAN,double,"AnalysisFlag::numDistinct",2048,0.01,193711
MEAN,double,"AnalysisFlag::numDistinct",4096,0.01,404710
MEAN,double,"AnalysisFlag::numDistinct",4096,0.01,400420
MEAN,double,"AnalysisFlag::numDistinct",4096,0.01,399186
MEAN,double,"AnalysisFlag::numDistinct",4096,0.01,403627
MEAN,double,"AnalysisFlag::numDistinct",4096,0.01,401707
MEAN,double,"AnalysisFlag::numDistinct",4096,0.01,407889
MEAN,double,"AnalysisFlag::numDistinct",4096,0.01,401872
MEAN,double,"AnalysisFlag::numDistinct",4096,0.01,400449
MEAN,double,"AnalysisFlag::numDistinct",4096,0.01,405323
MEAN,double,"AnalysisFlag::numDistinct",4096,0.01,406470
MEAN,int64_t,"AnalysisFlag::numDistinct",1024,0.01,19660
MEAN,int64_t,"AnalysisFlag::numDistinct",1024,0.01,17967
MEAN,int64_t,"AnalysisFlag::numDistinct",1024,0.01,19429
MEAN,int64_t,"AnalysisFlag::numDistinct",1024,0.01,18819
MEAN,int64_t,"AnalysisFlag::numDistinct",1024,0.01,18711
MEAN,int64_t,"AnalysisFlag::numDistinct",1024,0.01,19040
MEAN,int64_t,"AnalysisFlag::numDistinct",1024,0.01,19169
MEAN,int64_t,"AnalysisFlag::numDistinct",1024,0.01,18667
MEAN,int64_t,"AnalysisFlag::numDistinct",1024,0.01,18538
MEAN,int64_t,"AnalysisFlag::numDistinct",1024,0.01,18581
MEAN,int64_t,"AnalysisFlag::numDistinct",2048,0.01,41887
MEAN,int64_t,"AnalysisFlag::numDistinct",2048,0.01,40861
MEAN,int64_t,"AnalysisFlag::numDistinct",2048,0.01,40848
MEAN,int64_t,"AnalysisFlag::numDistinct",2048,0.01,41040
MEAN,int64_t,"AnalysisFlag::numDistinct",2048,0.01,40998
MEAN,int64_t,"AnalysisFlag::numDistinct",2048,0.01,40844
MEAN,int64_t,"AnalysisFlag::numDistinct",2048,0.01,41799
MEAN,int64_t,"AnalysisFlag::numDistinct",2048,0.01,41437
MEAN,int64_t,"AnalysisFlag::numDistinct",2048,0.01,41541
MEAN,int64_t,"AnalysisFlag::numDistinct",2048,0.01,41585
MEAN,int64_t,"AnalysisFlag::numDistinct",4096,0.01,96659
MEAN,int64_t,"AnalysisFlag::numDistinct",4096,0.01,96270
MEAN,int64_t,"AnalysisFlag::numDistinct",4096,0.01,98786
MEAN,int64_t,"AnalysisFlag::numDistinct",4096,0.01,97512
MEAN,int64_t,"AnalysisFlag::numDistinct",4096,0.01,95519
MEAN,int64_t,"AnalysisFlag::numDistinct",4096,0.01,95466
MEAN,int64_t,"AnalysisFlag::numDistinct",4096,0.01,95894
MEAN,int64_t,"AnalysisFlag::numDistinct",4096,0.01,96128
MEAN,int64_t,"AnalysisFlag::numDistinct",4096,0.01,96398
MEAN,int64_t,"AnalysisFlag::numDistinct",4096,0.01,99290
MEAN,double,"AnalysisFlag::numDistinct",1024,0.05,104078
MEAN,double,"AnalysisFlag::numDistinct",1024,0.05,104854
MEAN,double,"AnalysisFlag::numDistinct",1024,0.05,106235
MEAN,double,"AnalysisFlag::numDistinct",1024,0.05,107230
MEAN,double,"AnalysisFlag::numDistinct",1024,0.05,104833
MEAN,double,"AnalysisFlag::numDistinct",1024,0.05,104798
MEAN,double,"AnalysisFlag::numDistinct",1024,0.05,104425
MEAN,double,"AnalysisFlag::numDistinct",1024,0.05,105066
MEAN,double,"AnalysisFlag::numDistinct",1024,0.05,107034
MEAN,double,"AnalysisFlag::numDistinct",1024,0.05,103388
MEAN,double,"AnalysisFlag::numDistinct",2048,0.05,225933
MEAN,double,"AnalysisFlag::numDistinct",2048,0.05,225219
MEAN,double,"AnalysisFlag::numDistinct",2048,0.05,225930
MEAN,double,"AnalysisFlag::numDistinct",2048,0.05,221422
MEAN,double,"AnalysisFlag::numDistinct",2048,0.05,226905
MEAN,double,"AnalysisFlag::numDistinct",2048,0.05,226220
MEAN,double,"AnalysisFlag::numDistinct",2048,0.05,224254
MEAN,double,"AnalysisFlag::numDistinct",2048,0.05,225318
MEAN,double,"AnalysisFlag::numDistinct",2048,0.05,220901
MEAN,double,"AnalysisFlag::numDistinct",2048,0.05,220115
MEAN,double,"AnalysisFlag::numDistinct",4096,0.05,652290
MEAN,double,"AnalysisFlag::numDistinct",4096,0.05,560321
MEAN,double,"AnalysisFlag::numDistinct",4096,0.05,535088
MEAN,double,"AnalysisFlag::numDistinct",4096,0.05,539161
MEAN,double,"AnalysisFlag::numDistinct",4096,0.05,531977
MEAN,double,"AnalysisFlag::numDistinct",4096,0.05,528746
MEAN,double,"AnalysisFlag::numDistinct",4096,0.05,534281
MEAN,double,"AnalysisFlag::numDistinct",4096,0.05,540474
MEAN,double,"AnalysisFlag::numDistinct",4096,0.05,530206
MEAN,double,"AnalysisFlag::numDistinct",4096,0.05,528625
MEAN,int64_t,"AnalysisFlag::numDistinct",1024,0.05,30846
MEAN,int64_t,"AnalysisFlag::numDistinct",1024,0.05,27811
MEAN,int64_t,"AnalysisFlag::numDistinct",1024,0.05,28027
MEAN,int64_t,"AnalysisFlag::numDistinct",1024,0.05,27922
MEAN,int64_t,"AnalysisFlag::numDistinct",1024,0.05,27468
MEAN,int64_t,"AnalysisFlag::numDistinct",1024,0.05,28387
MEAN,int64_t,"AnalysisFlag::numDistinct",1024,0.05,27769
MEAN,int64_t,"AnalysisFlag::numDistinct",1024,0.05,27847
MEAN,int64_t,"AnalysisFlag::numDistinct",1024,0.05,27132
MEAN,int64_t,"AnalysisFlag::numDistinct",1024,0.05,27566
MEAN,int64_t,"AnalysisFlag::numDistinct",2048,0.05,65956
MEAN,int64_t,"AnalysisFlag::numDistinct",2048,0.05,64832
MEAN,int64_t,"AnalysisFlag::numDistinct",2048,0.05,64284
MEAN,int64_t,"AnalysisFlag::numDistinct",2048,0.05,70016
MEAN,int64_t,"AnalysisFlag::numDistinct",2048,0.05,65469
MEAN,int64_t,"AnalysisFlag::numDistinct",2048,0.05,67233
MEAN,int64_t,"AnalysisFlag::numDistinct",2048,0.05,65335
MEAN,int64_t,"AnalysisFlag::numDistinct",2048,0.05,65232
MEAN,int64_t,"AnalysisFlag::numDistinct",2048,0.05,66315
MEAN,int64_t,"AnalysisFlag::numDistinct",2048,0.05,64873
MEAN,int64_t,"AnalysisFlag::numDistinct",4096,0.05,212077
MEAN,int64_t,"AnalysisFlag::numDistinct",4096,0.05,203034
MEAN,int64_t,"AnalysisFlag::numDistinct",4096,0.05,202087
MEAN,int64_t,"AnalysisFlag::numDistinct",4096,0.05,200272
MEAN,int64_t,"AnalysisFlag::numDistinct",4096,0.05,211809
MEAN,int64_t,"AnalysisFlag::numDistinct",4096,0.05,203071
MEAN,int64_t,"AnalysisFlag::numDistinct",4096,0.05,210542
MEAN,int64_t,"AnalysisFlag::numDistinct",4096,0.05,201242
MEAN,int64_t,"AnalysisFlag::numDistinct",4096,0.05,206379
MEAN,int64_t,"AnalysisFlag::numDistinct",4096,0.05,202764
MEAN,double,"AnalysisFlag::numDistinct",1024,0.1,117331
MEAN,double,"AnalysisFlag::numDistinct",1024,0.1,114797
MEAN,double,"AnalysisFlag::numDistinct",1024,0.1,113138
MEAN,double,"AnalysisFlag::numDistinct",1024,0.1,113233
MEAN,double,"AnalysisFlag::numDistinct",1024,0.1,111175
MEAN,double,"AnalysisFlag::numDistinct",1024,0.1,116040
MEAN,double,"AnalysisFlag::numDistinct",1024,0.1,113343
MEAN,double,"AnalysisFlag::numDistinct",1024,0.1,112793
MEAN,double,"AnalysisFlag::numDistinct",1024,0.1,114009
MEAN,double,"AnalysisFlag::numDistinct",1024,0.1,115152
MEAN,double,"AnalysisFlag::numDistinct",2048,0.1,264073
MEAN,double,"AnalysisFlag::numDistinct",2048,0.1,259233
MEAN,double,"AnalysisFlag::numDistinct",2048,0.1,259270
MEAN,double,"AnalysisFlag::numDistinct",2048,0.1,263259
MEAN,double,"AnalysisFlag::numDistinct",2048,0.1,258758
MEAN,double,"AnalysisFlag::numDistinct",2048,0.1,262912
MEAN,double,"AnalysisFlag::numDistinct",2048,0.1,258383
MEAN,double,"AnalysisFlag::numDistinct",2048,0.1,259234
MEAN,double,"AnalysisFlag::numDistinct",2048,0.1,261142
MEAN,double,"AnalysisFlag::numDistinct",2048,0.1,257433
MEAN,double,"AnalysisFlag::numDistinct",4096,0.1,970754
MEAN,double,"AnalysisFlag::numDistinct",4096,0.1,982045
MEAN,double,"AnalysisFlag::numDistinct",4096,0.1,953532
MEAN,double,"AnalysisFlag::numDistinct",4096,0.1,946302
MEAN,double,"AnalysisFlag::numDistinct",4096,0.1,966071
MEAN,double,"AnalysisFlag::numDistinct",4096,0.1,925298
MEAN,double,"AnalysisFlag::numDistinct",4096,0.1,1.02658e+06
MEAN,double,"AnalysisFlag::numDistinct",4096,0.1,951437
MEAN,double,"AnalysisFlag::numDistinct",4096,0.1,958573
MEAN,double,"AnalysisFlag::numDistinct",4096,0.1,943091
MEAN,int64_t,"AnalysisFlag::numDistinct",1024,0.1,40312
MEAN,int64_t,"AnalysisFlag::numDistinct",1024,0.1,33986
MEAN,int64_t,"AnalysisFlag::numDistinct",1024,0.1,34789
MEAN,int64_t,"AnalysisFlag::numDistinct",1024,0.1,35084
MEAN,int64_t,"AnalysisFlag::numDistinct",1024,0.1,34647
MEAN,int64_t,"AnalysisFlag::numDistinct",1024,0.1,34858
MEAN,int64_t,"AnalysisFlag::numDistinct",1024,0.1,34425
MEAN,int64_t,"AnalysisFlag::numDistinct",1024,0.1,35789
MEAN,int64_t,"AnalysisFlag::numDistinct",1024,0.1,35657
MEAN,int64_t,"AnalysisFlag::numDistinct",1024,0.1,36714
MEAN,int64_t,"AnalysisFlag::numDistinct",2048,0.1,128000
MEAN,int64_t,"AnalysisFlag::numDistinct",2048,0.1,102145
MEAN,int64_t,"AnalysisFlag::numDistinct",2048,0.1,99023
MEAN,int64_t,"AnalysisFlag::numDistinct",2048,0.1,100318
MEAN,int64_t,"AnalysisFlag::numDistinct",2048,0.1,98999
MEAN,int64_t,"AnalysisFlag::numDistinct",2048,0.1,98475
MEAN,int64_t,"AnalysisFlag::numDistinct",2048,0.1,99354
MEAN,int64_t,"AnalysisFlag::numDistinct",2048,0.1,100995
MEAN,int64_t,"AnalysisFlag::numDistinct",2048,0.1,98536
MEAN,int64_t,"AnalysisFlag::numDistinct",2048,0.1,98831
MEAN,int64_t,"AnalysisFlag::numDistinct",4096,0.1,578200
MEAN,int64_t,"AnalysisFlag::numDistinct",4096,0.1,618356
MEAN,int64_t,"AnalysisFlag::numDistinct",4096,0.1,572484
MEAN,int64_t,"AnalysisFlag::numDistinct",4096,0.1,576166
MEAN,int64_t,"AnalysisFlag::numDistinct",4096,0.1,600820
MEAN,int64_t,"AnalysisFlag::numDistinct",4096,0.1,554601
MEAN,int64_t,"AnalysisFlag::numDistinct",4096,0.1,607483
MEAN,int64_t,"AnalysisFlag::numDistinct",4096,0.1,582123
MEAN,int64_t,"AnalysisFlag::numDistinct",4096,0.1,597445
MEAN,int64_t,"AnalysisFlag::numDistinct",4096,0.1,581953
MEAN,double,"AnalysisFlag::numDistinct",1024,0.2,150047
MEAN,double,"AnalysisFlag::numDistinct",1024,0.2,136150
MEAN,double,"AnalysisFlag::numDistinct",1024,0.2,136870
MEAN,double,"AnalysisFlag::numDistinct",1024,0.2,139234
MEAN,double,"AnalysisFlag::numDistinct",1024,0.2,134543
MEAN,double,"AnalysisFlag::numDistinct",1024,0.2,133024
MEAN,double,"AnalysisFlag::numDistinct",1024,0.2,133878
MEAN,double,"AnalysisFlag::numDistinct",1024,0.2,134241
MEAN,double,"AnalysisFlag::numDistinct",1024,0.2,136702
MEAN,double,"AnalysisFlag::numDistinct",1024,0.2,133641
MEAN,double,"AnalysisFlag::numDistinct",2048,0.2,421053
MEAN,double,"AnalysisFlag::numDistinct",2048,0.2,359889
MEAN,double,"AnalysisFlag::numDistinct",2048,0.2,363218
MEAN,double,"AnalysisFlag::numDistinct",2048,0.2,357205
MEAN,double,"AnalysisFlag::numDistinct",2048,0.2,360994
MEAN,double,"AnalysisFlag::numDistinct",2048,0.2,357323
MEAN,double,"AnalysisFlag::numDistinct",2048,0.2,350418
MEAN,double,"AnalysisFlag::numDistinct",2048,0.2,353727
MEAN,double,"AnalysisFlag::numDistinct",2048,0.2,354506
MEAN,double,"AnalysisFlag::numDistinct",2048,0.2,357342
MEAN,double,"AnalysisFlag::numDistinct",4096,0.2,1.77895e+06
MEAN,double,"AnalysisFlag::numDistinct",4096,0.2,1.79053e+06
MEAN,double,"AnalysisFlag::numDistinct",4096,0.2,1.78092e+06
MEAN,double,"AnalysisFlag::numDistinct",4096,0.2,1.83454e+06
MEAN,double,"AnalysisFlag::numDistinct",4096,0.2,1.80513e+06
MEAN,double,"AnalysisFlag::numDistinct",4096,0.2,1.82906e+06
MEAN,double,"AnalysisFlag::numDistinct",4096,0.2,1.8292e+06
MEAN,double,"AnalysisFlag::numDistinct",4096,0.2,1.84221e+06
MEAN,double,"AnalysisFlag::numDistinct",4096,0.2,1.8301e+06
MEAN,double,"AnalysisFlag::numDistinct",4096,0.2,1.77749e+06
MEAN,int64_t,"AnalysisFlag::numDistinct",1024,0.2,69450
MEAN,int64_t,"AnalysisFlag::numDistinct",1024,0.2,53902
MEAN,int64_t,"AnalysisFlag::numDistinct",1024,0.2,53012
MEAN,int64_t,"AnalysisFlag::numDistinct",1024,0.2,52301
MEAN,int64_t,"AnalysisFlag::numDistinct",1024,0.2,52517
MEAN,int64_t,"AnalysisFlag::numDistinct",1024,0.2,52397
MEAN,int64_t,"AnalysisFlag::numDistinct",1024,0.2,52125
MEAN,int64_t,"AnalysisFlag::numDistinct",1024,0.2,51998
MEAN,int64_t,"AnalysisFlag::numDistinct",1024,0.2,52151
MEAN,int64_t,"AnalysisFlag::numDistinct",1024,0.2,52243
MEAN,int64_t,"AnalysisFlag::numDistinct",2048,0.2,324673
MEAN,int64_t,"AnalysisFlag::numDistinct",2048,0.2,214410
MEAN,int64_t,"AnalysisFlag::numDistinct",2048,0.2,190102
MEAN,int64_t,"AnalysisFlag::numDistinct",2048,0.2,194067
MEAN,int64_t,"AnalysisFlag::numDistinct",2048,0.2,184551
MEAN,int64_t,"AnalysisFlag::numDistinct",2048,0.2,188272
MEAN,int64_t,"AnalysisFlag::numDistinct",2048,0.2,184087
MEAN,int64_t,"AnalysisFlag::numDistinct",2048,0.2,185616
MEAN,int64_t,"AnalysisFlag::numDistinct",2048,0.2,187146
MEAN,int64_t,"AnalysisFlag::numDistinct",2048,0.2,183923
MEAN,int64_t,"AnalysisFlag::numDistinct",4096,0.2,1.37508e+06
MEAN,int64_t,"AnalysisFlag::numDistinct",4096,0.2,1.43412e+06
MEAN,int64_t,"AnalysisFlag::numDistinct",4096,0.2,1.35171e+06
MEAN,int64_t,"AnalysisFlag::numDistinct",4096,0.2,1.41309e+06
MEAN,int64_t,"AnalysisFlag::numDistinct",4096,0.2,1.36554e+06
MEAN,int64_t,"AnalysisFlag::numDistinct",4096,0.2,1.38809e+06
MEAN,int64_t,"AnalysisFlag::numDistinct",4096,0.2,1.38666e+06
MEAN,int64_t,"AnalysisFlag::numDistinct",4096,0.2,1.39751e+06
MEAN,int64_t,"AnalysisFlag::numDistinct",4096,0.2,1.37369e+06
MEAN,int64_t,"AnalysisFlag::numDistinct",4096,0.2,1.42636e+06
MEAN,double,"AnalysisFlag::numDistinct",1024,0.25,2.62492e+06
MEAN,double,"AnalysisFlag::numDistinct",1024,0.25,2.60681e+06
MEAN,double,"AnalysisFlag::numDistinct",1024,0.25,2.60433e+06
MEAN,double,"AnalysisFlag::numDistinct",1024,0.25,2.60435e+06
MEAN,double,"AnalysisFlag::numDistinct",1024,0.25,2.60362e+06
MEAN,double,"AnalysisFlag::numDistinct",1024,0.25,2.60364e+06
MEAN,double,"AnalysisFlag::numDistinct",1024,0.25,2.60463e+06
MEAN,double,"AnalysisFlag::numDistinct",1024,0.25,2.60273e+06
MEAN,double,"AnalysisFlag::numDistinct",1024,0.25,2.60528e+06
MEAN,double,"AnalysisFlag::numDistinct",1024,0.25,2.60457e+06
MEAN,double,"AnalysisFlag::numDistinct",2048,0.25,1.04126e+07
MEAN,double,"AnalysisFlag::numDistinct",2048,0.25,1.04485e+07
MEAN,double,"AnalysisFlag::numDistinct",2048,0.25,1.04122e+07
MEAN,double,"AnalysisFlag::numDistinct",2048,0.25,1.04104e+07
MEAN,double,"AnalysisFlag::numDistinct",2048,0.25,1.04337e+07
MEAN,double,"AnalysisFlag::numDistinct",2048,0.25,1.04072e+07
MEAN,double,"AnalysisFlag::numDistinct",2048,0.25,1.04057e+07
MEAN,double,"AnalysisFlag::numDistinct",2048,0.25,1.04317e+07
MEAN,double,"AnalysisFlag::numDistinct",2048,0.25,1.04109e+07
MEAN,double,"AnalysisFlag::numDistinct",2048,0.25,1.04358e+07
MEAN,double,"AnalysisFlag::numDistinct",4096,0.25,4.14785e+07
MEAN,double,"AnalysisFlag::numDistinct",4096,0.25,4.14578e+07
MEAN,double,"AnalysisFlag::numDistinct",4096,0.25,4.14603e+07
MEAN,double,"AnalysisFlag::numDistinct",4096,0.25,4.14712e+07
MEAN,double,"AnalysisFlag::numDistinct",4096,0.25,4.14631e+07
MEAN,double,"AnalysisFlag::numDistinct",4096,0.25,4.14812e+07
MEAN,double,"AnalysisFlag::numDistinct",4096,0.25,4.14653e+07
MEAN,double,"AnalysisFlag::numDistinct",4096,0.25,4.14505e+07
MEAN,double,"AnalysisFlag::numDistinct",4096,0.25,4.14556e+07
MEAN,double,"AnalysisFlag::numDistinct",4096,0.25,4.14566e+07
MEAN,int64_t,"AnalysisFlag::numDistinct",1024,0.25,1.19733e+06
MEAN,int64_t,"AnalysisFlag::numDistinct",1024,0.25,1.18771e+06
MEAN,int64_t,"AnalysisFlag::numDistinct",1024,0.25,1.1857e+06
MEAN,int64_t,"AnalysisFlag::numDistinct",1024,0.25,1.18937e+06
MEAN,int64_t,"AnalysisFlag::numDistinct",1024,0.25,1.18681e+06
MEAN,int64_t,"AnalysisFlag::numDistinct",1024,0.25,1.18801e+06
MEAN,int64_t,"AnalysisFlag::numDistinct",1024,0.25,1.21084e+06
MEAN,int64_t,"AnalysisFlag::numDistinct",1024,0.25,1.18732e+06
MEAN,int64_t,"AnalysisFlag::numDistinct",1024,0.25,1.18667e+06
MEAN,int64_t,"AnalysisFlag::numDistinct",1024,0.25,1.18651e+06
MEAN,int64_t,"AnalysisFlag::numDistinct",2048,0.25,4.47704e+06
MEAN,int64_t,"AnalysisFlag::numDistinct",2048,0.25,4.47362e+06
MEAN,int64_t,"AnalysisFlag::numDistinct",2048,0.25,4.477e+06
MEAN,int64_t,"AnalysisFlag::numDistinct",2048,0.25,4.48695e+06
MEAN,int64_t,"AnalysisFlag::numDistinct",2048,0.25,4.4747e+06
MEAN,int64_t,"AnalysisFlag::numDistinct",2048,0.25,4.483e+06
MEAN,int64_t,"AnalysisFlag::numDistinct",2048,0.25,4.47201e+06
MEAN,int64_t,"AnalysisFlag::numDistinct",2048,0.25,4.46783e+06
MEAN,int64_t,"AnalysisFlag::numDistinct",2048,0.25,4.46936e+06
MEAN,int64_t,"AnalysisFlag::numDistinct",2048,0.25,4.47891e+06
MEAN,int64_t,"AnalysisFlag::numDistinct",4096,0.25,1.76144e+07
MEAN,int64_t,"AnalysisFlag::numDistinct",4096,0.25,1.76093e+07
MEAN,int64_t,"AnalysisFlag::numDistinct",4096,0.25,1.76388e+07
MEAN,int64_t,"AnalysisFlag::numDistinct",4096,0.25,1.7617e+07
MEAN,int64_t,"AnalysisFlag::numDistinct",4096,0.25,1.76077e+07
MEAN,int64_t,"AnalysisFlag::numDistinct",4096,0.25,1.76382e+07
MEAN,int64_t,"AnalysisFlag::numDistinct",4096,0.25,1.7657e+07
MEAN,int64_t,"AnalysisFlag::numDistinct",4096,0.25,1.76128e+07
MEAN,int64_t,"AnalysisFlag::numDistinct",4096,0.25,1.76023e+07
MEAN,int64_t,"AnalysisFlag::numDistinct",4096,0.25,1.76056e+07
MEAN,double,"AnalysisFlag::numDistinct",1024,1,2.71394e+06
MEAN,double,"AnalysisFlag::numDistinct",1024,1,2.61411e+06
MEAN,double,"AnalysisFlag::numDistinct",1024,1,2.61456e+06
MEAN,double,"AnalysisFlag::numDistinct",1024,1,2.60696e+06
MEAN,double,"AnalysisFlag::numDistinct",1024,1,2.60446e+06
MEAN,double,"AnalysisFlag::numDistinct",1024,1,2.60509e+06
MEAN,double,"AnalysisFlag::numDistinct",1024,1,2.60384e+06
MEAN,double,"AnalysisFlag::numDistinct",1024,1,2.60516e+06
MEAN,double,"AnalysisFlag::numDistinct",1024,1,2.60284e+06
MEAN,double,"AnalysisFlag::numDistinct",1024,1,2.60507e+06
MEAN,double,"AnalysisFlag::numDistinct",2048,1,1.03985e+07
MEAN,double,"AnalysisFlag::numDistinct",2048,1,1.03943e+07
MEAN,double,"AnalysisFlag::numDistinct",2048,1,1.04208e+07
MEAN,double,"AnalysisFlag::numDistinct",2048,1,1.043e+07
MEAN,double,"AnalysisFlag::numDistinct",2048,1,1.03991e+07
MEAN,double,"AnalysisFlag::numDistinct",2048,1,1.03968e+07
MEAN,double,"AnalysisFlag::numDistinct",2048,1,1.042e+07
MEAN,double,"AnalysisFlag::numDistinct",2048,1,1.04252e+07
MEAN,double,"AnalysisFlag::numDistinct",2048,1,1.0393e+07
MEAN,double,"AnalysisFlag::numDistinct",2048,1,1.04057e+07
MEAN,double,"AnalysisFlag::numDistinct",4096,1,4.16115e+07
MEAN,double,"AnalysisFlag::numDistinct",4096,1,4.14333e+07
MEAN,double,"AnalysisFlag::numDistinct",4096,1,4.1429e+07
MEAN,double,"AnalysisFlag::numDistinct",4096,1,4.14233e+07
MEAN,double,"AnalysisFlag::numDistinct",4096,1,4.14226e+07
MEAN,double,"AnalysisFlag::numDistinct",4096,1,4.14649e+07
MEAN,double,"AnalysisFlag::numDistinct",4096,1,4.14227e+07
MEAN,double,"AnalysisFlag::numDistinct",4096,1,4.14329e+07
MEAN,double,"AnalysisFlag::numDistinct",4096,1,4.14209e+07
MEAN,double,"AnalysisFlag::numDistinct",4096,1,4.14357e+07
MEAN,int64_t,"AnalysisFlag::numDistinct",1024,1,1.24421e+06
MEAN,int64_t,"AnalysisFlag::numDistinct",1024,1,1.19005e+06
MEAN,int64_t,"AnalysisFlag::numDistinct",1024,1,1.18551e+06
MEAN,int64_t,"AnalysisFlag::numDistinct",1024,1,1.18507e+06
MEAN,int64_t,"AnalysisFlag::numDistinct",1024,1,1.18534e+06
MEAN,int64_t,"AnalysisFlag::numDistinct",1024,1,1.18644e+06
MEAN,int64_t,"AnalysisFlag::numDistinct",1024,1,1.18894e+06
MEAN,int64_t,"AnalysisFlag::numDistinct",1024,1,1.18863e+06
MEAN,int64_t,"AnalysisFlag::numDistinct",1024,1,1.1885e+06
MEAN,int64_t,"AnalysisFlag::numDistinct",1024,1,1.18861e+06
MEAN,int64_t,"AnalysisFlag::numDistinct",2048,1,4.50877e+06
MEAN,int64_t,"AnalysisFlag::numDistinct",2048,1,4.4971e+06
MEAN,int64_t,"AnalysisFlag::numDistinct",2048,1,4.49157e+06
MEAN,int64_t,"AnalysisFlag::numDistinct",2048,1,4.49016e+06
MEAN,int64_t,"AnalysisFlag::numDistinct",2048,1,4.48152e+06
MEAN,int64_t,"AnalysisFlag::numDistinct",2048,1,4.49341e+06
MEAN,int64_t,"AnalysisFlag::numDistinct",2048,1,4.49082e+06
MEAN,int64_t,"AnalysisFlag::numDistinct",2048,1,4.488e+06
MEAN,int64_t,"AnalysisFlag::numDistinct",2048,1,4.48356e+06
MEAN,int64_t,"AnalysisFlag::numDistinct",2048,1,4.49328e+06
MEAN,int64_t,"AnalysisFlag::numDistinct",4096,1,1.77261e+07
MEAN,int64_t,"AnalysisFlag::numDistinct",4096,1,1.76248e+07
MEAN,int64_t,"AnalysisFlag::numDistinct",4096,1,1.76274e+07
MEAN,int64_t,"AnalysisFlag::numDistinct",4096,1,1.76385e+07
MEAN,int64_t,"AnalysisFlag::numDistinct",4096,1,1.76383e+07
MEAN,int64_t,"AnalysisFlag::numDistinct",4096,1,1.76326e+07
MEAN,int64_t,"AnalysisFlag::numDistinct",4096,1,1.76385e+07
MEAN,int64_t,"AnalysisFlag::numDistinct",4096,1,1.7671e+07
MEAN,int64_t,"AnalysisFlag::numDistinct",4096,1,1.76294e+07
MEAN,int64_t,"AnalysisFlag::numDistinct",4096,1,1.76996e+07
STDDEV,double,"AnalysisFlag::numDistinct",1024,0.001,90248
STDDEV,double,"AnalysisFlag::numDistinct",1024,0.001,84094
STDDEV,double,"AnalysisFlag::numDistinct",1024,0.001,77026
STDDEV,double,"AnalysisFlag::numDistinct",1024,0.001,77762
STDDEV,double,"AnalysisFlag::numDistinct",1024,0.001,78714
STDDEV,double,"AnalysisFlag::numDistinct",1024,0.001,77477
STDDEV,double,"AnalysisFlag::numDistinct",1024,0.001,77563
STDDEV,double,"AnalysisFlag::numDistinct",1024,0.001,78522
STDDEV,double,"AnalysisFlag::numDistinct",1024,0.001,79799
STDDEV,double,"AnalysisFlag::numDistinct",1024,0.001,78034
STDDEV,double,"AnalysisFlag::numDistinct",2048,0.001,214014
STDDEV,double,"AnalysisFlag::numDistinct",2048,0.001,206063
STDDEV,double,"AnalysisFlag::numDistinct",2048,0.001,209139
STDDEV,double,"AnalysisFlag::numDistinct",2048,0.001,210063
STDDEV,double,"AnalysisFlag::numDistinct",2048,0.001,212871
STDDEV,double,"AnalysisFlag::numDistinct",2048,0.001,207270
STDDEV,double,"AnalysisFlag::numDistinct",2048,0.001,208451
STDDEV,double,"AnalysisFlag::numDistinct",2048,0.001,212354
STDDEV,double,"AnalysisFlag::numDistinct",2048,0.001,187171
STDDEV,double,"AnalysisFlag::numDistinct",2048,0.001,185925
STDDEV,double,"AnalysisFlag::numDistinct",4096,0.001,422356
STDDEV,double,"AnalysisFlag::numDistinct",4096,0.001,413944
STDDEV,double,"AnalysisFlag::numDistinct",4096,0.001,409276
STDDEV,double,"AnalysisFlag::numDistinct",4096,0.001,402797
STDDEV,double,"AnalysisFlag::numDistinct",4096,0.001,406294
STDDEV,double,"AnalysisFlag::numDistinct",4096,0.001,406694
STDDEV,double,"AnalysisFlag::numDistinct",4096,0.001,404251
STDDEV,double,"AnalysisFlag::numDistinct",4096,0.001,405611
STDDEV,double,"AnalysisFlag::numDistinct",4096,0.001,411554
STDDEV,double,"AnalysisFlag::numDistinct",4096,0.001,405889
STDDEV,int64_t,"AnalysisFlag::numDistinct",1024,0.001,40193
STDDEV,int64_t,"AnalysisFlag::numDistinct",1024,0.001,36746
STDDEV,int64_t,"AnalysisFlag::numDistinct",1024,0.001,37413
STDDEV,int64_t,"AnalysisFlag::numDistinct",1024,0.001,34007
STDDEV,int64_t,"AnalysisFlag::numDistinct",1024,0.001,38050
STDDEV,int64_t,"AnalysisFlag::numDistinct",1024,0.001,39451
STDDEV,int64_t,"AnalysisFlag::numDistinct",1024,0.001,37523
STDDEV,int64_t,"AnalysisFlag::numDistinct",1024,0.001,37436
STDDEV,int64_t,"AnalysisFlag::numDistinct",1024,0.001,37777
STDDEV,int64_t,"AnalysisFlag::numDistinct",1024,0.001,36773
STDDEV,int64_t,"AnalysisFlag::numDistinct",2048,0.001,79259
STDDEV,int64_t,"AnalysisFlag::numDistinct",2048,0.001,75446
STDDEV,int64_t,"AnalysisFlag::numDistinct",2048,0.001,75955
STDDEV,int64_t,"AnalysisFlag::numDistinct",2048,0.001,75311
STDDEV,int64_t,"AnalysisFlag::numDistinct",2048,0.001,81086
STDDEV,int64_t,"AnalysisFlag::numDistinct",2048,0.001,78135
STDDEV,int64_t,"AnalysisFlag::numDistinct",2048,0.001,82733
STDDEV,int64_t,"AnalysisFlag::numDistinct",2048,0.001,78160
STDDEV,int64_t,"AnalysisFlag::numDistinct",2048,0.001,75152
STDDEV,int64_t,"AnalysisFlag::numDistinct",2048,0.001,80172
STDDEV,int64_t,"AnalysisFlag::numDistinct",4096,0.001,142728
STDDEV,int64_t,"AnalysisFlag::numDistinct",4096,0.001,136338
STDDEV,int64_t,"AnalysisFlag::numDistinct",4096,0.001,155787
STDDEV,int64_t,"AnalysisFlag::numDistinct",4096,0.001,151075
STDDEV,int64_t,"AnalysisFlag::numDistinct",4096,0.001,148138
STDDEV,int64_t,"AnalysisFlag::numDistinct",4096,0.001,154049
STDDEV,int64_t,"AnalysisFlag::numDistinct",4096,0.001,148040
STDDEV,int64_t,"AnalysisFlag::numDistinct",4096,0.001,155760
STDDEV,int64_t,"AnalysisFlag::numDistinct",4096,0.001,147920
STDDEV,int64_t,"AnalysisFlag::numDistinct",4096,0.001,141268
STDDEV,double,"AnalysisFlag::numDistinct",1024,0.01,116252
STDDEV,double,"AnalysisFlag::numDistinct",1024,0.01,114995
STDDEV,double,"AnalysisFlag::numDistinct",1024,0.01,111299
STDDEV,double,"AnalysisFlag::numDistinct",1024,0.01,113296
STDDEV,double,"AnalysisFlag::numDistinct",1024,0.01,111430
STDDEV,double,"AnalysisFlag::numDistinct",1024,0.01,109184
STDDEV,double,"AnalysisFlag::numDistinct",1024,0.01,110422
STDDEV,double,"AnalysisFlag::numDistinct",1024,0.01,111007
STDDEV,double,"AnalysisFlag::numDistinct",1024,0.01,110141
STDDEV,double,"AnalysisFlag::numDistinct",1024,0.01,109368
STDDEV,double,"AnalysisFlag::numDistinct",2048,0.01,243625
STDDEV,double,"AnalysisFlag::numDistinct",2048,0.01,236567
STDDEV,double,"AnalysisFlag::numDistinct",2048,0.01,238132
STDDEV,double,"AnalysisFlag::numDistinct",2048,0.01,238396
STDDEV,double,"AnalysisFlag::numDistinct",2048,0.01,262493
STDDEV,double,"AnalysisFlag::numDistinct",2048,0.01,237046
STDDEV,double,"AnalysisFlag::numDistinct",2048,0.01,233520
STDDEV,double,"AnalysisFlag::numDistinct",2048,0.01,238376
STDDEV,double,"AnalysisFlag::numDistinct",2048,0.01,236367
STDDEV,double,"AnalysisFlag::numDistinct",2048,0.01,237195
STDDEV,double,"AnalysisFlag::numDistinct",4096,0.01,546833
STDDEV,double,"AnalysisFlag::numDistinct",4096,0.01,544259
STDDEV,double,"AnalysisFlag::numDistinct",4096,0.01,547995
STDDEV,double,"AnalysisFlag::numDistinct",4096,0.01,538719
STDDEV,double,"AnalysisFlag::numDistinct",4096,0.01,543918
STDDEV,double,"AnalysisFlag::numDistinct",4096,0.01,543579
STDDEV,double,"AnalysisFlag::numDistinct",4096,0.01,538012
STDDEV,double,"AnalysisFlag::numDistinct",4096,0.01,546576
STDDEV,double,"AnalysisFlag::numDistinct",4096,0.01,540048
STDDEV,double,"AnalysisFlag::numDistinct",4096,0.01,540798
STDDEV,int64_t,"AnalysisFlag::numDistinct",1024,0.01,63652
STDDEV,int64_t,"AnalysisFlag::numDistinct",1024,0.01,61618
STDDEV,int64_t,"AnalysisFlag::numDistinct",1024,0.01,62695
STDDEV,int64_t,"AnalysisFlag::numDistinct",1024,0.01,60437
STDDEV,int64_t,"AnalysisFlag::numDistinct",1024,0.01,64158
STDDEV,int64_t,"AnalysisFlag::numDistinct",1024,0.01,62900
STDDEV,int64_t,"AnalysisFlag::numDistinct",1024,0.01,64576
STDDEV,int64_t,"AnalysisFlag::numDistinct",1024,0.01,65566
STDDEV,int64_t,"AnalysisFlag::numDistinct",1024,0.01,63405
STDDEV,int64_t,"AnalysisFlag::numDistinct",1024,0.01,64423
STDDEV,int64_t,"AnalysisFlag::numDistinct",2048,0.01,126534
STDDEV,int64_t,"AnalysisFlag::numDistinct",2048,0.01,123665
STDDEV,int64_t,"AnalysisFlag::numDistinct",2048,0.01,125195
STDDEV,int64_t,"AnalysisFlag::numDistinct",2048,0.01,127661
STDDEV,int64_t,"AnalysisFlag::numDistinct",2048,0.01,127749
STDDEV,int64_t,"AnalysisFlag::numDistinct",2048,0.01,122285
STDDEV,int64_t,"AnalysisFlag::numDistinct",2048,0.01,122057
STDDEV,int64_t,"AnalysisFlag::numDistinct",2048,0.01,121172
STDDEV,int64_t,"AnalysisFlag::numDistinct",2048,0.01,124583
STDDEV,int64_t,"AnalysisFlag::numDistinct",2048,0.01,127147
STDDEV,int64_t,"AnalysisFlag::numDistinct",4096,0.01,304287
STDDEV,int64_t,"AnalysisFlag::numDistinct",4096,0.01,304060
STDDEV,int64_t,"AnalysisFlag::numDistinct",4096,0.01,299984
STDDEV,int64_t,"AnalysisFlag::numDistinct",4096,0.01,323619
STDDEV,int64_t,"AnalysisFlag::numDistinct",4096,0.01,316369
STDDEV,int64_t,"AnalysisFlag::numDistinct",4096,0.01,314597
STDDEV,int64_t,"AnalysisFlag::numDistinct",4096,0.01,310314
STDDEV,int64_t,"AnalysisFlag::numDistinct",4096,0.01,310796
STDDEV,int64_t,"AnalysisFlag::numDistinct",4096,0.01,324241
STDDEV,int64_t,"AnalysisFlag::numDistinct",4096,0.01,317158
STDDEV,double,"AnalysisFlag::numDistinct",1024,0.05,148221
STDDEV,double,"AnalysisFlag::numDistinct",1024,0.05,146547
STDDEV,double,"AnalysisFlag::numDistinct",1024,0.05,147665
STDDEV,double,"AnalysisFlag::numDistinct",1024,0.05,146550
STDDEV,double,"AnalysisFlag::numDistinct",1024,0.05,144338
STDDEV,double,"AnalysisFlag::numDistinct",1024,0.05,148349
STDDEV,double,"AnalysisFlag::numDistinct",1024,0.05,145584
STDDEV,double,"AnalysisFlag::numDistinct",1024,0.05,145010
STDDEV,double,"AnalysisFlag::numDistinct",1024,0.05,148462
STDDEV,double,"AnalysisFlag::numDistinct",1024,0.05,148150
STDDEV,double,"AnalysisFlag::numDistinct",2048,0.05,379734
STDDEV,double,"AnalysisFlag::numDistinct",2048,0.05,371799
STDDEV,double,"AnalysisFlag::numDistinct",2048,0.05,376569
STDDEV,double,"AnalysisFlag::numDistinct",2048,0.05,377383
STDDEV,double,"AnalysisFlag::numDistinct",2048,0.05,371480
STDDEV,double,"AnalysisFlag::numDistinct",2048,0.05,375277
STDDEV,double,"AnalysisFlag::numDistinct",2048,0.05,378749
STDDEV,double,"AnalysisFlag::numDistinct",2048,0.05,370906
STDDEV,double,"AnalysisFlag::numDistinct",2048,0.05,372724
STDDEV,double,"AnalysisFlag::numDistinct",2048,0.05,370196
STDDEV,double,"AnalysisFlag::numDistinct",4096,0.05,1.20359e+06
STDDEV,double,"AnalysisFlag::numDistinct",4096,0.05,1.1162e+06
STDDEV,double,"AnalysisFlag::numDistinct",4096,0.05,1.09869e+06
STDDEV,double,"AnalysisFlag::numDistinct",4096,0.05,1.09762e+06
STDDEV,double,"AnalysisFlag::numDistinct",4096,0.05,1.08278e+06
STDDEV,double,"AnalysisFlag::numDistinct",4096,0.05,1.09686e+06
STDDEV,double,"AnalysisFlag::numDistinct",4096,0.05,1.09863e+06
STDDEV,double,"AnalysisFlag::numDistinct",4096,0.05,1.0936e+06
STDDEV,double,"AnalysisFlag::numDistinct",4096,0.05,1.0995e+06
STDDEV,double,"AnalysisFlag::numDistinct",4096,0.05,1.09615e+06
STDDEV,int64_t,"AnalysisFlag::numDistinct",1024,0.05,93712
STDDEV,int64_t,"AnalysisFlag::numDistinct",1024,0.05,89478
STDDEV,int64_t,"AnalysisFlag::numDistinct",1024,0.05,97198
STDDEV,int64_t,"AnalysisFlag::numDistinct",1024,0.05,94595
STDDEV,int64_t,"AnalysisFlag::numDistinct",1024,0.05,92928
STDDEV,int64_t,"AnalysisFlag::numDistinct",1024,0.05,99445
STDDEV,int64_t,"AnalysisFlag::numDistinct",1024,0.05,94526
STDDEV,int64_t,"AnalysisFlag::numDistinct",1024,0.05,100236
STDDEV,int64_t,"AnalysisFlag::numDistinct",1024,0.05,95655
STDDEV,int64_t,"AnalysisFlag::numDistinct",1024,0.05,94904
STDDEV,int64_t,"AnalysisFlag::numDistinct",2048,0.05,246874
STDDEV,int64_t,"AnalysisFlag::numDistinct",2048,0.05,241039
STDDEV,int64_t,"AnalysisFlag::numDistinct",2048,0.05,249418
STDDEV,int64_t,"AnalysisFlag::numDistinct",2048,0.05,244981
STDDEV,int64_t,"AnalysisFlag::numDistinct",2048,0.05,245455
STDDEV,int64_t,"AnalysisFlag::numDistinct",2048,0.05,240711
STDDEV,int64_t,"AnalysisFlag::numDistinct",2048,0.05,249954
STDDEV,int64_t,"AnalysisFlag::numDistinct",2048,0.05,245574
STDDEV,int64_t,"AnalysisFlag::numDistinct",2048,0.05,249372
STDDEV,int64_t,"AnalysisFlag::numDistinct",2048,0.05,245421
STDDEV,int64_t,"AnalysisFlag::numDistinct",4096,0.05,740667
STDDEV,int64_t,"AnalysisFlag::numDistinct",4096,0.05,730957
STDDEV,int64_t,"AnalysisFlag::numDistinct",4096,0.05,743061
STDDEV,int64_t,"AnalysisFlag::numDistinct",4096,0.05,760772
STDDEV,int64_t,"AnalysisFlag::numDistinct",4096,0.05,735178
STDDEV,int64_t,"AnalysisFlag::numDistinct",4096,0.05,728561
STDDEV,int64_t,"AnalysisFlag::numDistinct",4096,0.05,763952
STDDEV,int64_t,"AnalysisFlag::numDistinct",4096,0.05,734066
STDDEV,int64_t,"AnalysisFlag::numDistinct",4096,0.05,731549
STDDEV,int64_t,"AnalysisFlag::numDistinct",4096,0.05,750209
STDDEV,double,"AnalysisFlag::numDistinct",1024,0.1,192245
STDDEV,double,"AnalysisFlag::numDistinct",1024,0.1,191451
STDDEV,double,"AnalysisFlag::numDistinct",1024,0.1,188698
STDDEV,double,"AnalysisFlag::numDistinct",1024,0.1,187678
STDDEV,double,"AnalysisFlag::numDistinct",1024,0.1,190481
STDDEV,double,"AnalysisFlag::numDistinct",1024,0.1,190012
STDDEV,double,"AnalysisFlag::numDistinct",1024,0.1,187121
STDDEV,double,"AnalysisFlag::numDistinct",1024,0.1,187287
STDDEV,double,"AnalysisFlag::numDistinct",1024,0.1,189922
STDDEV,double,"AnalysisFlag::numDistinct",1024,0.1,189179
STDDEV,double,"AnalysisFlag::numDistinct",2048,0.1,548530
STDDEV,double,"AnalysisFlag::numDistinct",2048,0.1,544211
STDDEV,double,"AnalysisFlag::numDistinct",2048,0.1,545477
STDDEV,double,"AnalysisFlag::numDistinct",2048,0.1,539668
STDDEV,double,"AnalysisFlag::numDistinct",2048,0.1,541259
STDDEV,double,"AnalysisFlag::numDistinct",2048,0.1,537588
STDDEV,double,"AnalysisFlag::numDistinct",2048,0.1,546494
STDDEV,double,"AnalysisFlag::numDistinct",2048,0.1,543888
STDDEV,double,"AnalysisFlag::numDistinct",2048,0.1,542211
STDDEV,double,"AnalysisFlag::numDistinct",2048,0.1,540057
STDDEV,double,"AnalysisFlag::numDistinct",4096,0.1,2.06675e+06
STDDEV,double,"AnalysisFlag::numDistinct",4096,0.1,2.08437e+06
STDDEV,double,"AnalysisFlag::numDistinct",4096,0.1,2.05993e+06
STDDEV,double,"AnalysisFlag::numDistinct",4096,0.1,2.04279e+06
STDDEV,double,"AnalysisFlag::numDistinct",4096,0.1,2.0624e+06
STDDEV,double,"AnalysisFlag::numDistinct",4096,0.1,2.05118e+06
STDDEV,double,"AnalysisFlag::numDistinct",4096,0.1,2.06262e+06
STDDEV,double,"AnalysisFlag::numDistinct",4096,0.1,2.04294e+06
STDDEV,double,"AnalysisFlag::numDistinct",4096,0.1,2.15618e+06
STDDEV,double,"AnalysisFlag::numDistinct",4096,0.1,2.08956e+06
STDDEV,int64_t,"AnalysisFlag::numDistinct",1024,0.1,131957
STDDEV,int64_t,"AnalysisFlag::numDistinct",1024,0.1,127204
STDDEV,int64_t,"AnalysisFlag::numDistinct",1024,0.1,124187
STDDEV,int64_t,"AnalysisFlag::numDistinct",1024,0.1,127094
STDDEV,int64_t,"AnalysisFlag::numDistinct",1024,0.1,123462
STDDEV,int64_t,"AnalysisFlag::numDistinct",1024,0.1,125311
STDDEV,int64_t,"AnalysisFlag::numDistinct",1024,0.1,124927
STDDEV,int64_t,"AnalysisFlag::numDistinct",1024,0.1,128690
STDDEV,int64_t,"AnalysisFlag::numDistinct",1024,0.1,125912
STDDEV,int64_t,"AnalysisFlag::numDistinct",1024,0.1,128036
STDDEV,int64_t,"AnalysisFlag::numDistinct",2048,0.1,406888
STDDEV,int64_t,"AnalysisFlag::numDistinct",2048,0.1,376262
STDDEV,int64_t,"AnalysisFlag::numDistinct",2048,0.1,364696
STDDEV,int64_t,"AnalysisFlag::numDistinct",2048,0.1,371610
STDDEV,int64_t,"AnalysisFlag::numDistinct",2048,0.1,366697
STDDEV,int64_t,"AnalysisFlag::numDistinct",2048,0.1,367932
STDDEV,int64_t,"AnalysisFlag::numDistinct",2048,0.1,372908
STDDEV,int64_t,"AnalysisFlag::numDistinct",2048,0.1,374231
STDDEV,int64_t,"AnalysisFlag::numDistinct",2048,0.1,372174
STDDEV,int64_t,"AnalysisFlag::numDistinct",2048,0.1,368443
STDDEV,int64_t,"AnalysisFlag::numDistinct",4096,0.1,1.53194e+06
STDDEV,int64_t,"AnalysisFlag::numDistinct",4096,0.1,1.56097e+06
STDDEV,int64_t,"AnalysisFlag::numDistinct",4096,0.1,1.52113e+06
STDDEV,int64_t,"AnalysisFlag::numDistinct",4096,0.1,1.52396e+06
STDDEV,int64_t,"AnalysisFlag::numDistinct",4096,0.1,1.62001e+06
STDDEV,int64_t,"AnalysisFlag::numDistinct",4096,0.1,1.58602e+06
STDDEV,int64_t,"AnalysisFlag::numDistinct",4096,0.1,1.54297e+06
STDDEV,int64_t,"AnalysisFlag::numDistinct",4096,0.1,1.52886e+06
STDDEV,int64_t,"AnalysisFlag::numDistinct",4096,0.1,1.53142e+06
STDDEV,int64_t,"AnalysisFlag::numDistinct",4096,0.1,1.52456e+06
STDDEV,double,"AnalysisFlag::numDistinct",1024,0.2,301780
STDDEV,double,"AnalysisFlag::numDistinct",1024,0.2,273757
STDDEV,double,"AnalysisFlag::numDistinct",1024,0.2,274921
STDDEV,double,"AnalysisFlag::numDistinct",1024,0.2,275641
STDDEV,double,"AnalysisFlag::numDistinct",1024,0.2,272345
STDDEV,double,"AnalysisFlag::numDistinct",1024,0.2,276554
STDDEV,double,"AnalysisFlag::numDistinct",1024,0.2,274845
STDDEV,double,"AnalysisFlag::numDistinct",1024,0.2,274300
STDDEV,double,"AnalysisFlag::numDistinct",1024,0.2,273270
STDDEV,double,"AnalysisFlag::numDistinct",1024,0.2,274149
STDDEV,double,"AnalysisFlag::numDistinct",2048,0.2,968915
STDDEV,double,"AnalysisFlag::numDistinct",2048,0.2,898034
STDDEV,double,"AnalysisFlag::numDistinct",2048,0.2,894277
STDDEV,double,"AnalysisFlag::numDistinct",2048,0.2,888314
STDDEV,double,"AnalysisFlag::numDistinct",2048,0.2,886560
STDDEV,double,"AnalysisFlag::numDistinct",2048,0.2,890848
STDDEV,double,"AnalysisFlag::numDistinct",2048,0.2,903873
STDDEV,double,"AnalysisFlag::numDistinct",2048,0.2,894636
STDDEV,double,"AnalysisFlag::numDistinct",2048,0.2,889086
STDDEV,double,"AnalysisFlag::numDistinct",2048,0.2,893559
STDDEV,double,"AnalysisFlag::numDistinct",4096,0.2,3.87324e+06
STDDEV,double,"AnalysisFlag::numDistinct",4096,0.2,3.93747e+06
STDDEV,double,"AnalysisFlag::numDistinct",4096,0.2,3.89098e+06
STDDEV,double,"AnalysisFlag::numDistinct",4096,0.2,3.97174e+06
STDDEV,double,"AnalysisFlag::numDistinct",4096,0.2,3.89865e+06
STDDEV,double,"AnalysisFlag::numDistinct",4096,0.2,3.9712e+06
STDDEV,double,"AnalysisFlag::numDistinct",4096,0.2,3.92168e+06
STDDEV,double,"AnalysisFlag::numDistinct",4096,0.2,3.92151e+06
STDDEV,double,"AnalysisFlag::numDistinct",4096,0.2,3.90402e+06
STDDEV,double,"AnalysisFlag::numDistinct",4096,0.2,3.91874e+06
STDDEV,int64_t,"AnalysisFlag::numDistinct",1024,0.2,207570
STDDEV,int64_t,"AnalysisFlag::numDistinct",1024,0.2,187148
STDDEV,int64_t,"AnalysisFlag::numDistinct",1024,0.2,191194
STDDEV,int64_t,"AnalysisFlag::numDistinct",1024,0.2,182496
STDDEV,int64_t,"AnalysisFlag::numDistinct",1024,0.2,189684
STDDEV,int64_t,"AnalysisFlag::numDistinct",1024,0.2,183022
STDDEV,int64_t,"AnalysisFlag::numDistinct",1024,0.2,182909
STDDEV,int64_t,"AnalysisFlag::numDistinct",1024,0.2,189595
STDDEV,int64_t,"AnalysisFlag::numDistinct",1024,0.2,184602
STDDEV,int64_t,"AnalysisFlag::numDistinct",1024,0.2,187432
STDDEV,int64_t,"AnalysisFlag::numDistinct",2048,0.2,797615
STDDEV,int64_t,"AnalysisFlag::numDistinct",2048,0.2,676035
STDDEV,int64_t,"AnalysisFlag::numDistinct",2048,0.2,649345
STDDEV,int64_t,"AnalysisFlag::numDistinct",2048,0.2,652774
STDDEV,int64_t,"AnalysisFlag::numDistinct",2048,0.2,650951
STDDEV,int64_t,"AnalysisFlag::numDistinct",2048,0.2,661377
STDDEV,int64_t,"AnalysisFlag::numDistinct",2048,0.2,644622
STDDEV,int64_t,"AnalysisFlag::numDistinct",2048,0.2,642324
STDDEV,int64_t,"AnalysisFlag::numDistinct",2048,0.2,649701
STDDEV,int64_t,"AnalysisFlag::numDistinct",2048,0.2,634194
STDDEV,int64_t,"AnalysisFlag::numDistinct",4096,0.2,3.10921e+06
STDDEV,int64_t,"AnalysisFlag::numDistinct",4096,0.2,3.186e+06
STDDEV,int64_t,"AnalysisFlag::numDistinct",4096,0.2,3.11171e+06
STDDEV,int64_t,"AnalysisFlag::numDistinct",4096,0.2,3.14018e+06
STDDEV,int64_t,"AnalysisFlag::numDistinct",4096,0.2,3.12306e+06
STDDEV,int64_t,"AnalysisFlag::numDistinct",4096,0.2,3.13332e+06
STDDEV,int64_t,"AnalysisFlag::numDistinct",4096,0.2,3.09425e+06
STDDEV,int64_t,"AnalysisFlag::numDistinct",4096,0.2,3.13567e+06
STDDEV,int64_t,"AnalysisFlag::numDistinct",4096,0.2,3.11184e+06
STDDEV,int64_t,"AnalysisFlag::numDistinct",4096,0.2,3.12986e+06
STDDEV,double,"AnalysisFlag::numDistinct",1024,0.25,3.25893e+06
STDDEV,double,"AnalysisFlag::numDistinct",1024,0.25,3.2455e+06
STDDEV,double,"AnalysisFlag::numDistinct",1024,0.25,3.24484e+06
STDDEV,double,"AnalysisFlag::numDistinct",1024,0.25,3.24457e+06
STDDEV,double,"AnalysisFlag::numDistinct",1024,0.25,3.24423e+06
STDDEV,double,"AnalysisFlag::numDistinct",1024,0.25,3.24427e+06
STDDEV,double,"AnalysisFlag::numDistinct",1024,0.25,3.24532e+06
STDDEV,double,"AnalysisFlag::numDistinct",1024,0.25,3.23574e+06
STDDEV,double,"AnalysisFlag::numDistinct",1024,0.25,3.23629e+06
STDDEV,double,"AnalysisFlag::numDistinct",1024,0.25,3.23339e+06
STDDEV,double,"AnalysisFlag::numDistinct",2048,0.25,1.32506e+07
STDDEV,double,"AnalysisFlag::numDistinct",2048,0.25,1.32463e+07
STDDEV,double,"AnalysisFlag::numDistinct",2048,0.25,1.32443e+07
STDDEV,double,"AnalysisFlag::numDistinct",2048,0.25,1.32486e+07
STDDEV,double,"AnalysisFlag::numDistinct",2048,0.25,1.32712e+07
STDDEV,double,"AnalysisFlag::numDistinct",2048,0.25,1.32473e+07
STDDEV,double,"AnalysisFlag::numDistinct",2048,0.25,1.32257e+07
STDDEV,double,"AnalysisFlag::numDistinct",2048,0.25,1.32568e+07
STDDEV,double,"AnalysisFlag::numDistinct",2048,0.25,1.32716e+07
STDDEV,double,"AnalysisFlag::numDistinct",2048,0.25,1.32471e+07
STDDEV,double,"AnalysisFlag::numDistinct",4096,0.25,5.32054e+07
STDDEV,double,"AnalysisFlag::numDistinct",4096,0.25,5.31983e+07
STDDEV,double,"AnalysisFlag::numDistinct",4096,0.25,5.32063e+07
STDDEV,double,"AnalysisFlag::numDistinct",4096,0.25,5.31918e+07
STDDEV,double,"AnalysisFlag::numDistinct",4096,0.25,5.31946e+07
STDDEV,double,"AnalysisFlag::numDistinct",4096,0.25,5.31863e+07
STDDEV,double,"AnalysisFlag::numDistinct",4096,0.25,5.32267e+07
STDDEV,double,"AnalysisFlag::numDistinct",4096,0.25,5.31935e+07
STDDEV,double,"AnalysisFlag::numDistinct",4096,0.25,5.31803e+07
STDDEV,double,"AnalysisFlag::numDistinct",4096,0.25,5.32061e+07
STDDEV,int64_t,"AnalysisFlag::numDistinct",1024,0.25,1.69545e+06
STDDEV,int64_t,"AnalysisFlag::numDistinct",1024,0.25,1.67483e+06
STDDEV,int64_t,"AnalysisFlag::numDistinct",1024,0.25,1.67464e+06
STDDEV,int64_t,"AnalysisFlag::numDistinct",1024,0.25,1.67716e+06
STDDEV,int64_t,"AnalysisFlag::numDistinct",1024,0.25,1.67493e+06
STDDEV,int64_t,"AnalysisFlag::numDistinct",1024,0.25,1.67852e+06
STDDEV,int64_t,"AnalysisFlag::numDistinct",1024,0.25,1.67618e+06
STDDEV,int64_t,"AnalysisFlag::numDistinct",1024,0.25,1.67692e+06
STDDEV,int64_t,"AnalysisFlag::numDistinct",1024,0.25,1.68028e+06
STDDEV,int64_t,"AnalysisFlag::numDistinct",1024,0.25,1.67628e+06
STDDEV,int64_t,"AnalysisFlag::numDistinct",2048,0.25,6.78103e+06
STDDEV,int64_t,"AnalysisFlag::numDistinct",2048,0.25,6.79082e+06
STDDEV,int64_t,"AnalysisFlag::numDistinct",2048,0.25,6.81593e+06
STDDEV,int64_t,"AnalysisFlag::numDistinct",2048,0.25,6.80124e+06
STDDEV,int64_t,"AnalysisFlag::numDistinct",2048,0.25,6.8235e+06
STDDEV,int64_t,"AnalysisFlag::numDistinct",2048,0.25,6.81488e+06
STDDEV,int64_t,"AnalysisFlag::numDistinct",2048,0.25,6.78658e+06
STDDEV,int64_t,"AnalysisFlag::numDistinct",2048,0.25,6.80554e+06
STDDEV,int64_t,"AnalysisFlag::numDistinct",2048,0.25,6.79232e+06
STDDEV,int64_t,"AnalysisFlag::numDistinct",2048,0.25,6.81853e+06
STDDEV,int64_t,"AnalysisFlag::numDistinct",4096,0.25,2.69567e+07
STDDEV,int64_t,"AnalysisFlag::numDistinct",4096,0.25,2.69468e+07
STDDEV,int64_t,"AnalysisFlag::numDistinct",4096,0.25,2.69537e+07
STDDEV,int64_t,"AnalysisFlag::numDistinct",4096,0.25,2.69417e+07
STDDEV,int64_t,"AnalysisFlag::numDistinct",4096,0.25,2.6958e+07
STDDEV,int64_t,"AnalysisFlag::numDistinct",4096,0.25,2.6956e+07
STDDEV,int64_t,"AnalysisFlag::numDistinct",4096,0.25,2.69897e+07
STDDEV,int64_t,"AnalysisFlag::numDistinct",4096,0.25,2.69582e+07
STDDEV,int64_t,"AnalysisFlag::numDistinct",4096,0.25,2.70869e+07
STDDEV,int64_t,"AnalysisFlag::numDistinct",4096,0.25,2.69581e+07
STDDEV,double,"AnalysisFlag::numDistinct",1024,1,3.40807e+06
STDDEV,double,"AnalysisFlag::numDistinct",1024,1,3.25162e+06
STDDEV,double,"AnalysisFlag::numDistinct",1024,1,3.24073e+06
STDDEV,double,"AnalysisFlag::numDistinct",1024,1,3.23878e+06
STDDEV,double,"AnalysisFlag::numDistinct",1024,1,3.24858e+06
STDDEV,double,"AnalysisFlag::numDistinct",1024,1,3.24028e+06
STDDEV,double,"AnalysisFlag::numDistinct",1024,1,3.2411e+06
STDDEV,double,"AnalysisFlag::numDistinct",1024,1,3.24178e+06
STDDEV,double,"AnalysisFlag::numDistinct",1024,1,3.25021e+06
STDDEV,double,"AnalysisFlag::numDistinct",1024,1,3.23825e+06
STDDEV,double,"AnalysisFlag::numDistinct",2048,1,1.33238e+07
STDDEV,double,"AnalysisFlag::numDistinct",2048,1,1.32537e+07
STDDEV,double,"AnalysisFlag::numDistinct",2048,1,1.32557e+07
STDDEV,double,"AnalysisFlag::numDistinct",2048,1,1.32586e+07
STDDEV,double,"AnalysisFlag::numDistinct",2048,1,1.32551e+07
STDDEV,double,"AnalysisFlag::numDistinct",2048,1,1.32935e+07
STDDEV,double,"AnalysisFlag::numDistinct",2048,1,1.32872e+07
STDDEV,double,"AnalysisFlag::numDistinct",2048,1,1.3263e+07
STDDEV,double,"AnalysisFlag::numDistinct",2048,1,1.32624e+07
STDDEV,double,"AnalysisFlag::numDistinct",2048,1,1.32571e+07
STDDEV,double,"AnalysisFlag::numDistinct",4096,1,5.32225e+07
STDDEV,double,"AnalysisFlag::numDistinct",4096,1,5.32443e+07
STDDEV,double,"AnalysisFlag::numDistinct",4096,1,5.32179e+07
STDDEV,double,"AnalysisFlag::numDistinct",4096,1,5.3236e+07
STDDEV,double,"AnalysisFlag::numDistinct",4096,1,5.31566e+07
STDDEV,double,"AnalysisFlag::numDistinct",4096,1,5.32119e+07
STDDEV,double,"AnalysisFlag::numDistinct",4096,1,5.32195e+07
STDDEV,double,"AnalysisFlag::numDistinct",4096,1,5.32169e+07
STDDEV,double,"AnalysisFlag::numDistinct",4096,1,5.32311e+07
STDDEV,double,"AnalysisFlag::numDistinct",4096,1,5.32362e+07
STDDEV,int64_t,"AnalysisFlag::numDistinct",1024,1,1.83912e+06
STDDEV,int64_t,"AnalysisFlag::numDistinct",1024,1,1.68245e+06
STDDEV,int64_t,"AnalysisFlag::numDistinct",1024,1,1.6849e+06
STDDEV,int64_t,"AnalysisFlag::numDistinct",1024,1,1.67979e+06
STDDEV,int64_t,"AnalysisFlag::numDistinct",1024,1,1.67976e+06
STDDEV,int64_t,"AnalysisFlag::numDistinct",1024,1,1.68066e+06
STDDEV,int64_t,"AnalysisFlag::numDistinct",1024,1,1.67727e+06
STDDEV,int64_t,"AnalysisFlag::numDistinct",1024,1,1.67631e+06
STDDEV,int64_t,"AnalysisFlag::numDistinct",1024,1,1.678e+06
STDDEV,int64_t,"AnalysisFlag::numDistinct",1024,1,1.67587e+06
STDDEV,int64_t,"AnalysisFlag::numDistinct",2048,1,6.86277e+06
STDDEV,int64_t,"AnalysisFlag::numDistinct",2048,1,6.79577e+06
STDDEV,int64_t,"AnalysisFlag::numDistinct",2048,1,6.79273e+06
STDDEV,int64_t,"AnalysisFlag::numDistinct",2048,1,6.8089e+06
STDDEV,int64_t,"AnalysisFlag::numDistinct",2048,1,6.78142e+06
STDDEV,int64_t,"AnalysisFlag::numDistinct",2048,1,6.80005e+06
STDDEV,int64_t,"AnalysisFlag::numDistinct",2048,1,6.79582e+06
STDDEV,int64_t,"AnalysisFlag::numDistinct",2048,1,6.78907e+06
STDDEV,int64_t,"AnalysisFlag::numDistinct",2048,1,6.7979e+06
STDDEV,int64_t,"AnalysisFlag::numDistinct",2048,1,6.79156e+06
STDDEV,int64_t,"AnalysisFlag::numDistinct",4096,1,2.69815e+07
STDDEV,int64_t,"AnalysisFlag::numDistinct",4096,1,2.69497e+07
STDDEV,int64_t,"AnalysisFlag::numDistinct",4096,1,2.69589e+07
STDDEV,int64_t,"AnalysisFlag::numDistinct",4096,1,2.69358e+07
STDDEV,int64_t,"AnalysisFlag::numDistinct",4096,1,2.69564e+07
STDDEV,int64_t,"AnalysisFlag::numDistinct",4096,1,2.69332e+07
STDDEV,int64_t,"AnalysisFlag::numDistinct",4096,1,2.69775e+07
STDDEV,int64_t,"AnalysisFlag::numDistinct",4096,1,2.69581e+07
STDDEV,int64_t,"AnalysisFlag::numDistinct",4096,1,2.69631e+07
STDDEV,int64_t,"AnalysisFlag::numDistinct",4096,1,2.69774e+07
VAR,double,"AnalysisFlag::numDistinct",1024,0.001,79038
VAR,double,"AnalysisFlag::numDistinct",1024,0.001,71561
VAR,double,"AnalysisFlag::numDistinct",1024,0.001,76842
VAR,double,"AnalysisFlag::numDistinct",1024,0.001,79768
VAR,double,"AnalysisFlag::numDistinct",1024,0.001,78136
VAR,double,"AnalysisFlag::numDistinct",1024,0.001,78124
VAR,double,"AnalysisFlag::numDistinct",1024,0.001,76522
VAR,double,"AnalysisFlag::numDistinct",1024,0.001,77769
VAR,double,"AnalysisFlag::numDistinct",1024,0.001,76100
VAR,double,"AnalysisFlag::numDistinct",1024,0.001,76634
VAR,double,"AnalysisFlag::numDistinct",2048,0.001,184225
VAR,double,"AnalysisFlag::numDistinct",2048,0.001,172306
VAR,double,"AnalysisFlag::numDistinct",2048,0.001,179423
VAR,double,"AnalysisFlag::numDistinct",2048,0.001,201967
VAR,double,"AnalysisFlag::numDistinct",2048,0.001,205269
VAR,double,"AnalysisFlag::numDistinct",2048,0.001,201871
VAR,double,"AnalysisFlag::numDistinct",2048,0.001,205306
VAR,double,"AnalysisFlag::numDistinct",2048,0.001,202735
VAR,double,"AnalysisFlag::numDistinct",2048,0.001,177063
VAR,double,"AnalysisFlag::numDistinct",2048,0.001,179183
VAR,double,"AnalysisFlag::numDistinct",4096,0.001,402685
VAR,double,"AnalysisFlag::numDistinct",4096,0.001,401322
VAR,double,"AnalysisFlag::numDistinct",4096,0.001,387752
VAR,double,"AnalysisFlag::numDistinct",4096,0.001,387708
VAR,double,"AnalysisFlag::numDistinct",4096,0.001,392722
VAR,double,"AnalysisFlag::numDistinct",4096,0.001,394691
VAR,double,"AnalysisFlag::numDistinct",4096,0.001,390688
VAR,double,"AnalysisFlag::numDistinct",4096,0.001,391406
VAR,double,"AnalysisFlag::numDistinct",4096,0.001,389873
VAR,double,"AnalysisFlag::numDistinct",4096,0.001,390513
VAR,int64_t,"AnalysisFlag::numDistinct",1024,0.001,38952
VAR,int64_t,"AnalysisFlag::numDistinct",1024,0.001,34436
VAR,int64_t,"AnalysisFlag::numDistinct",1024,0.001,37460
VAR,int64_t,"AnalysisFlag::numDistinct",1024,0.001,36316
VAR,int64_t,"AnalysisFlag::numDistinct",1024,0.001,37630
VAR,int64_t,"AnalysisFlag::numDistinct",1024,0.001,39065
VAR,int64_t,"AnalysisFlag::numDistinct",1024,0.001,37701
VAR,int64_t,"AnalysisFlag::numDistinct",1024,0.001,40139
VAR,int64_t,"AnalysisFlag::numDistinct",1024,0.001,36807
VAR,int64_t,"AnalysisFlag::numDistinct",1024,0.001,37512
VAR,int64_t,"AnalysisFlag::numDistinct",2048,0.001,96283
VAR,int64_t,"AnalysisFlag::numDistinct",2048,0.001,93109
VAR,int64_t,"AnalysisFlag::numDistinct",2048,0.001,100718
VAR,int64_t,"AnalysisFlag::numDistinct",2048,0.001,99485
VAR,int64_t,"AnalysisFlag::numDistinct",2048,0.001,101393
VAR,int64_t,"AnalysisFlag::numDistinct",2048,0.001,97477
VAR,int64_t,"AnalysisFlag::numDistinct",2048,0.001,99387
VAR,int64_t,"AnalysisFlag::numDistinct",2048,0.001,97334
VAR,int64_t,"AnalysisFlag::numDistinct",2048,0.001,99816
VAR,int64_t,"AnalysisFlag::numDistinct",2048,0.001,100373
VAR,int64_t,"AnalysisFlag::numDistinct",4096,0.001,209740
VAR,int64_t,"AnalysisFlag::numDistinct",4096,0.001,208213
VAR,int64_t,"AnalysisFlag::numDistinct",4096,0.001,198082
VAR,int64_t,"AnalysisFlag::numDistinct",4096,0.001,195327
VAR,int64_t,"AnalysisFlag::numDistinct",4096,0.001,197267
VAR,int64_t,"AnalysisFlag::numDistinct",4096,0.001,208179
VAR,int64_t,"AnalysisFlag::numDistinct",4096,0.001,208434
VAR,int64_t,"AnalysisFlag::numDistinct",4096,0.001,207936
VAR,int64_t,"AnalysisFlag::numDistinct",4096,0.001,205967
VAR,int64_t,"AnalysisFlag::numDistinct",4096,0.001,207138
VAR,double,"AnalysisFlag::numDistinct",1024,0.01,108532
VAR,double,"AnalysisFlag::numDistinct",1024,0.01,103485
VAR,double,"AnalysisFlag::numDistinct",1024,0.01,111883
VAR,double,"AnalysisFlag::numDistinct",1024,0.01,106931
VAR,double,"AnalysisFlag::numDistinct",1024,0.01,107848
VAR,double,"AnalysisFlag::numDistinct",1024,0.01,108629
VAR,double,"AnalysisFlag::numDistinct",1024,0.01,106240
VAR,double,"AnalysisFlag::numDistinct",1024,0.01,104699
VAR,double,"AnalysisFlag::numDistinct",1024,0.01,105052
VAR,double,"AnalysisFlag::numDistinct",1024,0.01,107156
VAR,double,"AnalysisFlag::numDistinct",2048,0.01,230179
VAR,double,"AnalysisFlag::numDistinct",2048,0.01,230611
VAR,double,"AnalysisFlag::numDistinct",2048,0.01,230082
VAR,double,"AnalysisFlag::numDistinct",2048,0.01,230719
VAR,double,"AnalysisFlag::numDistinct",2048,0.01,230048
VAR,double,"AnalysisFlag::numDistinct",2048,0.01,226205
VAR,double,"AnalysisFlag::numDistinct",2048,0.01,226089
VAR,double,"AnalysisFlag::numDistinct",2048,0.01,228126
VAR,double,"AnalysisFlag::numDistinct",2048,0.01,231237
VAR,double,"AnalysisFlag::numDistinct",2048,0.01,228720
VAR,double,"AnalysisFlag::numDistinct",4096,0.01,520751
VAR,double,"AnalysisFlag::numDistinct",4096,0.01,522560
VAR,double,"AnalysisFlag::numDistinct",4096,0.01,526955
VAR,double,"AnalysisFlag::numDistinct",4096,0.01,521178
VAR,double,"AnalysisFlag::numDistinct",4096,0.01,532374
VAR,double,"AnalysisFlag::numDistinct",4096,0.01,524469
VAR,double,"AnalysisFlag::numDistinct",4096,0.01,522797
VAR,double,"AnalysisFlag::numDistinct",4096,0.01,522682
VAR,double,"AnalysisFlag::numDistinct",4096,0.01,526203
VAR,double,"AnalysisFlag::numDistinct",4096,0.01,518353
VAR,int64_t,"AnalysisFlag::numDistinct",1024,0.01,80737
VAR,int64_t,"AnalysisFlag::numDistinct",1024,0.01,76459
VAR,int64_t,"AnalysisFlag::numDistinct",1024,0.01,80427
VAR,int64_t,"AnalysisFlag::numDistinct",1024,0.01,77651
VAR,int64_t,"AnalysisFlag::numDistinct",1024,0.01,78911
VAR,int64_t,"AnalysisFlag::numDistinct",1024,0.01,80801
VAR,int64_t,"AnalysisFlag::numDistinct",1024,0.01,79921
VAR,int64_t,"AnalysisFlag::numDistinct",1024,0.01,80493
VAR,int64_t,"AnalysisFlag::numDistinct",1024,0.01,78314
VAR,int64_t,"AnalysisFlag::numDistinct",1024,0.01,77293
VAR,int64_t,"AnalysisFlag::numDistinct",2048,0.01,165480
VAR,int64_t,"AnalysisFlag::numDistinct",2048,0.01,162981
VAR,int64_t,"AnalysisFlag::numDistinct",2048,0.01,163498
VAR,int64_t,"AnalysisFlag::numDistinct",2048,0.01,160291
VAR,int64_t,"AnalysisFlag::numDistinct",2048,0.01,161202
VAR,int64_t,"AnalysisFlag::numDistinct",2048,0.01,161161
VAR,int64_t,"AnalysisFlag::numDistinct",2048,0.01,162458
VAR,int64_t,"AnalysisFlag::numDistinct",2048,0.01,167348
VAR,int64_t,"AnalysisFlag::numDistinct",2048,0.01,162319
VAR,int64_t,"AnalysisFlag::numDistinct",2048,0.01,163424
VAR,int64_t,"AnalysisFlag::numDistinct",4096,0.01,364498
VAR,int64_t,"AnalysisFlag::numDistinct",4096,0.01,361774
VAR,int64_t,"AnalysisFlag::numDistinct",4096,0.01,371289
VAR,int64_t,"AnalysisFlag::numDistinct",4096,0.01,366463
VAR,int64_t,"AnalysisFlag::numDistinct",4096,0.01,354169
VAR,int64_t,"AnalysisFlag::numDistinct",4096,0.01,365911
VAR,int64_t,"AnalysisFlag::numDistinct",4096,0.01,360303
VAR,int64_t,"AnalysisFlag::numDistinct",4096,0.01,358385
VAR,int64_t,"AnalysisFlag::numDistinct",4096,0.01,359412
VAR,int64_t,"AnalysisFlag::numDistinct",4096,0.01,380511
VAR,double,"AnalysisFlag::numDistinct",1024,0.05,143070
VAR,double,"AnalysisFlag::numDistinct",1024,0.05,141990
VAR,double,"AnalysisFlag::numDistinct",1024,0.05,141607
VAR,double,"AnalysisFlag::numDistinct",1024,0.05,143711
VAR,double,"AnalysisFlag::numDistinct",1024,0.05,142362
VAR,double,"AnalysisFlag::numDistinct",1024,0.05,142698
VAR,double,"AnalysisFlag::numDistinct",1024,0.05,141223
VAR,double,"AnalysisFlag::numDistinct",1024,0.05,142524
VAR,double,"AnalysisFlag::numDistinct",1024,0.05,142654
VAR,double,"AnalysisFlag::numDistinct",1024,0.05,145582
VAR,double,"AnalysisFlag::numDistinct",2048,0.05,364008
VAR,double,"AnalysisFlag::numDistinct",2048,0.05,363283
VAR,double,"AnalysisFlag::numDistinct",2048,0.05,364213
VAR,double,"AnalysisFlag::numDistinct",2048,0.05,363774
VAR,double,"AnalysisFlag::numDistinct",2048,0.05,362887
VAR,double,"AnalysisFlag::numDistinct",2048,0.05,363242
VAR,double,"AnalysisFlag::numDistinct",2048,0.05,364099
VAR,double,"AnalysisFlag::numDistinct",2048,0.05,361104
VAR,double,"AnalysisFlag::numDistinct",2048,0.05,364295
VAR,double,"AnalysisFlag::numDistinct",2048,0.05,364756
VAR,double,"AnalysisFlag::numDistinct",4096,0.05,1.19136e+06
VAR,double,"AnalysisFlag::numDistinct",4096,0.05,1.09769e+06
VAR,double,"AnalysisFlag::numDistinct",4096,0.05,1.07728e+06
VAR,double,"AnalysisFlag::numDistinct",4096,0.05,1.08661e+06
VAR,double,"AnalysisFlag::numDistinct",4096,0.05,1.08116e+06
VAR,double,"AnalysisFlag::numDistinct",4096,0.05,1.07825e+06
VAR,double,"AnalysisFlag::numDistinct",4096,0.05,1.07618e+06
VAR,double,"AnalysisFlag::numDistinct",4096,0.05,1.08323e+06
VAR,double,"AnalysisFlag::numDistinct",4096,0.05,1.0786e+06
VAR,double,"AnalysisFlag::numDistinct",4096,0.05,1.0688e+06
VAR,int64_t,"AnalysisFlag::numDistinct",1024,0.05,111840
VAR,int64_t,"AnalysisFlag::numDistinct",1024,0.05,110380
VAR,int64_t,"AnalysisFlag::numDistinct",1024,0.05,109376
VAR,int64_t,"AnalysisFlag::numDistinct",1024,0.05,108469
VAR,int64_t,"AnalysisFlag::numDistinct",1024,0.05,110145
VAR,int64_t,"AnalysisFlag::numDistinct",1024,0.05,107891
VAR,int64_t,"AnalysisFlag::numDistinct",1024,0.05,109375
VAR,int64_t,"AnalysisFlag::numDistinct",1024,0.05,110248
VAR,int64_t,"AnalysisFlag::numDistinct",1024,0.05,106896
VAR,int64_t,"AnalysisFlag::numDistinct",1024,0.05,107289
VAR,int64_t,"AnalysisFlag::numDistinct",2048,0.05,293880
VAR,int64_t,"AnalysisFlag::numDistinct",2048,0.05,292244
VAR,int64_t,"AnalysisFlag::numDistinct",2048,0.05,289598
VAR,int64_t,"AnalysisFlag::numDistinct",2048,0.05,259737
VAR,int64_t,"AnalysisFlag::numDistinct",2048,0.05,290087
VAR,int64_t,"AnalysisFlag::numDistinct",2048,0.05,265225
VAR,int64_t,"AnalysisFlag::numDistinct",2048,0.05,282087
VAR,int64_t,"AnalysisFlag::numDistinct",2048,0.05,285515
VAR,int64_t,"AnalysisFlag::numDistinct",2048,0.05,283826
VAR,int64_t,"AnalysisFlag::numDistinct",2048,0.05,285728
VAR,int64_t,"AnalysisFlag::numDistinct",4096,0.05,791283
VAR,int64_t,"AnalysisFlag::numDistinct",4096,0.05,792055
VAR,int64_t,"AnalysisFlag::numDistinct",4096,0.05,782301
VAR,int64_t,"AnalysisFlag::numDistinct",4096,0.05,787820
VAR,int64_t,"AnalysisFlag::numDistinct",4096,0.05,777139
VAR,int64_t,"AnalysisFlag::numDistinct",4096,0.05,779574
VAR,int64_t,"AnalysisFlag::numDistinct",4096,0.05,773455
VAR,int64_t,"AnalysisFlag::numDistinct",4096,0.05,792776
VAR,int64_t,"AnalysisFlag::numDistinct",4096,0.05,784388
VAR,int64_t,"AnalysisFlag::numDistinct",4096,0.05,787861
VAR,double,"AnalysisFlag::numDistinct",1024,0.1,187453
VAR,double,"AnalysisFlag::numDistinct",1024,0.1,186159
VAR,double,"AnalysisFlag::numDistinct",1024,0.1,182070
VAR,double,"AnalysisFlag::numDistinct",1024,0.1,179965
VAR,double,"AnalysisFlag::numDistinct",1024,0.1,181743
VAR,double,"AnalysisFlag::numDistinct",1024,0.1,184999
VAR,double,"AnalysisFlag::numDistinct",1024,0.1,183403
VAR,double,"AnalysisFlag::numDistinct",1024,0.1,183275
VAR,double,"AnalysisFlag::numDistinct",1024,0.1,188560
VAR,double,"AnalysisFlag::numDistinct",1024,0.1,184614
VAR,double,"AnalysisFlag::numDistinct",2048,0.1,539203
VAR,double,"AnalysisFlag::numDistinct",2048,0.1,535526
VAR,double,"AnalysisFlag::numDistinct",2048,0.1,552364
VAR,double,"AnalysisFlag::numDistinct",2048,0.1,535695
VAR,double,"AnalysisFlag::numDistinct",2048,0.1,541263
VAR,double,"AnalysisFlag::numDistinct",2048,0.1,536594
VAR,double,"AnalysisFlag::numDistinct",2048,0.1,535390
VAR,double,"AnalysisFlag::numDistinct",2048,0.1,531760
VAR,double,"AnalysisFlag::numDistinct",2048,0.1,529575
VAR,double,"AnalysisFlag::numDistinct",2048,0.1,532717
VAR,double,"AnalysisFlag::numDistinct",4096,0.1,2.03879e+06
VAR,double,"AnalysisFlag::numDistinct",4096,0.1,2.09208e+06
VAR,double,"AnalysisFlag::numDistinct",4096,0.1,2.07745e+06
VAR,double,"AnalysisFlag::numDistinct",4096,0.1,2.03765e+06
VAR,double,"AnalysisFlag::numDistinct",4096,0.1,2.04937e+06
VAR,double,"AnalysisFlag::numDistinct",4096,0.1,2.04831e+06
VAR,double,"AnalysisFlag::numDistinct",4096,0.1,2.1192e+06
VAR,double,"AnalysisFlag::numDistinct",4096,0.1,2.04727e+06
VAR,double,"AnalysisFlag::numDistinct",4096,0.1,2.05257e+06
VAR,double,"AnalysisFlag::numDistinct",4096,0.1,2.03279e+06
VAR,int64_t,"AnalysisFlag::numDistinct",1024,0.1,146557
VAR,int64_t,"AnalysisFlag::numDistinct",1024,0.1,139308
VAR,int64_t,"AnalysisFlag::numDistinct",1024,0.1,140964
VAR,int64_t,"AnalysisFlag::numDistinct",1024,0.1,137908
VAR,int64_t,"AnalysisFlag::numDistinct",1024,0.1,139893
VAR,int64_t,"AnalysisFlag::numDistinct",1024,0.1,138404
VAR,int64_t,"AnalysisFlag::numDistinct",1024,0.1,138646
VAR,int64_t,"AnalysisFlag::numDistinct",1024,0.1,140509
VAR,int64_t,"AnalysisFlag::numDistinct",1024,0.1,139357
VAR,int64_t,"AnalysisFlag::numDistinct",1024,0.1,139907
VAR,int64_t,"AnalysisFlag::numDistinct",2048,0.1,447085
VAR,int64_t,"AnalysisFlag::numDistinct",2048,0.1,415475
VAR,int64_t,"AnalysisFlag::numDistinct",2048,0.1,418371
VAR,int64_t,"AnalysisFlag::numDistinct",2048,0.1,409789
VAR,int64_t,"AnalysisFlag::numDistinct",2048,0.1,416010
VAR,int64_t,"AnalysisFlag::numDistinct",2048,0.1,410287
VAR,int64_t,"AnalysisFlag::numDistinct",2048,0.1,411588
VAR,int64_t,"AnalysisFlag::numDistinct",2048,0.1,407706
VAR,int64_t,"AnalysisFlag::numDistinct",2048,0.1,417744
VAR,int64_t,"AnalysisFlag::numDistinct",2048,0.1,408540
VAR,int64_t,"AnalysisFlag::numDistinct",4096,0.1,1.57107e+06
VAR,int64_t,"AnalysisFlag::numDistinct",4096,0.1,1.61994e+06
VAR,int64_t,"AnalysisFlag::numDistinct",4096,0.1,1.60501e+06
VAR,int64_t,"AnalysisFlag::numDistinct",4096,0.1,1.62825e+06
VAR,int64_t,"AnalysisFlag::numDistinct",4096,0.1,1.5706e+06
VAR,int64_t,"AnalysisFlag::numDistinct",4096,0.1,1.5867e+06
VAR,int64_t,"AnalysisFlag::numDistinct",4096,0.1,1.62109e+06
VAR,int64_t,"AnalysisFlag::numDistinct",4096,0.1,1.60778e+06
VAR,int64_t,"AnalysisFlag::numDistinct",4096,0.1,1.55909e+06
VAR,int64_t,"AnalysisFlag::numDistinct",4096,0.1,1.57436e+06
VAR,double,"AnalysisFlag::numDistinct",1024,0.2,298719
VAR,double,"AnalysisFlag::numDistinct",1024,0.2,268682
VAR,double,"AnalysisFlag::numDistinct",1024,0.2,269154
VAR,double,"AnalysisFlag::numDistinct",1024,0.2,269003
VAR,double,"AnalysisFlag::numDistinct",1024,0.2,267757
VAR,double,"AnalysisFlag::numDistinct",1024,0.2,267969
VAR,double,"AnalysisFlag::numDistinct",1024,0.2,271030
VAR,double,"AnalysisFlag::numDistinct",1024,0.2,270960
VAR,double,"AnalysisFlag::numDistinct",1024,0.2,271954
VAR,double,"AnalysisFlag::numDistinct",1024,0.2,267411
VAR,double,"AnalysisFlag::numDistinct",2048,0.2,954039
VAR,double,"AnalysisFlag::numDistinct",2048,0.2,898294
VAR,double,"AnalysisFlag::numDistinct",2048,0.2,899670
VAR,double,"AnalysisFlag::numDistinct",2048,0.2,884633
VAR,double,"AnalysisFlag::numDistinct",2048,0.2,879899
VAR,double,"AnalysisFlag::numDistinct",2048,0.2,891586
VAR,double,"AnalysisFlag::numDistinct",2048,0.2,885051
VAR,double,"AnalysisFlag::numDistinct",2048,0.2,904995
VAR,double,"AnalysisFlag::numDistinct",2048,0.2,887425
VAR,double,"AnalysisFlag::numDistinct",2048,0.2,884903
VAR,double,"AnalysisFlag::numDistinct",4096,0.2,3.89542e+06
VAR,double,"AnalysisFlag::numDistinct",4096,0.2,3.94561e+06
VAR,double,"AnalysisFlag::numDistinct",4096,0.2,3.89321e+06
VAR,double,"AnalysisFlag::numDistinct",4096,0.2,3.99388e+06
VAR,double,"AnalysisFlag::numDistinct",4096,0.2,3.88683e+06
VAR,double,"AnalysisFlag::numDistinct",4096,0.2,3.91913e+06
VAR,double,"AnalysisFlag::numDistinct",4096,0.2,3.88651e+06
VAR,double,"AnalysisFlag::numDistinct",4096,0.2,3.90605e+06
VAR,double,"AnalysisFlag::numDistinct",4096,0.2,3.8788e+06
VAR,double,"AnalysisFlag::numDistinct",4096,0.2,3.93117e+06
VAR,int64_t,"AnalysisFlag::numDistinct",1024,0.2,241841
VAR,int64_t,"AnalysisFlag::numDistinct",1024,0.2,205211
VAR,int64_t,"AnalysisFlag::numDistinct",1024,0.2,208028
VAR,int64_t,"AnalysisFlag::numDistinct",1024,0.2,202903
VAR,int64_t,"AnalysisFlag::numDistinct",1024,0.2,202282
VAR,int64_t,"AnalysisFlag::numDistinct",1024,0.2,203793
VAR,int64_t,"AnalysisFlag::numDistinct",1024,0.2,201995
VAR,int64_t,"AnalysisFlag::numDistinct",1024,0.2,204456
VAR,int64_t,"AnalysisFlag::numDistinct",1024,0.2,204928
VAR,int64_t,"AnalysisFlag::numDistinct",1024,0.2,206571
VAR,int64_t,"AnalysisFlag::numDistinct",2048,0.2,848260
VAR,int64_t,"AnalysisFlag::numDistinct",2048,0.2,734231
VAR,int64_t,"AnalysisFlag::numDistinct",2048,0.2,705821
VAR,int64_t,"AnalysisFlag::numDistinct",2048,0.2,697945
VAR,int64_t,"AnalysisFlag::numDistinct",2048,0.2,694974
VAR,int64_t,"AnalysisFlag::numDistinct",2048,0.2,711734
VAR,int64_t,"AnalysisFlag::numDistinct",2048,0.2,696547
VAR,int64_t,"AnalysisFlag::numDistinct",2048,0.2,696951
VAR,int64_t,"AnalysisFlag::numDistinct",2048,0.2,693480
VAR,int64_t,"AnalysisFlag::numDistinct",2048,0.2,693330
VAR,int64_t,"AnalysisFlag::numDistinct",4096,0.2,3.16426e+06
VAR,int64_t,"AnalysisFlag::numDistinct",4096,0.2,3.22384e+06
VAR,int64_t,"AnalysisFlag::numDistinct",4096,0.2,3.21927e+06
VAR,int64_t,"AnalysisFlag::numDistinct",4096,0.2,3.22313e+06
VAR,int64_t,"AnalysisFlag::numDistinct",4096,0.2,3.16654e+06
VAR,int64_t,"AnalysisFlag::numDistinct",4096,0.2,3.20746e+06
VAR,int64_t,"AnalysisFlag::numDistinct",4096,0.2,3.17671e+06
VAR,int64_t,"AnalysisFlag::numDistinct",4096,0.2,3.18882e+06
VAR,int64_t,"AnalysisFlag::numDistinct",4096,0.2,3.19546e+06
VAR,int64_t,"AnalysisFlag::numDistinct",4096,0.2,3.19244e+06
VAR,double,"AnalysisFlag::numDistinct",1024,0.25,3.25605e+06
VAR,double,"AnalysisFlag::numDistinct",1024,0.25,3.2411e+06
VAR,double,"AnalysisFlag::numDistinct",1024,0.25,3.24358e+06
VAR,double,"AnalysisFlag::numDistinct",1024,0.25,3.2429e+06
VAR,double,"AnalysisFlag::numDistinct",1024,0.25,3.24259e+06
VAR,double,"AnalysisFlag::numDistinct",1024,0.25,3.2419e+06
VAR,double,"AnalysisFlag::numDistinct",1024,0.25,3.24067e+06
VAR,double,"AnalysisFlag::numDistinct",1024,0.25,3.23983e+06
VAR,double,"AnalysisFlag::numDistinct",1024,0.25,3.243e+06
VAR,double,"AnalysisFlag::numDistinct",1024,0.25,3.24056e+06
VAR,double,"AnalysisFlag::numDistinct",2048,0.25,1.32739e+07
VAR,double,"AnalysisFlag::numDistinct",2048,0.25,1.32451e+07
VAR,double,"AnalysisFlag::numDistinct",2048,0.25,1.32447e+07
VAR,double,"AnalysisFlag::numDistinct",2048,0.25,1.32441e+07
VAR,double,"AnalysisFlag::numDistinct",2048,0.25,1.32445e+07
VAR,double,"AnalysisFlag::numDistinct",2048,0.25,1.3246e+07
VAR,double,"AnalysisFlag::numDistinct",2048,0.25,1.32292e+07
VAR,double,"AnalysisFlag::numDistinct",2048,0.25,1.32395e+07
VAR,double,"AnalysisFlag::numDistinct",2048,0.25,1.32566e+07
VAR,double,"AnalysisFlag::numDistinct",2048,0.25,1.32507e+07
VAR,double,"AnalysisFlag::numDistinct",4096,0.25,5.31969e+07
VAR,double,"AnalysisFlag::numDistinct",4096,0.25,5.3185e+07
VAR,double,"AnalysisFlag::numDistinct",4096,0.25,5.31844e+07
VAR,double,"AnalysisFlag::numDistinct",4096,0.25,5.31756e+07
VAR,double,"AnalysisFlag::numDistinct",4096,0.25,5.31812e+07
VAR,double,"AnalysisFlag::numDistinct",4096,0.25,5.31917e+07
VAR,double,"AnalysisFlag::numDistinct",4096,0.25,5.31973e+07
VAR,double,"AnalysisFlag::numDistinct",4096,0.25,5.31718e+07
VAR,double,"AnalysisFlag::numDistinct",4096,0.25,5.31693e+07
VAR,double,"AnalysisFlag::numDistinct",4096,0.25,5.31522e+07
VAR,int64_t,"AnalysisFlag::numDistinct",1024,0.25,1.70355e+06
VAR,int64_t,"AnalysisFlag::numDistinct",1024,0.25,1.69214e+06
VAR,int64_t,"AnalysisFlag::numDistinct",1024,0.25,1.69068e+06
VAR,int64_t,"AnalysisFlag::numDistinct",1024,0.25,1.68843e+06
VAR,int64_t,"AnalysisFlag::numDistinct",1024,0.25,1.69037e+06
VAR,int64_t,"AnalysisFlag::numDistinct",1024,0.25,1.68744e+06
VAR,int64_t,"AnalysisFlag::numDistinct",1024,0.25,1.69319e+06
VAR,int64_t,"AnalysisFlag::numDistinct",1024,0.25,1.69181e+06
VAR,int64_t,"AnalysisFlag::numDistinct",1024,0.25,1.69317e+06
VAR,int64_t,"AnalysisFlag::numDistinct",1024,0.25,1.69238e+06
VAR,int64_t,"AnalysisFlag::numDistinct",2048,0.25,6.88898e+06
VAR,int64_t,"AnalysisFlag::numDistinct",2048,0.25,6.83158e+06
VAR,int64_t,"AnalysisFlag::numDistinct",2048,0.25,6.85674e+06
VAR,int64_t,"AnalysisFlag::numDistinct",2048,0.25,6.84521e+06
VAR,int64_t,"AnalysisFlag::numDistinct",2048,0.25,6.83863e+06
VAR,int64_t,"AnalysisFlag::numDistinct",2048,0.25,6.845e+06
VAR,int64_t,"AnalysisFlag::numDistinct",2048,0.25,6.82751e+06
VAR,int64_t,"AnalysisFlag::numDistinct",2048,0.25,6.85446e+06
VAR,int64_t,"AnalysisFlag::numDistinct",2048,0.25,6.83708e+06
VAR,int64_t,"AnalysisFlag::numDistinct",2048,0.25,6.83983e+06
VAR,int64_t,"AnalysisFlag::numDistinct",4096,0.25,2.70219e+07
VAR,int64_t,"AnalysisFlag::numDistinct",4096,0.25,2.7021e+07
VAR,int64_t,"AnalysisFlag::numDistinct",4096,0.25,2.70255e+07
VAR,int64_t,"AnalysisFlag::numDistinct",4096,0.25,2.70164e+07
VAR,int64_t,"AnalysisFlag::numDistinct",4096,0.25,2.70315e+07
VAR,int64_t,"AnalysisFlag::numDistinct",4096,0.25,2.70062e+07
VAR,int64_t,"AnalysisFlag::numDistinct",4096,0.25,2.70128e+07
VAR,int64_t,"AnalysisFlag::numDistinct",4096,0.25,2.70399e+07
VAR,int64_t,"AnalysisFlag::numDistinct",4096,0.25,2.70132e+07
VAR,int64_t,"AnalysisFlag::numDistinct",4096,0.25,2.70212e+07
VAR,double,"AnalysisFlag::numDistinct",1024,1,3.43114e+06
VAR,double,"AnalysisFlag::numDistinct",1024,1,3.23853e+06
VAR,double,"AnalysisFlag::numDistinct",1024,1,3.2391e+06
VAR,double,"AnalysisFlag::numDistinct",1024,1,3.23893e+06
VAR,double,"AnalysisFlag::numDistinct",1024,1,3.23575e+06
VAR,double,"AnalysisFlag::numDistinct",1024,1,3.24644e+06
VAR,double,"AnalysisFlag::numDistinct",1024,1,3.2351e+06
VAR,double,"AnalysisFlag::numDistinct",1024,1,3.23451e+06
VAR,double,"AnalysisFlag::numDistinct",1024,1,3.23456e+06
VAR,double,"AnalysisFlag::numDistinct",1024,1,3.23867e+06
VAR,double,"AnalysisFlag::numDistinct",2048,1,1.32842e+07
VAR,double,"AnalysisFlag::numDistinct",2048,1,1.32094e+07
VAR,double,"AnalysisFlag::numDistinct",2048,1,1.32137e+07
VAR,double,"AnalysisFlag::numDistinct",2048,1,1.32359e+07
VAR,double,"AnalysisFlag::numDistinct",2048,1,1.321e+07
VAR,double,"AnalysisFlag::numDistinct",2048,1,1.32134e+07
VAR,double,"AnalysisFlag::numDistinct",2048,1,1.32268e+07
VAR,double,"AnalysisFlag::numDistinct",2048,1,1.32118e+07
VAR,double,"AnalysisFlag::numDistinct",2048,1,1.32239e+07
VAR,double,"AnalysisFlag::numDistinct",2048,1,1.32186e+07
VAR,double,"AnalysisFlag::numDistinct",4096,1,5.32025e+07
VAR,double,"AnalysisFlag::numDistinct",4096,1,5.31499e+07
VAR,double,"AnalysisFlag::numDistinct",4096,1,5.32385e+07
VAR,double,"AnalysisFlag::numDistinct",4096,1,5.31884e+07
VAR,double,"AnalysisFlag::numDistinct",4096,1,5.31525e+07
VAR,double,"AnalysisFlag::numDistinct",4096,1,5.31528e+07
VAR,double,"AnalysisFlag::numDistinct",4096,1,5.32494e+07
VAR,double,"AnalysisFlag::numDistinct",4096,1,5.3218e+07
VAR,double,"AnalysisFlag::numDistinct",4096,1,5.31897e+07
VAR,double,"AnalysisFlag::numDistinct",4096,1,5.31882e+07
VAR,int64_t,"AnalysisFlag::numDistinct",1024,1,1.8634e+06
VAR,int64_t,"AnalysisFlag::numDistinct",1024,1,1.6918e+06
VAR,int64_t,"AnalysisFlag::numDistinct",1024,1,1.69138e+06
VAR,int64_t,"AnalysisFlag::numDistinct",1024,1,1.6907e+06
VAR,int64_t,"AnalysisFlag::numDistinct",1024,1,1.68736e+06
VAR,int64_t,"AnalysisFlag::numDistinct",1024,1,1.69873e+06
VAR,int64_t,"AnalysisFlag::numDistinct",1024,1,1.69267e+06
VAR,int64_t,"AnalysisFlag::numDistinct",1024,1,1.68927e+06
VAR,int64_t,"AnalysisFlag::numDistinct",1024,1,1.68996e+06
VAR,int64_t,"AnalysisFlag::numDistinct",1024,1,1.69093e+06
VAR,int64_t,"AnalysisFlag::numDistinct",2048,1,6.91231e+06
VAR,int64_t,"AnalysisFlag::numDistinct",2048,1,6.83483e+06
VAR,int64_t,"AnalysisFlag::numDistinct",2048,1,6.85404e+06
VAR,int64_t,"AnalysisFlag::numDistinct",2048,1,6.83678e+06
VAR,int64_t,"AnalysisFlag::numDistinct",2048,1,6.83758e+06
VAR,int64_t,"AnalysisFlag::numDistinct",2048,1,6.81398e+06
VAR,int64_t,"AnalysisFlag::numDistinct",2048,1,6.81868e+06
VAR,int64_t,"AnalysisFlag::numDistinct",2048,1,6.81855e+06
VAR,int64_t,"AnalysisFlag::numDistinct",2048,1,6.83566e+06
VAR,int64_t,"AnalysisFlag::numDistinct",2048,1,6.83732e+06
VAR,int64_t,"AnalysisFlag::numDistinct",4096,1,2.69791e+07
VAR,int64_t,"AnalysisFlag::numDistinct",4096,1,2.69607e+07
VAR,int64_t,"AnalysisFlag::numDistinct",4096,1,2.69653e+07
VAR,int64_t,"AnalysisFlag::numDistinct",4096,1,2.69813e+07
VAR,int64_t,"AnalysisFlag::numDistinct",4096,1,2.69594e+07
VAR,int64_t,"AnalysisFlag::numDistinct",4096,1,2.69535e+07
VAR,int64_t,"AnalysisFlag::numDistinct",4096,1,2.69691e+07
VAR,int64_t,"AnalysisFlag::numDistinct",4096,1,2.69686e+07
VAR,int64_t,"AnalysisFlag::numDistinct",4096,1,2.69788e+07
VAR,int64_t,"AnalysisFlag::numDistinct",4096,1,2.69632e+07
IDXMIN,double,"AnalysisFlag::numDistinct",1024,0.25,1.34967e+06
IDXMIN,double,"AnalysisFlag::numDistinct",1024,0.25,1.34921e+06
IDXMIN,double,"AnalysisFlag::numDistinct",1024,0.25,1.34988e+06
IDXMIN,double,"AnalysisFlag::numDistinct",1024,0.25,1.3481e+06
IDXMIN,double,"AnalysisFlag::numDistinct",1024,0.25,1.34847e+06
IDXMIN,double,"AnalysisFlag::numDistinct",1024,0.25,1.3483e+06
IDXMIN,double,"AnalysisFlag::numDistinct",1024,0.25,1.35012e+06
IDXMIN,double,"AnalysisFlag::numDistinct",1024,0.25,1.35251e+06
IDXMIN,double,"AnalysisFlag::numDistinct",1024,0.25,1.34995e+06
IDXMIN,double,"AnalysisFlag::numDistinct",1024,0.25,1.3489e+06
IDXMIN,double,"AnalysisFlag::numDistinct",2048,0.25,5.31131e+06
IDXMIN,double,"AnalysisFlag::numDistinct",2048,0.25,5.3038e+06
IDXMIN,double,"AnalysisFlag::numDistinct",2048,0.25,5.30649e+06
IDXMIN,double,"AnalysisFlag::numDistinct",2048,0.25,5.30637e+06
IDXMIN,double,"AnalysisFlag::numDistinct",2048,0.25,5.30818e+06
IDXMIN,double,"AnalysisFlag::numDistinct",2048,0.25,5.30707e+06
IDXMIN,double,"AnalysisFlag::numDistinct",2048,0.25,5.30795e+06
IDXMIN,double,"AnalysisFlag::numDistinct",2048,0.25,5.30792e+06
IDXMIN,double,"AnalysisFlag::numDistinct",2048,0.25,5.30016e+06
IDXMIN,double,"AnalysisFlag::numDistinct",2048,0.25,5.30408e+06
IDXMIN,double,"AnalysisFlag::numDistinct",4096,0.25,2.10123e+07
IDXMIN,double,"AnalysisFlag::numDistinct",4096,0.25,2.09848e+07
IDXMIN,double,"AnalysisFlag::numDistinct",4096,0.25,2.10085e+07
IDXMIN,double,"AnalysisFlag::numDistinct",4096,0.25,2.09947e+07
IDXMIN,double,"AnalysisFlag::numDistinct",4096,0.25,2.09996e+07
IDXMIN,double,"AnalysisFlag::numDistinct",4096,0.25,2.09984e+07
IDXMIN,double,"AnalysisFlag::numDistinct",4096,0.25,2.09939e+07
IDXMIN,double,"AnalysisFlag::numDistinct",4096,0.25,2.09888e+07
IDXMIN,double,"AnalysisFlag::numDistinct",4096,0.25,2.09948e+07
IDXMIN,double,"AnalysisFlag::numDistinct",4096,0.25,2.10107e+07
IDXMIN,int64_t,"AnalysisFlag::numDistinct",1024,0.25,484162
IDXMIN,int64_t,"AnalysisFlag::numDistinct",1024,0.25,459777
IDXMIN,int64_t,"AnalysisFlag::numDistinct",1024,0.25,461286
IDXMIN,int64_t,"AnalysisFlag::numDistinct",1024,0.25,458193
IDXMIN,int64_t,"AnalysisFlag::numDistinct",1024,0.25,456550
IDXMIN,int64_t,"AnalysisFlag::numDistinct",1024,0.25,455284
IDXMIN,int64_t,"AnalysisFlag::numDistinct",1024,0.25,459550
IDXMIN,int64_t,"AnalysisFlag::numDistinct",1024,0.25,460518
IDXMIN,int64_t,"AnalysisFlag::numDistinct",1024,0.25,457320
IDXMIN,int64_t,"AnalysisFlag::numDistinct",1024,0.25,454588
IDXMIN,int64_t,"AnalysisFlag::numDistinct",2048,0.25,2.14498e+06
IDXMIN,int64_t,"AnalysisFlag::numDistinct",2048,0.25,2.22297e+06
IDXMIN,int64_t,"AnalysisFlag::numDistinct",2048,0.25,2.21272e+06
IDXMIN,int64_t,"AnalysisFlag::numDistinct",2048,0.25,2.24685e+06
IDXMIN,int64_t,"AnalysisFlag::numDistinct",2048,0.25,2.21831e+06
IDXMIN,int64_t,"AnalysisFlag::numDistinct",2048,0.25,2.25584e+06
IDXMIN,int64_t,"AnalysisFlag::numDistinct",2048,0.25,2.21638e+06
IDXMIN,int64_t,"AnalysisFlag::numDistinct",2048,0.25,2.22937e+06
IDXMIN,int64_t,"AnalysisFlag::numDistinct",2048,0.25,2.22744e+06
IDXMIN,int64_t,"AnalysisFlag::numDistinct",2048,0.25,2.19918e+06
IDXMIN,int64_t,"AnalysisFlag::numDistinct",4096,0.25,8.81522e+06
IDXMIN,int64_t,"AnalysisFlag::numDistinct",4096,0.25,8.78354e+06
IDXMIN,int64_t,"AnalysisFlag::numDistinct",4096,0.25,8.78408e+06
IDXMIN,int64_t,"AnalysisFlag::numDistinct",4096,0.25,8.7426e+06
IDXMIN,int64_t,"AnalysisFlag::numDistinct",4096,0.25,8.75705e+06
IDXMIN,int64_t,"AnalysisFlag::numDistinct",4096,0.25,8.87931e+06
IDXMIN,int64_t,"AnalysisFlag::numDistinct",4096,0.25,8.86986e+06
IDXMIN,int64_t,"AnalysisFlag::numDistinct",4096,0.25,8.82485e+06
IDXMIN,int64_t,"AnalysisFlag::numDistinct",4096,0.25,8.79678e+06
IDXMIN,int64_t,"AnalysisFlag::numDistinct",4096,0.25,8.76402e+06
IDXMIN,double,"AnalysisFlag::numDistinct",1024,1,1.41167e+06
IDXMIN,double,"AnalysisFlag::numDistinct",1024,1,1.35409e+06
IDXMIN,double,"AnalysisFlag::numDistinct",1024,1,1.35118e+06
IDXMIN,double,"AnalysisFlag::numDistinct",1024,1,1.35224e+06
IDXMIN,double,"AnalysisFlag::numDistinct",1024,1,1.35078e+06
IDXMIN,double,"AnalysisFlag::numDistinct",1024,1,1.3515e+06
IDXMIN,double,"AnalysisFlag::numDistinct",1024,1,1.34955e+06
IDXMIN,double,"AnalysisFlag::numDistinct",1024,1,1.35265e+06
IDXMIN,double,"AnalysisFlag::numDistinct",1024,1,1.35439e+06
IDXMIN,double,"AnalysisFlag::numDistinct",1024,1,1.34994e+06
IDXMIN,double,"AnalysisFlag::numDistinct",2048,1,5.31425e+06
IDXMIN,double,"AnalysisFlag::numDistinct",2048,1,5.30129e+06
IDXMIN,double,"AnalysisFlag::numDistinct",2048,1,5.3114e+06
IDXMIN,double,"AnalysisFlag::numDistinct",2048,1,5.30846e+06
IDXMIN,double,"AnalysisFlag::numDistinct",2048,1,5.31004e+06
IDXMIN,double,"AnalysisFlag::numDistinct",2048,1,5.30875e+06
IDXMIN,double,"AnalysisFlag::numDistinct",2048,1,5.31124e+06
IDXMIN,double,"AnalysisFlag::numDistinct",2048,1,5.31084e+06
IDXMIN,double,"AnalysisFlag::numDistinct",2048,1,5.30673e+06
IDXMIN,double,"AnalysisFlag::numDistinct",2048,1,5.30257e+06
IDXMIN,double,"AnalysisFlag::numDistinct",4096,1,2.09962e+07
IDXMIN,double,"AnalysisFlag::numDistinct",4096,1,2.09991e+07
IDXMIN,double,"AnalysisFlag::numDistinct",4096,1,2.10084e+07
IDXMIN,double,"AnalysisFlag::numDistinct",4096,1,2.10088e+07
IDXMIN,double,"AnalysisFlag::numDistinct",4096,1,2.09934e+07
IDXMIN,double,"AnalysisFlag::numDistinct",4096,1,2.09988e+07
IDXMIN,double,"AnalysisFlag::numDistinct",4096,1,2.10044e+07
IDXMIN,double,"AnalysisFlag::numDistinct",4096,1,2.10057e+07
IDXMIN,double,"AnalysisFlag::numDistinct",4096,1,2.09913e+07
IDXMIN,double,"AnalysisFlag::numDistinct",4096,1,2.10163e+07
IDXMIN,int64_t,"AnalysisFlag::numDistinct",1024,1,586956
IDXMIN,int64_t,"AnalysisFlag::numDistinct",1024,1,470917
IDXMIN,int64_t,"AnalysisFlag::numDistinct",1024,1,443810
IDXMIN,int64_t,"AnalysisFlag::numDistinct",1024,1,439581
IDXMIN,int64_t,"AnalysisFlag::numDistinct",1024,1,441382
IDXMIN,int64_t,"AnalysisFlag::numDistinct",1024,1,441028
IDXMIN,int64_t,"AnalysisFlag::numDistinct",1024,1,443486
IDXMIN,int64_t,"AnalysisFlag::numDistinct",1024,1,440430
IDXMIN,int64_t,"AnalysisFlag::numDistinct",1024,1,439717
IDXMIN,int64_t,"AnalysisFlag::numDistinct",1024,1,444044
IDXMIN,int64_t,"AnalysisFlag::numDistinct",2048,1,2.1719e+06
IDXMIN,int64_t,"AnalysisFlag::numDistinct",2048,1,2.20679e+06
IDXMIN,int64_t,"AnalysisFlag::numDistinct",2048,1,2.14252e+06
IDXMIN,int64_t,"AnalysisFlag::numDistinct",2048,1,2.28573e+06
IDXMIN,int64_t,"AnalysisFlag::numDistinct",2048,1,2.26073e+06
IDXMIN,int64_t,"AnalysisFlag::numDistinct",2048,1,2.26505e+06
IDXMIN,int64_t,"AnalysisFlag::numDistinct",2048,1,2.0937e+06
IDXMIN,int64_t,"AnalysisFlag::numDistinct",2048,1,2.24138e+06
IDXMIN,int64_t,"AnalysisFlag::numDistinct",2048,1,2.18843e+06
IDXMIN,int64_t,"AnalysisFlag::numDistinct",2048,1,2.22842e+06
IDXMIN,int64_t,"AnalysisFlag::numDistinct",4096,1,8.69156e+06
IDXMIN,int64_t,"AnalysisFlag::numDistinct",4096,1,8.65247e+06
IDXMIN,int64_t,"AnalysisFlag::numDistinct",4096,1,8.5572e+06
IDXMIN,int64_t,"AnalysisFlag::numDistinct",4096,1,8.56475e+06
IDXMIN,int64_t,"AnalysisFlag::numDistinct",4096,1,8.69784e+06
IDXMIN,int64_t,"AnalysisFlag::numDistinct",4096,1,8.55956e+06
IDXMIN,int64_t,"AnalysisFlag::numDistinct",4096,1,8.54634e+06
IDXMIN,int64_t,"AnalysisFlag::numDistinct",4096,1,8.5537e+06
IDXMIN,int64_t,"AnalysisFlag::numDistinct",4096,1,8.52433e+06
IDXMIN,int64_t,"AnalysisFlag::numDistinct",4096,1,8.54824e+06
IDXMAX,double,"AnalysisFlag::numDistinct",1024,0.25,1.35334e+06
IDXMAX,double,"AnalysisFlag::numDistinct",1024,0.25,1.34572e+06
IDXMAX,double,"AnalysisFlag::numDistinct",1024,0.25,1.34952e+06
IDXMAX,double,"AnalysisFlag::numDistinct",1024,0.25,1.35106e+06
IDXMAX,double,"AnalysisFlag::numDistinct",1024,0.25,1.35322e+06
IDXMAX,double,"AnalysisFlag::numDistinct",1024,0.25,1.35061e+06
IDXMAX,double,"AnalysisFlag::numDistinct",1024,0.25,1.35009e+06
IDXMAX,double,"AnalysisFlag::numDistinct",1024,0.25,1.35071e+06
IDXMAX,double,"AnalysisFlag::numDistinct",1024,0.25,1.3512e+06
IDXMAX,double,"AnalysisFlag::numDistinct",1024,0.25,1.35302e+06
IDXMAX,double,"AnalysisFlag::numDistinct",2048,0.25,5.30832e+06
IDXMAX,double,"AnalysisFlag::numDistinct",2048,0.25,5.30699e+06
IDXMAX,double,"AnalysisFlag::numDistinct",2048,0.25,5.31286e+06
IDXMAX,double,"AnalysisFlag::numDistinct",2048,0.25,5.30419e+06
IDXMAX,double,"AnalysisFlag::numDistinct",2048,0.25,5.30444e+06
IDXMAX,double,"AnalysisFlag::numDistinct",2048,0.25,5.30252e+06
IDXMAX,double,"AnalysisFlag::numDistinct",2048,0.25,5.29942e+06
IDXMAX,double,"AnalysisFlag::numDistinct",2048,0.25,5.30584e+06
IDXMAX,double,"AnalysisFlag::numDistinct",2048,0.25,5.30934e+06
IDXMAX,double,"AnalysisFlag::numDistinct",2048,0.25,5.30552e+06
IDXMAX,double,"AnalysisFlag::numDistinct",4096,0.25,2.09895e+07
IDXMAX,double,"AnalysisFlag::numDistinct",4096,0.25,2.09931e+07
IDXMAX,double,"AnalysisFlag::numDistinct",4096,0.25,2.09846e+07
IDXMAX,double,"AnalysisFlag::numDistinct",4096,0.25,2.09963e+07
IDXMAX,double,"AnalysisFlag::numDistinct",4096,0.25,2.09899e+07
IDXMAX,double,"AnalysisFlag::numDistinct",4096,0.25,2.09848e+07
IDXMAX,double,"AnalysisFlag::numDistinct",4096,0.25,2.10011e+07
IDXMAX,double,"AnalysisFlag::numDistinct",4096,0.25,2.10013e+07
IDXMAX,double,"AnalysisFlag::numDistinct",4096,0.25,2.09742e+07
IDXMAX,double,"AnalysisFlag::numDistinct",4096,0.25,2.09793e+07
IDXMAX,int64_t,"AnalysisFlag::numDistinct",1024,0.25,494617
IDXMAX,int64_t,"AnalysisFlag::numDistinct",1024,0.25,464727
IDXMAX,int64_t,"AnalysisFlag::numDistinct",1024,0.25,462820
IDXMAX,int64_t,"AnalysisFlag::numDistinct",1024,0.25,465265
IDXMAX,int64_t,"AnalysisFlag::numDistinct",1024,0.25,464850
IDXMAX,int64_t,"AnalysisFlag::numDistinct",1024,0.25,460939
IDXMAX,int64_t,"AnalysisFlag::numDistinct",1024,0.25,460001
IDXMAX,int64_t,"AnalysisFlag::numDistinct",1024,0.25,462660
IDXMAX,int64_t,"AnalysisFlag::numDistinct",1024,0.25,461042
IDXMAX,int64_t,"AnalysisFlag::numDistinct",1024,0.25,460986
IDXMAX,int64_t,"AnalysisFlag::numDistinct",2048,0.25,2.21351e+06
IDXMAX,int64_t,"AnalysisFlag::numDistinct",2048,0.25,2.16949e+06
IDXMAX,int64_t,"AnalysisFlag::numDistinct",2048,0.25,2.29197e+06
IDXMAX,int64_t,"AnalysisFlag::numDistinct",2048,0.25,2.29534e+06
IDXMAX,int64_t,"AnalysisFlag::numDistinct",2048,0.25,2.18513e+06
IDXMAX,int64_t,"AnalysisFlag::numDistinct",2048,0.25,2.24931e+06
IDXMAX,int64_t,"AnalysisFlag::numDistinct",2048,0.25,2.18722e+06
IDXMAX,int64_t,"AnalysisFlag::numDistinct",2048,0.25,2.30277e+06
IDXMAX,int64_t,"AnalysisFlag::numDistinct",2048,0.25,2.17701e+06
IDXMAX,int64_t,"AnalysisFlag::numDistinct",2048,0.25,2.18859e+06
IDXMAX,int64_t,"AnalysisFlag::numDistinct",4096,0.25,8.98168e+06
IDXMAX,int64_t,"AnalysisFlag::numDistinct",4096,0.25,8.8829e+06
IDXMAX,int64_t,"AnalysisFlag::numDistinct",4096,0.25,8.95279e+06
IDXMAX,int64_t,"AnalysisFlag::numDistinct",4096,0.25,8.94233e+06
IDXMAX,int64_t,"AnalysisFlag::numDistinct",4096,0.25,9.01529e+06
IDXMAX,int64_t,"AnalysisFlag::numDistinct",4096,0.25,8.85774e+06
IDXMAX,int64_t,"AnalysisFlag::numDistinct",4096,0.25,8.98904e+06
IDXMAX,int64_t,"AnalysisFlag::numDistinct",4096,0.25,8.88681e+06
IDXMAX,int64_t,"AnalysisFlag::numDistinct",4096,0.25,8.94686e+06
IDXMAX,int64_t,"AnalysisFlag::numDistinct",4096,0.25,8.94353e+06
IDXMAX,double,"AnalysisFlag::numDistinct",1024,1,1.40967e+06
IDXMAX,double,"AnalysisFlag::numDistinct",1024,1,1.35346e+06
IDXMAX,double,"AnalysisFlag::numDistinct",1024,1,1.35282e+06
IDXMAX,double,"AnalysisFlag::numDistinct",1024,1,1.3539e+06
IDXMAX,double,"AnalysisFlag::numDistinct",1024,1,1.35043e+06
IDXMAX,double,"AnalysisFlag::numDistinct",1024,1,1.35243e+06
IDXMAX,double,"AnalysisFlag::numDistinct",1024,1,1.35174e+06
IDXMAX,double,"AnalysisFlag::numDistinct",1024,1,1.3553e+06
IDXMAX,double,"AnalysisFlag::numDistinct",1024,1,1.35071e+06
IDXMAX,double,"AnalysisFlag::numDistinct",1024,1,1.35039e+06
IDXMAX,double,"AnalysisFlag::numDistinct",2048,1,5.31037e+06
IDXMAX,double,"AnalysisFlag::numDistinct",2048,1,5.30688e+06
IDXMAX,double,"AnalysisFlag::numDistinct",2048,1,5.30079e+06
IDXMAX,double,"AnalysisFlag::numDistinct",2048,1,5.30174e+06
IDXMAX,double,"AnalysisFlag::numDistinct",2048,1,5.31015e+06
IDXMAX,double,"AnalysisFlag::numDistinct",2048,1,5.31398e+06
IDXMAX,double,"AnalysisFlag::numDistinct",2048,1,5.3098e+06
IDXMAX,double,"AnalysisFlag::numDistinct",2048,1,5.30042e+06
IDXMAX,double,"AnalysisFlag::numDistinct",2048,1,5.30627e+06
IDXMAX,double,"AnalysisFlag::numDistinct",2048,1,5.30993e+06
IDXMAX,double,"AnalysisFlag::numDistinct",4096,1,2.10388e+07
IDXMAX,double,"AnalysisFlag::numDistinct",4096,1,2.0996e+07
IDXMAX,double,"AnalysisFlag::numDistinct",4096,1,2.09787e+07
IDXMAX,double,"AnalysisFlag::numDistinct",4096,1,2.09893e+07
IDXMAX,double,"AnalysisFlag::numDistinct",4096,1,2.09923e+07
IDXMAX,double,"AnalysisFlag::numDistinct",4096,1,2.09871e+07
IDXMAX,double,"AnalysisFlag::numDistinct",4096,1,2.09837e+07
IDXMAX,double,"AnalysisFlag::numDistinct",4096,1,2.10251e+07
IDXMAX,double,"AnalysisFlag::numDistinct",4096,1,2.09889e+07
IDXMAX,double,"AnalysisFlag::numDistinct",4096,1,2.09917e+07
IDXMAX,int64_t,"AnalysisFlag::numDistinct",1024,1,639625
IDXMAX,int64_t,"AnalysisFlag::numDistinct",1024,1,472680
IDXMAX,int64_t,"AnalysisFlag::numDistinct",1024,1,445226
IDXMAX,int64_t,"AnalysisFlag::numDistinct",1024,1,445856
IDXMAX,int64_t,"AnalysisFlag::numDistinct",1024,1,446975
IDXMAX,int64_t,"AnalysisFlag::numDistinct",1024,1,446139
IDXMAX,int64_t,"AnalysisFlag::numDistinct",1024,1,447148
IDXMAX,int64_t,"AnalysisFlag::numDistinct",1024,1,447746
IDXMAX,int64_t,"AnalysisFlag::numDistinct",1024,1,449199
IDXMAX,int64_t,"AnalysisFlag::numDistinct",1024,1,446271
IDXMAX,int64_t,"AnalysisFlag::numDistinct",2048,1,2.29564e+06
IDXMAX,int64_t,"AnalysisFlag::numDistinct",2048,1,2.30487e+06
IDXMAX,int64_t,"AnalysisFlag::numDistinct",2048,1,2.35382e+06
IDXMAX,int64_t,"AnalysisFlag::numDistinct",2048,1,2.33419e+06
IDXMAX,int64_t,"AnalysisFlag::numDistinct",2048,1,2.3418e+06
IDXMAX,int64_t,"AnalysisFlag::numDistinct",2048,1,2.36574e+06
IDXMAX,int64_t,"AnalysisFlag::numDistinct",2048,1,2.31913e+06
IDXMAX,int64_t,"AnalysisFlag::numDistinct",2048,1,2.32132e+06
IDXMAX,int64_t,"AnalysisFlag::numDistinct",2048,1,2.15411e+06
IDXMAX,int64_t,"AnalysisFlag::numDistinct",2048,1,2.32867e+06
IDXMAX,int64_t,"AnalysisFlag::numDistinct",4096,1,8.72338e+06
IDXMAX,int64_t,"AnalysisFlag::numDistinct",4096,1,8.75737e+06
IDXMAX,int64_t,"AnalysisFlag::numDistinct",4096,1,8.72253e+06
IDXMAX,int64_t,"AnalysisFlag::numDistinct",4096,1,8.7712e+06
IDXMAX,int64_t,"AnalysisFlag::numDistinct",4096,1,8.76362e+06
IDXMAX,int64_t,"AnalysisFlag::numDistinct",4096,1,8.77475e+06
IDXMAX,int64_t,"AnalysisFlag::numDistinct",4096,1,8.72618e+06
IDXMAX,int64_t,"AnalysisFlag::numDistinct",4096,1,8.69696e+06
IDXMAX,int64_t,"AnalysisFlag::numDistinct",4096,1,8.73546e+06
IDXMAX,int64_t,"AnalysisFlag::numDistinct",4096,1,8.78909e+06
SUM,double,"AnalysisFlag::numDistinctApprox",1024,0.001,95168
SUM,double,"AnalysisFlag::numDistinctApprox",1024,0.001,91837
SUM,double,"AnalysisFlag::numDistinctApprox",1024,0.001,87901
SUM,double,"AnalysisFlag::numDistinctApprox",1024,0.001,91197
SUM,double,"AnalysisFlag::numDistinctApprox",1024,0.001,92422
SUM,double,"AnalysisFlag::numDistinctApprox",1024,0.001,89496
SUM,double,"AnalysisFlag::numDistinctApprox",1024,0.001,90791
SUM,double,"AnalysisFlag::numDistinctApprox",1024,0.001,91625
SUM,double,"AnalysisFlag::numDistinctApprox",1024,0.001,92640
SUM,double,"AnalysisFlag::numDistinctApprox",1024,0.001,93273
SUM,double,"AnalysisFlag::numDistinctApprox",2048,0.001,219403
SUM,double,"AnalysisFlag::numDistinctApprox",2048,0.001,209901
SUM,double,"AnalysisFlag::numDistinctApprox",2048,0.001,212072
SUM,double,"AnalysisFlag::numDistinctApprox",2048,0.001,208451
SUM,double,"AnalysisFlag::numDistinctApprox",2048,0.001,214279
SUM,double,"AnalysisFlag::numDistinctApprox",2048,0.001,215524
SUM,double,"AnalysisFlag::numDistinctApprox",2048,0.001,210840
SUM,double,"AnalysisFlag::numDistinctApprox",2048,0.001,218338
SUM,double,"AnalysisFlag::numDistinctApprox",2048,0.001,210454
SUM,double,"AnalysisFlag::numDistinctApprox",2048,0.001,217090
SUM,double,"AnalysisFlag::numDistinctApprox",4096,0.001,358420
SUM,double,"AnalysisFlag::numDistinctApprox",4096,0.001,350865
SUM,double,"AnalysisFlag::numDistinctApprox",4096,0.001,344578
SUM,double,"AnalysisFlag::numDistinctApprox",4096,0.001,345232
SUM,double,"AnalysisFlag::numDistinctApprox",4096,0.001,344377
SUM,double,"AnalysisFlag::numDistinctApprox",4096,0.001,354658
SUM,double,"AnalysisFlag::numDistinctApprox",4096,0.001,352436
SUM,double,"AnalysisFlag::numDistinctApprox",4096,0.001,349576
SUM,double,"AnalysisFlag::numDistinctApprox",4096,0.001,341176
SUM,double,"AnalysisFlag::numDistinctApprox",4096,0.001,353417
SUM,int64_t,"AnalysisFlag::numDistinctApprox",1024,0.001,64964
SUM,int64_t,"AnalysisFlag::numDistinctApprox",1024,0.001,64104
SUM,int64_t,"AnalysisFlag::numDistinctApprox",1024,0.001,62827
SUM,int64_t,"AnalysisFlag::numDistinctApprox",1024,0.001,61976
SUM,int64_t,"AnalysisFlag::numDistinctApprox",1024,0.001,64475
SUM,int64_t,"AnalysisFlag::numDistinctApprox",1024,0.001,62189
SUM,int64_t,"AnalysisFlag::numDistinctApprox",1024,0.001,62545
SUM,int64_t,"AnalysisFlag::numDistinctApprox",1024,0.001,67014
SUM,int64_t,"AnalysisFlag::numDistinctApprox",1024,0.001,61201
SUM,int64_t,"AnalysisFlag::numDistinctApprox",1024,0.001,59643
SUM,int64_t,"AnalysisFlag::numDistinctApprox",2048,0.001,133735
SUM,int64_t,"AnalysisFlag::numDistinctApprox",2048,0.001,128925
SUM,int64_t,"AnalysisFlag::numDistinctApprox",2048,0.001,129569
SUM,int64_t,"AnalysisFlag::numDistinctApprox",2048,0.001,130236
SUM,int64_t,"AnalysisFlag::numDistinctApprox",2048,0.001,131112
SUM,int64_t,"AnalysisFlag::numDistinctApprox",2048,0.001,133987
SUM,int64_t,"AnalysisFlag::numDistinctApprox",2048,0.001,132144
SUM,int64_t,"AnalysisFlag::numDistinctApprox",2048,0.001,133191
SUM,int64_t,"AnalysisFlag::numDistinctApprox",2048,0.001,130428
SUM,int64_t,"AnalysisFlag::numDistinctApprox",2048,0.001,133154
SUM,int64_t,"AnalysisFlag::numDistinctApprox",4096,0.001,288203
SUM,int64_t,"AnalysisFlag::numDistinctApprox",4096,0.001,286522
SUM,int64_t,"AnalysisFlag::numDistinctApprox",4096,0.001,294183
SUM,int64_t,"AnalysisFlag::numDistinctApprox",4096,0.001,283077
SUM,int64_t,"AnalysisFlag::numDistinctApprox",4096,0.001,283477
SUM,int64_t,"AnalysisFlag::numDistinctApprox",4096,0.001,288408
SUM,int64_t,"AnalysisFlag::numDistinctApprox",4096,0.001,283072
SUM,int64_t,"AnalysisFlag::numDistinctApprox",4096,0.001,282035
SUM,int64_t,"AnalysisFlag::numDistinctApprox",4096,0.001,285308
SUM,int64_t,"AnalysisFlag::numDistinctApprox",4096,0.001,289822
SUM,double,"AnalysisFlag::numDistinctApprox",1024,0.01,120876
SUM,double,"AnalysisFlag::numDistinctApprox",1024,0.01,121997
SUM,double,"AnalysisFlag::numDistinctApprox",1024,0.01,120854
SUM,double,"AnalysisFlag::numDistinctApprox",1024,0.01,121439
SUM,double,"AnalysisFlag::numDistinctApprox",1024,0.01,125882
SUM,double,"AnalysisFlag::numDistinctApprox",1024,0.01,119583
SUM,double,"AnalysisFlag::numDistinctApprox",1024,0.01,121319
SUM,double,"AnalysisFlag::numDistinctApprox",1024,0.01,120066
SUM,double,"AnalysisFlag::numDistinctApprox",1024,0.01,122006
SUM,double,"AnalysisFlag::numDistinctApprox",1024,0.01,120626
SUM,double,"AnalysisFlag::numDistinctApprox",2048,0.01,236065
SUM,double,"AnalysisFlag::numDistinctApprox",2048,0.01,227509
SUM,double,"AnalysisFlag::numDistinctApprox",2048,0.01,229529
SUM,double,"AnalysisFlag::numDistinctApprox",2048,0.01,229837
SUM,double,"AnalysisFlag::numDistinctApprox",2048,0.01,234320
SUM,double,"AnalysisFlag::numDistinctApprox",2048,0.01,229301
SUM,double,"AnalysisFlag::numDistinctApprox",2048,0.01,230287
SUM,double,"AnalysisFlag::numDistinctApprox",2048,0.01,227278
SUM,double,"AnalysisFlag::numDistinctApprox",2048,0.01,229526
SUM,double,"AnalysisFlag::numDistinctApprox",2048,0.01,234286
SUM,double,"AnalysisFlag::numDistinctApprox",4096,0.01,399559
SUM,double,"AnalysisFlag::numDistinctApprox",4096,0.01,393179
SUM,double,"AnalysisFlag::numDistinctApprox",4096,0.01,401415
SUM,double,"AnalysisFlag::numDistinctApprox",4096,0.01,397453
SUM,double,"AnalysisFlag::numDistinctApprox",4096,0.01,386672
SUM,double,"AnalysisFlag::numDistinctApprox",4096,0.01,386544
SUM,double,"AnalysisFlag::numDistinctApprox",4096,0.01,394433
SUM,double,"AnalysisFlag::numDistinctApprox",4096,0.01,387690
SUM,double,"AnalysisFlag::numDistinctApprox",4096,0.01,391412
SUM,double,"AnalysisFlag::numDistinctApprox",4096,0.01,384582
SUM,int64_t,"AnalysisFlag::numDistinctApprox",1024,0.01,99819
SUM,int64_t,"AnalysisFlag::numDistinctApprox",1024,0.01,98356
SUM,int64_t,"AnalysisFlag::numDistinctApprox",1024,0.01,95902
SUM,int64_t,"AnalysisFlag::numDistinctApprox",1024,0.01,99522
SUM,int64_t,"AnalysisFlag::numDistinctApprox",1024,0.01,96017
SUM,int64_t,"AnalysisFlag::numDistinctApprox",1024,0.01,98468
SUM,int64_t,"AnalysisFlag::numDistinctApprox",1024,0.01,95723
SUM,int64_t,"AnalysisFlag::numDistinctApprox",1024,0.01,95326
SUM,int64_t,"AnalysisFlag::numDistinctApprox",1024,0.01,97179
SUM,int64_t,"AnalysisFlag::numDistinctApprox",1024,0.01,96495
SUM,int64_t,"AnalysisFlag::numDistinctApprox",2048,0.01,194554
SUM,int64_t,"AnalysisFlag::numDistinctApprox",2048,0.01,195423
SUM,int64_t,"AnalysisFlag::numDistinctApprox",2048,0.01,193436
SUM,int64_t,"AnalysisFlag::numDistinctApprox",2048,0.01,204105
SUM,int64_t,"AnalysisFlag::numDistinctApprox",2048,0.01,192356
SUM,int64_t,"AnalysisFlag::numDistinctApprox",2048,0.01,195210
SUM,int64_t,"AnalysisFlag::numDistinctApprox",2048,0.01,194422
SUM,int64_t,"AnalysisFlag::numDistinctApprox",2048,0.01,194547
SUM,int64_t,"AnalysisFlag::numDistinctApprox",2048,0.01,194471
SUM,int64_t,"AnalysisFlag::numDistinctApprox",2048,0.01,199052
SUM,int64_t,"AnalysisFlag::numDistinctApprox",4096,0.01,404666
SUM,int64_t,"AnalysisFlag::numDistinctApprox",4096,0.01,407044
SUM,int64_t,"AnalysisFlag::numDistinctApprox",4096,0.01,406717
SUM,int64_t,"AnalysisFlag::numDistinctApprox",4096,0.01,402307
SUM,int64_t,"AnalysisFlag::numDistinctApprox",4096,0.01,403882
SUM,int64_t,"AnalysisFlag::numDistinctApprox",4096,0.01,410793
SUM,int64_t,"AnalysisFlag::numDistinctApprox",4096,0.01,409746
SUM,int64_t,"AnalysisFlag::numDistinctApprox",4096,0.01,411050
SUM,int64_t,"AnalysisFlag::numDistinctApprox",4096,0.01,408610
SUM,int64_t,"AnalysisFlag::numDistinctApprox",4096,0.01,411137
SUM,double,"AnalysisFlag::numDistinctApprox",1024,0.05,137246
SUM,double,"AnalysisFlag::numDistinctApprox",1024,0.05,136062
SUM,double,"AnalysisFlag::numDistinctApprox",1024,0.05,134092
SUM,double,"AnalysisFlag::numDistinctApprox",1024,0.05,136370
SUM,double,"AnalysisFlag::numDistinctApprox",1024,0.05,141126
SUM,double,"AnalysisFlag::numDistinctApprox",1024,0.05,135150
SUM,double,"AnalysisFlag::numDistinctApprox",1024,0.05,130887
SUM,double,"AnalysisFlag::numDistinctApprox",1024,0.05,136810
SUM,double,"AnalysisFlag::numDistinctApprox",1024,0.05,136798
SUM,double,"AnalysisFlag::numDistinctApprox",1024,0.05,131333
SUM,double,"AnalysisFlag::numDistinctApprox",2048,0.05,267472
SUM,double,"AnalysisFlag::numDistinctApprox",2048,0.05,269792
SUM,double,"AnalysisFlag::numDistinctApprox",2048,0.05,267402
SUM,double,"AnalysisFlag::numDistinctApprox",2048,0.05,264775
SUM,double,"AnalysisFlag::numDistinctApprox",2048,0.05,267681
SUM,double,"AnalysisFlag::numDistinctApprox",2048,0.05,265613
SUM,double,"AnalysisFlag::numDistinctApprox",2048,0.05,269899
SUM,double,"AnalysisFlag::numDistinctApprox",2048,0.05,262473
SUM,double,"AnalysisFlag::numDistinctApprox",2048,0.05,265117
SUM,double,"AnalysisFlag::numDistinctApprox",2048,0.05,268347
SUM,double,"AnalysisFlag::numDistinctApprox",4096,0.05,622266
SUM,double,"AnalysisFlag::numDistinctApprox",4096,0.05,542608
SUM,double,"AnalysisFlag::numDistinctApprox",4096,0.05,527545
SUM,double,"AnalysisFlag::numDistinctApprox",4096,0.05,514493
SUM,double,"AnalysisFlag::numDistinctApprox",4096,0.05,522200
SUM,double,"AnalysisFlag::numDistinctApprox",4096,0.05,529344
SUM,double,"AnalysisFlag::numDistinctApprox",4096,0.05,533119
SUM,double,"AnalysisFlag::numDistinctApprox",4096,0.05,526728
SUM,double,"AnalysisFlag::numDistinctApprox",4096,0.05,518926
SUM,double,"AnalysisFlag::numDistinctApprox",4096,0.05,514784
SUM,int64_t,"AnalysisFlag::numDistinctApprox",1024,0.05,124266
SUM,int64_t,"AnalysisFlag::numDistinctApprox",1024,0.05,120959
SUM,int64_t,"AnalysisFlag::numDistinctApprox",1024,0.05,121767
SUM,int64_t,"AnalysisFlag::numDistinctApprox",1024,0.05,123887
SUM,int64_t,"AnalysisFlag::numDistinctApprox",1024,0.05,121105
SUM,int64_t,"AnalysisFlag::numDistinctApprox",1024,0.05,119182
SUM,int64_t,"AnalysisFlag::numDistinctApprox",1024,0.05,120740
SUM,int64_t,"AnalysisFlag::numDistinctApprox",1024,0.05,120308
SUM,int64_t,"AnalysisFlag::numDistinctApprox",1024,0.05,120529
SUM,int64_t,"AnalysisFlag::numDistinctApprox",1024,0.05,123237
SUM,int64_t,"AnalysisFlag::numDistinctApprox",2048,0.05,263868
SUM,int64_t,"AnalysisFlag::numDistinctApprox",2048,0.05,256822
SUM,int64_t,"AnalysisFlag::numDistinctApprox",2048,0.05,256834
SUM,int64_t,"AnalysisFlag::numDistinctApprox",2048,0.05,260165
SUM,int64_t,"AnalysisFlag::numDistinctApprox",2048,0.05,256956
SUM,int64_t,"AnalysisFlag::numDistinctApprox",2048,0.05,260485
SUM,int64_t,"AnalysisFlag::numDistinctApprox",2048,0.05,259993
SUM,int64_t,"AnalysisFlag::numDistinctApprox",2048,0.05,257045
SUM,int64_t,"AnalysisFlag::numDistinctApprox",2048,0.05,264043
SUM,int64_t,"AnalysisFlag::numDistinctApprox",2048,0.05,261113
SUM,int64_t,"AnalysisFlag::numDistinctApprox",4096,0.05,561901
SUM,int64_t,"AnalysisFlag::numDistinctApprox",4096,0.05,547201
SUM,int64_t,"AnalysisFlag::numDistinctApprox",4096,0.05,539004
SUM,int64_t,"AnalysisFlag::numDistinctApprox",4096,0.05,541709
SUM,int64_t,"AnalysisFlag::numDistinctApprox",4096,0.05,541118
SUM,int64_t,"AnalysisFlag::numDistinctApprox",4096,0.05,532199
SUM,int64_t,"AnalysisFlag::numDistinctApprox",4096,0.05,545702
SUM,int64_t,"AnalysisFlag::numDistinctApprox",4096,0.05,537057
SUM,int64_t,"AnalysisFlag::numDistinctApprox",4096,0.05,534982
SUM,int64_t,"AnalysisFlag::numDistinctApprox",4096,0.05,537702
SUM,double,"AnalysisFlag::numDistinctApprox",1024,0.1,145219
SUM,double,"AnalysisFlag::numDistinctApprox",1024,0.1,145845
SUM,double,"AnalysisFlag::numDistinctApprox",1024,0.1,145060
SUM,double,"AnalysisFlag::numDistinctApprox",1024,0.1,140047
SUM,double,"AnalysisFlag::numDistinctApprox",1024,0.1,144575
SUM,double,"AnalysisFlag::numDistinctApprox",1024,0.1,146669
SUM,double,"AnalysisFlag::numDistinctApprox",1024,0.1,143741
SUM,double,"AnalysisFlag::numDistinctApprox",1024,0.1,147395
SUM,double,"AnalysisFlag::numDistinctApprox",1024,0.1,146257
SUM,double,"AnalysisFlag::numDistinctApprox",1024,0.1,143743
SUM,double,"AnalysisFlag::numDistinctApprox",2048,0.1,313200
SUM,double,"AnalysisFlag::numDistinctApprox",2048,0.1,309033
SUM,double,"AnalysisFlag::numDistinctApprox",2048,0.1,304179
SUM,double,"AnalysisFlag::numDistinctApprox",2048,0.1,303077
SUM,double,"AnalysisFlag::numDistinctApprox",2048,0.1,308356
SUM,double,"AnalysisFlag::numDistinctApprox",2048,0.1,303736
SUM,double,"AnalysisFlag::numDistinctApprox",2048,0.1,296994
SUM,double,"AnalysisFlag::numDistinctApprox",2048,0.1,300433
SUM,double,"AnalysisFlag::numDistinctApprox",2048,0.1,302985
SUM,double,"AnalysisFlag::numDistinctApprox",2048,0.1,300213
SUM,double,"AnalysisFlag::numDistinctApprox",4096,0.1,938926
SUM,double,"AnalysisFlag::numDistinctApprox",4096,0.1,980150
SUM,double,"AnalysisFlag::numDistinctApprox",4096,0.1,919399
SUM,double,"AnalysisFlag::numDistinctApprox",4096,0.1,899389
SUM,double,"AnalysisFlag::numDistinctApprox",4096,0.1,882968
SUM,double,"AnalysisFlag::numDistinctApprox",4096,0.1,930631
SUM,double,"AnalysisFlag::numDistinctApprox",4096,0.1,915464
SUM,double,"AnalysisFlag::numDistinctApprox",4096,0.1,934142
SUM,double,"AnalysisFlag::numDistinctApprox",4096,0.1,902927
SUM,double,"AnalysisFlag::numDistinctApprox",4096,0.1,909853
SUM,int64_t,"AnalysisFlag::numDistinctApprox",1024,0.1,136678
SUM,int64_t,"AnalysisFlag::numDistinctApprox",1024,0.1,135006
SUM,int64_t,"AnalysisFlag::numDistinctApprox",1024,0.1,134369
SUM,int64_t,"AnalysisFlag::numDistinctApprox",1024,0.1,132219
SUM,int64_t,"AnalysisFlag::numDistinctApprox",1024,0.1,138582
SUM,int64_t,"AnalysisFlag::numDistinctApprox",1024,0.1,136024
SUM,int64_t,"AnalysisFlag::numDistinctApprox",1024,0.1,133973
SUM,int64_t,"AnalysisFlag::numDistinctApprox",1024,0.1,131672
SUM,int64_t,"AnalysisFlag::numDistinctApprox",1024,0.1,135310
SUM,int64_t,"AnalysisFlag::numDistinctApprox",1024,0.1,132570
SUM,int64_t,"AnalysisFlag::numDistinctApprox",2048,0.1,323723
SUM,int64_t,"AnalysisFlag::numDistinctApprox",2048,0.1,301218
SUM,int64_t,"AnalysisFlag::numDistinctApprox",2048,0.1,306683
SUM,int64_t,"AnalysisFlag::numDistinctApprox",2048,0.1,302966
SUM,int64_t,"AnalysisFlag::numDistinctApprox",2048,0.1,300453
SUM,int64_t,"AnalysisFlag::numDistinctApprox",2048,0.1,298019
SUM,int64_t,"AnalysisFlag::numDistinctApprox",2048,0.1,304574
SUM,int64_t,"AnalysisFlag::numDistinctApprox",2048,0.1,300858
SUM,int64_t,"AnalysisFlag::numDistinctApprox",2048,0.1,294259
SUM,int64_t,"AnalysisFlag::numDistinctApprox",2048,0.1,299545
SUM,int64_t,"AnalysisFlag::numDistinctApprox",4096,0.1,925191
SUM,int64_t,"AnalysisFlag::numDistinctApprox",4096,0.1,1.03065e+06
SUM,int64_t,"AnalysisFlag::numDistinctApprox",4096,0.1,916793
SUM,int64_t,"AnalysisFlag::numDistinctApprox",4096,0.1,930292
SUM,int64_t,"AnalysisFlag::numDistinctApprox",4096,0.1,903944
SUM,int64_t,"AnalysisFlag::numDistinctApprox",4096,0.1,913384
SUM,int64_t,"AnalysisFlag::numDistinctApprox",4096,0.1,906787
SUM,int64_t,"AnalysisFlag::numDistinctApprox",4096,0.1,914347
SUM,int64_t,"AnalysisFlag::numDistinctApprox",4096,0.1,967066
SUM,int64_t,"AnalysisFlag::numDistinctApprox",4096,0.1,934396
SUM,double,"AnalysisFlag::numDistinctApprox",1024,0.2,174464
SUM,double,"AnalysisFlag::numDistinctApprox",1024,0.2,164406
SUM,double,"AnalysisFlag::numDistinctApprox",1024,0.2,166769
SUM,double,"AnalysisFlag::numDistinctApprox",1024,0.2,166067
SUM,double,"AnalysisFlag::numDistinctApprox",1024,0.2,166661
SUM,double,"AnalysisFlag::numDistinctApprox",1024,0.2,164502
SUM,double,"AnalysisFlag::numDistinctApprox",1024,0.2,166753
SUM,double,"AnalysisFlag::numDistinctApprox",1024,0.2,164614
SUM,double,"AnalysisFlag::numDistinctApprox",1024,0.2,166542
SUM,double,"AnalysisFlag::numDistinctApprox",1024,0.2,166317
SUM,double,"AnalysisFlag::numDistinctApprox",2048,0.2,461190
SUM,double,"AnalysisFlag::numDistinctApprox",2048,0.2,403158
SUM,double,"AnalysisFlag::numDistinctApprox",2048,0.2,396375
SUM,double,"AnalysisFlag::numDistinctApprox",2048,0.2,397466
SUM,double,"AnalysisFlag::numDistinctApprox",2048,0.2,404655
SUM,double,"AnalysisFlag::numDistinctApprox",2048,0.2,406265
SUM,double,"AnalysisFlag::numDistinctApprox",2048,0.2,396938
SUM,double,"AnalysisFlag::numDistinctApprox",2048,0.2,411842
SUM,double,"AnalysisFlag::numDistinctApprox",2048,0.2,403693
SUM,double,"AnalysisFlag::numDistinctApprox",2048,0.2,396485
SUM,double,"AnalysisFlag::numDistinctApprox",4096,0.2,1.75328e+06
SUM,double,"AnalysisFlag::numDistinctApprox",4096,0.2,1.7854e+06
SUM,double,"AnalysisFlag::numDistinctApprox",4096,0.2,1.72532e+06
SUM,double,"AnalysisFlag::numDistinctApprox",4096,0.2,1.76491e+06
SUM,double,"AnalysisFlag::numDistinctApprox",4096,0.2,1.7912e+06
SUM,double,"AnalysisFlag::numDistinctApprox",4096,0.2,1.76297e+06
SUM,double,"AnalysisFlag::numDistinctApprox",4096,0.2,1.77589e+06
SUM,double,"AnalysisFlag::numDistinctApprox",4096,0.2,1.75818e+06
SUM,double,"AnalysisFlag::numDistinctApprox",4096,0.2,1.75291e+06
SUM,double,"AnalysisFlag::numDistinctApprox",4096,0.2,1.74526e+06
SUM,int64_t,"AnalysisFlag::numDistinctApprox",1024,0.2,183186
SUM,int64_t,"AnalysisFlag::numDistinctApprox",1024,0.2,156996
SUM,int64_t,"AnalysisFlag::numDistinctApprox",1024,0.2,156467
SUM,int64_t,"AnalysisFlag::numDistinctApprox",1024,0.2,154899
SUM,int64_t,"AnalysisFlag::numDistinctApprox",1024,0.2,159557
SUM,int64_t,"AnalysisFlag::numDistinctApprox",1024,0.2,157766
SUM,int64_t,"AnalysisFlag::numDistinctApprox",1024,0.2,154950
SUM,int64_t,"AnalysisFlag::numDistinctApprox",1024,0.2,157311
SUM,int64_t,"AnalysisFlag::numDistinctApprox",1024,0.2,153886
SUM,int64_t,"AnalysisFlag::numDistinctApprox",1024,0.2,162226
SUM,int64_t,"AnalysisFlag::numDistinctApprox",2048,0.2,527687
SUM,int64_t,"AnalysisFlag::numDistinctApprox",2048,0.2,414764
SUM,int64_t,"AnalysisFlag::numDistinctApprox",2048,0.2,385651
SUM,int64_t,"AnalysisFlag::numDistinctApprox",2048,0.2,398420
SUM,int64_t,"AnalysisFlag::numDistinctApprox",2048,0.2,393962
SUM,int64_t,"AnalysisFlag::numDistinctApprox",2048,0.2,386950
SUM,int64_t,"AnalysisFlag::numDistinctApprox",2048,0.2,398586
SUM,int64_t,"AnalysisFlag::numDistinctApprox",2048,0.2,402876
SUM,int64_t,"AnalysisFlag::numDistinctApprox",2048,0.2,393289
SUM,int64_t,"AnalysisFlag::numDistinctApprox",2048,0.2,394274
SUM,int64_t,"AnalysisFlag::numDistinctApprox",4096,0.2,1.7623e+06
SUM,int64_t,"AnalysisFlag::numDistinctApprox",4096,0.2,1.80963e+06
SUM,int64_t,"AnalysisFlag::numDistinctApprox",4096,0.2,1.79058e+06
SUM,int64_t,"AnalysisFlag::numDistinctApprox",4096,0.2,1.80144e+06
SUM,int64_t,"AnalysisFlag::numDistinctApprox",4096,0.2,1.74174e+06
SUM,int64_t,"AnalysisFlag::numDistinctApprox",4096,0.2,1.77352e+06
SUM,int64_t,"AnalysisFlag::numDistinctApprox",4096,0.2,1.75299e+06
SUM,int64_t,"AnalysisFlag::numDistinctApprox",4096,0.2,1.76968e+06
SUM,int64_t,"AnalysisFlag::numDistinctApprox",4096,0.2,1.77477e+06
SUM,int64_t,"AnalysisFlag::numDistinctApprox",4096,0.2,1.76184e+06
SUM,double,"AnalysisFlag::numDistinctApprox",1024,0.25,1.41028e+06
SUM,double,"AnalysisFlag::numDistinctApprox",1024,0.25,1.40796e+06
SUM,double,"AnalysisFlag::numDistinctApprox",1024,0.25,1.40699e+06
SUM,double,"AnalysisFlag::numDistinctApprox",1024,0.25,1.41147e+06
SUM,double,"AnalysisFlag::numDistinctApprox",1024,0.25,1.40764e+06
SUM,double,"AnalysisFlag::numDistinctApprox",1024,0.25,1.40595e+06
SUM,double,"AnalysisFlag::numDistinctApprox",1024,0.25,1.40715e+06
SUM,double,"AnalysisFlag::numDistinctApprox",1024,0.25,1.40773e+06
SUM,double,"AnalysisFlag::numDistinctApprox",1024,0.25,1.40573e+06
SUM,double,"AnalysisFlag::numDistinctApprox",1024,0.25,1.40944e+06
SUM,double,"AnalysisFlag::numDistinctApprox",2048,0.25,5.44348e+06
SUM,double,"AnalysisFlag::numDistinctApprox",2048,0.25,5.44543e+06
SUM,double,"AnalysisFlag::numDistinctApprox",2048,0.25,5.43755e+06
SUM,double,"AnalysisFlag::numDistinctApprox",2048,0.25,5.43875e+06
SUM,double,"AnalysisFlag::numDistinctApprox",2048,0.25,5.44108e+06
SUM,double,"AnalysisFlag::numDistinctApprox",2048,0.25,5.43916e+06
SUM,double,"AnalysisFlag::numDistinctApprox",2048,0.25,5.44946e+06
SUM,double,"AnalysisFlag::numDistinctApprox",2048,0.25,5.43623e+06
SUM,double,"AnalysisFlag::numDistinctApprox",2048,0.25,5.44124e+06
SUM,double,"AnalysisFlag::numDistinctApprox",2048,0.25,5.43295e+06
SUM,double,"AnalysisFlag::numDistinctApprox",4096,0.25,2.11671e+07
SUM,double,"AnalysisFlag::numDistinctApprox",4096,0.25,2.11691e+07
SUM,double,"AnalysisFlag::numDistinctApprox",4096,0.25,2.11814e+07
SUM,double,"AnalysisFlag::numDistinctApprox",4096,0.25,2.1184e+07
SUM,double,"AnalysisFlag::numDistinctApprox",4096,0.25,2.11685e+07
SUM,double,"AnalysisFlag::numDistinctApprox",4096,0.25,2.11632e+07
SUM,double,"AnalysisFlag::numDistinctApprox",4096,0.25,2.11658e+07
SUM,double,"AnalysisFlag::numDistinctApprox",4096,0.25,2.1165e+07
SUM,double,"AnalysisFlag::numDistinctApprox",4096,0.25,2.1168e+07
SUM,double,"AnalysisFlag::numDistinctApprox",4096,0.25,2.11652e+07
SUM,int64_t,"AnalysisFlag::numDistinctApprox",1024,0.25,1.40813e+06
SUM,int64_t,"AnalysisFlag::numDistinctApprox",1024,0.25,1.40349e+06
SUM,int64_t,"AnalysisFlag::numDistinctApprox",1024,0.25,1.40332e+06
SUM,int64_t,"AnalysisFlag::numDistinctApprox",1024,0.25,1.40274e+06
SUM,int64_t,"AnalysisFlag::numDistinctApprox",1024,0.25,1.40105e+06
SUM,int64_t,"AnalysisFlag::numDistinctApprox",1024,0.25,1.40029e+06
SUM,int64_t,"AnalysisFlag::numDistinctApprox",1024,0.25,1.40165e+06
SUM,int64_t,"AnalysisFlag::numDistinctApprox",1024,0.25,1.40269e+06
SUM,int64_t,"AnalysisFlag::numDistinctApprox",1024,0.25,1.40218e+06
SUM,int64_t,"AnalysisFlag::numDistinctApprox",1024,0.25,1.40056e+06
SUM,int64_t,"AnalysisFlag::numDistinctApprox",2048,0.25,5.5346e+06
SUM,int64_t,"AnalysisFlag::numDistinctApprox",2048,0.25,5.39735e+06
SUM,int64_t,"AnalysisFlag::numDistinctApprox",2048,0.25,5.42028e+06
SUM,int64_t,"AnalysisFlag::numDistinctApprox",2048,0.25,5.50562e+06
SUM,int64_t,"AnalysisFlag::numDistinctApprox",2048,0.25,5.50416e+06
SUM,int64_t,"AnalysisFlag::numDistinctApprox",2048,0.25,5.51793e+06
SUM,int64_t,"AnalysisFlag::numDistinctApprox",2048,0.25,5.52264e+06
SUM,int64_t,"AnalysisFlag::numDistinctApprox",2048,0.25,5.51377e+06
SUM,int64_t,"AnalysisFlag::numDistinctApprox",2048,0.25,5.50704e+06
SUM,int64_t,"AnalysisFlag::numDistinctApprox",2048,0.25,5.51855e+06
SUM,int64_t,"AnalysisFlag::numDistinctApprox",4096,0.25,2.02437e+07
SUM,int64_t,"AnalysisFlag::numDistinctApprox",4096,0.25,1.97278e+07
SUM,int64_t,"AnalysisFlag::numDistinctApprox",4096,0.25,1.99389e+07
SUM,int64_t,"AnalysisFlag::numDistinctApprox",4096,0.25,1.98785e+07
SUM,int64_t,"AnalysisFlag::numDistinctApprox",4096,0.25,2.00167e+07
SUM,int64_t,"AnalysisFlag::numDistinctApprox",4096,0.25,2.05357e+07
SUM,int64_t,"AnalysisFlag::numDistinctApprox",4096,0.25,1.99068e+07
SUM,int64_t,"AnalysisFlag::numDistinctApprox",4096,0.25,2.04377e+07
SUM,int64_t,"AnalysisFlag::numDistinctApprox",4096,0.25,1.97775e+07
SUM,int64_t,"AnalysisFlag::numDistinctApprox",4096,0.25,2.11868e+07
SUM,double,"AnalysisFlag::numDistinctApprox",1024,1,1.46475e+06
SUM,double,"AnalysisFlag::numDistinctApprox",1024,1,1.41202e+06
SUM,double,"AnalysisFlag::numDistinctApprox",1024,1,1.40877e+06
SUM,double,"AnalysisFlag::numDistinctApprox",1024,1,1.40694e+06
SUM,double,"AnalysisFlag::numDistinctApprox",1024,1,1.40744e+06
SUM,double,"AnalysisFlag::numDistinctApprox",1024,1,1.40714e+06
SUM,double,"AnalysisFlag::numDistinctApprox",1024,1,1.40593e+06
SUM,double,"AnalysisFlag::numDistinctApprox",1024,1,1.40689e+06
SUM,double,"AnalysisFlag::numDistinctApprox",1024,1,1.41008e+06
SUM,double,"AnalysisFlag::numDistinctApprox",1024,1,1.40517e+06
SUM,double,"AnalysisFlag::numDistinctApprox",2048,1,5.4501e+06
SUM,double,"AnalysisFlag::numDistinctApprox",2048,1,5.44027e+06
SUM,double,"AnalysisFlag::numDistinctApprox",2048,1,5.43976e+06
SUM,double,"AnalysisFlag::numDistinctApprox",2048,1,5.43629e+06
SUM,double,"AnalysisFlag::numDistinctApprox",2048,1,5.43418e+06
SUM,double,"AnalysisFlag::numDistinctApprox",2048,1,5.44062e+06
SUM,double,"AnalysisFlag::numDistinctApprox",2048,1,5.43558e+06
SUM,double,"AnalysisFlag::numDistinctApprox",2048,1,5.42969e+06
SUM,double,"AnalysisFlag::numDistinctApprox",2048,1,5.42987e+06
SUM,double,"AnalysisFlag::numDistinctApprox",2048,1,5.43055e+06
SUM,double,"AnalysisFlag::numDistinctApprox",4096,1,2.11526e+07
SUM,double,"AnalysisFlag::numDistinctApprox",4096,1,2.11476e+07
SUM,double,"AnalysisFlag::numDistinctApprox",4096,1,2.11559e+07
SUM,double,"AnalysisFlag::numDistinctApprox",4096,1,2.11502e+07
SUM,double,"AnalysisFlag::numDistinctApprox",4096,1,2.11655e+07
SUM,double,"AnalysisFlag::numDistinctApprox",4096,1,2.11618e+07
SUM,double,"AnalysisFlag::numDistinctApprox",4096,1,2.11505e+07
SUM,double,"AnalysisFlag::numDistinctApprox",4096,1,2.11649e+07
SUM,double,"AnalysisFlag::numDistinctApprox",4096,1,2.1168e+07
SUM,double,"AnalysisFlag::numDistinctApprox",4096,1,2.11721e+07
SUM,int64_t,"AnalysisFlag::numDistinctApprox",1024,1,1.47421e+06
SUM,int64_t,"AnalysisFlag::numDistinctApprox",1024,1,1.40791e+06
SUM,int64_t,"AnalysisFlag::numDistinctApprox",1024,1,1.40659e+06
SUM,int64_t,"AnalysisFlag::numDistinctApprox",1024,1,1.40782e+06
SUM,int64_t,"AnalysisFlag::numDistinctApprox",1024,1,1.40654e+06
SUM,int64_t,"AnalysisFlag::numDistinctApprox",1024,1,1.40224e+06
SUM,int64_t,"AnalysisFlag::numDistinctApprox",1024,1,1.40708e+06
SUM,int64_t,"AnalysisFlag::numDistinctApprox",1024,1,1.41472e+06
SUM,int64_t,"AnalysisFlag::numDistinctApprox",1024,1,1.40467e+06
SUM,int64_t,"AnalysisFlag::numDistinctApprox",1024,1,1.40444e+06
SUM,int64_t,"AnalysisFlag::numDistinctApprox",2048,1,5.50452e+06
SUM,int64_t,"AnalysisFlag::numDistinctApprox",2048,1,5.26798e+06
SUM,int64_t,"AnalysisFlag::numDistinctApprox",2048,1,5.48363e+06
SUM,int64_t,"AnalysisFlag::numDistinctApprox",2048,1,5.49658e+06
SUM,int64_t,"AnalysisFlag::numDistinctApprox",2048,1,5.48491e+06
SUM,int64_t,"AnalysisFlag::numDistinctApprox",2048,1,5.48252e+06
SUM,int64_t,"AnalysisFlag::numDistinctApprox",2048,1,5.48182e+06
SUM,int64_t,"AnalysisFlag::numDistinctApprox",2048,1,5.37471e+06
SUM,int64_t,"AnalysisFlag::numDistinctApprox",2048,1,5.48715e+06
SUM,int64_t,"AnalysisFlag::numDistinctApprox",2048,1,5.4519e+06
SUM,int64_t,"AnalysisFlag::numDistinctApprox",4096,1,2.00642e+07
SUM,int64_t,"AnalysisFlag::numDistinctApprox",4096,1,1.992e+07
SUM,int64_t,"AnalysisFlag::numDistinctApprox",4096,1,2.07124e+07
SUM,int64_t,"AnalysisFlag::numDistinctApprox",4096,1,2.05537e+07
SUM,int64_t,"AnalysisFlag::numDistinctApprox",4096,1,2.09194e+07
SUM,int64_t,"AnalysisFlag::numDistinctApprox",4096,1,2.12126e+07
SUM,int64_t,"AnalysisFlag::numDistinctApprox",4096,1,2.0073e+07
SUM,int64_t,"AnalysisFlag::numDistinctApprox",4096,1,1.9922e+07
SUM,int64_t,"AnalysisFlag::numDistinctApprox",4096,1,1.98859e+07
SUM,int64_t,"AnalysisFlag::numDistinctApprox",4096,1,2.04789e+07
MEAN,double,"AnalysisFlag::numDistinctApprox",1024,0.001,94150
MEAN,double,"AnalysisFlag::numDistinctApprox",1024,0.001,90044
MEAN,double,"AnalysisFlag::numDistinctApprox",1024,0.001,88749
MEAN,double,"AnalysisFlag::numDistinctApprox",1024,0.001,91596
MEAN,double,"AnalysisFlag::numDistinctApprox",1024,0.001,90930
MEAN,double,"AnalysisFlag::numDistinctApprox",1024,0.001,92964
MEAN,double,"AnalysisFlag::numDistinctApprox",1024,0.001,91042
MEAN,double,"AnalysisFlag::numDistinctApprox",1024,0.001,95423
MEAN,double,"AnalysisFlag::numDistinctApprox",1024,0.001,93624
MEAN,double,"AnalysisFlag::numDistinctApprox",1024,0.001,90101
MEAN,double,"AnalysisFlag::numDistinctApprox",2048,0.001,213293
MEAN,double,"AnalysisFlag::numDistinctApprox",2048,0.001,214883
MEAN,double,"AnalysisFlag::numDistinctApprox",2048,0.001,217949
MEAN,double,"AnalysisFlag::numDistinctApprox",2048,0.001,222903
MEAN,double,"AnalysisFlag::numDistinctApprox",2048,0.001,217256
MEAN,double,"AnalysisFlag::numDistinctApprox",2048,0.001,219393
MEAN,double,"AnalysisFlag::numDistinctApprox",2048,0.001,217262
MEAN,double,"AnalysisFlag::numDistinctApprox",2048,0.001,215182
MEAN,double,"AnalysisFlag::numDistinctApprox",2048,0.001,216399
MEAN,double,"AnalysisFlag::numDistinctApprox",2048,0.001,211067
MEAN,double,"AnalysisFlag::numDistinctApprox",4096,0.001,360792
MEAN,double,"AnalysisFlag::numDistinctApprox",4096,0.001,358780
MEAN,double,"AnalysisFlag::numDistinctApprox",4096,0.001,348703
MEAN,double,"AnalysisFlag::numDistinctApprox",4096,0.001,352622
MEAN,double,"AnalysisFlag::numDistinctApprox",4096,0.001,348624
MEAN,double,"AnalysisFlag::numDistinctApprox",4096,0.001,357996
MEAN,double,"AnalysisFlag::numDistinctApprox",4096,0.001,352812
MEAN,double,"AnalysisFlag::numDistinctApprox",4096,0.001,345114
MEAN,double,"AnalysisFlag::numDistinctApprox",4096,0.001,356062
MEAN,double,"AnalysisFlag::numDistinctApprox",4096,0.001,354615
MEAN,int64_t,"AnalysisFlag::numDistinctApprox",1024,0.001,26992
MEAN,int64_t,"AnalysisFlag::numDistinctApprox",1024,0.001,25002
MEAN,int64_t,"AnalysisFlag::numDistinctApprox",1024,0.001,26326
MEAN,int64_t,"AnalysisFlag::numDistinctApprox",1024,0.001,25710
MEAN,int64_t,"AnalysisFlag::numDistinctApprox",1024,0.001,23699
MEAN,int64_t,"AnalysisFlag::numDistinctApprox",1024,0.001,23192
MEAN,int64_t,"AnalysisFlag::numDistinctApprox",1024,0.001,23245
MEAN,int64_t,"AnalysisFlag::numDistinctApprox",1024,0.001,24939
MEAN,int64_t,"AnalysisFlag::numDistinctApprox",1024,0.001,23355
MEAN,int64_t,"AnalysisFlag::numDistinctApprox",1024,0.001,23484
MEAN,int64_t,"AnalysisFlag::numDistinctApprox",2048,0.001,55581
MEAN,int64_t,"AnalysisFlag::numDistinctApprox",2048,0.001,49056
MEAN,int64_t,"AnalysisFlag::numDistinctApprox",2048,0.001,52136
MEAN,int64_t,"AnalysisFlag::numDistinctApprox",2048,0.001,58171
MEAN,int64_t,"AnalysisFlag::numDistinctApprox",2048,0.001,55008
MEAN,int64_t,"AnalysisFlag::numDistinctApprox",2048,0.001,57223
MEAN,int64_t,"AnalysisFlag::numDistinctApprox",2048,0.001,53858
MEAN,int64_t,"AnalysisFlag::numDistinctApprox",2048,0.001,56989
MEAN,int64_t,"AnalysisFlag::numDistinctApprox",2048,0.001,57686
MEAN,int64_t,"AnalysisFlag::numDistinctApprox",2048,0.001,54034
MEAN,int64_t,"AnalysisFlag::numDistinctApprox",4096,0.001,131438
MEAN,int64_t,"AnalysisFlag::numDistinctApprox",4096,0.001,127517
MEAN,int64_t,"AnalysisFlag::numDistinctApprox",4096,0.001,130066
MEAN,int64_t,"AnalysisFlag::numDistinctApprox",4096,0.001,129337
MEAN,int64_t,"AnalysisFlag::numDistinctApprox",4096,0.001,129955
MEAN,int64_t,"AnalysisFlag::numDistinctApprox",4096,0.001,130888
MEAN,int64_t,"AnalysisFlag::numDistinctApprox",4096,0.001,130786
MEAN,int64_t,"AnalysisFlag::numDistinctApprox",4096,0.001,131625
MEAN,int64_t,"AnalysisFlag::numDistinctApprox",4096,0.001,123512
MEAN,int64_t,"AnalysisFlag::numDistinctApprox",4096,0.001,121564
MEAN,double,"AnalysisFlag::numDistinctApprox",1024,0.01,123866
MEAN,double,"AnalysisFlag::numDistinctApprox",1024,0.01,127470
MEAN,double,"AnalysisFlag::numDistinctApprox",1024,0.01,125913
MEAN,double,"AnalysisFlag::numDistinctApprox",1024,0.01,127464
MEAN,double,"AnalysisFlag::numDistinctApprox",1024,0.01,126455
MEAN,double,"AnalysisFlag::numDistinctApprox",1024,0.01,130834
MEAN,double,"AnalysisFlag::numDistinctApprox",1024,0.01,126917
MEAN,double,"AnalysisFlag::numDistinctApprox",1024,0.01,128241
MEAN,double,"AnalysisFlag::numDistinctApprox",1024,0.01,125895
MEAN,double,"AnalysisFlag::numDistinctApprox",1024,0.01,124024
MEAN,double,"AnalysisFlag::numDistinctApprox",2048,0.01,236262
MEAN,double,"AnalysisFlag::numDistinctApprox",2048,0.01,237168
MEAN,double,"AnalysisFlag::numDistinctApprox",2048,0.01,240899
MEAN,double,"AnalysisFlag::numDistinctApprox",2048,0.01,235599
MEAN,double,"AnalysisFlag::numDistinctApprox",2048,0.01,236401
MEAN,double,"AnalysisFlag::numDistinctApprox",2048,0.01,237956
MEAN,double,"AnalysisFlag::numDistinctApprox",2048,0.01,238040
MEAN,double,"AnalysisFlag::numDistinctApprox",2048,0.01,234287
MEAN,double,"AnalysisFlag::numDistinctApprox",2048,0.01,242034
MEAN,double,"AnalysisFlag::numDistinctApprox",2048,0.01,233629
MEAN,double,"AnalysisFlag::numDistinctApprox",4096,0.01,402375
MEAN,double,"AnalysisFlag::numDistinctApprox",4096,0.01,396099
MEAN,double,"AnalysisFlag::numDistinctApprox",4096,0.01,393700
MEAN,double,"AnalysisFlag::numDistinctApprox",4096,0.01,396098
MEAN,double,"AnalysisFlag::numDistinctApprox",4096,0.01,398487
MEAN,double,"AnalysisFlag::numDistinctApprox",4096,0.01,394336
MEAN,double,"AnalysisFlag::numDistinctApprox",4096,0.01,388265
MEAN,double,"AnalysisFlag::numDistinctApprox",4096,0.01,395628
MEAN,double,"AnalysisFlag::numDistinctApprox",4096,0.01,401227
MEAN,double,"AnalysisFlag::numDistinctApprox",4096,0.01,399401
MEAN,int64_t,"AnalysisFlag::numDistinctApprox",1024,0.01,35698
MEAN,int64_t,"AnalysisFlag::numDistinctApprox",1024,0.01,33043
MEAN,int64_t,"AnalysisFlag::numDistinctApprox",1024,0.01,34246
MEAN,int64_t,"AnalysisFlag::numDistinctApprox",1024,0.01,34085
MEAN,int64_t,"AnalysisFlag::numDistinctApprox",1024,0.01,33228
MEAN,int64_t,"AnalysisFlag::numDistinctApprox",1024,0.01,37286
MEAN,int64_t,"AnalysisFlag::numDistinctApprox",1024,0.01,35568
MEAN,int64_t,"AnalysisFlag::numDistinctApprox",1024,0.01,35919
MEAN,int64_t,"AnalysisFlag::numDistinctApprox",1024,0.01,35319
MEAN,int64_t,"AnalysisFlag::numDistinctApprox",1024,0.01,35343
MEAN,int64_t,"AnalysisFlag::numDistinctApprox",2048,0.01,71147
MEAN,int64_t,"AnalysisFlag::numDistinctApprox",2048,0.01,75549
MEAN,int64_t,"AnalysisFlag::numDistinctApprox",2048,0.01,70093
MEAN,int64_t,"AnalysisFlag::numDistinctApprox",2048,0.01,75413
MEAN,int64_t,"AnalysisFlag::numDistinctApprox",2048,0.01,76767
MEAN,int64_t,"AnalysisFlag::numDistinctApprox",2048,0.01,76099
MEAN,int64_t,"AnalysisFlag::numDistinctApprox",2048,0.01,70458
MEAN,int64_t,"AnalysisFlag::numDistinctApprox",2048,0.01,74795
MEAN,int64_t,"AnalysisFlag::numDistinctApprox",2048,0.01,75342
MEAN,int64_t,"AnalysisFlag::numDistinctApprox",2048,0.01,70023
MEAN,int64_t,"AnalysisFlag::numDistinctApprox",4096,0.01,166369
MEAN,int64_t,"AnalysisFlag::numDistinctApprox",4096,0.01,160287
MEAN,int64_t,"AnalysisFlag::numDistinctApprox",4096,0.01,155579
MEAN,int64_t,"AnalysisFlag::numDistinctApprox",4096,0.01,168477
MEAN,int64_t,"AnalysisFlag::numDistinctApprox",4096,0.01,166412
MEAN,int64_t,"AnalysisFlag::numDistinctApprox",4096,0.01,157384
MEAN,int64_t,"AnalysisFlag::numDistinctApprox",4096,0.01,156622
MEAN,int64_t,"AnalysisFlag::numDistinctApprox",4096,0.01,167614
MEAN,int64_t,"AnalysisFlag::numDistinctApprox",4096,0.01,168771
MEAN,int64_t,"AnalysisFlag::numDistinctApprox",4096,0.01,157349
MEAN,double,"AnalysisFlag::numDistinctApprox",1024,0.05,147545
MEAN,double,"AnalysisFlag::numDistinctApprox",1024,0.05,142774
MEAN,double,"AnalysisFlag::numDistinctApprox",1024,0.05,140337
MEAN,double,"AnalysisFlag::numDistinctApprox",1024,0.05,140965
MEAN,double,"AnalysisFlag::numDistinctApprox",1024,0.05,141045
MEAN,double,"AnalysisFlag::numDistinctApprox",1024,0.05,144357
MEAN,double,"AnalysisFlag::numDistinctApprox",1024,0.05,136344
MEAN,double,"AnalysisFlag::numDistinctApprox",1024,0.05,143375
MEAN,double,"AnalysisFlag::numDistinctApprox",1024,0.05,142199
MEAN,double,"AnalysisFlag::numDistinctApprox",1024,0.05,137654
MEAN,double,"AnalysisFlag::numDistinctApprox",2048,0.05,276512
MEAN,double,"AnalysisFlag::numDistinctApprox",2048,0.05,267995
MEAN,double,"AnalysisFlag::numDistinctApprox",2048,0.05,268038
MEAN,double,"AnalysisFlag::numDistinctApprox",2048,0.05,269312
MEAN,double,"AnalysisFlag::numDistinctApprox",2048,0.05,276625
MEAN,double,"AnalysisFlag::numDistinctApprox",2048,0.05,271779
MEAN,double,"AnalysisFlag::numDistinctApprox",2048,0.05,270801
MEAN,double,"AnalysisFlag::numDistinctApprox",2048,0.05,268806
MEAN,double,"AnalysisFlag::numDistinctApprox",2048,0.05,269000
MEAN,double,"AnalysisFlag::numDistinctApprox",2048,0.05,268541
MEAN,double,"AnalysisFlag::numDistinctApprox",4096,0.05,636270
MEAN,double,"AnalysisFlag::numDistinctApprox",4096,0.05,544310
MEAN,double,"AnalysisFlag::numDistinctApprox",4096,0.05,520675
MEAN,double,"AnalysisFlag::numDistinctApprox",4096,0.05,512173
MEAN,double,"AnalysisFlag::numDistinctApprox",4096,0.05,529752
MEAN,double,"AnalysisFlag::numDistinctApprox",4096,0.05,522741
MEAN,double,"AnalysisFlag::numDistinctApprox",4096,0.05,517863
MEAN,double,"AnalysisFlag::numDistinctApprox",4096,0.05,529638
MEAN,double,"AnalysisFlag::numDistinctApprox",4096,0.05,521656
MEAN,double,"AnalysisFlag::numDistinctApprox",4096,0.05,520428
MEAN,int64_t,"AnalysisFlag::numDistinctApprox",1024,0.05,49999
MEAN,int64_t,"AnalysisFlag::numDistinctApprox",1024,0.05,46234
MEAN,int64_t,"AnalysisFlag::numDistinctApprox",1024,0.05,48240
MEAN,int64_t,"AnalysisFlag::numDistinctApprox",1024,0.05,46531
MEAN,int64_t,"AnalysisFlag::numDistinctApprox",1024,0.05,34661
MEAN,int64_t,"AnalysisFlag::numDistinctApprox",1024,0.05,46722
MEAN,int64_t,"AnalysisFlag::numDistinctApprox",1024,0.05,45465
MEAN,int64_t,"AnalysisFlag::numDistinctApprox",1024,0.05,46672
MEAN,int64_t,"AnalysisFlag::numDistinctApprox",1024,0.05,47412
MEAN,int64_t,"AnalysisFlag::numDistinctApprox",1024,0.05,46128
MEAN,int64_t,"AnalysisFlag::numDistinctApprox",2048,0.05,99961
MEAN,int64_t,"AnalysisFlag::numDistinctApprox",2048,0.05,102940
MEAN,int64_t,"AnalysisFlag::numDistinctApprox",2048,0.05,96545
MEAN,int64_t,"AnalysisFlag::numDistinctApprox",2048,0.05,96170
MEAN,int64_t,"AnalysisFlag::numDistinctApprox",2048,0.05,101003
MEAN,int64_t,"AnalysisFlag::numDistinctApprox",2048,0.05,106804
MEAN,int64_t,"AnalysisFlag::numDistinctApprox",2048,0.05,100404
MEAN,int64_t,"AnalysisFlag::numDistinctApprox",2048,0.05,93691
MEAN,int64_t,"AnalysisFlag::numDistinctApprox",2048,0.05,103551
MEAN,int64_t,"AnalysisFlag::numDistinctApprox",2048,0.05,103874
MEAN,int64_t,"AnalysisFlag::numDistinctApprox",4096,0.05,278800
MEAN,int64_t,"AnalysisFlag::numDistinctApprox",4096,0.05,274282
MEAN,int64_t,"AnalysisFlag::numDistinctApprox",4096,0.05,275003
MEAN,int64_t,"AnalysisFlag::numDistinctApprox",4096,0.05,275303
MEAN,int64_t,"AnalysisFlag::numDistinctApprox",4096,0.05,280085
MEAN,int64_t,"AnalysisFlag::numDistinctApprox",4096,0.05,264315
MEAN,int64_t,"AnalysisFlag::numDistinctApprox",4096,0.05,276572
MEAN,int64_t,"AnalysisFlag::numDistinctApprox",4096,0.05,289921
MEAN,int64_t,"AnalysisFlag::numDistinctApprox",4096,0.05,279500
MEAN,int64_t,"AnalysisFlag::numDistinctApprox",4096,0.05,284660
MEAN,double,"AnalysisFlag::numDistinctApprox",1024,0.1,152771
MEAN,double,"AnalysisFlag::numDistinctApprox",1024,0.1,152883
MEAN,double,"AnalysisFlag::numDistinctApprox",1024,0.1,147558
MEAN,double,"AnalysisFlag::numDistinctApprox",1024,0.1,147844
MEAN,double,"AnalysisFlag::numDistinctApprox",1024,0.1,150357
MEAN,double,"AnalysisFlag::numDistinctApprox",1024,0.1,149696
MEAN,double,"AnalysisFlag::numDistinctApprox",1024,0.1,149890
MEAN,double,"AnalysisFlag::numDistinctApprox",1024,0.1,151040
MEAN,double,"AnalysisFlag::numDistinctApprox",1024,0.1,146693
MEAN,double,"AnalysisFlag::numDistinctApprox",1024,0.1,146458
MEAN,double,"AnalysisFlag::numDistinctApprox",2048,0.1,310008
MEAN,double,"AnalysisFlag::numDistinctApprox",2048,0.1,306676
MEAN,double,"AnalysisFlag::numDistinctApprox",2048,0.1,307534
MEAN,double,"AnalysisFlag::numDistinctApprox",2048,0.1,307401
MEAN,double,"AnalysisFlag::numDistinctApprox",2048,0.1,313072
MEAN,double,"AnalysisFlag::numDistinctApprox",2048,0.1,302791
MEAN,double,"AnalysisFlag::numDistinctApprox",2048,0.1,304097
MEAN,double,"AnalysisFlag::numDistinctApprox",2048,0.1,304512
MEAN,double,"AnalysisFlag::numDistinctApprox",2048,0.1,316634
MEAN,double,"AnalysisFlag::numDistinctApprox",2048,0.1,307754
MEAN,double,"AnalysisFlag::numDistinctApprox",4096,0.1,918393
MEAN,double,"AnalysisFlag::numDistinctApprox",4096,0.1,963395
MEAN,double,"AnalysisFlag::numDistinctApprox",4096,0.1,938591
MEAN,double,"AnalysisFlag::numDistinctApprox",4096,0.1,902251
MEAN,double,"AnalysisFlag::numDistinctApprox",4096,0.1,883698
MEAN,double,"AnalysisFlag::numDistinctApprox",4096,0.1,890854
MEAN,double,"AnalysisFlag::numDistinctApprox",4096,0.1,913107
MEAN,double,"AnalysisFlag::numDistinctApprox",4096,0.1,913164
MEAN,double,"AnalysisFlag::numDistinctApprox",4096,0.1,917757
MEAN,double,"AnalysisFlag::numDistinctApprox",4096,0.1,964535
MEAN,int64_t,"AnalysisFlag::numDistinctApprox",1024,0.1,59768
MEAN,int64_t,"AnalysisFlag::numDistinctApprox",1024,0.1,55091
MEAN,int64_t,"AnalysisFlag::numDistinctApprox",1024,0.1,53411
MEAN,int64_t,"AnalysisFlag::numDistinctApprox",1024,0.1,54581
MEAN,int64_t,"AnalysisFlag::numDistinctApprox",1024,0.1,53974
MEAN,int64_t,"AnalysisFlag::numDistinctApprox",1024,0.1,53049
MEAN,int64_t,"AnalysisFlag::numDistinctApprox",1024,0.1,54428
MEAN,int64_t,"AnalysisFlag::numDistinctApprox",1024,0.1,52391
MEAN,int64_t,"AnalysisFlag::numDistinctApprox",1024,0.1,54232
MEAN,int64_t,"AnalysisFlag::numDistinctApprox",1024,0.1,54477
MEAN,int64_t,"AnalysisFlag::numDistinctApprox",2048,0.1,169592
MEAN,int64_t,"AnalysisFlag::numDistinctApprox",2048,0.1,132409
MEAN,int64_t,"AnalysisFlag::numDistinctApprox",2048,0.1,134514
MEAN,int64_t,"AnalysisFlag::numDistinctApprox",2048,0.1,135103
MEAN,int64_t,"AnalysisFlag::numDistinctApprox",2048,0.1,132087
MEAN,int64_t,"AnalysisFlag::numDistinctApprox",2048,0.1,132725
MEAN,int64_t,"AnalysisFlag::numDistinctApprox",2048,0.1,111570
MEAN,int64_t,"AnalysisFlag::numDistinctApprox",2048,0.1,136768
MEAN,int64_t,"AnalysisFlag::numDistinctApprox",2048,0.1,139292
MEAN,int64_t,"AnalysisFlag::numDistinctApprox",2048,0.1,133271
MEAN,int64_t,"AnalysisFlag::numDistinctApprox",4096,0.1,649000
MEAN,int64_t,"AnalysisFlag::numDistinctApprox",4096,0.1,689121
MEAN,int64_t,"AnalysisFlag::numDistinctApprox",4096,0.1,674629
MEAN,int64_t,"AnalysisFlag::numDistinctApprox",4096,0.1,658205
MEAN,int64_t,"AnalysisFlag::numDistinctApprox",4096,0.1,654345
MEAN,int64_t,"AnalysisFlag::numDistinctApprox",4096,0.1,640239
MEAN,int64_t,"AnalysisFlag::numDistinctApprox",4096,0.1,625637
MEAN,int64_t,"AnalysisFlag::numDistinctApprox",4096,0.1,643639
MEAN,int64_t,"AnalysisFlag::numDistinctApprox",4096,0.1,672360
MEAN,int64_t,"AnalysisFlag::numDistinctApprox",4096,0.1,661096
MEAN,double,"AnalysisFlag::numDistinctApprox",1024,0.2,179487
MEAN,double,"AnalysisFlag::numDistinctApprox",1024,0.2,172472
MEAN,double,"AnalysisFlag::numDistinctApprox",1024,0.2,175742
MEAN,double,"AnalysisFlag::numDistinctApprox",1024,0.2,177337
MEAN,double,"AnalysisFlag::numDistinctApprox",1024,0.2,169519
MEAN,double,"AnalysisFlag::numDistinctApprox",1024,0.2,171505
MEAN,double,"AnalysisFlag::numDistinctApprox",1024,0.2,172371
MEAN,double,"AnalysisFlag::numDistinctApprox",1024,0.2,170638
MEAN,double,"AnalysisFlag::numDistinctApprox",1024,0.2,170276
MEAN,double,"AnalysisFlag::numDistinctApprox",1024,0.2,171196
MEAN,double,"AnalysisFlag::numDistinctApprox",2048,0.2,463507
MEAN,double,"AnalysisFlag::numDistinctApprox",2048,0.2,411111
MEAN,double,"AnalysisFlag::numDistinctApprox",2048,0.2,401489
MEAN,double,"AnalysisFlag::numDistinctApprox",2048,0.2,399805
MEAN,double,"AnalysisFlag::numDistinctApprox",2048,0.2,396609
MEAN,double,"AnalysisFlag::numDistinctApprox",2048,0.2,403269
MEAN,double,"AnalysisFlag::numDistinctApprox",2048,0.2,405587
MEAN,double,"AnalysisFlag::numDistinctApprox",2048,0.2,407492
MEAN,double,"AnalysisFlag::numDistinctApprox",2048,0.2,408787
MEAN,double,"AnalysisFlag::numDistinctApprox",2048,0.2,399827
MEAN,double,"AnalysisFlag::numDistinctApprox",4096,0.2,1.79118e+06
MEAN,double,"AnalysisFlag::numDistinctApprox",4096,0.2,1.76007e+06
MEAN,double,"AnalysisFlag::numDistinctApprox",4096,0.2,1.73324e+06
MEAN,double,"AnalysisFlag::numDistinctApprox",4096,0.2,1.7957e+06
MEAN,double,"AnalysisFlag::numDistinctApprox",4096,0.2,1.75517e+06
MEAN,double,"AnalysisFlag::numDistinctApprox",4096,0.2,1.7897e+06
MEAN,double,"AnalysisFlag::numDistinctApprox",4096,0.2,1.75369e+06
MEAN,double,"AnalysisFlag::numDistinctApprox",4096,0.2,1.77025e+06
MEAN,double,"AnalysisFlag::numDistinctApprox",4096,0.2,1.77164e+06
MEAN,double,"AnalysisFlag::numDistinctApprox",4096,0.2,1.75763e+06
MEAN,int64_t,"AnalysisFlag::numDistinctApprox",1024,0.2,87483
MEAN,int64_t,"AnalysisFlag::numDistinctApprox",1024,0.2,73019
MEAN,int64_t,"AnalysisFlag::numDistinctApprox",1024,0.2,70181
MEAN,int64_t,"AnalysisFlag::numDistinctApprox",1024,0.2,72565
MEAN,int64_t,"AnalysisFlag::numDistinctApprox",1024,0.2,69036
MEAN,int64_t,"AnalysisFlag::numDistinctApprox",1024,0.2,72592
MEAN,int64_t,"AnalysisFlag::numDistinctApprox",1024,0.2,72356
MEAN,int64_t,"AnalysisFlag::numDistinctApprox",1024,0.2,65281
MEAN,int64_t,"AnalysisFlag::numDistinctApprox",1024,0.2,64524
MEAN,int64_t,"AnalysisFlag::numDistinctApprox",1024,0.2,71632
MEAN,int64_t,"AnalysisFlag::numDistinctApprox",2048,0.2,356321
MEAN,int64_t,"AnalysisFlag::numDistinctApprox",2048,0.2,266731
MEAN,int64_t,"AnalysisFlag::numDistinctApprox",2048,0.2,222398
MEAN,int64_t,"AnalysisFlag::numDistinctApprox",2048,0.2,221397
MEAN,int64_t,"AnalysisFlag::numDistinctApprox",2048,0.2,223446
MEAN,int64_t,"AnalysisFlag::numDistinctApprox",2048,0.2,227200
MEAN,int64_t,"AnalysisFlag::numDistinctApprox",2048,0.2,220101
MEAN,int64_t,"AnalysisFlag::numDistinctApprox",2048,0.2,204802
MEAN,int64_t,"AnalysisFlag::numDistinctApprox",2048,0.2,225891
MEAN,int64_t,"AnalysisFlag::numDistinctApprox",2048,0.2,243248
MEAN,int64_t,"AnalysisFlag::numDistinctApprox",4096,0.2,1.39109e+06
MEAN,int64_t,"AnalysisFlag::numDistinctApprox",4096,0.2,1.46673e+06
MEAN,int64_t,"AnalysisFlag::numDistinctApprox",4096,0.2,1.45263e+06
MEAN,int64_t,"AnalysisFlag::numDistinctApprox",4096,0.2,1.43462e+06
MEAN,int64_t,"AnalysisFlag::numDistinctApprox",4096,0.2,1.45572e+06
MEAN,int64_t,"AnalysisFlag::numDistinctApprox",4096,0.2,1.43583e+06
MEAN,int64_t,"AnalysisFlag::numDistinctApprox",4096,0.2,1.52334e+06
MEAN,int64_t,"AnalysisFlag::numDistinctApprox",4096,0.2,1.45196e+06
MEAN,int64_t,"AnalysisFlag::numDistinctApprox",4096,0.2,1.44356e+06
MEAN,int64_t,"AnalysisFlag::numDistinctApprox",4096,0.2,1.4682e+06
MEAN,double,"AnalysisFlag::numDistinctApprox",1024,0.25,1.40232e+06
MEAN,double,"AnalysisFlag::numDistinctApprox",1024,0.25,1.39561e+06
MEAN,double,"AnalysisFlag::numDistinctApprox",1024,0.25,1.39737e+06
MEAN,double,"AnalysisFlag::numDistinctApprox",1024,0.25,1.3971e+06
MEAN,double,"AnalysisFlag::numDistinctApprox",1024,0.25,1.39524e+06
MEAN,double,"AnalysisFlag::numDistinctApprox",1024,0.25,1.39378e+06
MEAN,double,"AnalysisFlag::numDistinctApprox",1024,0.25,1.39434e+06
MEAN,double,"AnalysisFlag::numDistinctApprox",1024,0.25,1.39417e+06
MEAN,double,"AnalysisFlag::numDistinctApprox",1024,0.25,1.3942e+06
MEAN,double,"AnalysisFlag::numDistinctApprox",1024,0.25,1.39599e+06
MEAN,double,"AnalysisFlag::numDistinctApprox",2048,0.25,5.39422e+06
MEAN,double,"AnalysisFlag::numDistinctApprox",2048,0.25,5.38889e+06
MEAN,double,"AnalysisFlag::numDistinctApprox",2048,0.25,5.39232e+06
MEAN,double,"AnalysisFlag::numDistinctApprox",2048,0.25,5.38772e+06
MEAN,double,"AnalysisFlag::numDistinctApprox",2048,0.25,5.38904e+06
MEAN,double,"AnalysisFlag::numDistinctApprox",2048,0.25,5.38933e+06
MEAN,double,"AnalysisFlag::numDistinctApprox",2048,0.25,5.39547e+06
MEAN,double,"AnalysisFlag::numDistinctApprox",2048,0.25,5.38653e+06
MEAN,double,"AnalysisFlag::numDistinctApprox",2048,0.25,5.39208e+06
MEAN,double,"AnalysisFlag::numDistinctApprox",2048,0.25,5.39285e+06
MEAN,double,"AnalysisFlag::numDistinctApprox",4096,0.25,2.10114e+07
MEAN,double,"AnalysisFlag::numDistinctApprox",4096,0.25,2.10219e+07
MEAN,double,"AnalysisFlag::numDistinctApprox",4096,0.25,2.10132e+07
MEAN,double,"AnalysisFlag::numDistinctApprox",4096,0.25,2.1032e+07
MEAN,double,"AnalysisFlag::numDistinctApprox",4096,0.25,2.10178e+07
MEAN,double,"AnalysisFlag::numDistinctApprox",4096,0.25,2.10089e+07
MEAN,double,"AnalysisFlag::numDistinctApprox",4096,0.25,2.10186e+07
MEAN,double,"AnalysisFlag::numDistinctApprox",4096,0.25,2.10186e+07
MEAN,double,"AnalysisFlag::numDistinctApprox",4096,0.25,2.10103e+07
MEAN,double,"AnalysisFlag::numDistinctApprox",4096,0.25,2.10127e+07
MEAN,int64_t,"AnalysisFlag::numDistinctApprox",1024,0.25,1.21906e+06
MEAN,int64_t,"AnalysisFlag::numDistinctApprox",1024,0.25,1.20428e+06
MEAN,int64_t,"AnalysisFlag::numDistinctApprox",1024,0.25,1.20476e+06
MEAN,int64_t,"AnalysisFlag::numDistinctApprox",1024,0.25,1.20655e+06
MEAN,int64_t,"AnalysisFlag::numDistinctApprox",1024,0.25,1.20872e+06
MEAN,int64_t,"AnalysisFlag::numDistinctApprox",1024,0.25,1.2049e+06
MEAN,int64_t,"AnalysisFlag::numDistinctApprox",1024,0.25,1.20358e+06
MEAN,int64_t,"AnalysisFlag::numDistinctApprox",1024,0.25,1.20568e+06
MEAN,int64_t,"AnalysisFlag::numDistinctApprox",1024,0.25,1.20347e+06
MEAN,int64_t,"AnalysisFlag::numDistinctApprox",1024,0.25,1.20002e+06
MEAN,int64_t,"AnalysisFlag::numDistinctApprox",2048,0.25,4.49793e+06
MEAN,int64_t,"AnalysisFlag::numDistinctApprox",2048,0.25,4.4955e+06
MEAN,int64_t,"AnalysisFlag::numDistinctApprox",2048,0.25,4.48796e+06
MEAN,int64_t,"AnalysisFlag::numDistinctApprox",2048,0.25,4.49244e+06
MEAN,int64_t,"AnalysisFlag::numDistinctApprox",2048,0.25,4.48779e+06
MEAN,int64_t,"AnalysisFlag::numDistinctApprox",2048,0.25,4.49531e+06
MEAN,int64_t,"AnalysisFlag::numDistinctApprox",2048,0.25,4.48369e+06
MEAN,int64_t,"AnalysisFlag::numDistinctApprox",2048,0.25,4.49241e+06
MEAN,int64_t,"AnalysisFlag::numDistinctApprox",2048,0.25,4.48156e+06
MEAN,int64_t,"AnalysisFlag::numDistinctApprox",2048,0.25,4.48368e+06
MEAN,int64_t,"AnalysisFlag::numDistinctApprox",4096,0.25,1.76242e+07
MEAN,int64_t,"AnalysisFlag::numDistinctApprox",4096,0.25,1.76266e+07
MEAN,int64_t,"AnalysisFlag::numDistinctApprox",4096,0.25,1.76338e+07
MEAN,int64_t,"AnalysisFlag::numDistinctApprox",4096,0.25,1.76204e+07
MEAN,int64_t,"AnalysisFlag::numDistinctApprox",4096,0.25,1.7583e+07
MEAN,int64_t,"AnalysisFlag::numDistinctApprox",4096,0.25,1.76294e+07
MEAN,int64_t,"AnalysisFlag::numDistinctApprox",4096,0.25,1.7628e+07
MEAN,int64_t,"AnalysisFlag::numDistinctApprox",4096,0.25,1.76444e+07
MEAN,int64_t,"AnalysisFlag::numDistinctApprox",4096,0.25,1.76278e+07
MEAN,int64_t,"AnalysisFlag::numDistinctApprox",4096,0.25,1.7642e+07
MEAN,double,"AnalysisFlag::numDistinctApprox",1024,1,1.46452e+06
MEAN,double,"AnalysisFlag::numDistinctApprox",1024,1,1.40122e+06
MEAN,double,"AnalysisFlag::numDistinctApprox",1024,1,1.39842e+06
MEAN,double,"AnalysisFlag::numDistinctApprox",1024,1,1.39522e+06
MEAN,double,"AnalysisFlag::numDistinctApprox",1024,1,1.39649e+06
MEAN,double,"AnalysisFlag::numDistinctApprox",1024,1,1.39672e+06
MEAN,double,"AnalysisFlag::numDistinctApprox",1024,1,1.39771e+06
MEAN,double,"AnalysisFlag::numDistinctApprox",1024,1,1.39679e+06
MEAN,double,"AnalysisFlag::numDistinctApprox",1024,1,1.39978e+06
MEAN,double,"AnalysisFlag::numDistinctApprox",1024,1,1.39798e+06
MEAN,double,"AnalysisFlag::numDistinctApprox",2048,1,5.40026e+06
MEAN,double,"AnalysisFlag::numDistinctApprox",2048,1,5.40012e+06
MEAN,double,"AnalysisFlag::numDistinctApprox",2048,1,5.39292e+06
MEAN,double,"AnalysisFlag::numDistinctApprox",2048,1,5.39339e+06
MEAN,double,"AnalysisFlag::numDistinctApprox",2048,1,5.39114e+06
MEAN,double,"AnalysisFlag::numDistinctApprox",2048,1,5.38256e+06
MEAN,double,"AnalysisFlag::numDistinctApprox",2048,1,5.38579e+06
MEAN,double,"AnalysisFlag::numDistinctApprox",2048,1,5.38515e+06
MEAN,double,"AnalysisFlag::numDistinctApprox",2048,1,5.39329e+06
MEAN,double,"AnalysisFlag::numDistinctApprox",2048,1,5.38955e+06
MEAN,double,"AnalysisFlag::numDistinctApprox",4096,1,2.10029e+07
MEAN,double,"AnalysisFlag::numDistinctApprox",4096,1,2.10118e+07
MEAN,double,"AnalysisFlag::numDistinctApprox",4096,1,2.11213e+07
MEAN,double,"AnalysisFlag::numDistinctApprox",4096,1,2.10062e+07
MEAN,double,"AnalysisFlag::numDistinctApprox",4096,1,2.10127e+07
MEAN,double,"AnalysisFlag::numDistinctApprox",4096,1,2.10079e+07
MEAN,double,"AnalysisFlag::numDistinctApprox",4096,1,2.10099e+07
MEAN,double,"AnalysisFlag::numDistinctApprox",4096,1,2.10158e+07
MEAN,double,"AnalysisFlag::numDistinctApprox",4096,1,2.09934e+07
MEAN,double,"AnalysisFlag::numDistinctApprox",4096,1,2.09846e+07
MEAN,int64_t,"AnalysisFlag::numDistinctApprox",1024,1,1.26858e+06
MEAN,int64_t,"AnalysisFlag::numDistinctApprox",1024,1,1.22051e+06
MEAN,int64_t,"AnalysisFlag::numDistinctApprox",1024,1,1.21456e+06
MEAN,int64_t,"AnalysisFlag::numDistinctApprox",1024,1,1.21102e+06
MEAN,int64_t,"AnalysisFlag::numDistinctApprox",1024,1,1.21702e+06
MEAN,int64_t,"AnalysisFlag::numDistinctApprox",1024,1,1.2133e+06
MEAN,int64_t,"AnalysisFlag::numDistinctApprox",1024,1,1.21167e+06
MEAN,int64_t,"AnalysisFlag::numDistinctApprox",1024,1,1.21299e+06
MEAN,int64_t,"AnalysisFlag::numDistinctApprox",1024,1,1.20925e+06
MEAN,int64_t,"AnalysisFlag::numDistinctApprox",1024,1,1.21011e+06
MEAN,int64_t,"AnalysisFlag::numDistinctApprox",2048,1,4.52086e+06
MEAN,int64_t,"AnalysisFlag::numDistinctApprox",2048,1,4.51145e+06
MEAN,int64_t,"AnalysisFlag::numDistinctApprox",2048,1,4.49478e+06
MEAN,int64_t,"AnalysisFlag::numDistinctApprox",2048,1,4.4957e+06
MEAN,int64_t,"AnalysisFlag::numDistinctApprox",2048,1,4.5049e+06
MEAN,int64_t,"AnalysisFlag::numDistinctApprox",2048,1,4.51081e+06
MEAN,int64_t,"AnalysisFlag::numDistinctApprox",2048,1,4.50439e+06
MEAN,int64_t,"AnalysisFlag::numDistinctApprox",2048,1,4.50403e+06
MEAN,int64_t,"AnalysisFlag::numDistinctApprox",2048,1,4.49862e+06
MEAN,int64_t,"AnalysisFlag::numDistinctApprox",2048,1,4.50889e+06
MEAN,int64_t,"AnalysisFlag::numDistinctApprox",4096,1,1.77166e+07
MEAN,int64_t,"AnalysisFlag::numDistinctApprox",4096,1,1.76466e+07
MEAN,int64_t,"AnalysisFlag::numDistinctApprox",4096,1,1.76232e+07
MEAN,int64_t,"AnalysisFlag::numDistinctApprox",4096,1,1.76514e+07
MEAN,int64_t,"AnalysisFlag::numDistinctApprox",4096,1,1.76471e+07
MEAN,int64_t,"AnalysisFlag::numDistinctApprox",4096,1,1.76815e+07
MEAN,int64_t,"AnalysisFlag::numDistinctApprox",4096,1,1.76583e+07
MEAN,int64_t,"AnalysisFlag::numDistinctApprox",4096,1,1.76352e+07
MEAN,int64_t,"AnalysisFlag::numDistinctApprox",4096,1,1.76577e+07
MEAN,int64_t,"AnalysisFlag::numDistinctApprox",4096,1,1.7656e+07
STDDEV,double,"AnalysisFlag::numDistinctApprox",1024,0.001,99556
STDDEV,double,"AnalysisFlag::numDistinctApprox",1024,0.001,99578
STDDEV,double,"AnalysisFlag::numDistinctApprox",1024,0.001,100785
STDDEV,double,"AnalysisFlag::numDistinctApprox",1024,0.001,107031
STDDEV,double,"AnalysisFlag::numDistinctApprox",1024,0.001,105688
STDDEV,double,"AnalysisFlag::numDistinctApprox",1024,0.001,109412
STDDEV,double,"AnalysisFlag::numDistinctApprox",1024,0.001,105063
STDDEV,double,"AnalysisFlag::numDistinctApprox",1024,0.001,108641
STDDEV,double,"AnalysisFlag::numDistinctApprox",1024,0.001,108154
STDDEV,double,"AnalysisFlag::numDistinctApprox",1024,0.001,105852
STDDEV,double,"AnalysisFlag::numDistinctApprox",2048,0.001,236717
STDDEV,double,"AnalysisFlag::numDistinctApprox",2048,0.001,235199
STDDEV,double,"AnalysisFlag::numDistinctApprox",2048,0.001,232542
STDDEV,double,"AnalysisFlag::numDistinctApprox",2048,0.001,236021
STDDEV,double,"AnalysisFlag::numDistinctApprox",2048,0.001,241867
STDDEV,double,"AnalysisFlag::numDistinctApprox",2048,0.001,237428
STDDEV,double,"AnalysisFlag::numDistinctApprox",2048,0.001,236148
STDDEV,double,"AnalysisFlag::numDistinctApprox",2048,0.001,231296
STDDEV,double,"AnalysisFlag::numDistinctApprox",2048,0.001,242413
STDDEV,double,"AnalysisFlag::numDistinctApprox",2048,0.001,237123
STDDEV,double,"AnalysisFlag::numDistinctApprox",4096,0.001,403349
STDDEV,double,"AnalysisFlag::numDistinctApprox",4096,0.001,394144
STDDEV,double,"AnalysisFlag::numDistinctApprox",4096,0.001,398419
STDDEV,double,"AnalysisFlag::numDistinctApprox",4096,0.001,389590
STDDEV,double,"AnalysisFlag::numDistinctApprox",4096,0.001,390278
STDDEV,double,"AnalysisFlag::numDistinctApprox",4096,0.001,390522
STDDEV,double,"AnalysisFlag::numDistinctApprox",4096,0.001,383373
STDDEV,double,"AnalysisFlag::numDistinctApprox",4096,0.001,395891
STDDEV,double,"AnalysisFlag::numDistinctApprox",4096,0.001,402519
STDDEV,double,"AnalysisFlag::numDistinctApprox",4096,0.001,389284
STDDEV,int64_t,"AnalysisFlag::numDistinctApprox",1024,0.001,67601
STDDEV,int64_t,"AnalysisFlag::numDistinctApprox",1024,0.001,63845
STDDEV,int64_t,"AnalysisFlag::numDistinctApprox",1024,0.001,64225
STDDEV,int64_t,"AnalysisFlag::numDistinctApprox",1024,0.001,64518
STDDEV,int64_t,"AnalysisFlag::numDistinctApprox",1024,0.001,63710
STDDEV,int64_t,"AnalysisFlag::numDistinctApprox",1024,0.001,62897
STDDEV,int64_t,"AnalysisFlag::numDistinctApprox",1024,0.001,62454
STDDEV,int64_t,"AnalysisFlag::numDistinctApprox",1024,0.001,68565
STDDEV,int64_t,"AnalysisFlag::numDistinctApprox",1024,0.001,62191
STDDEV,int64_t,"AnalysisFlag::numDistinctApprox",1024,0.001,64084
STDDEV,int64_t,"AnalysisFlag::numDistinctApprox",2048,0.001,139251
STDDEV,int64_t,"AnalysisFlag::numDistinctApprox",2048,0.001,139049
STDDEV,int64_t,"AnalysisFlag::numDistinctApprox",2048,0.001,141665
STDDEV,int64_t,"AnalysisFlag::numDistinctApprox",2048,0.001,143579
STDDEV,int64_t,"AnalysisFlag::numDistinctApprox",2048,0.001,138206
STDDEV,int64_t,"AnalysisFlag::numDistinctApprox",2048,0.001,138004
STDDEV,int64_t,"AnalysisFlag::numDistinctApprox",2048,0.001,146664
STDDEV,int64_t,"AnalysisFlag::numDistinctApprox",2048,0.001,146377
STDDEV,int64_t,"AnalysisFlag::numDistinctApprox",2048,0.001,139429
STDDEV,int64_t,"AnalysisFlag::numDistinctApprox",2048,0.001,143661
STDDEV,int64_t,"AnalysisFlag::numDistinctApprox",4096,0.001,297167
STDDEV,int64_t,"AnalysisFlag::numDistinctApprox",4096,0.001,305566
STDDEV,int64_t,"AnalysisFlag::numDistinctApprox",4096,0.001,309971
STDDEV,int64_t,"AnalysisFlag::numDistinctApprox",4096,0.001,297447
STDDEV,int64_t,"AnalysisFlag::numDistinctApprox",4096,0.001,297790
STDDEV,int64_t,"AnalysisFlag::numDistinctApprox",4096,0.001,291412
STDDEV,int64_t,"AnalysisFlag::numDistinctApprox",4096,0.001,307411
STDDEV,int64_t,"AnalysisFlag::numDistinctApprox",4096,0.001,288482
STDDEV,int64_t,"AnalysisFlag::numDistinctApprox",4096,0.001,275276
STDDEV,int64_t,"AnalysisFlag::numDistinctApprox",4096,0.001,295869
STDDEV,double,"AnalysisFlag::numDistinctApprox",1024,0.01,148640
STDDEV,double,"AnalysisFlag::numDistinctApprox",1024,0.01,147305
STDDEV,double,"AnalysisFlag::numDistinctApprox",1024,0.01,145670
STDDEV,double,"AnalysisFlag::numDistinctApprox",1024,0.01,145335
STDDEV,double,"AnalysisFlag::numDistinctApprox",1024,0.01,147160
STDDEV,double,"AnalysisFlag::numDistinctApprox",1024,0.01,147364
STDDEV,double,"AnalysisFlag::numDistinctApprox",1024,0.01,147866
STDDEV,double,"AnalysisFlag::numDistinctApprox",1024,0.01,148098
STDDEV,double,"AnalysisFlag::numDistinctApprox",1024,0.01,146305
STDDEV,double,"AnalysisFlag::numDistinctApprox",1024,0.01,147031
STDDEV,double,"AnalysisFlag::numDistinctApprox",2048,0.01,282911
STDDEV,double,"AnalysisFlag::numDistinctApprox",2048,0.01,283432
STDDEV,double,"AnalysisFlag::numDistinctApprox",2048,0.01,278944
STDDEV,double,"AnalysisFlag::numDistinctApprox",2048,0.01,278825
STDDEV,double,"AnalysisFlag::numDistinctApprox",2048,0.01,279948
STDDEV,double,"AnalysisFlag::numDistinctApprox",2048,0.01,281813
STDDEV,double,"AnalysisFlag::numDistinctApprox",2048,0.01,281694
STDDEV,double,"AnalysisFlag::numDistinctApprox",2048,0.01,282314
STDDEV,double,"AnalysisFlag::numDistinctApprox",2048,0.01,280274
STDDEV,double,"AnalysisFlag::numDistinctApprox",2048,0.01,282791
STDDEV,double,"AnalysisFlag::numDistinctApprox",4096,0.01,521335
STDDEV,double,"AnalysisFlag::numDistinctApprox",4096,0.01,532562
STDDEV,double,"AnalysisFlag::numDistinctApprox",4096,0.01,514545
STDDEV,double,"AnalysisFlag::numDistinctApprox",4096,0.01,518629
STDDEV,double,"AnalysisFlag::numDistinctApprox",4096,0.01,524002
STDDEV,double,"AnalysisFlag::numDistinctApprox",4096,0.01,530374
STDDEV,double,"AnalysisFlag::numDistinctApprox",4096,0.01,527884
STDDEV,double,"AnalysisFlag::numDistinctApprox",4096,0.01,527329
STDDEV,double,"AnalysisFlag::numDistinctApprox",4096,0.01,518873
STDDEV,double,"AnalysisFlag::numDistinctApprox",4096,0.01,519825
STDDEV,int64_t,"AnalysisFlag::numDistinctApprox",1024,0.01,100567
STDDEV,int64_t,"AnalysisFlag::numDistinctApprox",1024,0.01,101980
STDDEV,int64_t,"AnalysisFlag::numDistinctApprox",1024,0.01,99622
STDDEV,int64_t,"AnalysisFlag::numDistinctApprox",1024,0.01,100129
STDDEV,int64_t,"AnalysisFlag::numDistinctApprox",1024,0.01,100393
STDDEV,int64_t,"AnalysisFlag::numDistinctApprox",1024,0.01,98689
STDDEV,int64_t,"AnalysisFlag::numDistinctApprox",1024,0.01,96657
STDDEV,int64_t,"AnalysisFlag::numDistinctApprox",1024,0.01,99748
STDDEV,int64_t,"AnalysisFlag::numDistinctApprox",1024,0.01,99476
STDDEV,int64_t,"AnalysisFlag::numDistinctApprox",1024,0.01,98105
STDDEV,int64_t,"AnalysisFlag::numDistinctApprox",2048,0.01,201944
STDDEV,int64_t,"AnalysisFlag::numDistinctApprox",2048,0.01,207668
STDDEV,int64_t,"AnalysisFlag::numDistinctApprox",2048,0.01,207746
STDDEV,int64_t,"AnalysisFlag::numDistinctApprox",2048,0.01,208261
STDDEV,int64_t,"AnalysisFlag::numDistinctApprox",2048,0.01,208886
STDDEV,int64_t,"AnalysisFlag::numDistinctApprox",2048,0.01,208042
STDDEV,int64_t,"AnalysisFlag::numDistinctApprox",2048,0.01,213546
STDDEV,int64_t,"AnalysisFlag::numDistinctApprox",2048,0.01,206143
STDDEV,int64_t,"AnalysisFlag::numDistinctApprox",2048,0.01,208474
STDDEV,int64_t,"AnalysisFlag::numDistinctApprox",2048,0.01,201929
STDDEV,int64_t,"AnalysisFlag::numDistinctApprox",4096,0.01,469801
STDDEV,int64_t,"AnalysisFlag::numDistinctApprox",4096,0.01,448886
STDDEV,int64_t,"AnalysisFlag::numDistinctApprox",4096,0.01,463700
STDDEV,int64_t,"AnalysisFlag::numDistinctApprox",4096,0.01,457100
STDDEV,int64_t,"AnalysisFlag::numDistinctApprox",4096,0.01,459935
STDDEV,int64_t,"AnalysisFlag::numDistinctApprox",4096,0.01,457628
STDDEV,int64_t,"AnalysisFlag::numDistinctApprox",4096,0.01,460342
STDDEV,int64_t,"AnalysisFlag::numDistinctApprox",4096,0.01,457232
STDDEV,int64_t,"AnalysisFlag::numDistinctApprox",4096,0.01,452911
STDDEV,int64_t,"AnalysisFlag::numDistinctApprox",4096,0.01,465386
STDDEV,double,"AnalysisFlag::numDistinctApprox",1024,0.05,184705
STDDEV,double,"AnalysisFlag::numDistinctApprox",1024,0.05,184523
STDDEV,double,"AnalysisFlag::numDistinctApprox",1024,0.05,185050
STDDEV,double,"AnalysisFlag::numDistinctApprox",1024,0.05,186781
STDDEV,double,"AnalysisFlag::numDistinctApprox",1024,0.05,185542
STDDEV,double,"AnalysisFlag::numDistinctApprox",1024,0.05,185293
STDDEV,double,"AnalysisFlag::numDistinctApprox",1024,0.05,186457
STDDEV,double,"AnalysisFlag::numDistinctApprox",1024,0.05,183652
STDDEV,double,"AnalysisFlag::numDistinctApprox",1024,0.05,185539
STDDEV,double,"AnalysisFlag::numDistinctApprox",1024,0.05,184601
STDDEV,double,"AnalysisFlag::numDistinctApprox",2048,0.05,423498
STDDEV,double,"AnalysisFlag::numDistinctApprox",2048,0.05,412011
STDDEV,double,"AnalysisFlag::numDistinctApprox",2048,0.05,412725
STDDEV,double,"AnalysisFlag::numDistinctApprox",2048,0.05,419712
STDDEV,double,"AnalysisFlag::numDistinctApprox",2048,0.05,412393
STDDEV,double,"AnalysisFlag::numDistinctApprox",2048,0.05,410646
STDDEV,double,"AnalysisFlag::numDistinctApprox",2048,0.05,417032
STDDEV,double,"AnalysisFlag::numDistinctApprox",2048,0.05,418325
STDDEV,double,"AnalysisFlag::numDistinctApprox",2048,0.05,414785
STDDEV,double,"AnalysisFlag::numDistinctApprox",2048,0.05,408389
STDDEV,double,"AnalysisFlag::numDistinctApprox",4096,0.05,1.17873e+06
STDDEV,double,"AnalysisFlag::numDistinctApprox",4096,0.05,1.08072e+06
STDDEV,double,"AnalysisFlag::numDistinctApprox",4096,0.05,1.06022e+06
STDDEV,double,"AnalysisFlag::numDistinctApprox",4096,0.05,1.06083e+06
STDDEV,double,"AnalysisFlag::numDistinctApprox",4096,0.05,1.06203e+06
STDDEV,double,"AnalysisFlag::numDistinctApprox",4096,0.05,1.06755e+06
STDDEV,double,"AnalysisFlag::numDistinctApprox",4096,0.05,1.069e+06
STDDEV,double,"AnalysisFlag::numDistinctApprox",4096,0.05,1.06236e+06
STDDEV,double,"AnalysisFlag::numDistinctApprox",4096,0.05,1.07459e+06
STDDEV,double,"AnalysisFlag::numDistinctApprox",4096,0.05,1.06697e+06
STDDEV,int64_t,"AnalysisFlag::numDistinctApprox",1024,0.05,138190
STDDEV,int64_t,"AnalysisFlag::numDistinctApprox",1024,0.05,133461
STDDEV,int64_t,"AnalysisFlag::numDistinctApprox",1024,0.05,132606
STDDEV,int64_t,"AnalysisFlag::numDistinctApprox",1024,0.05,133117
STDDEV,int64_t,"AnalysisFlag::numDistinctApprox",1024,0.05,134760
STDDEV,int64_t,"AnalysisFlag::numDistinctApprox",1024,0.05,133007
STDDEV,int64_t,"AnalysisFlag::numDistinctApprox",1024,0.05,131211
STDDEV,int64_t,"AnalysisFlag::numDistinctApprox",1024,0.05,136368
STDDEV,int64_t,"AnalysisFlag::numDistinctApprox",1024,0.05,129646
STDDEV,int64_t,"AnalysisFlag::numDistinctApprox",1024,0.05,132406
STDDEV,int64_t,"AnalysisFlag::numDistinctApprox",2048,0.05,322410
STDDEV,int64_t,"AnalysisFlag::numDistinctApprox",2048,0.05,323749
STDDEV,int64_t,"AnalysisFlag::numDistinctApprox",2048,0.05,324443
STDDEV,int64_t,"AnalysisFlag::numDistinctApprox",2048,0.05,314183
STDDEV,int64_t,"AnalysisFlag::numDistinctApprox",2048,0.05,332964
STDDEV,int64_t,"AnalysisFlag::numDistinctApprox",2048,0.05,317894
STDDEV,int64_t,"AnalysisFlag::numDistinctApprox",2048,0.05,320774
STDDEV,int64_t,"AnalysisFlag::numDistinctApprox",2048,0.05,322388
STDDEV,int64_t,"AnalysisFlag::numDistinctApprox",2048,0.05,316285
STDDEV,int64_t,"AnalysisFlag::numDistinctApprox",2048,0.05,320738
STDDEV,int64_t,"AnalysisFlag::numDistinctApprox",4096,0.05,876253
STDDEV,int64_t,"AnalysisFlag::numDistinctApprox",4096,0.05,868052
STDDEV,int64_t,"AnalysisFlag::numDistinctApprox",4096,0.05,890457
STDDEV,int64_t,"AnalysisFlag::numDistinctApprox",4096,0.05,870406
STDDEV,int64_t,"AnalysisFlag::numDistinctApprox",4096,0.05,874089
STDDEV,int64_t,"AnalysisFlag::numDistinctApprox",4096,0.05,865805
STDDEV,int64_t,"AnalysisFlag::numDistinctApprox",4096,0.05,871044
STDDEV,int64_t,"AnalysisFlag::numDistinctApprox",4096,0.05,871984
STDDEV,int64_t,"AnalysisFlag::numDistinctApprox",4096,0.05,865517
STDDEV,int64_t,"AnalysisFlag::numDistinctApprox",4096,0.05,866609
STDDEV,double,"AnalysisFlag::numDistinctApprox",1024,0.1,223114
STDDEV,double,"AnalysisFlag::numDistinctApprox",1024,0.1,228909
STDDEV,double,"AnalysisFlag::numDistinctApprox",1024,0.1,226400
STDDEV,double,"AnalysisFlag::numDistinctApprox",1024,0.1,227143
STDDEV,double,"AnalysisFlag::numDistinctApprox",1024,0.1,223450
STDDEV,double,"AnalysisFlag::numDistinctApprox",1024,0.1,223901
STDDEV,double,"AnalysisFlag::numDistinctApprox",1024,0.1,221170
STDDEV,double,"AnalysisFlag::numDistinctApprox",1024,0.1,222390
STDDEV,double,"AnalysisFlag::numDistinctApprox",1024,0.1,224226
STDDEV,double,"AnalysisFlag::numDistinctApprox",1024,0.1,226899
STDDEV,double,"AnalysisFlag::numDistinctApprox",2048,0.1,583782
STDDEV,double,"AnalysisFlag::numDistinctApprox",2048,0.1,584568
STDDEV,double,"AnalysisFlag::numDistinctApprox",2048,0.1,578755
STDDEV,double,"AnalysisFlag::numDistinctApprox",2048,0.1,589327
STDDEV,double,"AnalysisFlag::numDistinctApprox",2048,0.1,584103
STDDEV,double,"AnalysisFlag::numDistinctApprox",2048,0.1,585195
STDDEV,double,"AnalysisFlag::numDistinctApprox",2048,0.1,582228
STDDEV,double,"AnalysisFlag::numDistinctApprox",2048,0.1,586594
STDDEV,double,"AnalysisFlag::numDistinctApprox",2048,0.1,582483
STDDEV,double,"AnalysisFlag::numDistinctApprox",2048,0.1,581245
STDDEV,double,"AnalysisFlag::numDistinctApprox",4096,0.1,2.02977e+06
STDDEV,double,"AnalysisFlag::numDistinctApprox",4096,0.1,2.07037e+06
STDDEV,double,"AnalysisFlag::numDistinctApprox",4096,0.1,2.01211e+06
STDDEV,double,"AnalysisFlag::numDistinctApprox",4096,0.1,2.0261e+06
STDDEV,double,"AnalysisFlag::numDistinctApprox",4096,0.1,2.02021e+06
STDDEV,double,"AnalysisFlag::numDistinctApprox",4096,0.1,2.0056e+06
STDDEV,double,"AnalysisFlag::numDistinctApprox",4096,0.1,2.02008e+06
STDDEV,double,"AnalysisFlag::numDistinctApprox",4096,0.1,1.9985e+06
STDDEV,double,"AnalysisFlag::numDistinctApprox",4096,0.1,2.00622e+06
STDDEV,double,"AnalysisFlag::numDistinctApprox",4096,0.1,1.97828e+06
STDDEV,int64_t,"AnalysisFlag::numDistinctApprox",1024,0.1,166292
STDDEV,int64_t,"AnalysisFlag::numDistinctApprox",1024,0.1,160184
STDDEV,int64_t,"AnalysisFlag::numDistinctApprox",1024,0.1,163035
STDDEV,int64_t,"AnalysisFlag::numDistinctApprox",1024,0.1,163686
STDDEV,int64_t,"AnalysisFlag::numDistinctApprox",1024,0.1,161854
STDDEV,int64_t,"AnalysisFlag::numDistinctApprox",1024,0.1,158953
STDDEV,int64_t,"AnalysisFlag::numDistinctApprox",1024,0.1,162361
STDDEV,int64_t,"AnalysisFlag::numDistinctApprox",1024,0.1,163113
STDDEV,int64_t,"AnalysisFlag::numDistinctApprox",1024,0.1,160746
STDDEV,int64_t,"AnalysisFlag::numDistinctApprox",1024,0.1,159108
STDDEV,int64_t,"AnalysisFlag::numDistinctApprox",2048,0.1,441170
STDDEV,int64_t,"AnalysisFlag::numDistinctApprox",2048,0.1,436506
STDDEV,int64_t,"AnalysisFlag::numDistinctApprox",2048,0.1,440568
STDDEV,int64_t,"AnalysisFlag::numDistinctApprox",2048,0.1,426633
STDDEV,int64_t,"AnalysisFlag::numDistinctApprox",2048,0.1,436752
STDDEV,int64_t,"AnalysisFlag::numDistinctApprox",2048,0.1,430558
STDDEV,int64_t,"AnalysisFlag::numDistinctApprox",2048,0.1,441393
STDDEV,int64_t,"AnalysisFlag::numDistinctApprox",2048,0.1,443657
STDDEV,int64_t,"AnalysisFlag::numDistinctApprox",2048,0.1,436261
STDDEV,int64_t,"AnalysisFlag::numDistinctApprox",2048,0.1,437969
STDDEV,int64_t,"AnalysisFlag::numDistinctApprox",4096,0.1,1.59356e+06
STDDEV,int64_t,"AnalysisFlag::numDistinctApprox",4096,0.1,1.62077e+06
STDDEV,int64_t,"AnalysisFlag::numDistinctApprox",4096,0.1,1.71478e+06
STDDEV,int64_t,"AnalysisFlag::numDistinctApprox",4096,0.1,1.5961e+06
STDDEV,int64_t,"AnalysisFlag::numDistinctApprox",4096,0.1,1.60364e+06
STDDEV,int64_t,"AnalysisFlag::numDistinctApprox",4096,0.1,1.57753e+06
STDDEV,int64_t,"AnalysisFlag::numDistinctApprox",4096,0.1,1.5665e+06
STDDEV,int64_t,"AnalysisFlag::numDistinctApprox",4096,0.1,1.6929e+06
STDDEV,int64_t,"AnalysisFlag::numDistinctApprox",4096,0.1,1.67492e+06
STDDEV,int64_t,"AnalysisFlag::numDistinctApprox",4096,0.1,1.63089e+06
STDDEV,double,"AnalysisFlag::numDistinctApprox",1024,0.2,337519
STDDEV,double,"AnalysisFlag::numDistinctApprox",1024,0.2,315841
STDDEV,double,"AnalysisFlag::numDistinctApprox",1024,0.2,313041
STDDEV,double,"AnalysisFlag::numDistinctApprox",1024,0.2,308649
STDDEV,double,"AnalysisFlag::numDistinctApprox",1024,0.2,308860
STDDEV,double,"AnalysisFlag::numDistinctApprox",1024,0.2,313086
STDDEV,double,"AnalysisFlag::numDistinctApprox",1024,0.2,311234
STDDEV,double,"AnalysisFlag::numDistinctApprox",1024,0.2,310570
STDDEV,double,"AnalysisFlag::numDistinctApprox",1024,0.2,310478
STDDEV,double,"AnalysisFlag::numDistinctApprox",1024,0.2,309201
STDDEV,double,"AnalysisFlag::numDistinctApprox",2048,0.2,1.0222e+06
STDDEV,double,"AnalysisFlag::numDistinctApprox",2048,0.2,945832
STDDEV,double,"AnalysisFlag::numDistinctApprox",2048,0.2,941194
STDDEV,double,"AnalysisFlag::numDistinctApprox",2048,0.2,932886
STDDEV,double,"AnalysisFlag::numDistinctApprox",2048,0.2,945161
STDDEV,double,"AnalysisFlag::numDistinctApprox",2048,0.2,939207
STDDEV,double,"AnalysisFlag::numDistinctApprox",2048,0.2,937165
STDDEV,double,"AnalysisFlag::numDistinctApprox",2048,0.2,954512
STDDEV,double,"AnalysisFlag::numDistinctApprox",2048,0.2,941069
STDDEV,double,"AnalysisFlag::numDistinctApprox",2048,0.2,936832
STDDEV,double,"AnalysisFlag::numDistinctApprox",4096,0.2,3.86536e+06
STDDEV,double,"AnalysisFlag::numDistinctApprox",4096,0.2,3.94518e+06
STDDEV,double,"AnalysisFlag::numDistinctApprox",4096,0.2,3.86571e+06
STDDEV,double,"AnalysisFlag::numDistinctApprox",4096,0.2,3.92582e+06
STDDEV,double,"AnalysisFlag::numDistinctApprox",4096,0.2,3.88874e+06
STDDEV,double,"AnalysisFlag::numDistinctApprox",4096,0.2,3.93237e+06
STDDEV,double,"AnalysisFlag::numDistinctApprox",4096,0.2,3.90858e+06
STDDEV,double,"AnalysisFlag::numDistinctApprox",4096,0.2,3.91877e+06
STDDEV,double,"AnalysisFlag::numDistinctApprox",4096,0.2,3.87401e+06
STDDEV,double,"AnalysisFlag::numDistinctApprox",4096,0.2,3.89515e+06
STDDEV,int64_t,"AnalysisFlag::numDistinctApprox",1024,0.2,232693
STDDEV,int64_t,"AnalysisFlag::numDistinctApprox",1024,0.2,224399
STDDEV,int64_t,"AnalysisFlag::numDistinctApprox",1024,0.2,222683
STDDEV,int64_t,"AnalysisFlag::numDistinctApprox",1024,0.2,220136
STDDEV,int64_t,"AnalysisFlag::numDistinctApprox",1024,0.2,218491
STDDEV,int64_t,"AnalysisFlag::numDistinctApprox",1024,0.2,218761
STDDEV,int64_t,"AnalysisFlag::numDistinctApprox",1024,0.2,220269
STDDEV,int64_t,"AnalysisFlag::numDistinctApprox",1024,0.2,223083
STDDEV,int64_t,"AnalysisFlag::numDistinctApprox",1024,0.2,218546
STDDEV,int64_t,"AnalysisFlag::numDistinctApprox",1024,0.2,220668
STDDEV,int64_t,"AnalysisFlag::numDistinctApprox",2048,0.2,823681
STDDEV,int64_t,"AnalysisFlag::numDistinctApprox",2048,0.2,716953
STDDEV,int64_t,"AnalysisFlag::numDistinctApprox",2048,0.2,703824
STDDEV,int64_t,"AnalysisFlag::numDistinctApprox",2048,0.2,688210
STDDEV,int64_t,"AnalysisFlag::numDistinctApprox",2048,0.2,689846
STDDEV,int64_t,"AnalysisFlag::numDistinctApprox",2048,0.2,685341
STDDEV,int64_t,"AnalysisFlag::numDistinctApprox",2048,0.2,697256
STDDEV,int64_t,"AnalysisFlag::numDistinctApprox",2048,0.2,697586
STDDEV,int64_t,"AnalysisFlag::numDistinctApprox",2048,0.2,693620
STDDEV,int64_t,"AnalysisFlag::numDistinctApprox",2048,0.2,692758
STDDEV,int64_t,"AnalysisFlag::numDistinctApprox",4096,0.2,3.09542e+06
STDDEV,int64_t,"AnalysisFlag::numDistinctApprox",4096,0.2,3.16733e+06
STDDEV,int64_t,"AnalysisFlag::numDistinctApprox",4096,0.2,3.09798e+06
STDDEV,int64_t,"AnalysisFlag::numDistinctApprox",4096,0.2,3.14161e+06
STDDEV,int64_t,"AnalysisFlag::numDistinctApprox",4096,0.2,3.10857e+06
STDDEV,int64_t,"AnalysisFlag::numDistinctApprox",4096,0.2,3.13719e+06
STDDEV,int64_t,"AnalysisFlag::numDistinctApprox",4096,0.2,3.1085e+06
STDDEV,int64_t,"AnalysisFlag::numDistinctApprox",4096,0.2,3.13715e+06
STDDEV,int64_t,"AnalysisFlag::numDistinctApprox",4096,0.2,3.09324e+06
STDDEV,int64_t,"AnalysisFlag::numDistinctApprox",4096,0.2,3.15075e+06
STDDEV,double,"AnalysisFlag::numDistinctApprox",1024,0.25,2.03488e+06
STDDEV,double,"AnalysisFlag::numDistinctApprox",1024,0.25,2.03034e+06
STDDEV,double,"AnalysisFlag::numDistinctApprox",1024,0.25,2.03161e+06
STDDEV,double,"AnalysisFlag::numDistinctApprox",1024,0.25,2.0311e+06
STDDEV,double,"AnalysisFlag::numDistinctApprox",1024,0.25,2.02921e+06
STDDEV,double,"AnalysisFlag::numDistinctApprox",1024,0.25,2.02854e+06
STDDEV,double,"AnalysisFlag::numDistinctApprox",1024,0.25,2.02863e+06
STDDEV,double,"AnalysisFlag::numDistinctApprox",1024,0.25,2.03077e+06
STDDEV,double,"AnalysisFlag::numDistinctApprox",1024,0.25,2.02943e+06
STDDEV,double,"AnalysisFlag::numDistinctApprox",1024,0.25,2.02877e+06
STDDEV,double,"AnalysisFlag::numDistinctApprox",2048,0.25,8.26349e+06
STDDEV,double,"AnalysisFlag::numDistinctApprox",2048,0.25,8.25647e+06
STDDEV,double,"AnalysisFlag::numDistinctApprox",2048,0.25,8.24226e+06
STDDEV,double,"AnalysisFlag::numDistinctApprox",2048,0.25,8.24245e+06
STDDEV,double,"AnalysisFlag::numDistinctApprox",2048,0.25,8.24818e+06
STDDEV,double,"AnalysisFlag::numDistinctApprox",2048,0.25,8.24075e+06
STDDEV,double,"AnalysisFlag::numDistinctApprox",2048,0.25,8.2419e+06
STDDEV,double,"AnalysisFlag::numDistinctApprox",2048,0.25,8.23472e+06
STDDEV,double,"AnalysisFlag::numDistinctApprox",2048,0.25,8.24319e+06
STDDEV,double,"AnalysisFlag::numDistinctApprox",2048,0.25,8.23097e+06
STDDEV,double,"AnalysisFlag::numDistinctApprox",4096,0.25,3.2774e+07
STDDEV,double,"AnalysisFlag::numDistinctApprox",4096,0.25,3.2787e+07
STDDEV,double,"AnalysisFlag::numDistinctApprox",4096,0.25,3.27672e+07
STDDEV,double,"AnalysisFlag::numDistinctApprox",4096,0.25,3.27799e+07
STDDEV,double,"AnalysisFlag::numDistinctApprox",4096,0.25,3.27863e+07
STDDEV,double,"AnalysisFlag::numDistinctApprox",4096,0.25,3.27752e+07
STDDEV,double,"AnalysisFlag::numDistinctApprox",4096,0.25,3.28007e+07
STDDEV,double,"AnalysisFlag::numDistinctApprox",4096,0.25,3.27634e+07
STDDEV,double,"AnalysisFlag::numDistinctApprox",4096,0.25,3.27844e+07
STDDEV,double,"AnalysisFlag::numDistinctApprox",4096,0.25,3.27976e+07
STDDEV,int64_t,"AnalysisFlag::numDistinctApprox",1024,0.25,1.72885e+06
STDDEV,int64_t,"AnalysisFlag::numDistinctApprox",1024,0.25,1.71041e+06
STDDEV,int64_t,"AnalysisFlag::numDistinctApprox",1024,0.25,1.71558e+06
STDDEV,int64_t,"AnalysisFlag::numDistinctApprox",1024,0.25,1.71652e+06
STDDEV,int64_t,"AnalysisFlag::numDistinctApprox",1024,0.25,1.717e+06
STDDEV,int64_t,"AnalysisFlag::numDistinctApprox",1024,0.25,1.71779e+06
STDDEV,int64_t,"AnalysisFlag::numDistinctApprox",1024,0.25,1.71643e+06
STDDEV,int64_t,"AnalysisFlag::numDistinctApprox",1024,0.25,1.71394e+06
STDDEV,int64_t,"AnalysisFlag::numDistinctApprox",1024,0.25,1.7184e+06
STDDEV,int64_t,"AnalysisFlag::numDistinctApprox",1024,0.25,1.71702e+06
STDDEV,int64_t,"AnalysisFlag::numDistinctApprox",2048,0.25,6.9693e+06
STDDEV,int64_t,"AnalysisFlag::numDistinctApprox",2048,0.25,6.88884e+06
STDDEV,int64_t,"AnalysisFlag::numDistinctApprox",2048,0.25,6.96603e+06
STDDEV,int64_t,"AnalysisFlag::numDistinctApprox",2048,0.25,6.92586e+06
STDDEV,int64_t,"AnalysisFlag::numDistinctApprox",2048,0.25,6.95368e+06
STDDEV,int64_t,"AnalysisFlag::numDistinctApprox",2048,0.25,6.8755e+06
STDDEV,int64_t,"AnalysisFlag::numDistinctApprox",2048,0.25,7.01947e+06
STDDEV,int64_t,"AnalysisFlag::numDistinctApprox",2048,0.25,6.9622e+06
STDDEV,int64_t,"AnalysisFlag::numDistinctApprox",2048,0.25,7.08183e+06
STDDEV,int64_t,"AnalysisFlag::numDistinctApprox",2048,0.25,6.88374e+06
STDDEV,int64_t,"AnalysisFlag::numDistinctApprox",4096,0.25,2.78183e+07
STDDEV,int64_t,"AnalysisFlag::numDistinctApprox",4096,0.25,2.73461e+07
STDDEV,int64_t,"AnalysisFlag::numDistinctApprox",4096,0.25,2.73453e+07
STDDEV,int64_t,"AnalysisFlag::numDistinctApprox",4096,0.25,2.71087e+07
STDDEV,int64_t,"AnalysisFlag::numDistinctApprox",4096,0.25,2.75001e+07
STDDEV,int64_t,"AnalysisFlag::numDistinctApprox",4096,0.25,2.73665e+07
STDDEV,int64_t,"AnalysisFlag::numDistinctApprox",4096,0.25,2.79793e+07
STDDEV,int64_t,"AnalysisFlag::numDistinctApprox",4096,0.25,2.7248e+07
STDDEV,int64_t,"AnalysisFlag::numDistinctApprox",4096,0.25,2.7133e+07
STDDEV,int64_t,"AnalysisFlag::numDistinctApprox",4096,0.25,2.73281e+07
STDDEV,double,"AnalysisFlag::numDistinctApprox",1024,1,2.18335e+06
STDDEV,double,"AnalysisFlag::numDistinctApprox",1024,1,2.03139e+06
STDDEV,double,"AnalysisFlag::numDistinctApprox",1024,1,2.03085e+06
STDDEV,double,"AnalysisFlag::numDistinctApprox",1024,1,2.03234e+06
STDDEV,double,"AnalysisFlag::numDistinctApprox",1024,1,2.03099e+06
STDDEV,double,"AnalysisFlag::numDistinctApprox",1024,1,2.03245e+06
STDDEV,double,"AnalysisFlag::numDistinctApprox",1024,1,2.03269e+06
STDDEV,double,"AnalysisFlag::numDistinctApprox",1024,1,2.02903e+06
STDDEV,double,"AnalysisFlag::numDistinctApprox",1024,1,2.03044e+06
STDDEV,double,"AnalysisFlag::numDistinctApprox",1024,1,2.03117e+06
STDDEV,double,"AnalysisFlag::numDistinctApprox",2048,1,8.32314e+06
STDDEV,double,"AnalysisFlag::numDistinctApprox",2048,1,8.24692e+06
STDDEV,double,"AnalysisFlag::numDistinctApprox",2048,1,8.2616e+06
STDDEV,double,"AnalysisFlag::numDistinctApprox",2048,1,8.25152e+06
STDDEV,double,"AnalysisFlag::numDistinctApprox",2048,1,8.2472e+06
STDDEV,double,"AnalysisFlag::numDistinctApprox",2048,1,8.24424e+06
STDDEV,double,"AnalysisFlag::numDistinctApprox",2048,1,8.25042e+06
STDDEV,double,"AnalysisFlag::numDistinctApprox",2048,1,8.24977e+06
STDDEV,double,"AnalysisFlag::numDistinctApprox",2048,1,8.2521e+06
STDDEV,double,"AnalysisFlag::numDistinctApprox",2048,1,8.23442e+06
STDDEV,double,"AnalysisFlag::numDistinctApprox",4096,1,3.27914e+07
STDDEV,double,"AnalysisFlag::numDistinctApprox",4096,1,3.27655e+07
STDDEV,double,"AnalysisFlag::numDistinctApprox",4096,1,3.27635e+07
STDDEV,double,"AnalysisFlag::numDistinctApprox",4096,1,3.27477e+07
STDDEV,double,"AnalysisFlag::numDistinctApprox",4096,1,3.27513e+07
STDDEV,double,"AnalysisFlag::numDistinctApprox",4096,1,3.27179e+07
STDDEV,double,"AnalysisFlag::numDistinctApprox",4096,1,3.27129e+07
STDDEV,double,"AnalysisFlag::numDistinctApprox",4096,1,3.27273e+07
STDDEV,double,"AnalysisFlag::numDistinctApprox",4096,1,3.27021e+07
STDDEV,double,"AnalysisFlag::numDistinctApprox",4096,1,3.27477e+07
STDDEV,int64_t,"AnalysisFlag::numDistinctApprox",1024,1,1.9066e+06
STDDEV,int64_t,"AnalysisFlag::numDistinctApprox",1024,1,1.8482e+06
STDDEV,int64_t,"AnalysisFlag::numDistinctApprox",1024,1,1.72079e+06
STDDEV,int64_t,"AnalysisFlag::numDistinctApprox",1024,1,1.71627e+06
STDDEV,int64_t,"AnalysisFlag::numDistinctApprox",1024,1,1.73107e+06
STDDEV,int64_t,"AnalysisFlag::numDistinctApprox",1024,1,1.71494e+06
STDDEV,int64_t,"AnalysisFlag::numDistinctApprox",1024,1,1.82517e+06
STDDEV,int64_t,"AnalysisFlag::numDistinctApprox",1024,1,1.73214e+06
STDDEV,int64_t,"AnalysisFlag::numDistinctApprox",1024,1,1.71204e+06
STDDEV,int64_t,"AnalysisFlag::numDistinctApprox",1024,1,1.71732e+06
STDDEV,int64_t,"AnalysisFlag::numDistinctApprox",2048,1,7.01519e+06
STDDEV,int64_t,"AnalysisFlag::numDistinctApprox",2048,1,6.95722e+06
STDDEV,int64_t,"AnalysisFlag::numDistinctApprox",2048,1,6.84456e+06
STDDEV,int64_t,"AnalysisFlag::numDistinctApprox",2048,1,6.91934e+06
STDDEV,int64_t,"AnalysisFlag::numDistinctApprox",2048,1,6.93971e+06
STDDEV,int64_t,"AnalysisFlag::numDistinctApprox",2048,1,6.8529e+06
STDDEV,int64_t,"AnalysisFlag::numDistinctApprox",2048,1,6.96673e+06
STDDEV,int64_t,"AnalysisFlag::numDistinctApprox",2048,1,6.86119e+06
STDDEV,int64_t,"AnalysisFlag::numDistinctApprox",2048,1,6.95233e+06
STDDEV,int64_t,"AnalysisFlag::numDistinctApprox",2048,1,6.87339e+06
STDDEV,int64_t,"AnalysisFlag::numDistinctApprox",4096,1,2.72827e+07
STDDEV,int64_t,"AnalysisFlag::numDistinctApprox",4096,1,2.73494e+07
STDDEV,int64_t,"AnalysisFlag::numDistinctApprox",4096,1,2.75712e+07
STDDEV,int64_t,"AnalysisFlag::numDistinctApprox",4096,1,2.72236e+07
STDDEV,int64_t,"AnalysisFlag::numDistinctApprox",4096,1,2.72311e+07
STDDEV,int64_t,"AnalysisFlag::numDistinctApprox",4096,1,2.72027e+07
STDDEV,int64_t,"AnalysisFlag::numDistinctApprox",4096,1,2.7265e+07
STDDEV,int64_t,"AnalysisFlag::numDistinctApprox",4096,1,2.73278e+07
STDDEV,int64_t,"AnalysisFlag::numDistinctApprox",4096,1,2.72239e+07
STDDEV,int64_t,"AnalysisFlag::numDistinctApprox",4096,1,2.71547e+07
VAR,double,"AnalysisFlag::numDistinctApprox",1024,0.001,98225
VAR,double,"AnalysisFlag::numDistinctApprox",1024,0.001,97129
VAR,double,"AnalysisFlag::numDistinctApprox",1024,0.001,99038
VAR,double,"AnalysisFlag::numDistinctApprox",1024,0.001,103917
VAR,double,"AnalysisFlag::numDistinctApprox",1024,0.001,103078
VAR,double,"AnalysisFlag::numDistinctApprox",1024,0.001,102759
VAR,double,"AnalysisFlag::numDistinctApprox",1024,0.001,98117
VAR,double,"AnalysisFlag::numDistinctApprox",1024,0.001,101917
VAR,double,"AnalysisFlag::numDistinctApprox",1024,0.001,101446
VAR,double,"AnalysisFlag::numDistinctApprox",1024,0.001,104477
VAR,double,"AnalysisFlag::numDistinctApprox",2048,0.001,234374
VAR,double,"AnalysisFlag::numDistinctApprox",2048,0.001,226909
VAR,double,"AnalysisFlag::numDistinctApprox",2048,0.001,236875
VAR,double,"AnalysisFlag::numDistinctApprox",2048,0.001,231434
VAR,double,"AnalysisFlag::numDistinctApprox",2048,0.001,235035
VAR,double,"AnalysisFlag::numDistinctApprox",2048,0.001,229557
VAR,double,"AnalysisFlag::numDistinctApprox",2048,0.001,232342
VAR,double,"AnalysisFlag::numDistinctApprox",2048,0.001,232812
VAR,double,"AnalysisFlag::numDistinctApprox",2048,0.001,232877
VAR,double,"AnalysisFlag::numDistinctApprox",2048,0.001,230514
VAR,double,"AnalysisFlag::numDistinctApprox",4096,0.001,390647
VAR,double,"AnalysisFlag::numDistinctApprox",4096,0.001,393502
VAR,double,"AnalysisFlag::numDistinctApprox",4096,0.001,380561
VAR,double,"AnalysisFlag::numDistinctApprox",4096,0.001,383284
VAR,double,"AnalysisFlag::numDistinctApprox",4096,0.001,372452
VAR,double,"AnalysisFlag::numDistinctApprox",4096,0.001,382832
VAR,double,"AnalysisFlag::numDistinctApprox",4096,0.001,383034
VAR,double,"AnalysisFlag::numDistinctApprox",4096,0.001,374105
VAR,double,"AnalysisFlag::numDistinctApprox",4096,0.001,375774
VAR,double,"AnalysisFlag::numDistinctApprox",4096,0.001,379374
VAR,int64_t,"AnalysisFlag::numDistinctApprox",1024,0.001,69378
VAR,int64_t,"AnalysisFlag::numDistinctApprox",1024,0.001,65824
VAR,int64_t,"AnalysisFlag::numDistinctApprox",1024,0.001,67251
VAR,int64_t,"AnalysisFlag::numDistinctApprox",1024,0.001,65532
VAR,int64_t,"AnalysisFlag::numDistinctApprox",1024,0.001,66043
VAR,int64_t,"AnalysisFlag::numDistinctApprox",1024,0.001,66752
VAR,int64_t,"AnalysisFlag::numDistinctApprox",1024,0.001,64063
VAR,int64_t,"AnalysisFlag::numDistinctApprox",1024,0.001,66347
VAR,int64_t,"AnalysisFlag::numDistinctApprox",1024,0.001,64323
VAR,int64_t,"AnalysisFlag::numDistinctApprox",1024,0.001,68365
VAR,int64_t,"AnalysisFlag::numDistinctApprox",2048,0.001,157424
VAR,int64_t,"AnalysisFlag::numDistinctApprox",2048,0.001,163998
VAR,int64_t,"AnalysisFlag::numDistinctApprox",2048,0.001,159742
VAR,int64_t,"AnalysisFlag::numDistinctApprox",2048,0.001,158890
VAR,int64_t,"AnalysisFlag::numDistinctApprox",2048,0.001,160886
VAR,int64_t,"AnalysisFlag::numDistinctApprox",2048,0.001,159973
VAR,int64_t,"AnalysisFlag::numDistinctApprox",2048,0.001,158792
VAR,int64_t,"AnalysisFlag::numDistinctApprox",2048,0.001,155542
VAR,int64_t,"AnalysisFlag::numDistinctApprox",2048,0.001,163257
VAR,int64_t,"AnalysisFlag::numDistinctApprox",2048,0.001,160278
VAR,int64_t,"AnalysisFlag::numDistinctApprox",4096,0.001,367031
VAR,int64_t,"AnalysisFlag::numDistinctApprox",4096,0.001,370197
VAR,int64_t,"AnalysisFlag::numDistinctApprox",4096,0.001,363680
VAR,int64_t,"AnalysisFlag::numDistinctApprox",4096,0.001,358672
VAR,int64_t,"AnalysisFlag::numDistinctApprox",4096,0.001,375772
VAR,int64_t,"AnalysisFlag::numDistinctApprox",4096,0.001,367607
VAR,int64_t,"AnalysisFlag::numDistinctApprox",4096,0.001,359298
VAR,int64_t,"AnalysisFlag::numDistinctApprox",4096,0.001,365431
VAR,int64_t,"AnalysisFlag::numDistinctApprox",4096,0.001,370950
VAR,int64_t,"AnalysisFlag::numDistinctApprox",4096,0.001,362220
VAR,double,"AnalysisFlag::numDistinctApprox",1024,0.01,144922
VAR,double,"AnalysisFlag::numDistinctApprox",1024,0.01,142250
VAR,double,"AnalysisFlag::numDistinctApprox",1024,0.01,141653
VAR,double,"AnalysisFlag::numDistinctApprox",1024,0.01,140826
VAR,double,"AnalysisFlag::numDistinctApprox",1024,0.01,140151
VAR,double,"AnalysisFlag::numDistinctApprox",1024,0.01,142591
VAR,double,"AnalysisFlag::numDistinctApprox",1024,0.01,141186
VAR,double,"AnalysisFlag::numDistinctApprox",1024,0.01,142955
VAR,double,"AnalysisFlag::numDistinctApprox",1024,0.01,146290
VAR,double,"AnalysisFlag::numDistinctApprox",1024,0.01,142773
VAR,double,"AnalysisFlag::numDistinctApprox",2048,0.01,272825
VAR,double,"AnalysisFlag::numDistinctApprox",2048,0.01,273936
VAR,double,"AnalysisFlag::numDistinctApprox",2048,0.01,275411
VAR,double,"AnalysisFlag::numDistinctApprox",2048,0.01,270215
VAR,double,"AnalysisFlag::numDistinctApprox",2048,0.01,271761
VAR,double,"AnalysisFlag::numDistinctApprox",2048,0.01,272471
VAR,double,"AnalysisFlag::numDistinctApprox",2048,0.01,275928
VAR,double,"AnalysisFlag::numDistinctApprox",2048,0.01,269992
VAR,double,"AnalysisFlag::numDistinctApprox",2048,0.01,274227
VAR,double,"AnalysisFlag::numDistinctApprox",2048,0.01,273876
VAR,double,"AnalysisFlag::numDistinctApprox",4096,0.01,511159
VAR,double,"AnalysisFlag::numDistinctApprox",4096,0.01,507289
VAR,double,"AnalysisFlag::numDistinctApprox",4096,0.01,506342
VAR,double,"AnalysisFlag::numDistinctApprox",4096,0.01,512148
VAR,double,"AnalysisFlag::numDistinctApprox",4096,0.01,521680
VAR,double,"AnalysisFlag::numDistinctApprox",4096,0.01,506698
VAR,double,"AnalysisFlag::numDistinctApprox",4096,0.01,509036
VAR,double,"AnalysisFlag::numDistinctApprox",4096,0.01,512858
VAR,double,"AnalysisFlag::numDistinctApprox",4096,0.01,508303
VAR,double,"AnalysisFlag::numDistinctApprox",4096,0.01,508669
VAR,int64_t,"AnalysisFlag::numDistinctApprox",1024,0.01,121360
VAR,int64_t,"AnalysisFlag::numDistinctApprox",1024,0.01,114355
VAR,int64_t,"AnalysisFlag::numDistinctApprox",1024,0.01,115220
VAR,int64_t,"AnalysisFlag::numDistinctApprox",1024,0.01,113162
VAR,int64_t,"AnalysisFlag::numDistinctApprox",1024,0.01,114947
VAR,int64_t,"AnalysisFlag::numDistinctApprox",1024,0.01,113572
VAR,int64_t,"AnalysisFlag::numDistinctApprox",1024,0.01,117030
VAR,int64_t,"AnalysisFlag::numDistinctApprox",1024,0.01,113712
VAR,int64_t,"AnalysisFlag::numDistinctApprox",1024,0.01,112411
VAR,int64_t,"AnalysisFlag::numDistinctApprox",1024,0.01,113638
VAR,int64_t,"AnalysisFlag::numDistinctApprox",2048,0.01,248640
VAR,int64_t,"AnalysisFlag::numDistinctApprox",2048,0.01,251140
VAR,int64_t,"AnalysisFlag::numDistinctApprox",2048,0.01,246310
VAR,int64_t,"AnalysisFlag::numDistinctApprox",2048,0.01,243860
VAR,int64_t,"AnalysisFlag::numDistinctApprox",2048,0.01,247843
VAR,int64_t,"AnalysisFlag::numDistinctApprox",2048,0.01,248562
VAR,int64_t,"AnalysisFlag::numDistinctApprox",2048,0.01,251745
VAR,int64_t,"AnalysisFlag::numDistinctApprox",2048,0.01,250374
VAR,int64_t,"AnalysisFlag::numDistinctApprox",2048,0.01,244766
VAR,int64_t,"AnalysisFlag::numDistinctApprox",2048,0.01,244524
VAR,int64_t,"AnalysisFlag::numDistinctApprox",4096,0.01,518271
VAR,int64_t,"AnalysisFlag::numDistinctApprox",4096,0.01,532616
VAR,int64_t,"AnalysisFlag::numDistinctApprox",4096,0.01,523837
VAR,int64_t,"AnalysisFlag::numDistinctApprox",4096,0.01,525887
VAR,int64_t,"AnalysisFlag::numDistinctApprox",4096,0.01,523113
VAR,int64_t,"AnalysisFlag::numDistinctApprox",4096,0.01,524290
VAR,int64_t,"AnalysisFlag::numDistinctApprox",4096,0.01,520543
VAR,int64_t,"AnalysisFlag::numDistinctApprox",4096,0.01,528614
VAR,int64_t,"AnalysisFlag::numDistinctApprox",4096,0.01,519171
VAR,int64_t,"AnalysisFlag::numDistinctApprox",4096,0.01,516264
VAR,double,"AnalysisFlag::numDistinctApprox",1024,0.05,180177
VAR,double,"AnalysisFlag::numDistinctApprox",1024,0.05,179908
VAR,double,"AnalysisFlag::numDistinctApprox",1024,0.05,180889
VAR,double,"AnalysisFlag::numDistinctApprox",1024,0.05,179521
VAR,double,"AnalysisFlag::numDistinctApprox",1024,0.05,179247
VAR,double,"AnalysisFlag::numDistinctApprox",1024,0.05,181006
VAR,double,"AnalysisFlag::numDistinctApprox",1024,0.05,183816
VAR,double,"AnalysisFlag::numDistinctApprox",1024,0.05,180261
VAR,double,"AnalysisFlag::numDistinctApprox",1024,0.05,176527
VAR,double,"AnalysisFlag::numDistinctApprox",1024,0.05,181956
VAR,double,"AnalysisFlag::numDistinctApprox",2048,0.05,403747
VAR,double,"AnalysisFlag::numDistinctApprox",2048,0.05,399184
VAR,double,"AnalysisFlag::numDistinctApprox",2048,0.05,407748
VAR,double,"AnalysisFlag::numDistinctApprox",2048,0.05,402732
VAR,double,"AnalysisFlag::numDistinctApprox",2048,0.05,406627
VAR,double,"AnalysisFlag::numDistinctApprox",2048,0.05,405908
VAR,double,"AnalysisFlag::numDistinctApprox",2048,0.05,407193
VAR,double,"AnalysisFlag::numDistinctApprox",2048,0.05,403931
VAR,double,"AnalysisFlag::numDistinctApprox",2048,0.05,399655
VAR,double,"AnalysisFlag::numDistinctApprox",2048,0.05,399113
VAR,double,"AnalysisFlag::numDistinctApprox",4096,0.05,1.15298e+06
VAR,double,"AnalysisFlag::numDistinctApprox",4096,0.05,1.06982e+06
VAR,double,"AnalysisFlag::numDistinctApprox",4096,0.05,1.04976e+06
VAR,double,"AnalysisFlag::numDistinctApprox",4096,0.05,1.05644e+06
VAR,double,"AnalysisFlag::numDistinctApprox",4096,0.05,1.04656e+06
VAR,double,"AnalysisFlag::numDistinctApprox",4096,0.05,1.05517e+06
VAR,double,"AnalysisFlag::numDistinctApprox",4096,0.05,1.04873e+06
VAR,double,"AnalysisFlag::numDistinctApprox",4096,0.05,1.04512e+06
VAR,double,"AnalysisFlag::numDistinctApprox",4096,0.05,1.04038e+06
VAR,double,"AnalysisFlag::numDistinctApprox",4096,0.05,1.05159e+06
VAR,int64_t,"AnalysisFlag::numDistinctApprox",1024,0.05,155028
VAR,int64_t,"AnalysisFlag::numDistinctApprox",1024,0.05,149800
VAR,int64_t,"AnalysisFlag::numDistinctApprox",1024,0.05,151818
VAR,int64_t,"AnalysisFlag::numDistinctApprox",1024,0.05,145976
VAR,int64_t,"AnalysisFlag::numDistinctApprox",1024,0.05,151850
VAR,int64_t,"AnalysisFlag::numDistinctApprox",1024,0.05,149620
VAR,int64_t,"AnalysisFlag::numDistinctApprox",1024,0.05,151385
VAR,int64_t,"AnalysisFlag::numDistinctApprox",1024,0.05,150322
VAR,int64_t,"AnalysisFlag::numDistinctApprox",1024,0.05,149548
VAR,int64_t,"AnalysisFlag::numDistinctApprox",1024,0.05,150977
VAR,int64_t,"AnalysisFlag::numDistinctApprox",2048,0.05,357515
VAR,int64_t,"AnalysisFlag::numDistinctApprox",2048,0.05,352932
VAR,int64_t,"AnalysisFlag::numDistinctApprox",2048,0.05,354929
VAR,int64_t,"AnalysisFlag::numDistinctApprox",2048,0.05,352351
VAR,int64_t,"AnalysisFlag::numDistinctApprox",2048,0.05,355945
VAR,int64_t,"AnalysisFlag::numDistinctApprox",2048,0.05,357111
VAR,int64_t,"AnalysisFlag::numDistinctApprox",2048,0.05,358624
VAR,int64_t,"AnalysisFlag::numDistinctApprox",2048,0.05,356735
VAR,int64_t,"AnalysisFlag::numDistinctApprox",2048,0.05,354831
VAR,int64_t,"AnalysisFlag::numDistinctApprox",2048,0.05,359011
VAR,int64_t,"AnalysisFlag::numDistinctApprox",4096,0.05,919123
VAR,int64_t,"AnalysisFlag::numDistinctApprox",4096,0.05,909879
VAR,int64_t,"AnalysisFlag::numDistinctApprox",4096,0.05,907929
VAR,int64_t,"AnalysisFlag::numDistinctApprox",4096,0.05,902366
VAR,int64_t,"AnalysisFlag::numDistinctApprox",4096,0.05,917151
VAR,int64_t,"AnalysisFlag::numDistinctApprox",4096,0.05,904954
VAR,int64_t,"AnalysisFlag::numDistinctApprox",4096,0.05,898164
VAR,int64_t,"AnalysisFlag::numDistinctApprox",4096,0.05,915496
VAR,int64_t,"AnalysisFlag::numDistinctApprox",4096,0.05,905792
VAR,int64_t,"AnalysisFlag::numDistinctApprox",4096,0.05,901848
VAR,double,"AnalysisFlag::numDistinctApprox",1024,0.1,219453
VAR,double,"AnalysisFlag::numDistinctApprox",1024,0.1,218284
VAR,double,"AnalysisFlag::numDistinctApprox",1024,0.1,219265
VAR,double,"AnalysisFlag::numDistinctApprox",1024,0.1,222305
VAR,double,"AnalysisFlag::numDistinctApprox",1024,0.1,222993
VAR,double,"AnalysisFlag::numDistinctApprox",1024,0.1,219486
VAR,double,"AnalysisFlag::numDistinctApprox",1024,0.1,221921
VAR,double,"AnalysisFlag::numDistinctApprox",1024,0.1,220316
VAR,double,"AnalysisFlag::numDistinctApprox",1024,0.1,224999
VAR,double,"AnalysisFlag::numDistinctApprox",1024,0.1,220471
VAR,double,"AnalysisFlag::numDistinctApprox",2048,0.1,577273
VAR,double,"AnalysisFlag::numDistinctApprox",2048,0.1,570126
VAR,double,"AnalysisFlag::numDistinctApprox",2048,0.1,572824
VAR,double,"AnalysisFlag::numDistinctApprox",2048,0.1,570755
VAR,double,"AnalysisFlag::numDistinctApprox",2048,0.1,572751
VAR,double,"AnalysisFlag::numDistinctApprox",2048,0.1,572767
VAR,double,"AnalysisFlag::numDistinctApprox",2048,0.1,572518
VAR,double,"AnalysisFlag::numDistinctApprox",2048,0.1,573375
VAR,double,"AnalysisFlag::numDistinctApprox",2048,0.1,579942
VAR,double,"AnalysisFlag::numDistinctApprox",2048,0.1,577011
VAR,double,"AnalysisFlag::numDistinctApprox",4096,0.1,2.02682e+06
VAR,double,"AnalysisFlag::numDistinctApprox",4096,0.1,2.02927e+06
VAR,double,"AnalysisFlag::numDistinctApprox",4096,0.1,2.02134e+06
VAR,double,"AnalysisFlag::numDistinctApprox",4096,0.1,1.98298e+06
VAR,double,"AnalysisFlag::numDistinctApprox",4096,0.1,2.00517e+06
VAR,double,"AnalysisFlag::numDistinctApprox",4096,0.1,2.00765e+06
VAR,double,"AnalysisFlag::numDistinctApprox",4096,0.1,2.00852e+06
VAR,double,"AnalysisFlag::numDistinctApprox",4096,0.1,1.98927e+06
VAR,double,"AnalysisFlag::numDistinctApprox",4096,0.1,2.00058e+06
VAR,double,"AnalysisFlag::numDistinctApprox",4096,0.1,1.98382e+06
VAR,int64_t,"AnalysisFlag::numDistinctApprox",1024,0.1,187224
VAR,int64_t,"AnalysisFlag::numDistinctApprox",1024,0.1,185754
VAR,int64_t,"AnalysisFlag::numDistinctApprox",1024,0.1,180677
VAR,int64_t,"AnalysisFlag::numDistinctApprox",1024,0.1,179255
VAR,int64_t,"AnalysisFlag::numDistinctApprox",1024,0.1,180797
VAR,int64_t,"AnalysisFlag::numDistinctApprox",1024,0.1,182085
VAR,int64_t,"AnalysisFlag::numDistinctApprox",1024,0.1,181097
VAR,int64_t,"AnalysisFlag::numDistinctApprox",1024,0.1,185519
VAR,int64_t,"AnalysisFlag::numDistinctApprox",1024,0.1,179460
VAR,int64_t,"AnalysisFlag::numDistinctApprox",1024,0.1,181947
VAR,int64_t,"AnalysisFlag::numDistinctApprox",2048,0.1,492660
VAR,int64_t,"AnalysisFlag::numDistinctApprox",2048,0.1,476143
VAR,int64_t,"AnalysisFlag::numDistinctApprox",2048,0.1,475226
VAR,int64_t,"AnalysisFlag::numDistinctApprox",2048,0.1,472193
VAR,int64_t,"AnalysisFlag::numDistinctApprox",2048,0.1,480679
VAR,int64_t,"AnalysisFlag::numDistinctApprox",2048,0.1,474494
VAR,int64_t,"AnalysisFlag::numDistinctApprox",2048,0.1,473887
VAR,int64_t,"AnalysisFlag::numDistinctApprox",2048,0.1,472364
VAR,int64_t,"AnalysisFlag::numDistinctApprox",2048,0.1,478623
VAR,int64_t,"AnalysisFlag::numDistinctApprox",2048,0.1,474187
VAR,int64_t,"AnalysisFlag::numDistinctApprox",4096,0.1,1.64294e+06
VAR,int64_t,"AnalysisFlag::numDistinctApprox",4096,0.1,1.71124e+06
VAR,int64_t,"AnalysisFlag::numDistinctApprox",4096,0.1,1.66467e+06
VAR,int64_t,"AnalysisFlag::numDistinctApprox",4096,0.1,1.66016e+06
VAR,int64_t,"AnalysisFlag::numDistinctApprox",4096,0.1,1.67788e+06
VAR,int64_t,"AnalysisFlag::numDistinctApprox",4096,0.1,1.6653e+06
VAR,int64_t,"AnalysisFlag::numDistinctApprox",4096,0.1,1.66811e+06
VAR,int64_t,"AnalysisFlag::numDistinctApprox",4096,0.1,1.65138e+06
VAR,int64_t,"AnalysisFlag::numDistinctApprox",4096,0.1,1.66283e+06
VAR,int64_t,"AnalysisFlag::numDistinctApprox",4096,0.1,1.65134e+06
VAR,double,"AnalysisFlag::numDistinctApprox",1024,0.2,313943
VAR,double,"AnalysisFlag::numDistinctApprox",1024,0.2,304219
VAR,double,"AnalysisFlag::numDistinctApprox",1024,0.2,308541
VAR,double,"AnalysisFlag::numDistinctApprox",1024,0.2,305892
VAR,double,"AnalysisFlag::numDistinctApprox",1024,0.2,307202
VAR,double,"AnalysisFlag::numDistinctApprox",1024,0.2,307494
VAR,double,"AnalysisFlag::numDistinctApprox",1024,0.2,309682
VAR,double,"AnalysisFlag::numDistinctApprox",1024,0.2,307111
VAR,double,"AnalysisFlag::numDistinctApprox",1024,0.2,303469
VAR,double,"AnalysisFlag::numDistinctApprox",1024,0.2,304050
VAR,double,"AnalysisFlag::numDistinctApprox",2048,0.2,994914
VAR,double,"AnalysisFlag::numDistinctApprox",2048,0.2,944342
VAR,double,"AnalysisFlag::numDistinctApprox",2048,0.2,933190
VAR,double,"AnalysisFlag::numDistinctApprox",2048,0.2,947829
VAR,double,"AnalysisFlag::numDistinctApprox",2048,0.2,927233
VAR,double,"AnalysisFlag::numDistinctApprox",2048,0.2,933082
VAR,double,"AnalysisFlag::numDistinctApprox",2048,0.2,944729
VAR,double,"AnalysisFlag::numDistinctApprox",2048,0.2,929675
VAR,double,"AnalysisFlag::numDistinctApprox",2048,0.2,936696
VAR,double,"AnalysisFlag::numDistinctApprox",2048,0.2,921313
VAR,double,"AnalysisFlag::numDistinctApprox",4096,0.2,3.85272e+06
VAR,double,"AnalysisFlag::numDistinctApprox",4096,0.2,3.92185e+06
VAR,double,"AnalysisFlag::numDistinctApprox",4096,0.2,3.83378e+06
VAR,double,"AnalysisFlag::numDistinctApprox",4096,0.2,3.88983e+06
VAR,double,"AnalysisFlag::numDistinctApprox",4096,0.2,3.87112e+06
VAR,double,"AnalysisFlag::numDistinctApprox",4096,0.2,3.88463e+06
VAR,double,"AnalysisFlag::numDistinctApprox",4096,0.2,3.88123e+06
VAR,double,"AnalysisFlag::numDistinctApprox",4096,0.2,3.90177e+06
VAR,double,"AnalysisFlag::numDistinctApprox",4096,0.2,3.85102e+06
VAR,double,"AnalysisFlag::numDistinctApprox",4096,0.2,3.89237e+06
VAR,int64_t,"AnalysisFlag::numDistinctApprox",1024,0.2,284422
VAR,int64_t,"AnalysisFlag::numDistinctApprox",1024,0.2,244899
VAR,int64_t,"AnalysisFlag::numDistinctApprox",1024,0.2,244780
VAR,int64_t,"AnalysisFlag::numDistinctApprox",1024,0.2,242824
VAR,int64_t,"AnalysisFlag::numDistinctApprox",1024,0.2,244329
VAR,int64_t,"AnalysisFlag::numDistinctApprox",1024,0.2,244708
VAR,int64_t,"AnalysisFlag::numDistinctApprox",1024,0.2,247725
VAR,int64_t,"AnalysisFlag::numDistinctApprox",1024,0.2,244216
VAR,int64_t,"AnalysisFlag::numDistinctApprox",1024,0.2,244734
VAR,int64_t,"AnalysisFlag::numDistinctApprox",1024,0.2,244511
VAR,int64_t,"AnalysisFlag::numDistinctApprox",2048,0.2,900734
VAR,int64_t,"AnalysisFlag::numDistinctApprox",2048,0.2,774875
VAR,int64_t,"AnalysisFlag::numDistinctApprox",2048,0.2,750340
VAR,int64_t,"AnalysisFlag::numDistinctApprox",2048,0.2,747957
VAR,int64_t,"AnalysisFlag::numDistinctApprox",2048,0.2,748351
VAR,int64_t,"AnalysisFlag::numDistinctApprox",2048,0.2,743675
VAR,int64_t,"AnalysisFlag::numDistinctApprox",2048,0.2,748270
VAR,int64_t,"AnalysisFlag::numDistinctApprox",2048,0.2,754205
VAR,int64_t,"AnalysisFlag::numDistinctApprox",2048,0.2,748099
VAR,int64_t,"AnalysisFlag::numDistinctApprox",2048,0.2,742411
VAR,int64_t,"AnalysisFlag::numDistinctApprox",4096,0.2,3.17084e+06
VAR,int64_t,"AnalysisFlag::numDistinctApprox",4096,0.2,3.22869e+06
VAR,int64_t,"AnalysisFlag::numDistinctApprox",4096,0.2,3.17703e+06
VAR,int64_t,"AnalysisFlag::numDistinctApprox",4096,0.2,3.20881e+06
VAR,int64_t,"AnalysisFlag::numDistinctApprox",4096,0.2,3.17987e+06
VAR,int64_t,"AnalysisFlag::numDistinctApprox",4096,0.2,3.19296e+06
VAR,int64_t,"AnalysisFlag::numDistinctApprox",4096,0.2,3.19378e+06
VAR,int64_t,"AnalysisFlag::numDistinctApprox",4096,0.2,3.18371e+06
VAR,int64_t,"AnalysisFlag::numDistinctApprox",4096,0.2,3.18872e+06
VAR,int64_t,"AnalysisFlag::numDistinctApprox",4096,0.2,3.21493e+06
VAR,double,"AnalysisFlag::numDistinctApprox",1024,0.25,2.0315e+06
VAR,double,"AnalysisFlag::numDistinctApprox",1024,0.25,2.02665e+06
VAR,double,"AnalysisFlag::numDistinctApprox",1024,0.25,2.02474e+06
VAR,double,"AnalysisFlag::numDistinctApprox",1024,0.25,2.02415e+06
VAR,double,"AnalysisFlag::numDistinctApprox",1024,0.25,2.02445e+06
VAR,double,"AnalysisFlag::numDistinctApprox",1024,0.25,2.02427e+06
VAR,double,"AnalysisFlag::numDistinctApprox",1024,0.25,2.02354e+06
VAR,double,"AnalysisFlag::numDistinctApprox",1024,0.25,2.02297e+06
VAR,double,"AnalysisFlag::numDistinctApprox",1024,0.25,2.02261e+06
VAR,double,"AnalysisFlag::numDistinctApprox",1024,0.25,2.02416e+06
VAR,double,"AnalysisFlag::numDistinctApprox",2048,0.25,8.23688e+06
VAR,double,"AnalysisFlag::numDistinctApprox",2048,0.25,8.23148e+06
VAR,double,"AnalysisFlag::numDistinctApprox",2048,0.25,8.24949e+06
VAR,double,"AnalysisFlag::numDistinctApprox",2048,0.25,8.23761e+06
VAR,double,"AnalysisFlag::numDistinctApprox",2048,0.25,8.25561e+06
VAR,double,"AnalysisFlag::numDistinctApprox",2048,0.25,8.22895e+06
VAR,double,"AnalysisFlag::numDistinctApprox",2048,0.25,8.23464e+06
VAR,double,"AnalysisFlag::numDistinctApprox",2048,0.25,8.22939e+06
VAR,double,"AnalysisFlag::numDistinctApprox",2048,0.25,8.23927e+06
VAR,double,"AnalysisFlag::numDistinctApprox",2048,0.25,8.22797e+06
VAR,double,"AnalysisFlag::numDistinctApprox",4096,0.25,3.27421e+07
VAR,double,"AnalysisFlag::numDistinctApprox",4096,0.25,3.27862e+07
VAR,double,"AnalysisFlag::numDistinctApprox",4096,0.25,3.27668e+07
VAR,double,"AnalysisFlag::numDistinctApprox",4096,0.25,3.27778e+07
VAR,double,"AnalysisFlag::numDistinctApprox",4096,0.25,3.27518e+07
VAR,double,"AnalysisFlag::numDistinctApprox",4096,0.25,3.27719e+07
VAR,double,"AnalysisFlag::numDistinctApprox",4096,0.25,3.27833e+07
VAR,double,"AnalysisFlag::numDistinctApprox",4096,0.25,3.27602e+07
VAR,double,"AnalysisFlag::numDistinctApprox",4096,0.25,3.27757e+07
VAR,double,"AnalysisFlag::numDistinctApprox",4096,0.25,3.27816e+07
VAR,int64_t,"AnalysisFlag::numDistinctApprox",1024,0.25,1.83036e+06
VAR,int64_t,"AnalysisFlag::numDistinctApprox",1024,0.25,1.77284e+06
VAR,int64_t,"AnalysisFlag::numDistinctApprox",1024,0.25,1.74318e+06
VAR,int64_t,"AnalysisFlag::numDistinctApprox",1024,0.25,1.86793e+06
VAR,int64_t,"AnalysisFlag::numDistinctApprox",1024,0.25,1.73849e+06
VAR,int64_t,"AnalysisFlag::numDistinctApprox",1024,0.25,1.76414e+06
VAR,int64_t,"AnalysisFlag::numDistinctApprox",1024,0.25,1.74916e+06
VAR,int64_t,"AnalysisFlag::numDistinctApprox",1024,0.25,1.74137e+06
VAR,int64_t,"AnalysisFlag::numDistinctApprox",1024,0.25,1.78417e+06
VAR,int64_t,"AnalysisFlag::numDistinctApprox",1024,0.25,1.73502e+06
VAR,int64_t,"AnalysisFlag::numDistinctApprox",2048,0.25,6.97857e+06
VAR,int64_t,"AnalysisFlag::numDistinctApprox",2048,0.25,7.02861e+06
VAR,int64_t,"AnalysisFlag::numDistinctApprox",2048,0.25,6.9577e+06
VAR,int64_t,"AnalysisFlag::numDistinctApprox",2048,0.25,6.95434e+06
VAR,int64_t,"AnalysisFlag::numDistinctApprox",2048,0.25,6.96018e+06
VAR,int64_t,"AnalysisFlag::numDistinctApprox",2048,0.25,6.92976e+06
VAR,int64_t,"AnalysisFlag::numDistinctApprox",2048,0.25,6.89724e+06
VAR,int64_t,"AnalysisFlag::numDistinctApprox",2048,0.25,7.0073e+06
VAR,int64_t,"AnalysisFlag::numDistinctApprox",2048,0.25,6.96732e+06
VAR,int64_t,"AnalysisFlag::numDistinctApprox",2048,0.25,6.90557e+06
VAR,int64_t,"AnalysisFlag::numDistinctApprox",4096,0.25,2.74667e+07
VAR,int64_t,"AnalysisFlag::numDistinctApprox",4096,0.25,2.75597e+07
VAR,int64_t,"AnalysisFlag::numDistinctApprox",4096,0.25,2.7295e+07
VAR,int64_t,"AnalysisFlag::numDistinctApprox",4096,0.25,2.73655e+07
VAR,int64_t,"AnalysisFlag::numDistinctApprox",4096,0.25,2.71635e+07
VAR,int64_t,"AnalysisFlag::numDistinctApprox",4096,0.25,2.7442e+07
VAR,int64_t,"AnalysisFlag::numDistinctApprox",4096,0.25,2.71821e+07
VAR,int64_t,"AnalysisFlag::numDistinctApprox",4096,0.25,2.73471e+07
VAR,int64_t,"AnalysisFlag::numDistinctApprox",4096,0.25,2.77078e+07
VAR,int64_t,"AnalysisFlag::numDistinctApprox",4096,0.25,2.71486e+07
VAR,double,"AnalysisFlag::numDistinctApprox",1024,1,2.16117e+06
VAR,double,"AnalysisFlag::numDistinctApprox",1024,1,2.03191e+06
VAR,double,"AnalysisFlag::numDistinctApprox",1024,1,2.0269e+06
VAR,double,"AnalysisFlag::numDistinctApprox",1024,1,2.02445e+06
VAR,double,"AnalysisFlag::numDistinctApprox",1024,1,2.02624e+06
VAR,double,"AnalysisFlag::numDistinctApprox",1024,1,2.02697e+06
VAR,double,"AnalysisFlag::numDistinctApprox",1024,1,2.02313e+06
VAR,double,"AnalysisFlag::numDistinctApprox",1024,1,2.02528e+06
VAR,double,"AnalysisFlag::numDistinctApprox",1024,1,2.02427e+06
VAR,double,"AnalysisFlag::numDistinctApprox",1024,1,2.02402e+06
VAR,double,"AnalysisFlag::numDistinctApprox",2048,1,8.29429e+06
VAR,double,"AnalysisFlag::numDistinctApprox",2048,1,8.23648e+06
VAR,double,"AnalysisFlag::numDistinctApprox",2048,1,8.22035e+06
VAR,double,"AnalysisFlag::numDistinctApprox",2048,1,8.21953e+06
VAR,double,"AnalysisFlag::numDistinctApprox",2048,1,8.2193e+06
VAR,double,"AnalysisFlag::numDistinctApprox",2048,1,8.23425e+06
VAR,double,"AnalysisFlag::numDistinctApprox",2048,1,8.22976e+06
VAR,double,"AnalysisFlag::numDistinctApprox",2048,1,8.20887e+06
VAR,double,"AnalysisFlag::numDistinctApprox",2048,1,8.22903e+06
VAR,double,"AnalysisFlag::numDistinctApprox",2048,1,8.20428e+06
VAR,double,"AnalysisFlag::numDistinctApprox",4096,1,3.27567e+07
VAR,double,"AnalysisFlag::numDistinctApprox",4096,1,3.27323e+07
VAR,double,"AnalysisFlag::numDistinctApprox",4096,1,3.27261e+07
VAR,double,"AnalysisFlag::numDistinctApprox",4096,1,3.27236e+07
VAR,double,"AnalysisFlag::numDistinctApprox",4096,1,3.27578e+07
VAR,double,"AnalysisFlag::numDistinctApprox",4096,1,3.2729e+07
VAR,double,"AnalysisFlag::numDistinctApprox",4096,1,3.28355e+07
VAR,double,"AnalysisFlag::numDistinctApprox",4096,1,3.27362e+07
VAR,double,"AnalysisFlag::numDistinctApprox",4096,1,3.27308e+07
VAR,double,"AnalysisFlag::numDistinctApprox",4096,1,3.27374e+07
VAR,int64_t,"AnalysisFlag::numDistinctApprox",1024,1,1.89585e+06
VAR,int64_t,"AnalysisFlag::numDistinctApprox",1024,1,1.74066e+06
VAR,int64_t,"AnalysisFlag::numDistinctApprox",1024,1,1.73807e+06
VAR,int64_t,"AnalysisFlag::numDistinctApprox",1024,1,1.79514e+06
VAR,int64_t,"AnalysisFlag::numDistinctApprox",1024,1,1.73447e+06
VAR,int64_t,"AnalysisFlag::numDistinctApprox",1024,1,1.89683e+06
VAR,int64_t,"AnalysisFlag::numDistinctApprox",1024,1,1.79098e+06
VAR,int64_t,"AnalysisFlag::numDistinctApprox",1024,1,1.7344e+06
VAR,int64_t,"AnalysisFlag::numDistinctApprox",1024,1,1.76142e+06
VAR,int64_t,"AnalysisFlag::numDistinctApprox",1024,1,1.7372e+06
VAR,int64_t,"AnalysisFlag::numDistinctApprox",2048,1,6.99506e+06
VAR,int64_t,"AnalysisFlag::numDistinctApprox",2048,1,6.9056e+06
VAR,int64_t,"AnalysisFlag::numDistinctApprox",2048,1,6.93379e+06
VAR,int64_t,"AnalysisFlag::numDistinctApprox",2048,1,6.97254e+06
VAR,int64_t,"AnalysisFlag::numDistinctApprox",2048,1,6.89005e+06
VAR,int64_t,"AnalysisFlag::numDistinctApprox",2048,1,6.93599e+06
VAR,int64_t,"AnalysisFlag::numDistinctApprox",2048,1,6.921e+06
VAR,int64_t,"AnalysisFlag::numDistinctApprox",2048,1,6.91772e+06
VAR,int64_t,"AnalysisFlag::numDistinctApprox",2048,1,6.88876e+06
VAR,int64_t,"AnalysisFlag::numDistinctApprox",2048,1,6.95494e+06
VAR,int64_t,"AnalysisFlag::numDistinctApprox",4096,1,2.72589e+07
VAR,int64_t,"AnalysisFlag::numDistinctApprox",4096,1,2.7707e+07
VAR,int64_t,"AnalysisFlag::numDistinctApprox",4096,1,2.75756e+07
VAR,int64_t,"AnalysisFlag::numDistinctApprox",4096,1,2.75728e+07
VAR,int64_t,"AnalysisFlag::numDistinctApprox",4096,1,2.71784e+07
VAR,int64_t,"AnalysisFlag::numDistinctApprox",4096,1,2.77716e+07
VAR,int64_t,"AnalysisFlag::numDistinctApprox",4096,1,2.72369e+07
VAR,int64_t,"AnalysisFlag::numDistinctApprox",4096,1,2.75609e+07
VAR,int64_t,"AnalysisFlag::numDistinctApprox",4096,1,2.75112e+07
VAR,int64_t,"AnalysisFlag::numDistinctApprox",4096,1,2.74159e+07
IDXMIN,double,"AnalysisFlag::numDistinctApprox",1024,0.25,1.3846e+06
IDXMIN,double,"AnalysisFlag::numDistinctApprox",1024,0.25,1.38152e+06
IDXMIN,double,"AnalysisFlag::numDistinctApprox",1024,0.25,1.38492e+06
IDXMIN,double,"AnalysisFlag::numDistinctApprox",1024,0.25,1.37853e+06
IDXMIN,double,"AnalysisFlag::numDistinctApprox",1024,0.25,1.38275e+06
IDXMIN,double,"AnalysisFlag::numDistinctApprox",1024,0.25,1.38023e+06
IDXMIN,double,"AnalysisFlag::numDistinctApprox",1024,0.25,1.38086e+06
IDXMIN,double,"AnalysisFlag::numDistinctApprox",1024,0.25,1.38452e+06
IDXMIN,double,"AnalysisFlag::numDistinctApprox",1024,0.25,1.3828e+06
IDXMIN,double,"AnalysisFlag::numDistinctApprox",1024,0.25,1.37862e+06
IDXMIN,double,"AnalysisFlag::numDistinctApprox",2048,0.25,5.39083e+06
IDXMIN,double,"AnalysisFlag::numDistinctApprox",2048,0.25,5.39067e+06
IDXMIN,double,"AnalysisFlag::numDistinctApprox",2048,0.25,5.38394e+06
IDXMIN,double,"AnalysisFlag::numDistinctApprox",2048,0.25,5.38383e+06
IDXMIN,double,"AnalysisFlag::numDistinctApprox",2048,0.25,5.39202e+06
IDXMIN,double,"AnalysisFlag::numDistinctApprox",2048,0.25,5.38433e+06
IDXMIN,double,"AnalysisFlag::numDistinctApprox",2048,0.25,5.38735e+06
IDXMIN,double,"AnalysisFlag::numDistinctApprox",2048,0.25,5.38419e+06
IDXMIN,double,"AnalysisFlag::numDistinctApprox",2048,0.25,5.38344e+06
IDXMIN,double,"AnalysisFlag::numDistinctApprox",2048,0.25,5.38671e+06
IDXMIN,double,"AnalysisFlag::numDistinctApprox",4096,0.25,2.10724e+07
IDXMIN,double,"AnalysisFlag::numDistinctApprox",4096,0.25,2.10812e+07
IDXMIN,double,"AnalysisFlag::numDistinctApprox",4096,0.25,2.10739e+07
IDXMIN,double,"AnalysisFlag::numDistinctApprox",4096,0.25,2.10908e+07
IDXMIN,double,"AnalysisFlag::numDistinctApprox",4096,0.25,2.10712e+07
IDXMIN,double,"AnalysisFlag::numDistinctApprox",4096,0.25,2.10752e+07
IDXMIN,double,"AnalysisFlag::numDistinctApprox",4096,0.25,2.10626e+07
IDXMIN,double,"AnalysisFlag::numDistinctApprox",4096,0.25,2.10954e+07
IDXMIN,double,"AnalysisFlag::numDistinctApprox",4096,0.25,2.10647e+07
IDXMIN,double,"AnalysisFlag::numDistinctApprox",4096,0.25,2.10715e+07
IDXMIN,int64_t,"AnalysisFlag::numDistinctApprox",1024,0.25,539457
IDXMIN,int64_t,"AnalysisFlag::numDistinctApprox",1024,0.25,515501
IDXMIN,int64_t,"AnalysisFlag::numDistinctApprox",1024,0.25,513058
IDXMIN,int64_t,"AnalysisFlag::numDistinctApprox",1024,0.25,508901
IDXMIN,int64_t,"AnalysisFlag::numDistinctApprox",1024,0.25,517026
IDXMIN,int64_t,"AnalysisFlag::numDistinctApprox",1024,0.25,509445
IDXMIN,int64_t,"AnalysisFlag::numDistinctApprox",1024,0.25,512475
IDXMIN,int64_t,"AnalysisFlag::numDistinctApprox",1024,0.25,508065
IDXMIN,int64_t,"AnalysisFlag::numDistinctApprox",1024,0.25,512011
IDXMIN,int64_t,"AnalysisFlag::numDistinctApprox",1024,0.25,508437
IDXMIN,int64_t,"AnalysisFlag::numDistinctApprox",2048,0.25,2.42455e+06
IDXMIN,int64_t,"AnalysisFlag::numDistinctApprox",2048,0.25,2.50825e+06
IDXMIN,int64_t,"AnalysisFlag::numDistinctApprox",2048,0.25,2.3789e+06
IDXMIN,int64_t,"AnalysisFlag::numDistinctApprox",2048,0.25,2.47255e+06
IDXMIN,int64_t,"AnalysisFlag::numDistinctApprox",2048,0.25,2.27505e+06
IDXMIN,int64_t,"AnalysisFlag::numDistinctApprox",2048,0.25,2.44723e+06
IDXMIN,int64_t,"AnalysisFlag::numDistinctApprox",2048,0.25,2.37611e+06
IDXMIN,int64_t,"AnalysisFlag::numDistinctApprox",2048,0.25,2.48636e+06
IDXMIN,int64_t,"AnalysisFlag::numDistinctApprox",2048,0.25,2.39451e+06
IDXMIN,int64_t,"AnalysisFlag::numDistinctApprox",2048,0.25,2.47928e+06
IDXMIN,int64_t,"AnalysisFlag::numDistinctApprox",4096,0.25,9.36706e+06
IDXMIN,int64_t,"AnalysisFlag::numDistinctApprox",4096,0.25,9.36766e+06
IDXMIN,int64_t,"AnalysisFlag::numDistinctApprox",4096,0.25,9.20039e+06
IDXMIN,int64_t,"AnalysisFlag::numDistinctApprox",4096,0.25,9.18233e+06
IDXMIN,int64_t,"AnalysisFlag::numDistinctApprox",4096,0.25,9.37388e+06
IDXMIN,int64_t,"AnalysisFlag::numDistinctApprox",4096,0.25,9.32796e+06
IDXMIN,int64_t,"AnalysisFlag::numDistinctApprox",4096,0.25,9.2387e+06
IDXMIN,int64_t,"AnalysisFlag::numDistinctApprox",4096,0.25,9.28305e+06
IDXMIN,int64_t,"AnalysisFlag::numDistinctApprox",4096,0.25,9.31698e+06
IDXMIN,int64_t,"AnalysisFlag::numDistinctApprox",4096,0.25,9.39606e+06
IDXMIN,double,"AnalysisFlag::numDistinctApprox",1024,1,1.44221e+06
IDXMIN,double,"AnalysisFlag::numDistinctApprox",1024,1,1.38723e+06
IDXMIN,double,"AnalysisFlag::numDistinctApprox",1024,1,1.38325e+06
IDXMIN,double,"AnalysisFlag::numDistinctApprox",1024,1,1.38604e+06
IDXMIN,double,"AnalysisFlag::numDistinctApprox",1024,1,1.38592e+06
IDXMIN,double,"AnalysisFlag::numDistinctApprox",1024,1,1.38567e+06
IDXMIN,double,"AnalysisFlag::numDistinctApprox",1024,1,1.38082e+06
IDXMIN,double,"AnalysisFlag::numDistinctApprox",1024,1,1.37974e+06
IDXMIN,double,"AnalysisFlag::numDistinctApprox",1024,1,1.3859e+06
IDXMIN,double,"AnalysisFlag::numDistinctApprox",1024,1,1.38168e+06
IDXMIN,double,"AnalysisFlag::numDistinctApprox",2048,1,5.39201e+06
IDXMIN,double,"AnalysisFlag::numDistinctApprox",2048,1,5.38601e+06
IDXMIN,double,"AnalysisFlag::numDistinctApprox",2048,1,5.39002e+06
IDXMIN,double,"AnalysisFlag::numDistinctApprox",2048,1,5.3861e+06
IDXMIN,double,"AnalysisFlag::numDistinctApprox",2048,1,5.38475e+06
IDXMIN,double,"AnalysisFlag::numDistinctApprox",2048,1,5.38064e+06
IDXMIN,double,"AnalysisFlag::numDistinctApprox",2048,1,5.38378e+06
IDXMIN,double,"AnalysisFlag::numDistinctApprox",2048,1,5.38195e+06
IDXMIN,double,"AnalysisFlag::numDistinctApprox",2048,1,5.385e+06
IDXMIN,double,"AnalysisFlag::numDistinctApprox",2048,1,5.38078e+06
IDXMIN,double,"AnalysisFlag::numDistinctApprox",4096,1,2.11067e+07
IDXMIN,double,"AnalysisFlag::numDistinctApprox",4096,1,2.10754e+07
IDXMIN,double,"AnalysisFlag::numDistinctApprox",4096,1,2.10788e+07
IDXMIN,double,"AnalysisFlag::numDistinctApprox",4096,1,2.10864e+07
IDXMIN,double,"AnalysisFlag::numDistinctApprox",4096,1,2.10575e+07
IDXMIN,double,"AnalysisFlag::numDistinctApprox",4096,1,2.1055e+07
IDXMIN,double,"AnalysisFlag::numDistinctApprox",4096,1,2.1069e+07
IDXMIN,double,"AnalysisFlag::numDistinctApprox",4096,1,2.10709e+07
IDXMIN,double,"AnalysisFlag::numDistinctApprox",4096,1,2.10757e+07
IDXMIN,double,"AnalysisFlag::numDistinctApprox",4096,1,2.10816e+07
IDXMIN,int64_t,"AnalysisFlag::numDistinctApprox",1024,1,677530
IDXMIN,int64_t,"AnalysisFlag::numDistinctApprox",1024,1,513646
IDXMIN,int64_t,"AnalysisFlag::numDistinctApprox",1024,1,495583
IDXMIN,int64_t,"AnalysisFlag::numDistinctApprox",1024,1,490683
IDXMIN,int64_t,"AnalysisFlag::numDistinctApprox",1024,1,494440
IDXMIN,int64_t,"AnalysisFlag::numDistinctApprox",1024,1,491863
IDXMIN,int64_t,"AnalysisFlag::numDistinctApprox",1024,1,492279
IDXMIN,int64_t,"AnalysisFlag::numDistinctApprox",1024,1,496295
IDXMIN,int64_t,"AnalysisFlag::numDistinctApprox",1024,1,490440
IDXMIN,int64_t,"AnalysisFlag::numDistinctApprox",1024,1,493368
IDXMIN,int64_t,"AnalysisFlag::numDistinctApprox",2048,1,2.39416e+06
IDXMIN,int64_t,"AnalysisFlag::numDistinctApprox",2048,1,2.34924e+06
IDXMIN,int64_t,"AnalysisFlag::numDistinctApprox",2048,1,2.28124e+06
IDXMIN,int64_t,"AnalysisFlag::numDistinctApprox",2048,1,2.45733e+06
IDXMIN,int64_t,"AnalysisFlag::numDistinctApprox",2048,1,2.44622e+06
IDXMIN,int64_t,"AnalysisFlag::numDistinctApprox",2048,1,2.32419e+06
IDXMIN,int64_t,"AnalysisFlag::numDistinctApprox",2048,1,2.46884e+06
IDXMIN,int64_t,"AnalysisFlag::numDistinctApprox",2048,1,2.26109e+06
IDXMIN,int64_t,"AnalysisFlag::numDistinctApprox",2048,1,2.44141e+06
IDXMIN,int64_t,"AnalysisFlag::numDistinctApprox",2048,1,2.46014e+06
IDXMIN,int64_t,"AnalysisFlag::numDistinctApprox",4096,1,9.15924e+06
IDXMIN,int64_t,"AnalysisFlag::numDistinctApprox",4096,1,9.10572e+06
IDXMIN,int64_t,"AnalysisFlag::numDistinctApprox",4096,1,9.22067e+06
IDXMIN,int64_t,"AnalysisFlag::numDistinctApprox",4096,1,9.16957e+06
IDXMIN,int64_t,"AnalysisFlag::numDistinctApprox",4096,1,9.11938e+06
IDXMIN,int64_t,"AnalysisFlag::numDistinctApprox",4096,1,9.20067e+06
IDXMIN,int64_t,"AnalysisFlag::numDistinctApprox",4096,1,9.14962e+06
IDXMIN,int64_t,"AnalysisFlag::numDistinctApprox",4096,1,9.11897e+06
IDXMIN,int64_t,"AnalysisFlag::numDistinctApprox",4096,1,9.08672e+06
IDXMIN,int64_t,"AnalysisFlag::numDistinctApprox",4096,1,9.09744e+06
IDXMAX,double,"AnalysisFlag::numDistinctApprox",1024,0.25,1.3857e+06
IDXMAX,double,"AnalysisFlag::numDistinctApprox",1024,0.25,1.38201e+06
IDXMAX,double,"AnalysisFlag::numDistinctApprox",1024,0.25,1.38146e+06
IDXMAX,double,"AnalysisFlag::numDistinctApprox",1024,0.25,1.38775e+06
IDXMAX,double,"AnalysisFlag::numDistinctApprox",1024,0.25,1.5808e+06
IDXMAX,double,"AnalysisFlag::numDistinctApprox",1024,0.25,1.38063e+06
IDXMAX,double,"AnalysisFlag::numDistinctApprox",1024,0.25,1.38126e+06
IDXMAX,double,"AnalysisFlag::numDistinctApprox",1024,0.25,1.38208e+06
IDXMAX,double,"AnalysisFlag::numDistinctApprox",1024,0.25,1.38703e+06
IDXMAX,double,"AnalysisFlag::numDistinctApprox",1024,0.25,1.38254e+06
IDXMAX,double,"AnalysisFlag::numDistinctApprox",2048,0.25,5.39289e+06
IDXMAX,double,"AnalysisFlag::numDistinctApprox",2048,0.25,5.38821e+06
IDXMAX,double,"AnalysisFlag::numDistinctApprox",2048,0.25,5.38636e+06
IDXMAX,double,"AnalysisFlag::numDistinctApprox",2048,0.25,5.3879e+06
IDXMAX,double,"AnalysisFlag::numDistinctApprox",2048,0.25,5.39445e+06
IDXMAX,double,"AnalysisFlag::numDistinctApprox",2048,0.25,5.39292e+06
IDXMAX,double,"AnalysisFlag::numDistinctApprox",2048,0.25,5.39178e+06
IDXMAX,double,"AnalysisFlag::numDistinctApprox",2048,0.25,5.38858e+06
IDXMAX,double,"AnalysisFlag::numDistinctApprox",2048,0.25,5.39029e+06
IDXMAX,double,"AnalysisFlag::numDistinctApprox",2048,0.25,5.3875e+06
IDXMAX,double,"AnalysisFlag::numDistinctApprox",4096,0.25,2.10812e+07
IDXMAX,double,"AnalysisFlag::numDistinctApprox",4096,0.25,2.10844e+07
IDXMAX,double,"AnalysisFlag::numDistinctApprox",4096,0.25,2.10696e+07
IDXMAX,double,"AnalysisFlag::numDistinctApprox",4096,0.25,2.10701e+07
IDXMAX,double,"AnalysisFlag::numDistinctApprox",4096,0.25,2.10734e+07
IDXMAX,double,"AnalysisFlag::numDistinctApprox",4096,0.25,2.107e+07
IDXMAX,double,"AnalysisFlag::numDistinctApprox",4096,0.25,2.10665e+07
IDXMAX,double,"AnalysisFlag::numDistinctApprox",4096,0.25,2.10609e+07
IDXMAX,double,"AnalysisFlag::numDistinctApprox",4096,0.25,2.10765e+07
IDXMAX,double,"AnalysisFlag::numDistinctApprox",4096,0.25,2.1075e+07
IDXMAX,int64_t,"AnalysisFlag::numDistinctApprox",1024,0.25,549003
IDXMAX,int64_t,"AnalysisFlag::numDistinctApprox",1024,0.25,521607
IDXMAX,int64_t,"AnalysisFlag::numDistinctApprox",1024,0.25,515064
IDXMAX,int64_t,"AnalysisFlag::numDistinctApprox",1024,0.25,518151
IDXMAX,int64_t,"AnalysisFlag::numDistinctApprox",1024,0.25,518912
IDXMAX,int64_t,"AnalysisFlag::numDistinctApprox",1024,0.25,518169
IDXMAX,int64_t,"AnalysisFlag::numDistinctApprox",1024,0.25,518544
IDXMAX,int64_t,"AnalysisFlag::numDistinctApprox",1024,0.25,519167
IDXMAX,int64_t,"AnalysisFlag::numDistinctApprox",1024,0.25,516285
IDXMAX,int64_t,"AnalysisFlag::numDistinctApprox",1024,0.25,518154
IDXMAX,int64_t,"AnalysisFlag::numDistinctApprox",2048,0.25,2.39606e+06
IDXMAX,int64_t,"AnalysisFlag::numDistinctApprox",2048,0.25,2.50459e+06
IDXMAX,int64_t,"AnalysisFlag::numDistinctApprox",2048,0.25,2.479e+06
IDXMAX,int64_t,"AnalysisFlag::numDistinctApprox",2048,0.25,2.50521e+06
IDXMAX,int64_t,"AnalysisFlag::numDistinctApprox",2048,0.25,2.47238e+06
IDXMAX,int64_t,"AnalysisFlag::numDistinctApprox",2048,0.25,2.49578e+06
IDXMAX,int64_t,"AnalysisFlag::numDistinctApprox",2048,0.25,2.46155e+06
IDXMAX,int64_t,"AnalysisFlag::numDistinctApprox",2048,0.25,2.51852e+06
IDXMAX,int64_t,"AnalysisFlag::numDistinctApprox",2048,0.25,2.48337e+06
IDXMAX,int64_t,"AnalysisFlag::numDistinctApprox",2048,0.25,2.49178e+06
IDXMAX,int64_t,"AnalysisFlag::numDistinctApprox",4096,0.25,9.19724e+06
IDXMAX,int64_t,"AnalysisFlag::numDistinctApprox",4096,0.25,9.12832e+06
IDXMAX,int64_t,"AnalysisFlag::numDistinctApprox",4096,0.25,9.11572e+06
IDXMAX,int64_t,"AnalysisFlag::numDistinctApprox",4096,0.25,9.16071e+06
IDXMAX,int64_t,"AnalysisFlag::numDistinctApprox",4096,0.25,9.23986e+06
IDXMAX,int64_t,"AnalysisFlag::numDistinctApprox",4096,0.25,9.11096e+06
IDXMAX,int64_t,"AnalysisFlag::numDistinctApprox",4096,0.25,9.1291e+06
IDXMAX,int64_t,"AnalysisFlag::numDistinctApprox",4096,0.25,9.05176e+06
IDXMAX,int64_t,"AnalysisFlag::numDistinctApprox",4096,0.25,9.08952e+06
IDXMAX,int64_t,"AnalysisFlag::numDistinctApprox",4096,0.25,9.09792e+06
IDXMAX,double,"AnalysisFlag::numDistinctApprox",1024,1,1.43962e+06
IDXMAX,double,"AnalysisFlag::numDistinctApprox",1024,1,1.38877e+06
IDXMAX,double,"AnalysisFlag::numDistinctApprox",1024,1,1.386e+06
IDXMAX,double,"AnalysisFlag::numDistinctApprox",1024,1,1.38584e+06
IDXMAX,double,"AnalysisFlag::numDistinctApprox",1024,1,1.3839e+06
IDXMAX,double,"AnalysisFlag::numDistinctApprox",1024,1,1.38354e+06
IDXMAX,double,"AnalysisFlag::numDistinctApprox",1024,1,1.38438e+06
IDXMAX,double,"AnalysisFlag::numDistinctApprox",1024,1,1.38427e+06
IDXMAX,double,"AnalysisFlag::numDistinctApprox",1024,1,1.38425e+06
IDXMAX,double,"AnalysisFlag::numDistinctApprox",1024,1,1.38456e+06
IDXMAX,double,"AnalysisFlag::numDistinctApprox",2048,1,5.39879e+06
IDXMAX,double,"AnalysisFlag::numDistinctApprox",2048,1,5.3919e+06
IDXMAX,double,"AnalysisFlag::numDistinctApprox",2048,1,5.38148e+06
IDXMAX,double,"AnalysisFlag::numDistinctApprox",2048,1,5.39253e+06
IDXMAX,double,"AnalysisFlag::numDistinctApprox",2048,1,5.38665e+06
IDXMAX,double,"AnalysisFlag::numDistinctApprox",2048,1,5.38559e+06
IDXMAX,double,"AnalysisFlag::numDistinctApprox",2048,1,5.38625e+06
IDXMAX,double,"AnalysisFlag::numDistinctApprox",2048,1,5.3897e+06
IDXMAX,double,"AnalysisFlag::numDistinctApprox",2048,1,5.3883e+06
IDXMAX,double,"AnalysisFlag::numDistinctApprox",2048,1,5.38799e+06
IDXMAX,double,"AnalysisFlag::numDistinctApprox",4096,1,2.10876e+07
IDXMAX,double,"AnalysisFlag::numDistinctApprox",4096,1,2.10679e+07
IDXMAX,double,"AnalysisFlag::numDistinctApprox",4096,1,2.10761e+07
IDXMAX,double,"AnalysisFlag::numDistinctApprox",4096,1,2.10739e+07
IDXMAX,double,"AnalysisFlag::numDistinctApprox",4096,1,2.10707e+07
IDXMAX,double,"AnalysisFlag::numDistinctApprox",4096,1,2.10717e+07
IDXMAX,double,"AnalysisFlag::numDistinctApprox",4096,1,2.10649e+07
IDXMAX,double,"AnalysisFlag::numDistinctApprox",4096,1,2.1077e+07
IDXMAX,double,"AnalysisFlag::numDistinctApprox",4096,1,2.1081e+07
IDXMAX,double,"AnalysisFlag::numDistinctApprox",4096,1,2.10771e+07
IDXMAX,int64_t,"AnalysisFlag::numDistinctApprox",1024,1,657604
IDXMAX,int64_t,"AnalysisFlag::numDistinctApprox",1024,1,519871
IDXMAX,int64_t,"AnalysisFlag::numDistinctApprox",1024,1,503390
IDXMAX,int64_t,"AnalysisFlag::numDistinctApprox",1024,1,504093
IDXMAX,int64_t,"AnalysisFlag::numDistinctApprox",1024,1,500838
IDXMAX,int64_t,"AnalysisFlag::numDistinctApprox",1024,1,505691
IDXMAX,int64_t,"AnalysisFlag::numDistinctApprox",1024,1,502962
IDXMAX,int64_t,"AnalysisFlag::numDistinctApprox",1024,1,501913
IDXMAX,int64_t,"AnalysisFlag::numDistinctApprox",1024,1,505216
IDXMAX,int64_t,"AnalysisFlag::numDistinctApprox",1024,1,501611
IDXMAX,int64_t,"AnalysisFlag::numDistinctApprox",2048,1,2.37973e+06
IDXMAX,int64_t,"AnalysisFlag::numDistinctApprox",2048,1,2.37421e+06
IDXMAX,int64_t,"AnalysisFlag::numDistinctApprox",2048,1,2.38173e+06
IDXMAX,int64_t,"AnalysisFlag::numDistinctApprox",2048,1,2.46346e+06
IDXMAX,int64_t,"AnalysisFlag::numDistinctApprox",2048,1,2.48834e+06
IDXMAX,int64_t,"AnalysisFlag::numDistinctApprox",2048,1,2.4856e+06
IDXMAX,int64_t,"AnalysisFlag::numDistinctApprox",2048,1,2.47822e+06
IDXMAX,int64_t,"AnalysisFlag::numDistinctApprox",2048,1,2.49678e+06
IDXMAX,int64_t,"AnalysisFlag::numDistinctApprox",2048,1,2.46362e+06
IDXMAX,int64_t,"AnalysisFlag::numDistinctApprox",2048,1,2.4546e+06
IDXMAX,int64_t,"AnalysisFlag::numDistinctApprox",4096,1,9.14145e+06
IDXMAX,int64_t,"AnalysisFlag::numDistinctApprox",4096,1,9.17435e+06
IDXMAX,int64_t,"AnalysisFlag::numDistinctApprox",4096,1,9.13324e+06
IDXMAX,int64_t,"AnalysisFlag::numDistinctApprox",4096,1,9.30785e+06
IDXMAX,int64_t,"AnalysisFlag::numDistinctApprox",4096,1,9.10757e+06
IDXMAX,int64_t,"AnalysisFlag::numDistinctApprox",4096,1,9.15967e+06
IDXMAX,int64_t,"AnalysisFlag::numDistinctApprox",4096,1,9.23655e+06
IDXMAX,int64_t,"AnalysisFlag::numDistinctApprox",4096,1,9.1147e+06
IDXMAX,int64_t,"AnalysisFlag::numDistinctApprox",4096,1,9.21418e+06
IDXMAX,int64_t,"AnalysisFlag::numDistinctApprox",4096,1,9.15498e+06
SUM,double,"AnalysisFlag::sparsity",1024,0.001,13864
SUM,double,"AnalysisFlag::sparsity",1024,0.001,9658
SUM,double,"AnalysisFlag::sparsity",1024,0.001,11668
SUM,double,"AnalysisFlag::sparsity",1024,0.001,11015
SUM,double,"AnalysisFlag::sparsity",1024,0.001,11143
SUM,double,"AnalysisFlag::sparsity",1024,0.001,11228
SUM,double,"AnalysisFlag::sparsity",1024,0.001,11031
SUM,double,"AnalysisFlag::sparsity",1024,0.001,11095
SUM,double,"AnalysisFlag::sparsity",1024,0.001,10863
SUM,double,"AnalysisFlag::sparsity",1024,0.001,10908
SUM,double,"AnalysisFlag::sparsity",2048,0.001,24905
SUM,double,"AnalysisFlag::sparsity",2048,0.001,22330
SUM,double,"AnalysisFlag::sparsity",2048,0.001,24123
SUM,double,"AnalysisFlag::sparsity",2048,0.001,24123
SUM,double,"AnalysisFlag::sparsity",2048,0.001,24427
SUM,double,"AnalysisFlag::sparsity",2048,0.001,24030
SUM,double,"AnalysisFlag::sparsity",2048,0.001,24654
SUM,double,"AnalysisFlag::sparsity",2048,0.001,24833
SUM,double,"AnalysisFlag::sparsity",2048,0.001,25255
SUM,double,"AnalysisFlag::sparsity",2048,0.001,22550
SUM,double,"AnalysisFlag::sparsity",4096,0.001,59110
SUM,double,"AnalysisFlag::sparsity",4096,0.001,57608
SUM,double,"AnalysisFlag::sparsity",4096,0.001,56924
SUM,double,"AnalysisFlag::sparsity",4096,0.001,57139
SUM,double,"AnalysisFlag::sparsity",4096,0.001,57021
SUM,double,"AnalysisFlag::sparsity",4096,0.001,57017
SUM,double,"AnalysisFlag::sparsity",4096,0.001,54702
SUM,double,"AnalysisFlag::sparsity",4096,0.001,56202
SUM,double,"AnalysisFlag::sparsity",4096,0.001,55429
SUM,double,"AnalysisFlag::sparsity",4096,0.001,54961
SUM,int64_t,"AnalysisFlag::sparsity",1024,0.001,11739
SUM,int64_t,"AnalysisFlag::sparsity",1024,0.001,8540
SUM,int64_t,"AnalysisFlag::sparsity",1024,0.001,10536
SUM,int64_t,"AnalysisFlag::sparsity",1024,0.001,10049
SUM,int64_t,"AnalysisFlag::sparsity",1024,0.001,10362
SUM,int64_t,"AnalysisFlag::sparsity",1024,0.001,10034
SUM,int64_t,"AnalysisFlag::sparsity",1024,0.001,10070
SUM,int64_t,"AnalysisFlag::sparsity",1024,0.001,9870
SUM,int64_t,"AnalysisFlag::sparsity",1024,0.001,9978
SUM,int64_t,"AnalysisFlag::sparsity",1024,0.001,10055
SUM,int64_t,"AnalysisFlag::sparsity",2048,0.001,23214
SUM,int64_t,"AnalysisFlag::sparsity",2048,0.001,21190
SUM,int64_t,"AnalysisFlag::sparsity",2048,0.001,23542
SUM,int64_t,"AnalysisFlag::sparsity",2048,0.001,22637
SUM,int64_t,"AnalysisFlag::sparsity",2048,0.001,24016
SUM,int64_t,"AnalysisFlag::sparsity",2048,0.001,22174
SUM,int64_t,"AnalysisFlag::sparsity",2048,0.001,22675
SUM,int64_t,"AnalysisFlag::sparsity",2048,0.001,22354
SUM,int64_t,"AnalysisFlag::sparsity",2048,0.001,22305
SUM,int64_t,"AnalysisFlag::sparsity",2048,0.001,22232
SUM,int64_t,"AnalysisFlag::sparsity",4096,0.001,58799
SUM,int64_t,"AnalysisFlag::sparsity",4096,0.001,54353
SUM,int64_t,"AnalysisFlag::sparsity",4096,0.001,57757
SUM,int64_t,"AnalysisFlag::sparsity",4096,0.001,57427
SUM,int64_t,"AnalysisFlag::sparsity",4096,0.001,57244
SUM,int64_t,"AnalysisFlag::sparsity",4096,0.001,58429
SUM,int64_t,"AnalysisFlag::sparsity",4096,0.001,59256
SUM,int64_t,"AnalysisFlag::sparsity",4096,0.001,57916
SUM,int64_t,"AnalysisFlag::sparsity",4096,0.001,57610
SUM,int64_t,"AnalysisFlag::sparsity",4096,0.001,58885
SUM,double,"AnalysisFlag::sparsity",1024,0.01,16364
SUM,double,"AnalysisFlag::sparsity",1024,0.01,16179
SUM,double,"AnalysisFlag::sparsity",1024,0.01,16161
SUM,double,"AnalysisFlag::sparsity",1024,0.01,16483
SUM,double,"AnalysisFlag::sparsity",1024,0.01,16212
SUM,double,"AnalysisFlag::sparsity",1024,0.01,16361
SUM,double,"AnalysisFlag::sparsity",1024,0.01,16250
SUM,double,"AnalysisFlag::sparsity",1024,0.01,16275
SUM,double,"AnalysisFlag::sparsity",1024,0.01,16392
SUM,double,"AnalysisFlag::sparsity",1024,0.01,16360
SUM,double,"AnalysisFlag::sparsity",2048,0.01,38730
SUM,double,"AnalysisFlag::sparsity",2048,0.01,39409
SUM,double,"AnalysisFlag::sparsity",2048,0.01,37097
SUM,double,"AnalysisFlag::sparsity",2048,0.01,36804
SUM,double,"AnalysisFlag::sparsity",2048,0.01,37926
SUM,double,"AnalysisFlag::sparsity",2048,0.01,37642
SUM,double,"AnalysisFlag::sparsity",2048,0.01,37178
SUM,double,"AnalysisFlag::sparsity",2048,0.01,37923
SUM,double,"AnalysisFlag::sparsity",2048,0.01,36413
SUM,double,"AnalysisFlag::sparsity",2048,0.01,38164
SUM,double,"AnalysisFlag::sparsity",4096,0.01,93651
SUM,double,"AnalysisFlag::sparsity",4096,0.01,90278
SUM,double,"AnalysisFlag::sparsity",4096,0.01,88671
SUM,double,"AnalysisFlag::sparsity",4096,0.01,90921
SUM,double,"AnalysisFlag::sparsity",4096,0.01,88308
SUM,double,"AnalysisFlag::sparsity",4096,0.01,88684
SUM,double,"AnalysisFlag::sparsity",4096,0.01,90546
SUM,double,"AnalysisFlag::sparsity",4096,0.01,91237
SUM,double,"AnalysisFlag::sparsity",4096,0.01,89136
SUM,double,"AnalysisFlag::sparsity",4096,0.01,88566
SUM,int64_t,"AnalysisFlag::sparsity",1024,0.01,17348
SUM,int64_t,"AnalysisFlag::sparsity",1024,0.01,16319
SUM,int64_t,"AnalysisFlag::sparsity",1024,0.01,17268
SUM,int64_t,"AnalysisFlag::sparsity",1024,0.01,17159
SUM,int64_t,"AnalysisFlag::sparsity",1024,0.01,17196
SUM,int64_t,"AnalysisFlag::sparsity",1024,0.01,17057
SUM,int64_t,"AnalysisFlag::sparsity",1024,0.01,17439
SUM,int64_t,"AnalysisFlag::sparsity",1024,0.01,16931
SUM,int64_t,"AnalysisFlag::sparsity",1024,0.01,17013
SUM,int64_t,"AnalysisFlag::sparsity",1024,0.01,16948
SUM,int64_t,"AnalysisFlag::sparsity",2048,0.01,38534
SUM,int64_t,"AnalysisFlag::sparsity",2048,0.01,38400
SUM,int64_t,"AnalysisFlag::sparsity",2048,0.01,39727
SUM,int64_t,"AnalysisFlag::sparsity",2048,0.01,38335
SUM,int64_t,"AnalysisFlag::sparsity",2048,0.01,41107
SUM,int64_t,"AnalysisFlag::sparsity",2048,0.01,38551
SUM,int64_t,"AnalysisFlag::sparsity",2048,0.01,39227
SUM,int64_t,"AnalysisFlag::sparsity",2048,0.01,37368
SUM,int64_t,"AnalysisFlag::sparsity",2048,0.01,38199
SUM,int64_t,"AnalysisFlag::sparsity",2048,0.01,38402
SUM,int64_t,"AnalysisFlag::sparsity",4096,0.01,92096
SUM,int64_t,"AnalysisFlag::sparsity",4096,0.01,89980
SUM,int64_t,"AnalysisFlag::sparsity",4096,0.01,95297
SUM,int64_t,"AnalysisFlag::sparsity",4096,0.01,94911
SUM,int64_t,"AnalysisFlag::sparsity",4096,0.01,94377
SUM,int64_t,"AnalysisFlag::sparsity",4096,0.01,92350
SUM,int64_t,"AnalysisFlag::sparsity",4096,0.01,91358
SUM,int64_t,"AnalysisFlag::sparsity",4096,0.01,93709
SUM,int64_t,"AnalysisFlag::sparsity",4096,0.01,91649
SUM,int64_t,"AnalysisFlag::sparsity",4096,0.01,91571
SUM,double,"AnalysisFlag::sparsity",1024,0.05,26078
SUM,double,"AnalysisFlag::sparsity",1024,0.05,25353
SUM,double,"AnalysisFlag::sparsity",1024,0.05,24849
SUM,double,"AnalysisFlag::sparsity",1024,0.05,25676
SUM,double,"AnalysisFlag::sparsity",1024,0.05,25185
SUM,double,"AnalysisFlag::sparsity",1024,0.05,25503
SUM,double,"AnalysisFlag::sparsity",1024,0.05,25192
SUM,double,"AnalysisFlag::sparsity",1024,0.05,25087
SUM,double,"AnalysisFlag::sparsity",1024,0.05,24690
SUM,double,"AnalysisFlag::sparsity",1024,0.05,24747
SUM,double,"AnalysisFlag::sparsity",2048,0.05,64597
SUM,double,"AnalysisFlag::sparsity",2048,0.05,64396
SUM,double,"AnalysisFlag::sparsity",2048,0.05,63147
SUM,double,"AnalysisFlag::sparsity",2048,0.05,64443
SUM,double,"AnalysisFlag::sparsity",2048,0.05,63625
SUM,double,"AnalysisFlag::sparsity",2048,0.05,63146
SUM,double,"AnalysisFlag::sparsity",2048,0.05,61936
SUM,double,"AnalysisFlag::sparsity",2048,0.05,65128
SUM,double,"AnalysisFlag::sparsity",2048,0.05,63535
SUM,double,"AnalysisFlag::sparsity",2048,0.05,60958
SUM,double,"AnalysisFlag::sparsity",4096,0.05,341457
SUM,double,"AnalysisFlag::sparsity",4096,0.05,212664
SUM,double,"AnalysisFlag::sparsity",4096,0.05,196808
SUM,double,"AnalysisFlag::sparsity",4096,0.05,198050
SUM,double,"AnalysisFlag::sparsity",4096,0.05,200558
SUM,double,"AnalysisFlag::sparsity",4096,0.05,202159
SUM,double,"AnalysisFlag::sparsity",4096,0.05,199220
SUM,double,"AnalysisFlag::sparsity",4096,0.05,203870
SUM,double,"AnalysisFlag::sparsity",4096,0.05,195873
SUM,double,"AnalysisFlag::sparsity",4096,0.05,197781
SUM,int64_t,"AnalysisFlag::sparsity",1024,0.05,27105
SUM,int64_t,"AnalysisFlag::sparsity",1024,0.05,25719
SUM,int64_t,"AnalysisFlag::sparsity",1024,0.05,26273
SUM,int64_t,"AnalysisFlag::sparsity",1024,0.05,25899
SUM,int64_t,"AnalysisFlag::sparsity",1024,0.05,25910
SUM,int64_t,"AnalysisFlag::sparsity",1024,0.05,26156
SUM,int64_t,"AnalysisFlag::sparsity",1024,0.05,25305
SUM,int64_t,"AnalysisFlag::sparsity",1024,0.05,26093
SUM,int64_t,"AnalysisFlag::sparsity",1024,0.05,25185
SUM,int64_t,"AnalysisFlag::sparsity",1024,0.05,25293
SUM,int64_t,"AnalysisFlag::sparsity",2048,0.05,66669
SUM,int64_t,"AnalysisFlag::sparsity",2048,0.05,63506
SUM,int64_t,"AnalysisFlag::sparsity",2048,0.05,63965
SUM,int64_t,"AnalysisFlag::sparsity",2048,0.05,64589
SUM,int64_t,"AnalysisFlag::sparsity",2048,0.05,63706
SUM,int64_t,"AnalysisFlag::sparsity",2048,0.05,63155
SUM,int64_t,"AnalysisFlag::sparsity",2048,0.05,63187
SUM,int64_t,"AnalysisFlag::sparsity",2048,0.05,65131
SUM,int64_t,"AnalysisFlag::sparsity",2048,0.05,65750
SUM,int64_t,"AnalysisFlag::sparsity",2048,0.05,66247
SUM,int64_t,"AnalysisFlag::sparsity",4096,0.05,209325
SUM,int64_t,"AnalysisFlag::sparsity",4096,0.05,199626
SUM,int64_t,"AnalysisFlag::sparsity",4096,0.05,202255
SUM,int64_t,"AnalysisFlag::sparsity",4096,0.05,205667
SUM,int64_t,"AnalysisFlag::sparsity",4096,0.05,211506
SUM,int64_t,"AnalysisFlag::sparsity",4096,0.05,196119
SUM,int64_t,"AnalysisFlag::sparsity",4096,0.05,200726
SUM,int64_t,"AnalysisFlag::sparsity",4096,0.05,197781
SUM,int64_t,"AnalysisFlag::sparsity",4096,0.05,203733
SUM,int64_t,"AnalysisFlag::sparsity",4096,0.05,193189
SUM,double,"AnalysisFlag::sparsity",1024,0.1,34532
SUM,double,"AnalysisFlag::sparsity",1024,0.1,32797
SUM,double,"AnalysisFlag::sparsity",1024,0.1,32461
SUM,double,"AnalysisFlag::sparsity",1024,0.1,32732
SUM,double,"AnalysisFlag::sparsity",1024,0.1,32546
SUM,double,"AnalysisFlag::sparsity",1024,0.1,32487
SUM,double,"AnalysisFlag::sparsity",1024,0.1,32592
SUM,double,"AnalysisFlag::sparsity",1024,0.1,33663
SUM,double,"AnalysisFlag::sparsity",1024,0.1,32650
SUM,double,"AnalysisFlag::sparsity",1024,0.1,32445
SUM,double,"AnalysisFlag::sparsity",2048,0.1,100825
SUM,double,"AnalysisFlag::sparsity",2048,0.1,97139
SUM,double,"AnalysisFlag::sparsity",2048,0.1,95469
SUM,double,"AnalysisFlag::sparsity",2048,0.1,95869
SUM,double,"AnalysisFlag::sparsity",2048,0.1,95839
SUM,double,"AnalysisFlag::sparsity",2048,0.1,95104
SUM,double,"AnalysisFlag::sparsity",2048,0.1,95939
SUM,double,"AnalysisFlag::sparsity",2048,0.1,95977
SUM,double,"AnalysisFlag::sparsity",2048,0.1,96014
SUM,double,"AnalysisFlag::sparsity",2048,0.1,95318
SUM,double,"AnalysisFlag::sparsity",4096,0.1,591510
SUM,double,"AnalysisFlag::sparsity",4096,0.1,619383
SUM,double,"AnalysisFlag::sparsity",4096,0.1,597380
SUM,double,"AnalysisFlag::sparsity",4096,0.1,590033
SUM,double,"AnalysisFlag::sparsity",4096,0.1,558778
SUM,double,"AnalysisFlag::sparsity",4096,0.1,565495
SUM,double,"AnalysisFlag::sparsity",4096,0.1,586014
SUM,double,"AnalysisFlag::sparsity",4096,0.1,580470
SUM,double,"AnalysisFlag::sparsity",4096,0.1,578361
SUM,double,"AnalysisFlag::sparsity",4096,0.1,609918
SUM,int64_t,"AnalysisFlag::sparsity",1024,0.1,36742
SUM,int64_t,"AnalysisFlag::sparsity",1024,0.1,33850
SUM,int64_t,"AnalysisFlag::sparsity",1024,0.1,33781
SUM,int64_t,"AnalysisFlag::sparsity",1024,0.1,32509
SUM,int64_t,"AnalysisFlag::sparsity",1024,0.1,34551
SUM,int64_t,"AnalysisFlag::sparsity",1024,0.1,33957
SUM,int64_t,"AnalysisFlag::sparsity",1024,0.1,33379
SUM,int64_t,"AnalysisFlag::sparsity",1024,0.1,32098
SUM,int64_t,"AnalysisFlag::sparsity",1024,0.1,34327
SUM,int64_t,"AnalysisFlag::sparsity",1024,0.1,32034
SUM,int64_t,"AnalysisFlag::sparsity",2048,0.1,119761
SUM,int64_t,"AnalysisFlag::sparsity",2048,0.1,96352
SUM,int64_t,"AnalysisFlag::sparsity",2048,0.1,95265
SUM,int64_t,"AnalysisFlag::sparsity",2048,0.1,96144
SUM,int64_t,"AnalysisFlag::sparsity",2048,0.1,98336
SUM,int64_t,"AnalysisFlag::sparsity",2048,0.1,97162
SUM,int64_t,"AnalysisFlag::sparsity",2048,0.1,95540
SUM,int64_t,"AnalysisFlag::sparsity",2048,0.1,95552
SUM,int64_t,"AnalysisFlag::sparsity",2048,0.1,99571
SUM,int64_t,"AnalysisFlag::sparsity",2048,0.1,97016
SUM,int64_t,"AnalysisFlag::sparsity",4096,0.1,566069
SUM,int64_t,"AnalysisFlag::sparsity",4096,0.1,594607
SUM,int64_t,"AnalysisFlag::sparsity",4096,0.1,565402
SUM,int64_t,"AnalysisFlag::sparsity",4096,0.1,575860
SUM,int64_t,"AnalysisFlag::sparsity",4096,0.1,565950
SUM,int64_t,"AnalysisFlag::sparsity",4096,0.1,581969
SUM,int64_t,"AnalysisFlag::sparsity",4096,0.1,584131
SUM,int64_t,"AnalysisFlag::sparsity",4096,0.1,577424
SUM,int64_t,"AnalysisFlag::sparsity",4096,0.1,572129
SUM,int64_t,"AnalysisFlag::sparsity",4096,0.1,573390
SUM,double,"AnalysisFlag::sparsity",1024,0.2,64997
SUM,double,"AnalysisFlag::sparsity",1024,0.2,50726
SUM,double,"AnalysisFlag::sparsity",1024,0.2,50102
SUM,double,"AnalysisFlag::sparsity",1024,0.2,50110
SUM,double,"AnalysisFlag::sparsity",1024,0.2,50476
SUM,double,"AnalysisFlag::sparsity",1024,0.2,49935
SUM,double,"AnalysisFlag::sparsity",1024,0.2,50060
SUM,double,"AnalysisFlag::sparsity",1024,0.2,50120
SUM,double,"AnalysisFlag::sparsity",1024,0.2,49838
SUM,double,"AnalysisFlag::sparsity",1024,0.2,49707
SUM,double,"AnalysisFlag::sparsity",2048,0.2,236311
SUM,double,"AnalysisFlag::sparsity",2048,0.2,186101
SUM,double,"AnalysisFlag::sparsity",2048,0.2,182068
SUM,double,"AnalysisFlag::sparsity",2048,0.2,182302
SUM,double,"AnalysisFlag::sparsity",2048,0.2,188732
SUM,double,"AnalysisFlag::sparsity",2048,0.2,189537
SUM,double,"AnalysisFlag::sparsity",2048,0.2,188260
SUM,double,"AnalysisFlag::sparsity",2048,0.2,190277
SUM,double,"AnalysisFlag::sparsity",2048,0.2,184780
SUM,double,"AnalysisFlag::sparsity",2048,0.2,187314
SUM,double,"AnalysisFlag::sparsity",4096,0.2,1.38575e+06
SUM,double,"AnalysisFlag::sparsity",4096,0.2,1.41632e+06
SUM,double,"AnalysisFlag::sparsity",4096,0.2,1.39669e+06
SUM,double,"AnalysisFlag::sparsity",4096,0.2,1.39015e+06
SUM,double,"AnalysisFlag::sparsity",4096,0.2,1.35488e+06
SUM,double,"AnalysisFlag::sparsity",4096,0.2,1.40358e+06
SUM,double,"AnalysisFlag::sparsity",4096,0.2,1.36784e+06
SUM,double,"AnalysisFlag::sparsity",4096,0.2,1.37736e+06
SUM,double,"AnalysisFlag::sparsity",4096,0.2,1.37412e+06
SUM,double,"AnalysisFlag::sparsity",4096,0.2,1.37958e+06
SUM,int64_t,"AnalysisFlag::sparsity",1024,0.2,64749
SUM,int64_t,"AnalysisFlag::sparsity",1024,0.2,51579
SUM,int64_t,"AnalysisFlag::sparsity",1024,0.2,50909
SUM,int64_t,"AnalysisFlag::sparsity",1024,0.2,49652
SUM,int64_t,"AnalysisFlag::sparsity",1024,0.2,50578
SUM,int64_t,"AnalysisFlag::sparsity",1024,0.2,52450
SUM,int64_t,"AnalysisFlag::sparsity",1024,0.2,54879
SUM,int64_t,"AnalysisFlag::sparsity",1024,0.2,50966
SUM,int64_t,"AnalysisFlag::sparsity",1024,0.2,51004
SUM,int64_t,"AnalysisFlag::sparsity",1024,0.2,49666
SUM,int64_t,"AnalysisFlag::sparsity",2048,0.2,313518
SUM,int64_t,"AnalysisFlag::sparsity",2048,0.2,209567
SUM,int64_t,"AnalysisFlag::sparsity",2048,0.2,184124
SUM,int64_t,"AnalysisFlag::sparsity",2048,0.2,181944
SUM,int64_t,"AnalysisFlag::sparsity",2048,0.2,184327
SUM,int64_t,"AnalysisFlag::sparsity",2048,0.2,188387
SUM,int64_t,"AnalysisFlag::sparsity",2048,0.2,181084
SUM,int64_t,"AnalysisFlag::sparsity",2048,0.2,183798
SUM,int64_t,"AnalysisFlag::sparsity",2048,0.2,184167
SUM,int64_t,"AnalysisFlag::sparsity",2048,0.2,186100
SUM,int64_t,"AnalysisFlag::sparsity",4096,0.2,1.36782e+06
SUM,int64_t,"AnalysisFlag::sparsity",4096,0.2,1.41642e+06
SUM,int64_t,"AnalysisFlag::sparsity",4096,0.2,1.36396e+06
SUM,int64_t,"AnalysisFlag::sparsity",4096,0.2,1.42376e+06
SUM,int64_t,"AnalysisFlag::sparsity",4096,0.2,1.3665e+06
SUM,int64_t,"AnalysisFlag::sparsity",4096,0.2,1.4047e+06
SUM,int64_t,"AnalysisFlag::sparsity",4096,0.2,1.36683e+06
SUM,int64_t,"AnalysisFlag::sparsity",4096,0.2,1.3784e+06
SUM,int64_t,"AnalysisFlag::sparsity",4096,0.2,1.41363e+06
SUM,int64_t,"AnalysisFlag::sparsity",4096,0.2,1.40988e+06
SUM,double,"AnalysisFlag::sparsity",1024,0.25,1.61974e+06
SUM,double,"AnalysisFlag::sparsity",1024,0.25,1.61356e+06
SUM,double,"AnalysisFlag::sparsity",1024,0.25,1.61351e+06
SUM,double,"AnalysisFlag::sparsity",1024,0.25,1.61126e+06
SUM,double,"AnalysisFlag::sparsity",1024,0.25,1.61406e+06
SUM,double,"AnalysisFlag::sparsity",1024,0.25,1.6114e+06
SUM,double,"AnalysisFlag::sparsity",1024,0.25,1.61839e+06
SUM,double,"AnalysisFlag::sparsity",1024,0.25,1.61276e+06
SUM,double,"AnalysisFlag::sparsity",1024,0.25,1.61586e+06
SUM,double,"AnalysisFlag::sparsity",1024,0.25,1.61765e+06
SUM,double,"AnalysisFlag::sparsity",2048,0.25,6.49705e+06
SUM,double,"AnalysisFlag::sparsity",2048,0.25,6.49748e+06
SUM,double,"AnalysisFlag::sparsity",2048,0.25,6.48766e+06
SUM,double,"AnalysisFlag::sparsity",2048,0.25,6.51275e+06
SUM,double,"AnalysisFlag::sparsity",2048,0.25,6.51302e+06
SUM,double,"AnalysisFlag::sparsity",2048,0.25,6.49885e+06
SUM,double,"AnalysisFlag::sparsity",2048,0.25,6.4947e+06
SUM,double,"AnalysisFlag::sparsity",2048,0.25,6.50975e+06
SUM,double,"AnalysisFlag::sparsity",2048,0.25,6.49541e+06
SUM,double,"AnalysisFlag::sparsity",2048,0.25,6.51872e+06
SUM,double,"AnalysisFlag::sparsity",4096,0.25,2.59232e+07
SUM,double,"AnalysisFlag::sparsity",4096,0.25,2.59149e+07
SUM,double,"AnalysisFlag::sparsity",4096,0.25,2.59285e+07
SUM,double,"AnalysisFlag::sparsity",4096,0.25,2.59386e+07
SUM,double,"AnalysisFlag::sparsity",4096,0.25,2.5959e+07
SUM,double,"AnalysisFlag::sparsity",4096,0.25,2.59533e+07
SUM,double,"AnalysisFlag::sparsity",4096,0.25,2.59423e+07
SUM,double,"AnalysisFlag::sparsity",4096,0.25,2.59432e+07
SUM,double,"AnalysisFlag::sparsity",4096,0.25,2.59697e+07
SUM,double,"AnalysisFlag::sparsity",4096,0.25,2.59563e+07
SUM,int64_t,"AnalysisFlag::sparsity",1024,0.25,1.6133e+06
SUM,int64_t,"AnalysisFlag::sparsity",1024,0.25,1.60964e+06
SUM,int64_t,"AnalysisFlag::sparsity",1024,0.25,1.81927e+06
SUM,int64_t,"AnalysisFlag::sparsity",1024,0.25,1.61051e+06
SUM,int64_t,"AnalysisFlag::sparsity",1024,0.25,1.44175e+06
SUM,int64_t,"AnalysisFlag::sparsity",1024,0.25,1.67473e+06
SUM,int64_t,"AnalysisFlag::sparsity",1024,0.25,1.60976e+06
SUM,int64_t,"AnalysisFlag::sparsity",1024,0.25,1.60756e+06
SUM,int64_t,"AnalysisFlag::sparsity",1024,0.25,1.60936e+06
SUM,int64_t,"AnalysisFlag::sparsity",1024,0.25,1.60771e+06
SUM,int64_t,"AnalysisFlag::sparsity",2048,0.25,5.45541e+06
SUM,int64_t,"AnalysisFlag::sparsity",2048,0.25,5.43663e+06
SUM,int64_t,"AnalysisFlag::sparsity",2048,0.25,5.43978e+06
SUM,int64_t,"AnalysisFlag::sparsity",2048,0.25,5.4399e+06
SUM,int64_t,"AnalysisFlag::sparsity",2048,0.25,5.43756e+06
SUM,int64_t,"AnalysisFlag::sparsity",2048,0.25,5.44046e+06
SUM,int64_t,"AnalysisFlag::sparsity",2048,0.25,6.43458e+06
SUM,int64_t,"AnalysisFlag::sparsity",2048,0.25,5.43774e+06
SUM,int64_t,"AnalysisFlag::sparsity",2048,0.25,5.43894e+06
SUM,int64_t,"AnalysisFlag::sparsity",2048,0.25,5.44145e+06
SUM,int64_t,"AnalysisFlag::sparsity",4096,0.25,2.14323e+07
SUM,int64_t,"AnalysisFlag::sparsity",4096,0.25,2.14088e+07
SUM,int64_t,"AnalysisFlag::sparsity",4096,0.25,2.15443e+07
SUM,int64_t,"AnalysisFlag::sparsity",4096,0.25,2.14068e+07
SUM,int64_t,"AnalysisFlag::sparsity",4096,0.25,2.14139e+07
SUM,int64_t,"AnalysisFlag::sparsity",4096,0.25,2.14159e+07
SUM,int64_t,"AnalysisFlag::sparsity",4096,0.25,2.14338e+07
SUM,int64_t,"AnalysisFlag::sparsity",4096,0.25,2.14026e+07
SUM,int64_t,"AnalysisFlag::sparsity",4096,0.25,2.14227e+07
SUM,int64_t,"AnalysisFlag::sparsity",4096,0.25,2.14145e+07
SUM,double,"AnalysisFlag::sparsity",1024,1,1.71592e+06
SUM,double,"AnalysisFlag::sparsity",1024,1,1.61222e+06
SUM,double,"AnalysisFlag::sparsity",1024,1,1.61348e+06
SUM,double,"AnalysisFlag::sparsity",1024,1,1.61137e+06
SUM,double,"AnalysisFlag::sparsity",1024,1,1.613e+06
SUM,double,"AnalysisFlag::sparsity",1024,1,1.61143e+06
SUM,double,"AnalysisFlag::sparsity",1024,1,1.61324e+06
SUM,double,"AnalysisFlag::sparsity",1024,1,1.62081e+06
SUM,double,"AnalysisFlag::sparsity",1024,1,1.61326e+06
SUM,double,"AnalysisFlag::sparsity",1024,1,1.61135e+06
SUM,double,"AnalysisFlag::sparsity",2048,1,6.50188e+06
SUM,double,"AnalysisFlag::sparsity",2048,1,6.49182e+06
SUM,double,"AnalysisFlag::sparsity",2048,1,6.48703e+06
SUM,double,"AnalysisFlag::sparsity",2048,1,6.49629e+06
SUM,double,"AnalysisFlag::sparsity",2048,1,6.50284e+06
SUM,double,"AnalysisFlag::sparsity",2048,1,6.50346e+06
SUM,double,"AnalysisFlag::sparsity",2048,1,6.4972e+06
SUM,double,"AnalysisFlag::sparsity",2048,1,6.50943e+06
SUM,double,"AnalysisFlag::sparsity",2048,1,6.51204e+06
SUM,double,"AnalysisFlag::sparsity",2048,1,6.50373e+06
SUM,double,"AnalysisFlag::sparsity",4096,1,2.5927e+07
SUM,double,"AnalysisFlag::sparsity",4096,1,2.59206e+07
SUM,double,"AnalysisFlag::sparsity",4096,1,2.59463e+07
SUM,double,"AnalysisFlag::sparsity",4096,1,2.59694e+07
SUM,double,"AnalysisFlag::sparsity",4096,1,2.59096e+07
SUM,double,"AnalysisFlag::sparsity",4096,1,2.59705e+07
SUM,double,"AnalysisFlag::sparsity",4096,1,2.59225e+07
SUM,double,"AnalysisFlag::sparsity",4096,1,2.60584e+07
SUM,double,"AnalysisFlag::sparsity",4096,1,2.59333e+07
SUM,double,"AnalysisFlag::sparsity",4096,1,2.59722e+07
SUM,int64_t,"AnalysisFlag::sparsity",1024,1,1.66793e+06
SUM,int64_t,"AnalysisFlag::sparsity",1024,1,1.61217e+06
SUM,int64_t,"AnalysisFlag::sparsity",1024,1,1.60986e+06
SUM,int64_t,"AnalysisFlag::sparsity",1024,1,1.61166e+06
SUM,int64_t,"AnalysisFlag::sparsity",1024,1,1.60981e+06
SUM,int64_t,"AnalysisFlag::sparsity",1024,1,1.61182e+06
SUM,int64_t,"AnalysisFlag::sparsity",1024,1,1.61184e+06
SUM,int64_t,"AnalysisFlag::sparsity",1024,1,1.61211e+06
SUM,int64_t,"AnalysisFlag::sparsity",1024,1,1.61197e+06
SUM,int64_t,"AnalysisFlag::sparsity",1024,1,1.60991e+06
SUM,int64_t,"AnalysisFlag::sparsity",2048,1,6.43753e+06
SUM,int64_t,"AnalysisFlag::sparsity",2048,1,6.43513e+06
SUM,int64_t,"AnalysisFlag::sparsity",2048,1,6.43117e+06
SUM,int64_t,"AnalysisFlag::sparsity",2048,1,6.4331e+06
SUM,int64_t,"AnalysisFlag::sparsity",2048,1,6.4313e+06
SUM,int64_t,"AnalysisFlag::sparsity",2048,1,6.43165e+06
SUM,int64_t,"AnalysisFlag::sparsity",2048,1,6.43413e+06
SUM,int64_t,"AnalysisFlag::sparsity",2048,1,6.43394e+06
SUM,int64_t,"AnalysisFlag::sparsity",2048,1,6.43002e+06
SUM,int64_t,"AnalysisFlag::sparsity",2048,1,6.4332e+06
SUM,int64_t,"AnalysisFlag::sparsity",4096,1,2.56987e+07
SUM,int64_t,"AnalysisFlag::sparsity",4096,1,2.56929e+07
SUM,int64_t,"AnalysisFlag::sparsity",4096,1,2.58324e+07
SUM,int64_t,"AnalysisFlag::sparsity",4096,1,2.56999e+07
SUM,int64_t,"AnalysisFlag::sparsity",4096,1,2.57082e+07
SUM,int64_t,"AnalysisFlag::sparsity",4096,1,2.56953e+07
SUM,int64_t,"AnalysisFlag::sparsity",4096,1,2.56938e+07
SUM,int64_t,"AnalysisFlag::sparsity",4096,1,2.56991e+07
SUM,int64_t,"AnalysisFlag::sparsity",4096,1,2.56997e+07
SUM,int64_t,"AnalysisFlag::sparsity",4096,1,2.57241e+07
MEAN,double,"AnalysisFlag::sparsity",1024,0.001,15261
MEAN,double,"AnalysisFlag::sparsity",1024,0.001,9864
MEAN,double,"AnalysisFlag::sparsity",1024,0.001,13708
MEAN,double,"AnalysisFlag::sparsity",1024,0.001,12410
MEAN,double,"AnalysisFlag::sparsity",1024,0.001,12416
MEAN,double,"AnalysisFlag::sparsity",1024,0.001,12483
MEAN,double,"AnalysisFlag::sparsity",1024,0.001,12206
MEAN,double,"AnalysisFlag::sparsity",1024,0.001,12453
MEAN,double,"AnalysisFlag::sparsity",1024,0.001,12081
MEAN,double,"AnalysisFlag::sparsity",1024,0.001,12412
MEAN,double,"AnalysisFlag::sparsity",2048,0.001,28417
MEAN,double,"AnalysisFlag::sparsity",2048,0.001,20696
MEAN,double,"AnalysisFlag::sparsity",2048,0.001,26299
MEAN,double,"AnalysisFlag::sparsity",2048,0.001,26689
MEAN,double,"AnalysisFlag::sparsity",2048,0.001,26888
MEAN,double,"AnalysisFlag::sparsity",2048,0.001,26430
MEAN,double,"AnalysisFlag::sparsity",2048,0.001,25568
MEAN,double,"AnalysisFlag::sparsity",2048,0.001,25710
MEAN,double,"AnalysisFlag::sparsity",2048,0.001,25295
MEAN,double,"AnalysisFlag::sparsity",2048,0.001,25803
MEAN,double,"AnalysisFlag::sparsity",4096,0.001,64284
MEAN,double,"AnalysisFlag::sparsity",4096,0.001,61182
MEAN,double,"AnalysisFlag::sparsity",4096,0.001,62980
MEAN,double,"AnalysisFlag::sparsity",4096,0.001,63092
MEAN,double,"AnalysisFlag::sparsity",4096,0.001,63569
MEAN,double,"AnalysisFlag::sparsity",4096,0.001,61642
MEAN,double,"AnalysisFlag::sparsity",4096,0.001,61545
MEAN,double,"AnalysisFlag::sparsity",4096,0.001,61472
MEAN,double,"AnalysisFlag::sparsity",4096,0.001,62353
MEAN,double,"AnalysisFlag::sparsity",4096,0.001,61476
MEAN,int64_t,"AnalysisFlag::sparsity",1024,0.001,12361
MEAN,int64_t,"AnalysisFlag::sparsity",1024,0.001,7559
MEAN,int64_t,"AnalysisFlag::sparsity",1024,0.001,10846
MEAN,int64_t,"AnalysisFlag::sparsity",1024,0.001,10895
MEAN,int64_t,"AnalysisFlag::sparsity",1024,0.001,10384
MEAN,int64_t,"AnalysisFlag::sparsity",1024,0.001,10623
MEAN,int64_t,"AnalysisFlag::sparsity",1024,0.001,10534
MEAN,int64_t,"AnalysisFlag::sparsity",1024,0.001,10297
MEAN,int64_t,"AnalysisFlag::sparsity",1024,0.001,10069
MEAN,int64_t,"AnalysisFlag::sparsity",1024,0.001,10421
MEAN,int64_t,"AnalysisFlag::sparsity",2048,0.001,24284
MEAN,int64_t,"AnalysisFlag::sparsity",2048,0.001,18726
MEAN,int64_t,"AnalysisFlag::sparsity",2048,0.001,23015
MEAN,int64_t,"AnalysisFlag::sparsity",2048,0.001,23546
MEAN,int64_t,"AnalysisFlag::sparsity",2048,0.001,25043
MEAN,int64_t,"AnalysisFlag::sparsity",2048,0.001,22856
MEAN,int64_t,"AnalysisFlag::sparsity",2048,0.001,23183
MEAN,int64_t,"AnalysisFlag::sparsity",2048,0.001,23427
MEAN,int64_t,"AnalysisFlag::sparsity",2048,0.001,22768
MEAN,int64_t,"AnalysisFlag::sparsity",2048,0.001,23036
MEAN,int64_t,"AnalysisFlag::sparsity",4096,0.001,58572
MEAN,int64_t,"AnalysisFlag::sparsity",4096,0.001,56384
MEAN,int64_t,"AnalysisFlag::sparsity",4096,0.001,58357
MEAN,int64_t,"AnalysisFlag::sparsity",4096,0.001,57375
MEAN,int64_t,"AnalysisFlag::sparsity",4096,0.001,56964
MEAN,int64_t,"AnalysisFlag::sparsity",4096,0.001,58588
MEAN,int64_t,"AnalysisFlag::sparsity",4096,0.001,57656
MEAN,int64_t,"AnalysisFlag::sparsity",4096,0.001,58054
MEAN,int64_t,"AnalysisFlag::sparsity",4096,0.001,57663
MEAN,int64_t,"AnalysisFlag::sparsity",4096,0.001,56228
MEAN,double,"AnalysisFlag::sparsity",1024,0.01,18939
MEAN,double,"AnalysisFlag::sparsity",1024,0.01,17449
MEAN,double,"AnalysisFlag::sparsity",1024,0.01,18907
MEAN,double,"AnalysisFlag::sparsity",1024,0.01,18647
MEAN,double,"AnalysisFlag::sparsity",1024,0.01,18687
MEAN,double,"AnalysisFlag::sparsity",1024,0.01,18356
MEAN,double,"AnalysisFlag::sparsity",1024,0.01,18398
MEAN,double,"AnalysisFlag::sparsity",1024,0.01,18234
MEAN,double,"AnalysisFlag::sparsity",1024,0.01,18617
MEAN,double,"AnalysisFlag::sparsity",1024,0.01,18639
MEAN,double,"AnalysisFlag::sparsity",2048,0.01,41068
MEAN,double,"AnalysisFlag::sparsity",2048,0.01,40256
MEAN,double,"AnalysisFlag::sparsity",2048,0.01,41083
MEAN,double,"AnalysisFlag::sparsity",2048,0.01,42547
MEAN,double,"AnalysisFlag::sparsity",2048,0.01,41880
MEAN,double,"AnalysisFlag::sparsity",2048,0.01,40815
MEAN,double,"AnalysisFlag::sparsity",2048,0.01,42869
MEAN,double,"AnalysisFlag::sparsity",2048,0.01,41445
MEAN,double,"AnalysisFlag::sparsity",2048,0.01,41429
MEAN,double,"AnalysisFlag::sparsity",2048,0.01,41309
MEAN,double,"AnalysisFlag::sparsity",4096,0.01,102411
MEAN,double,"AnalysisFlag::sparsity",4096,0.01,97757
MEAN,double,"AnalysisFlag::sparsity",4096,0.01,96347
MEAN,double,"AnalysisFlag::sparsity",4096,0.01,99043
MEAN,double,"AnalysisFlag::sparsity",4096,0.01,96817
MEAN,double,"AnalysisFlag::sparsity",4096,0.01,97353
MEAN,double,"AnalysisFlag::sparsity",4096,0.01,98047
MEAN,double,"AnalysisFlag::sparsity",4096,0.01,97969
MEAN,double,"AnalysisFlag::sparsity",4096,0.01,96768
MEAN,double,"AnalysisFlag::sparsity",4096,0.01,97808
MEAN,int64_t,"AnalysisFlag::sparsity",1024,0.01,18940
MEAN,int64_t,"AnalysisFlag::sparsity",1024,0.01,16865
MEAN,int64_t,"AnalysisFlag::sparsity",1024,0.01,18266
MEAN,int64_t,"AnalysisFlag::sparsity",1024,0.01,18066
MEAN,int64_t,"AnalysisFlag::sparsity",1024,0.01,17364
MEAN,int64_t,"AnalysisFlag::sparsity",1024,0.01,18193
MEAN,int64_t,"AnalysisFlag::sparsity",1024,0.01,17929
MEAN,int64_t,"AnalysisFlag::sparsity",1024,0.01,18088
MEAN,int64_t,"AnalysisFlag::sparsity",1024,0.01,17401
MEAN,int64_t,"AnalysisFlag::sparsity",1024,0.01,17610
MEAN,int64_t,"AnalysisFlag::sparsity",2048,0.01,40695
MEAN,int64_t,"AnalysisFlag::sparsity",2048,0.01,41421
MEAN,int64_t,"AnalysisFlag::sparsity",2048,0.01,38778
MEAN,int64_t,"AnalysisFlag::sparsity",2048,0.01,38929
MEAN,int64_t,"AnalysisFlag::sparsity",2048,0.01,40088
MEAN,int64_t,"AnalysisFlag::sparsity",2048,0.01,39477
MEAN,int64_t,"AnalysisFlag::sparsity",2048,0.01,39921
MEAN,int64_t,"AnalysisFlag::sparsity",2048,0.01,39283
MEAN,int64_t,"AnalysisFlag::sparsity",2048,0.01,39598
MEAN,int64_t,"AnalysisFlag::sparsity",2048,0.01,38890
MEAN,int64_t,"AnalysisFlag::sparsity",4096,0.01,95028
MEAN,int64_t,"AnalysisFlag::sparsity",4096,0.01,95436
MEAN,int64_t,"AnalysisFlag::sparsity",4096,0.01,91588
MEAN,int64_t,"AnalysisFlag::sparsity",4096,0.01,90785
MEAN,int64_t,"AnalysisFlag::sparsity",4096,0.01,92654
MEAN,int64_t,"AnalysisFlag::sparsity",4096,0.01,93059
MEAN,int64_t,"AnalysisFlag::sparsity",4096,0.01,92488
MEAN,int64_t,"AnalysisFlag::sparsity",4096,0.01,94097
MEAN,int64_t,"AnalysisFlag::sparsity",4096,0.01,91129
MEAN,int64_t,"AnalysisFlag::sparsity",4096,0.01,90959
MEAN,double,"AnalysisFlag::sparsity",1024,0.05,27607
MEAN,double,"AnalysisFlag::sparsity",1024,0.05,27163
MEAN,double,"AnalysisFlag::sparsity",1024,0.05,27302
MEAN,double,"AnalysisFlag::sparsity",1024,0.05,26744
MEAN,double,"AnalysisFlag::sparsity",1024,0.05,27037
MEAN,double,"AnalysisFlag::sparsity",1024,0.05,27616
MEAN,double,"AnalysisFlag::sparsity",1024,0.05,26989
MEAN,double,"AnalysisFlag::sparsity",1024,0.05,27293
MEAN,double,"AnalysisFlag::sparsity",1024,0.05,27765
MEAN,double,"AnalysisFlag::sparsity",1024,0.05,26955
MEAN,double,"AnalysisFlag::sparsity",2048,0.05,65754
MEAN,double,"AnalysisFlag::sparsity",2048,0.05,63655
MEAN,double,"AnalysisFlag::sparsity",2048,0.05,65314
MEAN,double,"AnalysisFlag::sparsity",2048,0.05,67224
MEAN,double,"AnalysisFlag::sparsity",2048,0.05,65472
MEAN,double,"AnalysisFlag::sparsity",2048,0.05,63852
MEAN,double,"AnalysisFlag::sparsity",2048,0.05,66540
MEAN,double,"AnalysisFlag::sparsity",2048,0.05,65045
MEAN,double,"AnalysisFlag::sparsity",2048,0.05,65326
MEAN,double,"AnalysisFlag::sparsity",2048,0.05,64965
MEAN,double,"AnalysisFlag::sparsity",4096,0.05,339218
MEAN,double,"AnalysisFlag::sparsity",4096,0.05,213422
MEAN,double,"AnalysisFlag::sparsity",4096,0.05,210173
MEAN,double,"AnalysisFlag::sparsity",4096,0.05,207608
MEAN,double,"AnalysisFlag::sparsity",4096,0.05,200458
MEAN,double,"AnalysisFlag::sparsity",4096,0.05,198147
MEAN,double,"AnalysisFlag::sparsity",4096,0.05,200297
MEAN,double,"AnalysisFlag::sparsity",4096,0.05,200599
MEAN,double,"AnalysisFlag::sparsity",4096,0.05,208733
MEAN,double,"AnalysisFlag::sparsity",4096,0.05,200860
MEAN,int64_t,"AnalysisFlag::sparsity",1024,0.05,29105
MEAN,int64_t,"AnalysisFlag::sparsity",1024,0.05,26628
MEAN,int64_t,"AnalysisFlag::sparsity",1024,0.05,26641
MEAN,int64_t,"AnalysisFlag::sparsity",1024,0.05,26758
MEAN,int64_t,"AnalysisFlag::sparsity",1024,0.05,26873
MEAN,int64_t,"AnalysisFlag::sparsity",1024,0.05,26729
MEAN,int64_t,"AnalysisFlag::sparsity",1024,0.05,25751
MEAN,int64_t,"AnalysisFlag::sparsity",1024,0.05,26219
MEAN,int64_t,"AnalysisFlag::sparsity",1024,0.05,26340
MEAN,int64_t,"AnalysisFlag::sparsity",1024,0.05,25567
MEAN,int64_t,"AnalysisFlag::sparsity",2048,0.05,64629
MEAN,int64_t,"AnalysisFlag::sparsity",2048,0.05,62767
MEAN,int64_t,"AnalysisFlag::sparsity",2048,0.05,63228
MEAN,int64_t,"AnalysisFlag::sparsity",2048,0.05,64211
MEAN,int64_t,"AnalysisFlag::sparsity",2048,0.05,63230
MEAN,int64_t,"AnalysisFlag::sparsity",2048,0.05,64520
MEAN,int64_t,"AnalysisFlag::sparsity",2048,0.05,64992
MEAN,int64_t,"AnalysisFlag::sparsity",2048,0.05,63402
MEAN,int64_t,"AnalysisFlag::sparsity",2048,0.05,64304
MEAN,int64_t,"AnalysisFlag::sparsity",2048,0.05,62574
MEAN,int64_t,"AnalysisFlag::sparsity",4096,0.05,214061
MEAN,int64_t,"AnalysisFlag::sparsity",4096,0.05,200313
MEAN,int64_t,"AnalysisFlag::sparsity",4096,0.05,204975
MEAN,int64_t,"AnalysisFlag::sparsity",4096,0.05,201909
MEAN,int64_t,"AnalysisFlag::sparsity",4096,0.05,207685
MEAN,int64_t,"AnalysisFlag::sparsity",4096,0.05,204927
MEAN,int64_t,"AnalysisFlag::sparsity",4096,0.05,198833
MEAN,int64_t,"AnalysisFlag::sparsity",4096,0.05,207872
MEAN,int64_t,"AnalysisFlag::sparsity",4096,0.05,200157
MEAN,int64_t,"AnalysisFlag::sparsity",4096,0.05,194829
MEAN,double,"AnalysisFlag::sparsity",1024,0.1,36598
MEAN,double,"AnalysisFlag::sparsity",1024,0.1,33417
MEAN,double,"AnalysisFlag::sparsity",1024,0.1,34545
MEAN,double,"AnalysisFlag::sparsity",1024,0.1,33734
MEAN,double,"AnalysisFlag::sparsity",1024,0.1,33962
MEAN,double,"AnalysisFlag::sparsity",1024,0.1,36661
MEAN,double,"AnalysisFlag::sparsity",1024,0.1,34206
MEAN,double,"AnalysisFlag::sparsity",1024,0.1,34447
MEAN,double,"AnalysisFlag::sparsity",1024,0.1,33653
MEAN,double,"AnalysisFlag::sparsity",1024,0.1,33261
MEAN,double,"AnalysisFlag::sparsity",2048,0.1,103020
MEAN,double,"AnalysisFlag::sparsity",2048,0.1,97512
MEAN,double,"AnalysisFlag::sparsity",2048,0.1,96778
MEAN,double,"AnalysisFlag::sparsity",2048,0.1,97623
MEAN,double,"AnalysisFlag::sparsity",2048,0.1,96550
MEAN,double,"AnalysisFlag::sparsity",2048,0.1,97212
MEAN,double,"AnalysisFlag::sparsity",2048,0.1,97258
MEAN,double,"AnalysisFlag::sparsity",2048,0.1,96768
MEAN,double,"AnalysisFlag::sparsity",2048,0.1,97191
MEAN,double,"AnalysisFlag::sparsity",2048,0.1,97005
MEAN,double,"AnalysisFlag::sparsity",4096,0.1,636646
MEAN,double,"AnalysisFlag::sparsity",4096,0.1,625434
MEAN,double,"AnalysisFlag::sparsity",4096,0.1,584869
MEAN,double,"AnalysisFlag::sparsity",4096,0.1,589230
MEAN,double,"AnalysisFlag::sparsity",4096,0.1,585947
MEAN,double,"AnalysisFlag::sparsity",4096,0.1,552729
MEAN,double,"AnalysisFlag::sparsity",4096,0.1,579973
MEAN,double,"AnalysisFlag::sparsity",4096,0.1,613161
MEAN,double,"AnalysisFlag::sparsity",4096,0.1,580284
MEAN,double,"AnalysisFlag::sparsity",4096,0.1,593561
MEAN,int64_t,"AnalysisFlag::sparsity",1024,0.1,37668
MEAN,int64_t,"AnalysisFlag::sparsity",1024,0.1,36417
MEAN,int64_t,"AnalysisFlag::sparsity",1024,0.1,33113
MEAN,int64_t,"AnalysisFlag::sparsity",1024,0.1,35897
MEAN,int64_t,"AnalysisFlag::sparsity",1024,0.1,33038
MEAN,int64_t,"AnalysisFlag::sparsity",1024,0.1,33129
MEAN,int64_t,"AnalysisFlag::sparsity",1024,0.1,33332
MEAN,int64_t,"AnalysisFlag::sparsity",1024,0.1,32625
MEAN,int64_t,"AnalysisFlag::sparsity",1024,0.1,33950
MEAN,int64_t,"AnalysisFlag::sparsity",1024,0.1,32924
MEAN,int64_t,"AnalysisFlag::sparsity",2048,0.1,120339
MEAN,int64_t,"AnalysisFlag::sparsity",2048,0.1,96987
MEAN,int64_t,"AnalysisFlag::sparsity",2048,0.1,97107
MEAN,int64_t,"AnalysisFlag::sparsity",2048,0.1,97368
MEAN,int64_t,"AnalysisFlag::sparsity",2048,0.1,99156
MEAN,int64_t,"AnalysisFlag::sparsity",2048,0.1,95944
MEAN,int64_t,"AnalysisFlag::sparsity",2048,0.1,96879
MEAN,int64_t,"AnalysisFlag::sparsity",2048,0.1,97330
MEAN,int64_t,"AnalysisFlag::sparsity",2048,0.1,98598
MEAN,int64_t,"AnalysisFlag::sparsity",2048,0.1,96983
MEAN,int64_t,"AnalysisFlag::sparsity",4096,0.1,569489
MEAN,int64_t,"AnalysisFlag::sparsity",4096,0.1,608055
MEAN,int64_t,"AnalysisFlag::sparsity",4096,0.1,587151
MEAN,int64_t,"AnalysisFlag::sparsity",4096,0.1,576514
MEAN,int64_t,"AnalysisFlag::sparsity",4096,0.1,583070
MEAN,int64_t,"AnalysisFlag::sparsity",4096,0.1,554291
MEAN,int64_t,"AnalysisFlag::sparsity",4096,0.1,569706
MEAN,int64_t,"AnalysisFlag::sparsity",4096,0.1,586609
MEAN,int64_t,"AnalysisFlag::sparsity",4096,0.1,589121
MEAN,int64_t,"AnalysisFlag::sparsity",4096,0.1,571277
MEAN,double,"AnalysisFlag::sparsity",1024,0.2,65420
MEAN,double,"AnalysisFlag::sparsity",1024,0.2,52322
MEAN,double,"AnalysisFlag::sparsity",1024,0.2,51280
MEAN,double,"AnalysisFlag::sparsity",1024,0.2,50742
MEAN,double,"AnalysisFlag::sparsity",1024,0.2,50681
MEAN,double,"AnalysisFlag::sparsity",1024,0.2,50779
MEAN,double,"AnalysisFlag::sparsity",1024,0.2,52408
MEAN,double,"AnalysisFlag::sparsity",1024,0.2,50716
MEAN,double,"AnalysisFlag::sparsity",1024,0.2,50328
MEAN,double,"AnalysisFlag::sparsity",1024,0.2,50747
MEAN,double,"AnalysisFlag::sparsity",2048,0.2,248718
MEAN,double,"AnalysisFlag::sparsity",2048,0.2,186284
MEAN,double,"AnalysisFlag::sparsity",2048,0.2,189770
MEAN,double,"AnalysisFlag::sparsity",2048,0.2,185135
MEAN,double,"AnalysisFlag::sparsity",2048,0.2,187282
MEAN,double,"AnalysisFlag::sparsity",2048,0.2,188232
MEAN,double,"AnalysisFlag::sparsity",2048,0.2,192975
MEAN,double,"AnalysisFlag::sparsity",2048,0.2,188694
MEAN,double,"AnalysisFlag::sparsity",2048,0.2,185168
MEAN,double,"AnalysisFlag::sparsity",2048,0.2,185452
MEAN,double,"AnalysisFlag::sparsity",4096,0.2,1.377e+06
MEAN,double,"AnalysisFlag::sparsity",4096,0.2,1.41036e+06
MEAN,double,"AnalysisFlag::sparsity",4096,0.2,1.3861e+06
MEAN,double,"AnalysisFlag::sparsity",4096,0.2,1.37804e+06
MEAN,double,"AnalysisFlag::sparsity",4096,0.2,1.35053e+06
MEAN,double,"AnalysisFlag::sparsity",4096,0.2,1.38531e+06
MEAN,double,"AnalysisFlag::sparsity",4096,0.2,1.3838e+06
MEAN,double,"AnalysisFlag::sparsity",4096,0.2,1.424e+06
MEAN,double,"AnalysisFlag::sparsity",4096,0.2,1.37149e+06
MEAN,double,"AnalysisFlag::sparsity",4096,0.2,1.3953e+06
MEAN,int64_t,"AnalysisFlag::sparsity",1024,0.2,65952
MEAN,int64_t,"AnalysisFlag::sparsity",1024,0.2,51958
MEAN,int64_t,"AnalysisFlag::sparsity",1024,0.2,51048
MEAN,int64_t,"AnalysisFlag::sparsity",1024,0.2,51091
MEAN,int64_t,"AnalysisFlag::sparsity",1024,0.2,56159
MEAN,int64_t,"AnalysisFlag::sparsity",1024,0.2,50624
MEAN,int64_t,"AnalysisFlag::sparsity",1024,0.2,50662
MEAN,int64_t,"AnalysisFlag::sparsity",1024,0.2,51075
MEAN,int64_t,"AnalysisFlag::sparsity",1024,0.2,52343
MEAN,int64_t,"AnalysisFlag::sparsity",1024,0.2,51954
MEAN,int64_t,"AnalysisFlag::sparsity",2048,0.2,315548
MEAN,int64_t,"AnalysisFlag::sparsity",2048,0.2,209594
MEAN,int64_t,"AnalysisFlag::sparsity",2048,0.2,185801
MEAN,int64_t,"AnalysisFlag::sparsity",2048,0.2,184265
MEAN,int64_t,"AnalysisFlag::sparsity",2048,0.2,182847
MEAN,int64_t,"AnalysisFlag::sparsity",2048,0.2,193874
MEAN,int64_t,"AnalysisFlag::sparsity",2048,0.2,307429
MEAN,int64_t,"AnalysisFlag::sparsity",2048,0.2,223253
MEAN,int64_t,"AnalysisFlag::sparsity",2048,0.2,189016
MEAN,int64_t,"AnalysisFlag::sparsity",2048,0.2,183078
MEAN,int64_t,"AnalysisFlag::sparsity",4096,0.2,1.38072e+06
MEAN,int64_t,"AnalysisFlag::sparsity",4096,0.2,1.42256e+06
MEAN,int64_t,"AnalysisFlag::sparsity",4096,0.2,1.33903e+06
MEAN,int64_t,"AnalysisFlag::sparsity",4096,0.2,1.41518e+06
MEAN,int64_t,"AnalysisFlag::sparsity",4096,0.2,1.37227e+06
MEAN,int64_t,"AnalysisFlag::sparsity",4096,0.2,1.37851e+06
MEAN,int64_t,"AnalysisFlag::sparsity",4096,0.2,1.37423e+06
MEAN,int64_t,"AnalysisFlag::sparsity",4096,0.2,1.37984e+06
MEAN,int64_t,"AnalysisFlag::sparsity",4096,0.2,1.37801e+06
MEAN,int64_t,"AnalysisFlag::sparsity",4096,0.2,1.409e+06
MEAN,double,"AnalysisFlag::sparsity",1024,0.25,1.62799e+06
MEAN,double,"AnalysisFlag::sparsity",1024,0.25,1.61404e+06
MEAN,double,"AnalysisFlag::sparsity",1024,0.25,1.61539e+06
MEAN,double,"AnalysisFlag::sparsity",1024,0.25,1.61094e+06
MEAN,double,"AnalysisFlag::sparsity",1024,0.25,1.61024e+06
MEAN,double,"AnalysisFlag::sparsity",1024,0.25,1.61075e+06
MEAN,double,"AnalysisFlag::sparsity",1024,0.25,1.60831e+06
MEAN,double,"AnalysisFlag::sparsity",1024,0.25,1.60925e+06
MEAN,double,"AnalysisFlag::sparsity",1024,0.25,1.61058e+06
MEAN,double,"AnalysisFlag::sparsity",1024,0.25,1.60842e+06
MEAN,double,"AnalysisFlag::sparsity",2048,0.25,6.50075e+06
MEAN,double,"AnalysisFlag::sparsity",2048,0.25,6.52194e+06
MEAN,double,"AnalysisFlag::sparsity",2048,0.25,6.51032e+06
MEAN,double,"AnalysisFlag::sparsity",2048,0.25,6.51902e+06
MEAN,double,"AnalysisFlag::sparsity",2048,0.25,6.51471e+06
MEAN,double,"AnalysisFlag::sparsity",2048,0.25,6.5313e+06
MEAN,double,"AnalysisFlag::sparsity",2048,0.25,6.51624e+06
MEAN,double,"AnalysisFlag::sparsity",2048,0.25,6.51258e+06
MEAN,double,"AnalysisFlag::sparsity",2048,0.25,6.51968e+06
MEAN,double,"AnalysisFlag::sparsity",2048,0.25,6.51457e+06
MEAN,double,"AnalysisFlag::sparsity",4096,0.25,2.6011e+07
MEAN,double,"AnalysisFlag::sparsity",4096,0.25,2.59893e+07
MEAN,double,"AnalysisFlag::sparsity",4096,0.25,2.59603e+07
MEAN,double,"AnalysisFlag::sparsity",4096,0.25,2.59583e+07
MEAN,double,"AnalysisFlag::sparsity",4096,0.25,2.59742e+07
MEAN,double,"AnalysisFlag::sparsity",4096,0.25,2.59355e+07
MEAN,double,"AnalysisFlag::sparsity",4096,0.25,2.59278e+07
MEAN,double,"AnalysisFlag::sparsity",4096,0.25,2.59732e+07
MEAN,double,"AnalysisFlag::sparsity",4096,0.25,2.59052e+07
MEAN,double,"AnalysisFlag::sparsity",4096,0.25,2.59877e+07
MEAN,int64_t,"AnalysisFlag::sparsity",1024,0.25,1.55897e+06
MEAN,int64_t,"AnalysisFlag::sparsity",1024,0.25,1.44617e+06
MEAN,int64_t,"AnalysisFlag::sparsity",1024,0.25,1.44468e+06
MEAN,int64_t,"AnalysisFlag::sparsity",1024,0.25,1.44446e+06
MEAN,int64_t,"AnalysisFlag::sparsity",1024,0.25,1.44354e+06
MEAN,int64_t,"AnalysisFlag::sparsity",1024,0.25,1.44309e+06
MEAN,int64_t,"AnalysisFlag::sparsity",1024,0.25,1.44318e+06
MEAN,int64_t,"AnalysisFlag::sparsity",1024,0.25,1.45018e+06
MEAN,int64_t,"AnalysisFlag::sparsity",1024,0.25,1.44417e+06
MEAN,int64_t,"AnalysisFlag::sparsity",1024,0.25,1.44351e+06
MEAN,int64_t,"AnalysisFlag::sparsity",2048,0.25,6.45303e+06
MEAN,int64_t,"AnalysisFlag::sparsity",2048,0.25,6.45451e+06
MEAN,int64_t,"AnalysisFlag::sparsity",2048,0.25,6.45401e+06
MEAN,int64_t,"AnalysisFlag::sparsity",2048,0.25,6.44814e+06
MEAN,int64_t,"AnalysisFlag::sparsity",2048,0.25,6.16051e+06
MEAN,int64_t,"AnalysisFlag::sparsity",2048,0.25,5.55298e+06
MEAN,int64_t,"AnalysisFlag::sparsity",2048,0.25,6.09269e+06
MEAN,int64_t,"AnalysisFlag::sparsity",2048,0.25,6.0523e+06
MEAN,int64_t,"AnalysisFlag::sparsity",2048,0.25,6.00654e+06
MEAN,int64_t,"AnalysisFlag::sparsity",2048,0.25,5.44362e+06
MEAN,int64_t,"AnalysisFlag::sparsity",4096,0.25,2.5287e+07
MEAN,int64_t,"AnalysisFlag::sparsity",4096,0.25,2.57078e+07
MEAN,int64_t,"AnalysisFlag::sparsity",4096,0.25,2.47254e+07
MEAN,int64_t,"AnalysisFlag::sparsity",4096,0.25,2.49327e+07
MEAN,int64_t,"AnalysisFlag::sparsity",4096,0.25,2.24478e+07
MEAN,int64_t,"AnalysisFlag::sparsity",4096,0.25,2.50196e+07
MEAN,int64_t,"AnalysisFlag::sparsity",4096,0.25,2.57107e+07
MEAN,int64_t,"AnalysisFlag::sparsity",4096,0.25,2.45378e+07
MEAN,int64_t,"AnalysisFlag::sparsity",4096,0.25,2.44643e+07
MEAN,int64_t,"AnalysisFlag::sparsity",4096,0.25,2.2385e+07
MEAN,double,"AnalysisFlag::sparsity",1024,1,1.71432e+06
MEAN,double,"AnalysisFlag::sparsity",1024,1,1.61759e+06
MEAN,double,"AnalysisFlag::sparsity",1024,1,1.60956e+06
MEAN,double,"AnalysisFlag::sparsity",1024,1,1.61172e+06
MEAN,double,"AnalysisFlag::sparsity",1024,1,1.60916e+06
MEAN,double,"AnalysisFlag::sparsity",1024,1,1.61545e+06
MEAN,double,"AnalysisFlag::sparsity",1024,1,1.60944e+06
MEAN,double,"AnalysisFlag::sparsity",1024,1,1.61059e+06
MEAN,double,"AnalysisFlag::sparsity",1024,1,1.61322e+06
MEAN,double,"AnalysisFlag::sparsity",1024,1,1.61136e+06
MEAN,double,"AnalysisFlag::sparsity",2048,1,6.50821e+06
MEAN,double,"AnalysisFlag::sparsity",2048,1,6.50899e+06
MEAN,double,"AnalysisFlag::sparsity",2048,1,6.52217e+06
MEAN,double,"AnalysisFlag::sparsity",2048,1,6.51923e+06
MEAN,double,"AnalysisFlag::sparsity",2048,1,6.50951e+06
MEAN,double,"AnalysisFlag::sparsity",2048,1,6.53458e+06
MEAN,double,"AnalysisFlag::sparsity",2048,1,6.51373e+06
MEAN,double,"AnalysisFlag::sparsity",2048,1,6.51071e+06
MEAN,double,"AnalysisFlag::sparsity",2048,1,6.50854e+06
MEAN,double,"AnalysisFlag::sparsity",2048,1,6.52948e+06
MEAN,double,"AnalysisFlag::sparsity",4096,1,2.615e+07
MEAN,double,"AnalysisFlag::sparsity",4096,1,2.59586e+07
MEAN,double,"AnalysisFlag::sparsity",4096,1,2.59572e+07
MEAN,double,"AnalysisFlag::sparsity",4096,1,2.59886e+07
MEAN,double,"AnalysisFlag::sparsity",4096,1,2.602e+07
MEAN,double,"AnalysisFlag::sparsity",4096,1,2.5929e+07
MEAN,double,"AnalysisFlag::sparsity",4096,1,2.5969e+07
MEAN,double,"AnalysisFlag::sparsity",4096,1,2.59886e+07
MEAN,double,"AnalysisFlag::sparsity",4096,1,2.59995e+07
MEAN,double,"AnalysisFlag::sparsity",4096,1,2.60032e+07
MEAN,int64_t,"AnalysisFlag::sparsity",1024,1,1.56491e+06
MEAN,int64_t,"AnalysisFlag::sparsity",1024,1,1.46378e+06
MEAN,int64_t,"AnalysisFlag::sparsity",1024,1,1.44417e+06
MEAN,int64_t,"AnalysisFlag::sparsity",1024,1,1.44266e+06
MEAN,int64_t,"AnalysisFlag::sparsity",1024,1,1.44214e+06
MEAN,int64_t,"AnalysisFlag::sparsity",1024,1,1.44428e+06
MEAN,int64_t,"AnalysisFlag::sparsity",1024,1,1.44237e+06
MEAN,int64_t,"AnalysisFlag::sparsity",1024,1,1.44229e+06
MEAN,int64_t,"AnalysisFlag::sparsity",1024,1,1.44415e+06
MEAN,int64_t,"AnalysisFlag::sparsity",1024,1,1.44396e+06
MEAN,int64_t,"AnalysisFlag::sparsity",2048,1,5.45433e+06
MEAN,int64_t,"AnalysisFlag::sparsity",2048,1,5.44729e+06
MEAN,int64_t,"AnalysisFlag::sparsity",2048,1,6.15835e+06
MEAN,int64_t,"AnalysisFlag::sparsity",2048,1,5.73109e+06
MEAN,int64_t,"AnalysisFlag::sparsity",2048,1,6.01157e+06
MEAN,int64_t,"AnalysisFlag::sparsity",2048,1,5.44239e+06
MEAN,int64_t,"AnalysisFlag::sparsity",2048,1,5.97074e+06
MEAN,int64_t,"AnalysisFlag::sparsity",2048,1,5.44619e+06
MEAN,int64_t,"AnalysisFlag::sparsity",2048,1,6.24366e+06
MEAN,int64_t,"AnalysisFlag::sparsity",2048,1,6.23478e+06
MEAN,int64_t,"AnalysisFlag::sparsity",4096,1,2.49025e+07
MEAN,int64_t,"AnalysisFlag::sparsity",4096,1,2.46379e+07
MEAN,int64_t,"AnalysisFlag::sparsity",4096,1,2.47688e+07
MEAN,int64_t,"AnalysisFlag::sparsity",4096,1,2.4512e+07
MEAN,int64_t,"AnalysisFlag::sparsity",4096,1,2.49721e+07
MEAN,int64_t,"AnalysisFlag::sparsity",4096,1,2.4932e+07
MEAN,int64_t,"AnalysisFlag::sparsity",4096,1,2.25251e+07
MEAN,int64_t,"AnalysisFlag::sparsity",4096,1,2.22329e+07
MEAN,int64_t,"AnalysisFlag::sparsity",4096,1,2.14216e+07
MEAN,int64_t,"AnalysisFlag::sparsity",4096,1,2.1456e+07
STDDEV,double,"AnalysisFlag::sparsity",1024,0.001,17385
STDDEV,double,"AnalysisFlag::sparsity",1024,0.001,12651
STDDEV,double,"AnalysisFlag::sparsity",1024,0.001,14442
STDDEV,double,"AnalysisFlag::sparsity",1024,0.001,14340
STDDEV,double,"AnalysisFlag::sparsity",1024,0.001,13547
STDDEV,double,"AnalysisFlag::sparsity",1024,0.001,13548
STDDEV,double,"AnalysisFlag::sparsity",1024,0.001,13851
STDDEV,double,"AnalysisFlag::sparsity",1024,0.001,13684
STDDEV,double,"AnalysisFlag::sparsity",1024,0.001,13411
STDDEV,double,"AnalysisFlag::sparsity",1024,0.001,13379
STDDEV,double,"AnalysisFlag::sparsity",2048,0.001,32804
STDDEV,double,"AnalysisFlag::sparsity",2048,0.001,29285
STDDEV,double,"AnalysisFlag::sparsity",2048,0.001,30840
STDDEV,double,"AnalysisFlag::sparsity",2048,0.001,30535
STDDEV,double,"AnalysisFlag::sparsity",2048,0.001,31170
STDDEV,double,"AnalysisFlag::sparsity",2048,0.001,30821
STDDEV,double,"AnalysisFlag::sparsity",2048,0.001,30550
STDDEV,double,"AnalysisFlag::sparsity",2048,0.001,30445
STDDEV,double,"AnalysisFlag::sparsity",2048,0.001,30403
STDDEV,double,"AnalysisFlag::sparsity",2048,0.001,30045
STDDEV,double,"AnalysisFlag::sparsity",4096,0.001,80752
STDDEV,double,"AnalysisFlag::sparsity",4096,0.001,75029
STDDEV,double,"AnalysisFlag::sparsity",4096,0.001,79199
STDDEV,double,"AnalysisFlag::sparsity",4096,0.001,78344
STDDEV,double,"AnalysisFlag::sparsity",4096,0.001,76547
STDDEV,double,"AnalysisFlag::sparsity",4096,0.001,76887
STDDEV,double,"AnalysisFlag::sparsity",4096,0.001,75882
STDDEV,double,"AnalysisFlag::sparsity",4096,0.001,75651
STDDEV,double,"AnalysisFlag::sparsity",4096,0.001,76106
STDDEV,double,"AnalysisFlag::sparsity",4096,0.001,75111
STDDEV,int64_t,"AnalysisFlag::sparsity",1024,0.001,13910
STDDEV,int64_t,"AnalysisFlag::sparsity",1024,0.001,10880
STDDEV,int64_t,"AnalysisFlag::sparsity",1024,0.001,13008
STDDEV,int64_t,"AnalysisFlag::sparsity",1024,0.001,12542
STDDEV,int64_t,"AnalysisFlag::sparsity",1024,0.001,12568
STDDEV,int64_t,"AnalysisFlag::sparsity",1024,0.001,12419
STDDEV,int64_t,"AnalysisFlag::sparsity",1024,0.001,12459
STDDEV,int64_t,"AnalysisFlag::sparsity",1024,0.001,12096
STDDEV,int64_t,"AnalysisFlag::sparsity",1024,0.001,11948
STDDEV,int64_t,"AnalysisFlag::sparsity",1024,0.001,12163
STDDEV,int64_t,"AnalysisFlag::sparsity",2048,0.001,29310
STDDEV,int64_t,"AnalysisFlag::sparsity",2048,0.001,24803
STDDEV,int64_t,"AnalysisFlag::sparsity",2048,0.001,29020
STDDEV,int64_t,"AnalysisFlag::sparsity",2048,0.001,28493
STDDEV,int64_t,"AnalysisFlag::sparsity",2048,0.001,32986
STDDEV,int64_t,"AnalysisFlag::sparsity",2048,0.001,28459
STDDEV,int64_t,"AnalysisFlag::sparsity",2048,0.001,29125
STDDEV,int64_t,"AnalysisFlag::sparsity",2048,0.001,28473
STDDEV,int64_t,"AnalysisFlag::sparsity",2048,0.001,33069
STDDEV,int64_t,"AnalysisFlag::sparsity",2048,0.001,29048
STDDEV,int64_t,"AnalysisFlag::sparsity",4096,0.001,78786
STDDEV,int64_t,"AnalysisFlag::sparsity",4096,0.001,73602
STDDEV,int64_t,"AnalysisFlag::sparsity",4096,0.001,75010
STDDEV,int64_t,"AnalysisFlag::sparsity",4096,0.001,73099
STDDEV,int64_t,"AnalysisFlag::sparsity",4096,0.001,73340
STDDEV,int64_t,"AnalysisFlag::sparsity",4096,0.001,73817
STDDEV,int64_t,"AnalysisFlag::sparsity",4096,0.001,73162
STDDEV,int64_t,"AnalysisFlag::sparsity",4096,0.001,73004
STDDEV,int64_t,"AnalysisFlag::sparsity",4096,0.001,74018
STDDEV,int64_t,"AnalysisFlag::sparsity",4096,0.001,73099
STDDEV,double,"AnalysisFlag::sparsity",1024,0.01,29284
STDDEV,double,"AnalysisFlag::sparsity",1024,0.01,26448
STDDEV,double,"AnalysisFlag::sparsity",1024,0.01,26979
STDDEV,double,"AnalysisFlag::sparsity",1024,0.01,26960
STDDEV,double,"AnalysisFlag::sparsity",1024,0.01,26364
STDDEV,double,"AnalysisFlag::sparsity",1024,0.01,25794
STDDEV,double,"AnalysisFlag::sparsity",1024,0.01,26607
STDDEV,double,"AnalysisFlag::sparsity",1024,0.01,27266
STDDEV,double,"AnalysisFlag::sparsity",1024,0.01,26778
STDDEV,double,"AnalysisFlag::sparsity",1024,0.01,26003
STDDEV,double,"AnalysisFlag::sparsity",2048,0.01,68850
STDDEV,double,"AnalysisFlag::sparsity",2048,0.01,72249
STDDEV,double,"AnalysisFlag::sparsity",2048,0.01,75910
STDDEV,double,"AnalysisFlag::sparsity",2048,0.01,67889
STDDEV,double,"AnalysisFlag::sparsity",2048,0.01,69864
STDDEV,double,"AnalysisFlag::sparsity",2048,0.01,70878
STDDEV,double,"AnalysisFlag::sparsity",2048,0.01,71443
STDDEV,double,"AnalysisFlag::sparsity",2048,0.01,71503
STDDEV,double,"AnalysisFlag::sparsity",2048,0.01,70899
STDDEV,double,"AnalysisFlag::sparsity",2048,0.01,69524
STDDEV,double,"AnalysisFlag::sparsity",4096,0.01,189910
STDDEV,double,"AnalysisFlag::sparsity",4096,0.01,186781
STDDEV,double,"AnalysisFlag::sparsity",4096,0.01,208030
STDDEV,double,"AnalysisFlag::sparsity",4096,0.01,204910
STDDEV,double,"AnalysisFlag::sparsity",4096,0.01,189856
STDDEV,double,"AnalysisFlag::sparsity",4096,0.01,187109
STDDEV,double,"AnalysisFlag::sparsity",4096,0.01,198049
STDDEV,double,"AnalysisFlag::sparsity",4096,0.01,184058
STDDEV,double,"AnalysisFlag::sparsity",4096,0.01,201980
STDDEV,double,"AnalysisFlag::sparsity",4096,0.01,202518
STDDEV,int64_t,"AnalysisFlag::sparsity",1024,0.01,26906
STDDEV,int64_t,"AnalysisFlag::sparsity",1024,0.01,24993
STDDEV,int64_t,"AnalysisFlag::sparsity",1024,0.01,26086
STDDEV,int64_t,"AnalysisFlag::sparsity",1024,0.01,27814
STDDEV,int64_t,"AnalysisFlag::sparsity",1024,0.01,25722
STDDEV,int64_t,"AnalysisFlag::sparsity",1024,0.01,25731
STDDEV,int64_t,"AnalysisFlag::sparsity",1024,0.01,28779
STDDEV,int64_t,"AnalysisFlag::sparsity",1024,0.01,25514
STDDEV,int64_t,"AnalysisFlag::sparsity",1024,0.01,25424
STDDEV,int64_t,"AnalysisFlag::sparsity",1024,0.01,25995
STDDEV,int64_t,"AnalysisFlag::sparsity",2048,0.01,75357
STDDEV,int64_t,"AnalysisFlag::sparsity",2048,0.01,70208
STDDEV,int64_t,"AnalysisFlag::sparsity",2048,0.01,67385
STDDEV,int64_t,"AnalysisFlag::sparsity",2048,0.01,72009
STDDEV,int64_t,"AnalysisFlag::sparsity",2048,0.01,70080
STDDEV,int64_t,"AnalysisFlag::sparsity",2048,0.01,71828
STDDEV,int64_t,"AnalysisFlag::sparsity",2048,0.01,72015
STDDEV,int64_t,"AnalysisFlag::sparsity",2048,0.01,69524
STDDEV,int64_t,"AnalysisFlag::sparsity",2048,0.01,68243
STDDEV,int64_t,"AnalysisFlag::sparsity",2048,0.01,71819
STDDEV,int64_t,"AnalysisFlag::sparsity",4096,0.01,204109
STDDEV,int64_t,"AnalysisFlag::sparsity",4096,0.01,202652
STDDEV,int64_t,"AnalysisFlag::sparsity",4096,0.01,204695
STDDEV,int64_t,"AnalysisFlag::sparsity",4096,0.01,202790
STDDEV,int64_t,"AnalysisFlag::sparsity",4096,0.01,204952
STDDEV,int64_t,"AnalysisFlag::sparsity",4096,0.01,191675
STDDEV,int64_t,"AnalysisFlag::sparsity",4096,0.01,203208
STDDEV,int64_t,"AnalysisFlag::sparsity",4096,0.01,190538
STDDEV,int64_t,"AnalysisFlag::sparsity",4096,0.01,188263
STDDEV,int64_t,"AnalysisFlag::sparsity",4096,0.01,205398
STDDEV,double,"AnalysisFlag::sparsity",1024,0.05,63458
STDDEV,double,"AnalysisFlag::sparsity",1024,0.05,57301
STDDEV,double,"AnalysisFlag::sparsity",1024,0.05,56745
STDDEV,double,"AnalysisFlag::sparsity",1024,0.05,66595
STDDEV,double,"AnalysisFlag::sparsity",1024,0.05,66934
STDDEV,double,"AnalysisFlag::sparsity",1024,0.05,59556
STDDEV,double,"AnalysisFlag::sparsity",1024,0.05,55641
STDDEV,double,"AnalysisFlag::sparsity",1024,0.05,62627
STDDEV,double,"AnalysisFlag::sparsity",1024,0.05,67202
STDDEV,double,"AnalysisFlag::sparsity",1024,0.05,57034
STDDEV,double,"AnalysisFlag::sparsity",2048,0.05,202558
STDDEV,double,"AnalysisFlag::sparsity",2048,0.05,171482
STDDEV,double,"AnalysisFlag::sparsity",2048,0.05,171923
STDDEV,double,"AnalysisFlag::sparsity",2048,0.05,171015
STDDEV,double,"AnalysisFlag::sparsity",2048,0.05,182507
STDDEV,double,"AnalysisFlag::sparsity",2048,0.05,201336
STDDEV,double,"AnalysisFlag::sparsity",2048,0.05,201050
STDDEV,double,"AnalysisFlag::sparsity",2048,0.05,171381
STDDEV,double,"AnalysisFlag::sparsity",2048,0.05,190473
STDDEV,double,"AnalysisFlag::sparsity",2048,0.05,175333
STDDEV,double,"AnalysisFlag::sparsity",4096,0.05,911136
STDDEV,double,"AnalysisFlag::sparsity",4096,0.05,766422
STDDEV,double,"AnalysisFlag::sparsity",4096,0.05,746972
STDDEV,double,"AnalysisFlag::sparsity",4096,0.05,737223
STDDEV,double,"AnalysisFlag::sparsity",4096,0.05,753113
STDDEV,double,"AnalysisFlag::sparsity",4096,0.05,740453
STDDEV,double,"AnalysisFlag::sparsity",4096,0.05,757014
STDDEV,double,"AnalysisFlag::sparsity",4096,0.05,734413
STDDEV,double,"AnalysisFlag::sparsity",4096,0.05,758169
STDDEV,double,"AnalysisFlag::sparsity",4096,0.05,740182
STDDEV,int64_t,"AnalysisFlag::sparsity",1024,0.05,64759
STDDEV,int64_t,"AnalysisFlag::sparsity",1024,0.05,62744
STDDEV,int64_t,"AnalysisFlag::sparsity",1024,0.05,62368
STDDEV,int64_t,"AnalysisFlag::sparsity",1024,0.05,57362
STDDEV,int64_t,"AnalysisFlag::sparsity",1024,0.05,56641
STDDEV,int64_t,"AnalysisFlag::sparsity",1024,0.05,62724
STDDEV,int64_t,"AnalysisFlag::sparsity",1024,0.05,61266
STDDEV,int64_t,"AnalysisFlag::sparsity",1024,0.05,63369
STDDEV,int64_t,"AnalysisFlag::sparsity",1024,0.05,61766
STDDEV,int64_t,"AnalysisFlag::sparsity",1024,0.05,61670
STDDEV,int64_t,"AnalysisFlag::sparsity",2048,0.05,192499
STDDEV,int64_t,"AnalysisFlag::sparsity",2048,0.05,191795
STDDEV,int64_t,"AnalysisFlag::sparsity",2048,0.05,191381
STDDEV,int64_t,"AnalysisFlag::sparsity",2048,0.05,192981
STDDEV,int64_t,"AnalysisFlag::sparsity",2048,0.05,162719
STDDEV,int64_t,"AnalysisFlag::sparsity",2048,0.05,191962
STDDEV,int64_t,"AnalysisFlag::sparsity",2048,0.05,165980
STDDEV,int64_t,"AnalysisFlag::sparsity",2048,0.05,191599
STDDEV,int64_t,"AnalysisFlag::sparsity",2048,0.05,196097
STDDEV,int64_t,"AnalysisFlag::sparsity",2048,0.05,163597
STDDEV,int64_t,"AnalysisFlag::sparsity",4096,0.05,724953
STDDEV,int64_t,"AnalysisFlag::sparsity",4096,0.05,686414
STDDEV,int64_t,"AnalysisFlag::sparsity",4096,0.05,724822
STDDEV,int64_t,"AnalysisFlag::sparsity",4096,0.05,700777
STDDEV,int64_t,"AnalysisFlag::sparsity",4096,0.05,714395
STDDEV,int64_t,"AnalysisFlag::sparsity",4096,0.05,602449
STDDEV,int64_t,"AnalysisFlag::sparsity",4096,0.05,717354
STDDEV,int64_t,"AnalysisFlag::sparsity",4096,0.05,691010
STDDEV,int64_t,"AnalysisFlag::sparsity",4096,0.05,675319
STDDEV,int64_t,"AnalysisFlag::sparsity",4096,0.05,657217
STDDEV,double,"AnalysisFlag::sparsity",1024,0.1,89478
STDDEV,double,"AnalysisFlag::sparsity",1024,0.1,87323
STDDEV,double,"AnalysisFlag::sparsity",1024,0.1,102788
STDDEV,double,"AnalysisFlag::sparsity",1024,0.1,87645
STDDEV,double,"AnalysisFlag::sparsity",1024,0.1,87052
STDDEV,double,"AnalysisFlag::sparsity",1024,0.1,86941
STDDEV,double,"AnalysisFlag::sparsity",1024,0.1,102437
STDDEV,double,"AnalysisFlag::sparsity",1024,0.1,89495
STDDEV,double,"AnalysisFlag::sparsity",1024,0.1,95367
STDDEV,double,"AnalysisFlag::sparsity",1024,0.1,95944
STDDEV,double,"AnalysisFlag::sparsity",2048,0.1,363542
STDDEV,double,"AnalysisFlag::sparsity",2048,0.1,359028
STDDEV,double,"AnalysisFlag::sparsity",2048,0.1,361509
STDDEV,double,"AnalysisFlag::sparsity",2048,0.1,359499
STDDEV,double,"AnalysisFlag::sparsity",2048,0.1,368610
STDDEV,double,"AnalysisFlag::sparsity",2048,0.1,361639
STDDEV,double,"AnalysisFlag::sparsity",2048,0.1,358604
STDDEV,double,"AnalysisFlag::sparsity",2048,0.1,361930
STDDEV,double,"AnalysisFlag::sparsity",2048,0.1,359216
STDDEV,double,"AnalysisFlag::sparsity",2048,0.1,363277
STDDEV,double,"AnalysisFlag::sparsity",4096,0.1,1.68629e+06
STDDEV,double,"AnalysisFlag::sparsity",4096,0.1,1.73261e+06
STDDEV,double,"AnalysisFlag::sparsity",4096,0.1,1.70534e+06
STDDEV,double,"AnalysisFlag::sparsity",4096,0.1,1.67368e+06
STDDEV,double,"AnalysisFlag::sparsity",4096,0.1,1.67345e+06
STDDEV,double,"AnalysisFlag::sparsity",4096,0.1,1.69088e+06
STDDEV,double,"AnalysisFlag::sparsity",4096,0.1,1.6864e+06
STDDEV,double,"AnalysisFlag::sparsity",4096,0.1,1.70652e+06
STDDEV,double,"AnalysisFlag::sparsity",4096,0.1,1.69724e+06
STDDEV,double,"AnalysisFlag::sparsity",4096,0.1,1.67479e+06
STDDEV,int64_t,"AnalysisFlag::sparsity",1024,0.1,104903
STDDEV,int64_t,"AnalysisFlag::sparsity",1024,0.1,98841
STDDEV,int64_t,"AnalysisFlag::sparsity",1024,0.1,97875
STDDEV,int64_t,"AnalysisFlag::sparsity",1024,0.1,83835
STDDEV,int64_t,"AnalysisFlag::sparsity",1024,0.1,83875
STDDEV,int64_t,"AnalysisFlag::sparsity",1024,0.1,97014
STDDEV,int64_t,"AnalysisFlag::sparsity",1024,0.1,95244
STDDEV,int64_t,"AnalysisFlag::sparsity",1024,0.1,83940
STDDEV,int64_t,"AnalysisFlag::sparsity",1024,0.1,96404
STDDEV,int64_t,"AnalysisFlag::sparsity",1024,0.1,96617
STDDEV,int64_t,"AnalysisFlag::sparsity",2048,0.1,381655
STDDEV,int64_t,"AnalysisFlag::sparsity",2048,0.1,349519
STDDEV,int64_t,"AnalysisFlag::sparsity",2048,0.1,337621
STDDEV,int64_t,"AnalysisFlag::sparsity",2048,0.1,350012
STDDEV,int64_t,"AnalysisFlag::sparsity",2048,0.1,303574
STDDEV,int64_t,"AnalysisFlag::sparsity",2048,0.1,290882
STDDEV,int64_t,"AnalysisFlag::sparsity",2048,0.1,353066
STDDEV,int64_t,"AnalysisFlag::sparsity",2048,0.1,348336
STDDEV,int64_t,"AnalysisFlag::sparsity",2048,0.1,349085
STDDEV,int64_t,"AnalysisFlag::sparsity",2048,0.1,343247
STDDEV,int64_t,"AnalysisFlag::sparsity",4096,0.1,1.44348e+06
STDDEV,int64_t,"AnalysisFlag::sparsity",4096,0.1,1.62122e+06
STDDEV,int64_t,"AnalysisFlag::sparsity",4096,0.1,1.57066e+06
STDDEV,int64_t,"AnalysisFlag::sparsity",4096,0.1,1.5748e+06
STDDEV,int64_t,"AnalysisFlag::sparsity",4096,0.1,1.41378e+06
STDDEV,int64_t,"AnalysisFlag::sparsity",4096,0.1,1.61093e+06
STDDEV,int64_t,"AnalysisFlag::sparsity",4096,0.1,1.56603e+06
STDDEV,int64_t,"AnalysisFlag::sparsity",4096,0.1,1.51112e+06
STDDEV,int64_t,"AnalysisFlag::sparsity",4096,0.1,1.57479e+06
STDDEV,int64_t,"AnalysisFlag::sparsity",4096,0.1,1.53886e+06
STDDEV,double,"AnalysisFlag::sparsity",1024,0.2,221658
STDDEV,double,"AnalysisFlag::sparsity",1024,0.2,181208
STDDEV,double,"AnalysisFlag::sparsity",1024,0.2,180727
STDDEV,double,"AnalysisFlag::sparsity",1024,0.2,180816
STDDEV,double,"AnalysisFlag::sparsity",1024,0.2,180396
STDDEV,double,"AnalysisFlag::sparsity",1024,0.2,182103
STDDEV,double,"AnalysisFlag::sparsity",1024,0.2,180055
STDDEV,double,"AnalysisFlag::sparsity",1024,0.2,182531
STDDEV,double,"AnalysisFlag::sparsity",1024,0.2,180612
STDDEV,double,"AnalysisFlag::sparsity",1024,0.2,180516
STDDEV,double,"AnalysisFlag::sparsity",2048,0.2,777349
STDDEV,double,"AnalysisFlag::sparsity",2048,0.2,721630
STDDEV,double,"AnalysisFlag::sparsity",2048,0.2,720518
STDDEV,double,"AnalysisFlag::sparsity",2048,0.2,710116
STDDEV,double,"AnalysisFlag::sparsity",2048,0.2,715906
STDDEV,double,"AnalysisFlag::sparsity",2048,0.2,706915
STDDEV,double,"AnalysisFlag::sparsity",2048,0.2,717252
STDDEV,double,"AnalysisFlag::sparsity",2048,0.2,711315
STDDEV,double,"AnalysisFlag::sparsity",2048,0.2,713387
STDDEV,double,"AnalysisFlag::sparsity",2048,0.2,713846
STDDEV,double,"AnalysisFlag::sparsity",4096,0.2,3.53086e+06
STDDEV,double,"AnalysisFlag::sparsity",4096,0.2,3.60572e+06
STDDEV,double,"AnalysisFlag::sparsity",4096,0.2,3.52372e+06
STDDEV,double,"AnalysisFlag::sparsity",4096,0.2,3.57759e+06
STDDEV,double,"AnalysisFlag::sparsity",4096,0.2,3.52598e+06
STDDEV,double,"AnalysisFlag::sparsity",4096,0.2,3.56886e+06
STDDEV,double,"AnalysisFlag::sparsity",4096,0.2,3.52643e+06
STDDEV,double,"AnalysisFlag::sparsity",4096,0.2,3.5695e+06
STDDEV,double,"AnalysisFlag::sparsity",4096,0.2,3.5372e+06
STDDEV,double,"AnalysisFlag::sparsity",4096,0.2,3.55734e+06
STDDEV,int64_t,"AnalysisFlag::sparsity",1024,0.2,238548
STDDEV,int64_t,"AnalysisFlag::sparsity",1024,0.2,185330
STDDEV,int64_t,"AnalysisFlag::sparsity",1024,0.2,174239
STDDEV,int64_t,"AnalysisFlag::sparsity",1024,0.2,148059
STDDEV,int64_t,"AnalysisFlag::sparsity",1024,0.2,147735
STDDEV,int64_t,"AnalysisFlag::sparsity",1024,0.2,163249
STDDEV,int64_t,"AnalysisFlag::sparsity",1024,0.2,153984
STDDEV,int64_t,"AnalysisFlag::sparsity",1024,0.2,172336
STDDEV,int64_t,"AnalysisFlag::sparsity",1024,0.2,181079
STDDEV,int64_t,"AnalysisFlag::sparsity",1024,0.2,158921
STDDEV,int64_t,"AnalysisFlag::sparsity",2048,0.2,828967
STDDEV,int64_t,"AnalysisFlag::sparsity",2048,0.2,604038
STDDEV,int64_t,"AnalysisFlag::sparsity",2048,0.2,677801
STDDEV,int64_t,"AnalysisFlag::sparsity",2048,0.2,573066
STDDEV,int64_t,"AnalysisFlag::sparsity",2048,0.2,695724
STDDEV,int64_t,"AnalysisFlag::sparsity",2048,0.2,687427
STDDEV,int64_t,"AnalysisFlag::sparsity",2048,0.2,681193
STDDEV,int64_t,"AnalysisFlag::sparsity",2048,0.2,582660
STDDEV,int64_t,"AnalysisFlag::sparsity",2048,0.2,567704
STDDEV,int64_t,"AnalysisFlag::sparsity",2048,0.2,646025
STDDEV,int64_t,"AnalysisFlag::sparsity",4096,0.2,3.35558e+06
STDDEV,int64_t,"AnalysisFlag::sparsity",4096,0.2,3.43726e+06
STDDEV,int64_t,"AnalysisFlag::sparsity",4096,0.2,3.01976e+06
STDDEV,int64_t,"AnalysisFlag::sparsity",4096,0.2,3.19036e+06
STDDEV,int64_t,"AnalysisFlag::sparsity",4096,0.2,3.36616e+06
STDDEV,int64_t,"AnalysisFlag::sparsity",4096,0.2,3.37416e+06
STDDEV,int64_t,"AnalysisFlag::sparsity",4096,0.2,3.24768e+06
STDDEV,int64_t,"AnalysisFlag::sparsity",4096,0.2,3.07814e+06
STDDEV,int64_t,"AnalysisFlag::sparsity",4096,0.2,3.41101e+06
STDDEV,int64_t,"AnalysisFlag::sparsity",4096,0.2,3.42406e+06
STDDEV,double,"AnalysisFlag::sparsity",1024,0.25,2.26141e+06
STDDEV,double,"AnalysisFlag::sparsity",1024,0.25,2.26086e+06
STDDEV,double,"AnalysisFlag::sparsity",1024,0.25,2.2522e+06
STDDEV,double,"AnalysisFlag::sparsity",1024,0.25,2.25359e+06
STDDEV,double,"AnalysisFlag::sparsity",1024,0.25,2.25335e+06
STDDEV,double,"AnalysisFlag::sparsity",1024,0.25,2.25271e+06
STDDEV,double,"AnalysisFlag::sparsity",1024,0.25,2.2539e+06
STDDEV,double,"AnalysisFlag::sparsity",1024,0.25,2.25113e+06
STDDEV,double,"AnalysisFlag::sparsity",1024,0.25,2.25346e+06
STDDEV,double,"AnalysisFlag::sparsity",1024,0.25,2.25075e+06
STDDEV,double,"AnalysisFlag::sparsity",2048,0.25,9.39668e+06
STDDEV,double,"AnalysisFlag::sparsity",2048,0.25,9.35928e+06
STDDEV,double,"AnalysisFlag::sparsity",2048,0.25,9.35097e+06
STDDEV,double,"AnalysisFlag::sparsity",2048,0.25,9.35266e+06
STDDEV,double,"AnalysisFlag::sparsity",2048,0.25,9.35241e+06
STDDEV,double,"AnalysisFlag::sparsity",2048,0.25,9.36448e+06
STDDEV,double,"AnalysisFlag::sparsity",2048,0.25,9.363e+06
STDDEV,double,"AnalysisFlag::sparsity",2048,0.25,9.3516e+06
STDDEV,double,"AnalysisFlag::sparsity",2048,0.25,9.36959e+06
STDDEV,double,"AnalysisFlag::sparsity",2048,0.25,9.37921e+06
STDDEV,double,"AnalysisFlag::sparsity",4096,0.25,3.77744e+07
STDDEV,double,"AnalysisFlag::sparsity",4096,0.25,3.7772e+07
STDDEV,double,"AnalysisFlag::sparsity",4096,0.25,3.77486e+07
STDDEV,double,"AnalysisFlag::sparsity",4096,0.25,3.7662e+07
STDDEV,double,"AnalysisFlag::sparsity",4096,0.25,3.76544e+07
STDDEV,double,"AnalysisFlag::sparsity",4096,0.25,3.77479e+07
STDDEV,double,"AnalysisFlag::sparsity",4096,0.25,3.77351e+07
STDDEV,double,"AnalysisFlag::sparsity",4096,0.25,3.77575e+07
STDDEV,double,"AnalysisFlag::sparsity",4096,0.25,3.77146e+07
STDDEV,double,"AnalysisFlag::sparsity",4096,0.25,3.77981e+07
STDDEV,int64_t,"AnalysisFlag::sparsity",1024,0.25,2.0742e+06
STDDEV,int64_t,"AnalysisFlag::sparsity",1024,0.25,1.90524e+06
STDDEV,int64_t,"AnalysisFlag::sparsity",1024,0.25,1.90863e+06
STDDEV,int64_t,"AnalysisFlag::sparsity",1024,0.25,1.90384e+06
STDDEV,int64_t,"AnalysisFlag::sparsity",1024,0.25,2.07926e+06
STDDEV,int64_t,"AnalysisFlag::sparsity",1024,0.25,1.90097e+06
STDDEV,int64_t,"AnalysisFlag::sparsity",1024,0.25,1.90361e+06
STDDEV,int64_t,"AnalysisFlag::sparsity",1024,0.25,1.90566e+06
STDDEV,int64_t,"AnalysisFlag::sparsity",1024,0.25,1.90088e+06
STDDEV,int64_t,"AnalysisFlag::sparsity",1024,0.25,1.90501e+06
STDDEV,int64_t,"AnalysisFlag::sparsity",2048,0.25,8.29556e+06
STDDEV,int64_t,"AnalysisFlag::sparsity",2048,0.25,7.70828e+06
STDDEV,int64_t,"AnalysisFlag::sparsity",2048,0.25,8.50654e+06
STDDEV,int64_t,"AnalysisFlag::sparsity",2048,0.25,7.70378e+06
STDDEV,int64_t,"AnalysisFlag::sparsity",2048,0.25,8.01977e+06
STDDEV,int64_t,"AnalysisFlag::sparsity",2048,0.25,7.69578e+06
STDDEV,int64_t,"AnalysisFlag::sparsity",2048,0.25,7.67762e+06
STDDEV,int64_t,"AnalysisFlag::sparsity",2048,0.25,7.7042e+06
STDDEV,int64_t,"AnalysisFlag::sparsity",2048,0.25,7.69919e+06
STDDEV,int64_t,"AnalysisFlag::sparsity",2048,0.25,7.72029e+06
STDDEV,int64_t,"AnalysisFlag::sparsity",4096,0.25,3.06091e+07
STDDEV,int64_t,"AnalysisFlag::sparsity",4096,0.25,3.06422e+07
STDDEV,int64_t,"AnalysisFlag::sparsity",4096,0.25,3.06138e+07
STDDEV,int64_t,"AnalysisFlag::sparsity",4096,0.25,3.06193e+07
STDDEV,int64_t,"AnalysisFlag::sparsity",4096,0.25,3.06081e+07
STDDEV,int64_t,"AnalysisFlag::sparsity",4096,0.25,3.09755e+07
STDDEV,int64_t,"AnalysisFlag::sparsity",4096,0.25,3.16376e+07
STDDEV,int64_t,"AnalysisFlag::sparsity",4096,0.25,3.14989e+07
STDDEV,int64_t,"AnalysisFlag::sparsity",4096,0.25,3.16807e+07
STDDEV,int64_t,"AnalysisFlag::sparsity",4096,0.25,3.16279e+07
STDDEV,double,"AnalysisFlag::sparsity",1024,1,2.42545e+06
STDDEV,double,"AnalysisFlag::sparsity",1024,1,2.25886e+06
STDDEV,double,"AnalysisFlag::sparsity",1024,1,2.26167e+06
STDDEV,double,"AnalysisFlag::sparsity",1024,1,2.25573e+06
STDDEV,double,"AnalysisFlag::sparsity",1024,1,2.25281e+06
STDDEV,double,"AnalysisFlag::sparsity",1024,1,2.25194e+06
STDDEV,double,"AnalysisFlag::sparsity",1024,1,2.25167e+06
STDDEV,double,"AnalysisFlag::sparsity",1024,1,2.25373e+06
STDDEV,double,"AnalysisFlag::sparsity",1024,1,2.25346e+06
STDDEV,double,"AnalysisFlag::sparsity",1024,1,2.25123e+06
STDDEV,double,"AnalysisFlag::sparsity",2048,1,9.40415e+06
STDDEV,double,"AnalysisFlag::sparsity",2048,1,9.38363e+06
STDDEV,double,"AnalysisFlag::sparsity",2048,1,9.3647e+06
STDDEV,double,"AnalysisFlag::sparsity",2048,1,9.35423e+06
STDDEV,double,"AnalysisFlag::sparsity",2048,1,9.36742e+06
STDDEV,double,"AnalysisFlag::sparsity",2048,1,9.37199e+06
STDDEV,double,"AnalysisFlag::sparsity",2048,1,9.3719e+06
STDDEV,double,"AnalysisFlag::sparsity",2048,1,9.39073e+06
STDDEV,double,"AnalysisFlag::sparsity",2048,1,9.3681e+06
STDDEV,double,"AnalysisFlag::sparsity",2048,1,9.39113e+06
STDDEV,double,"AnalysisFlag::sparsity",4096,1,3.77613e+07
STDDEV,double,"AnalysisFlag::sparsity",4096,1,3.77126e+07
STDDEV,double,"AnalysisFlag::sparsity",4096,1,3.76861e+07
STDDEV,double,"AnalysisFlag::sparsity",4096,1,3.775e+07
STDDEV,double,"AnalysisFlag::sparsity",4096,1,3.76873e+07
STDDEV,double,"AnalysisFlag::sparsity",4096,1,3.77199e+07
STDDEV,double,"AnalysisFlag::sparsity",4096,1,3.77458e+07
STDDEV,double,"AnalysisFlag::sparsity",4096,1,3.77229e+07
STDDEV,double,"AnalysisFlag::sparsity",4096,1,3.77726e+07
STDDEV,double,"AnalysisFlag::sparsity",4096,1,3.77455e+07
STDDEV,int64_t,"AnalysisFlag::sparsity",1024,1,2.05279e+06
STDDEV,int64_t,"AnalysisFlag::sparsity",1024,1,1.90445e+06
STDDEV,int64_t,"AnalysisFlag::sparsity",1024,1,1.89999e+06
STDDEV,int64_t,"AnalysisFlag::sparsity",1024,1,1.90065e+06
STDDEV,int64_t,"AnalysisFlag::sparsity",1024,1,1.90216e+06
STDDEV,int64_t,"AnalysisFlag::sparsity",1024,1,1.9016e+06
STDDEV,int64_t,"AnalysisFlag::sparsity",1024,1,1.90134e+06
STDDEV,int64_t,"AnalysisFlag::sparsity",1024,1,1.89995e+06
STDDEV,int64_t,"AnalysisFlag::sparsity",1024,1,1.89998e+06
STDDEV,int64_t,"AnalysisFlag::sparsity",1024,1,1.90599e+06
STDDEV,int64_t,"AnalysisFlag::sparsity",2048,1,7.76444e+06
STDDEV,int64_t,"AnalysisFlag::sparsity",2048,1,7.69957e+06
STDDEV,int64_t,"AnalysisFlag::sparsity",2048,1,7.69223e+06
STDDEV,int64_t,"AnalysisFlag::sparsity",2048,1,7.69304e+06
STDDEV,int64_t,"AnalysisFlag::sparsity",2048,1,7.70908e+06
STDDEV,int64_t,"AnalysisFlag::sparsity",2048,1,7.80993e+06
STDDEV,int64_t,"AnalysisFlag::sparsity",2048,1,7.79613e+06
STDDEV,int64_t,"AnalysisFlag::sparsity",2048,1,7.80307e+06
STDDEV,int64_t,"AnalysisFlag::sparsity",2048,1,7.68979e+06
STDDEV,int64_t,"AnalysisFlag::sparsity",2048,1,7.69478e+06
STDDEV,int64_t,"AnalysisFlag::sparsity",4096,1,3.0604e+07
STDDEV,int64_t,"AnalysisFlag::sparsity",4096,1,3.06344e+07
STDDEV,int64_t,"AnalysisFlag::sparsity",4096,1,3.06212e+07
STDDEV,int64_t,"AnalysisFlag::sparsity",4096,1,3.06611e+07
STDDEV,int64_t,"AnalysisFlag::sparsity",4096,1,3.0636e+07
STDDEV,int64_t,"AnalysisFlag::sparsity",4096,1,3.08768e+07
STDDEV,int64_t,"AnalysisFlag::sparsity",4096,1,3.06373e+07
STDDEV,int64_t,"AnalysisFlag::sparsity",4096,1,3.06084e+07
STDDEV,int64_t,"AnalysisFlag::sparsity",4096,1,3.06369e+07
STDDEV,int64_t,"AnalysisFlag::sparsity",4096,1,3.06037e+07
VAR,double,"AnalysisFlag::sparsity",1024,0.001,16985
VAR,double,"AnalysisFlag::sparsity",1024,0.001,12151
VAR,double,"AnalysisFlag::sparsity",1024,0.001,14913
VAR,double,"AnalysisFlag::sparsity",1024,0.001,13944
VAR,double,"AnalysisFlag::sparsity",1024,0.001,13849
VAR,double,"AnalysisFlag::sparsity",1024,0.001,13826
VAR,double,"AnalysisFlag::sparsity",1024,0.001,13861
VAR,double,"AnalysisFlag::sparsity",1024,0.001,13741
VAR,double,"AnalysisFlag::sparsity",1024,0.001,13449
VAR,double,"AnalysisFlag::sparsity",1024,0.001,13270
VAR,double,"AnalysisFlag::sparsity",2048,0.001,32745
VAR,double,"AnalysisFlag::sparsity",2048,0.001,26733
VAR,double,"AnalysisFlag::sparsity",2048,0.001,30735
VAR,double,"AnalysisFlag::sparsity",2048,0.001,30772
VAR,double,"AnalysisFlag::sparsity",2048,0.001,30328
VAR,double,"AnalysisFlag::sparsity",2048,0.001,29497
VAR,double,"AnalysisFlag::sparsity",2048,0.001,29517
VAR,double,"AnalysisFlag::sparsity",2048,0.001,29575
VAR,double,"AnalysisFlag::sparsity",2048,0.001,29060
VAR,double,"AnalysisFlag::sparsity",2048,0.001,28936
VAR,double,"AnalysisFlag::sparsity",4096,0.001,79514
VAR,double,"AnalysisFlag::sparsity",4096,0.001,75567
VAR,double,"AnalysisFlag::sparsity",4096,0.001,76273
VAR,double,"AnalysisFlag::sparsity",4096,0.001,77242
VAR,double,"AnalysisFlag::sparsity",4096,0.001,77673
VAR,double,"AnalysisFlag::sparsity",4096,0.001,74366
VAR,double,"AnalysisFlag::sparsity",4096,0.001,73615
VAR,double,"AnalysisFlag::sparsity",4096,0.001,74640
VAR,double,"AnalysisFlag::sparsity",4096,0.001,73595
VAR,double,"AnalysisFlag::sparsity",4096,0.001,72513
VAR,int64_t,"AnalysisFlag::sparsity",1024,0.001,15092
VAR,int64_t,"AnalysisFlag::sparsity",1024,0.001,9130
VAR,int64_t,"AnalysisFlag::sparsity",1024,0.001,12111
VAR,int64_t,"AnalysisFlag::sparsity",1024,0.001,12162
VAR,int64_t,"AnalysisFlag::sparsity",1024,0.001,11861
VAR,int64_t,"AnalysisFlag::sparsity",1024,0.001,12040
VAR,int64_t,"AnalysisFlag::sparsity",1024,0.001,11960
VAR,int64_t,"AnalysisFlag::sparsity",1024,0.001,11639
VAR,int64_t,"AnalysisFlag::sparsity",1024,0.001,12001
VAR,int64_t,"AnalysisFlag::sparsity",1024,0.001,11784
VAR,int64_t,"AnalysisFlag::sparsity",2048,0.001,28935
VAR,int64_t,"AnalysisFlag::sparsity",2048,0.001,22836
VAR,int64_t,"AnalysisFlag::sparsity",2048,0.001,27650
VAR,int64_t,"AnalysisFlag::sparsity",2048,0.001,27670
VAR,int64_t,"AnalysisFlag::sparsity",2048,0.001,27477
VAR,int64_t,"AnalysisFlag::sparsity",2048,0.001,27244
VAR,int64_t,"AnalysisFlag::sparsity",2048,0.001,27265
VAR,int64_t,"AnalysisFlag::sparsity",2048,0.001,27829
VAR,int64_t,"AnalysisFlag::sparsity",2048,0.001,27332
VAR,int64_t,"AnalysisFlag::sparsity",2048,0.001,27489
VAR,int64_t,"AnalysisFlag::sparsity",4096,0.001,72753
VAR,int64_t,"AnalysisFlag::sparsity",4096,0.001,71018
VAR,int64_t,"AnalysisFlag::sparsity",4096,0.001,71798
VAR,int64_t,"AnalysisFlag::sparsity",4096,0.001,71274
VAR,int64_t,"AnalysisFlag::sparsity",4096,0.001,71208
VAR,int64_t,"AnalysisFlag::sparsity",4096,0.001,72658
VAR,int64_t,"AnalysisFlag::sparsity",4096,0.001,71272
VAR,int64_t,"AnalysisFlag::sparsity",4096,0.001,71907
VAR,int64_t,"AnalysisFlag::sparsity",4096,0.001,73180
VAR,int64_t,"AnalysisFlag::sparsity",4096,0.001,72317
VAR,double,"AnalysisFlag::sparsity",1024,0.01,28267
VAR,double,"AnalysisFlag::sparsity",1024,0.01,25316
VAR,double,"AnalysisFlag::sparsity",1024,0.01,26653
VAR,double,"AnalysisFlag::sparsity",1024,0.01,26241
VAR,double,"AnalysisFlag::sparsity",1024,0.01,26107
VAR,double,"AnalysisFlag::sparsity",1024,0.01,25965
VAR,double,"AnalysisFlag::sparsity",1024,0.01,27064
VAR,double,"AnalysisFlag::sparsity",1024,0.01,26525
VAR,double,"AnalysisFlag::sparsity",1024,0.01,26372
VAR,double,"AnalysisFlag::sparsity",1024,0.01,26675
VAR,double,"AnalysisFlag::sparsity",2048,0.01,72318
VAR,double,"AnalysisFlag::sparsity",2048,0.01,71626
VAR,double,"AnalysisFlag::sparsity",2048,0.01,73089
VAR,double,"AnalysisFlag::sparsity",2048,0.01,68507
VAR,double,"AnalysisFlag::sparsity",2048,0.01,72532
VAR,double,"AnalysisFlag::sparsity",2048,0.01,68870
VAR,double,"AnalysisFlag::sparsity",2048,0.01,69239
VAR,double,"AnalysisFlag::sparsity",2048,0.01,70770
VAR,double,"AnalysisFlag::sparsity",2048,0.01,61960
VAR,double,"AnalysisFlag::sparsity",2048,0.01,69821
VAR,double,"AnalysisFlag::sparsity",4096,0.01,190915
VAR,double,"AnalysisFlag::sparsity",4096,0.01,202242
VAR,double,"AnalysisFlag::sparsity",4096,0.01,183573
VAR,double,"AnalysisFlag::sparsity",4096,0.01,183275
VAR,double,"AnalysisFlag::sparsity",4096,0.01,185997
VAR,double,"AnalysisFlag::sparsity",4096,0.01,198737
VAR,double,"AnalysisFlag::sparsity",4096,0.01,200067
VAR,double,"AnalysisFlag::sparsity",4096,0.01,187996
VAR,double,"AnalysisFlag::sparsity",4096,0.01,186070
VAR,double,"AnalysisFlag::sparsity",4096,0.01,184627
VAR,int64_t,"AnalysisFlag::sparsity",1024,0.01,26629
VAR,int64_t,"AnalysisFlag::sparsity",1024,0.01,24376
VAR,int64_t,"AnalysisFlag::sparsity",1024,0.01,25954
VAR,int64_t,"AnalysisFlag::sparsity",1024,0.01,25534
VAR,int64_t,"AnalysisFlag::sparsity",1024,0.01,24701
VAR,int64_t,"AnalysisFlag::sparsity",1024,0.01,27726
VAR,int64_t,"AnalysisFlag::sparsity",1024,0.01,25934
VAR,int64_t,"AnalysisFlag::sparsity",1024,0.01,24900
VAR,int64_t,"AnalysisFlag::sparsity",1024,0.01,25325
VAR,int64_t,"AnalysisFlag::sparsity",1024,0.01,27924
VAR,int64_t,"AnalysisFlag::sparsity",2048,0.01,67404
VAR,int64_t,"AnalysisFlag::sparsity",2048,0.01,68793
VAR,int64_t,"AnalysisFlag::sparsity",2048,0.01,70674
VAR,int64_t,"AnalysisFlag::sparsity",2048,0.01,72087
VAR,int64_t,"AnalysisFlag::sparsity",2048,0.01,67691
VAR,int64_t,"AnalysisFlag::sparsity",2048,0.01,67331
VAR,int64_t,"AnalysisFlag::sparsity",2048,0.01,68493
VAR,int64_t,"AnalysisFlag::sparsity",2048,0.01,67920
VAR,int64_t,"AnalysisFlag::sparsity",2048,0.01,69661
VAR,int64_t,"AnalysisFlag::sparsity",2048,0.01,67854
VAR,int64_t,"AnalysisFlag::sparsity",4096,0.01,204311
VAR,int64_t,"AnalysisFlag::sparsity",4096,0.01,200742
VAR,int64_t,"AnalysisFlag::sparsity",4096,0.01,204108
VAR,int64_t,"AnalysisFlag::sparsity",4096,0.01,205020
VAR,int64_t,"AnalysisFlag::sparsity",4096,0.01,202478
VAR,int64_t,"AnalysisFlag::sparsity",4096,0.01,203140
VAR,int64_t,"AnalysisFlag::sparsity",4096,0.01,213000
VAR,int64_t,"AnalysisFlag::sparsity",4096,0.01,202285
VAR,int64_t,"AnalysisFlag::sparsity",4096,0.01,202244
VAR,int64_t,"AnalysisFlag::sparsity",4096,0.01,200194
VAR,double,"AnalysisFlag::sparsity",1024,0.05,62059
VAR,double,"AnalysisFlag::sparsity",1024,0.05,56284
VAR,double,"AnalysisFlag::sparsity",1024,0.05,56335
VAR,double,"AnalysisFlag::sparsity",1024,0.05,57411
VAR,double,"AnalysisFlag::sparsity",1024,0.05,55322
VAR,double,"AnalysisFlag::sparsity",1024,0.05,63129
VAR,double,"AnalysisFlag::sparsity",1024,0.05,66428
VAR,double,"AnalysisFlag::sparsity",1024,0.05,56578
VAR,double,"AnalysisFlag::sparsity",1024,0.05,56788
VAR,double,"AnalysisFlag::sparsity",1024,0.05,56206
VAR,double,"AnalysisFlag::sparsity",2048,0.05,202297
VAR,double,"AnalysisFlag::sparsity",2048,0.05,171796
VAR,double,"AnalysisFlag::sparsity",2048,0.05,172115
VAR,double,"AnalysisFlag::sparsity",2048,0.05,171641
VAR,double,"AnalysisFlag::sparsity",2048,0.05,189415
VAR,double,"AnalysisFlag::sparsity",2048,0.05,188632
VAR,double,"AnalysisFlag::sparsity",2048,0.05,201401
VAR,double,"AnalysisFlag::sparsity",2048,0.05,190395
VAR,double,"AnalysisFlag::sparsity",2048,0.05,171317
VAR,double,"AnalysisFlag::sparsity",2048,0.05,170987
VAR,double,"AnalysisFlag::sparsity",4096,0.05,916045
VAR,double,"AnalysisFlag::sparsity",4096,0.05,779836
VAR,double,"AnalysisFlag::sparsity",4096,0.05,736250
VAR,double,"AnalysisFlag::sparsity",4096,0.05,755057
VAR,double,"AnalysisFlag::sparsity",4096,0.05,742280
VAR,double,"AnalysisFlag::sparsity",4096,0.05,746379
VAR,double,"AnalysisFlag::sparsity",4096,0.05,740220
VAR,double,"AnalysisFlag::sparsity",4096,0.05,741702
VAR,double,"AnalysisFlag::sparsity",4096,0.05,727909
VAR,double,"AnalysisFlag::sparsity",4096,0.05,750372
VAR,int64_t,"AnalysisFlag::sparsity",1024,0.05,67821
VAR,int64_t,"AnalysisFlag::sparsity",1024,0.05,61766
VAR,int64_t,"AnalysisFlag::sparsity",1024,0.05,60961
VAR,int64_t,"AnalysisFlag::sparsity",1024,0.05,62596
VAR,int64_t,"AnalysisFlag::sparsity",1024,0.05,61226
VAR,int64_t,"AnalysisFlag::sparsity",1024,0.05,61993
VAR,int64_t,"AnalysisFlag::sparsity",1024,0.05,61288
VAR,int64_t,"AnalysisFlag::sparsity",1024,0.05,61875
VAR,int64_t,"AnalysisFlag::sparsity",1024,0.05,56538
VAR,int64_t,"AnalysisFlag::sparsity",1024,0.05,60984
VAR,int64_t,"AnalysisFlag::sparsity",2048,0.05,165392
VAR,int64_t,"AnalysisFlag::sparsity",2048,0.05,189996
VAR,int64_t,"AnalysisFlag::sparsity",2048,0.05,161486
VAR,int64_t,"AnalysisFlag::sparsity",2048,0.05,189781
VAR,int64_t,"AnalysisFlag::sparsity",2048,0.05,192289
VAR,int64_t,"AnalysisFlag::sparsity",2048,0.05,189650
VAR,int64_t,"AnalysisFlag::sparsity",2048,0.05,189911
VAR,int64_t,"AnalysisFlag::sparsity",2048,0.05,188964
VAR,int64_t,"AnalysisFlag::sparsity",2048,0.05,191027
VAR,int64_t,"AnalysisFlag::sparsity",2048,0.05,190885
VAR,int64_t,"AnalysisFlag::sparsity",4096,0.05,708338
VAR,int64_t,"AnalysisFlag::sparsity",4096,0.05,715429
VAR,int64_t,"AnalysisFlag::sparsity",4096,0.05,699138
VAR,int64_t,"AnalysisFlag::sparsity",4096,0.05,684279
VAR,int64_t,"AnalysisFlag::sparsity",4096,0.05,643119
VAR,int64_t,"AnalysisFlag::sparsity",4096,0.05,673545
VAR,int64_t,"AnalysisFlag::sparsity",4096,0.05,634920
VAR,int64_t,"AnalysisFlag::sparsity",4096,0.05,707016
VAR,int64_t,"AnalysisFlag::sparsity",4096,0.05,691592
VAR,int64_t,"AnalysisFlag::sparsity",4096,0.05,687757
VAR,double,"AnalysisFlag::sparsity",1024,0.1,89004
VAR,double,"AnalysisFlag::sparsity",1024,0.1,91709
VAR,double,"AnalysisFlag::sparsity",1024,0.1,87442
VAR,double,"AnalysisFlag::sparsity",1024,0.1,95532
VAR,double,"AnalysisFlag::sparsity",1024,0.1,86885
VAR,double,"AnalysisFlag::sparsity",1024,0.1,90945
VAR,double,"AnalysisFlag::sparsity",1024,0.1,90591
VAR,double,"AnalysisFlag::sparsity",1024,0.1,97016
VAR,double,"AnalysisFlag::sparsity",1024,0.1,95270
VAR,double,"AnalysisFlag::sparsity",1024,0.1,87724
VAR,double,"AnalysisFlag::sparsity",2048,0.1,376202
VAR,double,"AnalysisFlag::sparsity",2048,0.1,357336
VAR,double,"AnalysisFlag::sparsity",2048,0.1,357782
VAR,double,"AnalysisFlag::sparsity",2048,0.1,353783
VAR,double,"AnalysisFlag::sparsity",2048,0.1,357289
VAR,double,"AnalysisFlag::sparsity",2048,0.1,354536
VAR,double,"AnalysisFlag::sparsity",2048,0.1,353892
VAR,double,"AnalysisFlag::sparsity",2048,0.1,359230
VAR,double,"AnalysisFlag::sparsity",2048,0.1,360286
VAR,double,"AnalysisFlag::sparsity",2048,0.1,357574
VAR,double,"AnalysisFlag::sparsity",4096,0.1,1.72183e+06
VAR,double,"AnalysisFlag::sparsity",4096,0.1,1.75178e+06
VAR,double,"AnalysisFlag::sparsity",4096,0.1,1.71492e+06
VAR,double,"AnalysisFlag::sparsity",4096,0.1,1.6996e+06
VAR,double,"AnalysisFlag::sparsity",4096,0.1,1.69659e+06
VAR,double,"AnalysisFlag::sparsity",4096,0.1,1.68546e+06
VAR,double,"AnalysisFlag::sparsity",4096,0.1,1.67235e+06
VAR,double,"AnalysisFlag::sparsity",4096,0.1,1.679e+06
VAR,double,"AnalysisFlag::sparsity",4096,0.1,1.69378e+06
VAR,double,"AnalysisFlag::sparsity",4096,0.1,1.69709e+06
VAR,int64_t,"AnalysisFlag::sparsity",1024,0.1,104188
VAR,int64_t,"AnalysisFlag::sparsity",1024,0.1,100371
VAR,int64_t,"AnalysisFlag::sparsity",1024,0.1,97597
VAR,int64_t,"AnalysisFlag::sparsity",1024,0.1,97440
VAR,int64_t,"AnalysisFlag::sparsity",1024,0.1,97786
VAR,int64_t,"AnalysisFlag::sparsity",1024,0.1,96362
VAR,int64_t,"AnalysisFlag::sparsity",1024,0.1,95988
VAR,int64_t,"AnalysisFlag::sparsity",1024,0.1,87060
VAR,int64_t,"AnalysisFlag::sparsity",1024,0.1,96349
VAR,int64_t,"AnalysisFlag::sparsity",1024,0.1,100835
VAR,int64_t,"AnalysisFlag::sparsity",2048,0.1,366416
VAR,int64_t,"AnalysisFlag::sparsity",2048,0.1,346012
VAR,int64_t,"AnalysisFlag::sparsity",2048,0.1,303820
VAR,int64_t,"AnalysisFlag::sparsity",2048,0.1,339755
VAR,int64_t,"AnalysisFlag::sparsity",2048,0.1,333824
VAR,int64_t,"AnalysisFlag::sparsity",2048,0.1,331129
VAR,int64_t,"AnalysisFlag::sparsity",2048,0.1,339439
VAR,int64_t,"AnalysisFlag::sparsity",2048,0.1,289646
VAR,int64_t,"AnalysisFlag::sparsity",2048,0.1,350927
VAR,int64_t,"AnalysisFlag::sparsity",2048,0.1,289692
VAR,int64_t,"AnalysisFlag::sparsity",4096,0.1,1.54151e+06
VAR,int64_t,"AnalysisFlag::sparsity",4096,0.1,1.60199e+06
VAR,int64_t,"AnalysisFlag::sparsity",4096,0.1,1.5671e+06
VAR,int64_t,"AnalysisFlag::sparsity",4096,0.1,1.47227e+06
VAR,int64_t,"AnalysisFlag::sparsity",4096,0.1,1.50296e+06
VAR,int64_t,"AnalysisFlag::sparsity",4096,0.1,1.44737e+06
VAR,int64_t,"AnalysisFlag::sparsity",4096,0.1,1.53064e+06
VAR,int64_t,"AnalysisFlag::sparsity",4096,0.1,1.56029e+06
VAR,int64_t,"AnalysisFlag::sparsity",4096,0.1,1.59856e+06
VAR,int64_t,"AnalysisFlag::sparsity",4096,0.1,1.51069e+06
VAR,double,"AnalysisFlag::sparsity",1024,0.2,218080
VAR,double,"AnalysisFlag::sparsity",1024,0.2,180768
VAR,double,"AnalysisFlag::sparsity",1024,0.2,178395
VAR,double,"AnalysisFlag::sparsity",1024,0.2,180565
VAR,double,"AnalysisFlag::sparsity",1024,0.2,178294
VAR,double,"AnalysisFlag::sparsity",1024,0.2,179113
VAR,double,"AnalysisFlag::sparsity",1024,0.2,180469
VAR,double,"AnalysisFlag::sparsity",1024,0.2,181563
VAR,double,"AnalysisFlag::sparsity",1024,0.2,180158
VAR,double,"AnalysisFlag::sparsity",1024,0.2,180761
VAR,double,"AnalysisFlag::sparsity",2048,0.2,792088
VAR,double,"AnalysisFlag::sparsity",2048,0.2,723970
VAR,double,"AnalysisFlag::sparsity",2048,0.2,707375
VAR,double,"AnalysisFlag::sparsity",2048,0.2,702519
VAR,double,"AnalysisFlag::sparsity",2048,0.2,711392
VAR,double,"AnalysisFlag::sparsity",2048,0.2,708300
VAR,double,"AnalysisFlag::sparsity",2048,0.2,725035
VAR,double,"AnalysisFlag::sparsity",2048,0.2,706870
VAR,double,"AnalysisFlag::sparsity",2048,0.2,715665
VAR,double,"AnalysisFlag::sparsity",2048,0.2,707154
VAR,double,"AnalysisFlag::sparsity",4096,0.2,3.52008e+06
VAR,double,"AnalysisFlag::sparsity",4096,0.2,3.60384e+06
VAR,double,"AnalysisFlag::sparsity",4096,0.2,3.53461e+06
VAR,double,"AnalysisFlag::sparsity",4096,0.2,3.58411e+06
VAR,double,"AnalysisFlag::sparsity",4096,0.2,3.5282e+06
VAR,double,"AnalysisFlag::sparsity",4096,0.2,3.57673e+06
VAR,double,"AnalysisFlag::sparsity",4096,0.2,3.54332e+06
VAR,double,"AnalysisFlag::sparsity",4096,0.2,3.56673e+06
VAR,double,"AnalysisFlag::sparsity",4096,0.2,3.54238e+06
VAR,double,"AnalysisFlag::sparsity",4096,0.2,3.55946e+06
VAR,int64_t,"AnalysisFlag::sparsity",1024,0.2,168025
VAR,int64_t,"AnalysisFlag::sparsity",1024,0.2,178992
VAR,int64_t,"AnalysisFlag::sparsity",1024,0.2,167130
VAR,int64_t,"AnalysisFlag::sparsity",1024,0.2,173107
VAR,int64_t,"AnalysisFlag::sparsity",1024,0.2,175431
VAR,int64_t,"AnalysisFlag::sparsity",1024,0.2,176216
VAR,int64_t,"AnalysisFlag::sparsity",1024,0.2,176082
VAR,int64_t,"AnalysisFlag::sparsity",1024,0.2,174563
VAR,int64_t,"AnalysisFlag::sparsity",1024,0.2,151867
VAR,int64_t,"AnalysisFlag::sparsity",1024,0.2,181608
VAR,int64_t,"AnalysisFlag::sparsity",2048,0.2,811766
VAR,int64_t,"AnalysisFlag::sparsity",2048,0.2,710320
VAR,int64_t,"AnalysisFlag::sparsity",2048,0.2,655270
VAR,int64_t,"AnalysisFlag::sparsity",2048,0.2,648356
VAR,int64_t,"AnalysisFlag::sparsity",2048,0.2,590142
VAR,int64_t,"AnalysisFlag::sparsity",2048,0.2,662982
VAR,int64_t,"AnalysisFlag::sparsity",2048,0.2,606303
VAR,int64_t,"AnalysisFlag::sparsity",2048,0.2,572306
VAR,int64_t,"AnalysisFlag::sparsity",2048,0.2,648871
VAR,int64_t,"AnalysisFlag::sparsity",2048,0.2,672416
VAR,int64_t,"AnalysisFlag::sparsity",4096,0.2,3.34096e+06
VAR,int64_t,"AnalysisFlag::sparsity",4096,0.2,3.36099e+06
VAR,int64_t,"AnalysisFlag::sparsity",4096,0.2,3.24758e+06
VAR,int64_t,"AnalysisFlag::sparsity",4096,0.2,3.37375e+06
VAR,int64_t,"AnalysisFlag::sparsity",4096,0.2,3.2452e+06
VAR,int64_t,"AnalysisFlag::sparsity",4096,0.2,3.14925e+06
VAR,int64_t,"AnalysisFlag::sparsity",4096,0.2,3.115e+06
VAR,int64_t,"AnalysisFlag::sparsity",4096,0.2,3.31894e+06
VAR,int64_t,"AnalysisFlag::sparsity",4096,0.2,3.27923e+06
VAR,int64_t,"AnalysisFlag::sparsity",4096,0.2,3.00373e+06
VAR,double,"AnalysisFlag::sparsity",1024,0.25,2.27581e+06
VAR,double,"AnalysisFlag::sparsity",1024,0.25,2.26342e+06
VAR,double,"AnalysisFlag::sparsity",1024,0.25,2.25173e+06
VAR,double,"AnalysisFlag::sparsity",1024,0.25,2.24937e+06
VAR,double,"AnalysisFlag::sparsity",1024,0.25,2.25055e+06
VAR,double,"AnalysisFlag::sparsity",1024,0.25,2.25133e+06
VAR,double,"AnalysisFlag::sparsity",1024,0.25,2.25473e+06
VAR,double,"AnalysisFlag::sparsity",1024,0.25,2.24825e+06
VAR,double,"AnalysisFlag::sparsity",1024,0.25,2.2583e+06
VAR,double,"AnalysisFlag::sparsity",1024,0.25,2.25826e+06
VAR,double,"AnalysisFlag::sparsity",2048,0.25,9.36899e+06
VAR,double,"AnalysisFlag::sparsity",2048,0.25,9.36123e+06
VAR,double,"AnalysisFlag::sparsity",2048,0.25,9.34951e+06
VAR,double,"AnalysisFlag::sparsity",2048,0.25,9.35879e+06
VAR,double,"AnalysisFlag::sparsity",2048,0.25,9.34983e+06
VAR,double,"AnalysisFlag::sparsity",2048,0.25,9.36101e+06
VAR,double,"AnalysisFlag::sparsity",2048,0.25,9.36435e+06
VAR,double,"AnalysisFlag::sparsity",2048,0.25,9.37462e+06
VAR,double,"AnalysisFlag::sparsity",2048,0.25,9.35786e+06
VAR,double,"AnalysisFlag::sparsity",2048,0.25,9.37175e+06
VAR,double,"AnalysisFlag::sparsity",4096,0.25,3.774e+07
VAR,double,"AnalysisFlag::sparsity",4096,0.25,3.77545e+07
VAR,double,"AnalysisFlag::sparsity",4096,0.25,3.77529e+07
VAR,double,"AnalysisFlag::sparsity",4096,0.25,3.7737e+07
VAR,double,"AnalysisFlag::sparsity",4096,0.25,3.77454e+07
VAR,double,"AnalysisFlag::sparsity",4096,0.25,3.77245e+07
VAR,double,"AnalysisFlag::sparsity",4096,0.25,3.77787e+07
VAR,double,"AnalysisFlag::sparsity",4096,0.25,3.77304e+07
VAR,double,"AnalysisFlag::sparsity",4096,0.25,3.76954e+07
VAR,double,"AnalysisFlag::sparsity",4096,0.25,3.77533e+07
VAR,int64_t,"AnalysisFlag::sparsity",1024,0.25,2.04787e+06
VAR,int64_t,"AnalysisFlag::sparsity",1024,0.25,2.07e+06
VAR,int64_t,"AnalysisFlag::sparsity",1024,0.25,1.90506e+06
VAR,int64_t,"AnalysisFlag::sparsity",1024,0.25,2.06948e+06
VAR,int64_t,"AnalysisFlag::sparsity",1024,0.25,2.28735e+06
VAR,int64_t,"AnalysisFlag::sparsity",1024,0.25,1.90457e+06
VAR,int64_t,"AnalysisFlag::sparsity",1024,0.25,1.90542e+06
VAR,int64_t,"AnalysisFlag::sparsity",1024,0.25,2.0711e+06
VAR,int64_t,"AnalysisFlag::sparsity",1024,0.25,2.21113e+06
VAR,int64_t,"AnalysisFlag::sparsity",1024,0.25,2.0791e+06
VAR,int64_t,"AnalysisFlag::sparsity",2048,0.25,8.15766e+06
VAR,int64_t,"AnalysisFlag::sparsity",2048,0.25,8.70287e+06
VAR,int64_t,"AnalysisFlag::sparsity",2048,0.25,8.68038e+06
VAR,int64_t,"AnalysisFlag::sparsity",2048,0.25,7.70855e+06
VAR,int64_t,"AnalysisFlag::sparsity",2048,0.25,7.71395e+06
VAR,int64_t,"AnalysisFlag::sparsity",2048,0.25,7.69504e+06
VAR,int64_t,"AnalysisFlag::sparsity",2048,0.25,7.67669e+06
VAR,int64_t,"AnalysisFlag::sparsity",2048,0.25,7.71996e+06
VAR,int64_t,"AnalysisFlag::sparsity",2048,0.25,7.69544e+06
VAR,int64_t,"AnalysisFlag::sparsity",2048,0.25,7.71188e+06
VAR,int64_t,"AnalysisFlag::sparsity",4096,0.25,3.06505e+07
VAR,int64_t,"AnalysisFlag::sparsity",4096,0.25,3.06406e+07
VAR,int64_t,"AnalysisFlag::sparsity",4096,0.25,3.13113e+07
VAR,int64_t,"AnalysisFlag::sparsity",4096,0.25,3.14407e+07
VAR,int64_t,"AnalysisFlag::sparsity",4096,0.25,3.10853e+07
VAR,int64_t,"AnalysisFlag::sparsity",4096,0.25,3.15696e+07
VAR,int64_t,"AnalysisFlag::sparsity",4096,0.25,3.15398e+07
VAR,int64_t,"AnalysisFlag::sparsity",4096,0.25,3.15277e+07
VAR,int64_t,"AnalysisFlag::sparsity",4096,0.25,3.15266e+07
VAR,int64_t,"AnalysisFlag::sparsity",4096,0.25,3.13992e+07
VAR,double,"AnalysisFlag::sparsity",1024,1,2.44507e+06
VAR,double,"AnalysisFlag::sparsity",1024,1,2.25122e+06
VAR,double,"AnalysisFlag::sparsity",1024,1,2.2579e+06
VAR,double,"AnalysisFlag::sparsity",1024,1,2.24905e+06
VAR,double,"AnalysisFlag::sparsity",1024,1,2.24902e+06
VAR,double,"AnalysisFlag::sparsity",1024,1,2.24903e+06
VAR,double,"AnalysisFlag::sparsity",1024,1,2.25214e+06
VAR,double,"AnalysisFlag::sparsity",1024,1,2.25012e+06
VAR,double,"AnalysisFlag::sparsity",1024,1,2.25068e+06
VAR,double,"AnalysisFlag::sparsity",1024,1,2.24968e+06
VAR,double,"AnalysisFlag::sparsity",2048,1,9.41885e+06
VAR,double,"AnalysisFlag::sparsity",2048,1,9.34945e+06
VAR,double,"AnalysisFlag::sparsity",2048,1,9.36777e+06
VAR,double,"AnalysisFlag::sparsity",2048,1,9.37244e+06
VAR,double,"AnalysisFlag::sparsity",2048,1,9.38964e+06
VAR,double,"AnalysisFlag::sparsity",2048,1,9.37327e+06
VAR,double,"AnalysisFlag::sparsity",2048,1,9.35618e+06
VAR,double,"AnalysisFlag::sparsity",2048,1,9.36336e+06
VAR,double,"AnalysisFlag::sparsity",2048,1,9.38024e+06
VAR,double,"AnalysisFlag::sparsity",2048,1,9.37598e+06
VAR,double,"AnalysisFlag::sparsity",4096,1,3.77133e+07
VAR,double,"AnalysisFlag::sparsity",4096,1,3.77412e+07
VAR,double,"AnalysisFlag::sparsity",4096,1,3.76997e+07
VAR,double,"AnalysisFlag::sparsity",4096,1,3.77444e+07
VAR,double,"AnalysisFlag::sparsity",4096,1,3.76743e+07
VAR,double,"AnalysisFlag::sparsity",4096,1,3.77345e+07
VAR,double,"AnalysisFlag::sparsity",4096,1,3.77336e+07
VAR,double,"AnalysisFlag::sparsity",4096,1,3.77472e+07
VAR,double,"AnalysisFlag::sparsity",4096,1,3.77075e+07
VAR,double,"AnalysisFlag::sparsity",4096,1,3.77407e+07
VAR,int64_t,"AnalysisFlag::sparsity",1024,1,2.15693e+06
VAR,int64_t,"AnalysisFlag::sparsity",1024,1,1.89962e+06
VAR,int64_t,"AnalysisFlag::sparsity",1024,1,1.90003e+06
VAR,int64_t,"AnalysisFlag::sparsity",1024,1,1.89989e+06
VAR,int64_t,"AnalysisFlag::sparsity",1024,1,1.90175e+06
VAR,int64_t,"AnalysisFlag::sparsity",1024,1,1.90165e+06
VAR,int64_t,"AnalysisFlag::sparsity",1024,1,1.90144e+06
VAR,int64_t,"AnalysisFlag::sparsity",1024,1,1.9015e+06
VAR,int64_t,"AnalysisFlag::sparsity",1024,1,1.90208e+06
VAR,int64_t,"AnalysisFlag::sparsity",1024,1,1.90065e+06
VAR,int64_t,"AnalysisFlag::sparsity",2048,1,7.76435e+06
VAR,int64_t,"AnalysisFlag::sparsity",2048,1,7.70632e+06
VAR,int64_t,"AnalysisFlag::sparsity",2048,1,7.69699e+06
VAR,int64_t,"AnalysisFlag::sparsity",2048,1,7.68208e+06
VAR,int64_t,"AnalysisFlag::sparsity",2048,1,7.68384e+06
VAR,int64_t,"AnalysisFlag::sparsity",2048,1,7.6962e+06
VAR,int64_t,"AnalysisFlag::sparsity",2048,1,7.68486e+06
VAR,int64_t,"AnalysisFlag::sparsity",2048,1,7.69068e+06
VAR,int64_t,"AnalysisFlag::sparsity",2048,1,7.68363e+06
VAR,int64_t,"AnalysisFlag::sparsity",2048,1,7.70346e+06
VAR,int64_t,"AnalysisFlag::sparsity",4096,1,3.06591e+07
VAR,int64_t,"AnalysisFlag::sparsity",4096,1,3.06115e+07
VAR,int64_t,"AnalysisFlag::sparsity",4096,1,3.06044e+07
VAR,int64_t,"AnalysisFlag::sparsity",4096,1,3.0607e+07
VAR,int64_t,"AnalysisFlag::sparsity",4096,1,3.05989e+07
VAR,int64_t,"AnalysisFlag::sparsity",4096,1,3.06245e+07
VAR,int64_t,"AnalysisFlag::sparsity",4096,1,3.14101e+07
VAR,int64_t,"AnalysisFlag::sparsity",4096,1,3.18285e+07
VAR,int64_t,"AnalysisFlag::sparsity",4096,1,3.06235e+07
VAR,int64_t,"AnalysisFlag::sparsity",4096,1,3.06269e+07
IDXMIN,double,"AnalysisFlag::sparsity",1024,0.25,1.27607e+06
IDXMIN,double,"AnalysisFlag::sparsity",1024,0.25,1.25637e+06
IDXMIN,double,"AnalysisFlag::sparsity",1024,0.25,1.25646e+06
IDXMIN,double,"AnalysisFlag::sparsity",1024,0.25,1.25626e+06
IDXMIN,double,"AnalysisFlag::sparsity",1024,0.25,1.2566e+06
IDXMIN,double,"AnalysisFlag::sparsity",1024,0.25,1.25656e+06
IDXMIN,double,"AnalysisFlag::sparsity",1024,0.25,1.2565e+06
IDXMIN,double,"AnalysisFlag::sparsity",1024,0.25,1.25629e+06
IDXMIN,double,"AnalysisFlag::sparsity",1024,0.25,1.25661e+06
IDXMIN,double,"AnalysisFlag::sparsity",1024,0.25,1.25639e+06
IDXMIN,double,"AnalysisFlag::sparsity",2048,0.25,5.22676e+06
IDXMIN,double,"AnalysisFlag::sparsity",2048,0.25,5.2197e+06
IDXMIN,double,"AnalysisFlag::sparsity",2048,0.25,5.21448e+06
IDXMIN,double,"AnalysisFlag::sparsity",2048,0.25,5.21708e+06
IDXMIN,double,"AnalysisFlag::sparsity",2048,0.25,5.22157e+06
IDXMIN,double,"AnalysisFlag::sparsity",2048,0.25,5.21187e+06
IDXMIN,double,"AnalysisFlag::sparsity",2048,0.25,5.21207e+06
IDXMIN,double,"AnalysisFlag::sparsity",2048,0.25,5.213e+06
IDXMIN,double,"AnalysisFlag::sparsity",2048,0.25,5.20814e+06
IDXMIN,double,"AnalysisFlag::sparsity",2048,0.25,5.20449e+06
IDXMIN,double,"AnalysisFlag::sparsity",4096,0.25,2.13897e+07
IDXMIN,double,"AnalysisFlag::sparsity",4096,0.25,2.14586e+07
IDXMIN,double,"AnalysisFlag::sparsity",4096,0.25,2.14273e+07
IDXMIN,double,"AnalysisFlag::sparsity",4096,0.25,2.14194e+07
IDXMIN,double,"AnalysisFlag::sparsity",4096,0.25,2.14115e+07
IDXMIN,double,"AnalysisFlag::sparsity",4096,0.25,2.14137e+07
IDXMIN,double,"AnalysisFlag::sparsity",4096,0.25,2.14087e+07
IDXMIN,double,"AnalysisFlag::sparsity",4096,0.25,2.14233e+07
IDXMIN,double,"AnalysisFlag::sparsity",4096,0.25,2.1437e+07
IDXMIN,double,"AnalysisFlag::sparsity",4096,0.25,2.14161e+07
IDXMIN,int64_t,"AnalysisFlag::sparsity",1024,0.25,459509
IDXMIN,int64_t,"AnalysisFlag::sparsity",1024,0.25,417598
IDXMIN,int64_t,"AnalysisFlag::sparsity",1024,0.25,415465
IDXMIN,int64_t,"AnalysisFlag::sparsity",1024,0.25,413760
IDXMIN,int64_t,"AnalysisFlag::sparsity",1024,0.25,416798
IDXMIN,int64_t,"AnalysisFlag::sparsity",1024,0.25,417393
IDXMIN,int64_t,"AnalysisFlag::sparsity",1024,0.25,417173
IDXMIN,int64_t,"AnalysisFlag::sparsity",1024,0.25,415515
IDXMIN,int64_t,"AnalysisFlag::sparsity",1024,0.25,415750
IDXMIN,int64_t,"AnalysisFlag::sparsity",1024,0.25,413739
IDXMIN,int64_t,"AnalysisFlag::sparsity",2048,0.25,2.19136e+06
IDXMIN,int64_t,"AnalysisFlag::sparsity",2048,0.25,2.26445e+06
IDXMIN,int64_t,"AnalysisFlag::sparsity",2048,0.25,2.2525e+06
IDXMIN,int64_t,"AnalysisFlag::sparsity",2048,0.25,2.25257e+06
IDXMIN,int64_t,"AnalysisFlag::sparsity",2048,0.25,2.08778e+06
IDXMIN,int64_t,"AnalysisFlag::sparsity",2048,0.25,2.07672e+06
IDXMIN,int64_t,"AnalysisFlag::sparsity",2048,0.25,2.21914e+06
IDXMIN,int64_t,"AnalysisFlag::sparsity",2048,0.25,2.24625e+06
IDXMIN,int64_t,"AnalysisFlag::sparsity",2048,0.25,2.23308e+06
IDXMIN,int64_t,"AnalysisFlag::sparsity",2048,0.25,2.25282e+06
IDXMIN,int64_t,"AnalysisFlag::sparsity",4096,0.25,8.9112e+06
IDXMIN,int64_t,"AnalysisFlag::sparsity",4096,0.25,8.91488e+06
IDXMIN,int64_t,"AnalysisFlag::sparsity",4096,0.25,8.90275e+06
IDXMIN,int64_t,"AnalysisFlag::sparsity",4096,0.25,8.90731e+06
IDXMIN,int64_t,"AnalysisFlag::sparsity",4096,0.25,8.9055e+06
IDXMIN,int64_t,"AnalysisFlag::sparsity",4096,0.25,8.91721e+06
IDXMIN,int64_t,"AnalysisFlag::sparsity",4096,0.25,8.90396e+06
IDXMIN,int64_t,"AnalysisFlag::sparsity",4096,0.25,8.92391e+06
IDXMIN,int64_t,"AnalysisFlag::sparsity",4096,0.25,8.93748e+06
IDXMIN,int64_t,"AnalysisFlag::sparsity",4096,0.25,8.90479e+06
IDXMIN,double,"AnalysisFlag::sparsity",1024,1,1.36711e+06
IDXMIN,double,"AnalysisFlag::sparsity",1024,1,1.2907e+06
IDXMIN,double,"AnalysisFlag::sparsity",1024,1,1.25718e+06
IDXMIN,double,"AnalysisFlag::sparsity",1024,1,1.25746e+06
IDXMIN,double,"AnalysisFlag::sparsity",1024,1,1.25714e+06
IDXMIN,double,"AnalysisFlag::sparsity",1024,1,1.25932e+06
IDXMIN,double,"AnalysisFlag::sparsity",1024,1,1.25711e+06
IDXMIN,double,"AnalysisFlag::sparsity",1024,1,1.25753e+06
IDXMIN,double,"AnalysisFlag::sparsity",1024,1,1.25711e+06
IDXMIN,double,"AnalysisFlag::sparsity",1024,1,1.25747e+06
IDXMIN,double,"AnalysisFlag::sparsity",2048,1,5.24072e+06
IDXMIN,double,"AnalysisFlag::sparsity",2048,1,5.22449e+06
IDXMIN,double,"AnalysisFlag::sparsity",2048,1,5.21352e+06
IDXMIN,double,"AnalysisFlag::sparsity",2048,1,5.21014e+06
IDXMIN,double,"AnalysisFlag::sparsity",2048,1,5.2094e+06
IDXMIN,double,"AnalysisFlag::sparsity",2048,1,5.21458e+06
IDXMIN,double,"AnalysisFlag::sparsity",2048,1,5.20746e+06
IDXMIN,double,"AnalysisFlag::sparsity",2048,1,5.2068e+06
IDXMIN,double,"AnalysisFlag::sparsity",2048,1,5.21461e+06
IDXMIN,double,"AnalysisFlag::sparsity",2048,1,5.21893e+06
IDXMIN,double,"AnalysisFlag::sparsity",4096,1,2.14017e+07
IDXMIN,double,"AnalysisFlag::sparsity",4096,1,2.15517e+07
IDXMIN,double,"AnalysisFlag::sparsity",4096,1,2.14171e+07
IDXMIN,double,"AnalysisFlag::sparsity",4096,1,2.14153e+07
IDXMIN,double,"AnalysisFlag::sparsity",4096,1,2.14114e+07
IDXMIN,double,"AnalysisFlag::sparsity",4096,1,2.14276e+07
IDXMIN,double,"AnalysisFlag::sparsity",4096,1,2.144e+07
IDXMIN,double,"AnalysisFlag::sparsity",4096,1,2.14183e+07
IDXMIN,double,"AnalysisFlag::sparsity",4096,1,2.14209e+07
IDXMIN,double,"AnalysisFlag::sparsity",4096,1,2.15909e+07
IDXMIN,int64_t,"AnalysisFlag::sparsity",1024,1,601323
IDXMIN,int64_t,"AnalysisFlag::sparsity",1024,1,433283
IDXMIN,int64_t,"AnalysisFlag::sparsity",1024,1,411792
IDXMIN,int64_t,"AnalysisFlag::sparsity",1024,1,409898
IDXMIN,int64_t,"AnalysisFlag::sparsity",1024,1,412290
IDXMIN,int64_t,"AnalysisFlag::sparsity",1024,1,407257
IDXMIN,int64_t,"AnalysisFlag::sparsity",1024,1,409423
IDXMIN,int64_t,"AnalysisFlag::sparsity",1024,1,407320
IDXMIN,int64_t,"AnalysisFlag::sparsity",1024,1,409514
IDXMIN,int64_t,"AnalysisFlag::sparsity",1024,1,407986
IDXMIN,int64_t,"AnalysisFlag::sparsity",2048,1,2.25788e+06
IDXMIN,int64_t,"AnalysisFlag::sparsity",2048,1,2.2166e+06
IDXMIN,int64_t,"AnalysisFlag::sparsity",2048,1,2.32771e+06
IDXMIN,int64_t,"AnalysisFlag::sparsity",2048,1,2.07664e+06
IDXMIN,int64_t,"AnalysisFlag::sparsity",2048,1,2.30736e+06
IDXMIN,int64_t,"AnalysisFlag::sparsity",2048,1,2.07645e+06
IDXMIN,int64_t,"AnalysisFlag::sparsity",2048,1,2.05472e+06
IDXMIN,int64_t,"AnalysisFlag::sparsity",2048,1,2.06661e+06
IDXMIN,int64_t,"AnalysisFlag::sparsity",2048,1,2.07094e+06
IDXMIN,int64_t,"AnalysisFlag::sparsity",2048,1,2.25119e+06
IDXMIN,int64_t,"AnalysisFlag::sparsity",4096,1,8.9393e+06
IDXMIN,int64_t,"AnalysisFlag::sparsity",4096,1,8.90692e+06
IDXMIN,int64_t,"AnalysisFlag::sparsity",4096,1,8.89012e+06
IDXMIN,int64_t,"AnalysisFlag::sparsity",4096,1,8.90321e+06
IDXMIN,int64_t,"AnalysisFlag::sparsity",4096,1,8.93384e+06
IDXMIN,int64_t,"AnalysisFlag::sparsity",4096,1,8.8938e+06
IDXMIN,int64_t,"AnalysisFlag::sparsity",4096,1,8.88071e+06
IDXMIN,int64_t,"AnalysisFlag::sparsity",4096,1,8.90814e+06
IDXMIN,int64_t,"AnalysisFlag::sparsity",4096,1,8.89339e+06
IDXMIN,int64_t,"AnalysisFlag::sparsity",4096,1,8.88893e+06
IDXMAX,double,"AnalysisFlag::sparsity",1024,0.25,1.27389e+06
IDXMAX,double,"AnalysisFlag::sparsity",1024,0.25,1.25808e+06
IDXMAX,double,"AnalysisFlag::sparsity",1024,0.25,1.25813e+06
IDXMAX,double,"AnalysisFlag::sparsity",1024,0.25,1.2577e+06
IDXMAX,double,"AnalysisFlag::sparsity",1024,0.25,1.25802e+06
IDXMAX,double,"AnalysisFlag::sparsity",1024,0.25,1.25856e+06
IDXMAX,double,"AnalysisFlag::sparsity",1024,0.25,1.25627e+06
IDXMAX,double,"AnalysisFlag::sparsity",1024,0.25,1.25674e+06
IDXMAX,double,"AnalysisFlag::sparsity",1024,0.25,1.25658e+06
IDXMAX,double,"AnalysisFlag::sparsity",1024,0.25,1.25585e+06
IDXMAX,double,"AnalysisFlag::sparsity",2048,0.25,5.23747e+06
IDXMAX,double,"AnalysisFlag::sparsity",2048,0.25,5.22101e+06
IDXMAX,double,"AnalysisFlag::sparsity",2048,0.25,5.21344e+06
IDXMAX,double,"AnalysisFlag::sparsity",2048,0.25,5.21219e+06
IDXMAX,double,"AnalysisFlag::sparsity",2048,0.25,5.21665e+06
IDXMAX,double,"AnalysisFlag::sparsity",2048,0.25,5.21219e+06
IDXMAX,double,"AnalysisFlag::sparsity",2048,0.25,5.20991e+06
IDXMAX,double,"AnalysisFlag::sparsity",2048,0.25,5.21414e+06
IDXMAX,double,"AnalysisFlag::sparsity",2048,0.25,5.2071e+06
IDXMAX,double,"AnalysisFlag::sparsity",2048,0.25,5.21016e+06
IDXMAX,double,"AnalysisFlag::sparsity",4096,0.25,2.13969e+07
IDXMAX,double,"AnalysisFlag::sparsity",4096,0.25,2.14831e+07
IDXMAX,double,"AnalysisFlag::sparsity",4096,0.25,2.14142e+07
IDXMAX,double,"AnalysisFlag::sparsity",4096,0.25,2.14126e+07
IDXMAX,double,"AnalysisFlag::sparsity",4096,0.25,2.14113e+07
IDXMAX,double,"AnalysisFlag::sparsity",4096,0.25,2.14137e+07
IDXMAX,double,"AnalysisFlag::sparsity",4096,0.25,2.14382e+07
IDXMAX,double,"AnalysisFlag::sparsity",4096,0.25,2.1452e+07
IDXMAX,double,"AnalysisFlag::sparsity",4096,0.25,2.14163e+07
IDXMAX,double,"AnalysisFlag::sparsity",4096,0.25,2.14282e+07
IDXMAX,int64_t,"AnalysisFlag::sparsity",1024,0.25,454311
IDXMAX,int64_t,"AnalysisFlag::sparsity",1024,0.25,419629
IDXMAX,int64_t,"AnalysisFlag::sparsity",1024,0.25,414232
IDXMAX,int64_t,"AnalysisFlag::sparsity",1024,0.25,415724
IDXMAX,int64_t,"AnalysisFlag::sparsity",1024,0.25,415971
IDXMAX,int64_t,"AnalysisFlag::sparsity",1024,0.25,412996
IDXMAX,int64_t,"AnalysisFlag::sparsity",1024,0.25,415251
IDXMAX,int64_t,"AnalysisFlag::sparsity",1024,0.25,414211
IDXMAX,int64_t,"AnalysisFlag::sparsity",1024,0.25,412719
IDXMAX,int64_t,"AnalysisFlag::sparsity",1024,0.25,414902
IDXMAX,int64_t,"AnalysisFlag::sparsity",2048,0.25,2.18673e+06
IDXMAX,int64_t,"AnalysisFlag::sparsity",2048,0.25,2.07679e+06
IDXMAX,int64_t,"AnalysisFlag::sparsity",2048,0.25,2.20558e+06
IDXMAX,int64_t,"AnalysisFlag::sparsity",2048,0.25,2.12813e+06
IDXMAX,int64_t,"AnalysisFlag::sparsity",2048,0.25,2.23877e+06
IDXMAX,int64_t,"AnalysisFlag::sparsity",2048,0.25,2.19398e+06
IDXMAX,int64_t,"AnalysisFlag::sparsity",2048,0.25,2.09737e+06
IDXMAX,int64_t,"AnalysisFlag::sparsity",2048,0.25,2.20289e+06
IDXMAX,int64_t,"AnalysisFlag::sparsity",2048,0.25,2.22439e+06
IDXMAX,int64_t,"AnalysisFlag::sparsity",2048,0.25,2.13113e+06
IDXMAX,int64_t,"AnalysisFlag::sparsity",4096,0.25,8.89843e+06
IDXMAX,int64_t,"AnalysisFlag::sparsity",4096,0.25,8.92056e+06
IDXMAX,int64_t,"AnalysisFlag::sparsity",4096,0.25,8.91096e+06
IDXMAX,int64_t,"AnalysisFlag::sparsity",4096,0.25,8.92662e+06
IDXMAX,int64_t,"AnalysisFlag::sparsity",4096,0.25,8.92362e+06
IDXMAX,int64_t,"AnalysisFlag::sparsity",4096,0.25,8.91238e+06
IDXMAX,int64_t,"AnalysisFlag::sparsity",4096,0.25,8.92032e+06
IDXMAX,int64_t,"AnalysisFlag::sparsity",4096,0.25,8.90815e+06
IDXMAX,int64_t,"AnalysisFlag::sparsity",4096,0.25,8.92869e+06
IDXMAX,int64_t,"AnalysisFlag::sparsity",4096,0.25,8.93168e+06
IDXMAX,double,"AnalysisFlag::sparsity",1024,1,1.36172e+06
IDXMAX,double,"AnalysisFlag::sparsity",1024,1,1.29782e+06
IDXMAX,double,"AnalysisFlag::sparsity",1024,1,1.25728e+06
IDXMAX,double,"AnalysisFlag::sparsity",1024,1,1.25695e+06
IDXMAX,double,"AnalysisFlag::sparsity",1024,1,1.25793e+06
IDXMAX,double,"AnalysisFlag::sparsity",1024,1,1.26026e+06
IDXMAX,double,"AnalysisFlag::sparsity",1024,1,1.2577e+06
IDXMAX,double,"AnalysisFlag::sparsity",1024,1,1.25701e+06
IDXMAX,double,"AnalysisFlag::sparsity",1024,1,1.25708e+06
IDXMAX,double,"AnalysisFlag::sparsity",1024,1,1.2564e+06
IDXMAX,double,"AnalysisFlag::sparsity",2048,1,5.24753e+06
IDXMAX,double,"AnalysisFlag::sparsity",2048,1,5.21904e+06
IDXMAX,double,"AnalysisFlag::sparsity",2048,1,5.21636e+06
IDXMAX,double,"AnalysisFlag::sparsity",2048,1,5.2175e+06
IDXMAX,double,"AnalysisFlag::sparsity",2048,1,5.21379e+06
IDXMAX,double,"AnalysisFlag::sparsity",2048,1,5.22009e+06
IDXMAX,double,"AnalysisFlag::sparsity",2048,1,5.20965e+06
IDXMAX,double,"AnalysisFlag::sparsity",2048,1,5.20963e+06
IDXMAX,double,"AnalysisFlag::sparsity",2048,1,5.2113e+06
IDXMAX,double,"AnalysisFlag::sparsity",2048,1,5.20442e+06
IDXMAX,double,"AnalysisFlag::sparsity",4096,1,2.1507e+07
IDXMAX,double,"AnalysisFlag::sparsity",4096,1,2.14247e+07
IDXMAX,double,"AnalysisFlag::sparsity",4096,1,2.1398e+07
IDXMAX,double,"AnalysisFlag::sparsity",4096,1,2.14259e+07
IDXMAX,double,"AnalysisFlag::sparsity",4096,1,2.14217e+07
IDXMAX,double,"AnalysisFlag::sparsity",4096,1,2.14163e+07
IDXMAX,double,"AnalysisFlag::sparsity",4096,1,2.14191e+07
IDXMAX,double,"AnalysisFlag::sparsity",4096,1,2.14922e+07
IDXMAX,double,"AnalysisFlag::sparsity",4096,1,2.14216e+07
IDXMAX,double,"AnalysisFlag::sparsity",4096,1,2.14127e+07
IDXMAX,int64_t,"AnalysisFlag::sparsity",1024,1,599272
IDXMAX,int64_t,"AnalysisFlag::sparsity",1024,1,439841
IDXMAX,int64_t,"AnalysisFlag::sparsity",1024,1,414377
IDXMAX,int64_t,"AnalysisFlag::sparsity",1024,1,415078
IDXMAX,int64_t,"AnalysisFlag::sparsity",1024,1,415417
IDXMAX,int64_t,"AnalysisFlag::sparsity",1024,1,417373
IDXMAX,int64_t,"AnalysisFlag::sparsity",1024,1,415783
IDXMAX,int64_t,"AnalysisFlag::sparsity",1024,1,414738
IDXMAX,int64_t,"AnalysisFlag::sparsity",1024,1,421162
IDXMAX,int64_t,"AnalysisFlag::sparsity",1024,1,417232
IDXMAX,int64_t,"AnalysisFlag::sparsity",2048,1,2.28126e+06
IDXMAX,int64_t,"AnalysisFlag::sparsity",2048,1,2.25682e+06
IDXMAX,int64_t,"AnalysisFlag::sparsity",2048,1,2.33144e+06
IDXMAX,int64_t,"AnalysisFlag::sparsity",2048,1,2.30718e+06
IDXMAX,int64_t,"AnalysisFlag::sparsity",2048,1,2.23543e+06
IDXMAX,int64_t,"AnalysisFlag::sparsity",2048,1,2.22079e+06
IDXMAX,int64_t,"AnalysisFlag::sparsity",2048,1,2.08935e+06
IDXMAX,int64_t,"AnalysisFlag::sparsity",2048,1,2.08871e+06
IDXMAX,int64_t,"AnalysisFlag::sparsity",2048,1,2.08215e+06
IDXMAX,int64_t,"AnalysisFlag::sparsity",2048,1,2.18035e+06
IDXMAX,int64_t,"AnalysisFlag::sparsity",4096,1,8.90362e+06
IDXMAX,int64_t,"AnalysisFlag::sparsity",4096,1,8.92433e+06
IDXMAX,int64_t,"AnalysisFlag::sparsity",4096,1,8.94058e+06
IDXMAX,int64_t,"AnalysisFlag::sparsity",4096,1,8.92152e+06
IDXMAX,int64_t,"AnalysisFlag::sparsity",4096,1,8.92546e+06
IDXMAX,int64_t,"AnalysisFlag::sparsity",4096,1,8.92773e+06
IDXMAX,int64_t,"AnalysisFlag::sparsity",4096,1,8.93428e+06
IDXMAX,int64_t,"AnalysisFlag::sparsity",4096,1,8.92758e+06
IDXMAX,int64_t,"AnalysisFlag::sparsity",4096,1,8.93522e+06
IDXMAX,int64_t,"AnalysisFlag::sparsity",4096,1,8.93303e+06
SUM,double,"AnalysisFlag::min, AnalysisFlag::max, AnalysisFlag::mean, AnalysisFlag::sparsity, AnalysisFlag::numDistinctApprox",1024,0.001,100359
SUM,double,"AnalysisFlag::min, AnalysisFlag::max, AnalysisFlag::mean, AnalysisFlag::sparsity, AnalysisFlag::numDistinctApprox",1024,0.001,93336
SUM,double,"AnalysisFlag::min, AnalysisFlag::max, AnalysisFlag::mean, AnalysisFlag::sparsity, AnalysisFlag::numDistinctApprox",1024,0.001,94484
SUM,double,"AnalysisFlag::min, AnalysisFlag::max, AnalysisFlag::mean, AnalysisFlag::sparsity, AnalysisFlag::numDistinctApprox",1024,0.001,96149
SUM,double,"AnalysisFlag::min, AnalysisFlag::max, AnalysisFlag::mean, AnalysisFlag::sparsity, AnalysisFlag::numDistinctApprox",1024,0.001,94939
SUM,double,"AnalysisFlag::min, AnalysisFlag::max, AnalysisFlag::mean, AnalysisFlag::sparsity, AnalysisFlag::numDistinctApprox",1024,0.001,95960
SUM,double,"AnalysisFlag::min, AnalysisFlag::max, AnalysisFlag::mean, AnalysisFlag::sparsity, AnalysisFlag::numDistinctApprox",1024,0.001,96515
SUM,double,"AnalysisFlag::min, AnalysisFlag::max, AnalysisFlag::mean, AnalysisFlag::sparsity, AnalysisFlag::numDistinctApprox",1024,0.001,92857
SUM,double,"AnalysisFlag::min, AnalysisFlag::max, AnalysisFlag::mean, AnalysisFlag::sparsity, AnalysisFlag::numDistinctApprox",1024,0.001,92044
SUM,double,"AnalysisFlag::min, AnalysisFlag::max, AnalysisFlag::mean, AnalysisFlag::sparsity, AnalysisFlag::numDistinctApprox",1024,0.001,93887
SUM,double,"AnalysisFlag::min, AnalysisFlag::max, AnalysisFlag::mean, AnalysisFlag::sparsity, AnalysisFlag::numDistinctApprox",2048,0.001,224762
SUM,double,"AnalysisFlag::min, AnalysisFlag::max, AnalysisFlag::mean, AnalysisFlag::sparsity, AnalysisFlag::numDistinctApprox",2048,0.001,217415
SUM,double,"AnalysisFlag::min, AnalysisFlag::max, AnalysisFlag::mean, AnalysisFlag::sparsity, AnalysisFlag::numDistinctApprox",2048,0.001,227452
SUM,double,"AnalysisFlag::min, AnalysisFlag::max, AnalysisFlag::mean, AnalysisFlag::sparsity, AnalysisFlag::numDistinctApprox",2048,0.001,218564
SUM,double,"AnalysisFlag::min, AnalysisFlag::max, AnalysisFlag::mean, AnalysisFlag::sparsity, AnalysisFlag::numDistinctApprox",2048,0.001,213335
SUM,double,"AnalysisFlag::min, AnalysisFlag::max, AnalysisFlag::mean, AnalysisFlag::sparsity, AnalysisFlag::numDistinctApprox",2048,0.001,212596
SUM,double,"AnalysisFlag::min, AnalysisFlag::max, AnalysisFlag::mean, AnalysisFlag::sparsity, AnalysisFlag::numDistinctApprox",2048,0.001,213724
SUM,double,"AnalysisFlag::min, AnalysisFlag::max, AnalysisFlag::mean, AnalysisFlag::sparsity, AnalysisFlag::numDistinctApprox",2048,0.001,212236
SUM,double,"AnalysisFlag::min, AnalysisFlag::max, AnalysisFlag::mean, AnalysisFlag::sparsity, AnalysisFlag::numDistinctApprox",2048,0.001,211388
SUM,double,"AnalysisFlag::min, AnalysisFlag::max, AnalysisFlag::mean, AnalysisFlag::sparsity, AnalysisFlag::numDistinctApprox",2048,0.001,210377
SUM,double,"AnalysisFlag::min, AnalysisFlag::max, AnalysisFlag::mean, AnalysisFlag::sparsity, AnalysisFlag::numDistinctApprox",4096,0.001,356884
SUM,double,"AnalysisFlag::min, AnalysisFlag::max, AnalysisFlag::mean, AnalysisFlag::sparsity, AnalysisFlag::numDistinctApprox",4096,0.001,345474
SUM,double,"AnalysisFlag::min, AnalysisFlag::max, AnalysisFlag::mean, AnalysisFlag::sparsity, AnalysisFlag::numDistinctApprox",4096,0.001,357937
SUM,double,"AnalysisFlag::min, AnalysisFlag::max, AnalysisFlag::mean, AnalysisFlag::sparsity, AnalysisFlag::numDistinctApprox",4096,0.001,359802
SUM,double,"AnalysisFlag::min, AnalysisFlag::max, AnalysisFlag::mean, AnalysisFlag::sparsity, AnalysisFlag::numDistinctApprox",4096,0.001,348051
SUM,double,"AnalysisFlag::min, AnalysisFlag::max, AnalysisFlag::mean, AnalysisFlag::sparsity, AnalysisFlag::numDistinctApprox",4096,0.001,349403
SUM,double,"AnalysisFlag::min, AnalysisFlag::max, AnalysisFlag::mean, AnalysisFlag::sparsity, AnalysisFlag::numDistinctApprox",4096,0.001,347525
SUM,double,"AnalysisFlag::min, AnalysisFlag::max, AnalysisFlag::mean, AnalysisFlag::sparsity, AnalysisFlag::numDistinctApprox",4096,0.001,349746
SUM,double,"AnalysisFlag::min, AnalysisFlag::max, AnalysisFlag::mean, AnalysisFlag::sparsity, AnalysisFlag::numDistinctApprox",4096,0.001,350961
SUM,double,"AnalysisFlag::min, AnalysisFlag::max, AnalysisFlag::mean, AnalysisFlag::sparsity, AnalysisFlag::numDistinctApprox",4096,0.001,348530
SUM,int64_t,"AnalysisFlag::min, AnalysisFlag::max, AnalysisFlag::mean, AnalysisFlag::sparsity, AnalysisFlag::numDistinctApprox",1024,0.001,64236
SUM,int64_t,"AnalysisFlag::min, AnalysisFlag::max, AnalysisFlag::mean, AnalysisFlag::sparsity, AnalysisFlag::numDistinctApprox",1024,0.001,62391
SUM,int64_t,"AnalysisFlag::min, AnalysisFlag::max, AnalysisFlag::mean, AnalysisFlag::sparsity, AnalysisFlag::numDistinctApprox",1024,0.001,63125
SUM,int64_t,"AnalysisFlag::min, AnalysisFlag::max, AnalysisFlag::mean, AnalysisFlag::sparsity, AnalysisFlag::numDistinctApprox",1024,0.001,62060
SUM,int64_t,"AnalysisFlag::min, AnalysisFlag::max, AnalysisFlag::mean, AnalysisFlag::sparsity, AnalysisFlag::numDistinctApprox",1024,0.001,63297
SUM,int64_t,"AnalysisFlag::min, AnalysisFlag::max, AnalysisFlag::mean, AnalysisFlag::sparsity, AnalysisFlag::numDistinctApprox",1024,0.001,61849
SUM,int64_t,"AnalysisFlag::min, AnalysisFlag::max, AnalysisFlag::mean, AnalysisFlag::sparsity, AnalysisFlag::numDistinctApprox",1024,0.001,60068
SUM,int64_t,"AnalysisFlag::min, AnalysisFlag::max, AnalysisFlag::mean, AnalysisFlag::sparsity, AnalysisFlag::numDistinctApprox",1024,0.001,63415
SUM,int64_t,"AnalysisFlag::min, AnalysisFlag::max, AnalysisFlag::mean, AnalysisFlag::sparsity, AnalysisFlag::numDistinctApprox",1024,0.001,62488
SUM,int64_t,"AnalysisFlag::min, AnalysisFlag::max, AnalysisFlag::mean, AnalysisFlag::sparsity, AnalysisFlag::numDistinctApprox",1024,0.001,60936
SUM,int64_t,"AnalysisFlag::min, AnalysisFlag::max, AnalysisFlag::mean, AnalysisFlag::sparsity, AnalysisFlag::numDistinctApprox",2048,0.001,132921
SUM,int64_t,"AnalysisFlag::min, AnalysisFlag::max, AnalysisFlag::mean, AnalysisFlag::sparsity, AnalysisFlag::numDistinctApprox",2048,0.001,130615
SUM,int64_t,"AnalysisFlag::min, AnalysisFlag::max, AnalysisFlag::mean, AnalysisFlag::sparsity, AnalysisFlag::numDistinctApprox",2048,0.001,130910
SUM,int64_t,"AnalysisFlag::min, AnalysisFlag::max, AnalysisFlag::mean, AnalysisFlag::sparsity, AnalysisFlag::numDistinctApprox",2048,0.001,134711
SUM,int64_t,"AnalysisFlag::min, AnalysisFlag::max, AnalysisFlag::mean, AnalysisFlag::sparsity, AnalysisFlag::numDistinctApprox",2048,0.001,131315
SUM,int64_t,"AnalysisFlag::min, AnalysisFlag::max, AnalysisFlag::mean, AnalysisFlag::sparsity, AnalysisFlag::numDistinctApprox",2048,0.001,138303
SUM,int64_t,"AnalysisFlag::min, AnalysisFlag::max, AnalysisFlag::mean, AnalysisFlag::sparsity, AnalysisFlag::numDistinctApprox",2048,0.001,138968
SUM,int64_t,"AnalysisFlag::min, AnalysisFlag::max, AnalysisFlag::mean, AnalysisFlag::sparsity, AnalysisFlag::numDistinctApprox",2048,0.001,136052
SUM,int64_t,"AnalysisFlag::min, AnalysisFlag::max, AnalysisFlag::mean, AnalysisFlag::sparsity, AnalysisFlag::numDistinctApprox",2048,0.001,132636
SUM,int64_t,"AnalysisFlag::min, AnalysisFlag::max, AnalysisFlag::mean, AnalysisFlag::sparsity, AnalysisFlag::numDistinctApprox",2048,0.001,135054
SUM,int64_t,"AnalysisFlag::min, AnalysisFlag::max, AnalysisFlag::mean, AnalysisFlag::sparsity, AnalysisFlag::numDistinctApprox",4096,0.001,294526
SUM,int64_t,"AnalysisFlag::min, AnalysisFlag::max, AnalysisFlag::mean, AnalysisFlag::sparsity, AnalysisFlag::numDistinctApprox",4096,0.001,285177
SUM,int64_t,"AnalysisFlag::min, AnalysisFlag::max, AnalysisFlag::mean, AnalysisFlag::sparsity, AnalysisFlag::numDistinctApprox",4096,0.001,288045
SUM,int64_t,"AnalysisFlag::min, AnalysisFlag::max, AnalysisFlag::mean, AnalysisFlag::sparsity, AnalysisFlag::numDistinctApprox",4096,0.001,278763
SUM,int64_t,"AnalysisFlag::min, AnalysisFlag::max, AnalysisFlag::mean, AnalysisFlag::sparsity, AnalysisFlag::numDistinctApprox",4096,0.001,285764
SUM,int64_t,"AnalysisFlag::min, AnalysisFlag::max, AnalysisFlag::mean, AnalysisFlag::sparsity, AnalysisFlag::numDistinctApprox",4096,0.001,294965
SUM,int64_t,"AnalysisFlag::min, AnalysisFlag::max, AnalysisFlag::mean, AnalysisFlag::sparsity, AnalysisFlag::numDistinctApprox",4096,0.001,283162
SUM,int64_t,"AnalysisFlag::min, AnalysisFlag::max, AnalysisFlag::mean, AnalysisFlag::sparsity, AnalysisFlag::numDistinctApprox",4096,0.001,287800
SUM,int64_t,"AnalysisFlag::min, AnalysisFlag::max, AnalysisFlag::mean, AnalysisFlag::sparsity, AnalysisFlag::numDistinctApprox",4096,0.001,283613
SUM,int64_t,"AnalysisFlag::min, AnalysisFlag::max, AnalysisFlag::mean, AnalysisFlag::sparsity, AnalysisFlag::numDistinctApprox",4096,0.001,283596
SUM,double,"AnalysisFlag::min, AnalysisFlag::max, AnalysisFlag::mean, AnalysisFlag::sparsity, AnalysisFlag::numDistinctApprox",1024,0.01,123991
SUM,double,"AnalysisFlag::min, AnalysisFlag::max, AnalysisFlag::mean, AnalysisFlag::sparsity, AnalysisFlag::numDistinctApprox",1024,0.01,121444
SUM,double,"AnalysisFlag::min, AnalysisFlag::max, AnalysisFlag::mean, AnalysisFlag::sparsity, AnalysisFlag::numDistinctApprox",1024,0.01,124878
SUM,double,"AnalysisFlag::min, AnalysisFlag::max, AnalysisFlag::mean, AnalysisFlag::sparsity, AnalysisFlag::numDistinctApprox",1024,0.01,122615
SUM,double,"AnalysisFlag::min, AnalysisFlag::max, AnalysisFlag::mean, AnalysisFlag::sparsity, AnalysisFlag::numDistinctApprox",1024,0.01,121776
SUM,double,"AnalysisFlag::min, AnalysisFlag::max, AnalysisFlag::mean, AnalysisFlag::sparsity, AnalysisFlag::numDistinctApprox",1024,0.01,120363
SUM,double,"AnalysisFlag::min, AnalysisFlag::max, AnalysisFlag::mean, AnalysisFlag::sparsity, AnalysisFlag::numDistinctApprox",1024,0.01,122512
SUM,double,"AnalysisFlag::min, AnalysisFlag::max, AnalysisFlag::mean, AnalysisFlag::sparsity, AnalysisFlag::numDistinctApprox",1024,0.01,122149
SUM,double,"AnalysisFlag::min, AnalysisFlag::max, AnalysisFlag::mean, AnalysisFlag::sparsity, AnalysisFlag::numDistinctApprox",1024,0.01,124314
SUM,double,"AnalysisFlag::min, AnalysisFlag::max, AnalysisFlag::mean, AnalysisFlag::sparsity, AnalysisFlag::numDistinctApprox",1024,0.01,123879
SUM,double,"AnalysisFlag::min, AnalysisFlag::max, AnalysisFlag::mean, AnalysisFlag::sparsity, AnalysisFlag::numDistinctApprox",2048,0.01,231227
SUM,double,"AnalysisFlag::min, AnalysisFlag::max, AnalysisFlag::mean, AnalysisFlag::sparsity, AnalysisFlag::numDistinctApprox",2048,0.01,236808
SUM,double,"AnalysisFlag::min, AnalysisFlag::max, AnalysisFlag::mean, AnalysisFlag::sparsity, AnalysisFlag::numDistinctApprox",2048,0.01,236509
SUM,double,"AnalysisFlag::min, AnalysisFlag::max, AnalysisFlag::mean, AnalysisFlag::sparsity, AnalysisFlag::numDistinctApprox",2048,0.01,231901
SUM,double,"AnalysisFlag::min, AnalysisFlag::max, AnalysisFlag::mean, AnalysisFlag::sparsity, AnalysisFlag::numDistinctApprox",2048,0.01,233910
SUM,double,"AnalysisFlag::min, AnalysisFlag::max, AnalysisFlag::mean, AnalysisFlag::sparsity, AnalysisFlag::numDistinctApprox",2048,0.01,228722
SUM,double,"AnalysisFlag::min, AnalysisFlag::max, AnalysisFlag::mean, AnalysisFlag::sparsity, AnalysisFlag::numDistinctApprox",2048,0.01,228462
SUM,double,"AnalysisFlag::min, AnalysisFlag::max, AnalysisFlag::mean, AnalysisFlag::sparsity, AnalysisFlag::numDistinctApprox",2048,0.01,231153
SUM,double,"AnalysisFlag::min, AnalysisFlag::max, AnalysisFlag::mean, AnalysisFlag::sparsity, AnalysisFlag::numDistinctApprox",2048,0.01,235017
SUM,double,"AnalysisFlag::min, AnalysisFlag::max, AnalysisFlag::mean, AnalysisFlag::sparsity, AnalysisFlag::numDistinctApprox",2048,0.01,231511
SUM,double,"AnalysisFlag::min, AnalysisFlag::max, AnalysisFlag::mean, AnalysisFlag::sparsity, AnalysisFlag::numDistinctApprox",4096,0.01,398678
SUM,double,"AnalysisFlag::min, AnalysisFlag::max, AnalysisFlag::mean, AnalysisFlag::sparsity, AnalysisFlag::numDistinctApprox",4096,0.01,389414
SUM,double,"AnalysisFlag::min, AnalysisFlag::max, AnalysisFlag::mean, AnalysisFlag::sparsity, AnalysisFlag::numDistinctApprox",4096,0.01,393524
SUM,double,"AnalysisFlag::min, AnalysisFlag::max, AnalysisFlag::mean, AnalysisFlag::sparsity, AnalysisFlag::numDistinctApprox",4096,0.01,392242
SUM,double,"AnalysisFlag::min, AnalysisFlag::max, AnalysisFlag::mean, AnalysisFlag::sparsity, AnalysisFlag::numDistinctApprox",4096,0.01,394857
SUM,double,"AnalysisFlag::min, AnalysisFlag::max, AnalysisFlag::mean, AnalysisFlag::sparsity, AnalysisFlag::numDistinctApprox",4096,0.01,395665
SUM,double,"AnalysisFlag::min, AnalysisFlag::max, AnalysisFlag::mean, AnalysisFlag::sparsity, AnalysisFlag::numDistinctApprox",4096,0.01,396859
SUM,double,"AnalysisFlag::min, AnalysisFlag::max, AnalysisFlag::mean, AnalysisFlag::sparsity, AnalysisFlag::numDistinctApprox",4096,0.01,400593
SUM,double,"AnalysisFlag::min, AnalysisFlag::max, AnalysisFlag::mean, AnalysisFlag::sparsity, AnalysisFlag::numDistinctApprox",4096,0.01,395297
SUM,double,"AnalysisFlag::min, AnalysisFlag::max, AnalysisFlag::mean, AnalysisFlag::sparsity, AnalysisFlag::numDistinctApprox",4096,0.01,393279
SUM,int64_t,"AnalysisFlag::min, AnalysisFlag::max, AnalysisFlag::mean, AnalysisFlag::sparsity, AnalysisFlag::numDistinctApprox",1024,0.01,99264
SUM,int64_t,"AnalysisFlag::min, AnalysisFlag::max, AnalysisFlag::mean, AnalysisFlag::sparsity, AnalysisFlag::numDistinctApprox",1024,0.01,98557
SUM,int64_t,"AnalysisFlag::min, AnalysisFlag::max, AnalysisFlag::mean, AnalysisFlag::sparsity, AnalysisFlag::numDistinctApprox",1024,0.01,101759
SUM,int64_t,"AnalysisFlag::min, AnalysisFlag::max, AnalysisFlag::mean, AnalysisFlag::sparsity, AnalysisFlag::numDistinctApprox",1024,0.01,97367
SUM,int64_t,"AnalysisFlag::min, AnalysisFlag::max, AnalysisFlag::mean, AnalysisFlag::sparsity, AnalysisFlag::numDistinctApprox",1024,0.01,95859
SUM,int64_t,"AnalysisFlag::min, AnalysisFlag::max, AnalysisFlag::mean, AnalysisFlag::sparsity, AnalysisFlag::numDistinctApprox",1024,0.01,98727
SUM,int64_t,"AnalysisFlag::min, AnalysisFlag::max, AnalysisFlag::mean, AnalysisFlag::sparsity, AnalysisFlag::numDistinctApprox",1024,0.01,98472
SUM,int64_t,"AnalysisFlag::min, AnalysisFlag::max, AnalysisFlag::mean, AnalysisFlag::sparsity, AnalysisFlag::numDistinctApprox",1024,0.01,96256
SUM,int64_t,"AnalysisFlag::min, AnalysisFlag::max, AnalysisFlag::mean, AnalysisFlag::sparsity, AnalysisFlag::numDistinctApprox",1024,0.01,100208
SUM,int64_t,"AnalysisFlag::min, AnalysisFlag::max, AnalysisFlag::mean, AnalysisFlag::sparsity, AnalysisFlag::numDistinctApprox",1024,0.01,99178
SUM,int64_t,"AnalysisFlag::min, AnalysisFlag::max, AnalysisFlag::mean, AnalysisFlag::sparsity, AnalysisFlag::numDistinctApprox",2048,0.01,199158
SUM,int64_t,"AnalysisFlag::min, AnalysisFlag::max, AnalysisFlag::mean, AnalysisFlag::sparsity, AnalysisFlag::numDistinctApprox",2048,0.01,196111
SUM,int64_t,"AnalysisFlag::min, AnalysisFlag::max, AnalysisFlag::mean, AnalysisFlag::sparsity, AnalysisFlag::numDistinctApprox",2048,0.01,196468
SUM,int64_t,"AnalysisFlag::min, AnalysisFlag::max, AnalysisFlag::mean, AnalysisFlag::sparsity, AnalysisFlag::numDistinctApprox",2048,0.01,202133
SUM,int64_t,"AnalysisFlag::min, AnalysisFlag::max, AnalysisFlag::mean, AnalysisFlag::sparsity, AnalysisFlag::numDistinctApprox",2048,0.01,198161
SUM,int64_t,"AnalysisFlag::min, AnalysisFlag::max, AnalysisFlag::mean, AnalysisFlag::sparsity, AnalysisFlag::numDistinctApprox",2048,0.01,196313
SUM,int64_t,"AnalysisFlag::min, AnalysisFlag::max, AnalysisFlag::mean, AnalysisFlag::sparsity, AnalysisFlag::numDistinctApprox",2048,0.01,199967
SUM,int64_t,"AnalysisFlag::min, AnalysisFlag::max, AnalysisFlag::mean, AnalysisFlag::sparsity, AnalysisFlag::numDistinctApprox",2048,0.01,196696
SUM,int64_t,"AnalysisFlag::min, AnalysisFlag::max, AnalysisFlag::mean, AnalysisFlag::sparsity, AnalysisFlag::numDistinctApprox",2048,0.01,198919
SUM,int64_t,"AnalysisFlag::min, AnalysisFlag::max, AnalysisFlag::mean, AnalysisFlag::sparsity, AnalysisFlag::numDistinctApprox",2048,0.01,202303
SUM,int64_t,"AnalysisFlag::min, AnalysisFlag::max, AnalysisFlag::mean, AnalysisFlag::sparsity, AnalysisFlag::numDistinctApprox",4096,0.01,414652
SUM,int64_t,"AnalysisFlag::min, AnalysisFlag::max, AnalysisFlag::mean, AnalysisFlag::sparsity, AnalysisFlag::numDistinctApprox",4096,0.01,406282
SUM,int64_t,"AnalysisFlag::min, AnalysisFlag::max, AnalysisFlag::mean, AnalysisFlag::sparsity, AnalysisFlag::numDistinctApprox",4096,0.01,416019
SUM,int64_t,"AnalysisFlag::min, AnalysisFlag::max, AnalysisFlag::mean, AnalysisFlag::sparsity, AnalysisFlag::numDistinctApprox",4096,0.01,405501
SUM,int64_t,"AnalysisFlag::min, AnalysisFlag::max, AnalysisFlag::mean, AnalysisFlag::sparsity, AnalysisFlag::numDistinctApprox",4096,0.01,416073
SUM,int64_t,"AnalysisFlag::min, AnalysisFlag::max, AnalysisFlag::mean, AnalysisFlag::sparsity, AnalysisFlag::numDistinctApprox",4096,0.01,419382
SUM,int64_t,"AnalysisFlag::min, AnalysisFlag::max, AnalysisFlag::mean, AnalysisFlag::sparsity, AnalysisFlag::numDistinctApprox",4096,0.01,403198
SUM,int64_t,"AnalysisFlag::min, AnalysisFlag::max, AnalysisFlag::mean, AnalysisFlag::sparsity, AnalysisFlag::numDistinctApprox",4096,0.01,411595
SUM,int64_t,"AnalysisFlag::min, AnalysisFlag::max, AnalysisFlag::mean, AnalysisFlag::sparsity, AnalysisFlag::numDistinctApprox",4096,0.01,411406
SUM,int64_t,"AnalysisFlag::min, AnalysisFlag::max, AnalysisFlag::mean, AnalysisFlag::sparsity, AnalysisFlag::numDistinctApprox",4096,0.01,410131
SUM,double,"AnalysisFlag::min, AnalysisFlag::max, AnalysisFlag::mean, AnalysisFlag::sparsity, AnalysisFlag::numDistinctApprox",1024,0.05,140976
SUM,double,"AnalysisFlag::min, AnalysisFlag::max, AnalysisFlag::mean, AnalysisFlag::sparsity, AnalysisFlag::numDistinctApprox",1024,0.05,137250
SUM,double,"AnalysisFlag::min, AnalysisFlag::max, AnalysisFlag::mean, AnalysisFlag::sparsity, AnalysisFlag::numDistinctApprox",1024,0.05,140751
SUM,double,"AnalysisFlag::min, AnalysisFlag::max, AnalysisFlag::mean, AnalysisFlag::sparsity, AnalysisFlag::numDistinctApprox",1024,0.05,140852
SUM,double,"AnalysisFlag::min, AnalysisFlag::max, AnalysisFlag::mean, AnalysisFlag::sparsity, AnalysisFlag::numDistinctApprox",1024,0.05,138515
SUM,double,"AnalysisFlag::min, AnalysisFlag::max, AnalysisFlag::mean, AnalysisFlag::sparsity, AnalysisFlag::numDistinctApprox",1024,0.05,134121
SUM,double,"AnalysisFlag::min, AnalysisFlag::max, AnalysisFlag::mean, AnalysisFlag::sparsity, AnalysisFlag::numDistinctApprox",1024,0.05,146276
SUM,double,"AnalysisFlag::min, AnalysisFlag::max, AnalysisFlag::mean, AnalysisFlag::sparsity, AnalysisFlag::numDistinctApprox",1024,0.05,140351
SUM,double,"AnalysisFlag::min, AnalysisFlag::max, AnalysisFlag::mean, AnalysisFlag::sparsity, AnalysisFlag::numDistinctApprox",1024,0.05,138658
SUM,double,"AnalysisFlag::min, AnalysisFlag::max, AnalysisFlag::mean, AnalysisFlag::sparsity, AnalysisFlag::numDistinctApprox",1024,0.05,140622
SUM,double,"AnalysisFlag::min, AnalysisFlag::max, AnalysisFlag::mean, AnalysisFlag::sparsity, AnalysisFlag::numDistinctApprox",2048,0.05,266688
SUM,double,"AnalysisFlag::min, AnalysisFlag::max, AnalysisFlag::mean, AnalysisFlag::sparsity, AnalysisFlag::numDistinctApprox",2048,0.05,265022
SUM,double,"AnalysisFlag::min, AnalysisFlag::max, AnalysisFlag::mean, AnalysisFlag::sparsity, AnalysisFlag::numDistinctApprox",2048,0.05,266046
SUM,double,"AnalysisFlag::min, AnalysisFlag::max, AnalysisFlag::mean, AnalysisFlag::sparsity, AnalysisFlag::numDistinctApprox",2048,0.05,265018
SUM,double,"AnalysisFlag::min, AnalysisFlag::max, AnalysisFlag::mean, AnalysisFlag::sparsity, AnalysisFlag::numDistinctApprox",2048,0.05,267749
SUM,double,"AnalysisFlag::min, AnalysisFlag::max, AnalysisFlag::mean, AnalysisFlag::sparsity, AnalysisFlag::numDistinctApprox",2048,0.05,267407
SUM,double,"AnalysisFlag::min, AnalysisFlag::max, AnalysisFlag::mean, AnalysisFlag::sparsity, AnalysisFlag::numDistinctApprox",2048,0.05,268103
SUM,double,"AnalysisFlag::min, AnalysisFlag::max, AnalysisFlag::mean, AnalysisFlag::sparsity, AnalysisFlag::numDistinctApprox",2048,0.05,275362
SUM,double,"AnalysisFlag::min, AnalysisFlag::max, AnalysisFlag::mean, AnalysisFlag::sparsity, AnalysisFlag::numDistinctApprox",2048,0.05,267987
SUM,double,"AnalysisFlag::min, AnalysisFlag::max, AnalysisFlag::mean, AnalysisFlag::sparsity, AnalysisFlag::numDistinctApprox",2048,0.05,273444
SUM,double,"AnalysisFlag::min, AnalysisFlag::max, AnalysisFlag::mean, AnalysisFlag::sparsity, AnalysisFlag::numDistinctApprox",4096,0.05,636924
SUM,double,"AnalysisFlag::min, AnalysisFlag::max, AnalysisFlag::mean, AnalysisFlag::sparsity, AnalysisFlag::numDistinctApprox",4096,0.05,543533
SUM,double,"AnalysisFlag::min, AnalysisFlag::max, AnalysisFlag::mean, AnalysisFlag::sparsity, AnalysisFlag::numDistinctApprox",4096,0.05,533880
SUM,double,"AnalysisFlag::min, AnalysisFlag::max, AnalysisFlag::mean, AnalysisFlag::sparsity, AnalysisFlag::numDistinctApprox",4096,0.05,523954
SUM,double,"AnalysisFlag::min, AnalysisFlag::max, AnalysisFlag::mean, AnalysisFlag::sparsity, AnalysisFlag::numDistinctApprox",4096,0.05,523931
SUM,double,"AnalysisFlag::min, AnalysisFlag::max, AnalysisFlag::mean, AnalysisFlag::sparsity, AnalysisFlag::numDistinctApprox",4096,0.05,533555
SUM,double,"AnalysisFlag::min, AnalysisFlag::max, AnalysisFlag::mean, AnalysisFlag::sparsity, AnalysisFlag::numDistinctApprox",4096,0.05,532224
SUM,double,"AnalysisFlag::min, AnalysisFlag::max, AnalysisFlag::mean, AnalysisFlag::sparsity, AnalysisFlag::numDistinctApprox",4096,0.05,533340
SUM,double,"AnalysisFlag::min, AnalysisFlag::max, AnalysisFlag::mean, AnalysisFlag::sparsity, AnalysisFlag::numDistinctApprox",4096,0.05,534273
SUM,double,"AnalysisFlag::min, AnalysisFlag::max, AnalysisFlag::mean, AnalysisFlag::sparsity, AnalysisFlag::numDistinctApprox",4096,0.05,542230
SUM,int64_t,"AnalysisFlag::min, AnalysisFlag::max, AnalysisFlag::mean, AnalysisFlag::sparsity, AnalysisFlag::numDistinctApprox",1024,0.05,122779
SUM,int64_t,"AnalysisFlag::min, AnalysisFlag::max, AnalysisFlag::mean, AnalysisFlag::sparsity, AnalysisFlag::numDistinctApprox",1024,0.05,121464
SUM,int64_t,"AnalysisFlag::min, AnalysisFlag::max, AnalysisFlag::mean, AnalysisFlag::sparsity, AnalysisFlag::numDistinctApprox",1024,0.05,124487
SUM,int64_t,"AnalysisFlag::min, AnalysisFlag::max, AnalysisFlag::mean, AnalysisFlag::sparsity, AnalysisFlag::numDistinctApprox",1024,0.05,126949
SUM,int64_t,"AnalysisFlag::min, AnalysisFlag::max, AnalysisFlag::mean, AnalysisFlag::sparsity, AnalysisFlag::numDistinctApprox",1024,0.05,122497
SUM,int64_t,"AnalysisFlag::min, AnalysisFlag::max, AnalysisFlag::mean, AnalysisFlag::sparsity, AnalysisFlag::numDistinctApprox",1024,0.05,124335
SUM,int64_t,"AnalysisFlag::min, AnalysisFlag::max, AnalysisFlag::mean, AnalysisFlag::sparsity, AnalysisFlag::numDistinctApprox",1024,0.05,119566
SUM,int64_t,"AnalysisFlag::min, AnalysisFlag::max, AnalysisFlag::mean, AnalysisFlag::sparsity, AnalysisFlag::numDistinctApprox",1024,0.05,120368
SUM,int64_t,"AnalysisFlag::min, AnalysisFlag::max, AnalysisFlag::mean, AnalysisFlag::sparsity, AnalysisFlag::numDistinctApprox",1024,0.05,124739
SUM,int64_t,"AnalysisFlag::min, AnalysisFlag::max, AnalysisFlag::mean, AnalysisFlag::sparsity, AnalysisFlag::numDistinctApprox",1024,0.05,121478
SUM,int64_t,"AnalysisFlag::min, AnalysisFlag::max, AnalysisFlag::mean, AnalysisFlag::sparsity, AnalysisFlag::numDistinctApprox",2048,0.05,259107
SUM,int64_t,"AnalysisFlag::min, AnalysisFlag::max, AnalysisFlag::mean, AnalysisFlag::sparsity, AnalysisFlag::numDistinctApprox",2048,0.05,262533
SUM,int64_t,"AnalysisFlag::min, AnalysisFlag::max, AnalysisFlag::mean, AnalysisFlag::sparsity, AnalysisFlag::numDistinctApprox",2048,0.05,262606
SUM,int64_t,"AnalysisFlag::min, AnalysisFlag::max, AnalysisFlag::mean, AnalysisFlag::sparsity, AnalysisFlag::numDistinctApprox",2048,0.05,260840
SUM,int64_t,"AnalysisFlag::min, AnalysisFlag::max, AnalysisFlag::mean, AnalysisFlag::sparsity, AnalysisFlag::numDistinctApprox",2048,0.05,266047
SUM,int64_t,"AnalysisFlag::min, AnalysisFlag::max, AnalysisFlag::mean, AnalysisFlag::sparsity, AnalysisFlag::numDistinctApprox",2048,0.05,258394
SUM,int64_t,"AnalysisFlag::min, AnalysisFlag::max, AnalysisFlag::mean, AnalysisFlag::sparsity, AnalysisFlag::numDistinctApprox",2048,0.05,256836
SUM,int64_t,"AnalysisFlag::min, AnalysisFlag::max, AnalysisFlag::mean, AnalysisFlag::sparsity, AnalysisFlag::numDistinctApprox",2048,0.05,264020
SUM,int64_t,"AnalysisFlag::min, AnalysisFlag::max, AnalysisFlag::mean, AnalysisFlag::sparsity, AnalysisFlag::numDistinctApprox",2048,0.05,263540
SUM,int64_t,"AnalysisFlag::min, AnalysisFlag::max, AnalysisFlag::mean, AnalysisFlag::sparsity, AnalysisFlag::numDistinctApprox",2048,0.05,267750
SUM,int64_t,"AnalysisFlag::min, AnalysisFlag::max, AnalysisFlag::mean, AnalysisFlag::sparsity, AnalysisFlag::numDistinctApprox",4096,0.05,557468
SUM,int64_t,"AnalysisFlag::min, AnalysisFlag::max, AnalysisFlag::mean, AnalysisFlag::sparsity, AnalysisFlag::numDistinctApprox",4096,0.05,540652
SUM,int64_t,"AnalysisFlag::min, AnalysisFlag::max, AnalysisFlag::mean, AnalysisFlag::sparsity, AnalysisFlag::numDistinctApprox",4096,0.05,542361
SUM,int64_t,"AnalysisFlag::min, AnalysisFlag::max, AnalysisFlag::mean, AnalysisFlag::sparsity, AnalysisFlag::numDistinctApprox",4096,0.05,545830
SUM,int64_t,"AnalysisFlag::min, AnalysisFlag::max, AnalysisFlag::mean, AnalysisFlag::sparsity, AnalysisFlag::numDistinctApprox",4096,0.05,546929
SUM,int64_t,"AnalysisFlag::min, AnalysisFlag::max, AnalysisFlag::mean, AnalysisFlag::sparsity, AnalysisFlag::numDistinctApprox",4096,0.05,548940
SUM,int64_t,"AnalysisFlag::min, AnalysisFlag::max, AnalysisFlag::mean, AnalysisFlag::sparsity, AnalysisFlag::numDistinctApprox",4096,0.05,551044
SUM,int64_t,"AnalysisFlag::min, AnalysisFlag::max, AnalysisFlag::mean, AnalysisFlag::sparsity, AnalysisFlag::numDistinctApprox",4096,0.05,547734
SUM,int64_t,"AnalysisFlag::min, AnalysisFlag::max, AnalysisFlag::mean, AnalysisFlag::sparsity, AnalysisFlag::numDistinctApprox",4096,0.05,543586
SUM,int64_t,"AnalysisFlag::min, AnalysisFlag::max, AnalysisFlag::mean, AnalysisFlag::sparsity, AnalysisFlag::numDistinctApprox",4096,0.05,534867
SUM,double,"AnalysisFlag::min, AnalysisFlag::max, AnalysisFlag::mean, AnalysisFlag::sparsity, AnalysisFlag::numDistinctApprox",1024,0.1,149552
SUM,double,"AnalysisFlag::min, AnalysisFlag::max, AnalysisFlag::mean, AnalysisFlag::sparsity, AnalysisFlag::numDistinctApprox",1024,0.1,141965
SUM,double,"AnalysisFlag::min, AnalysisFlag::max, AnalysisFlag::mean, AnalysisFlag::sparsity, AnalysisFlag::numDistinctApprox",1024,0.1,150216
SUM,double,"AnalysisFlag::min, AnalysisFlag::max, AnalysisFlag::mean, AnalysisFlag::sparsity, AnalysisFlag::numDistinctApprox",1024,0.1,143070
SUM,double,"AnalysisFlag::min, AnalysisFlag::max, AnalysisFlag::mean, AnalysisFlag::sparsity, AnalysisFlag::numDistinctApprox",1024,0.1,142724
SUM,double,"AnalysisFlag::min, AnalysisFlag::max, AnalysisFlag::mean, AnalysisFlag::sparsity, AnalysisFlag::numDistinctApprox",1024,0.1,146588
SUM,double,"AnalysisFlag::min, AnalysisFlag::max, AnalysisFlag::mean, AnalysisFlag::sparsity, AnalysisFlag::numDistinctApprox",1024,0.1,146479
SUM,double,"AnalysisFlag::min, AnalysisFlag::max, AnalysisFlag::mean, AnalysisFlag::sparsity, AnalysisFlag::numDistinctApprox",1024,0.1,146880
SUM,double,"AnalysisFlag::min, AnalysisFlag::max, AnalysisFlag::mean, AnalysisFlag::sparsity, AnalysisFlag::numDistinctApprox",1024,0.1,143390
SUM,double,"AnalysisFlag::min, AnalysisFlag::max, AnalysisFlag::mean, AnalysisFlag::sparsity, AnalysisFlag::numDistinctApprox",1024,0.1,145137
SUM,double,"AnalysisFlag::min, AnalysisFlag::max, AnalysisFlag::mean, AnalysisFlag::sparsity, AnalysisFlag::numDistinctApprox",2048,0.1,310893
SUM,double,"AnalysisFlag::min, AnalysisFlag::max, AnalysisFlag::mean, AnalysisFlag::sparsity, AnalysisFlag::numDistinctApprox",2048,0.1,308795
SUM,double,"AnalysisFlag::min, AnalysisFlag::max, AnalysisFlag::mean, AnalysisFlag::sparsity, AnalysisFlag::numDistinctApprox",2048,0.1,303675
SUM,double,"AnalysisFlag::min, AnalysisFlag::max, AnalysisFlag::mean, AnalysisFlag::sparsity, AnalysisFlag::numDistinctApprox",2048,0.1,305682
SUM,double,"AnalysisFlag::min, AnalysisFlag::max, AnalysisFlag::mean, AnalysisFlag::sparsity, AnalysisFlag::numDistinctApprox",2048,0.1,303511
SUM,double,"AnalysisFlag::min, AnalysisFlag::max, AnalysisFlag::mean, AnalysisFlag::sparsity, AnalysisFlag::numDistinctApprox",2048,0.1,306194
SUM,double,"AnalysisFlag::min, AnalysisFlag::max, AnalysisFlag::mean, AnalysisFlag::sparsity, AnalysisFlag::numDistinctApprox",2048,0.1,301802
SUM,double,"AnalysisFlag::min, AnalysisFlag::max, AnalysisFlag::mean, AnalysisFlag::sparsity, AnalysisFlag::numDistinctApprox",2048,0.1,299471
SUM,double,"AnalysisFlag::min, AnalysisFlag::max, AnalysisFlag::mean, AnalysisFlag::sparsity, AnalysisFlag::numDistinctApprox",2048,0.1,302340
SUM,double,"AnalysisFlag::min, AnalysisFlag::max, AnalysisFlag::mean, AnalysisFlag::sparsity, AnalysisFlag::numDistinctApprox",2048,0.1,307355
SUM,double,"AnalysisFlag::min, AnalysisFlag::max, AnalysisFlag::mean, AnalysisFlag::sparsity, AnalysisFlag::numDistinctApprox",4096,0.1,992216
SUM,double,"AnalysisFlag::min, AnalysisFlag::max, AnalysisFlag::mean, AnalysisFlag::sparsity, AnalysisFlag::numDistinctApprox",4096,0.1,970688
SUM,double,"AnalysisFlag::min, AnalysisFlag::max, AnalysisFlag::mean, AnalysisFlag::sparsity, AnalysisFlag::numDistinctApprox",4096,0.1,926039
SUM,double,"AnalysisFlag::min, AnalysisFlag::max, AnalysisFlag::mean, AnalysisFlag::sparsity, AnalysisFlag::numDistinctApprox",4096,0.1,986066
SUM,double,"AnalysisFlag::min, AnalysisFlag::max, AnalysisFlag::mean, AnalysisFlag::sparsity, AnalysisFlag::numDistinctApprox",4096,0.1,926766
SUM,double,"AnalysisFlag::min, AnalysisFlag::max, AnalysisFlag::mean, AnalysisFlag::sparsity, AnalysisFlag::numDistinctApprox",4096,0.1,906298
SUM,double,"AnalysisFlag::min, AnalysisFlag::max, AnalysisFlag::mean, AnalysisFlag::sparsity, AnalysisFlag::numDistinctApprox",4096,0.1,910851
SUM,double,"AnalysisFlag::min, AnalysisFlag::max, AnalysisFlag::mean, AnalysisFlag::sparsity, AnalysisFlag::numDistinctApprox",4096,0.1,932086
SUM,double,"AnalysisFlag::min, AnalysisFlag::max, AnalysisFlag::mean, AnalysisFlag::sparsity, AnalysisFlag::numDistinctApprox",4096,0.1,918799
SUM,double,"AnalysisFlag::min, AnalysisFlag::max, AnalysisFlag::mean, AnalysisFlag::sparsity, AnalysisFlag::numDistinctApprox",4096,0.1,940733
SUM,int64_t,"AnalysisFlag::min, AnalysisFlag::max, AnalysisFlag::mean, AnalysisFlag::sparsity, AnalysisFlag::numDistinctApprox",1024,0.1,136722
SUM,int64_t,"AnalysisFlag::min, AnalysisFlag::max, AnalysisFlag::mean, AnalysisFlag::sparsity, AnalysisFlag::numDistinctApprox",1024,0.1,133012
SUM,int64_t,"AnalysisFlag::min, AnalysisFlag::max, AnalysisFlag::mean, AnalysisFlag::sparsity, AnalysisFlag::numDistinctApprox",1024,0.1,135184
SUM,int64_t,"AnalysisFlag::min, AnalysisFlag::max, AnalysisFlag::mean, AnalysisFlag::sparsity, AnalysisFlag::numDistinctApprox",1024,0.1,134892
SUM,int64_t,"AnalysisFlag::min, AnalysisFlag::max, AnalysisFlag::mean, AnalysisFlag::sparsity, AnalysisFlag::numDistinctApprox",1024,0.1,137770
SUM,int64_t,"AnalysisFlag::min, AnalysisFlag::max, AnalysisFlag::mean, AnalysisFlag::sparsity, AnalysisFlag::numDistinctApprox",1024,0.1,135391
SUM,int64_t,"AnalysisFlag::min, AnalysisFlag::max, AnalysisFlag::mean, AnalysisFlag::sparsity, AnalysisFlag::numDistinctApprox",1024,0.1,135916
SUM,int64_t,"AnalysisFlag::min, AnalysisFlag::max, AnalysisFlag::mean, AnalysisFlag::sparsity, AnalysisFlag::numDistinctApprox",1024,0.1,134867
SUM,int64_t,"AnalysisFlag::min, AnalysisFlag::max, AnalysisFlag::mean, AnalysisFlag::sparsity, AnalysisFlag::numDistinctApprox",1024,0.1,135651
SUM,int64_t,"AnalysisFlag::min, AnalysisFlag::max, AnalysisFlag::mean, AnalysisFlag::sparsity, AnalysisFlag::numDistinctApprox",1024,0.1,138369
SUM,int64_t,"AnalysisFlag::min, AnalysisFlag::max, AnalysisFlag::mean, AnalysisFlag::sparsity, AnalysisFlag::numDistinctApprox",2048,0.1,320820
SUM,int64_t,"AnalysisFlag::min, AnalysisFlag::max, AnalysisFlag::mean, AnalysisFlag::sparsity, AnalysisFlag::numDistinctApprox",2048,0.1,300491
SUM,int64_t,"AnalysisFlag::min, AnalysisFlag::max, AnalysisFlag::mean, AnalysisFlag::sparsity, AnalysisFlag::numDistinctApprox",2048,0.1,298472
SUM,int64_t,"AnalysisFlag::min, AnalysisFlag::max, AnalysisFlag::mean, AnalysisFlag::sparsity, AnalysisFlag::numDistinctApprox",2048,0.1,305919
SUM,int64_t,"AnalysisFlag::min, AnalysisFlag::max, AnalysisFlag::mean, AnalysisFlag::sparsity, AnalysisFlag::numDistinctApprox",2048,0.1,302409
SUM,int64_t,"AnalysisFlag::min, AnalysisFlag::max, AnalysisFlag::mean, AnalysisFlag::sparsity, AnalysisFlag::numDistinctApprox",2048,0.1,299287
SUM,int64_t,"AnalysisFlag::min, AnalysisFlag::max, AnalysisFlag::mean, AnalysisFlag::sparsity, AnalysisFlag::numDistinctApprox",2048,0.1,300576
SUM,int64_t,"AnalysisFlag::min, AnalysisFlag::max, AnalysisFlag::mean, AnalysisFlag::sparsity, AnalysisFlag::numDistinctApprox",2048,0.1,304002
SUM,int64_t,"AnalysisFlag::min, AnalysisFlag::max, AnalysisFlag::mean, AnalysisFlag::sparsity, AnalysisFlag::numDistinctApprox",2048,0.1,303207
SUM,int64_t,"AnalysisFlag::min, AnalysisFlag::max, AnalysisFlag::mean, AnalysisFlag::sparsity, AnalysisFlag::numDistinctApprox",2048,0.1,310070
SUM,int64_t,"AnalysisFlag::min, AnalysisFlag::max, AnalysisFlag::mean, AnalysisFlag::sparsity, AnalysisFlag::numDistinctApprox",4096,0.1,932961
SUM,int64_t,"AnalysisFlag::min, AnalysisFlag::max, AnalysisFlag::mean, AnalysisFlag::sparsity, AnalysisFlag::numDistinctApprox",4096,0.1,958296
SUM,int64_t,"AnalysisFlag::min, AnalysisFlag::max, AnalysisFlag::mean, AnalysisFlag::sparsity, AnalysisFlag::numDistinctApprox",4096,0.1,927875
SUM,int64_t,"AnalysisFlag::min, AnalysisFlag::max, AnalysisFlag::mean, AnalysisFlag::sparsity, AnalysisFlag::numDistinctApprox",4096,0.1,1.00888e+06
SUM,int64_t,"AnalysisFlag::min, AnalysisFlag::max, AnalysisFlag::mean, AnalysisFlag::sparsity, AnalysisFlag::numDistinctApprox",4096,0.1,934151
SUM,int64_t,"AnalysisFlag::min, AnalysisFlag::max, AnalysisFlag::mean, AnalysisFlag::sparsity, AnalysisFlag::numDistinctApprox",4096,0.1,904914
SUM,int64_t,"AnalysisFlag::min, AnalysisFlag::max, AnalysisFlag::mean, AnalysisFlag::sparsity, AnalysisFlag::numDistinctApprox",4096,0.1,987248
SUM,int64_t,"AnalysisFlag::min, AnalysisFlag::max, AnalysisFlag::mean, AnalysisFlag::sparsity, AnalysisFlag::numDistinctApprox",4096,0.1,909659
SUM,int64_t,"AnalysisFlag::min, AnalysisFlag::max, AnalysisFlag::mean, AnalysisFlag::sparsity, AnalysisFlag::numDistinctApprox",4096,0.1,1.01788e+06
SUM,int64_t,"AnalysisFlag::min, AnalysisFlag::max, AnalysisFlag::mean, AnalysisFlag::sparsity, AnalysisFlag::numDistinctApprox",4096,0.1,1.00488e+06
SUM,double,"AnalysisFlag::min, AnalysisFlag::max, AnalysisFlag::mean, AnalysisFlag::sparsity, AnalysisFlag::numDistinctApprox",1024,0.2,202216
SUM,double,"AnalysisFlag::min, AnalysisFlag::max, AnalysisFlag::mean, AnalysisFlag::sparsity, AnalysisFlag::numDistinctApprox",1024,0.2,166939
SUM,double,"AnalysisFlag::min, AnalysisFlag::max, AnalysisFlag::mean, AnalysisFlag::sparsity, AnalysisFlag::numDistinctApprox",1024,0.2,170060
SUM,double,"AnalysisFlag::min, AnalysisFlag::max, AnalysisFlag::mean, AnalysisFlag::sparsity, AnalysisFlag::numDistinctApprox",1024,0.2,169649
SUM,double,"AnalysisFlag::min, AnalysisFlag::max, AnalysisFlag::mean, AnalysisFlag::sparsity, AnalysisFlag::numDistinctApprox",1024,0.2,168743
SUM,double,"AnalysisFlag::min, AnalysisFlag::max, AnalysisFlag::mean, AnalysisFlag::sparsity, AnalysisFlag::numDistinctApprox",1024,0.2,167187
SUM,double,"AnalysisFlag::min, AnalysisFlag::max, AnalysisFlag::mean, AnalysisFlag::sparsity, AnalysisFlag::numDistinctApprox",1024,0.2,176061
SUM,double,"AnalysisFlag::min, AnalysisFlag::max, AnalysisFlag::mean, AnalysisFlag::sparsity, AnalysisFlag::numDistinctApprox",1024,0.2,172252
SUM,double,"AnalysisFlag::min, AnalysisFlag::max, AnalysisFlag::mean, AnalysisFlag::sparsity, AnalysisFlag::numDistinctApprox",1024,0.2,169227
SUM,double,"AnalysisFlag::min, AnalysisFlag::max, AnalysisFlag::mean, AnalysisFlag::sparsity, AnalysisFlag::numDistinctApprox",1024,0.2,169694
SUM,double,"AnalysisFlag::min, AnalysisFlag::max, AnalysisFlag::mean, AnalysisFlag::sparsity, AnalysisFlag::numDistinctApprox",2048,0.2,475328
SUM,double,"AnalysisFlag::min, AnalysisFlag::max, AnalysisFlag::mean, AnalysisFlag::sparsity, AnalysisFlag::numDistinctApprox",2048,0.2,418424
SUM,double,"AnalysisFlag::min, AnalysisFlag::max, AnalysisFlag::mean, AnalysisFlag::sparsity, AnalysisFlag::numDistinctApprox",2048,0.2,414741
SUM,double,"AnalysisFlag::min, AnalysisFlag::max, AnalysisFlag::mean, AnalysisFlag::sparsity, AnalysisFlag::numDistinctApprox",2048,0.2,406705
SUM,double,"AnalysisFlag::min, AnalysisFlag::max, AnalysisFlag::mean, AnalysisFlag::sparsity, AnalysisFlag::numDistinctApprox",2048,0.2,413591
SUM,double,"AnalysisFlag::min, AnalysisFlag::max, AnalysisFlag::mean, AnalysisFlag::sparsity, AnalysisFlag::numDistinctApprox",2048,0.2,427602
SUM,double,"AnalysisFlag::min, AnalysisFlag::max, AnalysisFlag::mean, AnalysisFlag::sparsity, AnalysisFlag::numDistinctApprox",2048,0.2,410937
SUM,double,"AnalysisFlag::min, AnalysisFlag::max, AnalysisFlag::mean, AnalysisFlag::sparsity, AnalysisFlag::numDistinctApprox",2048,0.2,420115
SUM,double,"AnalysisFlag::min, AnalysisFlag::max, AnalysisFlag::mean, AnalysisFlag::sparsity, AnalysisFlag::numDistinctApprox",2048,0.2,410821
SUM,double,"AnalysisFlag::min, AnalysisFlag::max, AnalysisFlag::mean, AnalysisFlag::sparsity, AnalysisFlag::numDistinctApprox",2048,0.2,427561
SUM,double,"AnalysisFlag::min, AnalysisFlag::max, AnalysisFlag::mean, AnalysisFlag::sparsity, AnalysisFlag::numDistinctApprox",4096,0.2,1.77697e+06
SUM,double,"AnalysisFlag::min, AnalysisFlag::max, AnalysisFlag::mean, AnalysisFlag::sparsity, AnalysisFlag::numDistinctApprox",4096,0.2,1.77458e+06
SUM,double,"AnalysisFlag::min, AnalysisFlag::max, AnalysisFlag::mean, AnalysisFlag::sparsity, AnalysisFlag::numDistinctApprox",4096,0.2,1.72998e+06
SUM,double,"AnalysisFlag::min, AnalysisFlag::max, AnalysisFlag::mean, AnalysisFlag::sparsity, AnalysisFlag::numDistinctApprox",4096,0.2,1.7778e+06
SUM,double,"AnalysisFlag::min, AnalysisFlag::max, AnalysisFlag::mean, AnalysisFlag::sparsity, AnalysisFlag::numDistinctApprox",4096,0.2,1.7352e+06
SUM,double,"AnalysisFlag::min, AnalysisFlag::max, AnalysisFlag::mean, AnalysisFlag::sparsity, AnalysisFlag::numDistinctApprox",4096,0.2,1.76036e+06
SUM,double,"AnalysisFlag::min, AnalysisFlag::max, AnalysisFlag::mean, AnalysisFlag::sparsity, AnalysisFlag::numDistinctApprox",4096,0.2,1.74046e+06
SUM,double,"AnalysisFlag::min, AnalysisFlag::max, AnalysisFlag::mean, AnalysisFlag::sparsity, AnalysisFlag::numDistinctApprox",4096,0.2,1.76518e+06
SUM,double,"AnalysisFlag::min, AnalysisFlag::max, AnalysisFlag::mean, AnalysisFlag::sparsity, AnalysisFlag::numDistinctApprox",4096,0.2,1.73536e+06
SUM,double,"AnalysisFlag::min, AnalysisFlag::max, AnalysisFlag::mean, AnalysisFlag::sparsity, AnalysisFlag::numDistinctApprox",4096,0.2,1.75576e+06
SUM,int64_t,"AnalysisFlag::min, AnalysisFlag::max, AnalysisFlag::mean, AnalysisFlag::sparsity, AnalysisFlag::numDistinctApprox",1024,0.2,180207
SUM,int64_t,"AnalysisFlag::min, AnalysisFlag::max, AnalysisFlag::mean, AnalysisFlag::sparsity, AnalysisFlag::numDistinctApprox",1024,0.2,165205
SUM,int64_t,"AnalysisFlag::min, AnalysisFlag::max, AnalysisFlag::mean, AnalysisFlag::sparsity, AnalysisFlag::numDistinctApprox",1024,0.2,158346
SUM,int64_t,"AnalysisFlag::min, AnalysisFlag::max, AnalysisFlag::mean, AnalysisFlag::sparsity, AnalysisFlag::numDistinctApprox",1024,0.2,155579
SUM,int64_t,"AnalysisFlag::min, AnalysisFlag::max, AnalysisFlag::mean, AnalysisFlag::sparsity, AnalysisFlag::numDistinctApprox",1024,0.2,156990
SUM,int64_t,"AnalysisFlag::min, AnalysisFlag::max, AnalysisFlag::mean, AnalysisFlag::sparsity, AnalysisFlag::numDistinctApprox",1024,0.2,157776
SUM,int64_t,"AnalysisFlag::min, AnalysisFlag::max, AnalysisFlag::mean, AnalysisFlag::sparsity, AnalysisFlag::numDistinctApprox",1024,0.2,156999
SUM,int64_t,"AnalysisFlag::min, AnalysisFlag::max, AnalysisFlag::mean, AnalysisFlag::sparsity, AnalysisFlag::numDistinctApprox",1024,0.2,160349
SUM,int64_t,"AnalysisFlag::min, AnalysisFlag::max, AnalysisFlag::mean, AnalysisFlag::sparsity, AnalysisFlag::numDistinctApprox",1024,0.2,156416
SUM,int64_t,"AnalysisFlag::min, AnalysisFlag::max, AnalysisFlag::mean, AnalysisFlag::sparsity, AnalysisFlag::numDistinctApprox",1024,0.2,154510
SUM,int64_t,"AnalysisFlag::min, AnalysisFlag::max, AnalysisFlag::mean, AnalysisFlag::sparsity, AnalysisFlag::numDistinctApprox",2048,0.2,529388
SUM,int64_t,"AnalysisFlag::min, AnalysisFlag::max, AnalysisFlag::mean, AnalysisFlag::sparsity, AnalysisFlag::numDistinctApprox",2048,0.2,424389
SUM,int64_t,"AnalysisFlag::min, AnalysisFlag::max, AnalysisFlag::mean, AnalysisFlag::sparsity, AnalysisFlag::numDistinctApprox",2048,0.2,397459
SUM,int64_t,"AnalysisFlag::min, AnalysisFlag::max, AnalysisFlag::mean, AnalysisFlag::sparsity, AnalysisFlag::numDistinctApprox",2048,0.2,390779
SUM,int64_t,"AnalysisFlag::min, AnalysisFlag::max, AnalysisFlag::mean, AnalysisFlag::sparsity, AnalysisFlag::numDistinctApprox",2048,0.2,395532
SUM,int64_t,"AnalysisFlag::min, AnalysisFlag::max, AnalysisFlag::mean, AnalysisFlag::sparsity, AnalysisFlag::numDistinctApprox",2048,0.2,405788
SUM,int64_t,"AnalysisFlag::min, AnalysisFlag::max, AnalysisFlag::mean, AnalysisFlag::sparsity, AnalysisFlag::numDistinctApprox",2048,0.2,392770
SUM,int64_t,"AnalysisFlag::min, AnalysisFlag::max, AnalysisFlag::mean, AnalysisFlag::sparsity, AnalysisFlag::numDistinctApprox",2048,0.2,404920
SUM,int64_t,"AnalysisFlag::min, AnalysisFlag::max, AnalysisFlag::mean, AnalysisFlag::sparsity, AnalysisFlag::numDistinctApprox",2048,0.2,402690
SUM,int64_t,"AnalysisFlag::min, AnalysisFlag::max, AnalysisFlag::mean, AnalysisFlag::sparsity, AnalysisFlag::numDistinctApprox",2048,0.2,396110
SUM,int64_t,"AnalysisFlag::min, AnalysisFlag::max, AnalysisFlag::mean, AnalysisFlag::sparsity, AnalysisFlag::numDistinctApprox",4096,0.2,1.76862e+06
SUM,int64_t,"AnalysisFlag::min, AnalysisFlag::max, AnalysisFlag::mean, AnalysisFlag::sparsity, AnalysisFlag::numDistinctApprox",4096,0.2,1.80696e+06
SUM,int64_t,"AnalysisFlag::min, AnalysisFlag::max, AnalysisFlag::mean, AnalysisFlag::sparsity, AnalysisFlag::numDistinctApprox",4096,0.2,1.7284e+06
SUM,int64_t,"AnalysisFlag::min, AnalysisFlag::max, AnalysisFlag::mean, AnalysisFlag::sparsity, AnalysisFlag::numDistinctApprox",4096,0.2,1.78576e+06
SUM,int64_t,"AnalysisFlag::min, AnalysisFlag::max, AnalysisFlag::mean, AnalysisFlag::sparsity, AnalysisFlag::numDistinctApprox",4096,0.2,1.75229e+06
SUM,int64_t,"AnalysisFlag::min, AnalysisFlag::max, AnalysisFlag::mean, AnalysisFlag::sparsity, AnalysisFlag::numDistinctApprox",4096,0.2,1.77247e+06
SUM,int64_t,"AnalysisFlag::min, AnalysisFlag::max, AnalysisFlag::mean, AnalysisFlag::sparsity, AnalysisFlag::numDistinctApprox",4096,0.2,1.77811e+06
SUM,int64_t,"AnalysisFlag::min, AnalysisFlag::max, AnalysisFlag::mean, AnalysisFlag::sparsity, AnalysisFlag::numDistinctApprox",4096,0.2,1.79324e+06
SUM,int64_t,"AnalysisFlag::min, AnalysisFlag::max, AnalysisFlag::mean, AnalysisFlag::sparsity, AnalysisFlag::numDistinctApprox",4096,0.2,1.76712e+06
SUM,int64_t,"AnalysisFlag::min, AnalysisFlag::max, AnalysisFlag::mean, AnalysisFlag::sparsity, AnalysisFlag::numDistinctApprox",4096,0.2,1.81471e+06
SUM,double,"AnalysisFlag::min, AnalysisFlag::max, AnalysisFlag::mean, AnalysisFlag::sparsity, AnalysisFlag::numDistinctApprox",1024,0.25,1.4142e+06
SUM,double,"AnalysisFlag::min, AnalysisFlag::max, AnalysisFlag::mean, AnalysisFlag::sparsity, AnalysisFlag::numDistinctApprox",1024,0.25,1.41086e+06
SUM,double,"AnalysisFlag::min, AnalysisFlag::max, AnalysisFlag::mean, AnalysisFlag::sparsity, AnalysisFlag::numDistinctApprox",1024,0.25,1.45543e+06
SUM,double,"AnalysisFlag::min, AnalysisFlag::max, AnalysisFlag::mean, AnalysisFlag::sparsity, AnalysisFlag::numDistinctApprox",1024,0.25,1.4067e+06
SUM,double,"AnalysisFlag::min, AnalysisFlag::max, AnalysisFlag::mean, AnalysisFlag::sparsity, AnalysisFlag::numDistinctApprox",1024,0.25,1.41092e+06
SUM,double,"AnalysisFlag::min, AnalysisFlag::max, AnalysisFlag::mean, AnalysisFlag::sparsity, AnalysisFlag::numDistinctApprox",1024,0.25,1.41033e+06
SUM,double,"AnalysisFlag::min, AnalysisFlag::max, AnalysisFlag::mean, AnalysisFlag::sparsity, AnalysisFlag::numDistinctApprox",1024,0.25,1.4079e+06
SUM,double,"AnalysisFlag::min, AnalysisFlag::max, AnalysisFlag::mean, AnalysisFlag::sparsity, AnalysisFlag::numDistinctApprox",1024,0.25,1.40446e+06
SUM,double,"AnalysisFlag::min, AnalysisFlag::max, AnalysisFlag::mean, AnalysisFlag::sparsity, AnalysisFlag::numDistinctApprox",1024,0.25,1.40532e+06
SUM,double,"AnalysisFlag::min, AnalysisFlag::max, AnalysisFlag::mean, AnalysisFlag::sparsity, AnalysisFlag::numDistinctApprox",1024,0.25,1.4088e+06
SUM,double,"AnalysisFlag::min, AnalysisFlag::max, AnalysisFlag::mean, AnalysisFlag::sparsity, AnalysisFlag::numDistinctApprox",2048,0.25,5.47303e+06
SUM,double,"AnalysisFlag::min, AnalysisFlag::max, AnalysisFlag::mean, AnalysisFlag::sparsity, AnalysisFlag::numDistinctApprox",2048,0.25,5.46678e+06
SUM,double,"AnalysisFlag::min, AnalysisFlag::max, AnalysisFlag::mean, AnalysisFlag::sparsity, AnalysisFlag::numDistinctApprox",2048,0.25,5.45558e+06
SUM,double,"AnalysisFlag::min, AnalysisFlag::max, AnalysisFlag::mean, AnalysisFlag::sparsity, AnalysisFlag::numDistinctApprox",2048,0.25,5.45183e+06
SUM,double,"AnalysisFlag::min, AnalysisFlag::max, AnalysisFlag::mean, AnalysisFlag::sparsity, AnalysisFlag::numDistinctApprox",2048,0.25,5.45445e+06
SUM,double,"AnalysisFlag::min, AnalysisFlag::max, AnalysisFlag::mean, AnalysisFlag::sparsity, AnalysisFlag::numDistinctApprox",2048,0.25,5.45504e+06
SUM,double,"AnalysisFlag::min, AnalysisFlag::max, AnalysisFlag::mean, AnalysisFlag::sparsity, AnalysisFlag::numDistinctApprox",2048,0.25,5.4581e+06
SUM,double,"AnalysisFlag::min, AnalysisFlag::max, AnalysisFlag::mean, AnalysisFlag::sparsity, AnalysisFlag::numDistinctApprox",2048,0.25,5.45715e+06
SUM,double,"AnalysisFlag::min, AnalysisFlag::max, AnalysisFlag::mean, AnalysisFlag::sparsity, AnalysisFlag::numDistinctApprox",2048,0.25,5.45649e+06
SUM,double,"AnalysisFlag::min, AnalysisFlag::max, AnalysisFlag::mean, AnalysisFlag::sparsity, AnalysisFlag::numDistinctApprox",2048,0.25,5.45928e+06
SUM,double,"AnalysisFlag::min, AnalysisFlag::max, AnalysisFlag::mean, AnalysisFlag::sparsity, AnalysisFlag::numDistinctApprox",4096,0.25,2.1181e+07
SUM,double,"AnalysisFlag::min, AnalysisFlag::max, AnalysisFlag::mean, AnalysisFlag::sparsity, AnalysisFlag::numDistinctApprox",4096,0.25,2.11999e+07
SUM,double,"AnalysisFlag::min, AnalysisFlag::max, AnalysisFlag::mean, AnalysisFlag::sparsity, AnalysisFlag::numDistinctApprox",4096,0.25,2.1197e+07
SUM,double,"AnalysisFlag::min, AnalysisFlag::max, AnalysisFlag::mean, AnalysisFlag::sparsity, AnalysisFlag::numDistinctApprox",4096,0.25,2.12241e+07
SUM,double,"AnalysisFlag::min, AnalysisFlag::max, AnalysisFlag::mean, AnalysisFlag::sparsity, AnalysisFlag::numDistinctApprox",4096,0.25,2.12132e+07
SUM,double,"AnalysisFlag::min, AnalysisFlag::max, AnalysisFlag::mean, AnalysisFlag::sparsity, AnalysisFlag::numDistinctApprox",4096,0.25,2.12028e+07
SUM,double,"AnalysisFlag::min, AnalysisFlag::max, AnalysisFlag::mean, AnalysisFlag::sparsity, AnalysisFlag::numDistinctApprox",4096,0.25,2.11939e+07
SUM,double,"AnalysisFlag::min, AnalysisFlag::max, AnalysisFlag::mean, AnalysisFlag::sparsity, AnalysisFlag::numDistinctApprox",4096,0.25,2.12258e+07
SUM,double,"AnalysisFlag::min, AnalysisFlag::max, AnalysisFlag::mean, AnalysisFlag::sparsity, AnalysisFlag::numDistinctApprox",4096,0.25,2.12017e+07
SUM,double,"AnalysisFlag::min, AnalysisFlag::max, AnalysisFlag::mean, AnalysisFlag::sparsity, AnalysisFlag::numDistinctApprox",4096,0.25,2.11981e+07
SUM,int64_t,"AnalysisFlag::min, AnalysisFlag::max, AnalysisFlag::mean, AnalysisFlag::sparsity, AnalysisFlag::numDistinctApprox",1024,0.25,1.40884e+06
SUM,int64_t,"AnalysisFlag::min, AnalysisFlag::max, AnalysisFlag::mean, AnalysisFlag::sparsity, AnalysisFlag::numDistinctApprox",1024,0.25,1.39957e+06
SUM,int64_t,"AnalysisFlag::min, AnalysisFlag::max, AnalysisFlag::mean, AnalysisFlag::sparsity, AnalysisFlag::numDistinctApprox",1024,0.25,1.39907e+06
SUM,int64_t,"AnalysisFlag::min, AnalysisFlag::max, AnalysisFlag::mean, AnalysisFlag::sparsity, AnalysisFlag::numDistinctApprox",1024,0.25,1.40128e+06
SUM,int64_t,"AnalysisFlag::min, AnalysisFlag::max, AnalysisFlag::mean, AnalysisFlag::sparsity, AnalysisFlag::numDistinctApprox",1024,0.25,1.40385e+06
SUM,int64_t,"AnalysisFlag::min, AnalysisFlag::max, AnalysisFlag::mean, AnalysisFlag::sparsity, AnalysisFlag::numDistinctApprox",1024,0.25,1.40121e+06
SUM,int64_t,"AnalysisFlag::min, AnalysisFlag::max, AnalysisFlag::mean, AnalysisFlag::sparsity, AnalysisFlag::numDistinctApprox",1024,0.25,1.40015e+06
SUM,int64_t,"AnalysisFlag::min, AnalysisFlag::max, AnalysisFlag::mean, AnalysisFlag::sparsity, AnalysisFlag::numDistinctApprox",1024,0.25,1.40062e+06
SUM,int64_t,"AnalysisFlag::min, AnalysisFlag::max, AnalysisFlag::mean, AnalysisFlag::sparsity, AnalysisFlag::numDistinctApprox",1024,0.25,1.40275e+06
SUM,int64_t,"AnalysisFlag::min, AnalysisFlag::max, AnalysisFlag::mean, AnalysisFlag::sparsity, AnalysisFlag::numDistinctApprox",1024,0.25,1.40215e+06
SUM,int64_t,"AnalysisFlag::min, AnalysisFlag::max, AnalysisFlag::mean, AnalysisFlag::sparsity, AnalysisFlag::numDistinctApprox",2048,0.25,5.50134e+06
SUM,int64_t,"AnalysisFlag::min, AnalysisFlag::max, AnalysisFlag::mean, AnalysisFlag::sparsity, AnalysisFlag::numDistinctApprox",2048,0.25,5.49994e+06
SUM,int64_t,"AnalysisFlag::min, AnalysisFlag::max, AnalysisFlag::mean, AnalysisFlag::sparsity, AnalysisFlag::numDistinctApprox",2048,0.25,5.48657e+06
SUM,int64_t,"AnalysisFlag::min, AnalysisFlag::max, AnalysisFlag::mean, AnalysisFlag::sparsity, AnalysisFlag::numDistinctApprox",2048,0.25,5.50248e+06
SUM,int64_t,"AnalysisFlag::min, AnalysisFlag::max, AnalysisFlag::mean, AnalysisFlag::sparsity, AnalysisFlag::numDistinctApprox",2048,0.25,5.49575e+06
SUM,int64_t,"AnalysisFlag::min, AnalysisFlag::max, AnalysisFlag::mean, AnalysisFlag::sparsity, AnalysisFlag::numDistinctApprox",2048,0.25,5.50815e+06
SUM,int64_t,"AnalysisFlag::min, AnalysisFlag::max, AnalysisFlag::mean, AnalysisFlag::sparsity, AnalysisFlag::numDistinctApprox",2048,0.25,5.50379e+06
SUM,int64_t,"AnalysisFlag::min, AnalysisFlag::max, AnalysisFlag::mean, AnalysisFlag::sparsity, AnalysisFlag::numDistinctApprox",2048,0.25,5.49494e+06
SUM,int64_t,"AnalysisFlag::min, AnalysisFlag::max, AnalysisFlag::mean, AnalysisFlag::sparsity, AnalysisFlag::numDistinctApprox",2048,0.25,5.49479e+06
SUM,int64_t,"AnalysisFlag::min, AnalysisFlag::max, AnalysisFlag::mean, AnalysisFlag::sparsity, AnalysisFlag::numDistinctApprox",2048,0.25,5.50019e+06
SUM,int64_t,"AnalysisFlag::min, AnalysisFlag::max, AnalysisFlag::mean, AnalysisFlag::sparsity, AnalysisFlag::numDistinctApprox",4096,0.25,2.1404e+07
SUM,int64_t,"AnalysisFlag::min, AnalysisFlag::max, AnalysisFlag::mean, AnalysisFlag::sparsity, AnalysisFlag::numDistinctApprox",4096,0.25,2.13148e+07
SUM,int64_t,"AnalysisFlag::min, AnalysisFlag::max, AnalysisFlag::mean, AnalysisFlag::sparsity, AnalysisFlag::numDistinctApprox",4096,0.25,2.13414e+07
SUM,int64_t,"AnalysisFlag::min, AnalysisFlag::max, AnalysisFlag::mean, AnalysisFlag::sparsity, AnalysisFlag::numDistinctApprox",4096,0.25,2.13735e+07
SUM,int64_t,"AnalysisFlag::min, AnalysisFlag::max, AnalysisFlag::mean, AnalysisFlag::sparsity, AnalysisFlag::numDistinctApprox",4096,0.25,2.14487e+07
SUM,int64_t,"AnalysisFlag::min, AnalysisFlag::max, AnalysisFlag::mean, AnalysisFlag::sparsity, AnalysisFlag::numDistinctApprox",4096,0.25,2.1397e+07
SUM,int64_t,"AnalysisFlag::min, AnalysisFlag::max, AnalysisFlag::mean, AnalysisFlag::sparsity, AnalysisFlag::numDistinctApprox",4096,0.25,2.13536e+07
SUM,int64_t,"AnalysisFlag::min, AnalysisFlag::max, AnalysisFlag::mean, AnalysisFlag::sparsity, AnalysisFlag::numDistinctApprox",4096,0.25,2.13581e+07
SUM,int64_t,"AnalysisFlag::min, AnalysisFlag::max, AnalysisFlag::mean, AnalysisFlag::sparsity, AnalysisFlag::numDistinctApprox",4096,0.25,2.1343e+07
SUM,int64_t,"AnalysisFlag::min, AnalysisFlag::max, AnalysisFlag::mean, AnalysisFlag::sparsity, AnalysisFlag::numDistinctApprox",4096,0.25,2.14351e+07
SUM,double,"AnalysisFlag::min, AnalysisFlag::max, AnalysisFlag::mean, AnalysisFlag::sparsity, AnalysisFlag::numDistinctApprox",1024,1,1.46886e+06
SUM,double,"AnalysisFlag::min, AnalysisFlag::max, AnalysisFlag::mean, AnalysisFlag::sparsity, AnalysisFlag::numDistinctApprox",1024,1,1.41359e+06
SUM,double,"AnalysisFlag::min, AnalysisFlag::max, AnalysisFlag::mean, AnalysisFlag::sparsity, AnalysisFlag::numDistinctApprox",1024,1,1.4078e+06
SUM,double,"AnalysisFlag::min, AnalysisFlag::max, AnalysisFlag::mean, AnalysisFlag::sparsity, AnalysisFlag::numDistinctApprox",1024,1,1.41199e+06
SUM,double,"AnalysisFlag::min, AnalysisFlag::max, AnalysisFlag::mean, AnalysisFlag::sparsity, AnalysisFlag::numDistinctApprox",1024,1,1.41049e+06
SUM,double,"AnalysisFlag::min, AnalysisFlag::max, AnalysisFlag::mean, AnalysisFlag::sparsity, AnalysisFlag::numDistinctApprox",1024,1,1.40668e+06
SUM,double,"AnalysisFlag::min, AnalysisFlag::max, AnalysisFlag::mean, AnalysisFlag::sparsity, AnalysisFlag::numDistinctApprox",1024,1,1.40774e+06
SUM,double,"AnalysisFlag::min, AnalysisFlag::max, AnalysisFlag::mean, AnalysisFlag::sparsity, AnalysisFlag::numDistinctApprox",1024,1,1.41045e+06
SUM,double,"AnalysisFlag::min, AnalysisFlag::max, AnalysisFlag::mean, AnalysisFlag::sparsity, AnalysisFlag::numDistinctApprox",1024,1,1.41099e+06
SUM,double,"AnalysisFlag::min, AnalysisFlag::max, AnalysisFlag::mean, AnalysisFlag::sparsity, AnalysisFlag::numDistinctApprox",1024,1,1.40908e+06
SUM,double,"AnalysisFlag::min, AnalysisFlag::max, AnalysisFlag::mean, AnalysisFlag::sparsity, AnalysisFlag::numDistinctApprox",2048,1,5.46775e+06
SUM,double,"AnalysisFlag::min, AnalysisFlag::max, AnalysisFlag::mean, AnalysisFlag::sparsity, AnalysisFlag::numDistinctApprox",2048,1,5.46035e+06
SUM,double,"AnalysisFlag::min, AnalysisFlag::max, AnalysisFlag::mean, AnalysisFlag::sparsity, AnalysisFlag::numDistinctApprox",2048,1,5.45552e+06
SUM,double,"AnalysisFlag::min, AnalysisFlag::max, AnalysisFlag::mean, AnalysisFlag::sparsity, AnalysisFlag::numDistinctApprox",2048,1,5.45482e+06
SUM,double,"AnalysisFlag::min, AnalysisFlag::max, AnalysisFlag::mean, AnalysisFlag::sparsity, AnalysisFlag::numDistinctApprox",2048,1,5.45542e+06
SUM,double,"AnalysisFlag::min, AnalysisFlag::max, AnalysisFlag::mean, AnalysisFlag::sparsity, AnalysisFlag::numDistinctApprox",2048,1,5.45254e+06
SUM,double,"AnalysisFlag::min, AnalysisFlag::max, AnalysisFlag::mean, AnalysisFlag::sparsity, AnalysisFlag::numDistinctApprox",2048,1,5.45651e+06
SUM,double,"AnalysisFlag::min, AnalysisFlag::max, AnalysisFlag::mean, AnalysisFlag::sparsity, AnalysisFlag::numDistinctApprox",2048,1,5.45127e+06
SUM,double,"AnalysisFlag::min, AnalysisFlag::max, AnalysisFlag::mean, AnalysisFlag::sparsity, AnalysisFlag::numDistinctApprox",2048,1,5.43894e+06
SUM,double,"AnalysisFlag::min, AnalysisFlag::max, AnalysisFlag::mean, AnalysisFlag::sparsity, AnalysisFlag::numDistinctApprox",2048,1,5.44768e+06
SUM,double,"AnalysisFlag::min, AnalysisFlag::max, AnalysisFlag::mean, AnalysisFlag::sparsity, AnalysisFlag::numDistinctApprox",4096,1,2.11767e+07
SUM,double,"AnalysisFlag::min, AnalysisFlag::max, AnalysisFlag::mean, AnalysisFlag::sparsity, AnalysisFlag::numDistinctApprox",4096,1,2.11948e+07
SUM,double,"AnalysisFlag::min, AnalysisFlag::max, AnalysisFlag::mean, AnalysisFlag::sparsity, AnalysisFlag::numDistinctApprox",4096,1,2.11707e+07
SUM,double,"AnalysisFlag::min, AnalysisFlag::max, AnalysisFlag::mean, AnalysisFlag::sparsity, AnalysisFlag::numDistinctApprox",4096,1,2.11665e+07
SUM,double,"AnalysisFlag::min, AnalysisFlag::max, AnalysisFlag::mean, AnalysisFlag::sparsity, AnalysisFlag::numDistinctApprox",4096,1,2.1152e+07
SUM,double,"AnalysisFlag::min, AnalysisFlag::max, AnalysisFlag::mean, AnalysisFlag::sparsity, AnalysisFlag::numDistinctApprox",4096,1,2.11525e+07
SUM,double,"AnalysisFlag::min, AnalysisFlag::max, AnalysisFlag::mean, AnalysisFlag::sparsity, AnalysisFlag::numDistinctApprox",4096,1,2.11482e+07
SUM,double,"AnalysisFlag::min, AnalysisFlag::max, AnalysisFlag::mean, AnalysisFlag::sparsity, AnalysisFlag::numDistinctApprox",4096,1,2.11613e+07
SUM,double,"AnalysisFlag::min, AnalysisFlag::max, AnalysisFlag::mean, AnalysisFlag::sparsity, AnalysisFlag::numDistinctApprox",4096,1,2.11541e+07
SUM,double,"AnalysisFlag::min, AnalysisFlag::max, AnalysisFlag::mean, AnalysisFlag::sparsity, AnalysisFlag::numDistinctApprox",4096,1,2.12065e+07
SUM,int64_t,"AnalysisFlag::min, AnalysisFlag::max, AnalysisFlag::mean, AnalysisFlag::sparsity, AnalysisFlag::numDistinctApprox",1024,1,1.46141e+06
SUM,int64_t,"AnalysisFlag::min, AnalysisFlag::max, AnalysisFlag::mean, AnalysisFlag::sparsity, AnalysisFlag::numDistinctApprox",1024,1,1.40445e+06
SUM,int64_t,"AnalysisFlag::min, AnalysisFlag::max, AnalysisFlag::mean, AnalysisFlag::sparsity, AnalysisFlag::numDistinctApprox",1024,1,1.40661e+06
SUM,int64_t,"AnalysisFlag::min, AnalysisFlag::max, AnalysisFlag::mean, AnalysisFlag::sparsity, AnalysisFlag::numDistinctApprox",1024,1,1.40694e+06
SUM,int64_t,"AnalysisFlag::min, AnalysisFlag::max, AnalysisFlag::mean, AnalysisFlag::sparsity, AnalysisFlag::numDistinctApprox",1024,1,1.40206e+06
SUM,int64_t,"AnalysisFlag::min, AnalysisFlag::max, AnalysisFlag::mean, AnalysisFlag::sparsity, AnalysisFlag::numDistinctApprox",1024,1,1.40258e+06
SUM,int64_t,"AnalysisFlag::min, AnalysisFlag::max, AnalysisFlag::mean, AnalysisFlag::sparsity, AnalysisFlag::numDistinctApprox",1024,1,1.4036e+06
SUM,int64_t,"AnalysisFlag::min, AnalysisFlag::max, AnalysisFlag::mean, AnalysisFlag::sparsity, AnalysisFlag::numDistinctApprox",1024,1,1.40303e+06
SUM,int64_t,"AnalysisFlag::min, AnalysisFlag::max, AnalysisFlag::mean, AnalysisFlag::sparsity, AnalysisFlag::numDistinctApprox",1024,1,1.40353e+06
SUM,int64_t,"AnalysisFlag::min, AnalysisFlag::max, AnalysisFlag::mean, AnalysisFlag::sparsity, AnalysisFlag::numDistinctApprox",1024,1,1.40348e+06
SUM,int64_t,"AnalysisFlag::min, AnalysisFlag::max, AnalysisFlag::mean, AnalysisFlag::sparsity, AnalysisFlag::numDistinctApprox",2048,1,5.48034e+06
SUM,int64_t,"AnalysisFlag::min, AnalysisFlag::max, AnalysisFlag::mean, AnalysisFlag::sparsity, AnalysisFlag::numDistinctApprox",2048,1,5.45795e+06
SUM,int64_t,"AnalysisFlag::min, AnalysisFlag::max, AnalysisFlag::mean, AnalysisFlag::sparsity, AnalysisFlag::numDistinctApprox",2048,1,5.46603e+06
SUM,int64_t,"AnalysisFlag::min, AnalysisFlag::max, AnalysisFlag::mean, AnalysisFlag::sparsity, AnalysisFlag::numDistinctApprox",2048,1,5.46239e+06
SUM,int64_t,"AnalysisFlag::min, AnalysisFlag::max, AnalysisFlag::mean, AnalysisFlag::sparsity, AnalysisFlag::numDistinctApprox",2048,1,5.46487e+06
SUM,int64_t,"AnalysisFlag::min, AnalysisFlag::max, AnalysisFlag::mean, AnalysisFlag::sparsity, AnalysisFlag::numDistinctApprox",2048,1,5.45583e+06
SUM,int64_t,"AnalysisFlag::min, AnalysisFlag::max, AnalysisFlag::mean, AnalysisFlag::sparsity, AnalysisFlag::numDistinctApprox",2048,1,5.46241e+06
SUM,int64_t,"AnalysisFlag::min, AnalysisFlag::max, AnalysisFlag::mean, AnalysisFlag::sparsity, AnalysisFlag::numDistinctApprox",2048,1,5.45772e+06
SUM,int64_t,"AnalysisFlag::min, AnalysisFlag::max, AnalysisFlag::mean, AnalysisFlag::sparsity, AnalysisFlag::numDistinctApprox",2048,1,5.45948e+06
SUM,int64_t,"AnalysisFlag::min, AnalysisFlag::max, AnalysisFlag::mean, AnalysisFlag::sparsity, AnalysisFlag::numDistinctApprox",2048,1,5.45564e+06
SUM,int64_t,"AnalysisFlag::min, AnalysisFlag::max, AnalysisFlag::mean, AnalysisFlag::sparsity, AnalysisFlag::numDistinctApprox",4096,1,2.12354e+07
SUM,int64_t,"AnalysisFlag::min, AnalysisFlag::max, AnalysisFlag::mean, AnalysisFlag::sparsity, AnalysisFlag::numDistinctApprox",4096,1,2.12505e+07
SUM,int64_t,"AnalysisFlag::min, AnalysisFlag::max, AnalysisFlag::mean, AnalysisFlag::sparsity, AnalysisFlag::numDistinctApprox",4096,1,2.12573e+07
SUM,int64_t,"AnalysisFlag::min, AnalysisFlag::max, AnalysisFlag::mean, AnalysisFlag::sparsity, AnalysisFlag::numDistinctApprox",4096,1,2.12723e+07
SUM,int64_t,"AnalysisFlag::min, AnalysisFlag::max, AnalysisFlag::mean, AnalysisFlag::sparsity, AnalysisFlag::numDistinctApprox",4096,1,2.12876e+07
SUM,int64_t,"AnalysisFlag::min, AnalysisFlag::max, AnalysisFlag::mean, AnalysisFlag::sparsity, AnalysisFlag::numDistinctApprox",4096,1,2.12766e+07
SUM,int64_t,"AnalysisFlag::min, AnalysisFlag::max, AnalysisFlag::mean, AnalysisFlag::sparsity, AnalysisFlag::numDistinctApprox",4096,1,2.12634e+07
SUM,int64_t,"AnalysisFlag::min, AnalysisFlag::max, AnalysisFlag::mean, AnalysisFlag::sparsity, AnalysisFlag::numDistinctApprox",4096,1,2.12289e+07
SUM,int64_t,"AnalysisFlag::min, AnalysisFlag::max, AnalysisFlag::mean, AnalysisFlag::sparsity, AnalysisFlag::numDistinctApprox",4096,1,2.12425e+07
SUM,int64_t,"AnalysisFlag::min, AnalysisFlag::max, AnalysisFlag::mean, AnalysisFlag::sparsity, AnalysisFlag::numDistinctApprox",4096,1,2.12609e+07
MEAN,double,"AnalysisFlag::min, AnalysisFlag::max, AnalysisFlag::mean, AnalysisFlag::sparsity, AnalysisFlag::numDistinctApprox",1024,0.001,93680
MEAN,double,"AnalysisFlag::min, AnalysisFlag::max, AnalysisFlag::mean, AnalysisFlag::sparsity, AnalysisFlag::numDistinctApprox",1024,0.001,90813
MEAN,double,"AnalysisFlag::min, AnalysisFlag::max, AnalysisFlag::mean, AnalysisFlag::sparsity, AnalysisFlag::numDistinctApprox",1024,0.001,91606
MEAN,double,"AnalysisFlag::min, AnalysisFlag::max, AnalysisFlag::mean, AnalysisFlag::sparsity, AnalysisFlag::numDistinctApprox",1024,0.001,90686
MEAN,double,"AnalysisFlag::min, AnalysisFlag::max, AnalysisFlag::mean, AnalysisFlag::sparsity, AnalysisFlag::numDistinctApprox",1024,0.001,90354
MEAN,double,"AnalysisFlag::min, AnalysisFlag::max, AnalysisFlag::mean, AnalysisFlag::sparsity, AnalysisFlag::numDistinctApprox",1024,0.001,91190
MEAN,double,"AnalysisFlag::min, AnalysisFlag::max, AnalysisFlag::mean, AnalysisFlag::sparsity, AnalysisFlag::numDistinctApprox",1024,0.001,91655
MEAN,double,"AnalysisFlag::min, AnalysisFlag::max, AnalysisFlag::mean, AnalysisFlag::sparsity, AnalysisFlag::numDistinctApprox",1024,0.001,93498
MEAN,double,"AnalysisFlag::min, AnalysisFlag::max, AnalysisFlag::mean, AnalysisFlag::sparsity, AnalysisFlag::numDistinctApprox",1024,0.001,93583
MEAN,double,"AnalysisFlag::min, AnalysisFlag::max, AnalysisFlag::mean, AnalysisFlag::sparsity, AnalysisFlag::numDistinctApprox",1024,0.001,93334
MEAN,double,"AnalysisFlag::min, AnalysisFlag::max, AnalysisFlag::mean, AnalysisFlag::sparsity, AnalysisFlag::numDistinctApprox",2048,0.001,215507
MEAN,double,"AnalysisFlag::min, AnalysisFlag::max, AnalysisFlag::mean, AnalysisFlag::sparsity, AnalysisFlag::numDistinctApprox",2048,0.001,217948
MEAN,double,"AnalysisFlag::min, AnalysisFlag::max, AnalysisFlag::mean, AnalysisFlag::sparsity, AnalysisFlag::numDistinctApprox",2048,0.001,209912
MEAN,double,"AnalysisFlag::min, AnalysisFlag::max, AnalysisFlag::mean, AnalysisFlag::sparsity, AnalysisFlag::numDistinctApprox",2048,0.001,220331
MEAN,double,"AnalysisFlag::min, AnalysisFlag::max, AnalysisFlag::mean, AnalysisFlag::sparsity, AnalysisFlag::numDistinctApprox",2048,0.001,219005
MEAN,double,"AnalysisFlag::min, AnalysisFlag::max, AnalysisFlag::mean, AnalysisFlag::sparsity, AnalysisFlag::numDistinctApprox",2048,0.001,212002
MEAN,double,"AnalysisFlag::min, AnalysisFlag::max, AnalysisFlag::mean, AnalysisFlag::sparsity, AnalysisFlag::numDistinctApprox",2048,0.001,215813
MEAN,double,"AnalysisFlag::min, AnalysisFlag::max, AnalysisFlag::mean, AnalysisFlag::sparsity, AnalysisFlag::numDistinctApprox",2048,0.001,221471
MEAN,double,"AnalysisFlag::min, AnalysisFlag::max, AnalysisFlag::mean, AnalysisFlag::sparsity, AnalysisFlag::numDistinctApprox",2048,0.001,216791
MEAN,double,"AnalysisFlag::min, AnalysisFlag::max, AnalysisFlag::mean, AnalysisFlag::sparsity, AnalysisFlag::numDistinctApprox",2048,0.001,216181
MEAN,double,"AnalysisFlag::min, AnalysisFlag::max, AnalysisFlag::mean, AnalysisFlag::sparsity, AnalysisFlag::numDistinctApprox",4096,0.001,364987
MEAN,double,"AnalysisFlag::min, AnalysisFlag::max, AnalysisFlag::mean, AnalysisFlag::sparsity, AnalysisFlag::numDistinctApprox",4096,0.001,360346
MEAN,double,"AnalysisFlag::min, AnalysisFlag::max, AnalysisFlag::mean, AnalysisFlag::sparsity, AnalysisFlag::numDistinctApprox",4096,0.001,349318
MEAN,double,"AnalysisFlag::min, AnalysisFlag::max, AnalysisFlag::mean, AnalysisFlag::sparsity, AnalysisFlag::numDistinctApprox",4096,0.001,347828
MEAN,double,"AnalysisFlag::min, AnalysisFlag::max, AnalysisFlag::mean, AnalysisFlag::sparsity, AnalysisFlag::numDistinctApprox",4096,0.001,352064
MEAN,double,"AnalysisFlag::min, AnalysisFlag::max, AnalysisFlag::mean, AnalysisFlag::sparsity, AnalysisFlag::numDistinctApprox",4096,0.001,350383
MEAN,double,"AnalysisFlag::min, AnalysisFlag::max, AnalysisFlag::mean, AnalysisFlag::sparsity, AnalysisFlag::numDistinctApprox",4096,0.001,343931
MEAN,double,"AnalysisFlag::min, AnalysisFlag::max, AnalysisFlag::mean, AnalysisFlag::sparsity, AnalysisFlag::numDistinctApprox",4096,0.001,354290
MEAN,double,"AnalysisFlag::min, AnalysisFlag::max, AnalysisFlag::mean, AnalysisFlag::sparsity, AnalysisFlag::numDistinctApprox",4096,0.001,352987
MEAN,double,"AnalysisFlag::min, AnalysisFlag::max, AnalysisFlag::mean, AnalysisFlag::sparsity, AnalysisFlag::numDistinctApprox",4096,0.001,347121
MEAN,int64_t,"AnalysisFlag::min, AnalysisFlag::max, AnalysisFlag::mean, AnalysisFlag::sparsity, AnalysisFlag::numDistinctApprox",1024,0.001,27867
MEAN,int64_t,"AnalysisFlag::min, AnalysisFlag::max, AnalysisFlag::mean, AnalysisFlag::sparsity, AnalysisFlag::numDistinctApprox",1024,0.001,25656
MEAN,int64_t,"AnalysisFlag::min, AnalysisFlag::max, AnalysisFlag::mean, AnalysisFlag::sparsity, AnalysisFlag::numDistinctApprox",1024,0.001,24055
MEAN,int64_t,"AnalysisFlag::min, AnalysisFlag::max, AnalysisFlag::mean, AnalysisFlag::sparsity, AnalysisFlag::numDistinctApprox",1024,0.001,23793
MEAN,int64_t,"AnalysisFlag::min, AnalysisFlag::max, AnalysisFlag::mean, AnalysisFlag::sparsity, AnalysisFlag::numDistinctApprox",1024,0.001,23593
MEAN,int64_t,"AnalysisFlag::min, AnalysisFlag::max, AnalysisFlag::mean, AnalysisFlag::sparsity, AnalysisFlag::numDistinctApprox",1024,0.001,24186
MEAN,int64_t,"AnalysisFlag::min, AnalysisFlag::max, AnalysisFlag::mean, AnalysisFlag::sparsity, AnalysisFlag::numDistinctApprox",1024,0.001,26246
MEAN,int64_t,"AnalysisFlag::min, AnalysisFlag::max, AnalysisFlag::mean, AnalysisFlag::sparsity, AnalysisFlag::numDistinctApprox",1024,0.001,23375
MEAN,int64_t,"AnalysisFlag::min, AnalysisFlag::max, AnalysisFlag::mean, AnalysisFlag::sparsity, AnalysisFlag::numDistinctApprox",1024,0.001,25352
MEAN,int64_t,"AnalysisFlag::min, AnalysisFlag::max, AnalysisFlag::mean, AnalysisFlag::sparsity, AnalysisFlag::numDistinctApprox",1024,0.001,24204
MEAN,int64_t,"AnalysisFlag::min, AnalysisFlag::max, AnalysisFlag::mean, AnalysisFlag::sparsity, AnalysisFlag::numDistinctApprox",2048,0.001,55201
MEAN,int64_t,"AnalysisFlag::min, AnalysisFlag::max, AnalysisFlag::mean, AnalysisFlag::sparsity, AnalysisFlag::numDistinctApprox",2048,0.001,51384
MEAN,int64_t,"AnalysisFlag::min, AnalysisFlag::max, AnalysisFlag::mean, AnalysisFlag::sparsity, AnalysisFlag::numDistinctApprox",2048,0.001,53269
MEAN,int64_t,"AnalysisFlag::min, AnalysisFlag::max, AnalysisFlag::mean, AnalysisFlag::sparsity, AnalysisFlag::numDistinctApprox",2048,0.001,59664
MEAN,int64_t,"AnalysisFlag::min, AnalysisFlag::max, AnalysisFlag::mean, AnalysisFlag::sparsity, AnalysisFlag::numDistinctApprox",2048,0.001,53773
MEAN,int64_t,"AnalysisFlag::min, AnalysisFlag::max, AnalysisFlag::mean, AnalysisFlag::sparsity, AnalysisFlag::numDistinctApprox",2048,0.001,54053
MEAN,int64_t,"AnalysisFlag::min, AnalysisFlag::max, AnalysisFlag::mean, AnalysisFlag::sparsity, AnalysisFlag::numDistinctApprox",2048,0.001,57957
MEAN,int64_t,"AnalysisFlag::min, AnalysisFlag::max, AnalysisFlag::mean, AnalysisFlag::sparsity, AnalysisFlag::numDistinctApprox",2048,0.001,53849
MEAN,int64_t,"AnalysisFlag::min, AnalysisFlag::max, AnalysisFlag::mean, AnalysisFlag::sparsity, AnalysisFlag::numDistinctApprox",2048,0.001,57449
MEAN,int64_t,"AnalysisFlag::min, AnalysisFlag::max, AnalysisFlag::mean, AnalysisFlag::sparsity, AnalysisFlag::numDistinctApprox",2048,0.001,58118
MEAN,int64_t,"AnalysisFlag::min, AnalysisFlag::max, AnalysisFlag::mean, AnalysisFlag::sparsity, AnalysisFlag::numDistinctApprox",4096,0.001,123662
MEAN,int64_t,"AnalysisFlag::min, AnalysisFlag::max, AnalysisFlag::mean, AnalysisFlag::sparsity, AnalysisFlag::numDistinctApprox",4096,0.001,132788
MEAN,int64_t,"AnalysisFlag::min, AnalysisFlag::max, AnalysisFlag::mean, AnalysisFlag::sparsity, AnalysisFlag::numDistinctApprox",4096,0.001,131340
MEAN,int64_t,"AnalysisFlag::min, AnalysisFlag::max, AnalysisFlag::mean, AnalysisFlag::sparsity, AnalysisFlag::numDistinctApprox",4096,0.001,132720
MEAN,int64_t,"AnalysisFlag::min, AnalysisFlag::max, AnalysisFlag::mean, AnalysisFlag::sparsity, AnalysisFlag::numDistinctApprox",4096,0.001,123281
MEAN,int64_t,"AnalysisFlag::min, AnalysisFlag::max, AnalysisFlag::mean, AnalysisFlag::sparsity, AnalysisFlag::numDistinctApprox",4096,0.001,123178
MEAN,int64_t,"AnalysisFlag::min, AnalysisFlag::max, AnalysisFlag::mean, AnalysisFlag::sparsity, AnalysisFlag::numDistinctApprox",4096,0.001,133599
MEAN,int64_t,"AnalysisFlag::min, AnalysisFlag::max, AnalysisFlag::mean, AnalysisFlag::sparsity, AnalysisFlag::numDistinctApprox",4096,0.001,124691
MEAN,int64_t,"AnalysisFlag::min, AnalysisFlag::max, AnalysisFlag::mean, AnalysisFlag::sparsity, AnalysisFlag::numDistinctApprox",4096,0.001,124017
MEAN,int64_t,"AnalysisFlag::min, AnalysisFlag::max, AnalysisFlag::mean, AnalysisFlag::sparsity, AnalysisFlag::numDistinctApprox",4096,0.001,131911
MEAN,double,"AnalysisFlag::min, AnalysisFlag::max, AnalysisFlag::mean, AnalysisFlag::sparsity, AnalysisFlag::numDistinctApprox",1024,0.01,130946
MEAN,double,"AnalysisFlag::min, AnalysisFlag::max, AnalysisFlag::mean, AnalysisFlag::sparsity, AnalysisFlag::numDistinctApprox",1024,0.01,124928
MEAN,double,"AnalysisFlag::min, AnalysisFlag::max, AnalysisFlag::mean, AnalysisFlag::sparsity, AnalysisFlag::numDistinctApprox",1024,0.01,134406
MEAN,double,"AnalysisFlag::min, AnalysisFlag::max, AnalysisFlag::mean, AnalysisFlag::sparsity, AnalysisFlag::numDistinctApprox",1024,0.01,129984
MEAN,double,"AnalysisFlag::min, AnalysisFlag::max, AnalysisFlag::mean, AnalysisFlag::sparsity, AnalysisFlag::numDistinctApprox",1024,0.01,125548
MEAN,double,"AnalysisFlag::min, AnalysisFlag::max, AnalysisFlag::mean, AnalysisFlag::sparsity, AnalysisFlag::numDistinctApprox",1024,0.01,126301
MEAN,double,"AnalysisFlag::min, AnalysisFlag::max, AnalysisFlag::mean, AnalysisFlag::sparsity, AnalysisFlag::numDistinctApprox",1024,0.01,126838
MEAN,double,"AnalysisFlag::min, AnalysisFlag::max, AnalysisFlag::mean, AnalysisFlag::sparsity, AnalysisFlag::numDistinctApprox",1024,0.01,124691
MEAN,double,"AnalysisFlag::min, AnalysisFlag::max, AnalysisFlag::mean, AnalysisFlag::sparsity, AnalysisFlag::numDistinctApprox",1024,0.01,123463
MEAN,double,"AnalysisFlag::min, AnalysisFlag::max, AnalysisFlag::mean, AnalysisFlag::sparsity, AnalysisFlag::numDistinctApprox",1024,0.01,126701
MEAN,double,"AnalysisFlag::min, AnalysisFlag::max, AnalysisFlag::mean, AnalysisFlag::sparsity, AnalysisFlag::numDistinctApprox",2048,0.01,241243
MEAN,double,"AnalysisFlag::min, AnalysisFlag::max, AnalysisFlag::mean, AnalysisFlag::sparsity, AnalysisFlag::numDistinctApprox",2048,0.01,236308
MEAN,double,"AnalysisFlag::min, AnalysisFlag::max, AnalysisFlag::mean, AnalysisFlag::sparsity, AnalysisFlag::numDistinctApprox",2048,0.01,237438
MEAN,double,"AnalysisFlag::min, AnalysisFlag::max, AnalysisFlag::mean, AnalysisFlag::sparsity, AnalysisFlag::numDistinctApprox",2048,0.01,230753
MEAN,double,"AnalysisFlag::min, AnalysisFlag::max, AnalysisFlag::mean, AnalysisFlag::sparsity, AnalysisFlag::numDistinctApprox",2048,0.01,238264
MEAN,double,"AnalysisFlag::min, AnalysisFlag::max, AnalysisFlag::mean, AnalysisFlag::sparsity, AnalysisFlag::numDistinctApprox",2048,0.01,236742
MEAN,double,"AnalysisFlag::min, AnalysisFlag::max, AnalysisFlag::mean, AnalysisFlag::sparsity, AnalysisFlag::numDistinctApprox",2048,0.01,236978
MEAN,double,"AnalysisFlag::min, AnalysisFlag::max, AnalysisFlag::mean, AnalysisFlag::sparsity, AnalysisFlag::numDistinctApprox",2048,0.01,233862
MEAN,double,"AnalysisFlag::min, AnalysisFlag::max, AnalysisFlag::mean, AnalysisFlag::sparsity, AnalysisFlag::numDistinctApprox",2048,0.01,237815
MEAN,double,"AnalysisFlag::min, AnalysisFlag::max, AnalysisFlag::mean, AnalysisFlag::sparsity, AnalysisFlag::numDistinctApprox",2048,0.01,236380
MEAN,double,"AnalysisFlag::min, AnalysisFlag::max, AnalysisFlag::mean, AnalysisFlag::sparsity, AnalysisFlag::numDistinctApprox",4096,0.01,399375
MEAN,double,"AnalysisFlag::min, AnalysisFlag::max, AnalysisFlag::mean, AnalysisFlag::sparsity, AnalysisFlag::numDistinctApprox",4096,0.01,392306
MEAN,double,"AnalysisFlag::min, AnalysisFlag::max, AnalysisFlag::mean, AnalysisFlag::sparsity, AnalysisFlag::numDistinctApprox",4096,0.01,395180
MEAN,double,"AnalysisFlag::min, AnalysisFlag::max, AnalysisFlag::mean, AnalysisFlag::sparsity, AnalysisFlag::numDistinctApprox",4096,0.01,398406
MEAN,double,"AnalysisFlag::min, AnalysisFlag::max, AnalysisFlag::mean, AnalysisFlag::sparsity, AnalysisFlag::numDistinctApprox",4096,0.01,396470
MEAN,double,"AnalysisFlag::min, AnalysisFlag::max, AnalysisFlag::mean, AnalysisFlag::sparsity, AnalysisFlag::numDistinctApprox",4096,0.01,394208
MEAN,double,"AnalysisFlag::min, AnalysisFlag::max, AnalysisFlag::mean, AnalysisFlag::sparsity, AnalysisFlag::numDistinctApprox",4096,0.01,400473
MEAN,double,"AnalysisFlag::min, AnalysisFlag::max, AnalysisFlag::mean, AnalysisFlag::sparsity, AnalysisFlag::numDistinctApprox",4096,0.01,401897
MEAN,double,"AnalysisFlag::min, AnalysisFlag::max, AnalysisFlag::mean, AnalysisFlag::sparsity, AnalysisFlag::numDistinctApprox",4096,0.01,394761
MEAN,double,"AnalysisFlag::min, AnalysisFlag::max, AnalysisFlag::mean, AnalysisFlag::sparsity, AnalysisFlag::numDistinctApprox",4096,0.01,395958
MEAN,int64_t,"AnalysisFlag::min, AnalysisFlag::max, AnalysisFlag::mean, AnalysisFlag::sparsity, AnalysisFlag::numDistinctApprox",1024,0.01,35695
MEAN,int64_t,"AnalysisFlag::min, AnalysisFlag::max, AnalysisFlag::mean, AnalysisFlag::sparsity, AnalysisFlag::numDistinctApprox",1024,0.01,38472
MEAN,int64_t,"AnalysisFlag::min, AnalysisFlag::max, AnalysisFlag::mean, AnalysisFlag::sparsity, AnalysisFlag::numDistinctApprox",1024,0.01,36728
MEAN,int64_t,"AnalysisFlag::min, AnalysisFlag::max, AnalysisFlag::mean, AnalysisFlag::sparsity, AnalysisFlag::numDistinctApprox",1024,0.01,35696
MEAN,int64_t,"AnalysisFlag::min, AnalysisFlag::max, AnalysisFlag::mean, AnalysisFlag::sparsity, AnalysisFlag::numDistinctApprox",1024,0.01,34275
MEAN,int64_t,"AnalysisFlag::min, AnalysisFlag::max, AnalysisFlag::mean, AnalysisFlag::sparsity, AnalysisFlag::numDistinctApprox",1024,0.01,34261
MEAN,int64_t,"AnalysisFlag::min, AnalysisFlag::max, AnalysisFlag::mean, AnalysisFlag::sparsity, AnalysisFlag::numDistinctApprox",1024,0.01,36657
MEAN,int64_t,"AnalysisFlag::min, AnalysisFlag::max, AnalysisFlag::mean, AnalysisFlag::sparsity, AnalysisFlag::numDistinctApprox",1024,0.01,33606
MEAN,int64_t,"AnalysisFlag::min, AnalysisFlag::max, AnalysisFlag::mean, AnalysisFlag::sparsity, AnalysisFlag::numDistinctApprox",1024,0.01,34276
MEAN,int64_t,"AnalysisFlag::min, AnalysisFlag::max, AnalysisFlag::mean, AnalysisFlag::sparsity, AnalysisFlag::numDistinctApprox",1024,0.01,34004
MEAN,int64_t,"AnalysisFlag::min, AnalysisFlag::max, AnalysisFlag::mean, AnalysisFlag::sparsity, AnalysisFlag::numDistinctApprox",2048,0.01,71813
MEAN,int64_t,"AnalysisFlag::min, AnalysisFlag::max, AnalysisFlag::mean, AnalysisFlag::sparsity, AnalysisFlag::numDistinctApprox",2048,0.01,76969
MEAN,int64_t,"AnalysisFlag::min, AnalysisFlag::max, AnalysisFlag::mean, AnalysisFlag::sparsity, AnalysisFlag::numDistinctApprox",2048,0.01,71122
MEAN,int64_t,"AnalysisFlag::min, AnalysisFlag::max, AnalysisFlag::mean, AnalysisFlag::sparsity, AnalysisFlag::numDistinctApprox",2048,0.01,75879
MEAN,int64_t,"AnalysisFlag::min, AnalysisFlag::max, AnalysisFlag::mean, AnalysisFlag::sparsity, AnalysisFlag::numDistinctApprox",2048,0.01,73944
MEAN,int64_t,"AnalysisFlag::min, AnalysisFlag::max, AnalysisFlag::mean, AnalysisFlag::sparsity, AnalysisFlag::numDistinctApprox",2048,0.01,75737
MEAN,int64_t,"AnalysisFlag::min, AnalysisFlag::max, AnalysisFlag::mean, AnalysisFlag::sparsity, AnalysisFlag::numDistinctApprox",2048,0.01,76259
MEAN,int64_t,"AnalysisFlag::min, AnalysisFlag::max, AnalysisFlag::mean, AnalysisFlag::sparsity, AnalysisFlag::numDistinctApprox",2048,0.01,76139
MEAN,int64_t,"AnalysisFlag::min, AnalysisFlag::max, AnalysisFlag::mean, AnalysisFlag::sparsity, AnalysisFlag::numDistinctApprox",2048,0.01,72361
MEAN,int64_t,"AnalysisFlag::min, AnalysisFlag::max, AnalysisFlag::mean, AnalysisFlag::sparsity, AnalysisFlag::numDistinctApprox",2048,0.01,75557
MEAN,int64_t,"AnalysisFlag::min, AnalysisFlag::max, AnalysisFlag::mean, AnalysisFlag::sparsity, AnalysisFlag::numDistinctApprox",4096,0.01,160718
MEAN,int64_t,"AnalysisFlag::min, AnalysisFlag::max, AnalysisFlag::mean, AnalysisFlag::sparsity, AnalysisFlag::numDistinctApprox",4096,0.01,158754
MEAN,int64_t,"AnalysisFlag::min, AnalysisFlag::max, AnalysisFlag::mean, AnalysisFlag::sparsity, AnalysisFlag::numDistinctApprox",4096,0.01,158015
MEAN,int64_t,"AnalysisFlag::min, AnalysisFlag::max, AnalysisFlag::mean, AnalysisFlag::sparsity, AnalysisFlag::numDistinctApprox",4096,0.01,169488
MEAN,int64_t,"AnalysisFlag::min, AnalysisFlag::max, AnalysisFlag::mean, AnalysisFlag::sparsity, AnalysisFlag::numDistinctApprox",4096,0.01,161065
MEAN,int64_t,"AnalysisFlag::min, AnalysisFlag::max, AnalysisFlag::mean, AnalysisFlag::sparsity, AnalysisFlag::numDistinctApprox",4096,0.01,158812
MEAN,int64_t,"AnalysisFlag::min, AnalysisFlag::max, AnalysisFlag::mean, AnalysisFlag::sparsity, AnalysisFlag::numDistinctApprox",4096,0.01,159373
MEAN,int64_t,"AnalysisFlag::min, AnalysisFlag::max, AnalysisFlag::mean, AnalysisFlag::sparsity, AnalysisFlag::numDistinctApprox",4096,0.01,171090
MEAN,int64_t,"AnalysisFlag::min, AnalysisFlag::max, AnalysisFlag::mean, AnalysisFlag::sparsity, AnalysisFlag::numDistinctApprox",4096,0.01,170508
MEAN,int64_t,"AnalysisFlag::min, AnalysisFlag::max, AnalysisFlag::mean, AnalysisFlag::sparsity, AnalysisFlag::numDistinctApprox",4096,0.01,159499
MEAN,double,"AnalysisFlag::min, AnalysisFlag::max, AnalysisFlag::mean, AnalysisFlag::sparsity, AnalysisFlag::numDistinctApprox",1024,0.05,143716
MEAN,double,"AnalysisFlag::min, AnalysisFlag::max, AnalysisFlag::mean, AnalysisFlag::sparsity, AnalysisFlag::numDistinctApprox",1024,0.05,139312
MEAN,double,"AnalysisFlag::min, AnalysisFlag::max, AnalysisFlag::mean, AnalysisFlag::sparsity, AnalysisFlag::numDistinctApprox",1024,0.05,141905
MEAN,double,"AnalysisFlag::min, AnalysisFlag::max, AnalysisFlag::mean, AnalysisFlag::sparsity, AnalysisFlag::numDistinctApprox",1024,0.05,139165
MEAN,double,"AnalysisFlag::min, AnalysisFlag::max, AnalysisFlag::mean, AnalysisFlag::sparsity, AnalysisFlag::numDistinctApprox",1024,0.05,146466
MEAN,double,"AnalysisFlag::min, AnalysisFlag::max, AnalysisFlag::mean, AnalysisFlag::sparsity, AnalysisFlag::numDistinctApprox",1024,0.05,138173
MEAN,double,"AnalysisFlag::min, AnalysisFlag::max, AnalysisFlag::mean, AnalysisFlag::sparsity, AnalysisFlag::numDistinctApprox",1024,0.05,142497
MEAN,double,"AnalysisFlag::min, AnalysisFlag::max, AnalysisFlag::mean, AnalysisFlag::sparsity, AnalysisFlag::numDistinctApprox",1024,0.05,138976
MEAN,double,"AnalysisFlag::min, AnalysisFlag::max, AnalysisFlag::mean, AnalysisFlag::sparsity, AnalysisFlag::numDistinctApprox",1024,0.05,141709
MEAN,double,"AnalysisFlag::min, AnalysisFlag::max, AnalysisFlag::mean, AnalysisFlag::sparsity, AnalysisFlag::numDistinctApprox",1024,0.05,141731
MEAN,double,"AnalysisFlag::min, AnalysisFlag::max, AnalysisFlag::mean, AnalysisFlag::sparsity, AnalysisFlag::numDistinctApprox",2048,0.05,273870
MEAN,double,"AnalysisFlag::min, AnalysisFlag::max, AnalysisFlag::mean, AnalysisFlag::sparsity, AnalysisFlag::numDistinctApprox",2048,0.05,270795
MEAN,double,"AnalysisFlag::min, AnalysisFlag::max, AnalysisFlag::mean, AnalysisFlag::sparsity, AnalysisFlag::numDistinctApprox",2048,0.05,272342
MEAN,double,"AnalysisFlag::min, AnalysisFlag::max, AnalysisFlag::mean, AnalysisFlag::sparsity, AnalysisFlag::numDistinctApprox",2048,0.05,266080
MEAN,double,"AnalysisFlag::min, AnalysisFlag::max, AnalysisFlag::mean, AnalysisFlag::sparsity, AnalysisFlag::numDistinctApprox",2048,0.05,274413
MEAN,double,"AnalysisFlag::min, AnalysisFlag::max, AnalysisFlag::mean, AnalysisFlag::sparsity, AnalysisFlag::numDistinctApprox",2048,0.05,267883
MEAN,double,"AnalysisFlag::min, AnalysisFlag::max, AnalysisFlag::mean, AnalysisFlag::sparsity, AnalysisFlag::numDistinctApprox",2048,0.05,265271
MEAN,double,"AnalysisFlag::min, AnalysisFlag::max, AnalysisFlag::mean, AnalysisFlag::sparsity, AnalysisFlag::numDistinctApprox",2048,0.05,273375
MEAN,double,"AnalysisFlag::min, AnalysisFlag::max, AnalysisFlag::mean, AnalysisFlag::sparsity, AnalysisFlag::numDistinctApprox",2048,0.05,267110
MEAN,double,"AnalysisFlag::min, AnalysisFlag::max, AnalysisFlag::mean, AnalysisFlag::sparsity, AnalysisFlag::numDistinctApprox",2048,0.05,276013
MEAN,double,"AnalysisFlag::min, AnalysisFlag::max, AnalysisFlag::mean, AnalysisFlag::sparsity, AnalysisFlag::numDistinctApprox",4096,0.05,641746
MEAN,double,"AnalysisFlag::min, AnalysisFlag::max, AnalysisFlag::mean, AnalysisFlag::sparsity, AnalysisFlag::numDistinctApprox",4096,0.05,550875
MEAN,double,"AnalysisFlag::min, AnalysisFlag::max, AnalysisFlag::mean, AnalysisFlag::sparsity, AnalysisFlag::numDistinctApprox",4096,0.05,528041
MEAN,double,"AnalysisFlag::min, AnalysisFlag::max, AnalysisFlag::mean, AnalysisFlag::sparsity, AnalysisFlag::numDistinctApprox",4096,0.05,533260
MEAN,double,"AnalysisFlag::min, AnalysisFlag::max, AnalysisFlag::mean, AnalysisFlag::sparsity, AnalysisFlag::numDistinctApprox",4096,0.05,520364
MEAN,double,"AnalysisFlag::min, AnalysisFlag::max, AnalysisFlag::mean, AnalysisFlag::sparsity, AnalysisFlag::numDistinctApprox",4096,0.05,527670
MEAN,double,"AnalysisFlag::min, AnalysisFlag::max, AnalysisFlag::mean, AnalysisFlag::sparsity, AnalysisFlag::numDistinctApprox",4096,0.05,528072
MEAN,double,"AnalysisFlag::min, AnalysisFlag::max, AnalysisFlag::mean, AnalysisFlag::sparsity, AnalysisFlag::numDistinctApprox",4096,0.05,533457
MEAN,double,"AnalysisFlag::min, AnalysisFlag::max, AnalysisFlag::mean, AnalysisFlag::sparsity, AnalysisFlag::numDistinctApprox",4096,0.05,537067
MEAN,double,"AnalysisFlag::min, AnalysisFlag::max, AnalysisFlag::mean, AnalysisFlag::sparsity, AnalysisFlag::numDistinctApprox",4096,0.05,524899
MEAN,int64_t,"AnalysisFlag::min, AnalysisFlag::max, AnalysisFlag::mean, AnalysisFlag::sparsity, AnalysisFlag::numDistinctApprox",1024,0.05,51410
MEAN,int64_t,"AnalysisFlag::min, AnalysisFlag::max, AnalysisFlag::mean, AnalysisFlag::sparsity, AnalysisFlag::numDistinctApprox",1024,0.05,46733
MEAN,int64_t,"AnalysisFlag::min, AnalysisFlag::max, AnalysisFlag::mean, AnalysisFlag::sparsity, AnalysisFlag::numDistinctApprox",1024,0.05,37152
MEAN,int64_t,"AnalysisFlag::min, AnalysisFlag::max, AnalysisFlag::mean, AnalysisFlag::sparsity, AnalysisFlag::numDistinctApprox",1024,0.05,46158
MEAN,int64_t,"AnalysisFlag::min, AnalysisFlag::max, AnalysisFlag::mean, AnalysisFlag::sparsity, AnalysisFlag::numDistinctApprox",1024,0.05,46760
MEAN,int64_t,"AnalysisFlag::min, AnalysisFlag::max, AnalysisFlag::mean, AnalysisFlag::sparsity, AnalysisFlag::numDistinctApprox",1024,0.05,45786
MEAN,int64_t,"AnalysisFlag::min, AnalysisFlag::max, AnalysisFlag::mean, AnalysisFlag::sparsity, AnalysisFlag::numDistinctApprox",1024,0.05,36121
MEAN,int64_t,"AnalysisFlag::min, AnalysisFlag::max, AnalysisFlag::mean, AnalysisFlag::sparsity, AnalysisFlag::numDistinctApprox",1024,0.05,47407
MEAN,int64_t,"AnalysisFlag::min, AnalysisFlag::max, AnalysisFlag::mean, AnalysisFlag::sparsity, AnalysisFlag::numDistinctApprox",1024,0.05,46749
MEAN,int64_t,"AnalysisFlag::min, AnalysisFlag::max, AnalysisFlag::mean, AnalysisFlag::sparsity, AnalysisFlag::numDistinctApprox",1024,0.05,45693
MEAN,int64_t,"AnalysisFlag::min, AnalysisFlag::max, AnalysisFlag::mean, AnalysisFlag::sparsity, AnalysisFlag::numDistinctApprox",2048,0.05,105849
MEAN,int64_t,"AnalysisFlag::min, AnalysisFlag::max, AnalysisFlag::mean, AnalysisFlag::sparsity, AnalysisFlag::numDistinctApprox",2048,0.05,97974
MEAN,int64_t,"AnalysisFlag::min, AnalysisFlag::max, AnalysisFlag::mean, AnalysisFlag::sparsity, AnalysisFlag::numDistinctApprox",2048,0.05,102685
MEAN,int64_t,"AnalysisFlag::min, AnalysisFlag::max, AnalysisFlag::mean, AnalysisFlag::sparsity, AnalysisFlag::numDistinctApprox",2048,0.05,102562
MEAN,int64_t,"AnalysisFlag::min, AnalysisFlag::max, AnalysisFlag::mean, AnalysisFlag::sparsity, AnalysisFlag::numDistinctApprox",2048,0.05,100938
MEAN,int64_t,"AnalysisFlag::min, AnalysisFlag::max, AnalysisFlag::mean, AnalysisFlag::sparsity, AnalysisFlag::numDistinctApprox",2048,0.05,106992
MEAN,int64_t,"AnalysisFlag::min, AnalysisFlag::max, AnalysisFlag::mean, AnalysisFlag::sparsity, AnalysisFlag::numDistinctApprox",2048,0.05,102434
MEAN,int64_t,"AnalysisFlag::min, AnalysisFlag::max, AnalysisFlag::mean, AnalysisFlag::sparsity, AnalysisFlag::numDistinctApprox",2048,0.05,94141
MEAN,int64_t,"AnalysisFlag::min, AnalysisFlag::max, AnalysisFlag::mean, AnalysisFlag::sparsity, AnalysisFlag::numDistinctApprox",2048,0.05,90391
MEAN,int64_t,"AnalysisFlag::min, AnalysisFlag::max, AnalysisFlag::mean, AnalysisFlag::sparsity, AnalysisFlag::numDistinctApprox",2048,0.05,101399
MEAN,int64_t,"AnalysisFlag::min, AnalysisFlag::max, AnalysisFlag::mean, AnalysisFlag::sparsity, AnalysisFlag::numDistinctApprox",4096,0.05,284724
MEAN,int64_t,"AnalysisFlag::min, AnalysisFlag::max, AnalysisFlag::mean, AnalysisFlag::sparsity, AnalysisFlag::numDistinctApprox",4096,0.05,275261
MEAN,int64_t,"AnalysisFlag::min, AnalysisFlag::max, AnalysisFlag::mean, AnalysisFlag::sparsity, AnalysisFlag::numDistinctApprox",4096,0.05,274766
MEAN,int64_t,"AnalysisFlag::min, AnalysisFlag::max, AnalysisFlag::mean, AnalysisFlag::sparsity, AnalysisFlag::numDistinctApprox",4096,0.05,279660
MEAN,int64_t,"AnalysisFlag::min, AnalysisFlag::max, AnalysisFlag::mean, AnalysisFlag::sparsity, AnalysisFlag::numDistinctApprox",4096,0.05,275200
MEAN,int64_t,"AnalysisFlag::min, AnalysisFlag::max, AnalysisFlag::mean, AnalysisFlag::sparsity, AnalysisFlag::numDistinctApprox",4096,0.05,275764
MEAN,int64_t,"AnalysisFlag::min, AnalysisFlag::max, AnalysisFlag::mean, AnalysisFlag::sparsity, AnalysisFlag::numDistinctApprox",4096,0.05,274460
MEAN,int64_t,"AnalysisFlag::min, AnalysisFlag::max, AnalysisFlag::mean, AnalysisFlag::sparsity, AnalysisFlag::numDistinctApprox",4096,0.05,295478
MEAN,int64_t,"AnalysisFlag::min, AnalysisFlag::max, AnalysisFlag::mean, AnalysisFlag::sparsity, AnalysisFlag::numDistinctApprox",4096,0.05,279701
MEAN,int64_t,"AnalysisFlag::min, AnalysisFlag::max, AnalysisFlag::mean, AnalysisFlag::sparsity, AnalysisFlag::numDistinctApprox",4096,0.05,290766
MEAN,double,"AnalysisFlag::min, AnalysisFlag::max, AnalysisFlag::mean, AnalysisFlag::sparsity, AnalysisFlag::numDistinctApprox",1024,0.1,149751
MEAN,double,"AnalysisFlag::min, AnalysisFlag::max, AnalysisFlag::mean, AnalysisFlag::sparsity, AnalysisFlag::numDistinctApprox",1024,0.1,149397
MEAN,double,"AnalysisFlag::min, AnalysisFlag::max, AnalysisFlag::mean, AnalysisFlag::sparsity, AnalysisFlag::numDistinctApprox",1024,0.1,150226
MEAN,double,"AnalysisFlag::min, AnalysisFlag::max, AnalysisFlag::mean, AnalysisFlag::sparsity, AnalysisFlag::numDistinctApprox",1024,0.1,148709
MEAN,double,"AnalysisFlag::min, AnalysisFlag::max, AnalysisFlag::mean, AnalysisFlag::sparsity, AnalysisFlag::numDistinctApprox",1024,0.1,151350
MEAN,double,"AnalysisFlag::min, AnalysisFlag::max, AnalysisFlag::mean, AnalysisFlag::sparsity, AnalysisFlag::numDistinctApprox",1024,0.1,147095
MEAN,double,"AnalysisFlag::min, AnalysisFlag::max, AnalysisFlag::mean, AnalysisFlag::sparsity, AnalysisFlag::numDistinctApprox",1024,0.1,153092
MEAN,double,"AnalysisFlag::min, AnalysisFlag::max, AnalysisFlag::mean, AnalysisFlag::sparsity, AnalysisFlag::numDistinctApprox",1024,0.1,148940
MEAN,double,"AnalysisFlag::min, AnalysisFlag::max, AnalysisFlag::mean, AnalysisFlag::sparsity, AnalysisFlag::numDistinctApprox",1024,0.1,147355
MEAN,double,"AnalysisFlag::min, AnalysisFlag::max, AnalysisFlag::mean, AnalysisFlag::sparsity, AnalysisFlag::numDistinctApprox",1024,0.1,150940
MEAN,double,"AnalysisFlag::min, AnalysisFlag::max, AnalysisFlag::mean, AnalysisFlag::sparsity, AnalysisFlag::numDistinctApprox",2048,0.1,309721
MEAN,double,"AnalysisFlag::min, AnalysisFlag::max, AnalysisFlag::mean, AnalysisFlag::sparsity, AnalysisFlag::numDistinctApprox",2048,0.1,307880
MEAN,double,"AnalysisFlag::min, AnalysisFlag::max, AnalysisFlag::mean, AnalysisFlag::sparsity, AnalysisFlag::numDistinctApprox",2048,0.1,319258
MEAN,double,"AnalysisFlag::min, AnalysisFlag::max, AnalysisFlag::mean, AnalysisFlag::sparsity, AnalysisFlag::numDistinctApprox",2048,0.1,311706
MEAN,double,"AnalysisFlag::min, AnalysisFlag::max, AnalysisFlag::mean, AnalysisFlag::sparsity, AnalysisFlag::numDistinctApprox",2048,0.1,314500
MEAN,double,"AnalysisFlag::min, AnalysisFlag::max, AnalysisFlag::mean, AnalysisFlag::sparsity, AnalysisFlag::numDistinctApprox",2048,0.1,304974
MEAN,double,"AnalysisFlag::min, AnalysisFlag::max, AnalysisFlag::mean, AnalysisFlag::sparsity, AnalysisFlag::numDistinctApprox",2048,0.1,312281
MEAN,double,"AnalysisFlag::min, AnalysisFlag::max, AnalysisFlag::mean, AnalysisFlag::sparsity, AnalysisFlag::numDistinctApprox",2048,0.1,305485
MEAN,double,"AnalysisFlag::min, AnalysisFlag::max, AnalysisFlag::mean, AnalysisFlag::sparsity, AnalysisFlag::numDistinctApprox",2048,0.1,303830
MEAN,double,"AnalysisFlag::min, AnalysisFlag::max, AnalysisFlag::mean, AnalysisFlag::sparsity, AnalysisFlag::numDistinctApprox",2048,0.1,314778
MEAN,double,"AnalysisFlag::min, AnalysisFlag::max, AnalysisFlag::mean, AnalysisFlag::sparsity, AnalysisFlag::numDistinctApprox",4096,0.1,936308
MEAN,double,"AnalysisFlag::min, AnalysisFlag::max, AnalysisFlag::mean, AnalysisFlag::sparsity, AnalysisFlag::numDistinctApprox",4096,0.1,1.00007e+06
MEAN,double,"AnalysisFlag::min, AnalysisFlag::max, AnalysisFlag::mean, AnalysisFlag::sparsity, AnalysisFlag::numDistinctApprox",4096,0.1,970770
MEAN,double,"AnalysisFlag::min, AnalysisFlag::max, AnalysisFlag::mean, AnalysisFlag::sparsity, AnalysisFlag::numDistinctApprox",4096,0.1,927676
MEAN,double,"AnalysisFlag::min, AnalysisFlag::max, AnalysisFlag::mean, AnalysisFlag::sparsity, AnalysisFlag::numDistinctApprox",4096,0.1,938916
MEAN,double,"AnalysisFlag::min, AnalysisFlag::max, AnalysisFlag::mean, AnalysisFlag::sparsity, AnalysisFlag::numDistinctApprox",4096,0.1,917950
MEAN,double,"AnalysisFlag::min, AnalysisFlag::max, AnalysisFlag::mean, AnalysisFlag::sparsity, AnalysisFlag::numDistinctApprox",4096,0.1,909994
MEAN,double,"AnalysisFlag::min, AnalysisFlag::max, AnalysisFlag::mean, AnalysisFlag::sparsity, AnalysisFlag::numDistinctApprox",4096,0.1,912330
MEAN,double,"AnalysisFlag::min, AnalysisFlag::max, AnalysisFlag::mean, AnalysisFlag::sparsity, AnalysisFlag::numDistinctApprox",4096,0.1,922599
MEAN,double,"AnalysisFlag::min, AnalysisFlag::max, AnalysisFlag::mean, AnalysisFlag::sparsity, AnalysisFlag::numDistinctApprox",4096,0.1,911081
MEAN,int64_t,"AnalysisFlag::min, AnalysisFlag::max, AnalysisFlag::mean, AnalysisFlag::sparsity, AnalysisFlag::numDistinctApprox",1024,0.1,60976
MEAN,int64_t,"AnalysisFlag::min, AnalysisFlag::max, AnalysisFlag::mean, AnalysisFlag::sparsity, AnalysisFlag::numDistinctApprox",1024,0.1,54853
MEAN,int64_t,"AnalysisFlag::min, AnalysisFlag::max, AnalysisFlag::mean, AnalysisFlag::sparsity, AnalysisFlag::numDistinctApprox",1024,0.1,53183
MEAN,int64_t,"AnalysisFlag::min, AnalysisFlag::max, AnalysisFlag::mean, AnalysisFlag::sparsity, AnalysisFlag::numDistinctApprox",1024,0.1,54622
MEAN,int64_t,"AnalysisFlag::min, AnalysisFlag::max, AnalysisFlag::mean, AnalysisFlag::sparsity, AnalysisFlag::numDistinctApprox",1024,0.1,54658
MEAN,int64_t,"AnalysisFlag::min, AnalysisFlag::max, AnalysisFlag::mean, AnalysisFlag::sparsity, AnalysisFlag::numDistinctApprox",1024,0.1,53439
MEAN,int64_t,"AnalysisFlag::min, AnalysisFlag::max, AnalysisFlag::mean, AnalysisFlag::sparsity, AnalysisFlag::numDistinctApprox",1024,0.1,53187
MEAN,int64_t,"AnalysisFlag::min, AnalysisFlag::max, AnalysisFlag::mean, AnalysisFlag::sparsity, AnalysisFlag::numDistinctApprox",1024,0.1,54341
MEAN,int64_t,"AnalysisFlag::min, AnalysisFlag::max, AnalysisFlag::mean, AnalysisFlag::sparsity, AnalysisFlag::numDistinctApprox",1024,0.1,54642
MEAN,int64_t,"AnalysisFlag::min, AnalysisFlag::max, AnalysisFlag::mean, AnalysisFlag::sparsity, AnalysisFlag::numDistinctApprox",1024,0.1,54033
MEAN,int64_t,"AnalysisFlag::min, AnalysisFlag::max, AnalysisFlag::mean, AnalysisFlag::sparsity, AnalysisFlag::numDistinctApprox",2048,0.1,161733
MEAN,int64_t,"AnalysisFlag::min, AnalysisFlag::max, AnalysisFlag::mean, AnalysisFlag::sparsity, AnalysisFlag::numDistinctApprox",2048,0.1,134090
MEAN,int64_t,"AnalysisFlag::min, AnalysisFlag::max, AnalysisFlag::mean, AnalysisFlag::sparsity, AnalysisFlag::numDistinctApprox",2048,0.1,112894
MEAN,int64_t,"AnalysisFlag::min, AnalysisFlag::max, AnalysisFlag::mean, AnalysisFlag::sparsity, AnalysisFlag::numDistinctApprox",2048,0.1,133814
MEAN,int64_t,"AnalysisFlag::min, AnalysisFlag::max, AnalysisFlag::mean, AnalysisFlag::sparsity, AnalysisFlag::numDistinctApprox",2048,0.1,134448
MEAN,int64_t,"AnalysisFlag::min, AnalysisFlag::max, AnalysisFlag::mean, AnalysisFlag::sparsity, AnalysisFlag::numDistinctApprox",2048,0.1,133635
MEAN,int64_t,"AnalysisFlag::min, AnalysisFlag::max, AnalysisFlag::mean, AnalysisFlag::sparsity, AnalysisFlag::numDistinctApprox",2048,0.1,132372
MEAN,int64_t,"AnalysisFlag::min, AnalysisFlag::max, AnalysisFlag::mean, AnalysisFlag::sparsity, AnalysisFlag::numDistinctApprox",2048,0.1,132734
MEAN,int64_t,"AnalysisFlag::min, AnalysisFlag::max, AnalysisFlag::mean, AnalysisFlag::sparsity, AnalysisFlag::numDistinctApprox",2048,0.1,133054
MEAN,int64_t,"AnalysisFlag::min, AnalysisFlag::max, AnalysisFlag::mean, AnalysisFlag::sparsity, AnalysisFlag::numDistinctApprox",2048,0.1,132384
MEAN,int64_t,"AnalysisFlag::min, AnalysisFlag::max, AnalysisFlag::mean, AnalysisFlag::sparsity, AnalysisFlag::numDistinctApprox",4096,0.1,642418
MEAN,int64_t,"AnalysisFlag::min, AnalysisFlag::max, AnalysisFlag::mean, AnalysisFlag::sparsity, AnalysisFlag::numDistinctApprox",4096,0.1,699632
MEAN,int64_t,"AnalysisFlag::min, AnalysisFlag::max, AnalysisFlag::mean, AnalysisFlag::sparsity, AnalysisFlag::numDistinctApprox",4096,0.1,675560
MEAN,int64_t,"AnalysisFlag::min, AnalysisFlag::max, AnalysisFlag::mean, AnalysisFlag::sparsity, AnalysisFlag::numDistinctApprox",4096,0.1,689881
MEAN,int64_t,"AnalysisFlag::min, AnalysisFlag::max, AnalysisFlag::mean, AnalysisFlag::sparsity, AnalysisFlag::numDistinctApprox",4096,0.1,675953
MEAN,int64_t,"AnalysisFlag::min, AnalysisFlag::max, AnalysisFlag::mean, AnalysisFlag::sparsity, AnalysisFlag::numDistinctApprox",4096,0.1,700606
MEAN,int64_t,"AnalysisFlag::min, AnalysisFlag::max, AnalysisFlag::mean, AnalysisFlag::sparsity, AnalysisFlag::numDistinctApprox",4096,0.1,634179
MEAN,int64_t,"AnalysisFlag::min, AnalysisFlag::max, AnalysisFlag::mean, AnalysisFlag::sparsity, AnalysisFlag::numDistinctApprox",4096,0.1,650793
MEAN,int64_t,"AnalysisFlag::min, AnalysisFlag::max, AnalysisFlag::mean, AnalysisFlag::sparsity, AnalysisFlag::numDistinctApprox",4096,0.1,662722
MEAN,int64_t,"AnalysisFlag::min, AnalysisFlag::max, AnalysisFlag::mean, AnalysisFlag::sparsity, AnalysisFlag::numDistinctApprox",4096,0.1,666356
MEAN,double,"AnalysisFlag::min, AnalysisFlag::max, AnalysisFlag::mean, AnalysisFlag::sparsity, AnalysisFlag::numDistinctApprox",1024,0.2,179842
MEAN,double,"AnalysisFlag::min, AnalysisFlag::max, AnalysisFlag::mean, AnalysisFlag::sparsity, AnalysisFlag::numDistinctApprox",1024,0.2,177997
MEAN,double,"AnalysisFlag::min, AnalysisFlag::max, AnalysisFlag::mean, AnalysisFlag::sparsity, AnalysisFlag::numDistinctApprox",1024,0.2,174607
MEAN,double,"AnalysisFlag::min, AnalysisFlag::max, AnalysisFlag::mean, AnalysisFlag::sparsity, AnalysisFlag::numDistinctApprox",1024,0.2,167798
MEAN,double,"AnalysisFlag::min, AnalysisFlag::max, AnalysisFlag::mean, AnalysisFlag::sparsity, AnalysisFlag::numDistinctApprox",1024,0.2,172265
MEAN,double,"AnalysisFlag::min, AnalysisFlag::max, AnalysisFlag::mean, AnalysisFlag::sparsity, AnalysisFlag::numDistinctApprox",1024,0.2,171476
MEAN,double,"AnalysisFlag::min, AnalysisFlag::max, AnalysisFlag::mean, AnalysisFlag::sparsity, AnalysisFlag::numDistinctApprox",1024,0.2,170146
MEAN,double,"AnalysisFlag::min, AnalysisFlag::max, AnalysisFlag::mean, AnalysisFlag::sparsity, AnalysisFlag::numDistinctApprox",1024,0.2,173061
MEAN,double,"AnalysisFlag::min, AnalysisFlag::max, AnalysisFlag::mean, AnalysisFlag::sparsity, AnalysisFlag::numDistinctApprox",1024,0.2,170931
MEAN,double,"AnalysisFlag::min, AnalysisFlag::max, AnalysisFlag::mean, AnalysisFlag::sparsity, AnalysisFlag::numDistinctApprox",1024,0.2,170565
MEAN,double,"AnalysisFlag::min, AnalysisFlag::max, AnalysisFlag::mean, AnalysisFlag::sparsity, AnalysisFlag::numDistinctApprox",2048,0.2,491265
MEAN,double,"AnalysisFlag::min, AnalysisFlag::max, AnalysisFlag::mean, AnalysisFlag::sparsity, AnalysisFlag::numDistinctApprox",2048,0.2,420044
MEAN,double,"AnalysisFlag::min, AnalysisFlag::max, AnalysisFlag::mean, AnalysisFlag::sparsity, AnalysisFlag::numDistinctApprox",2048,0.2,408416
MEAN,double,"AnalysisFlag::min, AnalysisFlag::max, AnalysisFlag::mean, AnalysisFlag::sparsity, AnalysisFlag::numDistinctApprox",2048,0.2,400353
MEAN,double,"AnalysisFlag::min, AnalysisFlag::max, AnalysisFlag::mean, AnalysisFlag::sparsity, AnalysisFlag::numDistinctApprox",2048,0.2,402630
MEAN,double,"AnalysisFlag::min, AnalysisFlag::max, AnalysisFlag::mean, AnalysisFlag::sparsity, AnalysisFlag::numDistinctApprox",2048,0.2,401248
MEAN,double,"AnalysisFlag::min, AnalysisFlag::max, AnalysisFlag::mean, AnalysisFlag::sparsity, AnalysisFlag::numDistinctApprox",2048,0.2,406805
MEAN,double,"AnalysisFlag::min, AnalysisFlag::max, AnalysisFlag::mean, AnalysisFlag::sparsity, AnalysisFlag::numDistinctApprox",2048,0.2,417002
MEAN,double,"AnalysisFlag::min, AnalysisFlag::max, AnalysisFlag::mean, AnalysisFlag::sparsity, AnalysisFlag::numDistinctApprox",2048,0.2,405592
MEAN,double,"AnalysisFlag::min, AnalysisFlag::max, AnalysisFlag::mean, AnalysisFlag::sparsity, AnalysisFlag::numDistinctApprox",2048,0.2,407221
MEAN,double,"AnalysisFlag::min, AnalysisFlag::max, AnalysisFlag::mean, AnalysisFlag::sparsity, AnalysisFlag::numDistinctApprox",4096,0.2,1.75134e+06
MEAN,double,"AnalysisFlag::min, AnalysisFlag::max, AnalysisFlag::mean, AnalysisFlag::sparsity, AnalysisFlag::numDistinctApprox",4096,0.2,1.81276e+06
MEAN,double,"AnalysisFlag::min, AnalysisFlag::max, AnalysisFlag::mean, AnalysisFlag::sparsity, AnalysisFlag::numDistinctApprox",4096,0.2,1.75597e+06
MEAN,double,"AnalysisFlag::min, AnalysisFlag::max, AnalysisFlag::mean, AnalysisFlag::sparsity, AnalysisFlag::numDistinctApprox",4096,0.2,1.77712e+06
MEAN,double,"AnalysisFlag::min, AnalysisFlag::max, AnalysisFlag::mean, AnalysisFlag::sparsity, AnalysisFlag::numDistinctApprox",4096,0.2,1.74511e+06
MEAN,double,"AnalysisFlag::min, AnalysisFlag::max, AnalysisFlag::mean, AnalysisFlag::sparsity, AnalysisFlag::numDistinctApprox",4096,0.2,1.77112e+06
MEAN,double,"AnalysisFlag::min, AnalysisFlag::max, AnalysisFlag::mean, AnalysisFlag::sparsity, AnalysisFlag::numDistinctApprox",4096,0.2,1.74612e+06
MEAN,double,"AnalysisFlag::min, AnalysisFlag::max, AnalysisFlag::mean, AnalysisFlag::sparsity, AnalysisFlag::numDistinctApprox",4096,0.2,1.75718e+06
MEAN,double,"AnalysisFlag::min, AnalysisFlag::max, AnalysisFlag::mean, AnalysisFlag::sparsity, AnalysisFlag::numDistinctApprox",4096,0.2,1.75345e+06
MEAN,double,"AnalysisFlag::min, AnalysisFlag::max, AnalysisFlag::mean, AnalysisFlag::sparsity, AnalysisFlag::numDistinctApprox",4096,0.2,1.77341e+06
MEAN,int64_t,"AnalysisFlag::min, AnalysisFlag::max, AnalysisFlag::mean, AnalysisFlag::sparsity, AnalysisFlag::numDistinctApprox",1024,0.2,90668
MEAN,int64_t,"AnalysisFlag::min, AnalysisFlag::max, AnalysisFlag::mean, AnalysisFlag::sparsity, AnalysisFlag::numDistinctApprox",1024,0.2,69620
MEAN,int64_t,"AnalysisFlag::min, AnalysisFlag::max, AnalysisFlag::mean, AnalysisFlag::sparsity, AnalysisFlag::numDistinctApprox",1024,0.2,73114
MEAN,int64_t,"AnalysisFlag::min, AnalysisFlag::max, AnalysisFlag::mean, AnalysisFlag::sparsity, AnalysisFlag::numDistinctApprox",1024,0.2,72253
MEAN,int64_t,"AnalysisFlag::min, AnalysisFlag::max, AnalysisFlag::mean, AnalysisFlag::sparsity, AnalysisFlag::numDistinctApprox",1024,0.2,72306
MEAN,int64_t,"AnalysisFlag::min, AnalysisFlag::max, AnalysisFlag::mean, AnalysisFlag::sparsity, AnalysisFlag::numDistinctApprox",1024,0.2,70974
MEAN,int64_t,"AnalysisFlag::min, AnalysisFlag::max, AnalysisFlag::mean, AnalysisFlag::sparsity, AnalysisFlag::numDistinctApprox",1024,0.2,71954
MEAN,int64_t,"AnalysisFlag::min, AnalysisFlag::max, AnalysisFlag::mean, AnalysisFlag::sparsity, AnalysisFlag::numDistinctApprox",1024,0.2,67403
MEAN,int64_t,"AnalysisFlag::min, AnalysisFlag::max, AnalysisFlag::mean, AnalysisFlag::sparsity, AnalysisFlag::numDistinctApprox",1024,0.2,71758
MEAN,int64_t,"AnalysisFlag::min, AnalysisFlag::max, AnalysisFlag::mean, AnalysisFlag::sparsity, AnalysisFlag::numDistinctApprox",1024,0.2,66166
MEAN,int64_t,"AnalysisFlag::min, AnalysisFlag::max, AnalysisFlag::mean, AnalysisFlag::sparsity, AnalysisFlag::numDistinctApprox",2048,0.2,360677
MEAN,int64_t,"AnalysisFlag::min, AnalysisFlag::max, AnalysisFlag::mean, AnalysisFlag::sparsity, AnalysisFlag::numDistinctApprox",2048,0.2,245670
MEAN,int64_t,"AnalysisFlag::min, AnalysisFlag::max, AnalysisFlag::mean, AnalysisFlag::sparsity, AnalysisFlag::numDistinctApprox",2048,0.2,231911
MEAN,int64_t,"AnalysisFlag::min, AnalysisFlag::max, AnalysisFlag::mean, AnalysisFlag::sparsity, AnalysisFlag::numDistinctApprox",2048,0.2,230547
MEAN,int64_t,"AnalysisFlag::min, AnalysisFlag::max, AnalysisFlag::mean, AnalysisFlag::sparsity, AnalysisFlag::numDistinctApprox",2048,0.2,228470
MEAN,int64_t,"AnalysisFlag::min, AnalysisFlag::max, AnalysisFlag::mean, AnalysisFlag::sparsity, AnalysisFlag::numDistinctApprox",2048,0.2,243124
MEAN,int64_t,"AnalysisFlag::min, AnalysisFlag::max, AnalysisFlag::mean, AnalysisFlag::sparsity, AnalysisFlag::numDistinctApprox",2048,0.2,232387
MEAN,int64_t,"AnalysisFlag::min, AnalysisFlag::max, AnalysisFlag::mean, AnalysisFlag::sparsity, AnalysisFlag::numDistinctApprox",2048,0.2,231075
MEAN,int64_t,"AnalysisFlag::min, AnalysisFlag::max, AnalysisFlag::mean, AnalysisFlag::sparsity, AnalysisFlag::numDistinctApprox",2048,0.2,233262
MEAN,int64_t,"AnalysisFlag::min, AnalysisFlag::max, AnalysisFlag::mean, AnalysisFlag::sparsity, AnalysisFlag::numDistinctApprox",2048,0.2,229374
MEAN,int64_t,"AnalysisFlag::min, AnalysisFlag::max, AnalysisFlag::mean, AnalysisFlag::sparsity, AnalysisFlag::numDistinctApprox",4096,0.2,1.49123e+06
MEAN,int64_t,"AnalysisFlag::min, AnalysisFlag::max, AnalysisFlag::mean, AnalysisFlag::sparsity, AnalysisFlag::numDistinctApprox",4096,0.2,1.51649e+06
MEAN,int64_t,"AnalysisFlag::min, AnalysisFlag::max, AnalysisFlag::mean, AnalysisFlag::sparsity, AnalysisFlag::numDistinctApprox",4096,0.2,1.49374e+06
MEAN,int64_t,"AnalysisFlag::min, AnalysisFlag::max, AnalysisFlag::mean, AnalysisFlag::sparsity, AnalysisFlag::numDistinctApprox",4096,0.2,1.51926e+06
MEAN,int64_t,"AnalysisFlag::min, AnalysisFlag::max, AnalysisFlag::mean, AnalysisFlag::sparsity, AnalysisFlag::numDistinctApprox",4096,0.2,1.44107e+06
MEAN,int64_t,"AnalysisFlag::min, AnalysisFlag::max, AnalysisFlag::mean, AnalysisFlag::sparsity, AnalysisFlag::numDistinctApprox",4096,0.2,1.48016e+06
MEAN,int64_t,"AnalysisFlag::min, AnalysisFlag::max, AnalysisFlag::mean, AnalysisFlag::sparsity, AnalysisFlag::numDistinctApprox",4096,0.2,1.47596e+06
MEAN,int64_t,"AnalysisFlag::min, AnalysisFlag::max, AnalysisFlag::mean, AnalysisFlag::sparsity, AnalysisFlag::numDistinctApprox",4096,0.2,1.45688e+06
MEAN,int64_t,"AnalysisFlag::min, AnalysisFlag::max, AnalysisFlag::mean, AnalysisFlag::sparsity, AnalysisFlag::numDistinctApprox",4096,0.2,1.4435e+06
MEAN,int64_t,"AnalysisFlag::min, AnalysisFlag::max, AnalysisFlag::mean, AnalysisFlag::sparsity, AnalysisFlag::numDistinctApprox",4096,0.2,1.50394e+06
MEAN,double,"AnalysisFlag::min, AnalysisFlag::max, AnalysisFlag::mean, AnalysisFlag::sparsity, AnalysisFlag::numDistinctApprox",1024,0.25,1.40318e+06
MEAN,double,"AnalysisFlag::min, AnalysisFlag::max, AnalysisFlag::mean, AnalysisFlag::sparsity, AnalysisFlag::numDistinctApprox",1024,0.25,1.39734e+06
MEAN,double,"AnalysisFlag::min, AnalysisFlag::max, AnalysisFlag::mean, AnalysisFlag::sparsity, AnalysisFlag::numDistinctApprox",1024,0.25,1.39702e+06
MEAN,double,"AnalysisFlag::min, AnalysisFlag::max, AnalysisFlag::mean, AnalysisFlag::sparsity, AnalysisFlag::numDistinctApprox",1024,0.25,1.39539e+06
MEAN,double,"AnalysisFlag::min, AnalysisFlag::max, AnalysisFlag::mean, AnalysisFlag::sparsity, AnalysisFlag::numDistinctApprox",1024,0.25,1.39421e+06
MEAN,double,"AnalysisFlag::min, AnalysisFlag::max, AnalysisFlag::mean, AnalysisFlag::sparsity, AnalysisFlag::numDistinctApprox",1024,0.25,1.3988e+06
MEAN,double,"AnalysisFlag::min, AnalysisFlag::max, AnalysisFlag::mean, AnalysisFlag::sparsity, AnalysisFlag::numDistinctApprox",1024,0.25,1.39467e+06
MEAN,double,"AnalysisFlag::min, AnalysisFlag::max, AnalysisFlag::mean, AnalysisFlag::sparsity, AnalysisFlag::numDistinctApprox",1024,0.25,1.39503e+06
MEAN,double,"AnalysisFlag::min, AnalysisFlag::max, AnalysisFlag::mean, AnalysisFlag::sparsity, AnalysisFlag::numDistinctApprox",1024,0.25,1.39466e+06
MEAN,double,"AnalysisFlag::min, AnalysisFlag::max, AnalysisFlag::mean, AnalysisFlag::sparsity, AnalysisFlag::numDistinctApprox",1024,0.25,1.39715e+06
MEAN,double,"AnalysisFlag::min, AnalysisFlag::max, AnalysisFlag::mean, AnalysisFlag::sparsity, AnalysisFlag::numDistinctApprox",2048,0.25,5.37478e+06
MEAN,double,"AnalysisFlag::min, AnalysisFlag::max, AnalysisFlag::mean, AnalysisFlag::sparsity, AnalysisFlag::numDistinctApprox",2048,0.25,5.37896e+06
MEAN,double,"AnalysisFlag::min, AnalysisFlag::max, AnalysisFlag::mean, AnalysisFlag::sparsity, AnalysisFlag::numDistinctApprox",2048,0.25,5.37364e+06
MEAN,double,"AnalysisFlag::min, AnalysisFlag::max, AnalysisFlag::mean, AnalysisFlag::sparsity, AnalysisFlag::numDistinctApprox",2048,0.25,5.38448e+06
MEAN,double,"AnalysisFlag::min, AnalysisFlag::max, AnalysisFlag::mean, AnalysisFlag::sparsity, AnalysisFlag::numDistinctApprox",2048,0.25,5.37083e+06
MEAN,double,"AnalysisFlag::min, AnalysisFlag::max, AnalysisFlag::mean, AnalysisFlag::sparsity, AnalysisFlag::numDistinctApprox",2048,0.25,5.38421e+06
MEAN,double,"AnalysisFlag::min, AnalysisFlag::max, AnalysisFlag::mean, AnalysisFlag::sparsity, AnalysisFlag::numDistinctApprox",2048,0.25,5.38067e+06
MEAN,double,"AnalysisFlag::min, AnalysisFlag::max, AnalysisFlag::mean, AnalysisFlag::sparsity, AnalysisFlag::numDistinctApprox",2048,0.25,5.37676e+06
MEAN,double,"AnalysisFlag::min, AnalysisFlag::max, AnalysisFlag::mean, AnalysisFlag::sparsity, AnalysisFlag::numDistinctApprox",2048,0.25,5.37575e+06
MEAN,double,"AnalysisFlag::min, AnalysisFlag::max, AnalysisFlag::mean, AnalysisFlag::sparsity, AnalysisFlag::numDistinctApprox",2048,0.25,5.37341e+06
MEAN,double,"AnalysisFlag::min, AnalysisFlag::max, AnalysisFlag::mean, AnalysisFlag::sparsity, AnalysisFlag::numDistinctApprox",4096,0.25,2.09853e+07
MEAN,double,"AnalysisFlag::min, AnalysisFlag::max, AnalysisFlag::mean, AnalysisFlag::sparsity, AnalysisFlag::numDistinctApprox",4096,0.25,2.10122e+07
MEAN,double,"AnalysisFlag::min, AnalysisFlag::max, AnalysisFlag::mean, AnalysisFlag::sparsity, AnalysisFlag::numDistinctApprox",4096,0.25,2.10138e+07
MEAN,double,"AnalysisFlag::min, AnalysisFlag::max, AnalysisFlag::mean, AnalysisFlag::sparsity, AnalysisFlag::numDistinctApprox",4096,0.25,2.09903e+07
MEAN,double,"AnalysisFlag::min, AnalysisFlag::max, AnalysisFlag::mean, AnalysisFlag::sparsity, AnalysisFlag::numDistinctApprox",4096,0.25,2.10099e+07
MEAN,double,"AnalysisFlag::min, AnalysisFlag::max, AnalysisFlag::mean, AnalysisFlag::sparsity, AnalysisFlag::numDistinctApprox",4096,0.25,2.10068e+07
MEAN,double,"AnalysisFlag::min, AnalysisFlag::max, AnalysisFlag::mean, AnalysisFlag::sparsity, AnalysisFlag::numDistinctApprox",4096,0.25,2.10094e+07
MEAN,double,"AnalysisFlag::min, AnalysisFlag::max, AnalysisFlag::mean, AnalysisFlag::sparsity, AnalysisFlag::numDistinctApprox",4096,0.25,2.10074e+07
MEAN,double,"AnalysisFlag::min, AnalysisFlag::max, AnalysisFlag::mean, AnalysisFlag::sparsity, AnalysisFlag::numDistinctApprox",4096,0.25,2.10027e+07
MEAN,double,"AnalysisFlag::min, AnalysisFlag::max, AnalysisFlag::mean, AnalysisFlag::sparsity, AnalysisFlag::numDistinctApprox",4096,0.25,2.10054e+07
MEAN,int64_t,"AnalysisFlag::min, AnalysisFlag::max, AnalysisFlag::mean, AnalysisFlag::sparsity, AnalysisFlag::numDistinctApprox",1024,0.25,1.32804e+06
MEAN,int64_t,"AnalysisFlag::min, AnalysisFlag::max, AnalysisFlag::mean, AnalysisFlag::sparsity, AnalysisFlag::numDistinctApprox",1024,0.25,1.31312e+06
MEAN,int64_t,"AnalysisFlag::min, AnalysisFlag::max, AnalysisFlag::mean, AnalysisFlag::sparsity, AnalysisFlag::numDistinctApprox",1024,0.25,1.31485e+06
MEAN,int64_t,"AnalysisFlag::min, AnalysisFlag::max, AnalysisFlag::mean, AnalysisFlag::sparsity, AnalysisFlag::numDistinctApprox",1024,0.25,1.31126e+06
MEAN,int64_t,"AnalysisFlag::min, AnalysisFlag::max, AnalysisFlag::mean, AnalysisFlag::sparsity, AnalysisFlag::numDistinctApprox",1024,0.25,1.31562e+06
MEAN,int64_t,"AnalysisFlag::min, AnalysisFlag::max, AnalysisFlag::mean, AnalysisFlag::sparsity, AnalysisFlag::numDistinctApprox",1024,0.25,1.2465e+06
MEAN,int64_t,"AnalysisFlag::min, AnalysisFlag::max, AnalysisFlag::mean, AnalysisFlag::sparsity, AnalysisFlag::numDistinctApprox",1024,0.25,1.31103e+06
MEAN,int64_t,"AnalysisFlag::min, AnalysisFlag::max, AnalysisFlag::mean, AnalysisFlag::sparsity, AnalysisFlag::numDistinctApprox",1024,0.25,1.3155e+06
MEAN,int64_t,"AnalysisFlag::min, AnalysisFlag::max, AnalysisFlag::mean, AnalysisFlag::sparsity, AnalysisFlag::numDistinctApprox",1024,0.25,1.31402e+06
MEAN,int64_t,"AnalysisFlag::min, AnalysisFlag::max, AnalysisFlag::mean, AnalysisFlag::sparsity, AnalysisFlag::numDistinctApprox",1024,0.25,1.31418e+06
MEAN,int64_t,"AnalysisFlag::min, AnalysisFlag::max, AnalysisFlag::mean, AnalysisFlag::sparsity, AnalysisFlag::numDistinctApprox",2048,0.25,5.23256e+06
MEAN,int64_t,"AnalysisFlag::min, AnalysisFlag::max, AnalysisFlag::mean, AnalysisFlag::sparsity, AnalysisFlag::numDistinctApprox",2048,0.25,5.22711e+06
MEAN,int64_t,"AnalysisFlag::min, AnalysisFlag::max, AnalysisFlag::mean, AnalysisFlag::sparsity, AnalysisFlag::numDistinctApprox",2048,0.25,5.22963e+06
MEAN,int64_t,"AnalysisFlag::min, AnalysisFlag::max, AnalysisFlag::mean, AnalysisFlag::sparsity, AnalysisFlag::numDistinctApprox",2048,0.25,5.22983e+06
MEAN,int64_t,"AnalysisFlag::min, AnalysisFlag::max, AnalysisFlag::mean, AnalysisFlag::sparsity, AnalysisFlag::numDistinctApprox",2048,0.25,5.23771e+06
MEAN,int64_t,"AnalysisFlag::min, AnalysisFlag::max, AnalysisFlag::mean, AnalysisFlag::sparsity, AnalysisFlag::numDistinctApprox",2048,0.25,5.23604e+06
MEAN,int64_t,"AnalysisFlag::min, AnalysisFlag::max, AnalysisFlag::mean, AnalysisFlag::sparsity, AnalysisFlag::numDistinctApprox",2048,0.25,5.23458e+06
MEAN,int64_t,"AnalysisFlag::min, AnalysisFlag::max, AnalysisFlag::mean, AnalysisFlag::sparsity, AnalysisFlag::numDistinctApprox",2048,0.25,5.23299e+06
MEAN,int64_t,"AnalysisFlag::min, AnalysisFlag::max, AnalysisFlag::mean, AnalysisFlag::sparsity, AnalysisFlag::numDistinctApprox",2048,0.25,5.23181e+06
MEAN,int64_t,"AnalysisFlag::min, AnalysisFlag::max, AnalysisFlag::mean, AnalysisFlag::sparsity, AnalysisFlag::numDistinctApprox",2048,0.25,5.23891e+06
MEAN,int64_t,"AnalysisFlag::min, AnalysisFlag::max, AnalysisFlag::mean, AnalysisFlag::sparsity, AnalysisFlag::numDistinctApprox",4096,0.25,2.07445e+07
MEAN,int64_t,"AnalysisFlag::min, AnalysisFlag::max, AnalysisFlag::mean, AnalysisFlag::sparsity, AnalysisFlag::numDistinctApprox",4096,0.25,2.07781e+07
MEAN,int64_t,"AnalysisFlag::min, AnalysisFlag::max, AnalysisFlag::mean, AnalysisFlag::sparsity, AnalysisFlag::numDistinctApprox",4096,0.25,2.0788e+07
MEAN,int64_t,"AnalysisFlag::min, AnalysisFlag::max, AnalysisFlag::mean, AnalysisFlag::sparsity, AnalysisFlag::numDistinctApprox",4096,0.25,2.07657e+07
MEAN,int64_t,"AnalysisFlag::min, AnalysisFlag::max, AnalysisFlag::mean, AnalysisFlag::sparsity, AnalysisFlag::numDistinctApprox",4096,0.25,2.08057e+07
MEAN,int64_t,"AnalysisFlag::min, AnalysisFlag::max, AnalysisFlag::mean, AnalysisFlag::sparsity, AnalysisFlag::numDistinctApprox",4096,0.25,2.08131e+07
MEAN,int64_t,"AnalysisFlag::min, AnalysisFlag::max, AnalysisFlag::mean, AnalysisFlag::sparsity, AnalysisFlag::numDistinctApprox",4096,0.25,2.07557e+07
MEAN,int64_t,"AnalysisFlag::min, AnalysisFlag::max, AnalysisFlag::mean, AnalysisFlag::sparsity, AnalysisFlag::numDistinctApprox",4096,0.25,2.08024e+07
MEAN,int64_t,"AnalysisFlag::min, AnalysisFlag::max, AnalysisFlag::mean, AnalysisFlag::sparsity, AnalysisFlag::numDistinctApprox",4096,0.25,2.0802e+07
MEAN,int64_t,"AnalysisFlag::min, AnalysisFlag::max, AnalysisFlag::mean, AnalysisFlag::sparsity, AnalysisFlag::numDistinctApprox",4096,0.25,2.08063e+07
MEAN,double,"AnalysisFlag::min, AnalysisFlag::max, AnalysisFlag::mean, AnalysisFlag::sparsity, AnalysisFlag::numDistinctApprox",1024,1,1.46257e+06
MEAN,double,"AnalysisFlag::min, AnalysisFlag::max, AnalysisFlag::mean, AnalysisFlag::sparsity, AnalysisFlag::numDistinctApprox",1024,1,1.39706e+06
MEAN,double,"AnalysisFlag::min, AnalysisFlag::max, AnalysisFlag::mean, AnalysisFlag::sparsity, AnalysisFlag::numDistinctApprox",1024,1,1.40033e+06
MEAN,double,"AnalysisFlag::min, AnalysisFlag::max, AnalysisFlag::mean, AnalysisFlag::sparsity, AnalysisFlag::numDistinctApprox",1024,1,1.39716e+06
MEAN,double,"AnalysisFlag::min, AnalysisFlag::max, AnalysisFlag::mean, AnalysisFlag::sparsity, AnalysisFlag::numDistinctApprox",1024,1,1.39913e+06
MEAN,double,"AnalysisFlag::min, AnalysisFlag::max, AnalysisFlag::mean, AnalysisFlag::sparsity, AnalysisFlag::numDistinctApprox",1024,1,1.39672e+06
MEAN,double,"AnalysisFlag::min, AnalysisFlag::max, AnalysisFlag::mean, AnalysisFlag::sparsity, AnalysisFlag::numDistinctApprox",1024,1,1.39766e+06
MEAN,double,"AnalysisFlag::min, AnalysisFlag::max, AnalysisFlag::mean, AnalysisFlag::sparsity, AnalysisFlag::numDistinctApprox",1024,1,1.3952e+06
MEAN,double,"AnalysisFlag::min, AnalysisFlag::max, AnalysisFlag::mean, AnalysisFlag::sparsity, AnalysisFlag::numDistinctApprox",1024,1,1.39852e+06
MEAN,double,"AnalysisFlag::min, AnalysisFlag::max, AnalysisFlag::mean, AnalysisFlag::sparsity, AnalysisFlag::numDistinctApprox",1024,1,1.39712e+06
MEAN,double,"AnalysisFlag::min, AnalysisFlag::max, AnalysisFlag::mean, AnalysisFlag::sparsity, AnalysisFlag::numDistinctApprox",2048,1,5.38039e+06
MEAN,double,"AnalysisFlag::min, AnalysisFlag::max, AnalysisFlag::mean, AnalysisFlag::sparsity, AnalysisFlag::numDistinctApprox",2048,1,5.37105e+06
MEAN,double,"AnalysisFlag::min, AnalysisFlag::max, AnalysisFlag::mean, AnalysisFlag::sparsity, AnalysisFlag::numDistinctApprox",2048,1,5.37442e+06
MEAN,double,"AnalysisFlag::min, AnalysisFlag::max, AnalysisFlag::mean, AnalysisFlag::sparsity, AnalysisFlag::numDistinctApprox",2048,1,5.37002e+06
MEAN,double,"AnalysisFlag::min, AnalysisFlag::max, AnalysisFlag::mean, AnalysisFlag::sparsity, AnalysisFlag::numDistinctApprox",2048,1,5.3691e+06
MEAN,double,"AnalysisFlag::min, AnalysisFlag::max, AnalysisFlag::mean, AnalysisFlag::sparsity, AnalysisFlag::numDistinctApprox",2048,1,5.36955e+06
MEAN,double,"AnalysisFlag::min, AnalysisFlag::max, AnalysisFlag::mean, AnalysisFlag::sparsity, AnalysisFlag::numDistinctApprox",2048,1,5.37535e+06
MEAN,double,"AnalysisFlag::min, AnalysisFlag::max, AnalysisFlag::mean, AnalysisFlag::sparsity, AnalysisFlag::numDistinctApprox",2048,1,5.37821e+06
MEAN,double,"AnalysisFlag::min, AnalysisFlag::max, AnalysisFlag::mean, AnalysisFlag::sparsity, AnalysisFlag::numDistinctApprox",2048,1,5.37264e+06
MEAN,double,"AnalysisFlag::min, AnalysisFlag::max, AnalysisFlag::mean, AnalysisFlag::sparsity, AnalysisFlag::numDistinctApprox",2048,1,5.37811e+06
MEAN,double,"AnalysisFlag::min, AnalysisFlag::max, AnalysisFlag::mean, AnalysisFlag::sparsity, AnalysisFlag::numDistinctApprox",4096,1,2.10842e+07
MEAN,double,"AnalysisFlag::min, AnalysisFlag::max, AnalysisFlag::mean, AnalysisFlag::sparsity, AnalysisFlag::numDistinctApprox",4096,1,2.10204e+07
MEAN,double,"AnalysisFlag::min, AnalysisFlag::max, AnalysisFlag::mean, AnalysisFlag::sparsity, AnalysisFlag::numDistinctApprox",4096,1,2.10475e+07
MEAN,double,"AnalysisFlag::min, AnalysisFlag::max, AnalysisFlag::mean, AnalysisFlag::sparsity, AnalysisFlag::numDistinctApprox",4096,1,2.09956e+07
MEAN,double,"AnalysisFlag::min, AnalysisFlag::max, AnalysisFlag::mean, AnalysisFlag::sparsity, AnalysisFlag::numDistinctApprox",4096,1,2.09859e+07
MEAN,double,"AnalysisFlag::min, AnalysisFlag::max, AnalysisFlag::mean, AnalysisFlag::sparsity, AnalysisFlag::numDistinctApprox",4096,1,2.09887e+07
MEAN,double,"AnalysisFlag::min, AnalysisFlag::max, AnalysisFlag::mean, AnalysisFlag::sparsity, AnalysisFlag::numDistinctApprox",4096,1,2.0998e+07
MEAN,double,"AnalysisFlag::min, AnalysisFlag::max, AnalysisFlag::mean, AnalysisFlag::sparsity, AnalysisFlag::numDistinctApprox",4096,1,2.09933e+07
MEAN,double,"AnalysisFlag::min, AnalysisFlag::max, AnalysisFlag::mean, AnalysisFlag::sparsity, AnalysisFlag::numDistinctApprox",4096,1,2.10011e+07
MEAN,double,"AnalysisFlag::min, AnalysisFlag::max, AnalysisFlag::mean, AnalysisFlag::sparsity, AnalysisFlag::numDistinctApprox",4096,1,2.10806e+07
MEAN,int64_t,"AnalysisFlag::min, AnalysisFlag::max, AnalysisFlag::mean, AnalysisFlag::sparsity, AnalysisFlag::numDistinctApprox",1024,1,1.37637e+06
MEAN,int64_t,"AnalysisFlag::min, AnalysisFlag::max, AnalysisFlag::mean, AnalysisFlag::sparsity, AnalysisFlag::numDistinctApprox",1024,1,1.31164e+06
MEAN,int64_t,"AnalysisFlag::min, AnalysisFlag::max, AnalysisFlag::mean, AnalysisFlag::sparsity, AnalysisFlag::numDistinctApprox",1024,1,1.27906e+06
MEAN,int64_t,"AnalysisFlag::min, AnalysisFlag::max, AnalysisFlag::mean, AnalysisFlag::sparsity, AnalysisFlag::numDistinctApprox",1024,1,1.32277e+06
MEAN,int64_t,"AnalysisFlag::min, AnalysisFlag::max, AnalysisFlag::mean, AnalysisFlag::sparsity, AnalysisFlag::numDistinctApprox",1024,1,1.28069e+06
MEAN,int64_t,"AnalysisFlag::min, AnalysisFlag::max, AnalysisFlag::mean, AnalysisFlag::sparsity, AnalysisFlag::numDistinctApprox",1024,1,1.30004e+06
MEAN,int64_t,"AnalysisFlag::min, AnalysisFlag::max, AnalysisFlag::mean, AnalysisFlag::sparsity, AnalysisFlag::numDistinctApprox",1024,1,1.3111e+06
MEAN,int64_t,"AnalysisFlag::min, AnalysisFlag::max, AnalysisFlag::mean, AnalysisFlag::sparsity, AnalysisFlag::numDistinctApprox",1024,1,1.32408e+06
MEAN,int64_t,"AnalysisFlag::min, AnalysisFlag::max, AnalysisFlag::mean, AnalysisFlag::sparsity, AnalysisFlag::numDistinctApprox",1024,1,1.32302e+06
MEAN,int64_t,"AnalysisFlag::min, AnalysisFlag::max, AnalysisFlag::mean, AnalysisFlag::sparsity, AnalysisFlag::numDistinctApprox",1024,1,1.32323e+06
MEAN,int64_t,"AnalysisFlag::min, AnalysisFlag::max, AnalysisFlag::mean, AnalysisFlag::sparsity, AnalysisFlag::numDistinctApprox",2048,1,5.25598e+06
MEAN,int64_t,"AnalysisFlag::min, AnalysisFlag::max, AnalysisFlag::mean, AnalysisFlag::sparsity, AnalysisFlag::numDistinctApprox",2048,1,5.25408e+06
MEAN,int64_t,"AnalysisFlag::min, AnalysisFlag::max, AnalysisFlag::mean, AnalysisFlag::sparsity, AnalysisFlag::numDistinctApprox",2048,1,5.24492e+06
MEAN,int64_t,"AnalysisFlag::min, AnalysisFlag::max, AnalysisFlag::mean, AnalysisFlag::sparsity, AnalysisFlag::numDistinctApprox",2048,1,5.25744e+06
MEAN,int64_t,"AnalysisFlag::min, AnalysisFlag::max, AnalysisFlag::mean, AnalysisFlag::sparsity, AnalysisFlag::numDistinctApprox",2048,1,5.25671e+06
MEAN,int64_t,"AnalysisFlag::min, AnalysisFlag::max, AnalysisFlag::mean, AnalysisFlag::sparsity, AnalysisFlag::numDistinctApprox",2048,1,5.26031e+06
MEAN,int64_t,"AnalysisFlag::min, AnalysisFlag::max, AnalysisFlag::mean, AnalysisFlag::sparsity, AnalysisFlag::numDistinctApprox",2048,1,5.21968e+06
MEAN,int64_t,"AnalysisFlag::min, AnalysisFlag::max, AnalysisFlag::mean, AnalysisFlag::sparsity, AnalysisFlag::numDistinctApprox",2048,1,5.24002e+06
MEAN,int64_t,"AnalysisFlag::min, AnalysisFlag::max, AnalysisFlag::mean, AnalysisFlag::sparsity, AnalysisFlag::numDistinctApprox",2048,1,5.24515e+06
MEAN,int64_t,"AnalysisFlag::min, AnalysisFlag::max, AnalysisFlag::mean, AnalysisFlag::sparsity, AnalysisFlag::numDistinctApprox",2048,1,5.24423e+06
MEAN,int64_t,"AnalysisFlag::min, AnalysisFlag::max, AnalysisFlag::mean, AnalysisFlag::sparsity, AnalysisFlag::numDistinctApprox",4096,1,2.08086e+07
MEAN,int64_t,"AnalysisFlag::min, AnalysisFlag::max, AnalysisFlag::mean, AnalysisFlag::sparsity, AnalysisFlag::numDistinctApprox",4096,1,2.07899e+07
MEAN,int64_t,"AnalysisFlag::min, AnalysisFlag::max, AnalysisFlag::mean, AnalysisFlag::sparsity, AnalysisFlag::numDistinctApprox",4096,1,2.08037e+07
MEAN,int64_t,"AnalysisFlag::min, AnalysisFlag::max, AnalysisFlag::mean, AnalysisFlag::sparsity, AnalysisFlag::numDistinctApprox",4096,1,2.07497e+07
MEAN,int64_t,"AnalysisFlag::min, AnalysisFlag::max, AnalysisFlag::mean, AnalysisFlag::sparsity, AnalysisFlag::numDistinctApprox",4096,1,2.07997e+07
MEAN,int64_t,"AnalysisFlag::min, AnalysisFlag::max, AnalysisFlag::mean, AnalysisFlag::sparsity, AnalysisFlag::numDistinctApprox",4096,1,2.08713e+07
MEAN,int64_t,"AnalysisFlag::min, AnalysisFlag::max, AnalysisFlag::mean, AnalysisFlag::sparsity, AnalysisFlag::numDistinctApprox",4096,1,2.08255e+07
MEAN,int64_t,"AnalysisFlag::min, AnalysisFlag::max, AnalysisFlag::mean, AnalysisFlag::sparsity, AnalysisFlag::numDistinctApprox",4096,1,2.08214e+07
MEAN,int64_t,"AnalysisFlag::min, AnalysisFlag::max, AnalysisFlag::mean, AnalysisFlag::sparsity, AnalysisFlag::numDistinctApprox",4096,1,2.081e+07
MEAN,int64_t,"AnalysisFlag::min, AnalysisFlag::max, AnalysisFlag::mean, AnalysisFlag::sparsity, AnalysisFlag::numDistinctApprox",4096,1,2.0835e+07
STDDEV,double,"AnalysisFlag::min, AnalysisFlag::max, AnalysisFlag::mean, AnalysisFlag::sparsity, AnalysisFlag::numDistinctApprox",1024,0.001,106585
STDDEV,double,"AnalysisFlag::min, AnalysisFlag::max, AnalysisFlag::mean, AnalysisFlag::sparsity, AnalysisFlag::numDistinctApprox",1024,0.001,101553
STDDEV,double,"AnalysisFlag::min, AnalysisFlag::max, AnalysisFlag::mean, AnalysisFlag::sparsity, AnalysisFlag::numDistinctApprox",1024,0.001,100693
STDDEV,double,"AnalysisFlag::min, AnalysisFlag::max, AnalysisFlag::mean, AnalysisFlag::sparsity, AnalysisFlag::numDistinctApprox",1024,0.001,103759
STDDEV,double,"AnalysisFlag::min, AnalysisFlag::max, AnalysisFlag::mean, AnalysisFlag::sparsity, AnalysisFlag::numDistinctApprox",1024,0.001,107164
STDDEV,double,"AnalysisFlag::min, AnalysisFlag::max, AnalysisFlag::mean, AnalysisFlag::sparsity, AnalysisFlag::numDistinctApprox",1024,0.001,105530
STDDEV,double,"AnalysisFlag::min, AnalysisFlag::max, AnalysisFlag::mean, AnalysisFlag::sparsity, AnalysisFlag::numDistinctApprox",1024,0.001,104605
STDDEV,double,"AnalysisFlag::min, AnalysisFlag::max, AnalysisFlag::mean, AnalysisFlag::sparsity, AnalysisFlag::numDistinctApprox",1024,0.001,104347
STDDEV,double,"AnalysisFlag::min, AnalysisFlag::max, AnalysisFlag::mean, AnalysisFlag::sparsity, AnalysisFlag::numDistinctApprox",1024,0.001,105570
STDDEV,double,"AnalysisFlag::min, AnalysisFlag::max, AnalysisFlag::mean, AnalysisFlag::sparsity, AnalysisFlag::numDistinctApprox",1024,0.001,106867
STDDEV,double,"AnalysisFlag::min, AnalysisFlag::max, AnalysisFlag::mean, AnalysisFlag::sparsity, AnalysisFlag::numDistinctApprox",2048,0.001,243511
STDDEV,double,"AnalysisFlag::min, AnalysisFlag::max, AnalysisFlag::mean, AnalysisFlag::sparsity, AnalysisFlag::numDistinctApprox",2048,0.001,246839
STDDEV,double,"AnalysisFlag::min, AnalysisFlag::max, AnalysisFlag::mean, AnalysisFlag::sparsity, AnalysisFlag::numDistinctApprox",2048,0.001,244265
STDDEV,double,"AnalysisFlag::min, AnalysisFlag::max, AnalysisFlag::mean, AnalysisFlag::sparsity, AnalysisFlag::numDistinctApprox",2048,0.001,245258
STDDEV,double,"AnalysisFlag::min, AnalysisFlag::max, AnalysisFlag::mean, AnalysisFlag::sparsity, AnalysisFlag::numDistinctApprox",2048,0.001,240715
STDDEV,double,"AnalysisFlag::min, AnalysisFlag::max, AnalysisFlag::mean, AnalysisFlag::sparsity, AnalysisFlag::numDistinctApprox",2048,0.001,244139
STDDEV,double,"AnalysisFlag::min, AnalysisFlag::max, AnalysisFlag::mean, AnalysisFlag::sparsity, AnalysisFlag::numDistinctApprox",2048,0.001,241426
STDDEV,double,"AnalysisFlag::min, AnalysisFlag::max, AnalysisFlag::mean, AnalysisFlag::sparsity, AnalysisFlag::numDistinctApprox",2048,0.001,242222
STDDEV,double,"AnalysisFlag::min, AnalysisFlag::max, AnalysisFlag::mean, AnalysisFlag::sparsity, AnalysisFlag::numDistinctApprox",2048,0.001,240313
STDDEV,double,"AnalysisFlag::min, AnalysisFlag::max, AnalysisFlag::mean, AnalysisFlag::sparsity, AnalysisFlag::numDistinctApprox",2048,0.001,241116
STDDEV,double,"AnalysisFlag::min, AnalysisFlag::max, AnalysisFlag::mean, AnalysisFlag::sparsity, AnalysisFlag::numDistinctApprox",4096,0.001,406414
STDDEV,double,"AnalysisFlag::min, AnalysisFlag::max, AnalysisFlag::mean, AnalysisFlag::sparsity, AnalysisFlag::numDistinctApprox",4096,0.001,399102
STDDEV,double,"AnalysisFlag::min, AnalysisFlag::max, AnalysisFlag::mean, AnalysisFlag::sparsity, AnalysisFlag::numDistinctApprox",4096,0.001,395399
STDDEV,double,"AnalysisFlag::min, AnalysisFlag::max, AnalysisFlag::mean, AnalysisFlag::sparsity, AnalysisFlag::numDistinctApprox",4096,0.001,395524
STDDEV,double,"AnalysisFlag::min, AnalysisFlag::max, AnalysisFlag::mean, AnalysisFlag::sparsity, AnalysisFlag::numDistinctApprox",4096,0.001,391935
STDDEV,double,"AnalysisFlag::min, AnalysisFlag::max, AnalysisFlag::mean, AnalysisFlag::sparsity, AnalysisFlag::numDistinctApprox",4096,0.001,401680
STDDEV,double,"AnalysisFlag::min, AnalysisFlag::max, AnalysisFlag::mean, AnalysisFlag::sparsity, AnalysisFlag::numDistinctApprox",4096,0.001,390128
STDDEV,double,"AnalysisFlag::min, AnalysisFlag::max, AnalysisFlag::mean, AnalysisFlag::sparsity, AnalysisFlag::numDistinctApprox",4096,0.001,398676
STDDEV,double,"AnalysisFlag::min, AnalysisFlag::max, AnalysisFlag::mean, AnalysisFlag::sparsity, AnalysisFlag::numDistinctApprox",4096,0.001,394435
STDDEV,double,"AnalysisFlag::min, AnalysisFlag::max, AnalysisFlag::mean, AnalysisFlag::sparsity, AnalysisFlag::numDistinctApprox",4096,0.001,394697
STDDEV,int64_t,"AnalysisFlag::min, AnalysisFlag::max, AnalysisFlag::mean, AnalysisFlag::sparsity, AnalysisFlag::numDistinctApprox",1024,0.001,62821
STDDEV,int64_t,"AnalysisFlag::min, AnalysisFlag::max, AnalysisFlag::mean, AnalysisFlag::sparsity, AnalysisFlag::numDistinctApprox",1024,0.001,60519
STDDEV,int64_t,"AnalysisFlag::min, AnalysisFlag::max, AnalysisFlag::mean, AnalysisFlag::sparsity, AnalysisFlag::numDistinctApprox",1024,0.001,64213
STDDEV,int64_t,"AnalysisFlag::min, AnalysisFlag::max, AnalysisFlag::mean, AnalysisFlag::sparsity, AnalysisFlag::numDistinctApprox",1024,0.001,64113
STDDEV,int64_t,"AnalysisFlag::min, AnalysisFlag::max, AnalysisFlag::mean, AnalysisFlag::sparsity, AnalysisFlag::numDistinctApprox",1024,0.001,62326
STDDEV,int64_t,"AnalysisFlag::min, AnalysisFlag::max, AnalysisFlag::mean, AnalysisFlag::sparsity, AnalysisFlag::numDistinctApprox",1024,0.001,62549
STDDEV,int64_t,"AnalysisFlag::min, AnalysisFlag::max, AnalysisFlag::mean, AnalysisFlag::sparsity, AnalysisFlag::numDistinctApprox",1024,0.001,61981
STDDEV,int64_t,"AnalysisFlag::min, AnalysisFlag::max, AnalysisFlag::mean, AnalysisFlag::sparsity, AnalysisFlag::numDistinctApprox",1024,0.001,65271
STDDEV,int64_t,"AnalysisFlag::min, AnalysisFlag::max, AnalysisFlag::mean, AnalysisFlag::sparsity, AnalysisFlag::numDistinctApprox",1024,0.001,64425
STDDEV,int64_t,"AnalysisFlag::min, AnalysisFlag::max, AnalysisFlag::mean, AnalysisFlag::sparsity, AnalysisFlag::numDistinctApprox",1024,0.001,63665
STDDEV,int64_t,"AnalysisFlag::min, AnalysisFlag::max, AnalysisFlag::mean, AnalysisFlag::sparsity, AnalysisFlag::numDistinctApprox",2048,0.001,140271
STDDEV,int64_t,"AnalysisFlag::min, AnalysisFlag::max, AnalysisFlag::mean, AnalysisFlag::sparsity, AnalysisFlag::numDistinctApprox",2048,0.001,142021
STDDEV,int64_t,"AnalysisFlag::min, AnalysisFlag::max, AnalysisFlag::mean, AnalysisFlag::sparsity, AnalysisFlag::numDistinctApprox",2048,0.001,145438
STDDEV,int64_t,"AnalysisFlag::min, AnalysisFlag::max, AnalysisFlag::mean, AnalysisFlag::sparsity, AnalysisFlag::numDistinctApprox",2048,0.001,142932
STDDEV,int64_t,"AnalysisFlag::min, AnalysisFlag::max, AnalysisFlag::mean, AnalysisFlag::sparsity, AnalysisFlag::numDistinctApprox",2048,0.001,139652
STDDEV,int64_t,"AnalysisFlag::min, AnalysisFlag::max, AnalysisFlag::mean, AnalysisFlag::sparsity, AnalysisFlag::numDistinctApprox",2048,0.001,145524
STDDEV,int64_t,"AnalysisFlag::min, AnalysisFlag::max, AnalysisFlag::mean, AnalysisFlag::sparsity, AnalysisFlag::numDistinctApprox",2048,0.001,134039
STDDEV,int64_t,"AnalysisFlag::min, AnalysisFlag::max, AnalysisFlag::mean, AnalysisFlag::sparsity, AnalysisFlag::numDistinctApprox",2048,0.001,138613
STDDEV,int64_t,"AnalysisFlag::min, AnalysisFlag::max, AnalysisFlag::mean, AnalysisFlag::sparsity, AnalysisFlag::numDistinctApprox",2048,0.001,140475
STDDEV,int64_t,"AnalysisFlag::min, AnalysisFlag::max, AnalysisFlag::mean, AnalysisFlag::sparsity, AnalysisFlag::numDistinctApprox",2048,0.001,145077
STDDEV,int64_t,"AnalysisFlag::min, AnalysisFlag::max, AnalysisFlag::mean, AnalysisFlag::sparsity, AnalysisFlag::numDistinctApprox",4096,0.001,300488
STDDEV,int64_t,"AnalysisFlag::min, AnalysisFlag::max, AnalysisFlag::mean, AnalysisFlag::sparsity, AnalysisFlag::numDistinctApprox",4096,0.001,306489
STDDEV,int64_t,"AnalysisFlag::min, AnalysisFlag::max, AnalysisFlag::mean, AnalysisFlag::sparsity, AnalysisFlag::numDistinctApprox",4096,0.001,307251
STDDEV,int64_t,"AnalysisFlag::min, AnalysisFlag::max, AnalysisFlag::mean, AnalysisFlag::sparsity, AnalysisFlag::numDistinctApprox",4096,0.001,290154
STDDEV,int64_t,"AnalysisFlag::min, AnalysisFlag::max, AnalysisFlag::mean, AnalysisFlag::sparsity, AnalysisFlag::numDistinctApprox",4096,0.001,312264
STDDEV,int64_t,"AnalysisFlag::min, AnalysisFlag::max, AnalysisFlag::mean, AnalysisFlag::sparsity, AnalysisFlag::numDistinctApprox",4096,0.001,299818
STDDEV,int64_t,"AnalysisFlag::min, AnalysisFlag::max, AnalysisFlag::mean, AnalysisFlag::sparsity, AnalysisFlag::numDistinctApprox",4096,0.001,306480
STDDEV,int64_t,"AnalysisFlag::min, AnalysisFlag::max, AnalysisFlag::mean, AnalysisFlag::sparsity, AnalysisFlag::numDistinctApprox",4096,0.001,298943
STDDEV,int64_t,"AnalysisFlag::min, AnalysisFlag::max, AnalysisFlag::mean, AnalysisFlag::sparsity, AnalysisFlag::numDistinctApprox",4096,0.001,299732
STDDEV,int64_t,"AnalysisFlag::min, AnalysisFlag::max, AnalysisFlag::mean, AnalysisFlag::sparsity, AnalysisFlag::numDistinctApprox",4096,0.001,299990
STDDEV,double,"AnalysisFlag::min, AnalysisFlag::max, AnalysisFlag::mean, AnalysisFlag::sparsity, AnalysisFlag::numDistinctApprox",1024,0.01,151191
STDDEV,double,"AnalysisFlag::min, AnalysisFlag::max, AnalysisFlag::mean, AnalysisFlag::sparsity, AnalysisFlag::numDistinctApprox",1024,0.01,154188
STDDEV,double,"AnalysisFlag::min, AnalysisFlag::max, AnalysisFlag::mean, AnalysisFlag::sparsity, AnalysisFlag::numDistinctApprox",1024,0.01,148768
STDDEV,double,"AnalysisFlag::min, AnalysisFlag::max, AnalysisFlag::mean, AnalysisFlag::sparsity, AnalysisFlag::numDistinctApprox",1024,0.01,149738
STDDEV,double,"AnalysisFlag::min, AnalysisFlag::max, AnalysisFlag::mean, AnalysisFlag::sparsity, AnalysisFlag::numDistinctApprox",1024,0.01,148412
STDDEV,double,"AnalysisFlag::min, AnalysisFlag::max, AnalysisFlag::mean, AnalysisFlag::sparsity, AnalysisFlag::numDistinctApprox",1024,0.01,146963
STDDEV,double,"AnalysisFlag::min, AnalysisFlag::max, AnalysisFlag::mean, AnalysisFlag::sparsity, AnalysisFlag::numDistinctApprox",1024,0.01,145470
STDDEV,double,"AnalysisFlag::min, AnalysisFlag::max, AnalysisFlag::mean, AnalysisFlag::sparsity, AnalysisFlag::numDistinctApprox",1024,0.01,149536
STDDEV,double,"AnalysisFlag::min, AnalysisFlag::max, AnalysisFlag::mean, AnalysisFlag::sparsity, AnalysisFlag::numDistinctApprox",1024,0.01,147053
STDDEV,double,"AnalysisFlag::min, AnalysisFlag::max, AnalysisFlag::mean, AnalysisFlag::sparsity, AnalysisFlag::numDistinctApprox",1024,0.01,145774
STDDEV,double,"AnalysisFlag::min, AnalysisFlag::max, AnalysisFlag::mean, AnalysisFlag::sparsity, AnalysisFlag::numDistinctApprox",2048,0.01,281874
STDDEV,double,"AnalysisFlag::min, AnalysisFlag::max, AnalysisFlag::mean, AnalysisFlag::sparsity, AnalysisFlag::numDistinctApprox",2048,0.01,279295
STDDEV,double,"AnalysisFlag::min, AnalysisFlag::max, AnalysisFlag::mean, AnalysisFlag::sparsity, AnalysisFlag::numDistinctApprox",2048,0.01,278478
STDDEV,double,"AnalysisFlag::min, AnalysisFlag::max, AnalysisFlag::mean, AnalysisFlag::sparsity, AnalysisFlag::numDistinctApprox",2048,0.01,280123
STDDEV,double,"AnalysisFlag::min, AnalysisFlag::max, AnalysisFlag::mean, AnalysisFlag::sparsity, AnalysisFlag::numDistinctApprox",2048,0.01,279611
STDDEV,double,"AnalysisFlag::min, AnalysisFlag::max, AnalysisFlag::mean, AnalysisFlag::sparsity, AnalysisFlag::numDistinctApprox",2048,0.01,280859
STDDEV,double,"AnalysisFlag::min, AnalysisFlag::max, AnalysisFlag::mean, AnalysisFlag::sparsity, AnalysisFlag::numDistinctApprox",2048,0.01,278684
STDDEV,double,"AnalysisFlag::min, AnalysisFlag::max, AnalysisFlag::mean, AnalysisFlag::sparsity, AnalysisFlag::numDistinctApprox",2048,0.01,278838
STDDEV,double,"AnalysisFlag::min, AnalysisFlag::max, AnalysisFlag::mean, AnalysisFlag::sparsity, AnalysisFlag::numDistinctApprox",2048,0.01,280706
STDDEV,double,"AnalysisFlag::min, AnalysisFlag::max, AnalysisFlag::mean, AnalysisFlag::sparsity, AnalysisFlag::numDistinctApprox",2048,0.01,280742
STDDEV,double,"AnalysisFlag::min, AnalysisFlag::max, AnalysisFlag::mean, AnalysisFlag::sparsity, AnalysisFlag::numDistinctApprox",4096,0.01,523799
STDDEV,double,"AnalysisFlag::min, AnalysisFlag::max, AnalysisFlag::mean, AnalysisFlag::sparsity, AnalysisFlag::numDistinctApprox",4096,0.01,529380
STDDEV,double,"AnalysisFlag::min, AnalysisFlag::max, AnalysisFlag::mean, AnalysisFlag::sparsity, AnalysisFlag::numDistinctApprox",4096,0.01,526088
STDDEV,double,"AnalysisFlag::min, AnalysisFlag::max, AnalysisFlag::mean, AnalysisFlag::sparsity, AnalysisFlag::numDistinctApprox",4096,0.01,524545
STDDEV,double,"AnalysisFlag::min, AnalysisFlag::max, AnalysisFlag::mean, AnalysisFlag::sparsity, AnalysisFlag::numDistinctApprox",4096,0.01,519925
STDDEV,double,"AnalysisFlag::min, AnalysisFlag::max, AnalysisFlag::mean, AnalysisFlag::sparsity, AnalysisFlag::numDistinctApprox",4096,0.01,528903
STDDEV,double,"AnalysisFlag::min, AnalysisFlag::max, AnalysisFlag::mean, AnalysisFlag::sparsity, AnalysisFlag::numDistinctApprox",4096,0.01,524386
STDDEV,double,"AnalysisFlag::min, AnalysisFlag::max, AnalysisFlag::mean, AnalysisFlag::sparsity, AnalysisFlag::numDistinctApprox",4096,0.01,522989
STDDEV,double,"AnalysisFlag::min, AnalysisFlag::max, AnalysisFlag::mean, AnalysisFlag::sparsity, AnalysisFlag::numDistinctApprox",4096,0.01,526850
STDDEV,double,"AnalysisFlag::min, AnalysisFlag::max, AnalysisFlag::mean, AnalysisFlag::sparsity, AnalysisFlag::numDistinctApprox",4096,0.01,517912
STDDEV,int64_t,"AnalysisFlag::min, AnalysisFlag::max, AnalysisFlag::mean, AnalysisFlag::sparsity, AnalysisFlag::numDistinctApprox",1024,0.01,99231
STDDEV,int64_t,"AnalysisFlag::min, AnalysisFlag::max, AnalysisFlag::mean, AnalysisFlag::sparsity, AnalysisFlag::numDistinctApprox",1024,0.01,97473
STDDEV,int64_t,"AnalysisFlag::min, AnalysisFlag::max, AnalysisFlag::mean, AnalysisFlag::sparsity, AnalysisFlag::numDistinctApprox",1024,0.01,101872
STDDEV,int64_t,"AnalysisFlag::min, AnalysisFlag::max, AnalysisFlag::mean, AnalysisFlag::sparsity, AnalysisFlag::numDistinctApprox",1024,0.01,104496
STDDEV,int64_t,"AnalysisFlag::min, AnalysisFlag::max, AnalysisFlag::mean, AnalysisFlag::sparsity, AnalysisFlag::numDistinctApprox",1024,0.01,98029
STDDEV,int64_t,"AnalysisFlag::min, AnalysisFlag::max, AnalysisFlag::mean, AnalysisFlag::sparsity, AnalysisFlag::numDistinctApprox",1024,0.01,98054
STDDEV,int64_t,"AnalysisFlag::min, AnalysisFlag::max, AnalysisFlag::mean, AnalysisFlag::sparsity, AnalysisFlag::numDistinctApprox",1024,0.01,100410
STDDEV,int64_t,"AnalysisFlag::min, AnalysisFlag::max, AnalysisFlag::mean, AnalysisFlag::sparsity, AnalysisFlag::numDistinctApprox",1024,0.01,97894
STDDEV,int64_t,"AnalysisFlag::min, AnalysisFlag::max, AnalysisFlag::mean, AnalysisFlag::sparsity, AnalysisFlag::numDistinctApprox",1024,0.01,97421
STDDEV,int64_t,"AnalysisFlag::min, AnalysisFlag::max, AnalysisFlag::mean, AnalysisFlag::sparsity, AnalysisFlag::numDistinctApprox",1024,0.01,98985
STDDEV,int64_t,"AnalysisFlag::min, AnalysisFlag::max, AnalysisFlag::mean, AnalysisFlag::sparsity, AnalysisFlag::numDistinctApprox",2048,0.01,215119
STDDEV,int64_t,"AnalysisFlag::min, AnalysisFlag::max, AnalysisFlag::mean, AnalysisFlag::sparsity, AnalysisFlag::numDistinctApprox",2048,0.01,214101
STDDEV,int64_t,"AnalysisFlag::min, AnalysisFlag::max, AnalysisFlag::mean, AnalysisFlag::sparsity, AnalysisFlag::numDistinctApprox",2048,0.01,215423
STDDEV,int64_t,"AnalysisFlag::min, AnalysisFlag::max, AnalysisFlag::mean, AnalysisFlag::sparsity, AnalysisFlag::numDistinctApprox",2048,0.01,223290
STDDEV,int64_t,"AnalysisFlag::min, AnalysisFlag::max, AnalysisFlag::mean, AnalysisFlag::sparsity, AnalysisFlag::numDistinctApprox",2048,0.01,216796
STDDEV,int64_t,"AnalysisFlag::min, AnalysisFlag::max, AnalysisFlag::mean, AnalysisFlag::sparsity, AnalysisFlag::numDistinctApprox",2048,0.01,212897
STDDEV,int64_t,"AnalysisFlag::min, AnalysisFlag::max, AnalysisFlag::mean, AnalysisFlag::sparsity, AnalysisFlag::numDistinctApprox",2048,0.01,209855
STDDEV,int64_t,"AnalysisFlag::min, AnalysisFlag::max, AnalysisFlag::mean, AnalysisFlag::sparsity, AnalysisFlag::numDistinctApprox",2048,0.01,209791
STDDEV,int64_t,"AnalysisFlag::min, AnalysisFlag::max, AnalysisFlag::mean, AnalysisFlag::sparsity, AnalysisFlag::numDistinctApprox",2048,0.01,210857
STDDEV,int64_t,"AnalysisFlag::min, AnalysisFlag::max, AnalysisFlag::mean, AnalysisFlag::sparsity, AnalysisFlag::numDistinctApprox",2048,0.01,211683
STDDEV,int64_t,"AnalysisFlag::min, AnalysisFlag::max, AnalysisFlag::mean, AnalysisFlag::sparsity, AnalysisFlag::numDistinctApprox",4096,0.01,475664
STDDEV,int64_t,"AnalysisFlag::min, AnalysisFlag::max, AnalysisFlag::mean, AnalysisFlag::sparsity, AnalysisFlag::numDistinctApprox",4096,0.01,456336
STDDEV,int64_t,"AnalysisFlag::min, AnalysisFlag::max, AnalysisFlag::mean, AnalysisFlag::sparsity, AnalysisFlag::numDistinctApprox",4096,0.01,469973
STDDEV,int64_t,"AnalysisFlag::min, AnalysisFlag::max, AnalysisFlag::mean, AnalysisFlag::sparsity, AnalysisFlag::numDistinctApprox",4096,0.01,474500
STDDEV,int64_t,"AnalysisFlag::min, AnalysisFlag::max, AnalysisFlag::mean, AnalysisFlag::sparsity, AnalysisFlag::numDistinctApprox",4096,0.01,468859
STDDEV,int64_t,"AnalysisFlag::min, AnalysisFlag::max, AnalysisFlag::mean, AnalysisFlag::sparsity, AnalysisFlag::numDistinctApprox",4096,0.01,499118
STDDEV,int64_t,"AnalysisFlag::min, AnalysisFlag::max, AnalysisFlag::mean, AnalysisFlag::sparsity, AnalysisFlag::numDistinctApprox",4096,0.01,467274
STDDEV,int64_t,"AnalysisFlag::min, AnalysisFlag::max, AnalysisFlag::mean, AnalysisFlag::sparsity, AnalysisFlag::numDistinctApprox",4096,0.01,462381
STDDEV,int64_t,"AnalysisFlag::min, AnalysisFlag::max, AnalysisFlag::mean, AnalysisFlag::sparsity, AnalysisFlag::numDistinctApprox",4096,0.01,464239
STDDEV,int64_t,"AnalysisFlag::min, AnalysisFlag::max, AnalysisFlag::mean, AnalysisFlag::sparsity, AnalysisFlag::numDistinctApprox",4096,0.01,467236
STDDEV,double,"AnalysisFlag::min, AnalysisFlag::max, AnalysisFlag::mean, AnalysisFlag::sparsity, AnalysisFlag::numDistinctApprox",1024,0.05,187367
STDDEV,double,"AnalysisFlag::min, AnalysisFlag::max, AnalysisFlag::mean, AnalysisFlag::sparsity, AnalysisFlag::numDistinctApprox",1024,0.05,189784
STDDEV,double,"AnalysisFlag::min, AnalysisFlag::max, AnalysisFlag::mean, AnalysisFlag::sparsity, AnalysisFlag::numDistinctApprox",1024,0.05,190755
STDDEV,double,"AnalysisFlag::min, AnalysisFlag::max, AnalysisFlag::mean, AnalysisFlag::sparsity, AnalysisFlag::numDistinctApprox",1024,0.05,186939
STDDEV,double,"AnalysisFlag::min, AnalysisFlag::max, AnalysisFlag::mean, AnalysisFlag::sparsity, AnalysisFlag::numDistinctApprox",1024,0.05,188546
STDDEV,double,"AnalysisFlag::min, AnalysisFlag::max, AnalysisFlag::mean, AnalysisFlag::sparsity, AnalysisFlag::numDistinctApprox",1024,0.05,190618
STDDEV,double,"AnalysisFlag::min, AnalysisFlag::max, AnalysisFlag::mean, AnalysisFlag::sparsity, AnalysisFlag::numDistinctApprox",1024,0.05,184289
STDDEV,double,"AnalysisFlag::min, AnalysisFlag::max, AnalysisFlag::mean, AnalysisFlag::sparsity, AnalysisFlag::numDistinctApprox",1024,0.05,188775
STDDEV,double,"AnalysisFlag::min, AnalysisFlag::max, AnalysisFlag::mean, AnalysisFlag::sparsity, AnalysisFlag::numDistinctApprox",1024,0.05,188151
STDDEV,double,"AnalysisFlag::min, AnalysisFlag::max, AnalysisFlag::mean, AnalysisFlag::sparsity, AnalysisFlag::numDistinctApprox",1024,0.05,187186
STDDEV,double,"AnalysisFlag::min, AnalysisFlag::max, AnalysisFlag::mean, AnalysisFlag::sparsity, AnalysisFlag::numDistinctApprox",2048,0.05,419532
STDDEV,double,"AnalysisFlag::min, AnalysisFlag::max, AnalysisFlag::mean, AnalysisFlag::sparsity, AnalysisFlag::numDistinctApprox",2048,0.05,421221
STDDEV,double,"AnalysisFlag::min, AnalysisFlag::max, AnalysisFlag::mean, AnalysisFlag::sparsity, AnalysisFlag::numDistinctApprox",2048,0.05,420928
STDDEV,double,"AnalysisFlag::min, AnalysisFlag::max, AnalysisFlag::mean, AnalysisFlag::sparsity, AnalysisFlag::numDistinctApprox",2048,0.05,423411
STDDEV,double,"AnalysisFlag::min, AnalysisFlag::max, AnalysisFlag::mean, AnalysisFlag::sparsity, AnalysisFlag::numDistinctApprox",2048,0.05,417974
STDDEV,double,"AnalysisFlag::min, AnalysisFlag::max, AnalysisFlag::mean, AnalysisFlag::sparsity, AnalysisFlag::numDistinctApprox",2048,0.05,416805
STDDEV,double,"AnalysisFlag::min, AnalysisFlag::max, AnalysisFlag::mean, AnalysisFlag::sparsity, AnalysisFlag::numDistinctApprox",2048,0.05,423052
STDDEV,double,"AnalysisFlag::min, AnalysisFlag::max, AnalysisFlag::mean, AnalysisFlag::sparsity, AnalysisFlag::numDistinctApprox",2048,0.05,414736
STDDEV,double,"AnalysisFlag::min, AnalysisFlag::max, AnalysisFlag::mean, AnalysisFlag::sparsity, AnalysisFlag::numDistinctApprox",2048,0.05,417885
STDDEV,double,"AnalysisFlag::min, AnalysisFlag::max, AnalysisFlag::mean, AnalysisFlag::sparsity, AnalysisFlag::numDistinctApprox",2048,0.05,416923
STDDEV,double,"AnalysisFlag::min, AnalysisFlag::max, AnalysisFlag::mean, AnalysisFlag::sparsity, AnalysisFlag::numDistinctApprox",4096,0.05,1.1821e+06
STDDEV,double,"AnalysisFlag::min, AnalysisFlag::max, AnalysisFlag::mean, AnalysisFlag::sparsity, AnalysisFlag::numDistinctApprox",4096,0.05,1.0945e+06
STDDEV,double,"AnalysisFlag::min, AnalysisFlag::max, AnalysisFlag::mean, AnalysisFlag::sparsity, AnalysisFlag::numDistinctApprox",4096,0.05,1.06776e+06
STDDEV,double,"AnalysisFlag::min, AnalysisFlag::max, AnalysisFlag::mean, AnalysisFlag::sparsity, AnalysisFlag::numDistinctApprox",4096,0.05,1.07491e+06
STDDEV,double,"AnalysisFlag::min, AnalysisFlag::max, AnalysisFlag::mean, AnalysisFlag::sparsity, AnalysisFlag::numDistinctApprox",4096,0.05,1.07133e+06
STDDEV,double,"AnalysisFlag::min, AnalysisFlag::max, AnalysisFlag::mean, AnalysisFlag::sparsity, AnalysisFlag::numDistinctApprox",4096,0.05,1.07122e+06
STDDEV,double,"AnalysisFlag::min, AnalysisFlag::max, AnalysisFlag::mean, AnalysisFlag::sparsity, AnalysisFlag::numDistinctApprox",4096,0.05,1.0738e+06
STDDEV,double,"AnalysisFlag::min, AnalysisFlag::max, AnalysisFlag::mean, AnalysisFlag::sparsity, AnalysisFlag::numDistinctApprox",4096,0.05,1.06733e+06
STDDEV,double,"AnalysisFlag::min, AnalysisFlag::max, AnalysisFlag::mean, AnalysisFlag::sparsity, AnalysisFlag::numDistinctApprox",4096,0.05,1.08424e+06
STDDEV,double,"AnalysisFlag::min, AnalysisFlag::max, AnalysisFlag::mean, AnalysisFlag::sparsity, AnalysisFlag::numDistinctApprox",4096,0.05,1.06277e+06
STDDEV,int64_t,"AnalysisFlag::min, AnalysisFlag::max, AnalysisFlag::mean, AnalysisFlag::sparsity, AnalysisFlag::numDistinctApprox",1024,0.05,138230
STDDEV,int64_t,"AnalysisFlag::min, AnalysisFlag::max, AnalysisFlag::mean, AnalysisFlag::sparsity, AnalysisFlag::numDistinctApprox",1024,0.05,133565
STDDEV,int64_t,"AnalysisFlag::min, AnalysisFlag::max, AnalysisFlag::mean, AnalysisFlag::sparsity, AnalysisFlag::numDistinctApprox",1024,0.05,132173
STDDEV,int64_t,"AnalysisFlag::min, AnalysisFlag::max, AnalysisFlag::mean, AnalysisFlag::sparsity, AnalysisFlag::numDistinctApprox",1024,0.05,136250
STDDEV,int64_t,"AnalysisFlag::min, AnalysisFlag::max, AnalysisFlag::mean, AnalysisFlag::sparsity, AnalysisFlag::numDistinctApprox",1024,0.05,133843
STDDEV,int64_t,"AnalysisFlag::min, AnalysisFlag::max, AnalysisFlag::mean, AnalysisFlag::sparsity, AnalysisFlag::numDistinctApprox",1024,0.05,136425
STDDEV,int64_t,"AnalysisFlag::min, AnalysisFlag::max, AnalysisFlag::mean, AnalysisFlag::sparsity, AnalysisFlag::numDistinctApprox",1024,0.05,133434
STDDEV,int64_t,"AnalysisFlag::min, AnalysisFlag::max, AnalysisFlag::mean, AnalysisFlag::sparsity, AnalysisFlag::numDistinctApprox",1024,0.05,138136
STDDEV,int64_t,"AnalysisFlag::min, AnalysisFlag::max, AnalysisFlag::mean, AnalysisFlag::sparsity, AnalysisFlag::numDistinctApprox",1024,0.05,131992
STDDEV,int64_t,"AnalysisFlag::min, AnalysisFlag::max, AnalysisFlag::mean, AnalysisFlag::sparsity, AnalysisFlag::numDistinctApprox",1024,0.05,131621
STDDEV,int64_t,"AnalysisFlag::min, AnalysisFlag::max, AnalysisFlag::mean, AnalysisFlag::sparsity, AnalysisFlag::numDistinctApprox",2048,0.05,331127
STDDEV,int64_t,"AnalysisFlag::min, AnalysisFlag::max, AnalysisFlag::mean, AnalysisFlag::sparsity, AnalysisFlag::numDistinctApprox",2048,0.05,325296
STDDEV,int64_t,"AnalysisFlag::min, AnalysisFlag::max, AnalysisFlag::mean, AnalysisFlag::sparsity, AnalysisFlag::numDistinctApprox",2048,0.05,322962
STDDEV,int64_t,"AnalysisFlag::min, AnalysisFlag::max, AnalysisFlag::mean, AnalysisFlag::sparsity, AnalysisFlag::numDistinctApprox",2048,0.05,321642
STDDEV,int64_t,"AnalysisFlag::min, AnalysisFlag::max, AnalysisFlag::mean, AnalysisFlag::sparsity, AnalysisFlag::numDistinctApprox",2048,0.05,328958
STDDEV,int64_t,"AnalysisFlag::min, AnalysisFlag::max, AnalysisFlag::mean, AnalysisFlag::sparsity, AnalysisFlag::numDistinctApprox",2048,0.05,316129
STDDEV,int64_t,"AnalysisFlag::min, AnalysisFlag::max, AnalysisFlag::mean, AnalysisFlag::sparsity, AnalysisFlag::numDistinctApprox",2048,0.05,318807
STDDEV,int64_t,"AnalysisFlag::min, AnalysisFlag::max, AnalysisFlag::mean, AnalysisFlag::sparsity, AnalysisFlag::numDistinctApprox",2048,0.05,327718
STDDEV,int64_t,"AnalysisFlag::min, AnalysisFlag::max, AnalysisFlag::mean, AnalysisFlag::sparsity, AnalysisFlag::numDistinctApprox",2048,0.05,324786
STDDEV,int64_t,"AnalysisFlag::min, AnalysisFlag::max, AnalysisFlag::mean, AnalysisFlag::sparsity, AnalysisFlag::numDistinctApprox",2048,0.05,326766
STDDEV,int64_t,"AnalysisFlag::min, AnalysisFlag::max, AnalysisFlag::mean, AnalysisFlag::sparsity, AnalysisFlag::numDistinctApprox",4096,0.05,885231
STDDEV,int64_t,"AnalysisFlag::min, AnalysisFlag::max, AnalysisFlag::mean, AnalysisFlag::sparsity, AnalysisFlag::numDistinctApprox",4096,0.05,882149
STDDEV,int64_t,"AnalysisFlag::min, AnalysisFlag::max, AnalysisFlag::mean, AnalysisFlag::sparsity, AnalysisFlag::numDistinctApprox",4096,0.05,876266
STDDEV,int64_t,"AnalysisFlag::min, AnalysisFlag::max, AnalysisFlag::mean, AnalysisFlag::sparsity, AnalysisFlag::numDistinctApprox",4096,0.05,873978
STDDEV,int64_t,"AnalysisFlag::min, AnalysisFlag::max, AnalysisFlag::mean, AnalysisFlag::sparsity, AnalysisFlag::numDistinctApprox",4096,0.05,888085
STDDEV,int64_t,"AnalysisFlag::min, AnalysisFlag::max, AnalysisFlag::mean, AnalysisFlag::sparsity, AnalysisFlag::numDistinctApprox",4096,0.05,884242
STDDEV,int64_t,"AnalysisFlag::min, AnalysisFlag::max, AnalysisFlag::mean, AnalysisFlag::sparsity, AnalysisFlag::numDistinctApprox",4096,0.05,881497
STDDEV,int64_t,"AnalysisFlag::min, AnalysisFlag::max, AnalysisFlag::mean, AnalysisFlag::sparsity, AnalysisFlag::numDistinctApprox",4096,0.05,876661
STDDEV,int64_t,"AnalysisFlag::min, AnalysisFlag::max, AnalysisFlag::mean, AnalysisFlag::sparsity, AnalysisFlag::numDistinctApprox",4096,0.05,885329
STDDEV,int64_t,"AnalysisFlag::min, AnalysisFlag::max, AnalysisFlag::mean, AnalysisFlag::sparsity, AnalysisFlag::numDistinctApprox",4096,0.05,882236
STDDEV,double,"AnalysisFlag::min, AnalysisFlag::max, AnalysisFlag::mean, AnalysisFlag::sparsity, AnalysisFlag::numDistinctApprox",1024,0.1,229339
STDDEV,double,"AnalysisFlag::min, AnalysisFlag::max, AnalysisFlag::mean, AnalysisFlag::sparsity, AnalysisFlag::numDistinctApprox",1024,0.1,227472
STDDEV,double,"AnalysisFlag::min, AnalysisFlag::max, AnalysisFlag::mean, AnalysisFlag::sparsity, AnalysisFlag::numDistinctApprox",1024,0.1,227663
STDDEV,double,"AnalysisFlag::min, AnalysisFlag::max, AnalysisFlag::mean, AnalysisFlag::sparsity, AnalysisFlag::numDistinctApprox",1024,0.1,234172
STDDEV,double,"AnalysisFlag::min, AnalysisFlag::max, AnalysisFlag::mean, AnalysisFlag::sparsity, AnalysisFlag::numDistinctApprox",1024,0.1,228569
STDDEV,double,"AnalysisFlag::min, AnalysisFlag::max, AnalysisFlag::mean, AnalysisFlag::sparsity, AnalysisFlag::numDistinctApprox",1024,0.1,229159
STDDEV,double,"AnalysisFlag::min, AnalysisFlag::max, AnalysisFlag::mean, AnalysisFlag::sparsity, AnalysisFlag::numDistinctApprox",1024,0.1,227734
STDDEV,double,"AnalysisFlag::min, AnalysisFlag::max, AnalysisFlag::mean, AnalysisFlag::sparsity, AnalysisFlag::numDistinctApprox",1024,0.1,232814
STDDEV,double,"AnalysisFlag::min, AnalysisFlag::max, AnalysisFlag::mean, AnalysisFlag::sparsity, AnalysisFlag::numDistinctApprox",1024,0.1,232777
STDDEV,double,"AnalysisFlag::min, AnalysisFlag::max, AnalysisFlag::mean, AnalysisFlag::sparsity, AnalysisFlag::numDistinctApprox",1024,0.1,230613
STDDEV,double,"AnalysisFlag::min, AnalysisFlag::max, AnalysisFlag::mean, AnalysisFlag::sparsity, AnalysisFlag::numDistinctApprox",2048,0.1,590835
STDDEV,double,"AnalysisFlag::min, AnalysisFlag::max, AnalysisFlag::mean, AnalysisFlag::sparsity, AnalysisFlag::numDistinctApprox",2048,0.1,584418
STDDEV,double,"AnalysisFlag::min, AnalysisFlag::max, AnalysisFlag::mean, AnalysisFlag::sparsity, AnalysisFlag::numDistinctApprox",2048,0.1,582968
STDDEV,double,"AnalysisFlag::min, AnalysisFlag::max, AnalysisFlag::mean, AnalysisFlag::sparsity, AnalysisFlag::numDistinctApprox",2048,0.1,584789
STDDEV,double,"AnalysisFlag::min, AnalysisFlag::max, AnalysisFlag::mean, AnalysisFlag::sparsity, AnalysisFlag::numDistinctApprox",2048,0.1,589227
STDDEV,double,"AnalysisFlag::min, AnalysisFlag::max, AnalysisFlag::mean, AnalysisFlag::sparsity, AnalysisFlag::numDistinctApprox",2048,0.1,578957
STDDEV,double,"AnalysisFlag::min, AnalysisFlag::max, AnalysisFlag::mean, AnalysisFlag::sparsity, AnalysisFlag::numDistinctApprox",2048,0.1,583252
STDDEV,double,"AnalysisFlag::min, AnalysisFlag::max, AnalysisFlag::mean, AnalysisFlag::sparsity, AnalysisFlag::numDistinctApprox",2048,0.1,589278
STDDEV,double,"AnalysisFlag::min, AnalysisFlag::max, AnalysisFlag::mean, AnalysisFlag::sparsity, AnalysisFlag::numDistinctApprox",2048,0.1,586357
STDDEV,double,"AnalysisFlag::min, AnalysisFlag::max, AnalysisFlag::mean, AnalysisFlag::sparsity, AnalysisFlag::numDistinctApprox",2048,0.1,589195
STDDEV,double,"AnalysisFlag::min, AnalysisFlag::max, AnalysisFlag::mean, AnalysisFlag::sparsity, AnalysisFlag::numDistinctApprox",4096,0.1,2.03216e+06
STDDEV,double,"AnalysisFlag::min, AnalysisFlag::max, AnalysisFlag::mean, AnalysisFlag::sparsity, AnalysisFlag::numDistinctApprox",4096,0.1,2.06183e+06
STDDEV,double,"AnalysisFlag::min, AnalysisFlag::max, AnalysisFlag::mean, AnalysisFlag::sparsity, AnalysisFlag::numDistinctApprox",4096,0.1,2.02541e+06
STDDEV,double,"AnalysisFlag::min, AnalysisFlag::max, AnalysisFlag::mean, AnalysisFlag::sparsity, AnalysisFlag::numDistinctApprox",4096,0.1,2.00954e+06
STDDEV,double,"AnalysisFlag::min, AnalysisFlag::max, AnalysisFlag::mean, AnalysisFlag::sparsity, AnalysisFlag::numDistinctApprox",4096,0.1,2.00991e+06
STDDEV,double,"AnalysisFlag::min, AnalysisFlag::max, AnalysisFlag::mean, AnalysisFlag::sparsity, AnalysisFlag::numDistinctApprox",4096,0.1,2.01059e+06
STDDEV,double,"AnalysisFlag::min, AnalysisFlag::max, AnalysisFlag::mean, AnalysisFlag::sparsity, AnalysisFlag::numDistinctApprox",4096,0.1,1.99825e+06
STDDEV,double,"AnalysisFlag::min, AnalysisFlag::max, AnalysisFlag::mean, AnalysisFlag::sparsity, AnalysisFlag::numDistinctApprox",4096,0.1,2.03336e+06
STDDEV,double,"AnalysisFlag::min, AnalysisFlag::max, AnalysisFlag::mean, AnalysisFlag::sparsity, AnalysisFlag::numDistinctApprox",4096,0.1,2.02781e+06
STDDEV,double,"AnalysisFlag::min, AnalysisFlag::max, AnalysisFlag::mean, AnalysisFlag::sparsity, AnalysisFlag::numDistinctApprox",4096,0.1,2.02266e+06
STDDEV,int64_t,"AnalysisFlag::min, AnalysisFlag::max, AnalysisFlag::mean, AnalysisFlag::sparsity, AnalysisFlag::numDistinctApprox",1024,0.1,169712
STDDEV,int64_t,"AnalysisFlag::min, AnalysisFlag::max, AnalysisFlag::mean, AnalysisFlag::sparsity, AnalysisFlag::numDistinctApprox",1024,0.1,163640
STDDEV,int64_t,"AnalysisFlag::min, AnalysisFlag::max, AnalysisFlag::mean, AnalysisFlag::sparsity, AnalysisFlag::numDistinctApprox",1024,0.1,164835
STDDEV,int64_t,"AnalysisFlag::min, AnalysisFlag::max, AnalysisFlag::mean, AnalysisFlag::sparsity, AnalysisFlag::numDistinctApprox",1024,0.1,163467
STDDEV,int64_t,"AnalysisFlag::min, AnalysisFlag::max, AnalysisFlag::mean, AnalysisFlag::sparsity, AnalysisFlag::numDistinctApprox",1024,0.1,163243
STDDEV,int64_t,"AnalysisFlag::min, AnalysisFlag::max, AnalysisFlag::mean, AnalysisFlag::sparsity, AnalysisFlag::numDistinctApprox",1024,0.1,158734
STDDEV,int64_t,"AnalysisFlag::min, AnalysisFlag::max, AnalysisFlag::mean, AnalysisFlag::sparsity, AnalysisFlag::numDistinctApprox",1024,0.1,166437
STDDEV,int64_t,"AnalysisFlag::min, AnalysisFlag::max, AnalysisFlag::mean, AnalysisFlag::sparsity, AnalysisFlag::numDistinctApprox",1024,0.1,166886
STDDEV,int64_t,"AnalysisFlag::min, AnalysisFlag::max, AnalysisFlag::mean, AnalysisFlag::sparsity, AnalysisFlag::numDistinctApprox",1024,0.1,161955
STDDEV,int64_t,"AnalysisFlag::min, AnalysisFlag::max, AnalysisFlag::mean, AnalysisFlag::sparsity, AnalysisFlag::numDistinctApprox",1024,0.1,168590
STDDEV,int64_t,"AnalysisFlag::min, AnalysisFlag::max, AnalysisFlag::mean, AnalysisFlag::sparsity, AnalysisFlag::numDistinctApprox",2048,0.1,453366
STDDEV,int64_t,"AnalysisFlag::min, AnalysisFlag::max, AnalysisFlag::mean, AnalysisFlag::sparsity, AnalysisFlag::numDistinctApprox",2048,0.1,444720
STDDEV,int64_t,"AnalysisFlag::min, AnalysisFlag::max, AnalysisFlag::mean, AnalysisFlag::sparsity, AnalysisFlag::numDistinctApprox",2048,0.1,446275
STDDEV,int64_t,"AnalysisFlag::min, AnalysisFlag::max, AnalysisFlag::mean, AnalysisFlag::sparsity, AnalysisFlag::numDistinctApprox",2048,0.1,446881
STDDEV,int64_t,"AnalysisFlag::min, AnalysisFlag::max, AnalysisFlag::mean, AnalysisFlag::sparsity, AnalysisFlag::numDistinctApprox",2048,0.1,444538
STDDEV,int64_t,"AnalysisFlag::min, AnalysisFlag::max, AnalysisFlag::mean, AnalysisFlag::sparsity, AnalysisFlag::numDistinctApprox",2048,0.1,444378
STDDEV,int64_t,"AnalysisFlag::min, AnalysisFlag::max, AnalysisFlag::mean, AnalysisFlag::sparsity, AnalysisFlag::numDistinctApprox",2048,0.1,444362
STDDEV,int64_t,"AnalysisFlag::min, AnalysisFlag::max, AnalysisFlag::mean, AnalysisFlag::sparsity, AnalysisFlag::numDistinctApprox",2048,0.1,443802
STDDEV,int64_t,"AnalysisFlag::min, AnalysisFlag::max, AnalysisFlag::mean, AnalysisFlag::sparsity, AnalysisFlag::numDistinctApprox",2048,0.1,449254
STDDEV,int64_t,"AnalysisFlag::min, AnalysisFlag::max, AnalysisFlag::mean, AnalysisFlag::sparsity, AnalysisFlag::numDistinctApprox",2048,0.1,443815
STDDEV,int64_t,"AnalysisFlag::min, AnalysisFlag::max, AnalysisFlag::mean, AnalysisFlag::sparsity, AnalysisFlag::numDistinctApprox",4096,0.1,1.5888e+06
STDDEV,int64_t,"AnalysisFlag::min, AnalysisFlag::max, AnalysisFlag::mean, AnalysisFlag::sparsity, AnalysisFlag::numDistinctApprox",4096,0.1,1.63849e+06
STDDEV,int64_t,"AnalysisFlag::min, AnalysisFlag::max, AnalysisFlag::mean, AnalysisFlag::sparsity, AnalysisFlag::numDistinctApprox",4096,0.1,1.61167e+06
STDDEV,int64_t,"AnalysisFlag::min, AnalysisFlag::max, AnalysisFlag::mean, AnalysisFlag::sparsity, AnalysisFlag::numDistinctApprox",4096,0.1,1.64317e+06
STDDEV,int64_t,"AnalysisFlag::min, AnalysisFlag::max, AnalysisFlag::mean, AnalysisFlag::sparsity, AnalysisFlag::numDistinctApprox",4096,0.1,1.61355e+06
STDDEV,int64_t,"AnalysisFlag::min, AnalysisFlag::max, AnalysisFlag::mean, AnalysisFlag::sparsity, AnalysisFlag::numDistinctApprox",4096,0.1,1.60432e+06
STDDEV,int64_t,"AnalysisFlag::min, AnalysisFlag::max, AnalysisFlag::mean, AnalysisFlag::sparsity, AnalysisFlag::numDistinctApprox",4096,0.1,1.60743e+06
STDDEV,int64_t,"AnalysisFlag::min, AnalysisFlag::max, AnalysisFlag::mean, AnalysisFlag::sparsity, AnalysisFlag::numDistinctApprox",4096,0.1,1.62346e+06
STDDEV,int64_t,"AnalysisFlag::min, AnalysisFlag::max, AnalysisFlag::mean, AnalysisFlag::sparsity, AnalysisFlag::numDistinctApprox",4096,0.1,1.6235e+06
STDDEV,int64_t,"AnalysisFlag::min, AnalysisFlag::max, AnalysisFlag::mean, AnalysisFlag::sparsity, AnalysisFlag::numDistinctApprox",4096,0.1,1.59931e+06
STDDEV,double,"AnalysisFlag::min, AnalysisFlag::max, AnalysisFlag::mean, AnalysisFlag::sparsity, AnalysisFlag::numDistinctApprox",1024,0.2,324033
STDDEV,double,"AnalysisFlag::min, AnalysisFlag::max, AnalysisFlag::mean, AnalysisFlag::sparsity, AnalysisFlag::numDistinctApprox",1024,0.2,312197
STDDEV,double,"AnalysisFlag::min, AnalysisFlag::max, AnalysisFlag::mean, AnalysisFlag::sparsity, AnalysisFlag::numDistinctApprox",1024,0.2,311924
STDDEV,double,"AnalysisFlag::min, AnalysisFlag::max, AnalysisFlag::mean, AnalysisFlag::sparsity, AnalysisFlag::numDistinctApprox",1024,0.2,310793
STDDEV,double,"AnalysisFlag::min, AnalysisFlag::max, AnalysisFlag::mean, AnalysisFlag::sparsity, AnalysisFlag::numDistinctApprox",1024,0.2,312660
STDDEV,double,"AnalysisFlag::min, AnalysisFlag::max, AnalysisFlag::mean, AnalysisFlag::sparsity, AnalysisFlag::numDistinctApprox",1024,0.2,309411
STDDEV,double,"AnalysisFlag::min, AnalysisFlag::max, AnalysisFlag::mean, AnalysisFlag::sparsity, AnalysisFlag::numDistinctApprox",1024,0.2,309778
STDDEV,double,"AnalysisFlag::min, AnalysisFlag::max, AnalysisFlag::mean, AnalysisFlag::sparsity, AnalysisFlag::numDistinctApprox",1024,0.2,310975
STDDEV,double,"AnalysisFlag::min, AnalysisFlag::max, AnalysisFlag::mean, AnalysisFlag::sparsity, AnalysisFlag::numDistinctApprox",1024,0.2,314039
STDDEV,double,"AnalysisFlag::min, AnalysisFlag::max, AnalysisFlag::mean, AnalysisFlag::sparsity, AnalysisFlag::numDistinctApprox",1024,0.2,313998
STDDEV,double,"AnalysisFlag::min, AnalysisFlag::max, AnalysisFlag::mean, AnalysisFlag::sparsity, AnalysisFlag::numDistinctApprox",2048,0.2,1.00368e+06
STDDEV,double,"AnalysisFlag::min, AnalysisFlag::max, AnalysisFlag::mean, AnalysisFlag::sparsity, AnalysisFlag::numDistinctApprox",2048,0.2,953791
STDDEV,double,"AnalysisFlag::min, AnalysisFlag::max, AnalysisFlag::mean, AnalysisFlag::sparsity, AnalysisFlag::numDistinctApprox",2048,0.2,951266
STDDEV,double,"AnalysisFlag::min, AnalysisFlag::max, AnalysisFlag::mean, AnalysisFlag::sparsity, AnalysisFlag::numDistinctApprox",2048,0.2,944502
STDDEV,double,"AnalysisFlag::min, AnalysisFlag::max, AnalysisFlag::mean, AnalysisFlag::sparsity, AnalysisFlag::numDistinctApprox",2048,0.2,945221
STDDEV,double,"AnalysisFlag::min, AnalysisFlag::max, AnalysisFlag::mean, AnalysisFlag::sparsity, AnalysisFlag::numDistinctApprox",2048,0.2,940242
STDDEV,double,"AnalysisFlag::min, AnalysisFlag::max, AnalysisFlag::mean, AnalysisFlag::sparsity, AnalysisFlag::numDistinctApprox",2048,0.2,936151
STDDEV,double,"AnalysisFlag::min, AnalysisFlag::max, AnalysisFlag::mean, AnalysisFlag::sparsity, AnalysisFlag::numDistinctApprox",2048,0.2,954846
STDDEV,double,"AnalysisFlag::min, AnalysisFlag::max, AnalysisFlag::mean, AnalysisFlag::sparsity, AnalysisFlag::numDistinctApprox",2048,0.2,931510
STDDEV,double,"AnalysisFlag::min, AnalysisFlag::max, AnalysisFlag::mean, AnalysisFlag::sparsity, AnalysisFlag::numDistinctApprox",2048,0.2,945703
STDDEV,double,"AnalysisFlag::min, AnalysisFlag::max, AnalysisFlag::mean, AnalysisFlag::sparsity, AnalysisFlag::numDistinctApprox",4096,0.2,3.87236e+06
STDDEV,double,"AnalysisFlag::min, AnalysisFlag::max, AnalysisFlag::mean, AnalysisFlag::sparsity, AnalysisFlag::numDistinctApprox",4096,0.2,3.94873e+06
STDDEV,double,"AnalysisFlag::min, AnalysisFlag::max, AnalysisFlag::mean, AnalysisFlag::sparsity, AnalysisFlag::numDistinctApprox",4096,0.2,3.84526e+06
STDDEV,double,"AnalysisFlag::min, AnalysisFlag::max, AnalysisFlag::mean, AnalysisFlag::sparsity, AnalysisFlag::numDistinctApprox",4096,0.2,3.906e+06
STDDEV,double,"AnalysisFlag::min, AnalysisFlag::max, AnalysisFlag::mean, AnalysisFlag::sparsity, AnalysisFlag::numDistinctApprox",4096,0.2,3.88317e+06
STDDEV,double,"AnalysisFlag::min, AnalysisFlag::max, AnalysisFlag::mean, AnalysisFlag::sparsity, AnalysisFlag::numDistinctApprox",4096,0.2,3.91465e+06
STDDEV,double,"AnalysisFlag::min, AnalysisFlag::max, AnalysisFlag::mean, AnalysisFlag::sparsity, AnalysisFlag::numDistinctApprox",4096,0.2,3.87573e+06
STDDEV,double,"AnalysisFlag::min, AnalysisFlag::max, AnalysisFlag::mean, AnalysisFlag::sparsity, AnalysisFlag::numDistinctApprox",4096,0.2,3.89584e+06
STDDEV,double,"AnalysisFlag::min, AnalysisFlag::max, AnalysisFlag::mean, AnalysisFlag::sparsity, AnalysisFlag::numDistinctApprox",4096,0.2,3.91916e+06
STDDEV,double,"AnalysisFlag::min, AnalysisFlag::max, AnalysisFlag::mean, AnalysisFlag::sparsity, AnalysisFlag::numDistinctApprox",4096,0.2,3.90916e+06
STDDEV,int64_t,"AnalysisFlag::min, AnalysisFlag::max, AnalysisFlag::mean, AnalysisFlag::sparsity, AnalysisFlag::numDistinctApprox",1024,0.2,234637
STDDEV,int64_t,"AnalysisFlag::min, AnalysisFlag::max, AnalysisFlag::mean, AnalysisFlag::sparsity, AnalysisFlag::numDistinctApprox",1024,0.2,227666
STDDEV,int64_t,"AnalysisFlag::min, AnalysisFlag::max, AnalysisFlag::mean, AnalysisFlag::sparsity, AnalysisFlag::numDistinctApprox",1024,0.2,227422
STDDEV,int64_t,"AnalysisFlag::min, AnalysisFlag::max, AnalysisFlag::mean, AnalysisFlag::sparsity, AnalysisFlag::numDistinctApprox",1024,0.2,220096
STDDEV,int64_t,"AnalysisFlag::min, AnalysisFlag::max, AnalysisFlag::mean, AnalysisFlag::sparsity, AnalysisFlag::numDistinctApprox",1024,0.2,221386
STDDEV,int64_t,"AnalysisFlag::min, AnalysisFlag::max, AnalysisFlag::mean, AnalysisFlag::sparsity, AnalysisFlag::numDistinctApprox",1024,0.2,222315
STDDEV,int64_t,"AnalysisFlag::min, AnalysisFlag::max, AnalysisFlag::mean, AnalysisFlag::sparsity, AnalysisFlag::numDistinctApprox",1024,0.2,224538
STDDEV,int64_t,"AnalysisFlag::min, AnalysisFlag::max, AnalysisFlag::mean, AnalysisFlag::sparsity, AnalysisFlag::numDistinctApprox",1024,0.2,228604
STDDEV,int64_t,"AnalysisFlag::min, AnalysisFlag::max, AnalysisFlag::mean, AnalysisFlag::sparsity, AnalysisFlag::numDistinctApprox",1024,0.2,224979
STDDEV,int64_t,"AnalysisFlag::min, AnalysisFlag::max, AnalysisFlag::mean, AnalysisFlag::sparsity, AnalysisFlag::numDistinctApprox",1024,0.2,222500
STDDEV,int64_t,"AnalysisFlag::min, AnalysisFlag::max, AnalysisFlag::mean, AnalysisFlag::sparsity, AnalysisFlag::numDistinctApprox",2048,0.2,820760
STDDEV,int64_t,"AnalysisFlag::min, AnalysisFlag::max, AnalysisFlag::mean, AnalysisFlag::sparsity, AnalysisFlag::numDistinctApprox",2048,0.2,757050
STDDEV,int64_t,"AnalysisFlag::min, AnalysisFlag::max, AnalysisFlag::mean, AnalysisFlag::sparsity, AnalysisFlag::numDistinctApprox",2048,0.2,717887
STDDEV,int64_t,"AnalysisFlag::min, AnalysisFlag::max, AnalysisFlag::mean, AnalysisFlag::sparsity, AnalysisFlag::numDistinctApprox",2048,0.2,715372
STDDEV,int64_t,"AnalysisFlag::min, AnalysisFlag::max, AnalysisFlag::mean, AnalysisFlag::sparsity, AnalysisFlag::numDistinctApprox",2048,0.2,709691
STDDEV,int64_t,"AnalysisFlag::min, AnalysisFlag::max, AnalysisFlag::mean, AnalysisFlag::sparsity, AnalysisFlag::numDistinctApprox",2048,0.2,706207
STDDEV,int64_t,"AnalysisFlag::min, AnalysisFlag::max, AnalysisFlag::mean, AnalysisFlag::sparsity, AnalysisFlag::numDistinctApprox",2048,0.2,701786
STDDEV,int64_t,"AnalysisFlag::min, AnalysisFlag::max, AnalysisFlag::mean, AnalysisFlag::sparsity, AnalysisFlag::numDistinctApprox",2048,0.2,720159
STDDEV,int64_t,"AnalysisFlag::min, AnalysisFlag::max, AnalysisFlag::mean, AnalysisFlag::sparsity, AnalysisFlag::numDistinctApprox",2048,0.2,713828
STDDEV,int64_t,"AnalysisFlag::min, AnalysisFlag::max, AnalysisFlag::mean, AnalysisFlag::sparsity, AnalysisFlag::numDistinctApprox",2048,0.2,696456
STDDEV,int64_t,"AnalysisFlag::min, AnalysisFlag::max, AnalysisFlag::mean, AnalysisFlag::sparsity, AnalysisFlag::numDistinctApprox",4096,0.2,3.12052e+06
STDDEV,int64_t,"AnalysisFlag::min, AnalysisFlag::max, AnalysisFlag::mean, AnalysisFlag::sparsity, AnalysisFlag::numDistinctApprox",4096,0.2,3.17866e+06
STDDEV,int64_t,"AnalysisFlag::min, AnalysisFlag::max, AnalysisFlag::mean, AnalysisFlag::sparsity, AnalysisFlag::numDistinctApprox",4096,0.2,3.13385e+06
STDDEV,int64_t,"AnalysisFlag::min, AnalysisFlag::max, AnalysisFlag::mean, AnalysisFlag::sparsity, AnalysisFlag::numDistinctApprox",4096,0.2,3.17954e+06
STDDEV,int64_t,"AnalysisFlag::min, AnalysisFlag::max, AnalysisFlag::mean, AnalysisFlag::sparsity, AnalysisFlag::numDistinctApprox",4096,0.2,3.12893e+06
STDDEV,int64_t,"AnalysisFlag::min, AnalysisFlag::max, AnalysisFlag::mean, AnalysisFlag::sparsity, AnalysisFlag::numDistinctApprox",4096,0.2,3.18506e+06
STDDEV,int64_t,"AnalysisFlag::min, AnalysisFlag::max, AnalysisFlag::mean, AnalysisFlag::sparsity, AnalysisFlag::numDistinctApprox",4096,0.2,3.13728e+06
STDDEV,int64_t,"AnalysisFlag::min, AnalysisFlag::max, AnalysisFlag::mean, AnalysisFlag::sparsity, AnalysisFlag::numDistinctApprox",4096,0.2,3.13836e+06
STDDEV,int64_t,"AnalysisFlag::min, AnalysisFlag::max, AnalysisFlag::mean, AnalysisFlag::sparsity, AnalysisFlag::numDistinctApprox",4096,0.2,3.12106e+06
STDDEV,int64_t,"AnalysisFlag::min, AnalysisFlag::max, AnalysisFlag::mean, AnalysisFlag::sparsity, AnalysisFlag::numDistinctApprox",4096,0.2,3.15275e+06
STDDEV,double,"AnalysisFlag::min, AnalysisFlag::max, AnalysisFlag::mean, AnalysisFlag::sparsity, AnalysisFlag::numDistinctApprox",1024,0.25,2.04169e+06
STDDEV,double,"AnalysisFlag::min, AnalysisFlag::max, AnalysisFlag::mean, AnalysisFlag::sparsity, AnalysisFlag::numDistinctApprox",1024,0.25,2.03089e+06
STDDEV,double,"AnalysisFlag::min, AnalysisFlag::max, AnalysisFlag::mean, AnalysisFlag::sparsity, AnalysisFlag::numDistinctApprox",1024,0.25,2.02963e+06
STDDEV,double,"AnalysisFlag::min, AnalysisFlag::max, AnalysisFlag::mean, AnalysisFlag::sparsity, AnalysisFlag::numDistinctApprox",1024,0.25,2.02847e+06
STDDEV,double,"AnalysisFlag::min, AnalysisFlag::max, AnalysisFlag::mean, AnalysisFlag::sparsity, AnalysisFlag::numDistinctApprox",1024,0.25,2.03259e+06
STDDEV,double,"AnalysisFlag::min, AnalysisFlag::max, AnalysisFlag::mean, AnalysisFlag::sparsity, AnalysisFlag::numDistinctApprox",1024,0.25,2.02815e+06
STDDEV,double,"AnalysisFlag::min, AnalysisFlag::max, AnalysisFlag::mean, AnalysisFlag::sparsity, AnalysisFlag::numDistinctApprox",1024,0.25,2.02916e+06
STDDEV,double,"AnalysisFlag::min, AnalysisFlag::max, AnalysisFlag::mean, AnalysisFlag::sparsity, AnalysisFlag::numDistinctApprox",1024,0.25,2.03038e+06
STDDEV,double,"AnalysisFlag::min, AnalysisFlag::max, AnalysisFlag::mean, AnalysisFlag::sparsity, AnalysisFlag::numDistinctApprox",1024,0.25,2.03016e+06
STDDEV,double,"AnalysisFlag::min, AnalysisFlag::max, AnalysisFlag::mean, AnalysisFlag::sparsity, AnalysisFlag::numDistinctApprox",1024,0.25,2.02975e+06
STDDEV,double,"AnalysisFlag::min, AnalysisFlag::max, AnalysisFlag::mean, AnalysisFlag::sparsity, AnalysisFlag::numDistinctApprox",2048,0.25,8.21812e+06
STDDEV,double,"AnalysisFlag::min, AnalysisFlag::max, AnalysisFlag::mean, AnalysisFlag::sparsity, AnalysisFlag::numDistinctApprox",2048,0.25,8.24417e+06
STDDEV,double,"AnalysisFlag::min, AnalysisFlag::max, AnalysisFlag::mean, AnalysisFlag::sparsity, AnalysisFlag::numDistinctApprox",2048,0.25,8.23237e+06
STDDEV,double,"AnalysisFlag::min, AnalysisFlag::max, AnalysisFlag::mean, AnalysisFlag::sparsity, AnalysisFlag::numDistinctApprox",2048,0.25,8.22431e+06
STDDEV,double,"AnalysisFlag::min, AnalysisFlag::max, AnalysisFlag::mean, AnalysisFlag::sparsity, AnalysisFlag::numDistinctApprox",2048,0.25,8.224e+06
STDDEV,double,"AnalysisFlag::min, AnalysisFlag::max, AnalysisFlag::mean, AnalysisFlag::sparsity, AnalysisFlag::numDistinctApprox",2048,0.25,8.23512e+06
STDDEV,double,"AnalysisFlag::min, AnalysisFlag::max, AnalysisFlag::mean, AnalysisFlag::sparsity, AnalysisFlag::numDistinctApprox",2048,0.25,8.23672e+06
STDDEV,double,"AnalysisFlag::min, AnalysisFlag::max, AnalysisFlag::mean, AnalysisFlag::sparsity, AnalysisFlag::numDistinctApprox",2048,0.25,8.22638e+06
STDDEV,double,"AnalysisFlag::min, AnalysisFlag::max, AnalysisFlag::mean, AnalysisFlag::sparsity, AnalysisFlag::numDistinctApprox",2048,0.25,8.22981e+06
STDDEV,double,"AnalysisFlag::min, AnalysisFlag::max, AnalysisFlag::mean, AnalysisFlag::sparsity, AnalysisFlag::numDistinctApprox",2048,0.25,8.22512e+06
STDDEV,double,"AnalysisFlag::min, AnalysisFlag::max, AnalysisFlag::mean, AnalysisFlag::sparsity, AnalysisFlag::numDistinctApprox",4096,0.25,3.27599e+07
STDDEV,double,"AnalysisFlag::min, AnalysisFlag::max, AnalysisFlag::mean, AnalysisFlag::sparsity, AnalysisFlag::numDistinctApprox",4096,0.25,3.27403e+07
STDDEV,double,"AnalysisFlag::min, AnalysisFlag::max, AnalysisFlag::mean, AnalysisFlag::sparsity, AnalysisFlag::numDistinctApprox",4096,0.25,3.27749e+07
STDDEV,double,"AnalysisFlag::min, AnalysisFlag::max, AnalysisFlag::mean, AnalysisFlag::sparsity, AnalysisFlag::numDistinctApprox",4096,0.25,3.2789e+07
STDDEV,double,"AnalysisFlag::min, AnalysisFlag::max, AnalysisFlag::mean, AnalysisFlag::sparsity, AnalysisFlag::numDistinctApprox",4096,0.25,3.27817e+07
STDDEV,double,"AnalysisFlag::min, AnalysisFlag::max, AnalysisFlag::mean, AnalysisFlag::sparsity, AnalysisFlag::numDistinctApprox",4096,0.25,3.27711e+07
STDDEV,double,"AnalysisFlag::min, AnalysisFlag::max, AnalysisFlag::mean, AnalysisFlag::sparsity, AnalysisFlag::numDistinctApprox",4096,0.25,3.27457e+07
STDDEV,double,"AnalysisFlag::min, AnalysisFlag::max, AnalysisFlag::mean, AnalysisFlag::sparsity, AnalysisFlag::numDistinctApprox",4096,0.25,3.27789e+07
STDDEV,double,"AnalysisFlag::min, AnalysisFlag::max, AnalysisFlag::mean, AnalysisFlag::sparsity, AnalysisFlag::numDistinctApprox",4096,0.25,3.27692e+07
STDDEV,double,"AnalysisFlag::min, AnalysisFlag::max, AnalysisFlag::mean, AnalysisFlag::sparsity, AnalysisFlag::numDistinctApprox",4096,0.25,3.27873e+07
STDDEV,int64_t,"AnalysisFlag::min, AnalysisFlag::max, AnalysisFlag::mean, AnalysisFlag::sparsity, AnalysisFlag::numDistinctApprox",1024,0.25,1.8368e+06
STDDEV,int64_t,"AnalysisFlag::min, AnalysisFlag::max, AnalysisFlag::mean, AnalysisFlag::sparsity, AnalysisFlag::numDistinctApprox",1024,0.25,1.82775e+06
STDDEV,int64_t,"AnalysisFlag::min, AnalysisFlag::max, AnalysisFlag::mean, AnalysisFlag::sparsity, AnalysisFlag::numDistinctApprox",1024,0.25,1.71622e+06
STDDEV,int64_t,"AnalysisFlag::min, AnalysisFlag::max, AnalysisFlag::mean, AnalysisFlag::sparsity, AnalysisFlag::numDistinctApprox",1024,0.25,1.83042e+06
STDDEV,int64_t,"AnalysisFlag::min, AnalysisFlag::max, AnalysisFlag::mean, AnalysisFlag::sparsity, AnalysisFlag::numDistinctApprox",1024,0.25,1.81939e+06
STDDEV,int64_t,"AnalysisFlag::min, AnalysisFlag::max, AnalysisFlag::mean, AnalysisFlag::sparsity, AnalysisFlag::numDistinctApprox",1024,0.25,1.82593e+06
STDDEV,int64_t,"AnalysisFlag::min, AnalysisFlag::max, AnalysisFlag::mean, AnalysisFlag::sparsity, AnalysisFlag::numDistinctApprox",1024,0.25,1.75036e+06
STDDEV,int64_t,"AnalysisFlag::min, AnalysisFlag::max, AnalysisFlag::mean, AnalysisFlag::sparsity, AnalysisFlag::numDistinctApprox",1024,0.25,1.79432e+06
STDDEV,int64_t,"AnalysisFlag::min, AnalysisFlag::max, AnalysisFlag::mean, AnalysisFlag::sparsity, AnalysisFlag::numDistinctApprox",1024,0.25,1.79984e+06
STDDEV,int64_t,"AnalysisFlag::min, AnalysisFlag::max, AnalysisFlag::mean, AnalysisFlag::sparsity, AnalysisFlag::numDistinctApprox",1024,0.25,1.82515e+06
STDDEV,int64_t,"AnalysisFlag::min, AnalysisFlag::max, AnalysisFlag::mean, AnalysisFlag::sparsity, AnalysisFlag::numDistinctApprox",2048,0.25,7.60958e+06
STDDEV,int64_t,"AnalysisFlag::min, AnalysisFlag::max, AnalysisFlag::mean, AnalysisFlag::sparsity, AnalysisFlag::numDistinctApprox",2048,0.25,7.60594e+06
STDDEV,int64_t,"AnalysisFlag::min, AnalysisFlag::max, AnalysisFlag::mean, AnalysisFlag::sparsity, AnalysisFlag::numDistinctApprox",2048,0.25,7.57335e+06
STDDEV,int64_t,"AnalysisFlag::min, AnalysisFlag::max, AnalysisFlag::mean, AnalysisFlag::sparsity, AnalysisFlag::numDistinctApprox",2048,0.25,7.59175e+06
STDDEV,int64_t,"AnalysisFlag::min, AnalysisFlag::max, AnalysisFlag::mean, AnalysisFlag::sparsity, AnalysisFlag::numDistinctApprox",2048,0.25,7.57129e+06
STDDEV,int64_t,"AnalysisFlag::min, AnalysisFlag::max, AnalysisFlag::mean, AnalysisFlag::sparsity, AnalysisFlag::numDistinctApprox",2048,0.25,7.59802e+06
STDDEV,int64_t,"AnalysisFlag::min, AnalysisFlag::max, AnalysisFlag::mean, AnalysisFlag::sparsity, AnalysisFlag::numDistinctApprox",2048,0.25,7.60323e+06
STDDEV,int64_t,"AnalysisFlag::min, AnalysisFlag::max, AnalysisFlag::mean, AnalysisFlag::sparsity, AnalysisFlag::numDistinctApprox",2048,0.25,7.58558e+06
STDDEV,int64_t,"AnalysisFlag::min, AnalysisFlag::max, AnalysisFlag::mean, AnalysisFlag::sparsity, AnalysisFlag::numDistinctApprox",2048,0.25,7.57587e+06
STDDEV,int64_t,"AnalysisFlag::min, AnalysisFlag::max, AnalysisFlag::mean, AnalysisFlag::sparsity, AnalysisFlag::numDistinctApprox",2048,0.25,7.60107e+06
STDDEV,int64_t,"AnalysisFlag::min, AnalysisFlag::max, AnalysisFlag::mean, AnalysisFlag::sparsity, AnalysisFlag::numDistinctApprox",4096,0.25,3.01763e+07
STDDEV,int64_t,"AnalysisFlag::min, AnalysisFlag::max, AnalysisFlag::mean, AnalysisFlag::sparsity, AnalysisFlag::numDistinctApprox",4096,0.25,3.01994e+07
STDDEV,int64_t,"AnalysisFlag::min, AnalysisFlag::max, AnalysisFlag::mean, AnalysisFlag::sparsity, AnalysisFlag::numDistinctApprox",4096,0.25,3.02076e+07
STDDEV,int64_t,"AnalysisFlag::min, AnalysisFlag::max, AnalysisFlag::mean, AnalysisFlag::sparsity, AnalysisFlag::numDistinctApprox",4096,0.25,3.02113e+07
STDDEV,int64_t,"AnalysisFlag::min, AnalysisFlag::max, AnalysisFlag::mean, AnalysisFlag::sparsity, AnalysisFlag::numDistinctApprox",4096,0.25,3.02187e+07
STDDEV,int64_t,"AnalysisFlag::min, AnalysisFlag::max, AnalysisFlag::mean, AnalysisFlag::sparsity, AnalysisFlag::numDistinctApprox",4096,0.25,3.02024e+07
STDDEV,int64_t,"AnalysisFlag::min, AnalysisFlag::max, AnalysisFlag::mean, AnalysisFlag::sparsity, AnalysisFlag::numDistinctApprox",4096,0.25,3.02242e+07
STDDEV,int64_t,"AnalysisFlag::min, AnalysisFlag::max, AnalysisFlag::mean, AnalysisFlag::sparsity, AnalysisFlag::numDistinctApprox",4096,0.25,3.02118e+07
STDDEV,int64_t,"AnalysisFlag::min, AnalysisFlag::max, AnalysisFlag::mean, AnalysisFlag::sparsity, AnalysisFlag::numDistinctApprox",4096,0.25,3.02079e+07
STDDEV,int64_t,"AnalysisFlag::min, AnalysisFlag::max, AnalysisFlag::mean, AnalysisFlag::sparsity, AnalysisFlag::numDistinctApprox",4096,0.25,3.01916e+07
STDDEV,double,"AnalysisFlag::min, AnalysisFlag::max, AnalysisFlag::mean, AnalysisFlag::sparsity, AnalysisFlag::numDistinctApprox",1024,1,2.17572e+06
STDDEV,double,"AnalysisFlag::min, AnalysisFlag::max, AnalysisFlag::mean, AnalysisFlag::sparsity, AnalysisFlag::numDistinctApprox",1024,1,2.03145e+06
STDDEV,double,"AnalysisFlag::min, AnalysisFlag::max, AnalysisFlag::mean, AnalysisFlag::sparsity, AnalysisFlag::numDistinctApprox",1024,1,2.03143e+06
STDDEV,double,"AnalysisFlag::min, AnalysisFlag::max, AnalysisFlag::mean, AnalysisFlag::sparsity, AnalysisFlag::numDistinctApprox",1024,1,2.03122e+06
STDDEV,double,"AnalysisFlag::min, AnalysisFlag::max, AnalysisFlag::mean, AnalysisFlag::sparsity, AnalysisFlag::numDistinctApprox",1024,1,2.03128e+06
STDDEV,double,"AnalysisFlag::min, AnalysisFlag::max, AnalysisFlag::mean, AnalysisFlag::sparsity, AnalysisFlag::numDistinctApprox",1024,1,2.03188e+06
STDDEV,double,"AnalysisFlag::min, AnalysisFlag::max, AnalysisFlag::mean, AnalysisFlag::sparsity, AnalysisFlag::numDistinctApprox",1024,1,2.03145e+06
STDDEV,double,"AnalysisFlag::min, AnalysisFlag::max, AnalysisFlag::mean, AnalysisFlag::sparsity, AnalysisFlag::numDistinctApprox",1024,1,2.03208e+06
STDDEV,double,"AnalysisFlag::min, AnalysisFlag::max, AnalysisFlag::mean, AnalysisFlag::sparsity, AnalysisFlag::numDistinctApprox",1024,1,2.03204e+06
STDDEV,double,"AnalysisFlag::min, AnalysisFlag::max, AnalysisFlag::mean, AnalysisFlag::sparsity, AnalysisFlag::numDistinctApprox",1024,1,2.03211e+06
STDDEV,double,"AnalysisFlag::min, AnalysisFlag::max, AnalysisFlag::mean, AnalysisFlag::sparsity, AnalysisFlag::numDistinctApprox",2048,1,8.28983e+06
STDDEV,double,"AnalysisFlag::min, AnalysisFlag::max, AnalysisFlag::mean, AnalysisFlag::sparsity, AnalysisFlag::numDistinctApprox",2048,1,8.22698e+06
STDDEV,double,"AnalysisFlag::min, AnalysisFlag::max, AnalysisFlag::mean, AnalysisFlag::sparsity, AnalysisFlag::numDistinctApprox",2048,1,8.22869e+06
STDDEV,double,"AnalysisFlag::min, AnalysisFlag::max, AnalysisFlag::mean, AnalysisFlag::sparsity, AnalysisFlag::numDistinctApprox",2048,1,8.22184e+06
STDDEV,double,"AnalysisFlag::min, AnalysisFlag::max, AnalysisFlag::mean, AnalysisFlag::sparsity, AnalysisFlag::numDistinctApprox",2048,1,8.23009e+06
STDDEV,double,"AnalysisFlag::min, AnalysisFlag::max, AnalysisFlag::mean, AnalysisFlag::sparsity, AnalysisFlag::numDistinctApprox",2048,1,8.24302e+06
STDDEV,double,"AnalysisFlag::min, AnalysisFlag::max, AnalysisFlag::mean, AnalysisFlag::sparsity, AnalysisFlag::numDistinctApprox",2048,1,8.24177e+06
STDDEV,double,"AnalysisFlag::min, AnalysisFlag::max, AnalysisFlag::mean, AnalysisFlag::sparsity, AnalysisFlag::numDistinctApprox",2048,1,8.23801e+06
STDDEV,double,"AnalysisFlag::min, AnalysisFlag::max, AnalysisFlag::mean, AnalysisFlag::sparsity, AnalysisFlag::numDistinctApprox",2048,1,8.2209e+06
STDDEV,double,"AnalysisFlag::min, AnalysisFlag::max, AnalysisFlag::mean, AnalysisFlag::sparsity, AnalysisFlag::numDistinctApprox",2048,1,8.22703e+06
STDDEV,double,"AnalysisFlag::min, AnalysisFlag::max, AnalysisFlag::mean, AnalysisFlag::sparsity, AnalysisFlag::numDistinctApprox",4096,1,3.28218e+07
STDDEV,double,"AnalysisFlag::min, AnalysisFlag::max, AnalysisFlag::mean, AnalysisFlag::sparsity, AnalysisFlag::numDistinctApprox",4096,1,3.27751e+07
STDDEV,double,"AnalysisFlag::min, AnalysisFlag::max, AnalysisFlag::mean, AnalysisFlag::sparsity, AnalysisFlag::numDistinctApprox",4096,1,3.27519e+07
STDDEV,double,"AnalysisFlag::min, AnalysisFlag::max, AnalysisFlag::mean, AnalysisFlag::sparsity, AnalysisFlag::numDistinctApprox",4096,1,3.27473e+07
STDDEV,double,"AnalysisFlag::min, AnalysisFlag::max, AnalysisFlag::mean, AnalysisFlag::sparsity, AnalysisFlag::numDistinctApprox",4096,1,3.27262e+07
STDDEV,double,"AnalysisFlag::min, AnalysisFlag::max, AnalysisFlag::mean, AnalysisFlag::sparsity, AnalysisFlag::numDistinctApprox",4096,1,3.27285e+07
STDDEV,double,"AnalysisFlag::min, AnalysisFlag::max, AnalysisFlag::mean, AnalysisFlag::sparsity, AnalysisFlag::numDistinctApprox",4096,1,3.27615e+07
STDDEV,double,"AnalysisFlag::min, AnalysisFlag::max, AnalysisFlag::mean, AnalysisFlag::sparsity, AnalysisFlag::numDistinctApprox",4096,1,3.27669e+07
STDDEV,double,"AnalysisFlag::min, AnalysisFlag::max, AnalysisFlag::mean, AnalysisFlag::sparsity, AnalysisFlag::numDistinctApprox",4096,1,3.27634e+07
STDDEV,double,"AnalysisFlag::min, AnalysisFlag::max, AnalysisFlag::mean, AnalysisFlag::sparsity, AnalysisFlag::numDistinctApprox",4096,1,3.27681e+07
STDDEV,int64_t,"AnalysisFlag::min, AnalysisFlag::max, AnalysisFlag::mean, AnalysisFlag::sparsity, AnalysisFlag::numDistinctApprox",1024,1,1.91091e+06
STDDEV,int64_t,"AnalysisFlag::min, AnalysisFlag::max, AnalysisFlag::mean, AnalysisFlag::sparsity, AnalysisFlag::numDistinctApprox",1024,1,1.82715e+06
STDDEV,int64_t,"AnalysisFlag::min, AnalysisFlag::max, AnalysisFlag::mean, AnalysisFlag::sparsity, AnalysisFlag::numDistinctApprox",1024,1,1.78982e+06
STDDEV,int64_t,"AnalysisFlag::min, AnalysisFlag::max, AnalysisFlag::mean, AnalysisFlag::sparsity, AnalysisFlag::numDistinctApprox",1024,1,1.82974e+06
STDDEV,int64_t,"AnalysisFlag::min, AnalysisFlag::max, AnalysisFlag::mean, AnalysisFlag::sparsity, AnalysisFlag::numDistinctApprox",1024,1,1.80081e+06
STDDEV,int64_t,"AnalysisFlag::min, AnalysisFlag::max, AnalysisFlag::mean, AnalysisFlag::sparsity, AnalysisFlag::numDistinctApprox",1024,1,1.82806e+06
STDDEV,int64_t,"AnalysisFlag::min, AnalysisFlag::max, AnalysisFlag::mean, AnalysisFlag::sparsity, AnalysisFlag::numDistinctApprox",1024,1,1.82447e+06
STDDEV,int64_t,"AnalysisFlag::min, AnalysisFlag::max, AnalysisFlag::mean, AnalysisFlag::sparsity, AnalysisFlag::numDistinctApprox",1024,1,1.82724e+06
STDDEV,int64_t,"AnalysisFlag::min, AnalysisFlag::max, AnalysisFlag::mean, AnalysisFlag::sparsity, AnalysisFlag::numDistinctApprox",1024,1,1.78388e+06
STDDEV,int64_t,"AnalysisFlag::min, AnalysisFlag::max, AnalysisFlag::mean, AnalysisFlag::sparsity, AnalysisFlag::numDistinctApprox",1024,1,1.82338e+06
STDDEV,int64_t,"AnalysisFlag::min, AnalysisFlag::max, AnalysisFlag::mean, AnalysisFlag::sparsity, AnalysisFlag::numDistinctApprox",2048,1,7.64595e+06
STDDEV,int64_t,"AnalysisFlag::min, AnalysisFlag::max, AnalysisFlag::mean, AnalysisFlag::sparsity, AnalysisFlag::numDistinctApprox",2048,1,7.60354e+06
STDDEV,int64_t,"AnalysisFlag::min, AnalysisFlag::max, AnalysisFlag::mean, AnalysisFlag::sparsity, AnalysisFlag::numDistinctApprox",2048,1,7.57605e+06
STDDEV,int64_t,"AnalysisFlag::min, AnalysisFlag::max, AnalysisFlag::mean, AnalysisFlag::sparsity, AnalysisFlag::numDistinctApprox",2048,1,7.57174e+06
STDDEV,int64_t,"AnalysisFlag::min, AnalysisFlag::max, AnalysisFlag::mean, AnalysisFlag::sparsity, AnalysisFlag::numDistinctApprox",2048,1,7.5916e+06
STDDEV,int64_t,"AnalysisFlag::min, AnalysisFlag::max, AnalysisFlag::mean, AnalysisFlag::sparsity, AnalysisFlag::numDistinctApprox",2048,1,7.58395e+06
STDDEV,int64_t,"AnalysisFlag::min, AnalysisFlag::max, AnalysisFlag::mean, AnalysisFlag::sparsity, AnalysisFlag::numDistinctApprox",2048,1,7.59785e+06
STDDEV,int64_t,"AnalysisFlag::min, AnalysisFlag::max, AnalysisFlag::mean, AnalysisFlag::sparsity, AnalysisFlag::numDistinctApprox",2048,1,7.59482e+06
STDDEV,int64_t,"AnalysisFlag::min, AnalysisFlag::max, AnalysisFlag::mean, AnalysisFlag::sparsity, AnalysisFlag::numDistinctApprox",2048,1,7.59924e+06
STDDEV,int64_t,"AnalysisFlag::min, AnalysisFlag::max, AnalysisFlag::mean, AnalysisFlag::sparsity, AnalysisFlag::numDistinctApprox",2048,1,7.58118e+06
STDDEV,int64_t,"AnalysisFlag::min, AnalysisFlag::max, AnalysisFlag::mean, AnalysisFlag::sparsity, AnalysisFlag::numDistinctApprox",4096,1,3.02089e+07
STDDEV,int64_t,"AnalysisFlag::min, AnalysisFlag::max, AnalysisFlag::mean, AnalysisFlag::sparsity, AnalysisFlag::numDistinctApprox",4096,1,3.02155e+07
STDDEV,int64_t,"AnalysisFlag::min, AnalysisFlag::max, AnalysisFlag::mean, AnalysisFlag::sparsity, AnalysisFlag::numDistinctApprox",4096,1,3.02e+07
STDDEV,int64_t,"AnalysisFlag::min, AnalysisFlag::max, AnalysisFlag::mean, AnalysisFlag::sparsity, AnalysisFlag::numDistinctApprox",4096,1,3.01966e+07
STDDEV,int64_t,"AnalysisFlag::min, AnalysisFlag::max, AnalysisFlag::mean, AnalysisFlag::sparsity, AnalysisFlag::numDistinctApprox",4096,1,3.02002e+07
STDDEV,int64_t,"AnalysisFlag::min, AnalysisFlag::max, AnalysisFlag::mean, AnalysisFlag::sparsity, AnalysisFlag::numDistinctApprox",4096,1,3.01953e+07
STDDEV,int64_t,"AnalysisFlag::min, AnalysisFlag::max, AnalysisFlag::mean, AnalysisFlag::sparsity, AnalysisFlag::numDistinctApprox",4096,1,3.01994e+07
STDDEV,int64_t,"AnalysisFlag::min, AnalysisFlag::max, AnalysisFlag::mean, AnalysisFlag::sparsity, AnalysisFlag::numDistinctApprox",4096,1,3.01661e+07
STDDEV,int64_t,"AnalysisFlag::min, AnalysisFlag::max, AnalysisFlag::mean, AnalysisFlag::sparsity, AnalysisFlag::numDistinctApprox",4096,1,3.01883e+07
STDDEV,int64_t,"AnalysisFlag::min, AnalysisFlag::max, AnalysisFlag::mean, AnalysisFlag::sparsity, AnalysisFlag::numDistinctApprox",4096,1,3.02008e+07
VAR,double,"AnalysisFlag::min, AnalysisFlag::max, AnalysisFlag::mean, AnalysisFlag::sparsity, AnalysisFlag::numDistinctApprox",1024,0.001,103077
VAR,double,"AnalysisFlag::min, AnalysisFlag::max, AnalysisFlag::mean, AnalysisFlag::sparsity, AnalysisFlag::numDistinctApprox",1024,0.001,98500
VAR,double,"AnalysisFlag::min, AnalysisFlag::max, AnalysisFlag::mean, AnalysisFlag::sparsity, AnalysisFlag::numDistinctApprox",1024,0.001,101116
VAR,double,"AnalysisFlag::min, AnalysisFlag::max, AnalysisFlag::mean, AnalysisFlag::sparsity, AnalysisFlag::numDistinctApprox",1024,0.001,104266
VAR,double,"AnalysisFlag::min, AnalysisFlag::max, AnalysisFlag::mean, AnalysisFlag::sparsity, AnalysisFlag::numDistinctApprox",1024,0.001,104077
VAR,double,"AnalysisFlag::min, AnalysisFlag::max, AnalysisFlag::mean, AnalysisFlag::sparsity, AnalysisFlag::numDistinctApprox",1024,0.001,100643
VAR,double,"AnalysisFlag::min, AnalysisFlag::max, AnalysisFlag::mean, AnalysisFlag::sparsity, AnalysisFlag::numDistinctApprox",1024,0.001,99792
VAR,double,"AnalysisFlag::min, AnalysisFlag::max, AnalysisFlag::mean, AnalysisFlag::sparsity, AnalysisFlag::numDistinctApprox",1024,0.001,104527
VAR,double,"AnalysisFlag::min, AnalysisFlag::max, AnalysisFlag::mean, AnalysisFlag::sparsity, AnalysisFlag::numDistinctApprox",1024,0.001,100703
VAR,double,"AnalysisFlag::min, AnalysisFlag::max, AnalysisFlag::mean, AnalysisFlag::sparsity, AnalysisFlag::numDistinctApprox",1024,0.001,101032
VAR,double,"AnalysisFlag::min, AnalysisFlag::max, AnalysisFlag::mean, AnalysisFlag::sparsity, AnalysisFlag::numDistinctApprox",2048,0.001,235305
VAR,double,"AnalysisFlag::min, AnalysisFlag::max, AnalysisFlag::mean, AnalysisFlag::sparsity, AnalysisFlag::numDistinctApprox",2048,0.001,224558
VAR,double,"AnalysisFlag::min, AnalysisFlag::max, AnalysisFlag::mean, AnalysisFlag::sparsity, AnalysisFlag::numDistinctApprox",2048,0.001,233131
VAR,double,"AnalysisFlag::min, AnalysisFlag::max, AnalysisFlag::mean, AnalysisFlag::sparsity, AnalysisFlag::numDistinctApprox",2048,0.001,230231
VAR,double,"AnalysisFlag::min, AnalysisFlag::max, AnalysisFlag::mean, AnalysisFlag::sparsity, AnalysisFlag::numDistinctApprox",2048,0.001,233193
VAR,double,"AnalysisFlag::min, AnalysisFlag::max, AnalysisFlag::mean, AnalysisFlag::sparsity, AnalysisFlag::numDistinctApprox",2048,0.001,231484
VAR,double,"AnalysisFlag::min, AnalysisFlag::max, AnalysisFlag::mean, AnalysisFlag::sparsity, AnalysisFlag::numDistinctApprox",2048,0.001,229312
VAR,double,"AnalysisFlag::min, AnalysisFlag::max, AnalysisFlag::mean, AnalysisFlag::sparsity, AnalysisFlag::numDistinctApprox",2048,0.001,233008
VAR,double,"AnalysisFlag::min, AnalysisFlag::max, AnalysisFlag::mean, AnalysisFlag::sparsity, AnalysisFlag::numDistinctApprox",2048,0.001,227301
VAR,double,"AnalysisFlag::min, AnalysisFlag::max, AnalysisFlag::mean, AnalysisFlag::sparsity, AnalysisFlag::numDistinctApprox",2048,0.001,236608
VAR,double,"AnalysisFlag::min, AnalysisFlag::max, AnalysisFlag::mean, AnalysisFlag::sparsity, AnalysisFlag::numDistinctApprox",4096,0.001,386011
VAR,double,"AnalysisFlag::min, AnalysisFlag::max, AnalysisFlag::mean, AnalysisFlag::sparsity, AnalysisFlag::numDistinctApprox",4096,0.001,384765
VAR,double,"AnalysisFlag::min, AnalysisFlag::max, AnalysisFlag::mean, AnalysisFlag::sparsity, AnalysisFlag::numDistinctApprox",4096,0.001,379213
VAR,double,"AnalysisFlag::min, AnalysisFlag::max, AnalysisFlag::mean, AnalysisFlag::sparsity, AnalysisFlag::numDistinctApprox",4096,0.001,383077
VAR,double,"AnalysisFlag::min, AnalysisFlag::max, AnalysisFlag::mean, AnalysisFlag::sparsity, AnalysisFlag::numDistinctApprox",4096,0.001,383649
VAR,double,"AnalysisFlag::min, AnalysisFlag::max, AnalysisFlag::mean, AnalysisFlag::sparsity, AnalysisFlag::numDistinctApprox",4096,0.001,388247
VAR,double,"AnalysisFlag::min, AnalysisFlag::max, AnalysisFlag::mean, AnalysisFlag::sparsity, AnalysisFlag::numDistinctApprox",4096,0.001,372607
VAR,double,"AnalysisFlag::min, AnalysisFlag::max, AnalysisFlag::mean, AnalysisFlag::sparsity, AnalysisFlag::numDistinctApprox",4096,0.001,380014
VAR,double,"AnalysisFlag::min, AnalysisFlag::max, AnalysisFlag::mean, AnalysisFlag::sparsity, AnalysisFlag::numDistinctApprox",4096,0.001,391424
VAR,double,"AnalysisFlag::min, AnalysisFlag::max, AnalysisFlag::mean, AnalysisFlag::sparsity, AnalysisFlag::numDistinctApprox",4096,0.001,378330
VAR,int64_t,"AnalysisFlag::min, AnalysisFlag::max, AnalysisFlag::mean, AnalysisFlag::sparsity, AnalysisFlag::numDistinctApprox",1024,0.001,69297
VAR,int64_t,"AnalysisFlag::min, AnalysisFlag::max, AnalysisFlag::mean, AnalysisFlag::sparsity, AnalysisFlag::numDistinctApprox",1024,0.001,65072
VAR,int64_t,"AnalysisFlag::min, AnalysisFlag::max, AnalysisFlag::mean, AnalysisFlag::sparsity, AnalysisFlag::numDistinctApprox",1024,0.001,73223
VAR,int64_t,"AnalysisFlag::min, AnalysisFlag::max, AnalysisFlag::mean, AnalysisFlag::sparsity, AnalysisFlag::numDistinctApprox",1024,0.001,67448
VAR,int64_t,"AnalysisFlag::min, AnalysisFlag::max, AnalysisFlag::mean, AnalysisFlag::sparsity, AnalysisFlag::numDistinctApprox",1024,0.001,64430
VAR,int64_t,"AnalysisFlag::min, AnalysisFlag::max, AnalysisFlag::mean, AnalysisFlag::sparsity, AnalysisFlag::numDistinctApprox",1024,0.001,67669
VAR,int64_t,"AnalysisFlag::min, AnalysisFlag::max, AnalysisFlag::mean, AnalysisFlag::sparsity, AnalysisFlag::numDistinctApprox",1024,0.001,65183
VAR,int64_t,"AnalysisFlag::min, AnalysisFlag::max, AnalysisFlag::mean, AnalysisFlag::sparsity, AnalysisFlag::numDistinctApprox",1024,0.001,67192
VAR,int64_t,"AnalysisFlag::min, AnalysisFlag::max, AnalysisFlag::mean, AnalysisFlag::sparsity, AnalysisFlag::numDistinctApprox",1024,0.001,67645
VAR,int64_t,"AnalysisFlag::min, AnalysisFlag::max, AnalysisFlag::mean, AnalysisFlag::sparsity, AnalysisFlag::numDistinctApprox",1024,0.001,67034
VAR,int64_t,"AnalysisFlag::min, AnalysisFlag::max, AnalysisFlag::mean, AnalysisFlag::sparsity, AnalysisFlag::numDistinctApprox",2048,0.001,160852
VAR,int64_t,"AnalysisFlag::min, AnalysisFlag::max, AnalysisFlag::mean, AnalysisFlag::sparsity, AnalysisFlag::numDistinctApprox",2048,0.001,162911
VAR,int64_t,"AnalysisFlag::min, AnalysisFlag::max, AnalysisFlag::mean, AnalysisFlag::sparsity, AnalysisFlag::numDistinctApprox",2048,0.001,164043
VAR,int64_t,"AnalysisFlag::min, AnalysisFlag::max, AnalysisFlag::mean, AnalysisFlag::sparsity, AnalysisFlag::numDistinctApprox",2048,0.001,163168
VAR,int64_t,"AnalysisFlag::min, AnalysisFlag::max, AnalysisFlag::mean, AnalysisFlag::sparsity, AnalysisFlag::numDistinctApprox",2048,0.001,163971
VAR,int64_t,"AnalysisFlag::min, AnalysisFlag::max, AnalysisFlag::mean, AnalysisFlag::sparsity, AnalysisFlag::numDistinctApprox",2048,0.001,160908
VAR,int64_t,"AnalysisFlag::min, AnalysisFlag::max, AnalysisFlag::mean, AnalysisFlag::sparsity, AnalysisFlag::numDistinctApprox",2048,0.001,160097
VAR,int64_t,"AnalysisFlag::min, AnalysisFlag::max, AnalysisFlag::mean, AnalysisFlag::sparsity, AnalysisFlag::numDistinctApprox",2048,0.001,156902
VAR,int64_t,"AnalysisFlag::min, AnalysisFlag::max, AnalysisFlag::mean, AnalysisFlag::sparsity, AnalysisFlag::numDistinctApprox",2048,0.001,165483
VAR,int64_t,"AnalysisFlag::min, AnalysisFlag::max, AnalysisFlag::mean, AnalysisFlag::sparsity, AnalysisFlag::numDistinctApprox",2048,0.001,161972
VAR,int64_t,"AnalysisFlag::min, AnalysisFlag::max, AnalysisFlag::mean, AnalysisFlag::sparsity, AnalysisFlag::numDistinctApprox",4096,0.001,365587
VAR,int64_t,"AnalysisFlag::min, AnalysisFlag::max, AnalysisFlag::mean, AnalysisFlag::sparsity, AnalysisFlag::numDistinctApprox",4096,0.001,363926
VAR,int64_t,"AnalysisFlag::min, AnalysisFlag::max, AnalysisFlag::mean, AnalysisFlag::sparsity, AnalysisFlag::numDistinctApprox",4096,0.001,366088
VAR,int64_t,"AnalysisFlag::min, AnalysisFlag::max, AnalysisFlag::mean, AnalysisFlag::sparsity, AnalysisFlag::numDistinctApprox",4096,0.001,359596
VAR,int64_t,"AnalysisFlag::min, AnalysisFlag::max, AnalysisFlag::mean, AnalysisFlag::sparsity, AnalysisFlag::numDistinctApprox",4096,0.001,362618
VAR,int64_t,"AnalysisFlag::min, AnalysisFlag::max, AnalysisFlag::mean, AnalysisFlag::sparsity, AnalysisFlag::numDistinctApprox",4096,0.001,363163
VAR,int64_t,"AnalysisFlag::min, AnalysisFlag::max, AnalysisFlag::mean, AnalysisFlag::sparsity, AnalysisFlag::numDistinctApprox",4096,0.001,362645
VAR,int64_t,"AnalysisFlag::min, AnalysisFlag::max, AnalysisFlag::mean, AnalysisFlag::sparsity, AnalysisFlag::numDistinctApprox",4096,0.001,363659
VAR,int64_t,"AnalysisFlag::min, AnalysisFlag::max, AnalysisFlag::mean, AnalysisFlag::sparsity, AnalysisFlag::numDistinctApprox",4096,0.001,367230
VAR,int64_t,"AnalysisFlag::min, AnalysisFlag::max, AnalysisFlag::mean, AnalysisFlag::sparsity, AnalysisFlag::numDistinctApprox",4096,0.001,354067
VAR,double,"AnalysisFlag::min, AnalysisFlag::max, AnalysisFlag::mean, AnalysisFlag::sparsity, AnalysisFlag::numDistinctApprox",1024,0.01,145421
VAR,double,"AnalysisFlag::min, AnalysisFlag::max, AnalysisFlag::mean, AnalysisFlag::sparsity, AnalysisFlag::numDistinctApprox",1024,0.01,142589
VAR,double,"AnalysisFlag::min, AnalysisFlag::max, AnalysisFlag::mean, AnalysisFlag::sparsity, AnalysisFlag::numDistinctApprox",1024,0.01,144817
VAR,double,"AnalysisFlag::min, AnalysisFlag::max, AnalysisFlag::mean, AnalysisFlag::sparsity, AnalysisFlag::numDistinctApprox",1024,0.01,142446
VAR,double,"AnalysisFlag::min, AnalysisFlag::max, AnalysisFlag::mean, AnalysisFlag::sparsity, AnalysisFlag::numDistinctApprox",1024,0.01,139603
VAR,double,"AnalysisFlag::min, AnalysisFlag::max, AnalysisFlag::mean, AnalysisFlag::sparsity, AnalysisFlag::numDistinctApprox",1024,0.01,140302
VAR,double,"AnalysisFlag::min, AnalysisFlag::max, AnalysisFlag::mean, AnalysisFlag::sparsity, AnalysisFlag::numDistinctApprox",1024,0.01,142040
VAR,double,"AnalysisFlag::min, AnalysisFlag::max, AnalysisFlag::mean, AnalysisFlag::sparsity, AnalysisFlag::numDistinctApprox",1024,0.01,142495
VAR,double,"AnalysisFlag::min, AnalysisFlag::max, AnalysisFlag::mean, AnalysisFlag::sparsity, AnalysisFlag::numDistinctApprox",1024,0.01,140593
VAR,double,"AnalysisFlag::min, AnalysisFlag::max, AnalysisFlag::mean, AnalysisFlag::sparsity, AnalysisFlag::numDistinctApprox",1024,0.01,140663
VAR,double,"AnalysisFlag::min, AnalysisFlag::max, AnalysisFlag::mean, AnalysisFlag::sparsity, AnalysisFlag::numDistinctApprox",2048,0.01,279895
VAR,double,"AnalysisFlag::min, AnalysisFlag::max, AnalysisFlag::mean, AnalysisFlag::sparsity, AnalysisFlag::numDistinctApprox",2048,0.01,271449
VAR,double,"AnalysisFlag::min, AnalysisFlag::max, AnalysisFlag::mean, AnalysisFlag::sparsity, AnalysisFlag::numDistinctApprox",2048,0.01,274053
VAR,double,"AnalysisFlag::min, AnalysisFlag::max, AnalysisFlag::mean, AnalysisFlag::sparsity, AnalysisFlag::numDistinctApprox",2048,0.01,270305
VAR,double,"AnalysisFlag::min, AnalysisFlag::max, AnalysisFlag::mean, AnalysisFlag::sparsity, AnalysisFlag::numDistinctApprox",2048,0.01,277273
VAR,double,"AnalysisFlag::min, AnalysisFlag::max, AnalysisFlag::mean, AnalysisFlag::sparsity, AnalysisFlag::numDistinctApprox",2048,0.01,272238
VAR,double,"AnalysisFlag::min, AnalysisFlag::max, AnalysisFlag::mean, AnalysisFlag::sparsity, AnalysisFlag::numDistinctApprox",2048,0.01,269488
VAR,double,"AnalysisFlag::min, AnalysisFlag::max, AnalysisFlag::mean, AnalysisFlag::sparsity, AnalysisFlag::numDistinctApprox",2048,0.01,274665
VAR,double,"AnalysisFlag::min, AnalysisFlag::max, AnalysisFlag::mean, AnalysisFlag::sparsity, AnalysisFlag::numDistinctApprox",2048,0.01,271960
VAR,double,"AnalysisFlag::min, AnalysisFlag::max, AnalysisFlag::mean, AnalysisFlag::sparsity, AnalysisFlag::numDistinctApprox",2048,0.01,276268
VAR,double,"AnalysisFlag::min, AnalysisFlag::max, AnalysisFlag::mean, AnalysisFlag::sparsity, AnalysisFlag::numDistinctApprox",4096,0.01,514629
VAR,double,"AnalysisFlag::min, AnalysisFlag::max, AnalysisFlag::mean, AnalysisFlag::sparsity, AnalysisFlag::numDistinctApprox",4096,0.01,506622
VAR,double,"AnalysisFlag::min, AnalysisFlag::max, AnalysisFlag::mean, AnalysisFlag::sparsity, AnalysisFlag::numDistinctApprox",4096,0.01,509424
VAR,double,"AnalysisFlag::min, AnalysisFlag::max, AnalysisFlag::mean, AnalysisFlag::sparsity, AnalysisFlag::numDistinctApprox",4096,0.01,509624
VAR,double,"AnalysisFlag::min, AnalysisFlag::max, AnalysisFlag::mean, AnalysisFlag::sparsity, AnalysisFlag::numDistinctApprox",4096,0.01,520333
VAR,double,"AnalysisFlag::min, AnalysisFlag::max, AnalysisFlag::mean, AnalysisFlag::sparsity, AnalysisFlag::numDistinctApprox",4096,0.01,505202
VAR,double,"AnalysisFlag::min, AnalysisFlag::max, AnalysisFlag::mean, AnalysisFlag::sparsity, AnalysisFlag::numDistinctApprox",4096,0.01,516157
VAR,double,"AnalysisFlag::min, AnalysisFlag::max, AnalysisFlag::mean, AnalysisFlag::sparsity, AnalysisFlag::numDistinctApprox",4096,0.01,506491
VAR,double,"AnalysisFlag::min, AnalysisFlag::max, AnalysisFlag::mean, AnalysisFlag::sparsity, AnalysisFlag::numDistinctApprox",4096,0.01,506542
VAR,double,"AnalysisFlag::min, AnalysisFlag::max, AnalysisFlag::mean, AnalysisFlag::sparsity, AnalysisFlag::numDistinctApprox",4096,0.01,507948
VAR,int64_t,"AnalysisFlag::min, AnalysisFlag::max, AnalysisFlag::mean, AnalysisFlag::sparsity, AnalysisFlag::numDistinctApprox",1024,0.01,117624
VAR,int64_t,"AnalysisFlag::min, AnalysisFlag::max, AnalysisFlag::mean, AnalysisFlag::sparsity, AnalysisFlag::numDistinctApprox",1024,0.01,114011
VAR,int64_t,"AnalysisFlag::min, AnalysisFlag::max, AnalysisFlag::mean, AnalysisFlag::sparsity, AnalysisFlag::numDistinctApprox",1024,0.01,116299
VAR,int64_t,"AnalysisFlag::min, AnalysisFlag::max, AnalysisFlag::mean, AnalysisFlag::sparsity, AnalysisFlag::numDistinctApprox",1024,0.01,114659
VAR,int64_t,"AnalysisFlag::min, AnalysisFlag::max, AnalysisFlag::mean, AnalysisFlag::sparsity, AnalysisFlag::numDistinctApprox",1024,0.01,113872
VAR,int64_t,"AnalysisFlag::min, AnalysisFlag::max, AnalysisFlag::mean, AnalysisFlag::sparsity, AnalysisFlag::numDistinctApprox",1024,0.01,116614
VAR,int64_t,"AnalysisFlag::min, AnalysisFlag::max, AnalysisFlag::mean, AnalysisFlag::sparsity, AnalysisFlag::numDistinctApprox",1024,0.01,113734
VAR,int64_t,"AnalysisFlag::min, AnalysisFlag::max, AnalysisFlag::mean, AnalysisFlag::sparsity, AnalysisFlag::numDistinctApprox",1024,0.01,115545
VAR,int64_t,"AnalysisFlag::min, AnalysisFlag::max, AnalysisFlag::mean, AnalysisFlag::sparsity, AnalysisFlag::numDistinctApprox",1024,0.01,113358
VAR,int64_t,"AnalysisFlag::min, AnalysisFlag::max, AnalysisFlag::mean, AnalysisFlag::sparsity, AnalysisFlag::numDistinctApprox",1024,0.01,116359
VAR,int64_t,"AnalysisFlag::min, AnalysisFlag::max, AnalysisFlag::mean, AnalysisFlag::sparsity, AnalysisFlag::numDistinctApprox",2048,0.01,250219
VAR,int64_t,"AnalysisFlag::min, AnalysisFlag::max, AnalysisFlag::mean, AnalysisFlag::sparsity, AnalysisFlag::numDistinctApprox",2048,0.01,249183
VAR,int64_t,"AnalysisFlag::min, AnalysisFlag::max, AnalysisFlag::mean, AnalysisFlag::sparsity, AnalysisFlag::numDistinctApprox",2048,0.01,254152
VAR,int64_t,"AnalysisFlag::min, AnalysisFlag::max, AnalysisFlag::mean, AnalysisFlag::sparsity, AnalysisFlag::numDistinctApprox",2048,0.01,248533
VAR,int64_t,"AnalysisFlag::min, AnalysisFlag::max, AnalysisFlag::mean, AnalysisFlag::sparsity, AnalysisFlag::numDistinctApprox",2048,0.01,249347
VAR,int64_t,"AnalysisFlag::min, AnalysisFlag::max, AnalysisFlag::mean, AnalysisFlag::sparsity, AnalysisFlag::numDistinctApprox",2048,0.01,252663
VAR,int64_t,"AnalysisFlag::min, AnalysisFlag::max, AnalysisFlag::mean, AnalysisFlag::sparsity, AnalysisFlag::numDistinctApprox",2048,0.01,250882
VAR,int64_t,"AnalysisFlag::min, AnalysisFlag::max, AnalysisFlag::mean, AnalysisFlag::sparsity, AnalysisFlag::numDistinctApprox",2048,0.01,251469
VAR,int64_t,"AnalysisFlag::min, AnalysisFlag::max, AnalysisFlag::mean, AnalysisFlag::sparsity, AnalysisFlag::numDistinctApprox",2048,0.01,249110
VAR,int64_t,"AnalysisFlag::min, AnalysisFlag::max, AnalysisFlag::mean, AnalysisFlag::sparsity, AnalysisFlag::numDistinctApprox",2048,0.01,254670
VAR,int64_t,"AnalysisFlag::min, AnalysisFlag::max, AnalysisFlag::mean, AnalysisFlag::sparsity, AnalysisFlag::numDistinctApprox",4096,0.01,523614
VAR,int64_t,"AnalysisFlag::min, AnalysisFlag::max, AnalysisFlag::mean, AnalysisFlag::sparsity, AnalysisFlag::numDistinctApprox",4096,0.01,535459
VAR,int64_t,"AnalysisFlag::min, AnalysisFlag::max, AnalysisFlag::mean, AnalysisFlag::sparsity, AnalysisFlag::numDistinctApprox",4096,0.01,536016
VAR,int64_t,"AnalysisFlag::min, AnalysisFlag::max, AnalysisFlag::mean, AnalysisFlag::sparsity, AnalysisFlag::numDistinctApprox",4096,0.01,538022
VAR,int64_t,"AnalysisFlag::min, AnalysisFlag::max, AnalysisFlag::mean, AnalysisFlag::sparsity, AnalysisFlag::numDistinctApprox",4096,0.01,532890
VAR,int64_t,"AnalysisFlag::min, AnalysisFlag::max, AnalysisFlag::mean, AnalysisFlag::sparsity, AnalysisFlag::numDistinctApprox",4096,0.01,529036
VAR,int64_t,"AnalysisFlag::min, AnalysisFlag::max, AnalysisFlag::mean, AnalysisFlag::sparsity, AnalysisFlag::numDistinctApprox",4096,0.01,522255
VAR,int64_t,"AnalysisFlag::min, AnalysisFlag::max, AnalysisFlag::mean, AnalysisFlag::sparsity, AnalysisFlag::numDistinctApprox",4096,0.01,530463
VAR,int64_t,"AnalysisFlag::min, AnalysisFlag::max, AnalysisFlag::mean, AnalysisFlag::sparsity, AnalysisFlag::numDistinctApprox",4096,0.01,535682
VAR,int64_t,"AnalysisFlag::min, AnalysisFlag::max, AnalysisFlag::mean, AnalysisFlag::sparsity, AnalysisFlag::numDistinctApprox",4096,0.01,542451
VAR,double,"AnalysisFlag::min, AnalysisFlag::max, AnalysisFlag::mean, AnalysisFlag::sparsity, AnalysisFlag::numDistinctApprox",1024,0.05,182642
VAR,double,"AnalysisFlag::min, AnalysisFlag::max, AnalysisFlag::mean, AnalysisFlag::sparsity, AnalysisFlag::numDistinctApprox",1024,0.05,181506
VAR,double,"AnalysisFlag::min, AnalysisFlag::max, AnalysisFlag::mean, AnalysisFlag::sparsity, AnalysisFlag::numDistinctApprox",1024,0.05,185993
VAR,double,"AnalysisFlag::min, AnalysisFlag::max, AnalysisFlag::mean, AnalysisFlag::sparsity, AnalysisFlag::numDistinctApprox",1024,0.05,182877
VAR,double,"AnalysisFlag::min, AnalysisFlag::max, AnalysisFlag::mean, AnalysisFlag::sparsity, AnalysisFlag::numDistinctApprox",1024,0.05,184172
VAR,double,"AnalysisFlag::min, AnalysisFlag::max, AnalysisFlag::mean, AnalysisFlag::sparsity, AnalysisFlag::numDistinctApprox",1024,0.05,182237
VAR,double,"AnalysisFlag::min, AnalysisFlag::max, AnalysisFlag::mean, AnalysisFlag::sparsity, AnalysisFlag::numDistinctApprox",1024,0.05,182334
VAR,double,"AnalysisFlag::min, AnalysisFlag::max, AnalysisFlag::mean, AnalysisFlag::sparsity, AnalysisFlag::numDistinctApprox",1024,0.05,180803
VAR,double,"AnalysisFlag::min, AnalysisFlag::max, AnalysisFlag::mean, AnalysisFlag::sparsity, AnalysisFlag::numDistinctApprox",1024,0.05,182051
VAR,double,"AnalysisFlag::min, AnalysisFlag::max, AnalysisFlag::mean, AnalysisFlag::sparsity, AnalysisFlag::numDistinctApprox",1024,0.05,179501
VAR,double,"AnalysisFlag::min, AnalysisFlag::max, AnalysisFlag::mean, AnalysisFlag::sparsity, AnalysisFlag::numDistinctApprox",2048,0.05,406609
VAR,double,"AnalysisFlag::min, AnalysisFlag::max, AnalysisFlag::mean, AnalysisFlag::sparsity, AnalysisFlag::numDistinctApprox",2048,0.05,408608
VAR,double,"AnalysisFlag::min, AnalysisFlag::max, AnalysisFlag::mean, AnalysisFlag::sparsity, AnalysisFlag::numDistinctApprox",2048,0.05,413275
VAR,double,"AnalysisFlag::min, AnalysisFlag::max, AnalysisFlag::mean, AnalysisFlag::sparsity, AnalysisFlag::numDistinctApprox",2048,0.05,410923
VAR,double,"AnalysisFlag::min, AnalysisFlag::max, AnalysisFlag::mean, AnalysisFlag::sparsity, AnalysisFlag::numDistinctApprox",2048,0.05,409082
VAR,double,"AnalysisFlag::min, AnalysisFlag::max, AnalysisFlag::mean, AnalysisFlag::sparsity, AnalysisFlag::numDistinctApprox",2048,0.05,413449
VAR,double,"AnalysisFlag::min, AnalysisFlag::max, AnalysisFlag::mean, AnalysisFlag::sparsity, AnalysisFlag::numDistinctApprox",2048,0.05,409202
VAR,double,"AnalysisFlag::min, AnalysisFlag::max, AnalysisFlag::mean, AnalysisFlag::sparsity, AnalysisFlag::numDistinctApprox",2048,0.05,410939
VAR,double,"AnalysisFlag::min, AnalysisFlag::max, AnalysisFlag::mean, AnalysisFlag::sparsity, AnalysisFlag::numDistinctApprox",2048,0.05,409847
VAR,double,"AnalysisFlag::min, AnalysisFlag::max, AnalysisFlag::mean, AnalysisFlag::sparsity, AnalysisFlag::numDistinctApprox",2048,0.05,411140
VAR,double,"AnalysisFlag::min, AnalysisFlag::max, AnalysisFlag::mean, AnalysisFlag::sparsity, AnalysisFlag::numDistinctApprox",4096,0.05,1.16813e+06
VAR,double,"AnalysisFlag::min, AnalysisFlag::max, AnalysisFlag::mean, AnalysisFlag::sparsity, AnalysisFlag::numDistinctApprox",4096,0.05,1.10022e+06
VAR,double,"AnalysisFlag::min, AnalysisFlag::max, AnalysisFlag::mean, AnalysisFlag::sparsity, AnalysisFlag::numDistinctApprox",4096,0.05,1.04927e+06
VAR,double,"AnalysisFlag::min, AnalysisFlag::max, AnalysisFlag::mean, AnalysisFlag::sparsity, AnalysisFlag::numDistinctApprox",4096,0.05,1.05701e+06
VAR,double,"AnalysisFlag::min, AnalysisFlag::max, AnalysisFlag::mean, AnalysisFlag::sparsity, AnalysisFlag::numDistinctApprox",4096,0.05,1.05677e+06
VAR,double,"AnalysisFlag::min, AnalysisFlag::max, AnalysisFlag::mean, AnalysisFlag::sparsity, AnalysisFlag::numDistinctApprox",4096,0.05,1.06133e+06
VAR,double,"AnalysisFlag::min, AnalysisFlag::max, AnalysisFlag::mean, AnalysisFlag::sparsity, AnalysisFlag::numDistinctApprox",4096,0.05,1.05604e+06
VAR,double,"AnalysisFlag::min, AnalysisFlag::max, AnalysisFlag::mean, AnalysisFlag::sparsity, AnalysisFlag::numDistinctApprox",4096,0.05,1.05122e+06
VAR,double,"AnalysisFlag::min, AnalysisFlag::max, AnalysisFlag::mean, AnalysisFlag::sparsity, AnalysisFlag::numDistinctApprox",4096,0.05,1.05475e+06
VAR,double,"AnalysisFlag::min, AnalysisFlag::max, AnalysisFlag::mean, AnalysisFlag::sparsity, AnalysisFlag::numDistinctApprox",4096,0.05,1.05697e+06
VAR,int64_t,"AnalysisFlag::min, AnalysisFlag::max, AnalysisFlag::mean, AnalysisFlag::sparsity, AnalysisFlag::numDistinctApprox",1024,0.05,154210
VAR,int64_t,"AnalysisFlag::min, AnalysisFlag::max, AnalysisFlag::mean, AnalysisFlag::sparsity, AnalysisFlag::numDistinctApprox",1024,0.05,152553
VAR,int64_t,"AnalysisFlag::min, AnalysisFlag::max, AnalysisFlag::mean, AnalysisFlag::sparsity, AnalysisFlag::numDistinctApprox",1024,0.05,152452
VAR,int64_t,"AnalysisFlag::min, AnalysisFlag::max, AnalysisFlag::mean, AnalysisFlag::sparsity, AnalysisFlag::numDistinctApprox",1024,0.05,151625
VAR,int64_t,"AnalysisFlag::min, AnalysisFlag::max, AnalysisFlag::mean, AnalysisFlag::sparsity, AnalysisFlag::numDistinctApprox",1024,0.05,151678
VAR,int64_t,"AnalysisFlag::min, AnalysisFlag::max, AnalysisFlag::mean, AnalysisFlag::sparsity, AnalysisFlag::numDistinctApprox",1024,0.05,149717
VAR,int64_t,"AnalysisFlag::min, AnalysisFlag::max, AnalysisFlag::mean, AnalysisFlag::sparsity, AnalysisFlag::numDistinctApprox",1024,0.05,151932
VAR,int64_t,"AnalysisFlag::min, AnalysisFlag::max, AnalysisFlag::mean, AnalysisFlag::sparsity, AnalysisFlag::numDistinctApprox",1024,0.05,154329
VAR,int64_t,"AnalysisFlag::min, AnalysisFlag::max, AnalysisFlag::mean, AnalysisFlag::sparsity, AnalysisFlag::numDistinctApprox",1024,0.05,150450
VAR,int64_t,"AnalysisFlag::min, AnalysisFlag::max, AnalysisFlag::mean, AnalysisFlag::sparsity, AnalysisFlag::numDistinctApprox",1024,0.05,150724
VAR,int64_t,"AnalysisFlag::min, AnalysisFlag::max, AnalysisFlag::mean, AnalysisFlag::sparsity, AnalysisFlag::numDistinctApprox",2048,0.05,357099
VAR,int64_t,"AnalysisFlag::min, AnalysisFlag::max, AnalysisFlag::mean, AnalysisFlag::sparsity, AnalysisFlag::numDistinctApprox",2048,0.05,362530
VAR,int64_t,"AnalysisFlag::min, AnalysisFlag::max, AnalysisFlag::mean, AnalysisFlag::sparsity, AnalysisFlag::numDistinctApprox",2048,0.05,361596
VAR,int64_t,"AnalysisFlag::min, AnalysisFlag::max, AnalysisFlag::mean, AnalysisFlag::sparsity, AnalysisFlag::numDistinctApprox",2048,0.05,355987
VAR,int64_t,"AnalysisFlag::min, AnalysisFlag::max, AnalysisFlag::mean, AnalysisFlag::sparsity, AnalysisFlag::numDistinctApprox",2048,0.05,359206
VAR,int64_t,"AnalysisFlag::min, AnalysisFlag::max, AnalysisFlag::mean, AnalysisFlag::sparsity, AnalysisFlag::numDistinctApprox",2048,0.05,353526
VAR,int64_t,"AnalysisFlag::min, AnalysisFlag::max, AnalysisFlag::mean, AnalysisFlag::sparsity, AnalysisFlag::numDistinctApprox",2048,0.05,358835
VAR,int64_t,"AnalysisFlag::min, AnalysisFlag::max, AnalysisFlag::mean, AnalysisFlag::sparsity, AnalysisFlag::numDistinctApprox",2048,0.05,355173
VAR,int64_t,"AnalysisFlag::min, AnalysisFlag::max, AnalysisFlag::mean, AnalysisFlag::sparsity, AnalysisFlag::numDistinctApprox",2048,0.05,355465
VAR,int64_t,"AnalysisFlag::min, AnalysisFlag::max, AnalysisFlag::mean, AnalysisFlag::sparsity, AnalysisFlag::numDistinctApprox",2048,0.05,360081
VAR,int64_t,"AnalysisFlag::min, AnalysisFlag::max, AnalysisFlag::mean, AnalysisFlag::sparsity, AnalysisFlag::numDistinctApprox",4096,0.05,937103
VAR,int64_t,"AnalysisFlag::min, AnalysisFlag::max, AnalysisFlag::mean, AnalysisFlag::sparsity, AnalysisFlag::numDistinctApprox",4096,0.05,932250
VAR,int64_t,"AnalysisFlag::min, AnalysisFlag::max, AnalysisFlag::mean, AnalysisFlag::sparsity, AnalysisFlag::numDistinctApprox",4096,0.05,923506
VAR,int64_t,"AnalysisFlag::min, AnalysisFlag::max, AnalysisFlag::mean, AnalysisFlag::sparsity, AnalysisFlag::numDistinctApprox",4096,0.05,928124
VAR,int64_t,"AnalysisFlag::min, AnalysisFlag::max, AnalysisFlag::mean, AnalysisFlag::sparsity, AnalysisFlag::numDistinctApprox",4096,0.05,917684
VAR,int64_t,"AnalysisFlag::min, AnalysisFlag::max, AnalysisFlag::mean, AnalysisFlag::sparsity, AnalysisFlag::numDistinctApprox",4096,0.05,920281
VAR,int64_t,"AnalysisFlag::min, AnalysisFlag::max, AnalysisFlag::mean, AnalysisFlag::sparsity, AnalysisFlag::numDistinctApprox",4096,0.05,942270
VAR,int64_t,"AnalysisFlag::min, AnalysisFlag::max, AnalysisFlag::mean, AnalysisFlag::sparsity, AnalysisFlag::numDistinctApprox",4096,0.05,918340
VAR,int64_t,"AnalysisFlag::min, AnalysisFlag::max, AnalysisFlag::mean, AnalysisFlag::sparsity, AnalysisFlag::numDistinctApprox",4096,0.05,910134
VAR,int64_t,"AnalysisFlag::min, AnalysisFlag::max, AnalysisFlag::mean, AnalysisFlag::sparsity, AnalysisFlag::numDistinctApprox",4096,0.05,913974
VAR,double,"AnalysisFlag::min, AnalysisFlag::max, AnalysisFlag::mean, AnalysisFlag::sparsity, AnalysisFlag::numDistinctApprox",1024,0.1,227774
VAR,double,"AnalysisFlag::min, AnalysisFlag::max, AnalysisFlag::mean, AnalysisFlag::sparsity, AnalysisFlag::numDistinctApprox",1024,0.1,221463
VAR,double,"AnalysisFlag::min, AnalysisFlag::max, AnalysisFlag::mean, AnalysisFlag::sparsity, AnalysisFlag::numDistinctApprox",1024,0.1,227045
VAR,double,"AnalysisFlag::min, AnalysisFlag::max, AnalysisFlag::mean, AnalysisFlag::sparsity, AnalysisFlag::numDistinctApprox",1024,0.1,220577
VAR,double,"AnalysisFlag::min, AnalysisFlag::max, AnalysisFlag::mean, AnalysisFlag::sparsity, AnalysisFlag::numDistinctApprox",1024,0.1,224462
VAR,double,"AnalysisFlag::min, AnalysisFlag::max, AnalysisFlag::mean, AnalysisFlag::sparsity, AnalysisFlag::numDistinctApprox",1024,0.1,228929
VAR,double,"AnalysisFlag::min, AnalysisFlag::max, AnalysisFlag::mean, AnalysisFlag::sparsity, AnalysisFlag::numDistinctApprox",1024,0.1,222292
VAR,double,"AnalysisFlag::min, AnalysisFlag::max, AnalysisFlag::mean, AnalysisFlag::sparsity, AnalysisFlag::numDistinctApprox",1024,0.1,223902
VAR,double,"AnalysisFlag::min, AnalysisFlag::max, AnalysisFlag::mean, AnalysisFlag::sparsity, AnalysisFlag::numDistinctApprox",1024,0.1,222617
VAR,double,"AnalysisFlag::min, AnalysisFlag::max, AnalysisFlag::mean, AnalysisFlag::sparsity, AnalysisFlag::numDistinctApprox",1024,0.1,226765
VAR,double,"AnalysisFlag::min, AnalysisFlag::max, AnalysisFlag::mean, AnalysisFlag::sparsity, AnalysisFlag::numDistinctApprox",2048,0.1,575853
VAR,double,"AnalysisFlag::min, AnalysisFlag::max, AnalysisFlag::mean, AnalysisFlag::sparsity, AnalysisFlag::numDistinctApprox",2048,0.1,573704
VAR,double,"AnalysisFlag::min, AnalysisFlag::max, AnalysisFlag::mean, AnalysisFlag::sparsity, AnalysisFlag::numDistinctApprox",2048,0.1,575579
VAR,double,"AnalysisFlag::min, AnalysisFlag::max, AnalysisFlag::mean, AnalysisFlag::sparsity, AnalysisFlag::numDistinctApprox",2048,0.1,581822
VAR,double,"AnalysisFlag::min, AnalysisFlag::max, AnalysisFlag::mean, AnalysisFlag::sparsity, AnalysisFlag::numDistinctApprox",2048,0.1,572111
VAR,double,"AnalysisFlag::min, AnalysisFlag::max, AnalysisFlag::mean, AnalysisFlag::sparsity, AnalysisFlag::numDistinctApprox",2048,0.1,576617
VAR,double,"AnalysisFlag::min, AnalysisFlag::max, AnalysisFlag::mean, AnalysisFlag::sparsity, AnalysisFlag::numDistinctApprox",2048,0.1,582531
VAR,double,"AnalysisFlag::min, AnalysisFlag::max, AnalysisFlag::mean, AnalysisFlag::sparsity, AnalysisFlag::numDistinctApprox",2048,0.1,574750
VAR,double,"AnalysisFlag::min, AnalysisFlag::max, AnalysisFlag::mean, AnalysisFlag::sparsity, AnalysisFlag::numDistinctApprox",2048,0.1,576829
VAR,double,"AnalysisFlag::min, AnalysisFlag::max, AnalysisFlag::mean, AnalysisFlag::sparsity, AnalysisFlag::numDistinctApprox",2048,0.1,569762
VAR,double,"AnalysisFlag::min, AnalysisFlag::max, AnalysisFlag::mean, AnalysisFlag::sparsity, AnalysisFlag::numDistinctApprox",4096,0.1,2.02106e+06
VAR,double,"AnalysisFlag::min, AnalysisFlag::max, AnalysisFlag::mean, AnalysisFlag::sparsity, AnalysisFlag::numDistinctApprox",4096,0.1,2.05792e+06
VAR,double,"AnalysisFlag::min, AnalysisFlag::max, AnalysisFlag::mean, AnalysisFlag::sparsity, AnalysisFlag::numDistinctApprox",4096,0.1,2.00096e+06
VAR,double,"AnalysisFlag::min, AnalysisFlag::max, AnalysisFlag::mean, AnalysisFlag::sparsity, AnalysisFlag::numDistinctApprox",4096,0.1,1.99405e+06
VAR,double,"AnalysisFlag::min, AnalysisFlag::max, AnalysisFlag::mean, AnalysisFlag::sparsity, AnalysisFlag::numDistinctApprox",4096,0.1,1.99198e+06
VAR,double,"AnalysisFlag::min, AnalysisFlag::max, AnalysisFlag::mean, AnalysisFlag::sparsity, AnalysisFlag::numDistinctApprox",4096,0.1,2.00027e+06
VAR,double,"AnalysisFlag::min, AnalysisFlag::max, AnalysisFlag::mean, AnalysisFlag::sparsity, AnalysisFlag::numDistinctApprox",4096,0.1,2.00204e+06
VAR,double,"AnalysisFlag::min, AnalysisFlag::max, AnalysisFlag::mean, AnalysisFlag::sparsity, AnalysisFlag::numDistinctApprox",4096,0.1,1.99588e+06
VAR,double,"AnalysisFlag::min, AnalysisFlag::max, AnalysisFlag::mean, AnalysisFlag::sparsity, AnalysisFlag::numDistinctApprox",4096,0.1,2.03027e+06
VAR,double,"AnalysisFlag::min, AnalysisFlag::max, AnalysisFlag::mean, AnalysisFlag::sparsity, AnalysisFlag::numDistinctApprox",4096,0.1,2.02494e+06
VAR,int64_t,"AnalysisFlag::min, AnalysisFlag::max, AnalysisFlag::mean, AnalysisFlag::sparsity, AnalysisFlag::numDistinctApprox",1024,0.1,187468
VAR,int64_t,"AnalysisFlag::min, AnalysisFlag::max, AnalysisFlag::mean, AnalysisFlag::sparsity, AnalysisFlag::numDistinctApprox",1024,0.1,183757
VAR,int64_t,"AnalysisFlag::min, AnalysisFlag::max, AnalysisFlag::mean, AnalysisFlag::sparsity, AnalysisFlag::numDistinctApprox",1024,0.1,186264
VAR,int64_t,"AnalysisFlag::min, AnalysisFlag::max, AnalysisFlag::mean, AnalysisFlag::sparsity, AnalysisFlag::numDistinctApprox",1024,0.1,183610
VAR,int64_t,"AnalysisFlag::min, AnalysisFlag::max, AnalysisFlag::mean, AnalysisFlag::sparsity, AnalysisFlag::numDistinctApprox",1024,0.1,184330
VAR,int64_t,"AnalysisFlag::min, AnalysisFlag::max, AnalysisFlag::mean, AnalysisFlag::sparsity, AnalysisFlag::numDistinctApprox",1024,0.1,181534
VAR,int64_t,"AnalysisFlag::min, AnalysisFlag::max, AnalysisFlag::mean, AnalysisFlag::sparsity, AnalysisFlag::numDistinctApprox",1024,0.1,182660
VAR,int64_t,"AnalysisFlag::min, AnalysisFlag::max, AnalysisFlag::mean, AnalysisFlag::sparsity, AnalysisFlag::numDistinctApprox",1024,0.1,186035
VAR,int64_t,"AnalysisFlag::min, AnalysisFlag::max, AnalysisFlag::mean, AnalysisFlag::sparsity, AnalysisFlag::numDistinctApprox",1024,0.1,187159
VAR,int64_t,"AnalysisFlag::min, AnalysisFlag::max, AnalysisFlag::mean, AnalysisFlag::sparsity, AnalysisFlag::numDistinctApprox",1024,0.1,183780
VAR,int64_t,"AnalysisFlag::min, AnalysisFlag::max, AnalysisFlag::mean, AnalysisFlag::sparsity, AnalysisFlag::numDistinctApprox",2048,0.1,500733
VAR,int64_t,"AnalysisFlag::min, AnalysisFlag::max, AnalysisFlag::mean, AnalysisFlag::sparsity, AnalysisFlag::numDistinctApprox",2048,0.1,485545
VAR,int64_t,"AnalysisFlag::min, AnalysisFlag::max, AnalysisFlag::mean, AnalysisFlag::sparsity, AnalysisFlag::numDistinctApprox",2048,0.1,487273
VAR,int64_t,"AnalysisFlag::min, AnalysisFlag::max, AnalysisFlag::mean, AnalysisFlag::sparsity, AnalysisFlag::numDistinctApprox",2048,0.1,483085
VAR,int64_t,"AnalysisFlag::min, AnalysisFlag::max, AnalysisFlag::mean, AnalysisFlag::sparsity, AnalysisFlag::numDistinctApprox",2048,0.1,488422
VAR,int64_t,"AnalysisFlag::min, AnalysisFlag::max, AnalysisFlag::mean, AnalysisFlag::sparsity, AnalysisFlag::numDistinctApprox",2048,0.1,483036
VAR,int64_t,"AnalysisFlag::min, AnalysisFlag::max, AnalysisFlag::mean, AnalysisFlag::sparsity, AnalysisFlag::numDistinctApprox",2048,0.1,483433
VAR,int64_t,"AnalysisFlag::min, AnalysisFlag::max, AnalysisFlag::mean, AnalysisFlag::sparsity, AnalysisFlag::numDistinctApprox",2048,0.1,481520
VAR,int64_t,"AnalysisFlag::min, AnalysisFlag::max, AnalysisFlag::mean, AnalysisFlag::sparsity, AnalysisFlag::numDistinctApprox",2048,0.1,485198
VAR,int64_t,"AnalysisFlag::min, AnalysisFlag::max, AnalysisFlag::mean, AnalysisFlag::sparsity, AnalysisFlag::numDistinctApprox",2048,0.1,482015
VAR,int64_t,"AnalysisFlag::min, AnalysisFlag::max, AnalysisFlag::mean, AnalysisFlag::sparsity, AnalysisFlag::numDistinctApprox",4096,0.1,1.66844e+06
VAR,int64_t,"AnalysisFlag::min, AnalysisFlag::max, AnalysisFlag::mean, AnalysisFlag::sparsity, AnalysisFlag::numDistinctApprox",4096,0.1,1.71613e+06
VAR,int64_t,"AnalysisFlag::min, AnalysisFlag::max, AnalysisFlag::mean, AnalysisFlag::sparsity, AnalysisFlag::numDistinctApprox",4096,0.1,1.67725e+06
VAR,int64_t,"AnalysisFlag::min, AnalysisFlag::max, AnalysisFlag::mean, AnalysisFlag::sparsity, AnalysisFlag::numDistinctApprox",4096,0.1,1.66374e+06
VAR,int64_t,"AnalysisFlag::min, AnalysisFlag::max, AnalysisFlag::mean, AnalysisFlag::sparsity, AnalysisFlag::numDistinctApprox",4096,0.1,1.66042e+06
VAR,int64_t,"AnalysisFlag::min, AnalysisFlag::max, AnalysisFlag::mean, AnalysisFlag::sparsity, AnalysisFlag::numDistinctApprox",4096,0.1,1.68059e+06
VAR,int64_t,"AnalysisFlag::min, AnalysisFlag::max, AnalysisFlag::mean, AnalysisFlag::sparsity, AnalysisFlag::numDistinctApprox",4096,0.1,1.71724e+06
VAR,int64_t,"AnalysisFlag::min, AnalysisFlag::max, AnalysisFlag::mean, AnalysisFlag::sparsity, AnalysisFlag::numDistinctApprox",4096,0.1,1.66821e+06
VAR,int64_t,"AnalysisFlag::min, AnalysisFlag::max, AnalysisFlag::mean, AnalysisFlag::sparsity, AnalysisFlag::numDistinctApprox",4096,0.1,1.65418e+06
VAR,int64_t,"AnalysisFlag::min, AnalysisFlag::max, AnalysisFlag::mean, AnalysisFlag::sparsity, AnalysisFlag::numDistinctApprox",4096,0.1,1.67808e+06
VAR,double,"AnalysisFlag::min, AnalysisFlag::max, AnalysisFlag::mean, AnalysisFlag::sparsity, AnalysisFlag::numDistinctApprox",1024,0.2,317850
VAR,double,"AnalysisFlag::min, AnalysisFlag::max, AnalysisFlag::mean, AnalysisFlag::sparsity, AnalysisFlag::numDistinctApprox",1024,0.2,308740
VAR,double,"AnalysisFlag::min, AnalysisFlag::max, AnalysisFlag::mean, AnalysisFlag::sparsity, AnalysisFlag::numDistinctApprox",1024,0.2,303658
VAR,double,"AnalysisFlag::min, AnalysisFlag::max, AnalysisFlag::mean, AnalysisFlag::sparsity, AnalysisFlag::numDistinctApprox",1024,0.2,305866
VAR,double,"AnalysisFlag::min, AnalysisFlag::max, AnalysisFlag::mean, AnalysisFlag::sparsity, AnalysisFlag::numDistinctApprox",1024,0.2,311530
VAR,double,"AnalysisFlag::min, AnalysisFlag::max, AnalysisFlag::mean, AnalysisFlag::sparsity, AnalysisFlag::numDistinctApprox",1024,0.2,305779
VAR,double,"AnalysisFlag::min, AnalysisFlag::max, AnalysisFlag::mean, AnalysisFlag::sparsity, AnalysisFlag::numDistinctApprox",1024,0.2,310482
VAR,double,"AnalysisFlag::min, AnalysisFlag::max, AnalysisFlag::mean, AnalysisFlag::sparsity, AnalysisFlag::numDistinctApprox",1024,0.2,309830
VAR,double,"AnalysisFlag::min, AnalysisFlag::max, AnalysisFlag::mean, AnalysisFlag::sparsity, AnalysisFlag::numDistinctApprox",1024,0.2,305234
VAR,double,"AnalysisFlag::min, AnalysisFlag::max, AnalysisFlag::mean, AnalysisFlag::sparsity, AnalysisFlag::numDistinctApprox",1024,0.2,306961
VAR,double,"AnalysisFlag::min, AnalysisFlag::max, AnalysisFlag::mean, AnalysisFlag::sparsity, AnalysisFlag::numDistinctApprox",2048,0.2,1.00864e+06
VAR,double,"AnalysisFlag::min, AnalysisFlag::max, AnalysisFlag::mean, AnalysisFlag::sparsity, AnalysisFlag::numDistinctApprox",2048,0.2,939582
VAR,double,"AnalysisFlag::min, AnalysisFlag::max, AnalysisFlag::mean, AnalysisFlag::sparsity, AnalysisFlag::numDistinctApprox",2048,0.2,933395
VAR,double,"AnalysisFlag::min, AnalysisFlag::max, AnalysisFlag::mean, AnalysisFlag::sparsity, AnalysisFlag::numDistinctApprox",2048,0.2,931167
VAR,double,"AnalysisFlag::min, AnalysisFlag::max, AnalysisFlag::mean, AnalysisFlag::sparsity, AnalysisFlag::numDistinctApprox",2048,0.2,927923
VAR,double,"AnalysisFlag::min, AnalysisFlag::max, AnalysisFlag::mean, AnalysisFlag::sparsity, AnalysisFlag::numDistinctApprox",2048,0.2,929312
VAR,double,"AnalysisFlag::min, AnalysisFlag::max, AnalysisFlag::mean, AnalysisFlag::sparsity, AnalysisFlag::numDistinctApprox",2048,0.2,933177
VAR,double,"AnalysisFlag::min, AnalysisFlag::max, AnalysisFlag::mean, AnalysisFlag::sparsity, AnalysisFlag::numDistinctApprox",2048,0.2,934829
VAR,double,"AnalysisFlag::min, AnalysisFlag::max, AnalysisFlag::mean, AnalysisFlag::sparsity, AnalysisFlag::numDistinctApprox",2048,0.2,925723
VAR,double,"AnalysisFlag::min, AnalysisFlag::max, AnalysisFlag::mean, AnalysisFlag::sparsity, AnalysisFlag::numDistinctApprox",2048,0.2,939838
VAR,double,"AnalysisFlag::min, AnalysisFlag::max, AnalysisFlag::mean, AnalysisFlag::sparsity, AnalysisFlag::numDistinctApprox",4096,0.2,3.85956e+06
VAR,double,"AnalysisFlag::min, AnalysisFlag::max, AnalysisFlag::mean, AnalysisFlag::sparsity, AnalysisFlag::numDistinctApprox",4096,0.2,3.92192e+06
VAR,double,"AnalysisFlag::min, AnalysisFlag::max, AnalysisFlag::mean, AnalysisFlag::sparsity, AnalysisFlag::numDistinctApprox",4096,0.2,3.85269e+06
VAR,double,"AnalysisFlag::min, AnalysisFlag::max, AnalysisFlag::mean, AnalysisFlag::sparsity, AnalysisFlag::numDistinctApprox",4096,0.2,3.88693e+06
VAR,double,"AnalysisFlag::min, AnalysisFlag::max, AnalysisFlag::mean, AnalysisFlag::sparsity, AnalysisFlag::numDistinctApprox",4096,0.2,3.88555e+06
VAR,double,"AnalysisFlag::min, AnalysisFlag::max, AnalysisFlag::mean, AnalysisFlag::sparsity, AnalysisFlag::numDistinctApprox",4096,0.2,3.92952e+06
VAR,double,"AnalysisFlag::min, AnalysisFlag::max, AnalysisFlag::mean, AnalysisFlag::sparsity, AnalysisFlag::numDistinctApprox",4096,0.2,3.86652e+06
VAR,double,"AnalysisFlag::min, AnalysisFlag::max, AnalysisFlag::mean, AnalysisFlag::sparsity, AnalysisFlag::numDistinctApprox",4096,0.2,3.92919e+06
VAR,double,"AnalysisFlag::min, AnalysisFlag::max, AnalysisFlag::mean, AnalysisFlag::sparsity, AnalysisFlag::numDistinctApprox",4096,0.2,3.8644e+06
VAR,double,"AnalysisFlag::min, AnalysisFlag::max, AnalysisFlag::mean, AnalysisFlag::sparsity, AnalysisFlag::numDistinctApprox",4096,0.2,3.88816e+06
VAR,int64_t,"AnalysisFlag::min, AnalysisFlag::max, AnalysisFlag::mean, AnalysisFlag::sparsity, AnalysisFlag::numDistinctApprox",1024,0.2,270743
VAR,int64_t,"AnalysisFlag::min, AnalysisFlag::max, AnalysisFlag::mean, AnalysisFlag::sparsity, AnalysisFlag::numDistinctApprox",1024,0.2,250711
VAR,int64_t,"AnalysisFlag::min, AnalysisFlag::max, AnalysisFlag::mean, AnalysisFlag::sparsity, AnalysisFlag::numDistinctApprox",1024,0.2,246994
VAR,int64_t,"AnalysisFlag::min, AnalysisFlag::max, AnalysisFlag::mean, AnalysisFlag::sparsity, AnalysisFlag::numDistinctApprox",1024,0.2,250894
VAR,int64_t,"AnalysisFlag::min, AnalysisFlag::max, AnalysisFlag::mean, AnalysisFlag::sparsity, AnalysisFlag::numDistinctApprox",1024,0.2,247178
VAR,int64_t,"AnalysisFlag::min, AnalysisFlag::max, AnalysisFlag::mean, AnalysisFlag::sparsity, AnalysisFlag::numDistinctApprox",1024,0.2,249459
VAR,int64_t,"AnalysisFlag::min, AnalysisFlag::max, AnalysisFlag::mean, AnalysisFlag::sparsity, AnalysisFlag::numDistinctApprox",1024,0.2,253948
VAR,int64_t,"AnalysisFlag::min, AnalysisFlag::max, AnalysisFlag::mean, AnalysisFlag::sparsity, AnalysisFlag::numDistinctApprox",1024,0.2,248498
VAR,int64_t,"AnalysisFlag::min, AnalysisFlag::max, AnalysisFlag::mean, AnalysisFlag::sparsity, AnalysisFlag::numDistinctApprox",1024,0.2,248765
VAR,int64_t,"AnalysisFlag::min, AnalysisFlag::max, AnalysisFlag::mean, AnalysisFlag::sparsity, AnalysisFlag::numDistinctApprox",1024,0.2,246049
VAR,int64_t,"AnalysisFlag::min, AnalysisFlag::max, AnalysisFlag::mean, AnalysisFlag::sparsity, AnalysisFlag::numDistinctApprox",2048,0.2,900230
VAR,int64_t,"AnalysisFlag::min, AnalysisFlag::max, AnalysisFlag::mean, AnalysisFlag::sparsity, AnalysisFlag::numDistinctApprox",2048,0.2,775634
VAR,int64_t,"AnalysisFlag::min, AnalysisFlag::max, AnalysisFlag::mean, AnalysisFlag::sparsity, AnalysisFlag::numDistinctApprox",2048,0.2,752699
VAR,int64_t,"AnalysisFlag::min, AnalysisFlag::max, AnalysisFlag::mean, AnalysisFlag::sparsity, AnalysisFlag::numDistinctApprox",2048,0.2,761681
VAR,int64_t,"AnalysisFlag::min, AnalysisFlag::max, AnalysisFlag::mean, AnalysisFlag::sparsity, AnalysisFlag::numDistinctApprox",2048,0.2,754741
VAR,int64_t,"AnalysisFlag::min, AnalysisFlag::max, AnalysisFlag::mean, AnalysisFlag::sparsity, AnalysisFlag::numDistinctApprox",2048,0.2,752227
VAR,int64_t,"AnalysisFlag::min, AnalysisFlag::max, AnalysisFlag::mean, AnalysisFlag::sparsity, AnalysisFlag::numDistinctApprox",2048,0.2,753050
VAR,int64_t,"AnalysisFlag::min, AnalysisFlag::max, AnalysisFlag::mean, AnalysisFlag::sparsity, AnalysisFlag::numDistinctApprox",2048,0.2,758455
VAR,int64_t,"AnalysisFlag::min, AnalysisFlag::max, AnalysisFlag::mean, AnalysisFlag::sparsity, AnalysisFlag::numDistinctApprox",2048,0.2,754591
VAR,int64_t,"AnalysisFlag::min, AnalysisFlag::max, AnalysisFlag::mean, AnalysisFlag::sparsity, AnalysisFlag::numDistinctApprox",2048,0.2,771919
VAR,int64_t,"AnalysisFlag::min, AnalysisFlag::max, AnalysisFlag::mean, AnalysisFlag::sparsity, AnalysisFlag::numDistinctApprox",4096,0.2,3.20875e+06
VAR,int64_t,"AnalysisFlag::min, AnalysisFlag::max, AnalysisFlag::mean, AnalysisFlag::sparsity, AnalysisFlag::numDistinctApprox",4096,0.2,3.27058e+06
VAR,int64_t,"AnalysisFlag::min, AnalysisFlag::max, AnalysisFlag::mean, AnalysisFlag::sparsity, AnalysisFlag::numDistinctApprox",4096,0.2,3.19709e+06
VAR,int64_t,"AnalysisFlag::min, AnalysisFlag::max, AnalysisFlag::mean, AnalysisFlag::sparsity, AnalysisFlag::numDistinctApprox",4096,0.2,3.23475e+06
VAR,int64_t,"AnalysisFlag::min, AnalysisFlag::max, AnalysisFlag::mean, AnalysisFlag::sparsity, AnalysisFlag::numDistinctApprox",4096,0.2,3.20293e+06
VAR,int64_t,"AnalysisFlag::min, AnalysisFlag::max, AnalysisFlag::mean, AnalysisFlag::sparsity, AnalysisFlag::numDistinctApprox",4096,0.2,3.22652e+06
VAR,int64_t,"AnalysisFlag::min, AnalysisFlag::max, AnalysisFlag::mean, AnalysisFlag::sparsity, AnalysisFlag::numDistinctApprox",4096,0.2,3.21791e+06
VAR,int64_t,"AnalysisFlag::min, AnalysisFlag::max, AnalysisFlag::mean, AnalysisFlag::sparsity, AnalysisFlag::numDistinctApprox",4096,0.2,3.2349e+06
VAR,int64_t,"AnalysisFlag::min, AnalysisFlag::max, AnalysisFlag::mean, AnalysisFlag::sparsity, AnalysisFlag::numDistinctApprox",4096,0.2,3.21041e+06
VAR,int64_t,"AnalysisFlag::min, AnalysisFlag::max, AnalysisFlag::mean, AnalysisFlag::sparsity, AnalysisFlag::numDistinctApprox",4096,0.2,3.22918e+06
VAR,double,"AnalysisFlag::min, AnalysisFlag::max, AnalysisFlag::mean, AnalysisFlag::sparsity, AnalysisFlag::numDistinctApprox",1024,0.25,2.02911e+06
VAR,double,"AnalysisFlag::min, AnalysisFlag::max, AnalysisFlag::mean, AnalysisFlag::sparsity, AnalysisFlag::numDistinctApprox",1024,0.25,2.0242e+06
VAR,double,"AnalysisFlag::min, AnalysisFlag::max, AnalysisFlag::mean, AnalysisFlag::sparsity, AnalysisFlag::numDistinctApprox",1024,0.25,2.02445e+06
VAR,double,"AnalysisFlag::min, AnalysisFlag::max, AnalysisFlag::mean, AnalysisFlag::sparsity, AnalysisFlag::numDistinctApprox",1024,0.25,2.0253e+06
VAR,double,"AnalysisFlag::min, AnalysisFlag::max, AnalysisFlag::mean, AnalysisFlag::sparsity, AnalysisFlag::numDistinctApprox",1024,0.25,2.02498e+06
VAR,double,"AnalysisFlag::min, AnalysisFlag::max, AnalysisFlag::mean, AnalysisFlag::sparsity, AnalysisFlag::numDistinctApprox",1024,0.25,2.0257e+06
VAR,double,"AnalysisFlag::min, AnalysisFlag::max, AnalysisFlag::mean, AnalysisFlag::sparsity, AnalysisFlag::numDistinctApprox",1024,0.25,2.02375e+06
VAR,double,"AnalysisFlag::min, AnalysisFlag::max, AnalysisFlag::mean, AnalysisFlag::sparsity, AnalysisFlag::numDistinctApprox",1024,0.25,2.02318e+06
VAR,double,"AnalysisFlag::min, AnalysisFlag::max, AnalysisFlag::mean, AnalysisFlag::sparsity, AnalysisFlag::numDistinctApprox",1024,0.25,2.02377e+06
VAR,double,"AnalysisFlag::min, AnalysisFlag::max, AnalysisFlag::mean, AnalysisFlag::sparsity, AnalysisFlag::numDistinctApprox",1024,0.25,2.02508e+06
VAR,double,"AnalysisFlag::min, AnalysisFlag::max, AnalysisFlag::mean, AnalysisFlag::sparsity, AnalysisFlag::numDistinctApprox",2048,0.25,8.22564e+06
VAR,double,"AnalysisFlag::min, AnalysisFlag::max, AnalysisFlag::mean, AnalysisFlag::sparsity, AnalysisFlag::numDistinctApprox",2048,0.25,8.20133e+06
VAR,double,"AnalysisFlag::min, AnalysisFlag::max, AnalysisFlag::mean, AnalysisFlag::sparsity, AnalysisFlag::numDistinctApprox",2048,0.25,8.21452e+06
VAR,double,"AnalysisFlag::min, AnalysisFlag::max, AnalysisFlag::mean, AnalysisFlag::sparsity, AnalysisFlag::numDistinctApprox",2048,0.25,8.20206e+06
VAR,double,"AnalysisFlag::min, AnalysisFlag::max, AnalysisFlag::mean, AnalysisFlag::sparsity, AnalysisFlag::numDistinctApprox",2048,0.25,8.19555e+06
VAR,double,"AnalysisFlag::min, AnalysisFlag::max, AnalysisFlag::mean, AnalysisFlag::sparsity, AnalysisFlag::numDistinctApprox",2048,0.25,8.20915e+06
VAR,double,"AnalysisFlag::min, AnalysisFlag::max, AnalysisFlag::mean, AnalysisFlag::sparsity, AnalysisFlag::numDistinctApprox",2048,0.25,8.19899e+06
VAR,double,"AnalysisFlag::min, AnalysisFlag::max, AnalysisFlag::mean, AnalysisFlag::sparsity, AnalysisFlag::numDistinctApprox",2048,0.25,8.21031e+06
VAR,double,"AnalysisFlag::min, AnalysisFlag::max, AnalysisFlag::mean, AnalysisFlag::sparsity, AnalysisFlag::numDistinctApprox",2048,0.25,8.18785e+06
VAR,double,"AnalysisFlag::min, AnalysisFlag::max, AnalysisFlag::mean, AnalysisFlag::sparsity, AnalysisFlag::numDistinctApprox",2048,0.25,8.19877e+06
VAR,double,"AnalysisFlag::min, AnalysisFlag::max, AnalysisFlag::mean, AnalysisFlag::sparsity, AnalysisFlag::numDistinctApprox",4096,0.25,3.27482e+07
VAR,double,"AnalysisFlag::min, AnalysisFlag::max, AnalysisFlag::mean, AnalysisFlag::sparsity, AnalysisFlag::numDistinctApprox",4096,0.25,3.27304e+07
VAR,double,"AnalysisFlag::min, AnalysisFlag::max, AnalysisFlag::mean, AnalysisFlag::sparsity, AnalysisFlag::numDistinctApprox",4096,0.25,3.27458e+07
VAR,double,"AnalysisFlag::min, AnalysisFlag::max, AnalysisFlag::mean, AnalysisFlag::sparsity, AnalysisFlag::numDistinctApprox",4096,0.25,3.27544e+07
VAR,double,"AnalysisFlag::min, AnalysisFlag::max, AnalysisFlag::mean, AnalysisFlag::sparsity, AnalysisFlag::numDistinctApprox",4096,0.25,3.27513e+07
VAR,double,"AnalysisFlag::min, AnalysisFlag::max, AnalysisFlag::mean, AnalysisFlag::sparsity, AnalysisFlag::numDistinctApprox",4096,0.25,3.27369e+07
VAR,double,"AnalysisFlag::min, AnalysisFlag::max, AnalysisFlag::mean, AnalysisFlag::sparsity, AnalysisFlag::numDistinctApprox",4096,0.25,3.27439e+07
VAR,double,"AnalysisFlag::min, AnalysisFlag::max, AnalysisFlag::mean, AnalysisFlag::sparsity, AnalysisFlag::numDistinctApprox",4096,0.25,3.27328e+07
VAR,double,"AnalysisFlag::min, AnalysisFlag::max, AnalysisFlag::mean, AnalysisFlag::sparsity, AnalysisFlag::numDistinctApprox",4096,0.25,3.27348e+07
VAR,double,"AnalysisFlag::min, AnalysisFlag::max, AnalysisFlag::mean, AnalysisFlag::sparsity, AnalysisFlag::numDistinctApprox",4096,0.25,3.27571e+07
VAR,int64_t,"AnalysisFlag::min, AnalysisFlag::max, AnalysisFlag::mean, AnalysisFlag::sparsity, AnalysisFlag::numDistinctApprox",1024,0.25,1.79266e+06
VAR,int64_t,"AnalysisFlag::min, AnalysisFlag::max, AnalysisFlag::mean, AnalysisFlag::sparsity, AnalysisFlag::numDistinctApprox",1024,0.25,1.8596e+06
VAR,int64_t,"AnalysisFlag::min, AnalysisFlag::max, AnalysisFlag::mean, AnalysisFlag::sparsity, AnalysisFlag::numDistinctApprox",1024,0.25,1.85808e+06
VAR,int64_t,"AnalysisFlag::min, AnalysisFlag::max, AnalysisFlag::mean, AnalysisFlag::sparsity, AnalysisFlag::numDistinctApprox",1024,0.25,1.84222e+06
VAR,int64_t,"AnalysisFlag::min, AnalysisFlag::max, AnalysisFlag::mean, AnalysisFlag::sparsity, AnalysisFlag::numDistinctApprox",1024,0.25,1.85914e+06
VAR,int64_t,"AnalysisFlag::min, AnalysisFlag::max, AnalysisFlag::mean, AnalysisFlag::sparsity, AnalysisFlag::numDistinctApprox",1024,0.25,1.86892e+06
VAR,int64_t,"AnalysisFlag::min, AnalysisFlag::max, AnalysisFlag::mean, AnalysisFlag::sparsity, AnalysisFlag::numDistinctApprox",1024,0.25,1.85374e+06
VAR,int64_t,"AnalysisFlag::min, AnalysisFlag::max, AnalysisFlag::mean, AnalysisFlag::sparsity, AnalysisFlag::numDistinctApprox",1024,0.25,1.84997e+06
VAR,int64_t,"AnalysisFlag::min, AnalysisFlag::max, AnalysisFlag::mean, AnalysisFlag::sparsity, AnalysisFlag::numDistinctApprox",1024,0.25,1.82592e+06
VAR,int64_t,"AnalysisFlag::min, AnalysisFlag::max, AnalysisFlag::mean, AnalysisFlag::sparsity, AnalysisFlag::numDistinctApprox",1024,0.25,1.82595e+06
VAR,int64_t,"AnalysisFlag::min, AnalysisFlag::max, AnalysisFlag::mean, AnalysisFlag::sparsity, AnalysisFlag::numDistinctApprox",2048,0.25,7.65338e+06
VAR,int64_t,"AnalysisFlag::min, AnalysisFlag::max, AnalysisFlag::mean, AnalysisFlag::sparsity, AnalysisFlag::numDistinctApprox",2048,0.25,7.64305e+06
VAR,int64_t,"AnalysisFlag::min, AnalysisFlag::max, AnalysisFlag::mean, AnalysisFlag::sparsity, AnalysisFlag::numDistinctApprox",2048,0.25,7.64189e+06
VAR,int64_t,"AnalysisFlag::min, AnalysisFlag::max, AnalysisFlag::mean, AnalysisFlag::sparsity, AnalysisFlag::numDistinctApprox",2048,0.25,7.62272e+06
VAR,int64_t,"AnalysisFlag::min, AnalysisFlag::max, AnalysisFlag::mean, AnalysisFlag::sparsity, AnalysisFlag::numDistinctApprox",2048,0.25,7.6638e+06
VAR,int64_t,"AnalysisFlag::min, AnalysisFlag::max, AnalysisFlag::mean, AnalysisFlag::sparsity, AnalysisFlag::numDistinctApprox",2048,0.25,7.63113e+06
VAR,int64_t,"AnalysisFlag::min, AnalysisFlag::max, AnalysisFlag::mean, AnalysisFlag::sparsity, AnalysisFlag::numDistinctApprox",2048,0.25,7.6391e+06
VAR,int64_t,"AnalysisFlag::min, AnalysisFlag::max, AnalysisFlag::mean, AnalysisFlag::sparsity, AnalysisFlag::numDistinctApprox",2048,0.25,7.64094e+06
VAR,int64_t,"AnalysisFlag::min, AnalysisFlag::max, AnalysisFlag::mean, AnalysisFlag::sparsity, AnalysisFlag::numDistinctApprox",2048,0.25,7.62139e+06
VAR,int64_t,"AnalysisFlag::min, AnalysisFlag::max, AnalysisFlag::mean, AnalysisFlag::sparsity, AnalysisFlag::numDistinctApprox",2048,0.25,7.65614e+06
VAR,int64_t,"AnalysisFlag::min, AnalysisFlag::max, AnalysisFlag::mean, AnalysisFlag::sparsity, AnalysisFlag::numDistinctApprox",4096,0.25,3.02064e+07
VAR,int64_t,"AnalysisFlag::min, AnalysisFlag::max, AnalysisFlag::mean, AnalysisFlag::sparsity, AnalysisFlag::numDistinctApprox",4096,0.25,3.02216e+07
VAR,int64_t,"AnalysisFlag::min, AnalysisFlag::max, AnalysisFlag::mean, AnalysisFlag::sparsity, AnalysisFlag::numDistinctApprox",4096,0.25,3.02261e+07
VAR,int64_t,"AnalysisFlag::min, AnalysisFlag::max, AnalysisFlag::mean, AnalysisFlag::sparsity, AnalysisFlag::numDistinctApprox",4096,0.25,3.0216e+07
VAR,int64_t,"AnalysisFlag::min, AnalysisFlag::max, AnalysisFlag::mean, AnalysisFlag::sparsity, AnalysisFlag::numDistinctApprox",4096,0.25,3.02489e+07
VAR,int64_t,"AnalysisFlag::min, AnalysisFlag::max, AnalysisFlag::mean, AnalysisFlag::sparsity, AnalysisFlag::numDistinctApprox",4096,0.25,3.02322e+07
VAR,int64_t,"AnalysisFlag::min, AnalysisFlag::max, AnalysisFlag::mean, AnalysisFlag::sparsity, AnalysisFlag::numDistinctApprox",4096,0.25,3.02291e+07
VAR,int64_t,"AnalysisFlag::min, AnalysisFlag::max, AnalysisFlag::mean, AnalysisFlag::sparsity, AnalysisFlag::numDistinctApprox",4096,0.25,3.02476e+07
VAR,int64_t,"AnalysisFlag::min, AnalysisFlag::max, AnalysisFlag::mean, AnalysisFlag::sparsity, AnalysisFlag::numDistinctApprox",4096,0.25,3.02159e+07
VAR,int64_t,"AnalysisFlag::min, AnalysisFlag::max, AnalysisFlag::mean, AnalysisFlag::sparsity, AnalysisFlag::numDistinctApprox",4096,0.25,3.02159e+07
VAR,double,"AnalysisFlag::min, AnalysisFlag::max, AnalysisFlag::mean, AnalysisFlag::sparsity, AnalysisFlag::numDistinctApprox",1024,1,2.16199e+06
VAR,double,"AnalysisFlag::min, AnalysisFlag::max, AnalysisFlag::mean, AnalysisFlag::sparsity, AnalysisFlag::numDistinctApprox",1024,1,2.02522e+06
VAR,double,"AnalysisFlag::min, AnalysisFlag::max, AnalysisFlag::mean, AnalysisFlag::sparsity, AnalysisFlag::numDistinctApprox",1024,1,2.02711e+06
VAR,double,"AnalysisFlag::min, AnalysisFlag::max, AnalysisFlag::mean, AnalysisFlag::sparsity, AnalysisFlag::numDistinctApprox",1024,1,2.02673e+06
VAR,double,"AnalysisFlag::min, AnalysisFlag::max, AnalysisFlag::mean, AnalysisFlag::sparsity, AnalysisFlag::numDistinctApprox",1024,1,2.02565e+06
VAR,double,"AnalysisFlag::min, AnalysisFlag::max, AnalysisFlag::mean, AnalysisFlag::sparsity, AnalysisFlag::numDistinctApprox",1024,1,2.02504e+06
VAR,double,"AnalysisFlag::min, AnalysisFlag::max, AnalysisFlag::mean, AnalysisFlag::sparsity, AnalysisFlag::numDistinctApprox",1024,1,2.02385e+06
VAR,double,"AnalysisFlag::min, AnalysisFlag::max, AnalysisFlag::mean, AnalysisFlag::sparsity, AnalysisFlag::numDistinctApprox",1024,1,2.02568e+06
VAR,double,"AnalysisFlag::min, AnalysisFlag::max, AnalysisFlag::mean, AnalysisFlag::sparsity, AnalysisFlag::numDistinctApprox",1024,1,2.02746e+06
VAR,double,"AnalysisFlag::min, AnalysisFlag::max, AnalysisFlag::mean, AnalysisFlag::sparsity, AnalysisFlag::numDistinctApprox",1024,1,2.02422e+06
VAR,double,"AnalysisFlag::min, AnalysisFlag::max, AnalysisFlag::mean, AnalysisFlag::sparsity, AnalysisFlag::numDistinctApprox",2048,1,8.28019e+06
VAR,double,"AnalysisFlag::min, AnalysisFlag::max, AnalysisFlag::mean, AnalysisFlag::sparsity, AnalysisFlag::numDistinctApprox",2048,1,8.21185e+06
VAR,double,"AnalysisFlag::min, AnalysisFlag::max, AnalysisFlag::mean, AnalysisFlag::sparsity, AnalysisFlag::numDistinctApprox",2048,1,8.20253e+06
VAR,double,"AnalysisFlag::min, AnalysisFlag::max, AnalysisFlag::mean, AnalysisFlag::sparsity, AnalysisFlag::numDistinctApprox",2048,1,8.2194e+06
VAR,double,"AnalysisFlag::min, AnalysisFlag::max, AnalysisFlag::mean, AnalysisFlag::sparsity, AnalysisFlag::numDistinctApprox",2048,1,8.20466e+06
VAR,double,"AnalysisFlag::min, AnalysisFlag::max, AnalysisFlag::mean, AnalysisFlag::sparsity, AnalysisFlag::numDistinctApprox",2048,1,8.20912e+06
VAR,double,"AnalysisFlag::min, AnalysisFlag::max, AnalysisFlag::mean, AnalysisFlag::sparsity, AnalysisFlag::numDistinctApprox",2048,1,8.20923e+06
VAR,double,"AnalysisFlag::min, AnalysisFlag::max, AnalysisFlag::mean, AnalysisFlag::sparsity, AnalysisFlag::numDistinctApprox",2048,1,8.2225e+06
VAR,double,"AnalysisFlag::min, AnalysisFlag::max, AnalysisFlag::mean, AnalysisFlag::sparsity, AnalysisFlag::numDistinctApprox",2048,1,8.20865e+06
VAR,double,"AnalysisFlag::min, AnalysisFlag::max, AnalysisFlag::mean, AnalysisFlag::sparsity, AnalysisFlag::numDistinctApprox",2048,1,8.21949e+06
VAR,double,"AnalysisFlag::min, AnalysisFlag::max, AnalysisFlag::mean, AnalysisFlag::sparsity, AnalysisFlag::numDistinctApprox",4096,1,3.27653e+07
VAR,double,"AnalysisFlag::min, AnalysisFlag::max, AnalysisFlag::mean, AnalysisFlag::sparsity, AnalysisFlag::numDistinctApprox",4096,1,3.27325e+07
VAR,double,"AnalysisFlag::min, AnalysisFlag::max, AnalysisFlag::mean, AnalysisFlag::sparsity, AnalysisFlag::numDistinctApprox",4096,1,3.27112e+07
VAR,double,"AnalysisFlag::min, AnalysisFlag::max, AnalysisFlag::mean, AnalysisFlag::sparsity, AnalysisFlag::numDistinctApprox",4096,1,3.27641e+07
VAR,double,"AnalysisFlag::min, AnalysisFlag::max, AnalysisFlag::mean, AnalysisFlag::sparsity, AnalysisFlag::numDistinctApprox",4096,1,3.27237e+07
VAR,double,"AnalysisFlag::min, AnalysisFlag::max, AnalysisFlag::mean, AnalysisFlag::sparsity, AnalysisFlag::numDistinctApprox",4096,1,3.27243e+07
VAR,double,"AnalysisFlag::min, AnalysisFlag::max, AnalysisFlag::mean, AnalysisFlag::sparsity, AnalysisFlag::numDistinctApprox",4096,1,3.27385e+07
VAR,double,"AnalysisFlag::min, AnalysisFlag::max, AnalysisFlag::mean, AnalysisFlag::sparsity, AnalysisFlag::numDistinctApprox",4096,1,3.27175e+07
VAR,double,"AnalysisFlag::min, AnalysisFlag::max, AnalysisFlag::mean, AnalysisFlag::sparsity, AnalysisFlag::numDistinctApprox",4096,1,3.27535e+07
VAR,double,"AnalysisFlag::min, AnalysisFlag::max, AnalysisFlag::mean, AnalysisFlag::sparsity, AnalysisFlag::numDistinctApprox",4096,1,3.27595e+07
VAR,int64_t,"AnalysisFlag::min, AnalysisFlag::max, AnalysisFlag::mean, AnalysisFlag::sparsity, AnalysisFlag::numDistinctApprox",1024,1,2.04063e+06
VAR,int64_t,"AnalysisFlag::min, AnalysisFlag::max, AnalysisFlag::mean, AnalysisFlag::sparsity, AnalysisFlag::numDistinctApprox",1024,1,1.84861e+06
VAR,int64_t,"AnalysisFlag::min, AnalysisFlag::max, AnalysisFlag::mean, AnalysisFlag::sparsity, AnalysisFlag::numDistinctApprox",1024,1,1.82894e+06
VAR,int64_t,"AnalysisFlag::min, AnalysisFlag::max, AnalysisFlag::mean, AnalysisFlag::sparsity, AnalysisFlag::numDistinctApprox",1024,1,1.84457e+06
VAR,int64_t,"AnalysisFlag::min, AnalysisFlag::max, AnalysisFlag::mean, AnalysisFlag::sparsity, AnalysisFlag::numDistinctApprox",1024,1,1.84765e+06
VAR,int64_t,"AnalysisFlag::min, AnalysisFlag::max, AnalysisFlag::mean, AnalysisFlag::sparsity, AnalysisFlag::numDistinctApprox",1024,1,1.84826e+06
VAR,int64_t,"AnalysisFlag::min, AnalysisFlag::max, AnalysisFlag::mean, AnalysisFlag::sparsity, AnalysisFlag::numDistinctApprox",1024,1,1.84939e+06
VAR,int64_t,"AnalysisFlag::min, AnalysisFlag::max, AnalysisFlag::mean, AnalysisFlag::sparsity, AnalysisFlag::numDistinctApprox",1024,1,1.81898e+06
VAR,int64_t,"AnalysisFlag::min, AnalysisFlag::max, AnalysisFlag::mean, AnalysisFlag::sparsity, AnalysisFlag::numDistinctApprox",1024,1,1.84844e+06
VAR,int64_t,"AnalysisFlag::min, AnalysisFlag::max, AnalysisFlag::mean, AnalysisFlag::sparsity, AnalysisFlag::numDistinctApprox",1024,1,1.84388e+06
VAR,int64_t,"AnalysisFlag::min, AnalysisFlag::max, AnalysisFlag::mean, AnalysisFlag::sparsity, AnalysisFlag::numDistinctApprox",2048,1,7.68574e+06
VAR,int64_t,"AnalysisFlag::min, AnalysisFlag::max, AnalysisFlag::mean, AnalysisFlag::sparsity, AnalysisFlag::numDistinctApprox",2048,1,7.63015e+06
VAR,int64_t,"AnalysisFlag::min, AnalysisFlag::max, AnalysisFlag::mean, AnalysisFlag::sparsity, AnalysisFlag::numDistinctApprox",2048,1,7.64565e+06
VAR,int64_t,"AnalysisFlag::min, AnalysisFlag::max, AnalysisFlag::mean, AnalysisFlag::sparsity, AnalysisFlag::numDistinctApprox",2048,1,7.61611e+06
VAR,int64_t,"AnalysisFlag::min, AnalysisFlag::max, AnalysisFlag::mean, AnalysisFlag::sparsity, AnalysisFlag::numDistinctApprox",2048,1,7.62042e+06
VAR,int64_t,"AnalysisFlag::min, AnalysisFlag::max, AnalysisFlag::mean, AnalysisFlag::sparsity, AnalysisFlag::numDistinctApprox",2048,1,7.6112e+06
VAR,int64_t,"AnalysisFlag::min, AnalysisFlag::max, AnalysisFlag::mean, AnalysisFlag::sparsity, AnalysisFlag::numDistinctApprox",2048,1,7.61233e+06
VAR,int64_t,"AnalysisFlag::min, AnalysisFlag::max, AnalysisFlag::mean, AnalysisFlag::sparsity, AnalysisFlag::numDistinctApprox",2048,1,7.63566e+06
VAR,int64_t,"AnalysisFlag::min, AnalysisFlag::max, AnalysisFlag::mean, AnalysisFlag::sparsity, AnalysisFlag::numDistinctApprox",2048,1,7.61292e+06
VAR,int64_t,"AnalysisFlag::min, AnalysisFlag::max, AnalysisFlag::mean, AnalysisFlag::sparsity, AnalysisFlag::numDistinctApprox",2048,1,7.62301e+06
VAR,int64_t,"AnalysisFlag::min, AnalysisFlag::max, AnalysisFlag::mean, AnalysisFlag::sparsity, AnalysisFlag::numDistinctApprox",4096,1,3.02286e+07
VAR,int64_t,"AnalysisFlag::min, AnalysisFlag::max, AnalysisFlag::mean, AnalysisFlag::sparsity, AnalysisFlag::numDistinctApprox",4096,1,3.02368e+07
VAR,int64_t,"AnalysisFlag::min, AnalysisFlag::max, AnalysisFlag::mean, AnalysisFlag::sparsity, AnalysisFlag::numDistinctApprox",4096,1,3.02302e+07
VAR,int64_t,"AnalysisFlag::min, AnalysisFlag::max, AnalysisFlag::mean, AnalysisFlag::sparsity, AnalysisFlag::numDistinctApprox",4096,1,3.02362e+07
VAR,int64_t,"AnalysisFlag::min, AnalysisFlag::max, AnalysisFlag::mean, AnalysisFlag::sparsity, AnalysisFlag::numDistinctApprox",4096,1,3.02372e+07
VAR,int64_t,"AnalysisFlag::min, AnalysisFlag::max, AnalysisFlag::mean, AnalysisFlag::sparsity, AnalysisFlag::numDistinctApprox",4096,1,3.02556e+07
VAR,int64_t,"AnalysisFlag::min, AnalysisFlag::max, AnalysisFlag::mean, AnalysisFlag::sparsity, AnalysisFlag::numDistinctApprox",4096,1,3.02193e+07
VAR,int64_t,"AnalysisFlag::min, AnalysisFlag::max, AnalysisFlag::mean, AnalysisFlag::sparsity, AnalysisFlag::numDistinctApprox",4096,1,3.02498e+07
VAR,int64_t,"AnalysisFlag::min, AnalysisFlag::max, AnalysisFlag::mean, AnalysisFlag::sparsity, AnalysisFlag::numDistinctApprox",4096,1,3.02406e+07
VAR,int64_t,"AnalysisFlag::min, AnalysisFlag::max, AnalysisFlag::mean, AnalysisFlag::sparsity, AnalysisFlag::numDistinctApprox",4096,1,3.0234e+07
IDXMIN,double,"AnalysisFlag::min, AnalysisFlag::max, AnalysisFlag::mean, AnalysisFlag::sparsity, AnalysisFlag::numDistinctApprox",1024,0.25,1.38662e+06
IDXMIN,double,"AnalysisFlag::min, AnalysisFlag::max, AnalysisFlag::mean, AnalysisFlag::sparsity, AnalysisFlag::numDistinctApprox",1024,0.25,1.38497e+06
IDXMIN,double,"AnalysisFlag::min, AnalysisFlag::max, AnalysisFlag::mean, AnalysisFlag::sparsity, AnalysisFlag::numDistinctApprox",1024,0.25,1.38104e+06
IDXMIN,double,"AnalysisFlag::min, AnalysisFlag::max, AnalysisFlag::mean, AnalysisFlag::sparsity, AnalysisFlag::numDistinctApprox",1024,0.25,1.37889e+06
IDXMIN,double,"AnalysisFlag::min, AnalysisFlag::max, AnalysisFlag::mean, AnalysisFlag::sparsity, AnalysisFlag::numDistinctApprox",1024,0.25,1.3844e+06
IDXMIN,double,"AnalysisFlag::min, AnalysisFlag::max, AnalysisFlag::mean, AnalysisFlag::sparsity, AnalysisFlag::numDistinctApprox",1024,0.25,1.38404e+06
IDXMIN,double,"AnalysisFlag::min, AnalysisFlag::max, AnalysisFlag::mean, AnalysisFlag::sparsity, AnalysisFlag::numDistinctApprox",1024,0.25,1.38182e+06
IDXMIN,double,"AnalysisFlag::min, AnalysisFlag::max, AnalysisFlag::mean, AnalysisFlag::sparsity, AnalysisFlag::numDistinctApprox",1024,0.25,1.38184e+06
IDXMIN,double,"AnalysisFlag::min, AnalysisFlag::max, AnalysisFlag::mean, AnalysisFlag::sparsity, AnalysisFlag::numDistinctApprox",1024,0.25,1.37953e+06
IDXMIN,double,"AnalysisFlag::min, AnalysisFlag::max, AnalysisFlag::mean, AnalysisFlag::sparsity, AnalysisFlag::numDistinctApprox",1024,0.25,1.3815e+06
IDXMIN,double,"AnalysisFlag::min, AnalysisFlag::max, AnalysisFlag::mean, AnalysisFlag::sparsity, AnalysisFlag::numDistinctApprox",2048,0.25,5.39364e+06
IDXMIN,double,"AnalysisFlag::min, AnalysisFlag::max, AnalysisFlag::mean, AnalysisFlag::sparsity, AnalysisFlag::numDistinctApprox",2048,0.25,5.38622e+06
IDXMIN,double,"AnalysisFlag::min, AnalysisFlag::max, AnalysisFlag::mean, AnalysisFlag::sparsity, AnalysisFlag::numDistinctApprox",2048,0.25,5.39583e+06
IDXMIN,double,"AnalysisFlag::min, AnalysisFlag::max, AnalysisFlag::mean, AnalysisFlag::sparsity, AnalysisFlag::numDistinctApprox",2048,0.25,5.38667e+06
IDXMIN,double,"AnalysisFlag::min, AnalysisFlag::max, AnalysisFlag::mean, AnalysisFlag::sparsity, AnalysisFlag::numDistinctApprox",2048,0.25,5.39391e+06
IDXMIN,double,"AnalysisFlag::min, AnalysisFlag::max, AnalysisFlag::mean, AnalysisFlag::sparsity, AnalysisFlag::numDistinctApprox",2048,0.25,5.3868e+06
IDXMIN,double,"AnalysisFlag::min, AnalysisFlag::max, AnalysisFlag::mean, AnalysisFlag::sparsity, AnalysisFlag::numDistinctApprox",2048,0.25,5.38901e+06
IDXMIN,double,"AnalysisFlag::min, AnalysisFlag::max, AnalysisFlag::mean, AnalysisFlag::sparsity, AnalysisFlag::numDistinctApprox",2048,0.25,5.38976e+06
IDXMIN,double,"AnalysisFlag::min, AnalysisFlag::max, AnalysisFlag::mean, AnalysisFlag::sparsity, AnalysisFlag::numDistinctApprox",2048,0.25,5.38442e+06
IDXMIN,double,"AnalysisFlag::min, AnalysisFlag::max, AnalysisFlag::mean, AnalysisFlag::sparsity, AnalysisFlag::numDistinctApprox",2048,0.25,5.38943e+06
IDXMIN,double,"AnalysisFlag::min, AnalysisFlag::max, AnalysisFlag::mean, AnalysisFlag::sparsity, AnalysisFlag::numDistinctApprox",4096,0.25,2.10765e+07
IDXMIN,double,"AnalysisFlag::min, AnalysisFlag::max, AnalysisFlag::mean, AnalysisFlag::sparsity, AnalysisFlag::numDistinctApprox",4096,0.25,2.10704e+07
IDXMIN,double,"AnalysisFlag::min, AnalysisFlag::max, AnalysisFlag::mean, AnalysisFlag::sparsity, AnalysisFlag::numDistinctApprox",4096,0.25,2.10764e+07
IDXMIN,double,"AnalysisFlag::min, AnalysisFlag::max, AnalysisFlag::mean, AnalysisFlag::sparsity, AnalysisFlag::numDistinctApprox",4096,0.25,2.10869e+07
IDXMIN,double,"AnalysisFlag::min, AnalysisFlag::max, AnalysisFlag::mean, AnalysisFlag::sparsity, AnalysisFlag::numDistinctApprox",4096,0.25,2.10726e+07
IDXMIN,double,"AnalysisFlag::min, AnalysisFlag::max, AnalysisFlag::mean, AnalysisFlag::sparsity, AnalysisFlag::numDistinctApprox",4096,0.25,2.10846e+07
IDXMIN,double,"AnalysisFlag::min, AnalysisFlag::max, AnalysisFlag::mean, AnalysisFlag::sparsity, AnalysisFlag::numDistinctApprox",4096,0.25,2.10807e+07
IDXMIN,double,"AnalysisFlag::min, AnalysisFlag::max, AnalysisFlag::mean, AnalysisFlag::sparsity, AnalysisFlag::numDistinctApprox",4096,0.25,2.1079e+07
IDXMIN,double,"AnalysisFlag::min, AnalysisFlag::max, AnalysisFlag::mean, AnalysisFlag::sparsity, AnalysisFlag::numDistinctApprox",4096,0.25,2.10852e+07
IDXMIN,double,"AnalysisFlag::min, AnalysisFlag::max, AnalysisFlag::mean, AnalysisFlag::sparsity, AnalysisFlag::numDistinctApprox",4096,0.25,2.10738e+07
IDXMIN,int64_t,"AnalysisFlag::min, AnalysisFlag::max, AnalysisFlag::mean, AnalysisFlag::sparsity, AnalysisFlag::numDistinctApprox",1024,0.25,544569
IDXMIN,int64_t,"AnalysisFlag::min, AnalysisFlag::max, AnalysisFlag::mean, AnalysisFlag::sparsity, AnalysisFlag::numDistinctApprox",1024,0.25,510474
IDXMIN,int64_t,"AnalysisFlag::min, AnalysisFlag::max, AnalysisFlag::mean, AnalysisFlag::sparsity, AnalysisFlag::numDistinctApprox",1024,0.25,509771
IDXMIN,int64_t,"AnalysisFlag::min, AnalysisFlag::max, AnalysisFlag::mean, AnalysisFlag::sparsity, AnalysisFlag::numDistinctApprox",1024,0.25,507728
IDXMIN,int64_t,"AnalysisFlag::min, AnalysisFlag::max, AnalysisFlag::mean, AnalysisFlag::sparsity, AnalysisFlag::numDistinctApprox",1024,0.25,505046
IDXMIN,int64_t,"AnalysisFlag::min, AnalysisFlag::max, AnalysisFlag::mean, AnalysisFlag::sparsity, AnalysisFlag::numDistinctApprox",1024,0.25,507805
IDXMIN,int64_t,"AnalysisFlag::min, AnalysisFlag::max, AnalysisFlag::mean, AnalysisFlag::sparsity, AnalysisFlag::numDistinctApprox",1024,0.25,517710
IDXMIN,int64_t,"AnalysisFlag::min, AnalysisFlag::max, AnalysisFlag::mean, AnalysisFlag::sparsity, AnalysisFlag::numDistinctApprox",1024,0.25,510196
IDXMIN,int64_t,"AnalysisFlag::min, AnalysisFlag::max, AnalysisFlag::mean, AnalysisFlag::sparsity, AnalysisFlag::numDistinctApprox",1024,0.25,510031
IDXMIN,int64_t,"AnalysisFlag::min, AnalysisFlag::max, AnalysisFlag::mean, AnalysisFlag::sparsity, AnalysisFlag::numDistinctApprox",1024,0.25,503873
IDXMIN,int64_t,"AnalysisFlag::min, AnalysisFlag::max, AnalysisFlag::mean, AnalysisFlag::sparsity, AnalysisFlag::numDistinctApprox",2048,0.25,2.38845e+06
IDXMIN,int64_t,"AnalysisFlag::min, AnalysisFlag::max, AnalysisFlag::mean, AnalysisFlag::sparsity, AnalysisFlag::numDistinctApprox",2048,0.25,2.45036e+06
IDXMIN,int64_t,"AnalysisFlag::min, AnalysisFlag::max, AnalysisFlag::mean, AnalysisFlag::sparsity, AnalysisFlag::numDistinctApprox",2048,0.25,2.27812e+06
IDXMIN,int64_t,"AnalysisFlag::min, AnalysisFlag::max, AnalysisFlag::mean, AnalysisFlag::sparsity, AnalysisFlag::numDistinctApprox",2048,0.25,2.33316e+06
IDXMIN,int64_t,"AnalysisFlag::min, AnalysisFlag::max, AnalysisFlag::mean, AnalysisFlag::sparsity, AnalysisFlag::numDistinctApprox",2048,0.25,2.31202e+06
IDXMIN,int64_t,"AnalysisFlag::min, AnalysisFlag::max, AnalysisFlag::mean, AnalysisFlag::sparsity, AnalysisFlag::numDistinctApprox",2048,0.25,2.34775e+06
IDXMIN,int64_t,"AnalysisFlag::min, AnalysisFlag::max, AnalysisFlag::mean, AnalysisFlag::sparsity, AnalysisFlag::numDistinctApprox",2048,0.25,2.44529e+06
IDXMIN,int64_t,"AnalysisFlag::min, AnalysisFlag::max, AnalysisFlag::mean, AnalysisFlag::sparsity, AnalysisFlag::numDistinctApprox",2048,0.25,2.45247e+06
IDXMIN,int64_t,"AnalysisFlag::min, AnalysisFlag::max, AnalysisFlag::mean, AnalysisFlag::sparsity, AnalysisFlag::numDistinctApprox",2048,0.25,2.40641e+06
IDXMIN,int64_t,"AnalysisFlag::min, AnalysisFlag::max, AnalysisFlag::mean, AnalysisFlag::sparsity, AnalysisFlag::numDistinctApprox",2048,0.25,2.45817e+06
IDXMIN,int64_t,"AnalysisFlag::min, AnalysisFlag::max, AnalysisFlag::mean, AnalysisFlag::sparsity, AnalysisFlag::numDistinctApprox",4096,0.25,9.39586e+06
IDXMIN,int64_t,"AnalysisFlag::min, AnalysisFlag::max, AnalysisFlag::mean, AnalysisFlag::sparsity, AnalysisFlag::numDistinctApprox",4096,0.25,9.38177e+06
IDXMIN,int64_t,"AnalysisFlag::min, AnalysisFlag::max, AnalysisFlag::mean, AnalysisFlag::sparsity, AnalysisFlag::numDistinctApprox",4096,0.25,9.37927e+06
IDXMIN,int64_t,"AnalysisFlag::min, AnalysisFlag::max, AnalysisFlag::mean, AnalysisFlag::sparsity, AnalysisFlag::numDistinctApprox",4096,0.25,9.36656e+06
IDXMIN,int64_t,"AnalysisFlag::min, AnalysisFlag::max, AnalysisFlag::mean, AnalysisFlag::sparsity, AnalysisFlag::numDistinctApprox",4096,0.25,9.37773e+06
IDXMIN,int64_t,"AnalysisFlag::min, AnalysisFlag::max, AnalysisFlag::mean, AnalysisFlag::sparsity, AnalysisFlag::numDistinctApprox",4096,0.25,9.36905e+06
IDXMIN,int64_t,"AnalysisFlag::min, AnalysisFlag::max, AnalysisFlag::mean, AnalysisFlag::sparsity, AnalysisFlag::numDistinctApprox",4096,0.25,9.36506e+06
IDXMIN,int64_t,"AnalysisFlag::min, AnalysisFlag::max, AnalysisFlag::mean, AnalysisFlag::sparsity, AnalysisFlag::numDistinctApprox",4096,0.25,9.36196e+06
IDXMIN,int64_t,"AnalysisFlag::min, AnalysisFlag::max, AnalysisFlag::mean, AnalysisFlag::sparsity, AnalysisFlag::numDistinctApprox",4096,0.25,9.36923e+06
IDXMIN,int64_t,"AnalysisFlag::min, AnalysisFlag::max, AnalysisFlag::mean, AnalysisFlag::sparsity, AnalysisFlag::numDistinctApprox",4096,0.25,9.37158e+06
IDXMIN,double,"AnalysisFlag::min, AnalysisFlag::max, AnalysisFlag::mean, AnalysisFlag::sparsity, AnalysisFlag::numDistinctApprox",1024,1,1.44104e+06
IDXMIN,double,"AnalysisFlag::min, AnalysisFlag::max, AnalysisFlag::mean, AnalysisFlag::sparsity, AnalysisFlag::numDistinctApprox",1024,1,1.3867e+06
IDXMIN,double,"AnalysisFlag::min, AnalysisFlag::max, AnalysisFlag::mean, AnalysisFlag::sparsity, AnalysisFlag::numDistinctApprox",1024,1,1.38422e+06
IDXMIN,double,"AnalysisFlag::min, AnalysisFlag::max, AnalysisFlag::mean, AnalysisFlag::sparsity, AnalysisFlag::numDistinctApprox",1024,1,1.38318e+06
IDXMIN,double,"AnalysisFlag::min, AnalysisFlag::max, AnalysisFlag::mean, AnalysisFlag::sparsity, AnalysisFlag::numDistinctApprox",1024,1,1.38385e+06
IDXMIN,double,"AnalysisFlag::min, AnalysisFlag::max, AnalysisFlag::mean, AnalysisFlag::sparsity, AnalysisFlag::numDistinctApprox",1024,1,1.38659e+06
IDXMIN,double,"AnalysisFlag::min, AnalysisFlag::max, AnalysisFlag::mean, AnalysisFlag::sparsity, AnalysisFlag::numDistinctApprox",1024,1,1.3836e+06
IDXMIN,double,"AnalysisFlag::min, AnalysisFlag::max, AnalysisFlag::mean, AnalysisFlag::sparsity, AnalysisFlag::numDistinctApprox",1024,1,1.37966e+06
IDXMIN,double,"AnalysisFlag::min, AnalysisFlag::max, AnalysisFlag::mean, AnalysisFlag::sparsity, AnalysisFlag::numDistinctApprox",1024,1,1.3814e+06
IDXMIN,double,"AnalysisFlag::min, AnalysisFlag::max, AnalysisFlag::mean, AnalysisFlag::sparsity, AnalysisFlag::numDistinctApprox",1024,1,1.38598e+06
IDXMIN,double,"AnalysisFlag::min, AnalysisFlag::max, AnalysisFlag::mean, AnalysisFlag::sparsity, AnalysisFlag::numDistinctApprox",2048,1,5.39578e+06
IDXMIN,double,"AnalysisFlag::min, AnalysisFlag::max, AnalysisFlag::mean, AnalysisFlag::sparsity, AnalysisFlag::numDistinctApprox",2048,1,5.38131e+06
IDXMIN,double,"AnalysisFlag::min, AnalysisFlag::max, AnalysisFlag::mean, AnalysisFlag::sparsity, AnalysisFlag::numDistinctApprox",2048,1,5.38607e+06
IDXMIN,double,"AnalysisFlag::min, AnalysisFlag::max, AnalysisFlag::mean, AnalysisFlag::sparsity, AnalysisFlag::numDistinctApprox",2048,1,5.3899e+06
IDXMIN,double,"AnalysisFlag::min, AnalysisFlag::max, AnalysisFlag::mean, AnalysisFlag::sparsity, AnalysisFlag::numDistinctApprox",2048,1,5.38728e+06
IDXMIN,double,"AnalysisFlag::min, AnalysisFlag::max, AnalysisFlag::mean, AnalysisFlag::sparsity, AnalysisFlag::numDistinctApprox",2048,1,5.38837e+06
IDXMIN,double,"AnalysisFlag::min, AnalysisFlag::max, AnalysisFlag::mean, AnalysisFlag::sparsity, AnalysisFlag::numDistinctApprox",2048,1,5.38724e+06
IDXMIN,double,"AnalysisFlag::min, AnalysisFlag::max, AnalysisFlag::mean, AnalysisFlag::sparsity, AnalysisFlag::numDistinctApprox",2048,1,5.38652e+06
IDXMIN,double,"AnalysisFlag::min, AnalysisFlag::max, AnalysisFlag::mean, AnalysisFlag::sparsity, AnalysisFlag::numDistinctApprox",2048,1,5.3884e+06
IDXMIN,double,"AnalysisFlag::min, AnalysisFlag::max, AnalysisFlag::mean, AnalysisFlag::sparsity, AnalysisFlag::numDistinctApprox",2048,1,5.38627e+06
IDXMIN,double,"AnalysisFlag::min, AnalysisFlag::max, AnalysisFlag::mean, AnalysisFlag::sparsity, AnalysisFlag::numDistinctApprox",4096,1,2.12224e+07
IDXMIN,double,"AnalysisFlag::min, AnalysisFlag::max, AnalysisFlag::mean, AnalysisFlag::sparsity, AnalysisFlag::numDistinctApprox",4096,1,2.10947e+07
IDXMIN,double,"AnalysisFlag::min, AnalysisFlag::max, AnalysisFlag::mean, AnalysisFlag::sparsity, AnalysisFlag::numDistinctApprox",4096,1,2.10642e+07
IDXMIN,double,"AnalysisFlag::min, AnalysisFlag::max, AnalysisFlag::mean, AnalysisFlag::sparsity, AnalysisFlag::numDistinctApprox",4096,1,2.10775e+07
IDXMIN,double,"AnalysisFlag::min, AnalysisFlag::max, AnalysisFlag::mean, AnalysisFlag::sparsity, AnalysisFlag::numDistinctApprox",4096,1,2.10747e+07
IDXMIN,double,"AnalysisFlag::min, AnalysisFlag::max, AnalysisFlag::mean, AnalysisFlag::sparsity, AnalysisFlag::numDistinctApprox",4096,1,2.10754e+07
IDXMIN,double,"AnalysisFlag::min, AnalysisFlag::max, AnalysisFlag::mean, AnalysisFlag::sparsity, AnalysisFlag::numDistinctApprox",4096,1,2.108e+07
IDXMIN,double,"AnalysisFlag::min, AnalysisFlag::max, AnalysisFlag::mean, AnalysisFlag::sparsity, AnalysisFlag::numDistinctApprox",4096,1,2.1073e+07
IDXMIN,double,"AnalysisFlag::min, AnalysisFlag::max, AnalysisFlag::mean, AnalysisFlag::sparsity, AnalysisFlag::numDistinctApprox",4096,1,2.10758e+07
IDXMIN,double,"AnalysisFlag::min, AnalysisFlag::max, AnalysisFlag::mean, AnalysisFlag::sparsity, AnalysisFlag::numDistinctApprox",4096,1,2.10721e+07
IDXMIN,int64_t,"AnalysisFlag::min, AnalysisFlag::max, AnalysisFlag::mean, AnalysisFlag::sparsity, AnalysisFlag::numDistinctApprox",1024,1,674305
IDXMIN,int64_t,"AnalysisFlag::min, AnalysisFlag::max, AnalysisFlag::mean, AnalysisFlag::sparsity, AnalysisFlag::numDistinctApprox",1024,1,517497
IDXMIN,int64_t,"AnalysisFlag::min, AnalysisFlag::max, AnalysisFlag::mean, AnalysisFlag::sparsity, AnalysisFlag::numDistinctApprox",1024,1,494479
IDXMIN,int64_t,"AnalysisFlag::min, AnalysisFlag::max, AnalysisFlag::mean, AnalysisFlag::sparsity, AnalysisFlag::numDistinctApprox",1024,1,491851
IDXMIN,int64_t,"AnalysisFlag::min, AnalysisFlag::max, AnalysisFlag::mean, AnalysisFlag::sparsity, AnalysisFlag::numDistinctApprox",1024,1,492477
IDXMIN,int64_t,"AnalysisFlag::min, AnalysisFlag::max, AnalysisFlag::mean, AnalysisFlag::sparsity, AnalysisFlag::numDistinctApprox",1024,1,492135
IDXMIN,int64_t,"AnalysisFlag::min, AnalysisFlag::max, AnalysisFlag::mean, AnalysisFlag::sparsity, AnalysisFlag::numDistinctApprox",1024,1,492527
IDXMIN,int64_t,"AnalysisFlag::min, AnalysisFlag::max, AnalysisFlag::mean, AnalysisFlag::sparsity, AnalysisFlag::numDistinctApprox",1024,1,493121
IDXMIN,int64_t,"AnalysisFlag::min, AnalysisFlag::max, AnalysisFlag::mean, AnalysisFlag::sparsity, AnalysisFlag::numDistinctApprox",1024,1,488734
IDXMIN,int64_t,"AnalysisFlag::min, AnalysisFlag::max, AnalysisFlag::mean, AnalysisFlag::sparsity, AnalysisFlag::numDistinctApprox",1024,1,490362
IDXMIN,int64_t,"AnalysisFlag::min, AnalysisFlag::max, AnalysisFlag::mean, AnalysisFlag::sparsity, AnalysisFlag::numDistinctApprox",2048,1,2.39374e+06
IDXMIN,int64_t,"AnalysisFlag::min, AnalysisFlag::max, AnalysisFlag::mean, AnalysisFlag::sparsity, AnalysisFlag::numDistinctApprox",2048,1,2.37759e+06
IDXMIN,int64_t,"AnalysisFlag::min, AnalysisFlag::max, AnalysisFlag::mean, AnalysisFlag::sparsity, AnalysisFlag::numDistinctApprox",2048,1,2.47506e+06
IDXMIN,int64_t,"AnalysisFlag::min, AnalysisFlag::max, AnalysisFlag::mean, AnalysisFlag::sparsity, AnalysisFlag::numDistinctApprox",2048,1,2.45667e+06
IDXMIN,int64_t,"AnalysisFlag::min, AnalysisFlag::max, AnalysisFlag::mean, AnalysisFlag::sparsity, AnalysisFlag::numDistinctApprox",2048,1,2.43886e+06
IDXMIN,int64_t,"AnalysisFlag::min, AnalysisFlag::max, AnalysisFlag::mean, AnalysisFlag::sparsity, AnalysisFlag::numDistinctApprox",2048,1,2.24255e+06
IDXMIN,int64_t,"AnalysisFlag::min, AnalysisFlag::max, AnalysisFlag::mean, AnalysisFlag::sparsity, AnalysisFlag::numDistinctApprox",2048,1,2.45787e+06
IDXMIN,int64_t,"AnalysisFlag::min, AnalysisFlag::max, AnalysisFlag::mean, AnalysisFlag::sparsity, AnalysisFlag::numDistinctApprox",2048,1,2.43578e+06
IDXMIN,int64_t,"AnalysisFlag::min, AnalysisFlag::max, AnalysisFlag::mean, AnalysisFlag::sparsity, AnalysisFlag::numDistinctApprox",2048,1,2.26781e+06
IDXMIN,int64_t,"AnalysisFlag::min, AnalysisFlag::max, AnalysisFlag::mean, AnalysisFlag::sparsity, AnalysisFlag::numDistinctApprox",2048,1,2.25193e+06
IDXMIN,int64_t,"AnalysisFlag::min, AnalysisFlag::max, AnalysisFlag::mean, AnalysisFlag::sparsity, AnalysisFlag::numDistinctApprox",4096,1,9.26422e+06
IDXMIN,int64_t,"AnalysisFlag::min, AnalysisFlag::max, AnalysisFlag::mean, AnalysisFlag::sparsity, AnalysisFlag::numDistinctApprox",4096,1,9.32841e+06
IDXMIN,int64_t,"AnalysisFlag::min, AnalysisFlag::max, AnalysisFlag::mean, AnalysisFlag::sparsity, AnalysisFlag::numDistinctApprox",4096,1,9.23742e+06
IDXMIN,int64_t,"AnalysisFlag::min, AnalysisFlag::max, AnalysisFlag::mean, AnalysisFlag::sparsity, AnalysisFlag::numDistinctApprox",4096,1,9.28232e+06
IDXMIN,int64_t,"AnalysisFlag::min, AnalysisFlag::max, AnalysisFlag::mean, AnalysisFlag::sparsity, AnalysisFlag::numDistinctApprox",4096,1,9.29872e+06
IDXMIN,int64_t,"AnalysisFlag::min, AnalysisFlag::max, AnalysisFlag::mean, AnalysisFlag::sparsity, AnalysisFlag::numDistinctApprox",4096,1,9.2503e+06
IDXMIN,int64_t,"AnalysisFlag::min, AnalysisFlag::max, AnalysisFlag::mean, AnalysisFlag::sparsity, AnalysisFlag::numDistinctApprox",4096,1,9.25497e+06
IDXMIN,int64_t,"AnalysisFlag::min, AnalysisFlag::max, AnalysisFlag::mean, AnalysisFlag::sparsity, AnalysisFlag::numDistinctApprox",4096,1,9.28997e+06
IDXMIN,int64_t,"AnalysisFlag::min, AnalysisFlag::max, AnalysisFlag::mean, AnalysisFlag::sparsity, AnalysisFlag::numDistinctApprox",4096,1,9.29989e+06
IDXMIN,int64_t,"AnalysisFlag::min, AnalysisFlag::max, AnalysisFlag::mean, AnalysisFlag::sparsity, AnalysisFlag::numDistinctApprox",4096,1,9.24227e+06
IDXMAX,double,"AnalysisFlag::min, AnalysisFlag::max, AnalysisFlag::mean, AnalysisFlag::sparsity, AnalysisFlag::numDistinctApprox",1024,0.25,1.38996e+06
IDXMAX,double,"AnalysisFlag::min, AnalysisFlag::max, AnalysisFlag::mean, AnalysisFlag::sparsity, AnalysisFlag::numDistinctApprox",1024,0.25,1.3861e+06
IDXMAX,double,"AnalysisFlag::min, AnalysisFlag::max, AnalysisFlag::mean, AnalysisFlag::sparsity, AnalysisFlag::numDistinctApprox",1024,0.25,1.37973e+06
IDXMAX,double,"AnalysisFlag::min, AnalysisFlag::max, AnalysisFlag::mean, AnalysisFlag::sparsity, AnalysisFlag::numDistinctApprox",1024,0.25,1.38461e+06
IDXMAX,double,"AnalysisFlag::min, AnalysisFlag::max, AnalysisFlag::mean, AnalysisFlag::sparsity, AnalysisFlag::numDistinctApprox",1024,0.25,1.38286e+06
IDXMAX,double,"AnalysisFlag::min, AnalysisFlag::max, AnalysisFlag::mean, AnalysisFlag::sparsity, AnalysisFlag::numDistinctApprox",1024,0.25,1.38553e+06
IDXMAX,double,"AnalysisFlag::min, AnalysisFlag::max, AnalysisFlag::mean, AnalysisFlag::sparsity, AnalysisFlag::numDistinctApprox",1024,0.25,1.38599e+06
IDXMAX,double,"AnalysisFlag::min, AnalysisFlag::max, AnalysisFlag::mean, AnalysisFlag::sparsity, AnalysisFlag::numDistinctApprox",1024,0.25,1.38367e+06
IDXMAX,double,"AnalysisFlag::min, AnalysisFlag::max, AnalysisFlag::mean, AnalysisFlag::sparsity, AnalysisFlag::numDistinctApprox",1024,0.25,1.38077e+06
IDXMAX,double,"AnalysisFlag::min, AnalysisFlag::max, AnalysisFlag::mean, AnalysisFlag::sparsity, AnalysisFlag::numDistinctApprox",1024,0.25,1.38196e+06
IDXMAX,double,"AnalysisFlag::min, AnalysisFlag::max, AnalysisFlag::mean, AnalysisFlag::sparsity, AnalysisFlag::numDistinctApprox",2048,0.25,5.39478e+06
IDXMAX,double,"AnalysisFlag::min, AnalysisFlag::max, AnalysisFlag::mean, AnalysisFlag::sparsity, AnalysisFlag::numDistinctApprox",2048,0.25,5.39605e+06
IDXMAX,double,"AnalysisFlag::min, AnalysisFlag::max, AnalysisFlag::mean, AnalysisFlag::sparsity, AnalysisFlag::numDistinctApprox",2048,0.25,5.39115e+06
IDXMAX,double,"AnalysisFlag::min, AnalysisFlag::max, AnalysisFlag::mean, AnalysisFlag::sparsity, AnalysisFlag::numDistinctApprox",2048,0.25,5.39464e+06
IDXMAX,double,"AnalysisFlag::min, AnalysisFlag::max, AnalysisFlag::mean, AnalysisFlag::sparsity, AnalysisFlag::numDistinctApprox",2048,0.25,5.39473e+06
IDXMAX,double,"AnalysisFlag::min, AnalysisFlag::max, AnalysisFlag::mean, AnalysisFlag::sparsity, AnalysisFlag::numDistinctApprox",2048,0.25,5.39392e+06
IDXMAX,double,"AnalysisFlag::min, AnalysisFlag::max, AnalysisFlag::mean, AnalysisFlag::sparsity, AnalysisFlag::numDistinctApprox",2048,0.25,5.39292e+06
IDXMAX,double,"AnalysisFlag::min, AnalysisFlag::max, AnalysisFlag::mean, AnalysisFlag::sparsity, AnalysisFlag::numDistinctApprox",2048,0.25,5.3952e+06
IDXMAX,double,"AnalysisFlag::min, AnalysisFlag::max, AnalysisFlag::mean, AnalysisFlag::sparsity, AnalysisFlag::numDistinctApprox",2048,0.25,5.39093e+06
IDXMAX,double,"AnalysisFlag::min, AnalysisFlag::max, AnalysisFlag::mean, AnalysisFlag::sparsity, AnalysisFlag::numDistinctApprox",2048,0.25,5.39182e+06
IDXMAX,double,"AnalysisFlag::min, AnalysisFlag::max, AnalysisFlag::mean, AnalysisFlag::sparsity, AnalysisFlag::numDistinctApprox",4096,0.25,2.10887e+07
IDXMAX,double,"AnalysisFlag::min, AnalysisFlag::max, AnalysisFlag::mean, AnalysisFlag::sparsity, AnalysisFlag::numDistinctApprox",4096,0.25,2.10826e+07
IDXMAX,double,"AnalysisFlag::min, AnalysisFlag::max, AnalysisFlag::mean, AnalysisFlag::sparsity, AnalysisFlag::numDistinctApprox",4096,0.25,2.10948e+07
IDXMAX,double,"AnalysisFlag::min, AnalysisFlag::max, AnalysisFlag::mean, AnalysisFlag::sparsity, AnalysisFlag::numDistinctApprox",4096,0.25,2.1075e+07
IDXMAX,double,"AnalysisFlag::min, AnalysisFlag::max, AnalysisFlag::mean, AnalysisFlag::sparsity, AnalysisFlag::numDistinctApprox",4096,0.25,2.10904e+07
IDXMAX,double,"AnalysisFlag::min, AnalysisFlag::max, AnalysisFlag::mean, AnalysisFlag::sparsity, AnalysisFlag::numDistinctApprox",4096,0.25,2.10889e+07
IDXMAX,double,"AnalysisFlag::min, AnalysisFlag::max, AnalysisFlag::mean, AnalysisFlag::sparsity, AnalysisFlag::numDistinctApprox",4096,0.25,2.1092e+07
IDXMAX,double,"AnalysisFlag::min, AnalysisFlag::max, AnalysisFlag::mean, AnalysisFlag::sparsity, AnalysisFlag::numDistinctApprox",4096,0.25,2.10892e+07
IDXMAX,double,"AnalysisFlag::min, AnalysisFlag::max, AnalysisFlag::mean, AnalysisFlag::sparsity, AnalysisFlag::numDistinctApprox",4096,0.25,2.10997e+07
IDXMAX,double,"AnalysisFlag::min, AnalysisFlag::max, AnalysisFlag::mean, AnalysisFlag::sparsity, AnalysisFlag::numDistinctApprox",4096,0.25,2.10904e+07
IDXMAX,int64_t,"AnalysisFlag::min, AnalysisFlag::max, AnalysisFlag::mean, AnalysisFlag::sparsity, AnalysisFlag::numDistinctApprox",1024,0.25,559898
IDXMAX,int64_t,"AnalysisFlag::min, AnalysisFlag::max, AnalysisFlag::mean, AnalysisFlag::sparsity, AnalysisFlag::numDistinctApprox",1024,0.25,523768
IDXMAX,int64_t,"AnalysisFlag::min, AnalysisFlag::max, AnalysisFlag::mean, AnalysisFlag::sparsity, AnalysisFlag::numDistinctApprox",1024,0.25,519074
IDXMAX,int64_t,"AnalysisFlag::min, AnalysisFlag::max, AnalysisFlag::mean, AnalysisFlag::sparsity, AnalysisFlag::numDistinctApprox",1024,0.25,516356
IDXMAX,int64_t,"AnalysisFlag::min, AnalysisFlag::max, AnalysisFlag::mean, AnalysisFlag::sparsity, AnalysisFlag::numDistinctApprox",1024,0.25,520969
IDXMAX,int64_t,"AnalysisFlag::min, AnalysisFlag::max, AnalysisFlag::mean, AnalysisFlag::sparsity, AnalysisFlag::numDistinctApprox",1024,0.25,517637
IDXMAX,int64_t,"AnalysisFlag::min, AnalysisFlag::max, AnalysisFlag::mean, AnalysisFlag::sparsity, AnalysisFlag::numDistinctApprox",1024,0.25,515065
IDXMAX,int64_t,"AnalysisFlag::min, AnalysisFlag::max, AnalysisFlag::mean, AnalysisFlag::sparsity, AnalysisFlag::numDistinctApprox",1024,0.25,519408
IDXMAX,int64_t,"AnalysisFlag::min, AnalysisFlag::max, AnalysisFlag::mean, AnalysisFlag::sparsity, AnalysisFlag::numDistinctApprox",1024,0.25,520716
IDXMAX,int64_t,"AnalysisFlag::min, AnalysisFlag::max, AnalysisFlag::mean, AnalysisFlag::sparsity, AnalysisFlag::numDistinctApprox",1024,0.25,517150
IDXMAX,int64_t,"AnalysisFlag::min, AnalysisFlag::max, AnalysisFlag::mean, AnalysisFlag::sparsity, AnalysisFlag::numDistinctApprox",2048,0.25,2.35985e+06
IDXMAX,int64_t,"AnalysisFlag::min, AnalysisFlag::max, AnalysisFlag::mean, AnalysisFlag::sparsity, AnalysisFlag::numDistinctApprox",2048,0.25,2.53401e+06
IDXMAX,int64_t,"AnalysisFlag::min, AnalysisFlag::max, AnalysisFlag::mean, AnalysisFlag::sparsity, AnalysisFlag::numDistinctApprox",2048,0.25,2.40708e+06
IDXMAX,int64_t,"AnalysisFlag::min, AnalysisFlag::max, AnalysisFlag::mean, AnalysisFlag::sparsity, AnalysisFlag::numDistinctApprox",2048,0.25,2.38468e+06
IDXMAX,int64_t,"AnalysisFlag::min, AnalysisFlag::max, AnalysisFlag::mean, AnalysisFlag::sparsity, AnalysisFlag::numDistinctApprox",2048,0.25,2.36801e+06
IDXMAX,int64_t,"AnalysisFlag::min, AnalysisFlag::max, AnalysisFlag::mean, AnalysisFlag::sparsity, AnalysisFlag::numDistinctApprox",2048,0.25,2.42255e+06
IDXMAX,int64_t,"AnalysisFlag::min, AnalysisFlag::max, AnalysisFlag::mean, AnalysisFlag::sparsity, AnalysisFlag::numDistinctApprox",2048,0.25,2.34503e+06
IDXMAX,int64_t,"AnalysisFlag::min, AnalysisFlag::max, AnalysisFlag::mean, AnalysisFlag::sparsity, AnalysisFlag::numDistinctApprox",2048,0.25,2.32552e+06
IDXMAX,int64_t,"AnalysisFlag::min, AnalysisFlag::max, AnalysisFlag::mean, AnalysisFlag::sparsity, AnalysisFlag::numDistinctApprox",2048,0.25,2.29865e+06
IDXMAX,int64_t,"AnalysisFlag::min, AnalysisFlag::max, AnalysisFlag::mean, AnalysisFlag::sparsity, AnalysisFlag::numDistinctApprox",2048,0.25,2.29308e+06
IDXMAX,int64_t,"AnalysisFlag::min, AnalysisFlag::max, AnalysisFlag::mean, AnalysisFlag::sparsity, AnalysisFlag::numDistinctApprox",4096,0.25,9.39937e+06
IDXMAX,int64_t,"AnalysisFlag::min, AnalysisFlag::max, AnalysisFlag::mean, AnalysisFlag::sparsity, AnalysisFlag::numDistinctApprox",4096,0.25,9.37623e+06
IDXMAX,int64_t,"AnalysisFlag::min, AnalysisFlag::max, AnalysisFlag::mean, AnalysisFlag::sparsity, AnalysisFlag::numDistinctApprox",4096,0.25,9.32843e+06
IDXMAX,int64_t,"AnalysisFlag::min, AnalysisFlag::max, AnalysisFlag::mean, AnalysisFlag::sparsity, AnalysisFlag::numDistinctApprox",4096,0.25,9.40929e+06
IDXMAX,int64_t,"AnalysisFlag::min, AnalysisFlag::max, AnalysisFlag::mean, AnalysisFlag::sparsity, AnalysisFlag::numDistinctApprox",4096,0.25,9.37299e+06
IDXMAX,int64_t,"AnalysisFlag::min, AnalysisFlag::max, AnalysisFlag::mean, AnalysisFlag::sparsity, AnalysisFlag::numDistinctApprox",4096,0.25,9.3974e+06
IDXMAX,int64_t,"AnalysisFlag::min, AnalysisFlag::max, AnalysisFlag::mean, AnalysisFlag::sparsity, AnalysisFlag::numDistinctApprox",4096,0.25,9.44118e+06
IDXMAX,int64_t,"AnalysisFlag::min, AnalysisFlag::max, AnalysisFlag::mean, AnalysisFlag::sparsity, AnalysisFlag::numDistinctApprox",4096,0.25,9.40044e+06
IDXMAX,int64_t,"AnalysisFlag::min, AnalysisFlag::max, AnalysisFlag::mean, AnalysisFlag::sparsity, AnalysisFlag::numDistinctApprox",4096,0.25,9.36438e+06
IDXMAX,int64_t,"AnalysisFlag::min, AnalysisFlag::max, AnalysisFlag::mean, AnalysisFlag::sparsity, AnalysisFlag::numDistinctApprox",4096,0.25,9.36189e+06
IDXMAX,double,"AnalysisFlag::min, AnalysisFlag::max, AnalysisFlag::mean, AnalysisFlag::sparsity, AnalysisFlag::numDistinctApprox",1024,1,1.44376e+06
IDXMAX,double,"AnalysisFlag::min, AnalysisFlag::max, AnalysisFlag::mean, AnalysisFlag::sparsity, AnalysisFlag::numDistinctApprox",1024,1,1.39113e+06
IDXMAX,double,"AnalysisFlag::min, AnalysisFlag::max, AnalysisFlag::mean, AnalysisFlag::sparsity, AnalysisFlag::numDistinctApprox",1024,1,1.3824e+06
IDXMAX,double,"AnalysisFlag::min, AnalysisFlag::max, AnalysisFlag::mean, AnalysisFlag::sparsity, AnalysisFlag::numDistinctApprox",1024,1,1.38639e+06
IDXMAX,double,"AnalysisFlag::min, AnalysisFlag::max, AnalysisFlag::mean, AnalysisFlag::sparsity, AnalysisFlag::numDistinctApprox",1024,1,1.38123e+06
IDXMAX,double,"AnalysisFlag::min, AnalysisFlag::max, AnalysisFlag::mean, AnalysisFlag::sparsity, AnalysisFlag::numDistinctApprox",1024,1,1.38299e+06
IDXMAX,double,"AnalysisFlag::min, AnalysisFlag::max, AnalysisFlag::mean, AnalysisFlag::sparsity, AnalysisFlag::numDistinctApprox",1024,1,1.38566e+06
IDXMAX,double,"AnalysisFlag::min, AnalysisFlag::max, AnalysisFlag::mean, AnalysisFlag::sparsity, AnalysisFlag::numDistinctApprox",1024,1,1.38494e+06
IDXMAX,double,"AnalysisFlag::min, AnalysisFlag::max, AnalysisFlag::mean, AnalysisFlag::sparsity, AnalysisFlag::numDistinctApprox",1024,1,1.3844e+06
IDXMAX,double,"AnalysisFlag::min, AnalysisFlag::max, AnalysisFlag::mean, AnalysisFlag::sparsity, AnalysisFlag::numDistinctApprox",1024,1,1.38313e+06
IDXMAX,double,"AnalysisFlag::min, AnalysisFlag::max, AnalysisFlag::mean, AnalysisFlag::sparsity, AnalysisFlag::numDistinctApprox",2048,1,5.39674e+06
IDXMAX,double,"AnalysisFlag::min, AnalysisFlag::max, AnalysisFlag::mean, AnalysisFlag::sparsity, AnalysisFlag::numDistinctApprox",2048,1,5.38975e+06
IDXMAX,double,"AnalysisFlag::min, AnalysisFlag::max, AnalysisFlag::mean, AnalysisFlag::sparsity, AnalysisFlag::numDistinctApprox",2048,1,5.39496e+06
IDXMAX,double,"AnalysisFlag::min, AnalysisFlag::max, AnalysisFlag::mean, AnalysisFlag::sparsity, AnalysisFlag::numDistinctApprox",2048,1,5.38588e+06
IDXMAX,double,"AnalysisFlag::min, AnalysisFlag::max, AnalysisFlag::mean, AnalysisFlag::sparsity, AnalysisFlag::numDistinctApprox",2048,1,5.39049e+06
IDXMAX,double,"AnalysisFlag::min, AnalysisFlag::max, AnalysisFlag::mean, AnalysisFlag::sparsity, AnalysisFlag::numDistinctApprox",2048,1,5.38877e+06
IDXMAX,double,"AnalysisFlag::min, AnalysisFlag::max, AnalysisFlag::mean, AnalysisFlag::sparsity, AnalysisFlag::numDistinctApprox",2048,1,5.3899e+06
IDXMAX,double,"AnalysisFlag::min, AnalysisFlag::max, AnalysisFlag::mean, AnalysisFlag::sparsity, AnalysisFlag::numDistinctApprox",2048,1,5.39427e+06
IDXMAX,double,"AnalysisFlag::min, AnalysisFlag::max, AnalysisFlag::mean, AnalysisFlag::sparsity, AnalysisFlag::numDistinctApprox",2048,1,5.39153e+06
IDXMAX,double,"AnalysisFlag::min, AnalysisFlag::max, AnalysisFlag::mean, AnalysisFlag::sparsity, AnalysisFlag::numDistinctApprox",2048,1,5.39472e+06
IDXMAX,double,"AnalysisFlag::min, AnalysisFlag::max, AnalysisFlag::mean, AnalysisFlag::sparsity, AnalysisFlag::numDistinctApprox",4096,1,2.11531e+07
IDXMAX,double,"AnalysisFlag::min, AnalysisFlag::max, AnalysisFlag::mean, AnalysisFlag::sparsity, AnalysisFlag::numDistinctApprox",4096,1,2.10915e+07
IDXMAX,double,"AnalysisFlag::min, AnalysisFlag::max, AnalysisFlag::mean, AnalysisFlag::sparsity, AnalysisFlag::numDistinctApprox",4096,1,2.11011e+07
IDXMAX,double,"AnalysisFlag::min, AnalysisFlag::max, AnalysisFlag::mean, AnalysisFlag::sparsity, AnalysisFlag::numDistinctApprox",4096,1,2.10869e+07
IDXMAX,double,"AnalysisFlag::min, AnalysisFlag::max, AnalysisFlag::mean, AnalysisFlag::sparsity, AnalysisFlag::numDistinctApprox",4096,1,2.11326e+07
IDXMAX,double,"AnalysisFlag::min, AnalysisFlag::max, AnalysisFlag::mean, AnalysisFlag::sparsity, AnalysisFlag::numDistinctApprox",4096,1,2.10869e+07
IDXMAX,double,"AnalysisFlag::min, AnalysisFlag::max, AnalysisFlag::mean, AnalysisFlag::sparsity, AnalysisFlag::numDistinctApprox",4096,1,2.1084e+07
IDXMAX,double,"AnalysisFlag::min, AnalysisFlag::max, AnalysisFlag::mean, AnalysisFlag::sparsity, AnalysisFlag::numDistinctApprox",4096,1,2.10951e+07
IDXMAX,double,"AnalysisFlag::min, AnalysisFlag::max, AnalysisFlag::mean, AnalysisFlag::sparsity, AnalysisFlag::numDistinctApprox",4096,1,2.10886e+07
IDXMAX,double,"AnalysisFlag::min, AnalysisFlag::max, AnalysisFlag::mean, AnalysisFlag::sparsity, AnalysisFlag::numDistinctApprox",4096,1,2.10928e+07
IDXMAX,int64_t,"AnalysisFlag::min, AnalysisFlag::max, AnalysisFlag::mean, AnalysisFlag::sparsity, AnalysisFlag::numDistinctApprox",1024,1,674469
IDXMAX,int64_t,"AnalysisFlag::min, AnalysisFlag::max, AnalysisFlag::mean, AnalysisFlag::sparsity, AnalysisFlag::numDistinctApprox",1024,1,526916
IDXMAX,int64_t,"AnalysisFlag::min, AnalysisFlag::max, AnalysisFlag::mean, AnalysisFlag::sparsity, AnalysisFlag::numDistinctApprox",1024,1,498984
IDXMAX,int64_t,"AnalysisFlag::min, AnalysisFlag::max, AnalysisFlag::mean, AnalysisFlag::sparsity, AnalysisFlag::numDistinctApprox",1024,1,502211
IDXMAX,int64_t,"AnalysisFlag::min, AnalysisFlag::max, AnalysisFlag::mean, AnalysisFlag::sparsity, AnalysisFlag::numDistinctApprox",1024,1,499968
IDXMAX,int64_t,"AnalysisFlag::min, AnalysisFlag::max, AnalysisFlag::mean, AnalysisFlag::sparsity, AnalysisFlag::numDistinctApprox",1024,1,502093
IDXMAX,int64_t,"AnalysisFlag::min, AnalysisFlag::max, AnalysisFlag::mean, AnalysisFlag::sparsity, AnalysisFlag::numDistinctApprox",1024,1,502505
IDXMAX,int64_t,"AnalysisFlag::min, AnalysisFlag::max, AnalysisFlag::mean, AnalysisFlag::sparsity, AnalysisFlag::numDistinctApprox",1024,1,500079
IDXMAX,int64_t,"AnalysisFlag::min, AnalysisFlag::max, AnalysisFlag::mean, AnalysisFlag::sparsity, AnalysisFlag::numDistinctApprox",1024,1,501510
IDXMAX,int64_t,"AnalysisFlag::min, AnalysisFlag::max, AnalysisFlag::mean, AnalysisFlag::sparsity, AnalysisFlag::numDistinctApprox",1024,1,502847
IDXMAX,int64_t,"AnalysisFlag::min, AnalysisFlag::max, AnalysisFlag::mean, AnalysisFlag::sparsity, AnalysisFlag::numDistinctApprox",2048,1,2.40486e+06
IDXMAX,int64_t,"AnalysisFlag::min, AnalysisFlag::max, AnalysisFlag::mean, AnalysisFlag::sparsity, AnalysisFlag::numDistinctApprox",2048,1,2.37534e+06
IDXMAX,int64_t,"AnalysisFlag::min, AnalysisFlag::max, AnalysisFlag::mean, AnalysisFlag::sparsity, AnalysisFlag::numDistinctApprox",2048,1,2.36102e+06
IDXMAX,int64_t,"AnalysisFlag::min, AnalysisFlag::max, AnalysisFlag::mean, AnalysisFlag::sparsity, AnalysisFlag::numDistinctApprox",2048,1,2.47844e+06
IDXMAX,int64_t,"AnalysisFlag::min, AnalysisFlag::max, AnalysisFlag::mean, AnalysisFlag::sparsity, AnalysisFlag::numDistinctApprox",2048,1,2.47388e+06
IDXMAX,int64_t,"AnalysisFlag::min, AnalysisFlag::max, AnalysisFlag::mean, AnalysisFlag::sparsity, AnalysisFlag::numDistinctApprox",2048,1,2.45048e+06
IDXMAX,int64_t,"AnalysisFlag::min, AnalysisFlag::max, AnalysisFlag::mean, AnalysisFlag::sparsity, AnalysisFlag::numDistinctApprox",2048,1,2.47261e+06
IDXMAX,int64_t,"AnalysisFlag::min, AnalysisFlag::max, AnalysisFlag::mean, AnalysisFlag::sparsity, AnalysisFlag::numDistinctApprox",2048,1,2.27993e+06
IDXMAX,int64_t,"AnalysisFlag::min, AnalysisFlag::max, AnalysisFlag::mean, AnalysisFlag::sparsity, AnalysisFlag::numDistinctApprox",2048,1,2.24242e+06
IDXMAX,int64_t,"AnalysisFlag::min, AnalysisFlag::max, AnalysisFlag::mean, AnalysisFlag::sparsity, AnalysisFlag::numDistinctApprox",2048,1,2.46923e+06
IDXMAX,int64_t,"AnalysisFlag::min, AnalysisFlag::max, AnalysisFlag::mean, AnalysisFlag::sparsity, AnalysisFlag::numDistinctApprox",4096,1,9.2977e+06
IDXMAX,int64_t,"AnalysisFlag::min, AnalysisFlag::max, AnalysisFlag::mean, AnalysisFlag::sparsity, AnalysisFlag::numDistinctApprox",4096,1,9.25961e+06
IDXMAX,int64_t,"AnalysisFlag::min, AnalysisFlag::max, AnalysisFlag::mean, AnalysisFlag::sparsity, AnalysisFlag::numDistinctApprox",4096,1,9.25624e+06
IDXMAX,int64_t,"AnalysisFlag::min, AnalysisFlag::max, AnalysisFlag::mean, AnalysisFlag::sparsity, AnalysisFlag::numDistinctApprox",4096,1,9.26522e+06
IDXMAX,int64_t,"AnalysisFlag::min, AnalysisFlag::max, AnalysisFlag::mean, AnalysisFlag::sparsity, AnalysisFlag::numDistinctApprox",4096,1,9.23907e+06
IDXMAX,int64_t,"AnalysisFlag::min, AnalysisFlag::max, AnalysisFlag::mean, AnalysisFlag::sparsity, AnalysisFlag::numDistinctApprox",4096,1,9.25741e+06
IDXMAX,int64_t,"AnalysisFlag::min, AnalysisFlag::max, AnalysisFlag::mean, AnalysisFlag::sparsity, AnalysisFlag::numDistinctApprox",4096,1,9.26201e+06
IDXMAX,int64_t,"AnalysisFlag::min, AnalysisFlag::max, AnalysisFlag::mean, AnalysisFlag::sparsity, AnalysisFlag::numDistinctApprox",4096,1,9.39844e+06
IDXMAX,int64_t,"AnalysisFlag::min, AnalysisFlag::max, AnalysisFlag::mean, AnalysisFlag::sparsity, AnalysisFlag::numDistinctApprox",4096,1,9.29579e+06
IDXMAX,int64_t,"AnalysisFlag::min, AnalysisFlag::max, AnalysisFlag::mean, AnalysisFlag::sparsity, AnalysisFlag::numDistinctApprox",4096,1,9.16786e+06
