result_repr,element_type,analysis,n,sparsity,time_ns
DenseMatrix,double,"AnalysisFlag::min",1024,0.001,11474
DenseMatrix,double,"AnalysisFlag::min",1024,0.001,7837
DenseMatrix,double,"AnalysisFlag::min",1024,0.001,11026
DenseMatrix,double,"AnalysisFlag::min",1024,0.001,12023
DenseMatrix,double,"AnalysisFlag::min",1024,0.001,18205
DenseMatrix,double,"AnalysisFlag::min",1024,0.001,7002
DenseMatrix,double,"AnalysisFlag::min",1024,0.001,6517
DenseMatrix,double,"AnalysisFlag::min",1024,0.001,5088
DenseMatrix,double,"AnalysisFlag::min",1024,0.001,7396
DenseMatrix,double,"AnalysisFlag::min",1024,0.001,4586
DenseMatrix,double,"AnalysisFlag::min",2048,0.001,13425
DenseMatrix,double,"AnalysisFlag::min",2048,0.001,14927
DenseMatrix,double,"AnalysisFlag::min",2048,0.001,14636
DenseMatrix,double,"AnalysisFlag::min",2048,0.001,16182
DenseMatrix,double,"AnalysisFlag::min",2048,0.001,21165
DenseMatrix,double,"AnalysisFlag::min",2048,0.001,10862
DenseMatrix,double,"AnalysisFlag::min",2048,0.001,15105
DenseMatrix,double,"AnalysisFlag::min",2048,0.001,11390
DenseMatrix,double,"AnalysisFlag::min",2048,0.001,12574
DenseMatrix,double,"AnalysisFlag::min",2048,0.001,11801
DenseMatrix,double,"AnalysisFlag::min",4096,0.001,29910
DenseMatrix,double,"AnalysisFlag::min",4096,0.001,30985
DenseMatrix,double,"AnalysisFlag::min",4096,0.001,29660
DenseMatrix,double,"AnalysisFlag::min",4096,0.001,28052
DenseMatrix,double,"AnalysisFlag::min",4096,0.001,30191
DenseMatrix,double,"AnalysisFlag::min",4096,0.001,27074
DenseMatrix,double,"AnalysisFlag::min",4096,0.001,28720
DenseMatrix,double,"AnalysisFlag::min",4096,0.001,27176
DenseMatrix,double,"AnalysisFlag::min",4096,0.001,23726
DenseMatrix,double,"AnalysisFlag::min",4096,0.001,21146
DenseMatrix,int64_t,"AnalysisFlag::min",1024,0.001,7411
DenseMatrix,int64_t,"AnalysisFlag::min",1024,0.001,5816
DenseMatrix,int64_t,"AnalysisFlag::min",1024,0.001,7622
DenseMatrix,int64_t,"AnalysisFlag::min",1024,0.001,8356
DenseMatrix,int64_t,"AnalysisFlag::min",1024,0.001,11440
DenseMatrix,int64_t,"AnalysisFlag::min",1024,0.001,5742
DenseMatrix,int64_t,"AnalysisFlag::min",1024,0.001,5329
DenseMatrix,int64_t,"AnalysisFlag::min",1024,0.001,4616
DenseMatrix,int64_t,"AnalysisFlag::min",1024,0.001,5371
DenseMatrix,int64_t,"AnalysisFlag::min",1024,0.001,4357
DenseMatrix,int64_t,"AnalysisFlag::min",2048,0.001,10858
DenseMatrix,int64_t,"AnalysisFlag::min",2048,0.001,11593
DenseMatrix,int64_t,"AnalysisFlag::min",2048,0.001,11583
DenseMatrix,int64_t,"AnalysisFlag::min",2048,0.001,11893
DenseMatrix,int64_t,"AnalysisFlag::min",2048,0.001,14833
DenseMatrix,int64_t,"AnalysisFlag::min",2048,0.001,9048
DenseMatrix,int64_t,"AnalysisFlag::min",2048,0.001,11589
DenseMatrix,int64_t,"AnalysisFlag::min",2048,0.001,9135
DenseMatrix,int64_t,"AnalysisFlag::min",2048,0.001,10704
DenseMatrix,int64_t,"AnalysisFlag::min",2048,0.001,10006
DenseMatrix,int64_t,"AnalysisFlag::min",4096,0.001,21371
DenseMatrix,int64_t,"AnalysisFlag::min",4096,0.001,22946
DenseMatrix,int64_t,"AnalysisFlag::min",4096,0.001,22217
DenseMatrix,int64_t,"AnalysisFlag::min",4096,0.001,22049
DenseMatrix,int64_t,"AnalysisFlag::min",4096,0.001,22081
DenseMatrix,int64_t,"AnalysisFlag::min",4096,0.001,20753
DenseMatrix,int64_t,"AnalysisFlag::min",4096,0.001,20710
DenseMatrix,int64_t,"AnalysisFlag::min",4096,0.001,20646
DenseMatrix,int64_t,"AnalysisFlag::min",4096,0.001,18489
DenseMatrix,int64_t,"AnalysisFlag::min",4096,0.001,17670
DenseMatrix,double,"AnalysisFlag::min",1024,0.01,14878
DenseMatrix,double,"AnalysisFlag::min",1024,0.01,17813
DenseMatrix,double,"AnalysisFlag::min",1024,0.01,17512
DenseMatrix,double,"AnalysisFlag::min",1024,0.01,16930
DenseMatrix,double,"AnalysisFlag::min",1024,0.01,17732
DenseMatrix,double,"AnalysisFlag::min",1024,0.01,15894
DenseMatrix,double,"AnalysisFlag::min",1024,0.01,16663
DenseMatrix,double,"AnalysisFlag::min",1024,0.01,17535
DenseMatrix,double,"AnalysisFlag::min",1024,0.01,14043
DenseMatrix,double,"AnalysisFlag::min",1024,0.01,10611
DenseMatrix,double,"AnalysisFlag::min",2048,0.01,21432
DenseMatrix,double,"AnalysisFlag::min",2048,0.01,21386
DenseMatrix,double,"AnalysisFlag::min",2048,0.01,21206
DenseMatrix,double,"AnalysisFlag::min",2048,0.01,20646
DenseMatrix,double,"AnalysisFlag::min",2048,0.01,21520
DenseMatrix,double,"AnalysisFlag::min",2048,0.01,19838
DenseMatrix,double,"AnalysisFlag::min",2048,0.01,21529
DenseMatrix,double,"AnalysisFlag::min",2048,0.01,21404
DenseMatrix,double,"AnalysisFlag::min",2048,0.01,21116
DenseMatrix,double,"AnalysisFlag::min",2048,0.01,20330
DenseMatrix,double,"AnalysisFlag::min",4096,0.01,29394
DenseMatrix,double,"AnalysisFlag::min",4096,0.01,29362
DenseMatrix,double,"AnalysisFlag::min",4096,0.01,29353
DenseMatrix,double,"AnalysisFlag::min",4096,0.01,29502
DenseMatrix,double,"AnalysisFlag::min",4096,0.01,29437
DenseMatrix,double,"AnalysisFlag::min",4096,0.01,29180
DenseMatrix,double,"AnalysisFlag::min",4096,0.01,29736
DenseMatrix,double,"AnalysisFlag::min",4096,0.01,29640
DenseMatrix,double,"AnalysisFlag::min",4096,0.01,28905
DenseMatrix,double,"AnalysisFlag::min",4096,0.01,29234
DenseMatrix,int64_t,"AnalysisFlag::min",1024,0.01,9653
DenseMatrix,int64_t,"AnalysisFlag::min",1024,0.01,11551
DenseMatrix,int64_t,"AnalysisFlag::min",1024,0.01,11447
DenseMatrix,int64_t,"AnalysisFlag::min",1024,0.01,11106
DenseMatrix,int64_t,"AnalysisFlag::min",1024,0.01,11244
DenseMatrix,int64_t,"AnalysisFlag::min",1024,0.01,10324
DenseMatrix,int64_t,"AnalysisFlag::min",1024,0.01,10999
DenseMatrix,int64_t,"AnalysisFlag::min",1024,0.01,11195
DenseMatrix,int64_t,"AnalysisFlag::min",1024,0.01,9352
DenseMatrix,int64_t,"AnalysisFlag::min",1024,0.01,7294
DenseMatrix,int64_t,"AnalysisFlag::min",2048,0.01,15232
DenseMatrix,int64_t,"AnalysisFlag::min",2048,0.01,15197
DenseMatrix,int64_t,"AnalysisFlag::min",2048,0.01,15163
DenseMatrix,int64_t,"AnalysisFlag::min",2048,0.01,16318
DenseMatrix,int64_t,"AnalysisFlag::min",2048,0.01,14875
DenseMatrix,int64_t,"AnalysisFlag::min",2048,0.01,14410
DenseMatrix,int64_t,"AnalysisFlag::min",2048,0.01,14845
DenseMatrix,int64_t,"AnalysisFlag::min",2048,0.01,14862
DenseMatrix,int64_t,"AnalysisFlag::min",2048,0.01,14688
DenseMatrix,int64_t,"AnalysisFlag::min",2048,0.01,13775
DenseMatrix,int64_t,"AnalysisFlag::min",4096,0.01,23045
DenseMatrix,int64_t,"AnalysisFlag::min",4096,0.01,22375
DenseMatrix,int64_t,"AnalysisFlag::min",4096,0.01,22238
DenseMatrix,int64_t,"AnalysisFlag::min",4096,0.01,22764
DenseMatrix,int64_t,"AnalysisFlag::min",4096,0.01,21385
DenseMatrix,int64_t,"AnalysisFlag::min",4096,0.01,21832
DenseMatrix,int64_t,"AnalysisFlag::min",4096,0.01,22221
DenseMatrix,int64_t,"AnalysisFlag::min",4096,0.01,23170
DenseMatrix,int64_t,"AnalysisFlag::min",4096,0.01,22111
DenseMatrix,int64_t,"AnalysisFlag::min",4096,0.01,22686
DenseMatrix,double,"AnalysisFlag::min",1024,0.05,17730
DenseMatrix,double,"AnalysisFlag::min",1024,0.05,17928
DenseMatrix,double,"AnalysisFlag::min",1024,0.05,17676
DenseMatrix,double,"AnalysisFlag::min",1024,0.05,17960
DenseMatrix,double,"AnalysisFlag::min",1024,0.05,18020
DenseMatrix,double,"AnalysisFlag::min",1024,0.05,17758
DenseMatrix,double,"AnalysisFlag::min",1024,0.05,18105
DenseMatrix,double,"AnalysisFlag::min",1024,0.05,17934
DenseMatrix,double,"AnalysisFlag::min",1024,0.05,17327
DenseMatrix,double,"AnalysisFlag::min",1024,0.05,17843
DenseMatrix,double,"AnalysisFlag::min",2048,0.05,21432
DenseMatrix,double,"AnalysisFlag::min",2048,0.05,21287
DenseMatrix,double,"AnalysisFlag::min",2048,0.05,21116
DenseMatrix,double,"AnalysisFlag::min",2048,0.05,21145
DenseMatrix,double,"AnalysisFlag::min",2048,0.05,21083
DenseMatrix,double,"AnalysisFlag::min",2048,0.05,21155
DenseMatrix,double,"AnalysisFlag::min",2048,0.05,21446
DenseMatrix,double,"AnalysisFlag::min",2048,0.05,21082
DenseMatrix,double,"AnalysisFlag::min",2048,0.05,20959
DenseMatrix,double,"AnalysisFlag::min",2048,0.05,21086
DenseMatrix,double,"AnalysisFlag::min",4096,0.05,28922
DenseMatrix,double,"AnalysisFlag::min",4096,0.05,28366
DenseMatrix,double,"AnalysisFlag::min",4096,0.05,28136
DenseMatrix,double,"AnalysisFlag::min",4096,0.05,28144
DenseMatrix,double,"AnalysisFlag::min",4096,0.05,27990
DenseMatrix,double,"AnalysisFlag::min",4096,0.05,28118
DenseMatrix,double,"AnalysisFlag::min",4096,0.05,28366
DenseMatrix,double,"AnalysisFlag::min",4096,0.05,27931
DenseMatrix,double,"AnalysisFlag::min",4096,0.05,29610
DenseMatrix,double,"AnalysisFlag::min",4096,0.05,28328
DenseMatrix,int64_t,"AnalysisFlag::min",1024,0.05,10868
DenseMatrix,int64_t,"AnalysisFlag::min",1024,0.05,10807
DenseMatrix,int64_t,"AnalysisFlag::min",1024,0.05,10822
DenseMatrix,int64_t,"AnalysisFlag::min",1024,0.05,11226
DenseMatrix,int64_t,"AnalysisFlag::min",1024,0.05,11156
DenseMatrix,int64_t,"AnalysisFlag::min",1024,0.05,11226
DenseMatrix,int64_t,"AnalysisFlag::min",1024,0.05,11295
DenseMatrix,int64_t,"AnalysisFlag::min",1024,0.05,10879
DenseMatrix,int64_t,"AnalysisFlag::min",1024,0.05,10733
DenseMatrix,int64_t,"AnalysisFlag::min",1024,0.05,11209
DenseMatrix,int64_t,"AnalysisFlag::min",2048,0.05,14401
DenseMatrix,int64_t,"AnalysisFlag::min",2048,0.05,14207
DenseMatrix,int64_t,"AnalysisFlag::min",2048,0.05,14354
DenseMatrix,int64_t,"AnalysisFlag::min",2048,0.05,14759
DenseMatrix,int64_t,"AnalysisFlag::min",2048,0.05,14573
DenseMatrix,int64_t,"AnalysisFlag::min",2048,0.05,14432
DenseMatrix,int64_t,"AnalysisFlag::min",2048,0.05,14467
DenseMatrix,int64_t,"AnalysisFlag::min",2048,0.05,14756
DenseMatrix,int64_t,"AnalysisFlag::min",2048,0.05,14632
DenseMatrix,int64_t,"AnalysisFlag::min",2048,0.05,14492
DenseMatrix,int64_t,"AnalysisFlag::min",4096,0.05,22419
DenseMatrix,int64_t,"AnalysisFlag::min",4096,0.05,21228
DenseMatrix,int64_t,"AnalysisFlag::min",4096,0.05,22278
DenseMatrix,int64_t,"AnalysisFlag::min",4096,0.05,20915
DenseMatrix,int64_t,"AnalysisFlag::min",4096,0.05,20667
DenseMatrix,int64_t,"AnalysisFlag::min",4096,0.05,20151
DenseMatrix,int64_t,"AnalysisFlag::min",4096,0.05,21398
DenseMatrix,int64_t,"AnalysisFlag::min",4096,0.05,21215
DenseMatrix,int64_t,"AnalysisFlag::min",4096,0.05,21036
DenseMatrix,int64_t,"AnalysisFlag::min",4096,0.05,20362
DenseMatrix,double,"AnalysisFlag::min",1024,0.1,17243
DenseMatrix,double,"AnalysisFlag::min",1024,0.1,17613
DenseMatrix,double,"AnalysisFlag::min",1024,0.1,17500
DenseMatrix,double,"AnalysisFlag::min",1024,0.1,17145
DenseMatrix,double,"AnalysisFlag::min",1024,0.1,17306
DenseMatrix,double,"AnalysisFlag::min",1024,0.1,17244
DenseMatrix,double,"AnalysisFlag::min",1024,0.1,17591
DenseMatrix,double,"AnalysisFlag::min",1024,0.1,17404
DenseMatrix,double,"AnalysisFlag::min",1024,0.1,17373
DenseMatrix,double,"AnalysisFlag::min",1024,0.1,17431
DenseMatrix,double,"AnalysisFlag::min",2048,0.1,21187
DenseMatrix,double,"AnalysisFlag::min",2048,0.1,20809
DenseMatrix,double,"AnalysisFlag::min",2048,0.1,21825
DenseMatrix,double,"AnalysisFlag::min",2048,0.1,20730
DenseMatrix,double,"AnalysisFlag::min",2048,0.1,20678
DenseMatrix,double,"AnalysisFlag::min",2048,0.1,20778
DenseMatrix,double,"AnalysisFlag::min",2048,0.1,20827
DenseMatrix,double,"AnalysisFlag::min",2048,0.1,20659
DenseMatrix,double,"AnalysisFlag::min",2048,0.1,20838
DenseMatrix,double,"AnalysisFlag::min",2048,0.1,20772
DenseMatrix,double,"AnalysisFlag::min",4096,0.1,28198
DenseMatrix,double,"AnalysisFlag::min",4096,0.1,27640
DenseMatrix,double,"AnalysisFlag::min",4096,0.1,27569
DenseMatrix,double,"AnalysisFlag::min",4096,0.1,27495
DenseMatrix,double,"AnalysisFlag::min",4096,0.1,27488
DenseMatrix,double,"AnalysisFlag::min",4096,0.1,27280
DenseMatrix,double,"AnalysisFlag::min",4096,0.1,27230
DenseMatrix,double,"AnalysisFlag::min",4096,0.1,27344
DenseMatrix,double,"AnalysisFlag::min",4096,0.1,27359
DenseMatrix,double,"AnalysisFlag::min",4096,0.1,27464
DenseMatrix,int64_t,"AnalysisFlag::min",1024,0.1,10869
DenseMatrix,int64_t,"AnalysisFlag::min",1024,0.1,11056
DenseMatrix,int64_t,"AnalysisFlag::min",1024,0.1,10802
DenseMatrix,int64_t,"AnalysisFlag::min",1024,0.1,10731
DenseMatrix,int64_t,"AnalysisFlag::min",1024,0.1,10836
DenseMatrix,int64_t,"AnalysisFlag::min",1024,0.1,10942
DenseMatrix,int64_t,"AnalysisFlag::min",1024,0.1,10907
DenseMatrix,int64_t,"AnalysisFlag::min",1024,0.1,11029
DenseMatrix,int64_t,"AnalysisFlag::min",1024,0.1,11193
DenseMatrix,int64_t,"AnalysisFlag::min",1024,0.1,10668
DenseMatrix,int64_t,"AnalysisFlag::min",2048,0.1,15058
DenseMatrix,int64_t,"AnalysisFlag::min",2048,0.1,13994
DenseMatrix,int64_t,"AnalysisFlag::min",2048,0.1,14126
DenseMatrix,int64_t,"AnalysisFlag::min",2048,0.1,14149
DenseMatrix,int64_t,"AnalysisFlag::min",2048,0.1,14147
DenseMatrix,int64_t,"AnalysisFlag::min",2048,0.1,14219
DenseMatrix,int64_t,"AnalysisFlag::min",2048,0.1,14141
DenseMatrix,int64_t,"AnalysisFlag::min",2048,0.1,13978
DenseMatrix,int64_t,"AnalysisFlag::min",2048,0.1,14152
DenseMatrix,int64_t,"AnalysisFlag::min",2048,0.1,14016
DenseMatrix,int64_t,"AnalysisFlag::min",4096,0.1,21520
DenseMatrix,int64_t,"AnalysisFlag::min",4096,0.1,20481
DenseMatrix,int64_t,"AnalysisFlag::min",4096,0.1,20395
DenseMatrix,int64_t,"AnalysisFlag::min",4096,0.1,20204
DenseMatrix,int64_t,"AnalysisFlag::min",4096,0.1,19725
DenseMatrix,int64_t,"AnalysisFlag::min",4096,0.1,22126
DenseMatrix,int64_t,"AnalysisFlag::min",4096,0.1,20125
DenseMatrix,int64_t,"AnalysisFlag::min",4096,0.1,19723
DenseMatrix,int64_t,"AnalysisFlag::min",4096,0.1,20327
DenseMatrix,int64_t,"AnalysisFlag::min",4096,0.1,19911
DenseMatrix,double,"AnalysisFlag::min",1024,0.2,17497
DenseMatrix,double,"AnalysisFlag::min",1024,0.2,17139
DenseMatrix,double,"AnalysisFlag::min",1024,0.2,17181
DenseMatrix,double,"AnalysisFlag::min",1024,0.2,17129
DenseMatrix,double,"AnalysisFlag::min",1024,0.2,16792
DenseMatrix,double,"AnalysisFlag::min",1024,0.2,17044
DenseMatrix,double,"AnalysisFlag::min",1024,0.2,16961
DenseMatrix,double,"AnalysisFlag::min",1024,0.2,16980
DenseMatrix,double,"AnalysisFlag::min",1024,0.2,17241
DenseMatrix,double,"AnalysisFlag::min",1024,0.2,16954
DenseMatrix,double,"AnalysisFlag::min",2048,0.2,20654
DenseMatrix,double,"AnalysisFlag::min",2048,0.2,19845
DenseMatrix,double,"AnalysisFlag::min",2048,0.2,19856
DenseMatrix,double,"AnalysisFlag::min",2048,0.2,19960
DenseMatrix,double,"AnalysisFlag::min",2048,0.2,19967
DenseMatrix,double,"AnalysisFlag::min",2048,0.2,21237
DenseMatrix,double,"AnalysisFlag::min",2048,0.2,20188
DenseMatrix,double,"AnalysisFlag::min",2048,0.2,19919
DenseMatrix,double,"AnalysisFlag::min",2048,0.2,20000
DenseMatrix,double,"AnalysisFlag::min",2048,0.2,19925
DenseMatrix,double,"AnalysisFlag::min",4096,0.2,27135
DenseMatrix,double,"AnalysisFlag::min",4096,0.2,25588
DenseMatrix,double,"AnalysisFlag::min",4096,0.2,25587
DenseMatrix,double,"AnalysisFlag::min",4096,0.2,25685
DenseMatrix,double,"AnalysisFlag::min",4096,0.2,25682
DenseMatrix,double,"AnalysisFlag::min",4096,0.2,25715
DenseMatrix,double,"AnalysisFlag::min",4096,0.2,25619
DenseMatrix,double,"AnalysisFlag::min",4096,0.2,25484
DenseMatrix,double,"AnalysisFlag::min",4096,0.2,25888
DenseMatrix,double,"AnalysisFlag::min",4096,0.2,25779
DenseMatrix,int64_t,"AnalysisFlag::min",1024,0.2,11241
DenseMatrix,int64_t,"AnalysisFlag::min",1024,0.2,10826
DenseMatrix,int64_t,"AnalysisFlag::min",1024,0.2,10850
DenseMatrix,int64_t,"AnalysisFlag::min",1024,0.2,10705
DenseMatrix,int64_t,"AnalysisFlag::min",1024,0.2,10740
DenseMatrix,int64_t,"AnalysisFlag::min",1024,0.2,10544
DenseMatrix,int64_t,"AnalysisFlag::min",1024,0.2,10524
DenseMatrix,int64_t,"AnalysisFlag::min",1024,0.2,10558
DenseMatrix,int64_t,"AnalysisFlag::min",1024,0.2,10617
DenseMatrix,int64_t,"AnalysisFlag::min",1024,0.2,11901
DenseMatrix,int64_t,"AnalysisFlag::min",2048,0.2,13987
DenseMatrix,int64_t,"AnalysisFlag::min",2048,0.2,13335
DenseMatrix,int64_t,"AnalysisFlag::min",2048,0.2,13286
DenseMatrix,int64_t,"AnalysisFlag::min",2048,0.2,13478
DenseMatrix,int64_t,"AnalysisFlag::min",2048,0.2,13318
DenseMatrix,int64_t,"AnalysisFlag::min",2048,0.2,13263
DenseMatrix,int64_t,"AnalysisFlag::min",2048,0.2,13130
DenseMatrix,int64_t,"AnalysisFlag::min",2048,0.2,13383
DenseMatrix,int64_t,"AnalysisFlag::min",2048,0.2,13308
DenseMatrix,int64_t,"AnalysisFlag::min",2048,0.2,13487
DenseMatrix,int64_t,"AnalysisFlag::min",4096,0.2,20155
DenseMatrix,int64_t,"AnalysisFlag::min",4096,0.2,18895
DenseMatrix,int64_t,"AnalysisFlag::min",4096,0.2,18387
DenseMatrix,int64_t,"AnalysisFlag::min",4096,0.2,18777
DenseMatrix,int64_t,"AnalysisFlag::min",4096,0.2,19544
DenseMatrix,int64_t,"AnalysisFlag::min",4096,0.2,19071
DenseMatrix,int64_t,"AnalysisFlag::min",4096,0.2,18544
DenseMatrix,int64_t,"AnalysisFlag::min",4096,0.2,18560
DenseMatrix,int64_t,"AnalysisFlag::min",4096,0.2,18901
DenseMatrix,int64_t,"AnalysisFlag::min",4096,0.2,18759
DenseMatrix,double,"AnalysisFlag::min",1024,0.25,17423
DenseMatrix,double,"AnalysisFlag::min",1024,0.25,17127
DenseMatrix,double,"AnalysisFlag::min",1024,0.25,16607
DenseMatrix,double,"AnalysisFlag::min",1024,0.25,17028
DenseMatrix,double,"AnalysisFlag::min",1024,0.25,16834
DenseMatrix,double,"AnalysisFlag::min",1024,0.25,16753
DenseMatrix,double,"AnalysisFlag::min",1024,0.25,16759
DenseMatrix,double,"AnalysisFlag::min",1024,0.25,16692
DenseMatrix,double,"AnalysisFlag::min",1024,0.25,16875
DenseMatrix,double,"AnalysisFlag::min",1024,0.25,17052
DenseMatrix,double,"AnalysisFlag::min",2048,0.25,20482
DenseMatrix,double,"AnalysisFlag::min",2048,0.25,19754
DenseMatrix,double,"AnalysisFlag::min",2048,0.25,20925
DenseMatrix,double,"AnalysisFlag::min",2048,0.25,19450
DenseMatrix,double,"AnalysisFlag::min",2048,0.25,19670
DenseMatrix,double,"AnalysisFlag::min",2048,0.25,19492
DenseMatrix,double,"AnalysisFlag::min",2048,0.25,19568
DenseMatrix,double,"AnalysisFlag::min",2048,0.25,19457
DenseMatrix,double,"AnalysisFlag::min",2048,0.25,19567
DenseMatrix,double,"AnalysisFlag::min",2048,0.25,19548
DenseMatrix,double,"AnalysisFlag::min",4096,0.25,28062
DenseMatrix,double,"AnalysisFlag::min",4096,0.25,25196
DenseMatrix,double,"AnalysisFlag::min",4096,0.25,24972
DenseMatrix,double,"AnalysisFlag::min",4096,0.25,24955
DenseMatrix,double,"AnalysisFlag::min",4096,0.25,25028
DenseMatrix,double,"AnalysisFlag::min",4096,0.25,25097
DenseMatrix,double,"AnalysisFlag::min",4096,0.25,24956
DenseMatrix,double,"AnalysisFlag::min",4096,0.25,24903
DenseMatrix,double,"AnalysisFlag::min",4096,0.25,24991
DenseMatrix,double,"AnalysisFlag::min",4096,0.25,25250
DenseMatrix,int64_t,"AnalysisFlag::min",1024,0.25,11073
DenseMatrix,int64_t,"AnalysisFlag::min",1024,0.25,10583
DenseMatrix,int64_t,"AnalysisFlag::min",1024,0.25,10622
DenseMatrix,int64_t,"AnalysisFlag::min",1024,0.25,10531
DenseMatrix,int64_t,"AnalysisFlag::min",1024,0.25,10617
DenseMatrix,int64_t,"AnalysisFlag::min",1024,0.25,10480
DenseMatrix,int64_t,"AnalysisFlag::min",1024,0.25,10491
DenseMatrix,int64_t,"AnalysisFlag::min",1024,0.25,10434
DenseMatrix,int64_t,"AnalysisFlag::min",1024,0.25,10631
DenseMatrix,int64_t,"AnalysisFlag::min",1024,0.25,10549
DenseMatrix,int64_t,"AnalysisFlag::min",2048,0.25,13962
DenseMatrix,int64_t,"AnalysisFlag::min",2048,0.25,13116
DenseMatrix,int64_t,"AnalysisFlag::min",2048,0.25,13099
DenseMatrix,int64_t,"AnalysisFlag::min",2048,0.25,12953
DenseMatrix,int64_t,"AnalysisFlag::min",2048,0.25,13253
DenseMatrix,int64_t,"AnalysisFlag::min",2048,0.25,13096
DenseMatrix,int64_t,"AnalysisFlag::min",2048,0.25,12999
DenseMatrix,int64_t,"AnalysisFlag::min",2048,0.25,12818
DenseMatrix,int64_t,"AnalysisFlag::min",2048,0.25,13063
DenseMatrix,int64_t,"AnalysisFlag::min",2048,0.25,13037
DenseMatrix,int64_t,"AnalysisFlag::min",4096,0.25,19778
DenseMatrix,int64_t,"AnalysisFlag::min",4096,0.25,18167
DenseMatrix,int64_t,"AnalysisFlag::min",4096,0.25,18086
DenseMatrix,int64_t,"AnalysisFlag::min",4096,0.25,18011
DenseMatrix,int64_t,"AnalysisFlag::min",4096,0.25,18164
DenseMatrix,int64_t,"AnalysisFlag::min",4096,0.25,18122
DenseMatrix,int64_t,"AnalysisFlag::min",4096,0.25,19489
DenseMatrix,int64_t,"AnalysisFlag::min",4096,0.25,17989
DenseMatrix,int64_t,"AnalysisFlag::min",4096,0.25,18278
DenseMatrix,int64_t,"AnalysisFlag::min",4096,0.25,17957
DenseMatrix,double,"AnalysisFlag::min",1024,1,16535
DenseMatrix,double,"AnalysisFlag::min",1024,1,16439
DenseMatrix,double,"AnalysisFlag::min",1024,1,16280
DenseMatrix,double,"AnalysisFlag::min",1024,1,16529
DenseMatrix,double,"AnalysisFlag::min",1024,1,16274
DenseMatrix,double,"AnalysisFlag::min",1024,1,16427
DenseMatrix,double,"AnalysisFlag::min",1024,1,16287
DenseMatrix,double,"AnalysisFlag::min",1024,1,16433
DenseMatrix,double,"AnalysisFlag::min",1024,1,16587
DenseMatrix,double,"AnalysisFlag::min",1024,1,16671
DenseMatrix,double,"AnalysisFlag::min",2048,1,18512
DenseMatrix,double,"AnalysisFlag::min",2048,1,18297
DenseMatrix,double,"AnalysisFlag::min",2048,1,18341
DenseMatrix,double,"AnalysisFlag::min",2048,1,19085
DenseMatrix,double,"AnalysisFlag::min",2048,1,18542
DenseMatrix,double,"AnalysisFlag::min",2048,1,18499
DenseMatrix,double,"AnalysisFlag::min",2048,1,18581
DenseMatrix,double,"AnalysisFlag::min",2048,1,18573
DenseMatrix,double,"AnalysisFlag::min",2048,1,18587
DenseMatrix,double,"AnalysisFlag::min",2048,1,18838
DenseMatrix,double,"AnalysisFlag::min",4096,1,22932
DenseMatrix,double,"AnalysisFlag::min",4096,1,22815
DenseMatrix,double,"AnalysisFlag::min",4096,1,22930
DenseMatrix,double,"AnalysisFlag::min",4096,1,23257
DenseMatrix,double,"AnalysisFlag::min",4096,1,23584
DenseMatrix,double,"AnalysisFlag::min",4096,1,22939
DenseMatrix,double,"AnalysisFlag::min",4096,1,23130
DenseMatrix,double,"AnalysisFlag::min",4096,1,23479
DenseMatrix,double,"AnalysisFlag::min",4096,1,23129
DenseMatrix,double,"AnalysisFlag::min",4096,1,22442
DenseMatrix,int64_t,"AnalysisFlag::min",1024,1,10345
DenseMatrix,int64_t,"AnalysisFlag::min",1024,1,10136
DenseMatrix,int64_t,"AnalysisFlag::min",1024,1,10069
DenseMatrix,int64_t,"AnalysisFlag::min",1024,1,10259
DenseMatrix,int64_t,"AnalysisFlag::min",1024,1,10148
DenseMatrix,int64_t,"AnalysisFlag::min",1024,1,10130
DenseMatrix,int64_t,"AnalysisFlag::min",1024,1,10095
DenseMatrix,int64_t,"AnalysisFlag::min",1024,1,10335
DenseMatrix,int64_t,"AnalysisFlag::min",1024,1,10373
DenseMatrix,int64_t,"AnalysisFlag::min",1024,1,10277
DenseMatrix,int64_t,"AnalysisFlag::min",2048,1,11975
DenseMatrix,int64_t,"AnalysisFlag::min",2048,1,12083
DenseMatrix,int64_t,"AnalysisFlag::min",2048,1,12294
DenseMatrix,int64_t,"AnalysisFlag::min",2048,1,12604
DenseMatrix,int64_t,"AnalysisFlag::min",2048,1,12271
DenseMatrix,int64_t,"AnalysisFlag::min",2048,1,12234
DenseMatrix,int64_t,"AnalysisFlag::min",2048,1,12349
DenseMatrix,int64_t,"AnalysisFlag::min",2048,1,12273
DenseMatrix,int64_t,"AnalysisFlag::min",2048,1,12392
DenseMatrix,int64_t,"AnalysisFlag::min",2048,1,12235
DenseMatrix,int64_t,"AnalysisFlag::min",4096,1,16099
DenseMatrix,int64_t,"AnalysisFlag::min",4096,1,16576
DenseMatrix,int64_t,"AnalysisFlag::min",4096,1,18251
DenseMatrix,int64_t,"AnalysisFlag::min",4096,1,16361
DenseMatrix,int64_t,"AnalysisFlag::min",4096,1,17145
DenseMatrix,int64_t,"AnalysisFlag::min",4096,1,16435
DenseMatrix,int64_t,"AnalysisFlag::min",4096,1,16720
DenseMatrix,int64_t,"AnalysisFlag::min",4096,1,17018
DenseMatrix,int64_t,"AnalysisFlag::min",4096,1,16578
DenseMatrix,int64_t,"AnalysisFlag::min",4096,1,16191
CSRMatrix,double,"AnalysisFlag::min",1024,0.001,11881
CSRMatrix,double,"AnalysisFlag::min",1024,0.001,11699
CSRMatrix,double,"AnalysisFlag::min",1024,0.001,11507
CSRMatrix,double,"AnalysisFlag::min",1024,0.001,10822
CSRMatrix,double,"AnalysisFlag::min",1024,0.001,11295
CSRMatrix,double,"AnalysisFlag::min",1024,0.001,11236
CSRMatrix,double,"AnalysisFlag::min",1024,0.001,11533
CSRMatrix,double,"AnalysisFlag::min",1024,0.001,11698
CSRMatrix,double,"AnalysisFlag::min",1024,0.001,12298
CSRMatrix,double,"AnalysisFlag::min",1024,0.001,10548
CSRMatrix,double,"AnalysisFlag::min",2048,0.001,20025
CSRMatrix,double,"AnalysisFlag::min",2048,0.001,23526
CSRMatrix,double,"AnalysisFlag::min",2048,0.001,23201
CSRMatrix,double,"AnalysisFlag::min",2048,0.001,23965
CSRMatrix,double,"AnalysisFlag::min",2048,0.001,22688
CSRMatrix,double,"AnalysisFlag::min",2048,0.001,23390
CSRMatrix,double,"AnalysisFlag::min",2048,0.001,23674
CSRMatrix,double,"AnalysisFlag::min",2048,0.001,23582
CSRMatrix,double,"AnalysisFlag::min",2048,0.001,23851
CSRMatrix,double,"AnalysisFlag::min",2048,0.001,23453
CSRMatrix,double,"AnalysisFlag::min",4096,0.001,39771
CSRMatrix,double,"AnalysisFlag::min",4096,0.001,51579
CSRMatrix,double,"AnalysisFlag::min",4096,0.001,50580
CSRMatrix,double,"AnalysisFlag::min",4096,0.001,49844
CSRMatrix,double,"AnalysisFlag::min",4096,0.001,52757
CSRMatrix,double,"AnalysisFlag::min",4096,0.001,48968
CSRMatrix,double,"AnalysisFlag::min",4096,0.001,53097
CSRMatrix,double,"AnalysisFlag::min",4096,0.001,54083
CSRMatrix,double,"AnalysisFlag::min",4096,0.001,52169
CSRMatrix,double,"AnalysisFlag::min",4096,0.001,45308
CSRMatrix,int64_t,"AnalysisFlag::min",1024,0.001,11135
CSRMatrix,int64_t,"AnalysisFlag::min",1024,0.001,12270
CSRMatrix,int64_t,"AnalysisFlag::min",1024,0.001,12266
CSRMatrix,int64_t,"AnalysisFlag::min",1024,0.001,10743
CSRMatrix,int64_t,"AnalysisFlag::min",1024,0.001,11070
CSRMatrix,int64_t,"AnalysisFlag::min",1024,0.001,11813
CSRMatrix,int64_t,"AnalysisFlag::min",1024,0.001,12574
CSRMatrix,int64_t,"AnalysisFlag::min",1024,0.001,12365
CSRMatrix,int64_t,"AnalysisFlag::min",1024,0.001,12717
CSRMatrix,int64_t,"AnalysisFlag::min",1024,0.001,10701
CSRMatrix,int64_t,"AnalysisFlag::min",2048,0.001,19682
CSRMatrix,int64_t,"AnalysisFlag::min",2048,0.001,25208
CSRMatrix,int64_t,"AnalysisFlag::min",2048,0.001,24149
CSRMatrix,int64_t,"AnalysisFlag::min",2048,0.001,23601
CSRMatrix,int64_t,"AnalysisFlag::min",2048,0.001,23401
CSRMatrix,int64_t,"AnalysisFlag::min",2048,0.001,24633
CSRMatrix,int64_t,"AnalysisFlag::min",2048,0.001,23721
CSRMatrix,int64_t,"AnalysisFlag::min",2048,0.001,24532
CSRMatrix,int64_t,"AnalysisFlag::min",2048,0.001,24405
CSRMatrix,int64_t,"AnalysisFlag::min",2048,0.001,24214
CSRMatrix,int64_t,"AnalysisFlag::min",4096,0.001,39806
CSRMatrix,int64_t,"AnalysisFlag::min",4096,0.001,52592
CSRMatrix,int64_t,"AnalysisFlag::min",4096,0.001,52274
CSRMatrix,int64_t,"AnalysisFlag::min",4096,0.001,49096
CSRMatrix,int64_t,"AnalysisFlag::min",4096,0.001,53685
CSRMatrix,int64_t,"AnalysisFlag::min",4096,0.001,47824
CSRMatrix,int64_t,"AnalysisFlag::min",4096,0.001,51347
CSRMatrix,int64_t,"AnalysisFlag::min",4096,0.001,54171
CSRMatrix,int64_t,"AnalysisFlag::min",4096,0.001,51858
CSRMatrix,int64_t,"AnalysisFlag::min",4096,0.001,46603
CSRMatrix,double,"AnalysisFlag::min",1024,0.01,10878
CSRMatrix,double,"AnalysisFlag::min",1024,0.01,16154
CSRMatrix,double,"AnalysisFlag::min",1024,0.01,15918
CSRMatrix,double,"AnalysisFlag::min",1024,0.01,14773
CSRMatrix,double,"AnalysisFlag::min",1024,0.01,15338
CSRMatrix,double,"AnalysisFlag::min",1024,0.01,15848
CSRMatrix,double,"AnalysisFlag::min",1024,0.01,15831
CSRMatrix,double,"AnalysisFlag::min",1024,0.01,14908
CSRMatrix,double,"AnalysisFlag::min",1024,0.01,15802
CSRMatrix,double,"AnalysisFlag::min",1024,0.01,15294
CSRMatrix,double,"AnalysisFlag::min",2048,0.01,21160
CSRMatrix,double,"AnalysisFlag::min",2048,0.01,33509
CSRMatrix,double,"AnalysisFlag::min",2048,0.01,33437
CSRMatrix,double,"AnalysisFlag::min",2048,0.01,32424
CSRMatrix,double,"AnalysisFlag::min",2048,0.01,32587
CSRMatrix,double,"AnalysisFlag::min",2048,0.01,35210
CSRMatrix,double,"AnalysisFlag::min",2048,0.01,34637
CSRMatrix,double,"AnalysisFlag::min",2048,0.01,32331
CSRMatrix,double,"AnalysisFlag::min",2048,0.01,33671
CSRMatrix,double,"AnalysisFlag::min",2048,0.01,33262
CSRMatrix,double,"AnalysisFlag::min",4096,0.01,41586
CSRMatrix,double,"AnalysisFlag::min",4096,0.01,72210
CSRMatrix,double,"AnalysisFlag::min",4096,0.01,70853
CSRMatrix,double,"AnalysisFlag::min",4096,0.01,72166
CSRMatrix,double,"AnalysisFlag::min",4096,0.01,70245
CSRMatrix,double,"AnalysisFlag::min",4096,0.01,71883
CSRMatrix,double,"AnalysisFlag::min",4096,0.01,71461
CSRMatrix,double,"AnalysisFlag::min",4096,0.01,70942
CSRMatrix,double,"AnalysisFlag::min",4096,0.01,69546
CSRMatrix,double,"AnalysisFlag::min",4096,0.01,72551
CSRMatrix,int64_t,"AnalysisFlag::min",1024,0.01,10596
CSRMatrix,int64_t,"AnalysisFlag::min",1024,0.01,15907
CSRMatrix,int64_t,"AnalysisFlag::min",1024,0.01,16040
CSRMatrix,int64_t,"AnalysisFlag::min",1024,0.01,15555
CSRMatrix,int64_t,"AnalysisFlag::min",1024,0.01,15817
CSRMatrix,int64_t,"AnalysisFlag::min",1024,0.01,15982
CSRMatrix,int64_t,"AnalysisFlag::min",1024,0.01,15978
CSRMatrix,int64_t,"AnalysisFlag::min",1024,0.01,15364
CSRMatrix,int64_t,"AnalysisFlag::min",1024,0.01,15917
CSRMatrix,int64_t,"AnalysisFlag::min",1024,0.01,15082
CSRMatrix,int64_t,"AnalysisFlag::min",2048,0.01,21271
CSRMatrix,int64_t,"AnalysisFlag::min",2048,0.01,35006
CSRMatrix,int64_t,"AnalysisFlag::min",2048,0.01,32875
CSRMatrix,int64_t,"AnalysisFlag::min",2048,0.01,32423
CSRMatrix,int64_t,"AnalysisFlag::min",2048,0.01,32513
CSRMatrix,int64_t,"AnalysisFlag::min",2048,0.01,33592
CSRMatrix,int64_t,"AnalysisFlag::min",2048,0.01,33962
CSRMatrix,int64_t,"AnalysisFlag::min",2048,0.01,32151
CSRMatrix,int64_t,"AnalysisFlag::min",2048,0.01,32762
CSRMatrix,int64_t,"AnalysisFlag::min",2048,0.01,32339
CSRMatrix,int64_t,"AnalysisFlag::min",4096,0.01,42409
CSRMatrix,int64_t,"AnalysisFlag::min",4096,0.01,71656
CSRMatrix,int64_t,"AnalysisFlag::min",4096,0.01,71089
CSRMatrix,int64_t,"AnalysisFlag::min",4096,0.01,71434
CSRMatrix,int64_t,"AnalysisFlag::min",4096,0.01,69945
CSRMatrix,int64_t,"AnalysisFlag::min",4096,0.01,69283
CSRMatrix,int64_t,"AnalysisFlag::min",4096,0.01,72109
CSRMatrix,int64_t,"AnalysisFlag::min",4096,0.01,67990
CSRMatrix,int64_t,"AnalysisFlag::min",4096,0.01,69030
CSRMatrix,int64_t,"AnalysisFlag::min",4096,0.01,70495
CSRMatrix,double,"AnalysisFlag::min",1024,0.05,13046
CSRMatrix,double,"AnalysisFlag::min",1024,0.05,23303
CSRMatrix,double,"AnalysisFlag::min",1024,0.05,24407
CSRMatrix,double,"AnalysisFlag::min",1024,0.05,24502
CSRMatrix,double,"AnalysisFlag::min",1024,0.05,24120
CSRMatrix,double,"AnalysisFlag::min",1024,0.05,24930
CSRMatrix,double,"AnalysisFlag::min",1024,0.05,24400
CSRMatrix,double,"AnalysisFlag::min",1024,0.05,23815
CSRMatrix,double,"AnalysisFlag::min",1024,0.05,24113
CSRMatrix,double,"AnalysisFlag::min",1024,0.05,24434
CSRMatrix,double,"AnalysisFlag::min",2048,0.05,24647
CSRMatrix,double,"AnalysisFlag::min",2048,0.05,49016
CSRMatrix,double,"AnalysisFlag::min",2048,0.05,48774
CSRMatrix,double,"AnalysisFlag::min",2048,0.05,47071
CSRMatrix,double,"AnalysisFlag::min",2048,0.05,47128
CSRMatrix,double,"AnalysisFlag::min",2048,0.05,47993
CSRMatrix,double,"AnalysisFlag::min",2048,0.05,47590
CSRMatrix,double,"AnalysisFlag::min",2048,0.05,46715
CSRMatrix,double,"AnalysisFlag::min",2048,0.05,47346
CSRMatrix,double,"AnalysisFlag::min",2048,0.05,46543
CSRMatrix,double,"AnalysisFlag::min",4096,0.05,45220
CSRMatrix,double,"AnalysisFlag::min",4096,0.05,95876
CSRMatrix,double,"AnalysisFlag::min",4096,0.05,94320
CSRMatrix,double,"AnalysisFlag::min",4096,0.05,93466
CSRMatrix,double,"AnalysisFlag::min",4096,0.05,92927
CSRMatrix,double,"AnalysisFlag::min",4096,0.05,92945
CSRMatrix,double,"AnalysisFlag::min",4096,0.05,96267
CSRMatrix,double,"AnalysisFlag::min",4096,0.05,93028
CSRMatrix,double,"AnalysisFlag::min",4096,0.05,93949
CSRMatrix,double,"AnalysisFlag::min",4096,0.05,92485
CSRMatrix,int64_t,"AnalysisFlag::min",1024,0.05,13154
CSRMatrix,int64_t,"AnalysisFlag::min",1024,0.05,24920
CSRMatrix,int64_t,"AnalysisFlag::min",1024,0.05,25093
CSRMatrix,int64_t,"AnalysisFlag::min",1024,0.05,28142
CSRMatrix,int64_t,"AnalysisFlag::min",1024,0.05,24276
CSRMatrix,int64_t,"AnalysisFlag::min",1024,0.05,24687
CSRMatrix,int64_t,"AnalysisFlag::min",1024,0.05,24492
CSRMatrix,int64_t,"AnalysisFlag::min",1024,0.05,23833
CSRMatrix,int64_t,"AnalysisFlag::min",1024,0.05,23465
CSRMatrix,int64_t,"AnalysisFlag::min",1024,0.05,23711
CSRMatrix,int64_t,"AnalysisFlag::min",2048,0.05,25200
CSRMatrix,int64_t,"AnalysisFlag::min",2048,0.05,48610
CSRMatrix,int64_t,"AnalysisFlag::min",2048,0.05,49265
CSRMatrix,int64_t,"AnalysisFlag::min",2048,0.05,47585
CSRMatrix,int64_t,"AnalysisFlag::min",2048,0.05,47493
CSRMatrix,int64_t,"AnalysisFlag::min",2048,0.05,48616
CSRMatrix,int64_t,"AnalysisFlag::min",2048,0.05,47989
CSRMatrix,int64_t,"AnalysisFlag::min",2048,0.05,46573
CSRMatrix,int64_t,"AnalysisFlag::min",2048,0.05,47136
CSRMatrix,int64_t,"AnalysisFlag::min",2048,0.05,46639
CSRMatrix,int64_t,"AnalysisFlag::min",4096,0.05,45608
CSRMatrix,int64_t,"AnalysisFlag::min",4096,0.05,98131
CSRMatrix,int64_t,"AnalysisFlag::min",4096,0.05,97801
CSRMatrix,int64_t,"AnalysisFlag::min",4096,0.05,97657
CSRMatrix,int64_t,"AnalysisFlag::min",4096,0.05,97207
CSRMatrix,int64_t,"AnalysisFlag::min",4096,0.05,96224
CSRMatrix,int64_t,"AnalysisFlag::min",4096,0.05,97813
CSRMatrix,int64_t,"AnalysisFlag::min",4096,0.05,95340
CSRMatrix,int64_t,"AnalysisFlag::min",4096,0.05,98230
CSRMatrix,int64_t,"AnalysisFlag::min",4096,0.05,96494
CSRMatrix,double,"AnalysisFlag::min",1024,0.1,14781
CSRMatrix,double,"AnalysisFlag::min",1024,0.1,34903
CSRMatrix,double,"AnalysisFlag::min",1024,0.1,32130
CSRMatrix,double,"AnalysisFlag::min",1024,0.1,30971
CSRMatrix,double,"AnalysisFlag::min",1024,0.1,31375
CSRMatrix,double,"AnalysisFlag::min",1024,0.1,31310
CSRMatrix,double,"AnalysisFlag::min",1024,0.1,31060
CSRMatrix,double,"AnalysisFlag::min",1024,0.1,30272
CSRMatrix,double,"AnalysisFlag::min",1024,0.1,30995
CSRMatrix,double,"AnalysisFlag::min",1024,0.1,30700
CSRMatrix,double,"AnalysisFlag::min",2048,0.1,25667
CSRMatrix,double,"AnalysisFlag::min",2048,0.1,61824
CSRMatrix,double,"AnalysisFlag::min",2048,0.1,60043
CSRMatrix,double,"AnalysisFlag::min",2048,0.1,60344
CSRMatrix,double,"AnalysisFlag::min",2048,0.1,59442
CSRMatrix,double,"AnalysisFlag::min",2048,0.1,58615
CSRMatrix,double,"AnalysisFlag::min",2048,0.1,58626
CSRMatrix,double,"AnalysisFlag::min",2048,0.1,58687
CSRMatrix,double,"AnalysisFlag::min",2048,0.1,58214
CSRMatrix,double,"AnalysisFlag::min",2048,0.1,58127
CSRMatrix,double,"AnalysisFlag::min",4096,0.1,46468
CSRMatrix,double,"AnalysisFlag::min",4096,0.1,111106
CSRMatrix,double,"AnalysisFlag::min",4096,0.1,109629
CSRMatrix,double,"AnalysisFlag::min",4096,0.1,107675
CSRMatrix,double,"AnalysisFlag::min",4096,0.1,109529
CSRMatrix,double,"AnalysisFlag::min",4096,0.1,107566
CSRMatrix,double,"AnalysisFlag::min",4096,0.1,107346
CSRMatrix,double,"AnalysisFlag::min",4096,0.1,108371
CSRMatrix,double,"AnalysisFlag::min",4096,0.1,111127
CSRMatrix,double,"AnalysisFlag::min",4096,0.1,109170
CSRMatrix,int64_t,"AnalysisFlag::min",1024,0.1,14837
CSRMatrix,int64_t,"AnalysisFlag::min",1024,0.1,32468
CSRMatrix,int64_t,"AnalysisFlag::min",1024,0.1,31855
CSRMatrix,int64_t,"AnalysisFlag::min",1024,0.1,30879
CSRMatrix,int64_t,"AnalysisFlag::min",1024,0.1,31438
CSRMatrix,int64_t,"AnalysisFlag::min",1024,0.1,31184
CSRMatrix,int64_t,"AnalysisFlag::min",1024,0.1,32755
CSRMatrix,int64_t,"AnalysisFlag::min",1024,0.1,30280
CSRMatrix,int64_t,"AnalysisFlag::min",1024,0.1,30788
CSRMatrix,int64_t,"AnalysisFlag::min",1024,0.1,30423
CSRMatrix,int64_t,"AnalysisFlag::min",2048,0.1,26501
CSRMatrix,int64_t,"AnalysisFlag::min",2048,0.1,61960
CSRMatrix,int64_t,"AnalysisFlag::min",2048,0.1,60568
CSRMatrix,int64_t,"AnalysisFlag::min",2048,0.1,62518
CSRMatrix,int64_t,"AnalysisFlag::min",2048,0.1,61618
CSRMatrix,int64_t,"AnalysisFlag::min",2048,0.1,63191
CSRMatrix,int64_t,"AnalysisFlag::min",2048,0.1,59997
CSRMatrix,int64_t,"AnalysisFlag::min",2048,0.1,58939
CSRMatrix,int64_t,"AnalysisFlag::min",2048,0.1,59657
CSRMatrix,int64_t,"AnalysisFlag::min",2048,0.1,58981
CSRMatrix,int64_t,"AnalysisFlag::min",4096,0.1,46432
CSRMatrix,int64_t,"AnalysisFlag::min",4096,0.1,115967
CSRMatrix,int64_t,"AnalysisFlag::min",4096,0.1,112850
CSRMatrix,int64_t,"AnalysisFlag::min",4096,0.1,111396
CSRMatrix,int64_t,"AnalysisFlag::min",4096,0.1,114862
CSRMatrix,int64_t,"AnalysisFlag::min",4096,0.1,111632
CSRMatrix,int64_t,"AnalysisFlag::min",4096,0.1,113021
CSRMatrix,int64_t,"AnalysisFlag::min",4096,0.1,112818
CSRMatrix,int64_t,"AnalysisFlag::min",4096,0.1,113107
CSRMatrix,int64_t,"AnalysisFlag::min",4096,0.1,112288
CSRMatrix,double,"AnalysisFlag::min",1024,0.2,15768
CSRMatrix,double,"AnalysisFlag::min",1024,0.2,44722
CSRMatrix,double,"AnalysisFlag::min",1024,0.2,42656
CSRMatrix,double,"AnalysisFlag::min",1024,0.2,42749
CSRMatrix,double,"AnalysisFlag::min",1024,0.2,42278
CSRMatrix,double,"AnalysisFlag::min",1024,0.2,42841
CSRMatrix,double,"AnalysisFlag::min",1024,0.2,42337
CSRMatrix,double,"AnalysisFlag::min",1024,0.2,41029
CSRMatrix,double,"AnalysisFlag::min",1024,0.2,41583
CSRMatrix,double,"AnalysisFlag::min",1024,0.2,40390
CSRMatrix,double,"AnalysisFlag::min",2048,0.2,26815
CSRMatrix,double,"AnalysisFlag::min",2048,0.2,78294
CSRMatrix,double,"AnalysisFlag::min",2048,0.2,75641
CSRMatrix,double,"AnalysisFlag::min",2048,0.2,74631
CSRMatrix,double,"AnalysisFlag::min",2048,0.2,75842
CSRMatrix,double,"AnalysisFlag::min",2048,0.2,76120
CSRMatrix,double,"AnalysisFlag::min",2048,0.2,71958
CSRMatrix,double,"AnalysisFlag::min",2048,0.2,72591
CSRMatrix,double,"AnalysisFlag::min",2048,0.2,73563
CSRMatrix,double,"AnalysisFlag::min",2048,0.2,74746
CSRMatrix,double,"AnalysisFlag::min",4096,0.2,46287
CSRMatrix,double,"AnalysisFlag::min",4096,0.2,141457
CSRMatrix,double,"AnalysisFlag::min",4096,0.2,136061
CSRMatrix,double,"AnalysisFlag::min",4096,0.2,134714
CSRMatrix,double,"AnalysisFlag::min",4096,0.2,136262
CSRMatrix,double,"AnalysisFlag::min",4096,0.2,135704
CSRMatrix,double,"AnalysisFlag::min",4096,0.2,134790
CSRMatrix,double,"AnalysisFlag::min",4096,0.2,135754
CSRMatrix,double,"AnalysisFlag::min",4096,0.2,136750
CSRMatrix,double,"AnalysisFlag::min",4096,0.2,134284
CSRMatrix,int64_t,"AnalysisFlag::min",1024,0.2,15988
CSRMatrix,int64_t,"AnalysisFlag::min",1024,0.2,46356
CSRMatrix,int64_t,"AnalysisFlag::min",1024,0.2,43243
CSRMatrix,int64_t,"AnalysisFlag::min",1024,0.2,44879
CSRMatrix,int64_t,"AnalysisFlag::min",1024,0.2,42968
CSRMatrix,int64_t,"AnalysisFlag::min",1024,0.2,41503
CSRMatrix,int64_t,"AnalysisFlag::min",1024,0.2,41957
CSRMatrix,int64_t,"AnalysisFlag::min",1024,0.2,40971
CSRMatrix,int64_t,"AnalysisFlag::min",1024,0.2,41452
CSRMatrix,int64_t,"AnalysisFlag::min",1024,0.2,40451
CSRMatrix,int64_t,"AnalysisFlag::min",2048,0.2,26970
CSRMatrix,int64_t,"AnalysisFlag::min",2048,0.2,78566
CSRMatrix,int64_t,"AnalysisFlag::min",2048,0.2,77668
CSRMatrix,int64_t,"AnalysisFlag::min",2048,0.2,75258
CSRMatrix,int64_t,"AnalysisFlag::min",2048,0.2,75731
CSRMatrix,int64_t,"AnalysisFlag::min",2048,0.2,75638
CSRMatrix,int64_t,"AnalysisFlag::min",2048,0.2,74066
CSRMatrix,int64_t,"AnalysisFlag::min",2048,0.2,73343
CSRMatrix,int64_t,"AnalysisFlag::min",2048,0.2,75678
CSRMatrix,int64_t,"AnalysisFlag::min",2048,0.2,72166
CSRMatrix,int64_t,"AnalysisFlag::min",4096,0.2,46696
CSRMatrix,int64_t,"AnalysisFlag::min",4096,0.2,141998
CSRMatrix,int64_t,"AnalysisFlag::min",4096,0.2,139882
CSRMatrix,int64_t,"AnalysisFlag::min",4096,0.2,138584
CSRMatrix,int64_t,"AnalysisFlag::min",4096,0.2,138956
CSRMatrix,int64_t,"AnalysisFlag::min",4096,0.2,138960
CSRMatrix,int64_t,"AnalysisFlag::min",4096,0.2,137518
CSRMatrix,int64_t,"AnalysisFlag::min",4096,0.2,135170
CSRMatrix,int64_t,"AnalysisFlag::min",4096,0.2,137651
CSRMatrix,int64_t,"AnalysisFlag::min",4096,0.2,139353
CSRMatrix,double,"AnalysisFlag::min",1024,0.25,16119
CSRMatrix,double,"AnalysisFlag::min",1024,0.25,50579
CSRMatrix,double,"AnalysisFlag::min",1024,0.25,48511
CSRMatrix,double,"AnalysisFlag::min",1024,0.25,47481
CSRMatrix,double,"AnalysisFlag::min",1024,0.25,47938
CSRMatrix,double,"AnalysisFlag::min",1024,0.25,47333
CSRMatrix,double,"AnalysisFlag::min",1024,0.25,46695
CSRMatrix,double,"AnalysisFlag::min",1024,0.25,48870
CSRMatrix,double,"AnalysisFlag::min",1024,0.25,47307
CSRMatrix,double,"AnalysisFlag::min",1024,0.25,45446
CSRMatrix,double,"AnalysisFlag::min",2048,0.25,26902
CSRMatrix,double,"AnalysisFlag::min",2048,0.25,85038
CSRMatrix,double,"AnalysisFlag::min",2048,0.25,82563
CSRMatrix,double,"AnalysisFlag::min",2048,0.25,82304
CSRMatrix,double,"AnalysisFlag::min",2048,0.25,83235
CSRMatrix,double,"AnalysisFlag::min",2048,0.25,82973
CSRMatrix,double,"AnalysisFlag::min",2048,0.25,81940
CSRMatrix,double,"AnalysisFlag::min",2048,0.25,80965
CSRMatrix,double,"AnalysisFlag::min",2048,0.25,80838
CSRMatrix,double,"AnalysisFlag::min",2048,0.25,81215
CSRMatrix,double,"AnalysisFlag::min",4096,0.25,45775
CSRMatrix,double,"AnalysisFlag::min",4096,0.25,152746
CSRMatrix,double,"AnalysisFlag::min",4096,0.25,152947
CSRMatrix,double,"AnalysisFlag::min",4096,0.25,156538
CSRMatrix,double,"AnalysisFlag::min",4096,0.25,155402
CSRMatrix,double,"AnalysisFlag::min",4096,0.25,148898
CSRMatrix,double,"AnalysisFlag::min",4096,0.25,152421
CSRMatrix,double,"AnalysisFlag::min",4096,0.25,151627
CSRMatrix,double,"AnalysisFlag::min",4096,0.25,152398
CSRMatrix,double,"AnalysisFlag::min",4096,0.25,147829
CSRMatrix,int64_t,"AnalysisFlag::min",1024,0.25,16327
CSRMatrix,int64_t,"AnalysisFlag::min",1024,0.25,51041
CSRMatrix,int64_t,"AnalysisFlag::min",1024,0.25,49341
CSRMatrix,int64_t,"AnalysisFlag::min",1024,0.25,47715
CSRMatrix,int64_t,"AnalysisFlag::min",1024,0.25,47830
CSRMatrix,int64_t,"AnalysisFlag::min",1024,0.25,45759
CSRMatrix,int64_t,"AnalysisFlag::min",1024,0.25,45610
CSRMatrix,int64_t,"AnalysisFlag::min",1024,0.25,45259
CSRMatrix,int64_t,"AnalysisFlag::min",1024,0.25,46519
CSRMatrix,int64_t,"AnalysisFlag::min",1024,0.25,44299
CSRMatrix,int64_t,"AnalysisFlag::min",2048,0.25,27098
CSRMatrix,int64_t,"AnalysisFlag::min",2048,0.25,84393
CSRMatrix,int64_t,"AnalysisFlag::min",2048,0.25,83437
CSRMatrix,int64_t,"AnalysisFlag::min",2048,0.25,81705
CSRMatrix,int64_t,"AnalysisFlag::min",2048,0.25,82160
CSRMatrix,int64_t,"AnalysisFlag::min",2048,0.25,81935
CSRMatrix,int64_t,"AnalysisFlag::min",2048,0.25,81230
CSRMatrix,int64_t,"AnalysisFlag::min",2048,0.25,80421
CSRMatrix,int64_t,"AnalysisFlag::min",2048,0.25,80352
CSRMatrix,int64_t,"AnalysisFlag::min",2048,0.25,81710
CSRMatrix,int64_t,"AnalysisFlag::min",4096,0.25,47237
CSRMatrix,int64_t,"AnalysisFlag::min",4096,0.25,153418
CSRMatrix,int64_t,"AnalysisFlag::min",4096,0.25,152140
CSRMatrix,int64_t,"AnalysisFlag::min",4096,0.25,155364
CSRMatrix,int64_t,"AnalysisFlag::min",4096,0.25,151652
CSRMatrix,int64_t,"AnalysisFlag::min",4096,0.25,153948
CSRMatrix,int64_t,"AnalysisFlag::min",4096,0.25,155042
CSRMatrix,int64_t,"AnalysisFlag::min",4096,0.25,153859
CSRMatrix,int64_t,"AnalysisFlag::min",4096,0.25,153482
CSRMatrix,int64_t,"AnalysisFlag::min",4096,0.25,152607
CSRMatrix,double,"AnalysisFlag::min",1024,1,16589
CSRMatrix,double,"AnalysisFlag::min",1024,1,141206
CSRMatrix,double,"AnalysisFlag::min",1024,1,144529
CSRMatrix,double,"AnalysisFlag::min",1024,1,133248
CSRMatrix,double,"AnalysisFlag::min",1024,1,133126
CSRMatrix,double,"AnalysisFlag::min",1024,1,135867
CSRMatrix,double,"AnalysisFlag::min",1024,1,140105
CSRMatrix,double,"AnalysisFlag::min",1024,1,136593
CSRMatrix,double,"AnalysisFlag::min",1024,1,135302
CSRMatrix,double,"AnalysisFlag::min",1024,1,140841
CSRMatrix,double,"AnalysisFlag::min",2048,1,27363
CSRMatrix,double,"AnalysisFlag::min",2048,1,414577
CSRMatrix,double,"AnalysisFlag::min",2048,1,421034
CSRMatrix,double,"AnalysisFlag::min",2048,1,410916
CSRMatrix,double,"AnalysisFlag::min",2048,1,410947
CSRMatrix,double,"AnalysisFlag::min",2048,1,422312
CSRMatrix,double,"AnalysisFlag::min",2048,1,411151
CSRMatrix,double,"AnalysisFlag::min",2048,1,412735
CSRMatrix,double,"AnalysisFlag::min",2048,1,418219
CSRMatrix,double,"AnalysisFlag::min",2048,1,428303
CSRMatrix,double,"AnalysisFlag::min",4096,1,47219
CSRMatrix,double,"AnalysisFlag::min",4096,1,1.22595e+06
CSRMatrix,double,"AnalysisFlag::min",4096,1,1.23694e+06
CSRMatrix,double,"AnalysisFlag::min",4096,1,1.28407e+06
CSRMatrix,double,"AnalysisFlag::min",4096,1,1.26055e+06
CSRMatrix,double,"AnalysisFlag::min",4096,1,1.23589e+06
CSRMatrix,double,"AnalysisFlag::min",4096,1,1.25323e+06
CSRMatrix,double,"AnalysisFlag::min",4096,1,1.24001e+06
CSRMatrix,double,"AnalysisFlag::min",4096,1,1.22335e+06
CSRMatrix,double,"AnalysisFlag::min",4096,1,1.25158e+06
CSRMatrix,int64_t,"AnalysisFlag::min",1024,1,17609
CSRMatrix,int64_t,"AnalysisFlag::min",1024,1,139212
CSRMatrix,int64_t,"AnalysisFlag::min",1024,1,140709
CSRMatrix,int64_t,"AnalysisFlag::min",1024,1,134909
CSRMatrix,int64_t,"AnalysisFlag::min",1024,1,136725
CSRMatrix,int64_t,"AnalysisFlag::min",1024,1,138128
CSRMatrix,int64_t,"AnalysisFlag::min",1024,1,138635
CSRMatrix,int64_t,"AnalysisFlag::min",1024,1,134363
CSRMatrix,int64_t,"AnalysisFlag::min",1024,1,135709
CSRMatrix,int64_t,"AnalysisFlag::min",1024,1,136516
CSRMatrix,int64_t,"AnalysisFlag::min",2048,1,27403
CSRMatrix,int64_t,"AnalysisFlag::min",2048,1,419597
CSRMatrix,int64_t,"AnalysisFlag::min",2048,1,425674
CSRMatrix,int64_t,"AnalysisFlag::min",2048,1,418989
CSRMatrix,int64_t,"AnalysisFlag::min",2048,1,414160
CSRMatrix,int64_t,"AnalysisFlag::min",2048,1,427324
CSRMatrix,int64_t,"AnalysisFlag::min",2048,1,410157
CSRMatrix,int64_t,"AnalysisFlag::min",2048,1,413959
CSRMatrix,int64_t,"AnalysisFlag::min",2048,1,417395
CSRMatrix,int64_t,"AnalysisFlag::min",2048,1,417606
CSRMatrix,int64_t,"AnalysisFlag::min",4096,1,45251
CSRMatrix,int64_t,"AnalysisFlag::min",4096,1,1.12694e+06
CSRMatrix,int64_t,"AnalysisFlag::min",4096,1,1.13827e+06
CSRMatrix,int64_t,"AnalysisFlag::min",4096,1,1.15783e+06
CSRMatrix,int64_t,"AnalysisFlag::min",4096,1,1.13688e+06
CSRMatrix,int64_t,"AnalysisFlag::min",4096,1,1.13774e+06
CSRMatrix,int64_t,"AnalysisFlag::min",4096,1,1.12312e+06
CSRMatrix,int64_t,"AnalysisFlag::min",4096,1,1.1232e+06
CSRMatrix,int64_t,"AnalysisFlag::min",4096,1,1.1222e+06
CSRMatrix,int64_t,"AnalysisFlag::min",4096,1,1.15013e+06
DenseMatrix,double,"AnalysisFlag::min, AnalysisFlag::max",1024,0.001,8946
DenseMatrix,double,"AnalysisFlag::min, AnalysisFlag::max",1024,0.001,6897
DenseMatrix,double,"AnalysisFlag::min, AnalysisFlag::max",1024,0.001,10313
DenseMatrix,double,"AnalysisFlag::min, AnalysisFlag::max",1024,0.001,11268
DenseMatrix,double,"AnalysisFlag::min, AnalysisFlag::max",1024,0.001,16181
DenseMatrix,double,"AnalysisFlag::min, AnalysisFlag::max",1024,0.001,6605
DenseMatrix,double,"AnalysisFlag::min, AnalysisFlag::max",1024,0.001,6153
DenseMatrix,double,"AnalysisFlag::min, AnalysisFlag::max",1024,0.001,4682
DenseMatrix,double,"AnalysisFlag::min, AnalysisFlag::max",1024,0.001,6876
DenseMatrix,double,"AnalysisFlag::min, AnalysisFlag::max",1024,0.001,4357
DenseMatrix,double,"AnalysisFlag::min, AnalysisFlag::max",2048,0.001,12849
DenseMatrix,double,"AnalysisFlag::min, AnalysisFlag::max",2048,0.001,15709
DenseMatrix,double,"AnalysisFlag::min, AnalysisFlag::max",2048,0.001,13930
DenseMatrix,double,"AnalysisFlag::min, AnalysisFlag::max",2048,0.001,15124
DenseMatrix,double,"AnalysisFlag::min, AnalysisFlag::max",2048,0.001,19821
DenseMatrix,double,"AnalysisFlag::min, AnalysisFlag::max",2048,0.001,10262
DenseMatrix,double,"AnalysisFlag::min, AnalysisFlag::max",2048,0.001,14006
DenseMatrix,double,"AnalysisFlag::min, AnalysisFlag::max",2048,0.001,10792
DenseMatrix,double,"AnalysisFlag::min, AnalysisFlag::max",2048,0.001,11854
DenseMatrix,double,"AnalysisFlag::min, AnalysisFlag::max",2048,0.001,11153
DenseMatrix,double,"AnalysisFlag::min, AnalysisFlag::max",4096,0.001,25721
DenseMatrix,double,"AnalysisFlag::min, AnalysisFlag::max",4096,0.001,28398
DenseMatrix,double,"AnalysisFlag::min, AnalysisFlag::max",4096,0.001,28445
DenseMatrix,double,"AnalysisFlag::min, AnalysisFlag::max",4096,0.001,26509
DenseMatrix,double,"AnalysisFlag::min, AnalysisFlag::max",4096,0.001,28407
DenseMatrix,double,"AnalysisFlag::min, AnalysisFlag::max",4096,0.001,24680
DenseMatrix,double,"AnalysisFlag::min, AnalysisFlag::max",4096,0.001,27076
DenseMatrix,double,"AnalysisFlag::min, AnalysisFlag::max",4096,0.001,25591
DenseMatrix,double,"AnalysisFlag::min, AnalysisFlag::max",4096,0.001,22378
DenseMatrix,double,"AnalysisFlag::min, AnalysisFlag::max",4096,0.001,19926
DenseMatrix,int64_t,"AnalysisFlag::min, AnalysisFlag::max",1024,0.001,5268
DenseMatrix,int64_t,"AnalysisFlag::min, AnalysisFlag::max",1024,0.001,4234
DenseMatrix,int64_t,"AnalysisFlag::min, AnalysisFlag::max",1024,0.001,6138
DenseMatrix,int64_t,"AnalysisFlag::min, AnalysisFlag::max",1024,0.001,6692
DenseMatrix,int64_t,"AnalysisFlag::min, AnalysisFlag::max",1024,0.001,9658
DenseMatrix,int64_t,"AnalysisFlag::min, AnalysisFlag::max",1024,0.001,4106
DenseMatrix,int64_t,"AnalysisFlag::min, AnalysisFlag::max",1024,0.001,4035
DenseMatrix,int64_t,"AnalysisFlag::min, AnalysisFlag::max",1024,0.001,3018
DenseMatrix,int64_t,"AnalysisFlag::min, AnalysisFlag::max",1024,0.001,4538
DenseMatrix,int64_t,"AnalysisFlag::min, AnalysisFlag::max",1024,0.001,3026
DenseMatrix,int64_t,"AnalysisFlag::min, AnalysisFlag::max",2048,0.001,7486
DenseMatrix,int64_t,"AnalysisFlag::min, AnalysisFlag::max",2048,0.001,8960
DenseMatrix,int64_t,"AnalysisFlag::min, AnalysisFlag::max",2048,0.001,8811
DenseMatrix,int64_t,"AnalysisFlag::min, AnalysisFlag::max",2048,0.001,9438
DenseMatrix,int64_t,"AnalysisFlag::min, AnalysisFlag::max",2048,0.001,13488
DenseMatrix,int64_t,"AnalysisFlag::min, AnalysisFlag::max",2048,0.001,6565
DenseMatrix,int64_t,"AnalysisFlag::min, AnalysisFlag::max",2048,0.001,8641
DenseMatrix,int64_t,"AnalysisFlag::min, AnalysisFlag::max",2048,0.001,6894
DenseMatrix,int64_t,"AnalysisFlag::min, AnalysisFlag::max",2048,0.001,7617
DenseMatrix,int64_t,"AnalysisFlag::min, AnalysisFlag::max",2048,0.001,7204
DenseMatrix,int64_t,"AnalysisFlag::min, AnalysisFlag::max",4096,0.001,14816
DenseMatrix,int64_t,"AnalysisFlag::min, AnalysisFlag::max",4096,0.001,17551
DenseMatrix,int64_t,"AnalysisFlag::min, AnalysisFlag::max",4096,0.001,17824
DenseMatrix,int64_t,"AnalysisFlag::min, AnalysisFlag::max",4096,0.001,16196
DenseMatrix,int64_t,"AnalysisFlag::min, AnalysisFlag::max",4096,0.001,18123
DenseMatrix,int64_t,"AnalysisFlag::min, AnalysisFlag::max",4096,0.001,15901
DenseMatrix,int64_t,"AnalysisFlag::min, AnalysisFlag::max",4096,0.001,16590
DenseMatrix,int64_t,"AnalysisFlag::min, AnalysisFlag::max",4096,0.001,16175
DenseMatrix,int64_t,"AnalysisFlag::min, AnalysisFlag::max",4096,0.001,14165
DenseMatrix,int64_t,"AnalysisFlag::min, AnalysisFlag::max",4096,0.001,12901
DenseMatrix,double,"AnalysisFlag::min, AnalysisFlag::max",1024,0.01,14634
DenseMatrix,double,"AnalysisFlag::min, AnalysisFlag::max",1024,0.01,17227
DenseMatrix,double,"AnalysisFlag::min, AnalysisFlag::max",1024,0.01,16974
DenseMatrix,double,"AnalysisFlag::min, AnalysisFlag::max",1024,0.01,16468
DenseMatrix,double,"AnalysisFlag::min, AnalysisFlag::max",1024,0.01,17106
DenseMatrix,double,"AnalysisFlag::min, AnalysisFlag::max",1024,0.01,15529
DenseMatrix,double,"AnalysisFlag::min, AnalysisFlag::max",1024,0.01,16097
DenseMatrix,double,"AnalysisFlag::min, AnalysisFlag::max",1024,0.01,17074
DenseMatrix,double,"AnalysisFlag::min, AnalysisFlag::max",1024,0.01,13607
DenseMatrix,double,"AnalysisFlag::min, AnalysisFlag::max",1024,0.01,10338
DenseMatrix,double,"AnalysisFlag::min, AnalysisFlag::max",2048,0.01,20942
DenseMatrix,double,"AnalysisFlag::min, AnalysisFlag::max",2048,0.01,20883
DenseMatrix,double,"AnalysisFlag::min, AnalysisFlag::max",2048,0.01,20744
DenseMatrix,double,"AnalysisFlag::min, AnalysisFlag::max",2048,0.01,20216
DenseMatrix,double,"AnalysisFlag::min, AnalysisFlag::max",2048,0.01,20877
DenseMatrix,double,"AnalysisFlag::min, AnalysisFlag::max",2048,0.01,19608
DenseMatrix,double,"AnalysisFlag::min, AnalysisFlag::max",2048,0.01,20966
DenseMatrix,double,"AnalysisFlag::min, AnalysisFlag::max",2048,0.01,20797
DenseMatrix,double,"AnalysisFlag::min, AnalysisFlag::max",2048,0.01,20367
DenseMatrix,double,"AnalysisFlag::min, AnalysisFlag::max",2048,0.01,19884
DenseMatrix,double,"AnalysisFlag::min, AnalysisFlag::max",4096,0.01,28545
DenseMatrix,double,"AnalysisFlag::min, AnalysisFlag::max",4096,0.01,28693
DenseMatrix,double,"AnalysisFlag::min, AnalysisFlag::max",4096,0.01,30035
DenseMatrix,double,"AnalysisFlag::min, AnalysisFlag::max",4096,0.01,28961
DenseMatrix,double,"AnalysisFlag::min, AnalysisFlag::max",4096,0.01,28664
DenseMatrix,double,"AnalysisFlag::min, AnalysisFlag::max",4096,0.01,28541
DenseMatrix,double,"AnalysisFlag::min, AnalysisFlag::max",4096,0.01,29144
DenseMatrix,double,"AnalysisFlag::min, AnalysisFlag::max",4096,0.01,28638
DenseMatrix,double,"AnalysisFlag::min, AnalysisFlag::max",4096,0.01,28094
DenseMatrix,double,"AnalysisFlag::min, AnalysisFlag::max",4096,0.01,28710
DenseMatrix,int64_t,"AnalysisFlag::min, AnalysisFlag::max",1024,0.01,9427
DenseMatrix,int64_t,"AnalysisFlag::min, AnalysisFlag::max",1024,0.01,11303
DenseMatrix,int64_t,"AnalysisFlag::min, AnalysisFlag::max",1024,0.01,11149
DenseMatrix,int64_t,"AnalysisFlag::min, AnalysisFlag::max",1024,0.01,10328
DenseMatrix,int64_t,"AnalysisFlag::min, AnalysisFlag::max",1024,0.01,10708
DenseMatrix,int64_t,"AnalysisFlag::min, AnalysisFlag::max",1024,0.01,9652
DenseMatrix,int64_t,"AnalysisFlag::min, AnalysisFlag::max",1024,0.01,10209
DenseMatrix,int64_t,"AnalysisFlag::min, AnalysisFlag::max",1024,0.01,10564
DenseMatrix,int64_t,"AnalysisFlag::min, AnalysisFlag::max",1024,0.01,9327
DenseMatrix,int64_t,"AnalysisFlag::min, AnalysisFlag::max",1024,0.01,6892
DenseMatrix,int64_t,"AnalysisFlag::min, AnalysisFlag::max",2048,0.01,13605
DenseMatrix,int64_t,"AnalysisFlag::min, AnalysisFlag::max",2048,0.01,14094
DenseMatrix,int64_t,"AnalysisFlag::min, AnalysisFlag::max",2048,0.01,13617
DenseMatrix,int64_t,"AnalysisFlag::min, AnalysisFlag::max",2048,0.01,13542
DenseMatrix,int64_t,"AnalysisFlag::min, AnalysisFlag::max",2048,0.01,15023
DenseMatrix,int64_t,"AnalysisFlag::min, AnalysisFlag::max",2048,0.01,12891
DenseMatrix,int64_t,"AnalysisFlag::min, AnalysisFlag::max",2048,0.01,13753
DenseMatrix,int64_t,"AnalysisFlag::min, AnalysisFlag::max",2048,0.01,14617
DenseMatrix,int64_t,"AnalysisFlag::min, AnalysisFlag::max",2048,0.01,13543
DenseMatrix,int64_t,"AnalysisFlag::min, AnalysisFlag::max",2048,0.01,14147
DenseMatrix,int64_t,"AnalysisFlag::min, AnalysisFlag::max",4096,0.01,20840
DenseMatrix,int64_t,"AnalysisFlag::min, AnalysisFlag::max",4096,0.01,21308
DenseMatrix,int64_t,"AnalysisFlag::min, AnalysisFlag::max",4096,0.01,20884
DenseMatrix,int64_t,"AnalysisFlag::min, AnalysisFlag::max",4096,0.01,21952
DenseMatrix,int64_t,"AnalysisFlag::min, AnalysisFlag::max",4096,0.01,20042
DenseMatrix,int64_t,"AnalysisFlag::min, AnalysisFlag::max",4096,0.01,20191
DenseMatrix,int64_t,"AnalysisFlag::min, AnalysisFlag::max",4096,0.01,21034
DenseMatrix,int64_t,"AnalysisFlag::min, AnalysisFlag::max",4096,0.01,22109
DenseMatrix,int64_t,"AnalysisFlag::min, AnalysisFlag::max",4096,0.01,19704
DenseMatrix,int64_t,"AnalysisFlag::min, AnalysisFlag::max",4096,0.01,20275
DenseMatrix,double,"AnalysisFlag::min, AnalysisFlag::max",1024,0.05,17490
DenseMatrix,double,"AnalysisFlag::min, AnalysisFlag::max",1024,0.05,17277
DenseMatrix,double,"AnalysisFlag::min, AnalysisFlag::max",1024,0.05,17125
DenseMatrix,double,"AnalysisFlag::min, AnalysisFlag::max",1024,0.05,17370
DenseMatrix,double,"AnalysisFlag::min, AnalysisFlag::max",1024,0.05,17372
DenseMatrix,double,"AnalysisFlag::min, AnalysisFlag::max",1024,0.05,17076
DenseMatrix,double,"AnalysisFlag::min, AnalysisFlag::max",1024,0.05,17575
DenseMatrix,double,"AnalysisFlag::min, AnalysisFlag::max",1024,0.05,17359
DenseMatrix,double,"AnalysisFlag::min, AnalysisFlag::max",1024,0.05,16781
DenseMatrix,double,"AnalysisFlag::min, AnalysisFlag::max",1024,0.05,17156
DenseMatrix,double,"AnalysisFlag::min, AnalysisFlag::max",2048,0.05,20934
DenseMatrix,double,"AnalysisFlag::min, AnalysisFlag::max",2048,0.05,21191
DenseMatrix,double,"AnalysisFlag::min, AnalysisFlag::max",2048,0.05,20950
DenseMatrix,double,"AnalysisFlag::min, AnalysisFlag::max",2048,0.05,20906
DenseMatrix,double,"AnalysisFlag::min, AnalysisFlag::max",2048,0.05,21045
DenseMatrix,double,"AnalysisFlag::min, AnalysisFlag::max",2048,0.05,21048
DenseMatrix,double,"AnalysisFlag::min, AnalysisFlag::max",2048,0.05,21276
DenseMatrix,double,"AnalysisFlag::min, AnalysisFlag::max",2048,0.05,21180
DenseMatrix,double,"AnalysisFlag::min, AnalysisFlag::max",2048,0.05,20909
DenseMatrix,double,"AnalysisFlag::min, AnalysisFlag::max",2048,0.05,21151
DenseMatrix,double,"AnalysisFlag::min, AnalysisFlag::max",4096,0.05,28848
DenseMatrix,double,"AnalysisFlag::min, AnalysisFlag::max",4096,0.05,28317
DenseMatrix,double,"AnalysisFlag::min, AnalysisFlag::max",4096,0.05,28107
DenseMatrix,double,"AnalysisFlag::min, AnalysisFlag::max",4096,0.05,28314
DenseMatrix,double,"AnalysisFlag::min, AnalysisFlag::max",4096,0.05,28111
DenseMatrix,double,"AnalysisFlag::min, AnalysisFlag::max",4096,0.05,28199
DenseMatrix,double,"AnalysisFlag::min, AnalysisFlag::max",4096,0.05,28436
DenseMatrix,double,"AnalysisFlag::min, AnalysisFlag::max",4096,0.05,28125
DenseMatrix,double,"AnalysisFlag::min, AnalysisFlag::max",4096,0.05,28309
DenseMatrix,double,"AnalysisFlag::min, AnalysisFlag::max",4096,0.05,28179
DenseMatrix,int64_t,"AnalysisFlag::min, AnalysisFlag::max",1024,0.05,11433
DenseMatrix,int64_t,"AnalysisFlag::min, AnalysisFlag::max",1024,0.05,11060
DenseMatrix,int64_t,"AnalysisFlag::min, AnalysisFlag::max",1024,0.05,10651
DenseMatrix,int64_t,"AnalysisFlag::min, AnalysisFlag::max",1024,0.05,10759
DenseMatrix,int64_t,"AnalysisFlag::min, AnalysisFlag::max",1024,0.05,10800
DenseMatrix,int64_t,"AnalysisFlag::min, AnalysisFlag::max",1024,0.05,10717
DenseMatrix,int64_t,"AnalysisFlag::min, AnalysisFlag::max",1024,0.05,10876
DenseMatrix,int64_t,"AnalysisFlag::min, AnalysisFlag::max",1024,0.05,10874
DenseMatrix,int64_t,"AnalysisFlag::min, AnalysisFlag::max",1024,0.05,10697
DenseMatrix,int64_t,"AnalysisFlag::min, AnalysisFlag::max",1024,0.05,11187
DenseMatrix,int64_t,"AnalysisFlag::min, AnalysisFlag::max",2048,0.05,14469
DenseMatrix,int64_t,"AnalysisFlag::min, AnalysisFlag::max",2048,0.05,14030
DenseMatrix,int64_t,"AnalysisFlag::min, AnalysisFlag::max",2048,0.05,14022
DenseMatrix,int64_t,"AnalysisFlag::min, AnalysisFlag::max",2048,0.05,14608
DenseMatrix,int64_t,"AnalysisFlag::min, AnalysisFlag::max",2048,0.05,13691
DenseMatrix,int64_t,"AnalysisFlag::min, AnalysisFlag::max",2048,0.05,14114
DenseMatrix,int64_t,"AnalysisFlag::min, AnalysisFlag::max",2048,0.05,14062
DenseMatrix,int64_t,"AnalysisFlag::min, AnalysisFlag::max",2048,0.05,14915
DenseMatrix,int64_t,"AnalysisFlag::min, AnalysisFlag::max",2048,0.05,14149
DenseMatrix,int64_t,"AnalysisFlag::min, AnalysisFlag::max",2048,0.05,14773
DenseMatrix,int64_t,"AnalysisFlag::min, AnalysisFlag::max",4096,0.05,21115
DenseMatrix,int64_t,"AnalysisFlag::min, AnalysisFlag::max",4096,0.05,20016
DenseMatrix,int64_t,"AnalysisFlag::min, AnalysisFlag::max",4096,0.05,21104
DenseMatrix,int64_t,"AnalysisFlag::min, AnalysisFlag::max",4096,0.05,20185
DenseMatrix,int64_t,"AnalysisFlag::min, AnalysisFlag::max",4096,0.05,19874
DenseMatrix,int64_t,"AnalysisFlag::min, AnalysisFlag::max",4096,0.05,20814
DenseMatrix,int64_t,"AnalysisFlag::min, AnalysisFlag::max",4096,0.05,20468
DenseMatrix,int64_t,"AnalysisFlag::min, AnalysisFlag::max",4096,0.05,20485
DenseMatrix,int64_t,"AnalysisFlag::min, AnalysisFlag::max",4096,0.05,20901
DenseMatrix,int64_t,"AnalysisFlag::min, AnalysisFlag::max",4096,0.05,20355
DenseMatrix,double,"AnalysisFlag::min, AnalysisFlag::max",1024,0.1,17268
DenseMatrix,double,"AnalysisFlag::min, AnalysisFlag::max",1024,0.1,17348
DenseMatrix,double,"AnalysisFlag::min, AnalysisFlag::max",1024,0.1,17343
DenseMatrix,double,"AnalysisFlag::min, AnalysisFlag::max",1024,0.1,17184
DenseMatrix,double,"AnalysisFlag::min, AnalysisFlag::max",1024,0.1,17219
DenseMatrix,double,"AnalysisFlag::min, AnalysisFlag::max",1024,0.1,17358
DenseMatrix,double,"AnalysisFlag::min, AnalysisFlag::max",1024,0.1,17497
DenseMatrix,double,"AnalysisFlag::min, AnalysisFlag::max",1024,0.1,17325
DenseMatrix,double,"AnalysisFlag::min, AnalysisFlag::max",1024,0.1,17366
DenseMatrix,double,"AnalysisFlag::min, AnalysisFlag::max",1024,0.1,17297
DenseMatrix,double,"AnalysisFlag::min, AnalysisFlag::max",2048,0.1,21082
DenseMatrix,double,"AnalysisFlag::min, AnalysisFlag::max",2048,0.1,20705
DenseMatrix,double,"AnalysisFlag::min, AnalysisFlag::max",2048,0.1,20553
DenseMatrix,double,"AnalysisFlag::min, AnalysisFlag::max",2048,0.1,20783
DenseMatrix,double,"AnalysisFlag::min, AnalysisFlag::max",2048,0.1,22040
DenseMatrix,double,"AnalysisFlag::min, AnalysisFlag::max",2048,0.1,20629
DenseMatrix,double,"AnalysisFlag::min, AnalysisFlag::max",2048,0.1,20827
DenseMatrix,double,"AnalysisFlag::min, AnalysisFlag::max",2048,0.1,20705
DenseMatrix,double,"AnalysisFlag::min, AnalysisFlag::max",2048,0.1,20856
DenseMatrix,double,"AnalysisFlag::min, AnalysisFlag::max",2048,0.1,20622
DenseMatrix,double,"AnalysisFlag::min, AnalysisFlag::max",4096,0.1,28546
DenseMatrix,double,"AnalysisFlag::min, AnalysisFlag::max",4096,0.1,27521
DenseMatrix,double,"AnalysisFlag::min, AnalysisFlag::max",4096,0.1,27755
DenseMatrix,double,"AnalysisFlag::min, AnalysisFlag::max",4096,0.1,27358
DenseMatrix,double,"AnalysisFlag::min, AnalysisFlag::max",4096,0.1,27355
DenseMatrix,double,"AnalysisFlag::min, AnalysisFlag::max",4096,0.1,27249
DenseMatrix,double,"AnalysisFlag::min, AnalysisFlag::max",4096,0.1,27297
DenseMatrix,double,"AnalysisFlag::min, AnalysisFlag::max",4096,0.1,27421
DenseMatrix,double,"AnalysisFlag::min, AnalysisFlag::max",4096,0.1,27455
DenseMatrix,double,"AnalysisFlag::min, AnalysisFlag::max",4096,0.1,27303
DenseMatrix,int64_t,"AnalysisFlag::min, AnalysisFlag::max",1024,0.1,10861
DenseMatrix,int64_t,"AnalysisFlag::min, AnalysisFlag::max",1024,0.1,10971
DenseMatrix,int64_t,"AnalysisFlag::min, AnalysisFlag::max",1024,0.1,10847
DenseMatrix,int64_t,"AnalysisFlag::min, AnalysisFlag::max",1024,0.1,11020
DenseMatrix,int64_t,"AnalysisFlag::min, AnalysisFlag::max",1024,0.1,10774
DenseMatrix,int64_t,"AnalysisFlag::min, AnalysisFlag::max",1024,0.1,11227
DenseMatrix,int64_t,"AnalysisFlag::min, AnalysisFlag::max",1024,0.1,10922
DenseMatrix,int64_t,"AnalysisFlag::min, AnalysisFlag::max",1024,0.1,10892
DenseMatrix,int64_t,"AnalysisFlag::min, AnalysisFlag::max",1024,0.1,10875
DenseMatrix,int64_t,"AnalysisFlag::min, AnalysisFlag::max",1024,0.1,10959
DenseMatrix,int64_t,"AnalysisFlag::min, AnalysisFlag::max",2048,0.1,14831
DenseMatrix,int64_t,"AnalysisFlag::min, AnalysisFlag::max",2048,0.1,13795
DenseMatrix,int64_t,"AnalysisFlag::min, AnalysisFlag::max",2048,0.1,14512
DenseMatrix,int64_t,"AnalysisFlag::min, AnalysisFlag::max",2048,0.1,13851
DenseMatrix,int64_t,"AnalysisFlag::min, AnalysisFlag::max",2048,0.1,14065
DenseMatrix,int64_t,"AnalysisFlag::min, AnalysisFlag::max",2048,0.1,13700
DenseMatrix,int64_t,"AnalysisFlag::min, AnalysisFlag::max",2048,0.1,13856
DenseMatrix,int64_t,"AnalysisFlag::min, AnalysisFlag::max",2048,0.1,13610
DenseMatrix,int64_t,"AnalysisFlag::min, AnalysisFlag::max",2048,0.1,14277
DenseMatrix,int64_t,"AnalysisFlag::min, AnalysisFlag::max",2048,0.1,14396
DenseMatrix,int64_t,"AnalysisFlag::min, AnalysisFlag::max",4096,0.1,21214
DenseMatrix,int64_t,"AnalysisFlag::min, AnalysisFlag::max",4096,0.1,20075
DenseMatrix,int64_t,"AnalysisFlag::min, AnalysisFlag::max",4096,0.1,20485
DenseMatrix,int64_t,"AnalysisFlag::min, AnalysisFlag::max",4096,0.1,20026
DenseMatrix,int64_t,"AnalysisFlag::min, AnalysisFlag::max",4096,0.1,20416
DenseMatrix,int64_t,"AnalysisFlag::min, AnalysisFlag::max",4096,0.1,19495
DenseMatrix,int64_t,"AnalysisFlag::min, AnalysisFlag::max",4096,0.1,20768
DenseMatrix,int64_t,"AnalysisFlag::min, AnalysisFlag::max",4096,0.1,20979
DenseMatrix,int64_t,"AnalysisFlag::min, AnalysisFlag::max",4096,0.1,20565
DenseMatrix,int64_t,"AnalysisFlag::min, AnalysisFlag::max",4096,0.1,20385
DenseMatrix,double,"AnalysisFlag::min, AnalysisFlag::max",1024,0.2,17575
DenseMatrix,double,"AnalysisFlag::min, AnalysisFlag::max",1024,0.2,17134
DenseMatrix,double,"AnalysisFlag::min, AnalysisFlag::max",1024,0.2,16955
DenseMatrix,double,"AnalysisFlag::min, AnalysisFlag::max",1024,0.2,17211
DenseMatrix,double,"AnalysisFlag::min, AnalysisFlag::max",1024,0.2,17003
DenseMatrix,double,"AnalysisFlag::min, AnalysisFlag::max",1024,0.2,16880
DenseMatrix,double,"AnalysisFlag::min, AnalysisFlag::max",1024,0.2,17099
DenseMatrix,double,"AnalysisFlag::min, AnalysisFlag::max",1024,0.2,16871
DenseMatrix,double,"AnalysisFlag::min, AnalysisFlag::max",1024,0.2,17039
DenseMatrix,double,"AnalysisFlag::min, AnalysisFlag::max",1024,0.2,17040
DenseMatrix,double,"AnalysisFlag::min, AnalysisFlag::max",2048,0.2,20713
DenseMatrix,double,"AnalysisFlag::min, AnalysisFlag::max",2048,0.2,20279
DenseMatrix,double,"AnalysisFlag::min, AnalysisFlag::max",2048,0.2,19905
DenseMatrix,double,"AnalysisFlag::min, AnalysisFlag::max",2048,0.2,19932
DenseMatrix,double,"AnalysisFlag::min, AnalysisFlag::max",2048,0.2,20114
DenseMatrix,double,"AnalysisFlag::min, AnalysisFlag::max",2048,0.2,19930
DenseMatrix,double,"AnalysisFlag::min, AnalysisFlag::max",2048,0.2,20190
DenseMatrix,double,"AnalysisFlag::min, AnalysisFlag::max",2048,0.2,19905
DenseMatrix,double,"AnalysisFlag::min, AnalysisFlag::max",2048,0.2,20218
DenseMatrix,double,"AnalysisFlag::min, AnalysisFlag::max",2048,0.2,19946
DenseMatrix,double,"AnalysisFlag::min, AnalysisFlag::max",4096,0.2,27320
DenseMatrix,double,"AnalysisFlag::min, AnalysisFlag::max",4096,0.2,25863
DenseMatrix,double,"AnalysisFlag::min, AnalysisFlag::max",4096,0.2,25788
DenseMatrix,double,"AnalysisFlag::min, AnalysisFlag::max",4096,0.2,25946
DenseMatrix,double,"AnalysisFlag::min, AnalysisFlag::max",4096,0.2,25833
DenseMatrix,double,"AnalysisFlag::min, AnalysisFlag::max",4096,0.2,26052
DenseMatrix,double,"AnalysisFlag::min, AnalysisFlag::max",4096,0.2,26251
DenseMatrix,double,"AnalysisFlag::min, AnalysisFlag::max",4096,0.2,26185
DenseMatrix,double,"AnalysisFlag::min, AnalysisFlag::max",4096,0.2,27247
DenseMatrix,double,"AnalysisFlag::min, AnalysisFlag::max",4096,0.2,26066
DenseMatrix,int64_t,"AnalysisFlag::min, AnalysisFlag::max",1024,0.2,11053
DenseMatrix,int64_t,"AnalysisFlag::min, AnalysisFlag::max",1024,0.2,10647
DenseMatrix,int64_t,"AnalysisFlag::min, AnalysisFlag::max",1024,0.2,10762
DenseMatrix,int64_t,"AnalysisFlag::min, AnalysisFlag::max",1024,0.2,10569
DenseMatrix,int64_t,"AnalysisFlag::min, AnalysisFlag::max",1024,0.2,10519
DenseMatrix,int64_t,"AnalysisFlag::min, AnalysisFlag::max",1024,0.2,10608
DenseMatrix,int64_t,"AnalysisFlag::min, AnalysisFlag::max",1024,0.2,10621
DenseMatrix,int64_t,"AnalysisFlag::min, AnalysisFlag::max",1024,0.2,10582
DenseMatrix,int64_t,"AnalysisFlag::min, AnalysisFlag::max",1024,0.2,10629
DenseMatrix,int64_t,"AnalysisFlag::min, AnalysisFlag::max",1024,0.2,10742
DenseMatrix,int64_t,"AnalysisFlag::min, AnalysisFlag::max",2048,0.2,14540
DenseMatrix,int64_t,"AnalysisFlag::min, AnalysisFlag::max",2048,0.2,13111
DenseMatrix,int64_t,"AnalysisFlag::min, AnalysisFlag::max",2048,0.2,13587
DenseMatrix,int64_t,"AnalysisFlag::min, AnalysisFlag::max",2048,0.2,13246
DenseMatrix,int64_t,"AnalysisFlag::min, AnalysisFlag::max",2048,0.2,13237
DenseMatrix,int64_t,"AnalysisFlag::min, AnalysisFlag::max",2048,0.2,13359
DenseMatrix,int64_t,"AnalysisFlag::min, AnalysisFlag::max",2048,0.2,13679
DenseMatrix,int64_t,"AnalysisFlag::min, AnalysisFlag::max",2048,0.2,13559
DenseMatrix,int64_t,"AnalysisFlag::min, AnalysisFlag::max",2048,0.2,13336
DenseMatrix,int64_t,"AnalysisFlag::min, AnalysisFlag::max",2048,0.2,13425
DenseMatrix,int64_t,"AnalysisFlag::min, AnalysisFlag::max",4096,0.2,20895
DenseMatrix,int64_t,"AnalysisFlag::min, AnalysisFlag::max",4096,0.2,19172
DenseMatrix,int64_t,"AnalysisFlag::min, AnalysisFlag::max",4096,0.2,18774
DenseMatrix,int64_t,"AnalysisFlag::min, AnalysisFlag::max",4096,0.2,18940
DenseMatrix,int64_t,"AnalysisFlag::min, AnalysisFlag::max",4096,0.2,18648
DenseMatrix,int64_t,"AnalysisFlag::min, AnalysisFlag::max",4096,0.2,18969
DenseMatrix,int64_t,"AnalysisFlag::min, AnalysisFlag::max",4096,0.2,18616
DenseMatrix,int64_t,"AnalysisFlag::min, AnalysisFlag::max",4096,0.2,18970
DenseMatrix,int64_t,"AnalysisFlag::min, AnalysisFlag::max",4096,0.2,18535
DenseMatrix,int64_t,"AnalysisFlag::min, AnalysisFlag::max",4096,0.2,19372
DenseMatrix,double,"AnalysisFlag::min, AnalysisFlag::max",1024,0.25,17296
DenseMatrix,double,"AnalysisFlag::min, AnalysisFlag::max",1024,0.25,17072
DenseMatrix,double,"AnalysisFlag::min, AnalysisFlag::max",1024,0.25,16765
DenseMatrix,double,"AnalysisFlag::min, AnalysisFlag::max",1024,0.25,18308
DenseMatrix,double,"AnalysisFlag::min, AnalysisFlag::max",1024,0.25,16826
DenseMatrix,double,"AnalysisFlag::min, AnalysisFlag::max",1024,0.25,16785
DenseMatrix,double,"AnalysisFlag::min, AnalysisFlag::max",1024,0.25,16916
DenseMatrix,double,"AnalysisFlag::min, AnalysisFlag::max",1024,0.25,16855
DenseMatrix,double,"AnalysisFlag::min, AnalysisFlag::max",1024,0.25,16992
DenseMatrix,double,"AnalysisFlag::min, AnalysisFlag::max",1024,0.25,17178
DenseMatrix,double,"AnalysisFlag::min, AnalysisFlag::max",2048,0.25,20463
DenseMatrix,double,"AnalysisFlag::min, AnalysisFlag::max",2048,0.25,19896
DenseMatrix,double,"AnalysisFlag::min, AnalysisFlag::max",2048,0.25,19809
DenseMatrix,double,"AnalysisFlag::min, AnalysisFlag::max",2048,0.25,20001
DenseMatrix,double,"AnalysisFlag::min, AnalysisFlag::max",2048,0.25,21077
DenseMatrix,double,"AnalysisFlag::min, AnalysisFlag::max",2048,0.25,19680
DenseMatrix,double,"AnalysisFlag::min, AnalysisFlag::max",2048,0.25,19797
DenseMatrix,double,"AnalysisFlag::min, AnalysisFlag::max",2048,0.25,19707
DenseMatrix,double,"AnalysisFlag::min, AnalysisFlag::max",2048,0.25,19956
DenseMatrix,double,"AnalysisFlag::min, AnalysisFlag::max",2048,0.25,19759
DenseMatrix,double,"AnalysisFlag::min, AnalysisFlag::max",4096,0.25,26703
DenseMatrix,double,"AnalysisFlag::min, AnalysisFlag::max",4096,0.25,25645
DenseMatrix,double,"AnalysisFlag::min, AnalysisFlag::max",4096,0.25,25682
DenseMatrix,double,"AnalysisFlag::min, AnalysisFlag::max",4096,0.25,25594
DenseMatrix,double,"AnalysisFlag::min, AnalysisFlag::max",4096,0.25,25563
DenseMatrix,double,"AnalysisFlag::min, AnalysisFlag::max",4096,0.25,25525
DenseMatrix,double,"AnalysisFlag::min, AnalysisFlag::max",4096,0.25,25370
DenseMatrix,double,"AnalysisFlag::min, AnalysisFlag::max",4096,0.25,25476
DenseMatrix,double,"AnalysisFlag::min, AnalysisFlag::max",4096,0.25,25543
DenseMatrix,double,"AnalysisFlag::min, AnalysisFlag::max",4096,0.25,25689
DenseMatrix,int64_t,"AnalysisFlag::min, AnalysisFlag::max",1024,0.25,10913
DenseMatrix,int64_t,"AnalysisFlag::min, AnalysisFlag::max",1024,0.25,10626
DenseMatrix,int64_t,"AnalysisFlag::min, AnalysisFlag::max",1024,0.25,10420
DenseMatrix,int64_t,"AnalysisFlag::min, AnalysisFlag::max",1024,0.25,10432
DenseMatrix,int64_t,"AnalysisFlag::min, AnalysisFlag::max",1024,0.25,10492
DenseMatrix,int64_t,"AnalysisFlag::min, AnalysisFlag::max",1024,0.25,10386
DenseMatrix,int64_t,"AnalysisFlag::min, AnalysisFlag::max",1024,0.25,10440
DenseMatrix,int64_t,"AnalysisFlag::min, AnalysisFlag::max",1024,0.25,10557
DenseMatrix,int64_t,"AnalysisFlag::min, AnalysisFlag::max",1024,0.25,10818
DenseMatrix,int64_t,"AnalysisFlag::min, AnalysisFlag::max",1024,0.25,10763
DenseMatrix,int64_t,"AnalysisFlag::min, AnalysisFlag::max",2048,0.25,13837
DenseMatrix,int64_t,"AnalysisFlag::min, AnalysisFlag::max",2048,0.25,13385
DenseMatrix,int64_t,"AnalysisFlag::min, AnalysisFlag::max",2048,0.25,12886
DenseMatrix,int64_t,"AnalysisFlag::min, AnalysisFlag::max",2048,0.25,12975
DenseMatrix,int64_t,"AnalysisFlag::min, AnalysisFlag::max",2048,0.25,13094
DenseMatrix,int64_t,"AnalysisFlag::min, AnalysisFlag::max",2048,0.25,12919
DenseMatrix,int64_t,"AnalysisFlag::min, AnalysisFlag::max",2048,0.25,13245
DenseMatrix,int64_t,"AnalysisFlag::min, AnalysisFlag::max",2048,0.25,12995
DenseMatrix,int64_t,"AnalysisFlag::min, AnalysisFlag::max",2048,0.25,13092
DenseMatrix,int64_t,"AnalysisFlag::min, AnalysisFlag::max",2048,0.25,12884
DenseMatrix,int64_t,"AnalysisFlag::min, AnalysisFlag::max",4096,0.25,20184
DenseMatrix,int64_t,"AnalysisFlag::min, AnalysisFlag::max",4096,0.25,18346
DenseMatrix,int64_t,"AnalysisFlag::min, AnalysisFlag::max",4096,0.25,18023
DenseMatrix,int64_t,"AnalysisFlag::min, AnalysisFlag::max",4096,0.25,17895
DenseMatrix,int64_t,"AnalysisFlag::min, AnalysisFlag::max",4096,0.25,17940
DenseMatrix,int64_t,"AnalysisFlag::min, AnalysisFlag::max",4096,0.25,17991
DenseMatrix,int64_t,"AnalysisFlag::min, AnalysisFlag::max",4096,0.25,18210
DenseMatrix,int64_t,"AnalysisFlag::min, AnalysisFlag::max",4096,0.25,18168
DenseMatrix,int64_t,"AnalysisFlag::min, AnalysisFlag::max",4096,0.25,18451
DenseMatrix,int64_t,"AnalysisFlag::min, AnalysisFlag::max",4096,0.25,18111
DenseMatrix,double,"AnalysisFlag::min, AnalysisFlag::max",1024,1,17137
DenseMatrix,double,"AnalysisFlag::min, AnalysisFlag::max",1024,1,17158
DenseMatrix,double,"AnalysisFlag::min, AnalysisFlag::max",1024,1,17145
DenseMatrix,double,"AnalysisFlag::min, AnalysisFlag::max",1024,1,17124
DenseMatrix,double,"AnalysisFlag::min, AnalysisFlag::max",1024,1,17141
DenseMatrix,double,"AnalysisFlag::min, AnalysisFlag::max",1024,1,16894
DenseMatrix,double,"AnalysisFlag::min, AnalysisFlag::max",1024,1,17079
DenseMatrix,double,"AnalysisFlag::min, AnalysisFlag::max",1024,1,17139
DenseMatrix,double,"AnalysisFlag::min, AnalysisFlag::max",1024,1,16991
DenseMatrix,double,"AnalysisFlag::min, AnalysisFlag::max",1024,1,17136
DenseMatrix,double,"AnalysisFlag::min, AnalysisFlag::max",2048,1,19646
DenseMatrix,double,"AnalysisFlag::min, AnalysisFlag::max",2048,1,19631
DenseMatrix,double,"AnalysisFlag::min, AnalysisFlag::max",2048,1,19945
DenseMatrix,double,"AnalysisFlag::min, AnalysisFlag::max",2048,1,19857
DenseMatrix,double,"AnalysisFlag::min, AnalysisFlag::max",2048,1,20044
DenseMatrix,double,"AnalysisFlag::min, AnalysisFlag::max",2048,1,21025
DenseMatrix,double,"AnalysisFlag::min, AnalysisFlag::max",2048,1,20000
DenseMatrix,double,"AnalysisFlag::min, AnalysisFlag::max",2048,1,19830
DenseMatrix,double,"AnalysisFlag::min, AnalysisFlag::max",2048,1,19810
DenseMatrix,double,"AnalysisFlag::min, AnalysisFlag::max",2048,1,19998
DenseMatrix,double,"AnalysisFlag::min, AnalysisFlag::max",4096,1,25597
DenseMatrix,double,"AnalysisFlag::min, AnalysisFlag::max",4096,1,25335
DenseMatrix,double,"AnalysisFlag::min, AnalysisFlag::max",4096,1,25632
DenseMatrix,double,"AnalysisFlag::min, AnalysisFlag::max",4096,1,25354
DenseMatrix,double,"AnalysisFlag::min, AnalysisFlag::max",4096,1,25778
DenseMatrix,double,"AnalysisFlag::min, AnalysisFlag::max",4096,1,25414
DenseMatrix,double,"AnalysisFlag::min, AnalysisFlag::max",4096,1,25507
DenseMatrix,double,"AnalysisFlag::min, AnalysisFlag::max",4096,1,25374
DenseMatrix,double,"AnalysisFlag::min, AnalysisFlag::max",4096,1,25357
DenseMatrix,double,"AnalysisFlag::min, AnalysisFlag::max",4096,1,25327
DenseMatrix,int64_t,"AnalysisFlag::min, AnalysisFlag::max",1024,1,10742
DenseMatrix,int64_t,"AnalysisFlag::min, AnalysisFlag::max",1024,1,11610
DenseMatrix,int64_t,"AnalysisFlag::min, AnalysisFlag::max",1024,1,10272
DenseMatrix,int64_t,"AnalysisFlag::min, AnalysisFlag::max",1024,1,10458
DenseMatrix,int64_t,"AnalysisFlag::min, AnalysisFlag::max",1024,1,10341
DenseMatrix,int64_t,"AnalysisFlag::min, AnalysisFlag::max",1024,1,10250
DenseMatrix,int64_t,"AnalysisFlag::min, AnalysisFlag::max",1024,1,10003
DenseMatrix,int64_t,"AnalysisFlag::min, AnalysisFlag::max",1024,1,10387
DenseMatrix,int64_t,"AnalysisFlag::min, AnalysisFlag::max",1024,1,10717
DenseMatrix,int64_t,"AnalysisFlag::min, AnalysisFlag::max",1024,1,10445
DenseMatrix,int64_t,"AnalysisFlag::min, AnalysisFlag::max",2048,1,12363
DenseMatrix,int64_t,"AnalysisFlag::min, AnalysisFlag::max",2048,1,12351
DenseMatrix,int64_t,"AnalysisFlag::min, AnalysisFlag::max",2048,1,12752
DenseMatrix,int64_t,"AnalysisFlag::min, AnalysisFlag::max",2048,1,12689
DenseMatrix,int64_t,"AnalysisFlag::min, AnalysisFlag::max",2048,1,12582
DenseMatrix,int64_t,"AnalysisFlag::min, AnalysisFlag::max",2048,1,12343
DenseMatrix,int64_t,"AnalysisFlag::min, AnalysisFlag::max",2048,1,12561
DenseMatrix,int64_t,"AnalysisFlag::min, AnalysisFlag::max",2048,1,12357
DenseMatrix,int64_t,"AnalysisFlag::min, AnalysisFlag::max",2048,1,12318
DenseMatrix,int64_t,"AnalysisFlag::min, AnalysisFlag::max",2048,1,12520
DenseMatrix,int64_t,"AnalysisFlag::min, AnalysisFlag::max",4096,1,16943
DenseMatrix,int64_t,"AnalysisFlag::min, AnalysisFlag::max",4096,1,16640
DenseMatrix,int64_t,"AnalysisFlag::min, AnalysisFlag::max",4096,1,17344
DenseMatrix,int64_t,"AnalysisFlag::min, AnalysisFlag::max",4096,1,17050
DenseMatrix,int64_t,"AnalysisFlag::min, AnalysisFlag::max",4096,1,17251
DenseMatrix,int64_t,"AnalysisFlag::min, AnalysisFlag::max",4096,1,16657
DenseMatrix,int64_t,"AnalysisFlag::min, AnalysisFlag::max",4096,1,17303
DenseMatrix,int64_t,"AnalysisFlag::min, AnalysisFlag::max",4096,1,17538
DenseMatrix,int64_t,"AnalysisFlag::min, AnalysisFlag::max",4096,1,17047
DenseMatrix,int64_t,"AnalysisFlag::min, AnalysisFlag::max",4096,1,16598
CSRMatrix,double,"AnalysisFlag::min, AnalysisFlag::max",1024,0.001,11049
CSRMatrix,double,"AnalysisFlag::min, AnalysisFlag::max",1024,0.001,12878
CSRMatrix,double,"AnalysisFlag::min, AnalysisFlag::max",1024,0.001,12583
CSRMatrix,double,"AnalysisFlag::min, AnalysisFlag::max",1024,0.001,11128
CSRMatrix,double,"AnalysisFlag::min, AnalysisFlag::max",1024,0.001,12485
CSRMatrix,double,"AnalysisFlag::min, AnalysisFlag::max",1024,0.001,12601
CSRMatrix,double,"AnalysisFlag::min, AnalysisFlag::max",1024,0.001,12796
CSRMatrix,double,"AnalysisFlag::min, AnalysisFlag::max",1024,0.001,12798
CSRMatrix,double,"AnalysisFlag::min, AnalysisFlag::max",1024,0.001,12641
CSRMatrix,double,"AnalysisFlag::min, AnalysisFlag::max",1024,0.001,11272
CSRMatrix,double,"AnalysisFlag::min, AnalysisFlag::max",2048,0.001,20358
CSRMatrix,double,"AnalysisFlag::min, AnalysisFlag::max",2048,0.001,25637
CSRMatrix,double,"AnalysisFlag::min, AnalysisFlag::max",2048,0.001,25045
CSRMatrix,double,"AnalysisFlag::min, AnalysisFlag::max",2048,0.001,24344
CSRMatrix,double,"AnalysisFlag::min, AnalysisFlag::max",2048,0.001,24474
CSRMatrix,double,"AnalysisFlag::min, AnalysisFlag::max",2048,0.001,24972
CSRMatrix,double,"AnalysisFlag::min, AnalysisFlag::max",2048,0.001,26045
CSRMatrix,double,"AnalysisFlag::min, AnalysisFlag::max",2048,0.001,25752
CSRMatrix,double,"AnalysisFlag::min, AnalysisFlag::max",2048,0.001,25406
CSRMatrix,double,"AnalysisFlag::min, AnalysisFlag::max",2048,0.001,25233
CSRMatrix,double,"AnalysisFlag::min, AnalysisFlag::max",4096,0.001,41185
CSRMatrix,double,"AnalysisFlag::min, AnalysisFlag::max",4096,0.001,56575
CSRMatrix,double,"AnalysisFlag::min, AnalysisFlag::max",4096,0.001,56526
CSRMatrix,double,"AnalysisFlag::min, AnalysisFlag::max",4096,0.001,55612
CSRMatrix,double,"AnalysisFlag::min, AnalysisFlag::max",4096,0.001,55582
CSRMatrix,double,"AnalysisFlag::min, AnalysisFlag::max",4096,0.001,49707
CSRMatrix,double,"AnalysisFlag::min, AnalysisFlag::max",4096,0.001,55581
CSRMatrix,double,"AnalysisFlag::min, AnalysisFlag::max",4096,0.001,54232
CSRMatrix,double,"AnalysisFlag::min, AnalysisFlag::max",4096,0.001,56954
CSRMatrix,double,"AnalysisFlag::min, AnalysisFlag::max",4096,0.001,49837
CSRMatrix,int64_t,"AnalysisFlag::min, AnalysisFlag::max",1024,0.001,10613
CSRMatrix,int64_t,"AnalysisFlag::min, AnalysisFlag::max",1024,0.001,12605
CSRMatrix,int64_t,"AnalysisFlag::min, AnalysisFlag::max",1024,0.001,12230
CSRMatrix,int64_t,"AnalysisFlag::min, AnalysisFlag::max",1024,0.001,11339
CSRMatrix,int64_t,"AnalysisFlag::min, AnalysisFlag::max",1024,0.001,11553
CSRMatrix,int64_t,"AnalysisFlag::min, AnalysisFlag::max",1024,0.001,11768
CSRMatrix,int64_t,"AnalysisFlag::min, AnalysisFlag::max",1024,0.001,12429
CSRMatrix,int64_t,"AnalysisFlag::min, AnalysisFlag::max",1024,0.001,12860
CSRMatrix,int64_t,"AnalysisFlag::min, AnalysisFlag::max",1024,0.001,12674
CSRMatrix,int64_t,"AnalysisFlag::min, AnalysisFlag::max",1024,0.001,11198
CSRMatrix,int64_t,"AnalysisFlag::min, AnalysisFlag::max",2048,0.001,20920
CSRMatrix,int64_t,"AnalysisFlag::min, AnalysisFlag::max",2048,0.001,26534
CSRMatrix,int64_t,"AnalysisFlag::min, AnalysisFlag::max",2048,0.001,24833
CSRMatrix,int64_t,"AnalysisFlag::min, AnalysisFlag::max",2048,0.001,23885
CSRMatrix,int64_t,"AnalysisFlag::min, AnalysisFlag::max",2048,0.001,24459
CSRMatrix,int64_t,"AnalysisFlag::min, AnalysisFlag::max",2048,0.001,24782
CSRMatrix,int64_t,"AnalysisFlag::min, AnalysisFlag::max",2048,0.001,25059
CSRMatrix,int64_t,"AnalysisFlag::min, AnalysisFlag::max",2048,0.001,24802
CSRMatrix,int64_t,"AnalysisFlag::min, AnalysisFlag::max",2048,0.001,26019
CSRMatrix,int64_t,"AnalysisFlag::min, AnalysisFlag::max",2048,0.001,24495
CSRMatrix,int64_t,"AnalysisFlag::min, AnalysisFlag::max",4096,0.001,39108
CSRMatrix,int64_t,"AnalysisFlag::min, AnalysisFlag::max",4096,0.001,53794
CSRMatrix,int64_t,"AnalysisFlag::min, AnalysisFlag::max",4096,0.001,54785
CSRMatrix,int64_t,"AnalysisFlag::min, AnalysisFlag::max",4096,0.001,56747
CSRMatrix,int64_t,"AnalysisFlag::min, AnalysisFlag::max",4096,0.001,55100
CSRMatrix,int64_t,"AnalysisFlag::min, AnalysisFlag::max",4096,0.001,48054
CSRMatrix,int64_t,"AnalysisFlag::min, AnalysisFlag::max",4096,0.001,52656
CSRMatrix,int64_t,"AnalysisFlag::min, AnalysisFlag::max",4096,0.001,53771
CSRMatrix,int64_t,"AnalysisFlag::min, AnalysisFlag::max",4096,0.001,53785
CSRMatrix,int64_t,"AnalysisFlag::min, AnalysisFlag::max",4096,0.001,46407
CSRMatrix,double,"AnalysisFlag::min, AnalysisFlag::max",1024,0.01,11468
CSRMatrix,double,"AnalysisFlag::min, AnalysisFlag::max",1024,0.01,16624
CSRMatrix,double,"AnalysisFlag::min, AnalysisFlag::max",1024,0.01,16982
CSRMatrix,double,"AnalysisFlag::min, AnalysisFlag::max",1024,0.01,16018
CSRMatrix,double,"AnalysisFlag::min, AnalysisFlag::max",1024,0.01,16935
CSRMatrix,double,"AnalysisFlag::min, AnalysisFlag::max",1024,0.01,17037
CSRMatrix,double,"AnalysisFlag::min, AnalysisFlag::max",1024,0.01,16471
CSRMatrix,double,"AnalysisFlag::min, AnalysisFlag::max",1024,0.01,16503
CSRMatrix,double,"AnalysisFlag::min, AnalysisFlag::max",1024,0.01,16414
CSRMatrix,double,"AnalysisFlag::min, AnalysisFlag::max",1024,0.01,16053
CSRMatrix,double,"AnalysisFlag::min, AnalysisFlag::max",2048,0.01,22111
CSRMatrix,double,"AnalysisFlag::min, AnalysisFlag::max",2048,0.01,35053
CSRMatrix,double,"AnalysisFlag::min, AnalysisFlag::max",2048,0.01,34510
CSRMatrix,double,"AnalysisFlag::min, AnalysisFlag::max",2048,0.01,33743
CSRMatrix,double,"AnalysisFlag::min, AnalysisFlag::max",2048,0.01,33315
CSRMatrix,double,"AnalysisFlag::min, AnalysisFlag::max",2048,0.01,34002
CSRMatrix,double,"AnalysisFlag::min, AnalysisFlag::max",2048,0.01,33551
CSRMatrix,double,"AnalysisFlag::min, AnalysisFlag::max",2048,0.01,32360
CSRMatrix,double,"AnalysisFlag::min, AnalysisFlag::max",2048,0.01,33714
CSRMatrix,double,"AnalysisFlag::min, AnalysisFlag::max",2048,0.01,33143
CSRMatrix,double,"AnalysisFlag::min, AnalysisFlag::max",4096,0.01,42223
CSRMatrix,double,"AnalysisFlag::min, AnalysisFlag::max",4096,0.01,71729
CSRMatrix,double,"AnalysisFlag::min, AnalysisFlag::max",4096,0.01,71314
CSRMatrix,double,"AnalysisFlag::min, AnalysisFlag::max",4096,0.01,72180
CSRMatrix,double,"AnalysisFlag::min, AnalysisFlag::max",4096,0.01,70633
CSRMatrix,double,"AnalysisFlag::min, AnalysisFlag::max",4096,0.01,71478
CSRMatrix,double,"AnalysisFlag::min, AnalysisFlag::max",4096,0.01,72117
CSRMatrix,double,"AnalysisFlag::min, AnalysisFlag::max",4096,0.01,68999
CSRMatrix,double,"AnalysisFlag::min, AnalysisFlag::max",4096,0.01,71577
CSRMatrix,double,"AnalysisFlag::min, AnalysisFlag::max",4096,0.01,72202
CSRMatrix,int64_t,"AnalysisFlag::min, AnalysisFlag::max",1024,0.01,11172
CSRMatrix,int64_t,"AnalysisFlag::min, AnalysisFlag::max",1024,0.01,16730
CSRMatrix,int64_t,"AnalysisFlag::min, AnalysisFlag::max",1024,0.01,16558
CSRMatrix,int64_t,"AnalysisFlag::min, AnalysisFlag::max",1024,0.01,15952
CSRMatrix,int64_t,"AnalysisFlag::min, AnalysisFlag::max",1024,0.01,16144
CSRMatrix,int64_t,"AnalysisFlag::min, AnalysisFlag::max",1024,0.01,16587
CSRMatrix,int64_t,"AnalysisFlag::min, AnalysisFlag::max",1024,0.01,16295
CSRMatrix,int64_t,"AnalysisFlag::min, AnalysisFlag::max",1024,0.01,16297
CSRMatrix,int64_t,"AnalysisFlag::min, AnalysisFlag::max",1024,0.01,16162
CSRMatrix,int64_t,"AnalysisFlag::min, AnalysisFlag::max",1024,0.01,16041
CSRMatrix,int64_t,"AnalysisFlag::min, AnalysisFlag::max",2048,0.01,21700
CSRMatrix,int64_t,"AnalysisFlag::min, AnalysisFlag::max",2048,0.01,34939
CSRMatrix,int64_t,"AnalysisFlag::min, AnalysisFlag::max",2048,0.01,35852
CSRMatrix,int64_t,"AnalysisFlag::min, AnalysisFlag::max",2048,0.01,33748
CSRMatrix,int64_t,"AnalysisFlag::min, AnalysisFlag::max",2048,0.01,33834
CSRMatrix,int64_t,"AnalysisFlag::min, AnalysisFlag::max",2048,0.01,35114
CSRMatrix,int64_t,"AnalysisFlag::min, AnalysisFlag::max",2048,0.01,34766
CSRMatrix,int64_t,"AnalysisFlag::min, AnalysisFlag::max",2048,0.01,33614
CSRMatrix,int64_t,"AnalysisFlag::min, AnalysisFlag::max",2048,0.01,34381
CSRMatrix,int64_t,"AnalysisFlag::min, AnalysisFlag::max",2048,0.01,34159
CSRMatrix,int64_t,"AnalysisFlag::min, AnalysisFlag::max",4096,0.01,42661
CSRMatrix,int64_t,"AnalysisFlag::min, AnalysisFlag::max",4096,0.01,73016
CSRMatrix,int64_t,"AnalysisFlag::min, AnalysisFlag::max",4096,0.01,73242
CSRMatrix,int64_t,"AnalysisFlag::min, AnalysisFlag::max",4096,0.01,73614
CSRMatrix,int64_t,"AnalysisFlag::min, AnalysisFlag::max",4096,0.01,71680
CSRMatrix,int64_t,"AnalysisFlag::min, AnalysisFlag::max",4096,0.01,73063
CSRMatrix,int64_t,"AnalysisFlag::min, AnalysisFlag::max",4096,0.01,74886
CSRMatrix,int64_t,"AnalysisFlag::min, AnalysisFlag::max",4096,0.01,70351
CSRMatrix,int64_t,"AnalysisFlag::min, AnalysisFlag::max",4096,0.01,71085
CSRMatrix,int64_t,"AnalysisFlag::min, AnalysisFlag::max",4096,0.01,73372
CSRMatrix,double,"AnalysisFlag::min, AnalysisFlag::max",1024,0.05,13314
CSRMatrix,double,"AnalysisFlag::min, AnalysisFlag::max",1024,0.05,23827
CSRMatrix,double,"AnalysisFlag::min, AnalysisFlag::max",1024,0.05,24092
CSRMatrix,double,"AnalysisFlag::min, AnalysisFlag::max",1024,0.05,24846
CSRMatrix,double,"AnalysisFlag::min, AnalysisFlag::max",1024,0.05,23682
CSRMatrix,double,"AnalysisFlag::min, AnalysisFlag::max",1024,0.05,26002
CSRMatrix,double,"AnalysisFlag::min, AnalysisFlag::max",1024,0.05,24025
CSRMatrix,double,"AnalysisFlag::min, AnalysisFlag::max",1024,0.05,23154
CSRMatrix,double,"AnalysisFlag::min, AnalysisFlag::max",1024,0.05,23267
CSRMatrix,double,"AnalysisFlag::min, AnalysisFlag::max",1024,0.05,23960
CSRMatrix,double,"AnalysisFlag::min, AnalysisFlag::max",2048,0.05,24868
CSRMatrix,double,"AnalysisFlag::min, AnalysisFlag::max",2048,0.05,49023
CSRMatrix,double,"AnalysisFlag::min, AnalysisFlag::max",2048,0.05,49068
CSRMatrix,double,"AnalysisFlag::min, AnalysisFlag::max",2048,0.05,48695
CSRMatrix,double,"AnalysisFlag::min, AnalysisFlag::max",2048,0.05,48248
CSRMatrix,double,"AnalysisFlag::min, AnalysisFlag::max",2048,0.05,49141
CSRMatrix,double,"AnalysisFlag::min, AnalysisFlag::max",2048,0.05,49222
CSRMatrix,double,"AnalysisFlag::min, AnalysisFlag::max",2048,0.05,47522
CSRMatrix,double,"AnalysisFlag::min, AnalysisFlag::max",2048,0.05,48165
CSRMatrix,double,"AnalysisFlag::min, AnalysisFlag::max",2048,0.05,48117
CSRMatrix,double,"AnalysisFlag::min, AnalysisFlag::max",4096,0.05,45382
CSRMatrix,double,"AnalysisFlag::min, AnalysisFlag::max",4096,0.05,96946
CSRMatrix,double,"AnalysisFlag::min, AnalysisFlag::max",4096,0.05,95982
CSRMatrix,double,"AnalysisFlag::min, AnalysisFlag::max",4096,0.05,96639
CSRMatrix,double,"AnalysisFlag::min, AnalysisFlag::max",4096,0.05,95617
CSRMatrix,double,"AnalysisFlag::min, AnalysisFlag::max",4096,0.05,95575
CSRMatrix,double,"AnalysisFlag::min, AnalysisFlag::max",4096,0.05,97497
CSRMatrix,double,"AnalysisFlag::min, AnalysisFlag::max",4096,0.05,94899
CSRMatrix,double,"AnalysisFlag::min, AnalysisFlag::max",4096,0.05,96190
CSRMatrix,double,"AnalysisFlag::min, AnalysisFlag::max",4096,0.05,94511
CSRMatrix,int64_t,"AnalysisFlag::min, AnalysisFlag::max",1024,0.05,13332
CSRMatrix,int64_t,"AnalysisFlag::min, AnalysisFlag::max",1024,0.05,25529
CSRMatrix,int64_t,"AnalysisFlag::min, AnalysisFlag::max",1024,0.05,25570
CSRMatrix,int64_t,"AnalysisFlag::min, AnalysisFlag::max",1024,0.05,25423
CSRMatrix,int64_t,"AnalysisFlag::min, AnalysisFlag::max",1024,0.05,25034
CSRMatrix,int64_t,"AnalysisFlag::min, AnalysisFlag::max",1024,0.05,25362
CSRMatrix,int64_t,"AnalysisFlag::min, AnalysisFlag::max",1024,0.05,24703
CSRMatrix,int64_t,"AnalysisFlag::min, AnalysisFlag::max",1024,0.05,24310
CSRMatrix,int64_t,"AnalysisFlag::min, AnalysisFlag::max",1024,0.05,24606
CSRMatrix,int64_t,"AnalysisFlag::min, AnalysisFlag::max",1024,0.05,24602
CSRMatrix,int64_t,"AnalysisFlag::min, AnalysisFlag::max",2048,0.05,24919
CSRMatrix,int64_t,"AnalysisFlag::min, AnalysisFlag::max",2048,0.05,50814
CSRMatrix,int64_t,"AnalysisFlag::min, AnalysisFlag::max",2048,0.05,50792
CSRMatrix,int64_t,"AnalysisFlag::min, AnalysisFlag::max",2048,0.05,49270
CSRMatrix,int64_t,"AnalysisFlag::min, AnalysisFlag::max",2048,0.05,49648
CSRMatrix,int64_t,"AnalysisFlag::min, AnalysisFlag::max",2048,0.05,51899
CSRMatrix,int64_t,"AnalysisFlag::min, AnalysisFlag::max",2048,0.05,50349
CSRMatrix,int64_t,"AnalysisFlag::min, AnalysisFlag::max",2048,0.05,48641
CSRMatrix,int64_t,"AnalysisFlag::min, AnalysisFlag::max",2048,0.05,49110
CSRMatrix,int64_t,"AnalysisFlag::min, AnalysisFlag::max",2048,0.05,49269
CSRMatrix,int64_t,"AnalysisFlag::min, AnalysisFlag::max",4096,0.05,46848
CSRMatrix,int64_t,"AnalysisFlag::min, AnalysisFlag::max",4096,0.05,99355
CSRMatrix,int64_t,"AnalysisFlag::min, AnalysisFlag::max",4096,0.05,97976
CSRMatrix,int64_t,"AnalysisFlag::min, AnalysisFlag::max",4096,0.05,97907
CSRMatrix,int64_t,"AnalysisFlag::min, AnalysisFlag::max",4096,0.05,97557
CSRMatrix,int64_t,"AnalysisFlag::min, AnalysisFlag::max",4096,0.05,96504
CSRMatrix,int64_t,"AnalysisFlag::min, AnalysisFlag::max",4096,0.05,97008
CSRMatrix,int64_t,"AnalysisFlag::min, AnalysisFlag::max",4096,0.05,97296
CSRMatrix,int64_t,"AnalysisFlag::min, AnalysisFlag::max",4096,0.05,96189
CSRMatrix,int64_t,"AnalysisFlag::min, AnalysisFlag::max",4096,0.05,96249
CSRMatrix,double,"AnalysisFlag::min, AnalysisFlag::max",1024,0.1,14863
CSRMatrix,double,"AnalysisFlag::min, AnalysisFlag::max",1024,0.1,32985
CSRMatrix,double,"AnalysisFlag::min, AnalysisFlag::max",1024,0.1,32671
CSRMatrix,double,"AnalysisFlag::min, AnalysisFlag::max",1024,0.1,31707
CSRMatrix,double,"AnalysisFlag::min, AnalysisFlag::max",1024,0.1,31792
CSRMatrix,double,"AnalysisFlag::min, AnalysisFlag::max",1024,0.1,31646
CSRMatrix,double,"AnalysisFlag::min, AnalysisFlag::max",1024,0.1,31047
CSRMatrix,double,"AnalysisFlag::min, AnalysisFlag::max",1024,0.1,30547
CSRMatrix,double,"AnalysisFlag::min, AnalysisFlag::max",1024,0.1,31509
CSRMatrix,double,"AnalysisFlag::min, AnalysisFlag::max",1024,0.1,31584
CSRMatrix,double,"AnalysisFlag::min, AnalysisFlag::max",2048,0.1,26341
CSRMatrix,double,"AnalysisFlag::min, AnalysisFlag::max",2048,0.1,62265
CSRMatrix,double,"AnalysisFlag::min, AnalysisFlag::max",2048,0.1,60869
CSRMatrix,double,"AnalysisFlag::min, AnalysisFlag::max",2048,0.1,61531
CSRMatrix,double,"AnalysisFlag::min, AnalysisFlag::max",2048,0.1,59931
CSRMatrix,double,"AnalysisFlag::min, AnalysisFlag::max",2048,0.1,58733
CSRMatrix,double,"AnalysisFlag::min, AnalysisFlag::max",2048,0.1,58000
CSRMatrix,double,"AnalysisFlag::min, AnalysisFlag::max",2048,0.1,58500
CSRMatrix,double,"AnalysisFlag::min, AnalysisFlag::max",2048,0.1,58205
CSRMatrix,double,"AnalysisFlag::min, AnalysisFlag::max",2048,0.1,57698
CSRMatrix,double,"AnalysisFlag::min, AnalysisFlag::max",4096,0.1,47783
CSRMatrix,double,"AnalysisFlag::min, AnalysisFlag::max",4096,0.1,111824
CSRMatrix,double,"AnalysisFlag::min, AnalysisFlag::max",4096,0.1,110311
CSRMatrix,double,"AnalysisFlag::min, AnalysisFlag::max",4096,0.1,108771
CSRMatrix,double,"AnalysisFlag::min, AnalysisFlag::max",4096,0.1,110848
CSRMatrix,double,"AnalysisFlag::min, AnalysisFlag::max",4096,0.1,110006
CSRMatrix,double,"AnalysisFlag::min, AnalysisFlag::max",4096,0.1,109434
CSRMatrix,double,"AnalysisFlag::min, AnalysisFlag::max",4096,0.1,109929
CSRMatrix,double,"AnalysisFlag::min, AnalysisFlag::max",4096,0.1,108915
CSRMatrix,double,"AnalysisFlag::min, AnalysisFlag::max",4096,0.1,108260
CSRMatrix,int64_t,"AnalysisFlag::min, AnalysisFlag::max",1024,0.1,14985
CSRMatrix,int64_t,"AnalysisFlag::min, AnalysisFlag::max",1024,0.1,33669
CSRMatrix,int64_t,"AnalysisFlag::min, AnalysisFlag::max",1024,0.1,32139
CSRMatrix,int64_t,"AnalysisFlag::min, AnalysisFlag::max",1024,0.1,31315
CSRMatrix,int64_t,"AnalysisFlag::min, AnalysisFlag::max",1024,0.1,32085
CSRMatrix,int64_t,"AnalysisFlag::min, AnalysisFlag::max",1024,0.1,31759
CSRMatrix,int64_t,"AnalysisFlag::min, AnalysisFlag::max",1024,0.1,31384
CSRMatrix,int64_t,"AnalysisFlag::min, AnalysisFlag::max",1024,0.1,32348
CSRMatrix,int64_t,"AnalysisFlag::min, AnalysisFlag::max",1024,0.1,31684
CSRMatrix,int64_t,"AnalysisFlag::min, AnalysisFlag::max",1024,0.1,30830
CSRMatrix,int64_t,"AnalysisFlag::min, AnalysisFlag::max",2048,0.1,26318
CSRMatrix,int64_t,"AnalysisFlag::min, AnalysisFlag::max",2048,0.1,62990
CSRMatrix,int64_t,"AnalysisFlag::min, AnalysisFlag::max",2048,0.1,60193
CSRMatrix,int64_t,"AnalysisFlag::min, AnalysisFlag::max",2048,0.1,61763
CSRMatrix,int64_t,"AnalysisFlag::min, AnalysisFlag::max",2048,0.1,60581
CSRMatrix,int64_t,"AnalysisFlag::min, AnalysisFlag::max",2048,0.1,60324
CSRMatrix,int64_t,"AnalysisFlag::min, AnalysisFlag::max",2048,0.1,59570
CSRMatrix,int64_t,"AnalysisFlag::min, AnalysisFlag::max",2048,0.1,59895
CSRMatrix,int64_t,"AnalysisFlag::min, AnalysisFlag::max",2048,0.1,59696
CSRMatrix,int64_t,"AnalysisFlag::min, AnalysisFlag::max",2048,0.1,58856
CSRMatrix,int64_t,"AnalysisFlag::min, AnalysisFlag::max",4096,0.1,47939
CSRMatrix,int64_t,"AnalysisFlag::min, AnalysisFlag::max",4096,0.1,112806
CSRMatrix,int64_t,"AnalysisFlag::min, AnalysisFlag::max",4096,0.1,111733
CSRMatrix,int64_t,"AnalysisFlag::min, AnalysisFlag::max",4096,0.1,110769
CSRMatrix,int64_t,"AnalysisFlag::min, AnalysisFlag::max",4096,0.1,113615
CSRMatrix,int64_t,"AnalysisFlag::min, AnalysisFlag::max",4096,0.1,112677
CSRMatrix,int64_t,"AnalysisFlag::min, AnalysisFlag::max",4096,0.1,111510
CSRMatrix,int64_t,"AnalysisFlag::min, AnalysisFlag::max",4096,0.1,113377
CSRMatrix,int64_t,"AnalysisFlag::min, AnalysisFlag::max",4096,0.1,112777
CSRMatrix,int64_t,"AnalysisFlag::min, AnalysisFlag::max",4096,0.1,113936
CSRMatrix,double,"AnalysisFlag::min, AnalysisFlag::max",1024,0.2,16723
CSRMatrix,double,"AnalysisFlag::min, AnalysisFlag::max",1024,0.2,46719
CSRMatrix,double,"AnalysisFlag::min, AnalysisFlag::max",1024,0.2,42871
CSRMatrix,double,"AnalysisFlag::min, AnalysisFlag::max",1024,0.2,42695
CSRMatrix,double,"AnalysisFlag::min, AnalysisFlag::max",1024,0.2,42365
CSRMatrix,double,"AnalysisFlag::min, AnalysisFlag::max",1024,0.2,42283
CSRMatrix,double,"AnalysisFlag::min, AnalysisFlag::max",1024,0.2,41906
CSRMatrix,double,"AnalysisFlag::min, AnalysisFlag::max",1024,0.2,41524
CSRMatrix,double,"AnalysisFlag::min, AnalysisFlag::max",1024,0.2,42290
CSRMatrix,double,"AnalysisFlag::min, AnalysisFlag::max",1024,0.2,42471
CSRMatrix,double,"AnalysisFlag::min, AnalysisFlag::max",2048,0.2,26675
CSRMatrix,double,"AnalysisFlag::min, AnalysisFlag::max",2048,0.2,80794
CSRMatrix,double,"AnalysisFlag::min, AnalysisFlag::max",2048,0.2,77928
CSRMatrix,double,"AnalysisFlag::min, AnalysisFlag::max",2048,0.2,75169
CSRMatrix,double,"AnalysisFlag::min, AnalysisFlag::max",2048,0.2,75545
CSRMatrix,double,"AnalysisFlag::min, AnalysisFlag::max",2048,0.2,74370
CSRMatrix,double,"AnalysisFlag::min, AnalysisFlag::max",2048,0.2,75761
CSRMatrix,double,"AnalysisFlag::min, AnalysisFlag::max",2048,0.2,73111
CSRMatrix,double,"AnalysisFlag::min, AnalysisFlag::max",2048,0.2,73418
CSRMatrix,double,"AnalysisFlag::min, AnalysisFlag::max",2048,0.2,73361
CSRMatrix,double,"AnalysisFlag::min, AnalysisFlag::max",4096,0.2,46818
CSRMatrix,double,"AnalysisFlag::min, AnalysisFlag::max",4096,0.2,138525
CSRMatrix,double,"AnalysisFlag::min, AnalysisFlag::max",4096,0.2,135469
CSRMatrix,double,"AnalysisFlag::min, AnalysisFlag::max",4096,0.2,136188
CSRMatrix,double,"AnalysisFlag::min, AnalysisFlag::max",4096,0.2,138102
CSRMatrix,double,"AnalysisFlag::min, AnalysisFlag::max",4096,0.2,136401
CSRMatrix,double,"AnalysisFlag::min, AnalysisFlag::max",4096,0.2,135805
CSRMatrix,double,"AnalysisFlag::min, AnalysisFlag::max",4096,0.2,133310
CSRMatrix,double,"AnalysisFlag::min, AnalysisFlag::max",4096,0.2,136984
CSRMatrix,double,"AnalysisFlag::min, AnalysisFlag::max",4096,0.2,133292
CSRMatrix,int64_t,"AnalysisFlag::min, AnalysisFlag::max",1024,0.2,16437
CSRMatrix,int64_t,"AnalysisFlag::min, AnalysisFlag::max",1024,0.2,46228
CSRMatrix,int64_t,"AnalysisFlag::min, AnalysisFlag::max",1024,0.2,43761
CSRMatrix,int64_t,"AnalysisFlag::min, AnalysisFlag::max",1024,0.2,42933
CSRMatrix,int64_t,"AnalysisFlag::min, AnalysisFlag::max",1024,0.2,41913
CSRMatrix,int64_t,"AnalysisFlag::min, AnalysisFlag::max",1024,0.2,41802
CSRMatrix,int64_t,"AnalysisFlag::min, AnalysisFlag::max",1024,0.2,41881
CSRMatrix,int64_t,"AnalysisFlag::min, AnalysisFlag::max",1024,0.2,41179
CSRMatrix,int64_t,"AnalysisFlag::min, AnalysisFlag::max",1024,0.2,41152
CSRMatrix,int64_t,"AnalysisFlag::min, AnalysisFlag::max",1024,0.2,40788
CSRMatrix,int64_t,"AnalysisFlag::min, AnalysisFlag::max",2048,0.2,27263
CSRMatrix,int64_t,"AnalysisFlag::min, AnalysisFlag::max",2048,0.2,77692
CSRMatrix,int64_t,"AnalysisFlag::min, AnalysisFlag::max",2048,0.2,75129
CSRMatrix,int64_t,"AnalysisFlag::min, AnalysisFlag::max",2048,0.2,76690
CSRMatrix,int64_t,"AnalysisFlag::min, AnalysisFlag::max",2048,0.2,76312
CSRMatrix,int64_t,"AnalysisFlag::min, AnalysisFlag::max",2048,0.2,75435
CSRMatrix,int64_t,"AnalysisFlag::min, AnalysisFlag::max",2048,0.2,73790
CSRMatrix,int64_t,"AnalysisFlag::min, AnalysisFlag::max",2048,0.2,74003
CSRMatrix,int64_t,"AnalysisFlag::min, AnalysisFlag::max",2048,0.2,73842
CSRMatrix,int64_t,"AnalysisFlag::min, AnalysisFlag::max",2048,0.2,75900
CSRMatrix,int64_t,"AnalysisFlag::min, AnalysisFlag::max",4096,0.2,48260
CSRMatrix,int64_t,"AnalysisFlag::min, AnalysisFlag::max",4096,0.2,140402
CSRMatrix,int64_t,"AnalysisFlag::min, AnalysisFlag::max",4096,0.2,141300
CSRMatrix,int64_t,"AnalysisFlag::min, AnalysisFlag::max",4096,0.2,137959
CSRMatrix,int64_t,"AnalysisFlag::min, AnalysisFlag::max",4096,0.2,137942
CSRMatrix,int64_t,"AnalysisFlag::min, AnalysisFlag::max",4096,0.2,139379
CSRMatrix,int64_t,"AnalysisFlag::min, AnalysisFlag::max",4096,0.2,139251
CSRMatrix,int64_t,"AnalysisFlag::min, AnalysisFlag::max",4096,0.2,136324
CSRMatrix,int64_t,"AnalysisFlag::min, AnalysisFlag::max",4096,0.2,138597
CSRMatrix,int64_t,"AnalysisFlag::min, AnalysisFlag::max",4096,0.2,138245
CSRMatrix,double,"AnalysisFlag::min, AnalysisFlag::max",1024,0.25,16196
CSRMatrix,double,"AnalysisFlag::min, AnalysisFlag::max",1024,0.25,53604
CSRMatrix,double,"AnalysisFlag::min, AnalysisFlag::max",1024,0.25,50678
CSRMatrix,double,"AnalysisFlag::min, AnalysisFlag::max",1024,0.25,48489
CSRMatrix,double,"AnalysisFlag::min, AnalysisFlag::max",1024,0.25,48508
CSRMatrix,double,"AnalysisFlag::min, AnalysisFlag::max",1024,0.25,46462
CSRMatrix,double,"AnalysisFlag::min, AnalysisFlag::max",1024,0.25,45872
CSRMatrix,double,"AnalysisFlag::min, AnalysisFlag::max",1024,0.25,47635
CSRMatrix,double,"AnalysisFlag::min, AnalysisFlag::max",1024,0.25,46539
CSRMatrix,double,"AnalysisFlag::min, AnalysisFlag::max",1024,0.25,45218
CSRMatrix,double,"AnalysisFlag::min, AnalysisFlag::max",2048,0.25,27480
CSRMatrix,double,"AnalysisFlag::min, AnalysisFlag::max",2048,0.25,84558
CSRMatrix,double,"AnalysisFlag::min, AnalysisFlag::max",2048,0.25,82591
CSRMatrix,double,"AnalysisFlag::min, AnalysisFlag::max",2048,0.25,81252
CSRMatrix,double,"AnalysisFlag::min, AnalysisFlag::max",2048,0.25,81112
CSRMatrix,double,"AnalysisFlag::min, AnalysisFlag::max",2048,0.25,83679
CSRMatrix,double,"AnalysisFlag::min, AnalysisFlag::max",2048,0.25,81499
CSRMatrix,double,"AnalysisFlag::min, AnalysisFlag::max",2048,0.25,80888
CSRMatrix,double,"AnalysisFlag::min, AnalysisFlag::max",2048,0.25,80246
CSRMatrix,double,"AnalysisFlag::min, AnalysisFlag::max",2048,0.25,82764
CSRMatrix,double,"AnalysisFlag::min, AnalysisFlag::max",4096,0.25,46859
CSRMatrix,double,"AnalysisFlag::min, AnalysisFlag::max",4096,0.25,154523
CSRMatrix,double,"AnalysisFlag::min, AnalysisFlag::max",4096,0.25,152045
CSRMatrix,double,"AnalysisFlag::min, AnalysisFlag::max",4096,0.25,154496
CSRMatrix,double,"AnalysisFlag::min, AnalysisFlag::max",4096,0.25,150155
CSRMatrix,double,"AnalysisFlag::min, AnalysisFlag::max",4096,0.25,149832
CSRMatrix,double,"AnalysisFlag::min, AnalysisFlag::max",4096,0.25,154511
CSRMatrix,double,"AnalysisFlag::min, AnalysisFlag::max",4096,0.25,151975
CSRMatrix,double,"AnalysisFlag::min, AnalysisFlag::max",4096,0.25,149966
CSRMatrix,double,"AnalysisFlag::min, AnalysisFlag::max",4096,0.25,147705
CSRMatrix,int64_t,"AnalysisFlag::min, AnalysisFlag::max",1024,0.25,16462
CSRMatrix,int64_t,"AnalysisFlag::min, AnalysisFlag::max",1024,0.25,51754
CSRMatrix,int64_t,"AnalysisFlag::min, AnalysisFlag::max",1024,0.25,50432
CSRMatrix,int64_t,"AnalysisFlag::min, AnalysisFlag::max",1024,0.25,48665
CSRMatrix,int64_t,"AnalysisFlag::min, AnalysisFlag::max",1024,0.25,48130
CSRMatrix,int64_t,"AnalysisFlag::min, AnalysisFlag::max",1024,0.25,46930
CSRMatrix,int64_t,"AnalysisFlag::min, AnalysisFlag::max",1024,0.25,46589
CSRMatrix,int64_t,"AnalysisFlag::min, AnalysisFlag::max",1024,0.25,46489
CSRMatrix,int64_t,"AnalysisFlag::min, AnalysisFlag::max",1024,0.25,46725
CSRMatrix,int64_t,"AnalysisFlag::min, AnalysisFlag::max",1024,0.25,45299
CSRMatrix,int64_t,"AnalysisFlag::min, AnalysisFlag::max",2048,0.25,27519
CSRMatrix,int64_t,"AnalysisFlag::min, AnalysisFlag::max",2048,0.25,84109
CSRMatrix,int64_t,"AnalysisFlag::min, AnalysisFlag::max",2048,0.25,83569
CSRMatrix,int64_t,"AnalysisFlag::min, AnalysisFlag::max",2048,0.25,82408
CSRMatrix,int64_t,"AnalysisFlag::min, AnalysisFlag::max",2048,0.25,83436
CSRMatrix,int64_t,"AnalysisFlag::min, AnalysisFlag::max",2048,0.25,82460
CSRMatrix,int64_t,"AnalysisFlag::min, AnalysisFlag::max",2048,0.25,81721
CSRMatrix,int64_t,"AnalysisFlag::min, AnalysisFlag::max",2048,0.25,81952
CSRMatrix,int64_t,"AnalysisFlag::min, AnalysisFlag::max",2048,0.25,81977
CSRMatrix,int64_t,"AnalysisFlag::min, AnalysisFlag::max",2048,0.25,83618
CSRMatrix,int64_t,"AnalysisFlag::min, AnalysisFlag::max",4096,0.25,47694
CSRMatrix,int64_t,"AnalysisFlag::min, AnalysisFlag::max",4096,0.25,157143
CSRMatrix,int64_t,"AnalysisFlag::min, AnalysisFlag::max",4096,0.25,153404
CSRMatrix,int64_t,"AnalysisFlag::min, AnalysisFlag::max",4096,0.25,155138
CSRMatrix,int64_t,"AnalysisFlag::min, AnalysisFlag::max",4096,0.25,152992
CSRMatrix,int64_t,"AnalysisFlag::min, AnalysisFlag::max",4096,0.25,151809
CSRMatrix,int64_t,"AnalysisFlag::min, AnalysisFlag::max",4096,0.25,154198
CSRMatrix,int64_t,"AnalysisFlag::min, AnalysisFlag::max",4096,0.25,155207
CSRMatrix,int64_t,"AnalysisFlag::min, AnalysisFlag::max",4096,0.25,156349
CSRMatrix,int64_t,"AnalysisFlag::min, AnalysisFlag::max",4096,0.25,153504
CSRMatrix,double,"AnalysisFlag::min, AnalysisFlag::max",1024,1,16045
CSRMatrix,double,"AnalysisFlag::min, AnalysisFlag::max",1024,1,139105
CSRMatrix,double,"AnalysisFlag::min, AnalysisFlag::max",1024,1,139119
CSRMatrix,double,"AnalysisFlag::min, AnalysisFlag::max",1024,1,135485
CSRMatrix,double,"AnalysisFlag::min, AnalysisFlag::max",1024,1,139694
CSRMatrix,double,"AnalysisFlag::min, AnalysisFlag::max",1024,1,137107
CSRMatrix,double,"AnalysisFlag::min, AnalysisFlag::max",1024,1,144184
CSRMatrix,double,"AnalysisFlag::min, AnalysisFlag::max",1024,1,141789
CSRMatrix,double,"AnalysisFlag::min, AnalysisFlag::max",1024,1,141574
CSRMatrix,double,"AnalysisFlag::min, AnalysisFlag::max",1024,1,135860
CSRMatrix,double,"AnalysisFlag::min, AnalysisFlag::max",2048,1,27402
CSRMatrix,double,"AnalysisFlag::min, AnalysisFlag::max",2048,1,414497
CSRMatrix,double,"AnalysisFlag::min, AnalysisFlag::max",2048,1,425044
CSRMatrix,double,"AnalysisFlag::min, AnalysisFlag::max",2048,1,423268
CSRMatrix,double,"AnalysisFlag::min, AnalysisFlag::max",2048,1,413350
CSRMatrix,double,"AnalysisFlag::min, AnalysisFlag::max",2048,1,423581
CSRMatrix,double,"AnalysisFlag::min, AnalysisFlag::max",2048,1,411612
CSRMatrix,double,"AnalysisFlag::min, AnalysisFlag::max",2048,1,418781
CSRMatrix,double,"AnalysisFlag::min, AnalysisFlag::max",2048,1,429708
CSRMatrix,double,"AnalysisFlag::min, AnalysisFlag::max",2048,1,417086
CSRMatrix,double,"AnalysisFlag::min, AnalysisFlag::max",4096,1,46090
CSRMatrix,double,"AnalysisFlag::min, AnalysisFlag::max",4096,1,1.25398e+06
CSRMatrix,double,"AnalysisFlag::min, AnalysisFlag::max",4096,1,1.2701e+06
CSRMatrix,double,"AnalysisFlag::min, AnalysisFlag::max",4096,1,1.28518e+06
CSRMatrix,double,"AnalysisFlag::min, AnalysisFlag::max",4096,1,1.27092e+06
CSRMatrix,double,"AnalysisFlag::min, AnalysisFlag::max",4096,1,1.25297e+06
CSRMatrix,double,"AnalysisFlag::min, AnalysisFlag::max",4096,1,1.22561e+06
CSRMatrix,double,"AnalysisFlag::min, AnalysisFlag::max",4096,1,1.24458e+06
CSRMatrix,double,"AnalysisFlag::min, AnalysisFlag::max",4096,1,1.22525e+06
CSRMatrix,double,"AnalysisFlag::min, AnalysisFlag::max",4096,1,1.28438e+06
CSRMatrix,int64_t,"AnalysisFlag::min, AnalysisFlag::max",1024,1,16365
CSRMatrix,int64_t,"AnalysisFlag::min, AnalysisFlag::max",1024,1,138755
CSRMatrix,int64_t,"AnalysisFlag::min, AnalysisFlag::max",1024,1,140633
CSRMatrix,int64_t,"AnalysisFlag::min, AnalysisFlag::max",1024,1,135155
CSRMatrix,int64_t,"AnalysisFlag::min, AnalysisFlag::max",1024,1,136368
CSRMatrix,int64_t,"AnalysisFlag::min, AnalysisFlag::max",1024,1,137776
CSRMatrix,int64_t,"AnalysisFlag::min, AnalysisFlag::max",1024,1,137803
CSRMatrix,int64_t,"AnalysisFlag::min, AnalysisFlag::max",1024,1,134089
CSRMatrix,int64_t,"AnalysisFlag::min, AnalysisFlag::max",1024,1,136051
CSRMatrix,int64_t,"AnalysisFlag::min, AnalysisFlag::max",1024,1,136252
CSRMatrix,int64_t,"AnalysisFlag::min, AnalysisFlag::max",2048,1,27513
CSRMatrix,int64_t,"AnalysisFlag::min, AnalysisFlag::max",2048,1,418462
CSRMatrix,int64_t,"AnalysisFlag::min, AnalysisFlag::max",2048,1,421982
CSRMatrix,int64_t,"AnalysisFlag::min, AnalysisFlag::max",2048,1,413969
CSRMatrix,int64_t,"AnalysisFlag::min, AnalysisFlag::max",2048,1,410902
CSRMatrix,int64_t,"AnalysisFlag::min, AnalysisFlag::max",2048,1,425271
CSRMatrix,int64_t,"AnalysisFlag::min, AnalysisFlag::max",2048,1,411051
CSRMatrix,int64_t,"AnalysisFlag::min, AnalysisFlag::max",2048,1,414385
CSRMatrix,int64_t,"AnalysisFlag::min, AnalysisFlag::max",2048,1,419173
CSRMatrix,int64_t,"AnalysisFlag::min, AnalysisFlag::max",2048,1,416928
CSRMatrix,int64_t,"AnalysisFlag::min, AnalysisFlag::max",4096,1,46469
CSRMatrix,int64_t,"AnalysisFlag::min, AnalysisFlag::max",4096,1,1.13186e+06
CSRMatrix,int64_t,"AnalysisFlag::min, AnalysisFlag::max",4096,1,1.13646e+06
CSRMatrix,int64_t,"AnalysisFlag::min, AnalysisFlag::max",4096,1,1.1586e+06
CSRMatrix,int64_t,"AnalysisFlag::min, AnalysisFlag::max",4096,1,1.13491e+06
CSRMatrix,int64_t,"AnalysisFlag::min, AnalysisFlag::max",4096,1,1.13254e+06
CSRMatrix,int64_t,"AnalysisFlag::min, AnalysisFlag::max",4096,1,1.12336e+06
CSRMatrix,int64_t,"AnalysisFlag::min, AnalysisFlag::max",4096,1,1.12647e+06
CSRMatrix,int64_t,"AnalysisFlag::min, AnalysisFlag::max",4096,1,1.12358e+06
CSRMatrix,int64_t,"AnalysisFlag::min, AnalysisFlag::max",4096,1,1.14716e+06
DenseMatrix,double,"AnalysisFlag::numDistinct",1024,0.001,12124
DenseMatrix,double,"AnalysisFlag::numDistinct",1024,0.001,8579
DenseMatrix,double,"AnalysisFlag::numDistinct",1024,0.001,11798
DenseMatrix,double,"AnalysisFlag::numDistinct",1024,0.001,12839
DenseMatrix,double,"AnalysisFlag::numDistinct",1024,0.001,19195
DenseMatrix,double,"AnalysisFlag::numDistinct",1024,0.001,7289
DenseMatrix,double,"AnalysisFlag::numDistinct",1024,0.001,7789
DenseMatrix,double,"AnalysisFlag::numDistinct",1024,0.001,5169
DenseMatrix,double,"AnalysisFlag::numDistinct",1024,0.001,8659
DenseMatrix,double,"AnalysisFlag::numDistinct",1024,0.001,4945
DenseMatrix,double,"AnalysisFlag::numDistinct",2048,0.001,14446
DenseMatrix,double,"AnalysisFlag::numDistinct",2048,0.001,16410
DenseMatrix,double,"AnalysisFlag::numDistinct",2048,0.001,15405
DenseMatrix,double,"AnalysisFlag::numDistinct",2048,0.001,16968
DenseMatrix,double,"AnalysisFlag::numDistinct",2048,0.001,22941
DenseMatrix,double,"AnalysisFlag::numDistinct",2048,0.001,11173
DenseMatrix,double,"AnalysisFlag::numDistinct",2048,0.001,16136
DenseMatrix,double,"AnalysisFlag::numDistinct",2048,0.001,11678
DenseMatrix,double,"AnalysisFlag::numDistinct",2048,0.001,13957
DenseMatrix,double,"AnalysisFlag::numDistinct",2048,0.001,12383
DenseMatrix,double,"AnalysisFlag::numDistinct",4096,0.001,27884
DenseMatrix,double,"AnalysisFlag::numDistinct",4096,0.001,31441
DenseMatrix,double,"AnalysisFlag::numDistinct",4096,0.001,30835
DenseMatrix,double,"AnalysisFlag::numDistinct",4096,0.001,29281
DenseMatrix,double,"AnalysisFlag::numDistinct",4096,0.001,31280
DenseMatrix,double,"AnalysisFlag::numDistinct",4096,0.001,27109
DenseMatrix,double,"AnalysisFlag::numDistinct",4096,0.001,29929
DenseMatrix,double,"AnalysisFlag::numDistinct",4096,0.001,27811
DenseMatrix,double,"AnalysisFlag::numDistinct",4096,0.001,24671
DenseMatrix,double,"AnalysisFlag::numDistinct",4096,0.001,21489
DenseMatrix,int64_t,"AnalysisFlag::numDistinct",1024,0.001,14521
DenseMatrix,int64_t,"AnalysisFlag::numDistinct",1024,0.001,10867
DenseMatrix,int64_t,"AnalysisFlag::numDistinct",1024,0.001,17954
DenseMatrix,int64_t,"AnalysisFlag::numDistinct",1024,0.001,20748
DenseMatrix,int64_t,"AnalysisFlag::numDistinct",1024,0.001,31681
DenseMatrix,int64_t,"AnalysisFlag::numDistinct",1024,0.001,10073
DenseMatrix,int64_t,"AnalysisFlag::numDistinct",1024,0.001,8429
DenseMatrix,int64_t,"AnalysisFlag::numDistinct",1024,0.001,5040
DenseMatrix,int64_t,"AnalysisFlag::numDistinct",1024,0.001,10418
DenseMatrix,int64_t,"AnalysisFlag::numDistinct",1024,0.001,4249
DenseMatrix,int64_t,"AnalysisFlag::numDistinct",2048,0.001,19438
DenseMatrix,int64_t,"AnalysisFlag::numDistinct",2048,0.001,21350
DenseMatrix,int64_t,"AnalysisFlag::numDistinct",2048,0.001,23666
DenseMatrix,int64_t,"AnalysisFlag::numDistinct",2048,0.001,24313
DenseMatrix,int64_t,"AnalysisFlag::numDistinct",2048,0.001,35668
DenseMatrix,int64_t,"AnalysisFlag::numDistinct",2048,0.001,13388
DenseMatrix,int64_t,"AnalysisFlag::numDistinct",2048,0.001,22089
DenseMatrix,int64_t,"AnalysisFlag::numDistinct",2048,0.001,14546
DenseMatrix,int64_t,"AnalysisFlag::numDistinct",2048,0.001,17347
DenseMatrix,int64_t,"AnalysisFlag::numDistinct",2048,0.001,15760
DenseMatrix,int64_t,"AnalysisFlag::numDistinct",4096,0.001,38906
DenseMatrix,int64_t,"AnalysisFlag::numDistinct",4096,0.001,45751
DenseMatrix,int64_t,"AnalysisFlag::numDistinct",4096,0.001,43849
DenseMatrix,int64_t,"AnalysisFlag::numDistinct",4096,0.001,40060
DenseMatrix,int64_t,"AnalysisFlag::numDistinct",4096,0.001,45506
DenseMatrix,int64_t,"AnalysisFlag::numDistinct",4096,0.001,37244
DenseMatrix,int64_t,"AnalysisFlag::numDistinct",4096,0.001,42505
DenseMatrix,int64_t,"AnalysisFlag::numDistinct",4096,0.001,37574
DenseMatrix,int64_t,"AnalysisFlag::numDistinct",4096,0.001,31628
DenseMatrix,int64_t,"AnalysisFlag::numDistinct",4096,0.001,26291
DenseMatrix,double,"AnalysisFlag::numDistinct",1024,0.01,17358
DenseMatrix,double,"AnalysisFlag::numDistinct",1024,0.01,20776
DenseMatrix,double,"AnalysisFlag::numDistinct",1024,0.01,20390
DenseMatrix,double,"AnalysisFlag::numDistinct",1024,0.01,19783
DenseMatrix,double,"AnalysisFlag::numDistinct",1024,0.01,20512
DenseMatrix,double,"AnalysisFlag::numDistinct",1024,0.01,18861
DenseMatrix,double,"AnalysisFlag::numDistinct",1024,0.01,19494
DenseMatrix,double,"AnalysisFlag::numDistinct",1024,0.01,20834
DenseMatrix,double,"AnalysisFlag::numDistinct",1024,0.01,16479
DenseMatrix,double,"AnalysisFlag::numDistinct",1024,0.01,12578
DenseMatrix,double,"AnalysisFlag::numDistinct",2048,0.01,24060
DenseMatrix,double,"AnalysisFlag::numDistinct",2048,0.01,24529
DenseMatrix,double,"AnalysisFlag::numDistinct",2048,0.01,24351
DenseMatrix,double,"AnalysisFlag::numDistinct",2048,0.01,23655
DenseMatrix,double,"AnalysisFlag::numDistinct",2048,0.01,24323
DenseMatrix,double,"AnalysisFlag::numDistinct",2048,0.01,22755
DenseMatrix,double,"AnalysisFlag::numDistinct",2048,0.01,24611
DenseMatrix,double,"AnalysisFlag::numDistinct",2048,0.01,24628
DenseMatrix,double,"AnalysisFlag::numDistinct",2048,0.01,23802
DenseMatrix,double,"AnalysisFlag::numDistinct",2048,0.01,23322
DenseMatrix,double,"AnalysisFlag::numDistinct",4096,0.01,32533
DenseMatrix,double,"AnalysisFlag::numDistinct",4096,0.01,32821
DenseMatrix,double,"AnalysisFlag::numDistinct",4096,0.01,32604
DenseMatrix,double,"AnalysisFlag::numDistinct",4096,0.01,33056
DenseMatrix,double,"AnalysisFlag::numDistinct",4096,0.01,32709
DenseMatrix,double,"AnalysisFlag::numDistinct",4096,0.01,32644
DenseMatrix,double,"AnalysisFlag::numDistinct",4096,0.01,33305
DenseMatrix,double,"AnalysisFlag::numDistinct",4096,0.01,33019
DenseMatrix,double,"AnalysisFlag::numDistinct",4096,0.01,32468
DenseMatrix,double,"AnalysisFlag::numDistinct",4096,0.01,33156
DenseMatrix,int64_t,"AnalysisFlag::numDistinct",1024,0.01,28624
DenseMatrix,int64_t,"AnalysisFlag::numDistinct",1024,0.01,34671
DenseMatrix,int64_t,"AnalysisFlag::numDistinct",1024,0.01,34297
DenseMatrix,int64_t,"AnalysisFlag::numDistinct",1024,0.01,32901
DenseMatrix,int64_t,"AnalysisFlag::numDistinct",1024,0.01,35048
DenseMatrix,int64_t,"AnalysisFlag::numDistinct",1024,0.01,31963
DenseMatrix,int64_t,"AnalysisFlag::numDistinct",1024,0.01,32371
DenseMatrix,int64_t,"AnalysisFlag::numDistinct",1024,0.01,34638
DenseMatrix,int64_t,"AnalysisFlag::numDistinct",1024,0.01,26229
DenseMatrix,int64_t,"AnalysisFlag::numDistinct",1024,0.01,19326
DenseMatrix,int64_t,"AnalysisFlag::numDistinct",2048,0.01,38444
DenseMatrix,int64_t,"AnalysisFlag::numDistinct",2048,0.01,38064
DenseMatrix,int64_t,"AnalysisFlag::numDistinct",2048,0.01,37703
DenseMatrix,int64_t,"AnalysisFlag::numDistinct",2048,0.01,36266
DenseMatrix,int64_t,"AnalysisFlag::numDistinct",2048,0.01,38325
DenseMatrix,int64_t,"AnalysisFlag::numDistinct",2048,0.01,35080
DenseMatrix,int64_t,"AnalysisFlag::numDistinct",2048,0.01,38337
DenseMatrix,int64_t,"AnalysisFlag::numDistinct",2048,0.01,38426
DenseMatrix,int64_t,"AnalysisFlag::numDistinct",2048,0.01,37760
DenseMatrix,int64_t,"AnalysisFlag::numDistinct",2048,0.01,35370
DenseMatrix,int64_t,"AnalysisFlag::numDistinct",4096,0.01,46553
DenseMatrix,int64_t,"AnalysisFlag::numDistinct",4096,0.01,46872
DenseMatrix,int64_t,"AnalysisFlag::numDistinct",4096,0.01,45642
DenseMatrix,int64_t,"AnalysisFlag::numDistinct",4096,0.01,47067
DenseMatrix,int64_t,"AnalysisFlag::numDistinct",4096,0.01,46460
DenseMatrix,int64_t,"AnalysisFlag::numDistinct",4096,0.01,46760
DenseMatrix,int64_t,"AnalysisFlag::numDistinct",4096,0.01,46349
DenseMatrix,int64_t,"AnalysisFlag::numDistinct",4096,0.01,45771
DenseMatrix,int64_t,"AnalysisFlag::numDistinct",4096,0.01,44934
DenseMatrix,int64_t,"AnalysisFlag::numDistinct",4096,0.01,46681
DenseMatrix,double,"AnalysisFlag::numDistinct",1024,0.05,22839
DenseMatrix,double,"AnalysisFlag::numDistinct",1024,0.05,21617
DenseMatrix,double,"AnalysisFlag::numDistinct",1024,0.05,21749
DenseMatrix,double,"AnalysisFlag::numDistinct",1024,0.05,22227
DenseMatrix,double,"AnalysisFlag::numDistinct",1024,0.05,22066
DenseMatrix,double,"AnalysisFlag::numDistinct",1024,0.05,21734
DenseMatrix,double,"AnalysisFlag::numDistinct",1024,0.05,22122
DenseMatrix,double,"AnalysisFlag::numDistinct",1024,0.05,21910
DenseMatrix,double,"AnalysisFlag::numDistinct",1024,0.05,21516
DenseMatrix,double,"AnalysisFlag::numDistinct",1024,0.05,22124
DenseMatrix,double,"AnalysisFlag::numDistinct",2048,0.05,25231
DenseMatrix,double,"AnalysisFlag::numDistinct",2048,0.05,26682
DenseMatrix,double,"AnalysisFlag::numDistinct",2048,0.05,26020
DenseMatrix,double,"AnalysisFlag::numDistinct",2048,0.05,26235
DenseMatrix,double,"AnalysisFlag::numDistinct",2048,0.05,25766
DenseMatrix,double,"AnalysisFlag::numDistinct",2048,0.05,26381
DenseMatrix,double,"AnalysisFlag::numDistinct",2048,0.05,26205
DenseMatrix,double,"AnalysisFlag::numDistinct",2048,0.05,26174
DenseMatrix,double,"AnalysisFlag::numDistinct",2048,0.05,26142
DenseMatrix,double,"AnalysisFlag::numDistinct",2048,0.05,26832
DenseMatrix,double,"AnalysisFlag::numDistinct",4096,0.05,34777
DenseMatrix,double,"AnalysisFlag::numDistinct",4096,0.05,35588
DenseMatrix,double,"AnalysisFlag::numDistinct",4096,0.05,34814
DenseMatrix,double,"AnalysisFlag::numDistinct",4096,0.05,35882
DenseMatrix,double,"AnalysisFlag::numDistinct",4096,0.05,35771
DenseMatrix,double,"AnalysisFlag::numDistinct",4096,0.05,35309
DenseMatrix,double,"AnalysisFlag::numDistinct",4096,0.05,34819
DenseMatrix,double,"AnalysisFlag::numDistinct",4096,0.05,35405
DenseMatrix,double,"AnalysisFlag::numDistinct",4096,0.05,36097
DenseMatrix,double,"AnalysisFlag::numDistinct",4096,0.05,35610
DenseMatrix,int64_t,"AnalysisFlag::numDistinct",1024,0.05,35007
DenseMatrix,int64_t,"AnalysisFlag::numDistinct",1024,0.05,35404
DenseMatrix,int64_t,"AnalysisFlag::numDistinct",1024,0.05,35292
DenseMatrix,int64_t,"AnalysisFlag::numDistinct",1024,0.05,35878
DenseMatrix,int64_t,"AnalysisFlag::numDistinct",1024,0.05,35428
DenseMatrix,int64_t,"AnalysisFlag::numDistinct",1024,0.05,35266
DenseMatrix,int64_t,"AnalysisFlag::numDistinct",1024,0.05,36339
DenseMatrix,int64_t,"AnalysisFlag::numDistinct",1024,0.05,35797
DenseMatrix,int64_t,"AnalysisFlag::numDistinct",1024,0.05,34581
DenseMatrix,int64_t,"AnalysisFlag::numDistinct",1024,0.05,36700
DenseMatrix,int64_t,"AnalysisFlag::numDistinct",2048,0.05,38490
DenseMatrix,int64_t,"AnalysisFlag::numDistinct",2048,0.05,39739
DenseMatrix,int64_t,"AnalysisFlag::numDistinct",2048,0.05,39610
DenseMatrix,int64_t,"AnalysisFlag::numDistinct",2048,0.05,39391
DenseMatrix,int64_t,"AnalysisFlag::numDistinct",2048,0.05,39010
DenseMatrix,int64_t,"AnalysisFlag::numDistinct",2048,0.05,39348
DenseMatrix,int64_t,"AnalysisFlag::numDistinct",2048,0.05,39453
DenseMatrix,int64_t,"AnalysisFlag::numDistinct",2048,0.05,39263
DenseMatrix,int64_t,"AnalysisFlag::numDistinct",2048,0.05,38864
DenseMatrix,int64_t,"AnalysisFlag::numDistinct",2048,0.05,39739
DenseMatrix,int64_t,"AnalysisFlag::numDistinct",4096,0.05,47049
DenseMatrix,int64_t,"AnalysisFlag::numDistinct",4096,0.05,46607
DenseMatrix,int64_t,"AnalysisFlag::numDistinct",4096,0.05,45971
DenseMatrix,int64_t,"AnalysisFlag::numDistinct",4096,0.05,46408
DenseMatrix,int64_t,"AnalysisFlag::numDistinct",4096,0.05,46561
DenseMatrix,int64_t,"AnalysisFlag::numDistinct",4096,0.05,45745
DenseMatrix,int64_t,"AnalysisFlag::numDistinct",4096,0.05,46406
DenseMatrix,int64_t,"AnalysisFlag::numDistinct",4096,0.05,46427
DenseMatrix,int64_t,"AnalysisFlag::numDistinct",4096,0.05,46964
DenseMatrix,int64_t,"AnalysisFlag::numDistinct",4096,0.05,46980
DenseMatrix,double,"AnalysisFlag::numDistinct",1024,0.1,22042
DenseMatrix,double,"AnalysisFlag::numDistinct",1024,0.1,22763
DenseMatrix,double,"AnalysisFlag::numDistinct",1024,0.1,22345
DenseMatrix,double,"AnalysisFlag::numDistinct",1024,0.1,22555
DenseMatrix,double,"AnalysisFlag::numDistinct",1024,0.1,22043
DenseMatrix,double,"AnalysisFlag::numDistinct",1024,0.1,22194
DenseMatrix,double,"AnalysisFlag::numDistinct",1024,0.1,22546
DenseMatrix,double,"AnalysisFlag::numDistinct",1024,0.1,22436
DenseMatrix,double,"AnalysisFlag::numDistinct",1024,0.1,21944
DenseMatrix,double,"AnalysisFlag::numDistinct",1024,0.1,22751
DenseMatrix,double,"AnalysisFlag::numDistinct",2048,0.1,27350
DenseMatrix,double,"AnalysisFlag::numDistinct",2048,0.1,27960
DenseMatrix,double,"AnalysisFlag::numDistinct",2048,0.1,27240
DenseMatrix,double,"AnalysisFlag::numDistinct",2048,0.1,28483
DenseMatrix,double,"AnalysisFlag::numDistinct",2048,0.1,28200
DenseMatrix,double,"AnalysisFlag::numDistinct",2048,0.1,28369
DenseMatrix,double,"AnalysisFlag::numDistinct",2048,0.1,28561
DenseMatrix,double,"AnalysisFlag::numDistinct",2048,0.1,27559
DenseMatrix,double,"AnalysisFlag::numDistinct",2048,0.1,28311
DenseMatrix,double,"AnalysisFlag::numDistinct",2048,0.1,27428
DenseMatrix,double,"AnalysisFlag::numDistinct",4096,0.1,35933
DenseMatrix,double,"AnalysisFlag::numDistinct",4096,0.1,35140
DenseMatrix,double,"AnalysisFlag::numDistinct",4096,0.1,35089
DenseMatrix,double,"AnalysisFlag::numDistinct",4096,0.1,36625
DenseMatrix,double,"AnalysisFlag::numDistinct",4096,0.1,36473
DenseMatrix,double,"AnalysisFlag::numDistinct",4096,0.1,35454
DenseMatrix,double,"AnalysisFlag::numDistinct",4096,0.1,36490
DenseMatrix,double,"AnalysisFlag::numDistinct",4096,0.1,35582
DenseMatrix,double,"AnalysisFlag::numDistinct",4096,0.1,35930
DenseMatrix,double,"AnalysisFlag::numDistinct",4096,0.1,35392
DenseMatrix,int64_t,"AnalysisFlag::numDistinct",1024,0.1,34967
DenseMatrix,int64_t,"AnalysisFlag::numDistinct",1024,0.1,36224
DenseMatrix,int64_t,"AnalysisFlag::numDistinct",1024,0.1,36038
DenseMatrix,int64_t,"AnalysisFlag::numDistinct",1024,0.1,35748
DenseMatrix,int64_t,"AnalysisFlag::numDistinct",1024,0.1,35580
DenseMatrix,int64_t,"AnalysisFlag::numDistinct",1024,0.1,35839
DenseMatrix,int64_t,"AnalysisFlag::numDistinct",1024,0.1,36362
DenseMatrix,int64_t,"AnalysisFlag::numDistinct",1024,0.1,36063
DenseMatrix,int64_t,"AnalysisFlag::numDistinct",1024,0.1,35649
DenseMatrix,int64_t,"AnalysisFlag::numDistinct",1024,0.1,35919
DenseMatrix,int64_t,"AnalysisFlag::numDistinct",2048,0.1,39392
DenseMatrix,int64_t,"AnalysisFlag::numDistinct",2048,0.1,39632
DenseMatrix,int64_t,"AnalysisFlag::numDistinct",2048,0.1,39070
DenseMatrix,int64_t,"AnalysisFlag::numDistinct",2048,0.1,39433
DenseMatrix,int64_t,"AnalysisFlag::numDistinct",2048,0.1,39101
DenseMatrix,int64_t,"AnalysisFlag::numDistinct",2048,0.1,38989
DenseMatrix,int64_t,"AnalysisFlag::numDistinct",2048,0.1,39423
DenseMatrix,int64_t,"AnalysisFlag::numDistinct",2048,0.1,38602
DenseMatrix,int64_t,"AnalysisFlag::numDistinct",2048,0.1,39630
DenseMatrix,int64_t,"AnalysisFlag::numDistinct",2048,0.1,39485
DenseMatrix,int64_t,"AnalysisFlag::numDistinct",4096,0.1,46454
DenseMatrix,int64_t,"AnalysisFlag::numDistinct",4096,0.1,45720
DenseMatrix,int64_t,"AnalysisFlag::numDistinct",4096,0.1,45373
DenseMatrix,int64_t,"AnalysisFlag::numDistinct",4096,0.1,45611
DenseMatrix,int64_t,"AnalysisFlag::numDistinct",4096,0.1,45990
DenseMatrix,int64_t,"AnalysisFlag::numDistinct",4096,0.1,45651
DenseMatrix,int64_t,"AnalysisFlag::numDistinct",4096,0.1,45681
DenseMatrix,int64_t,"AnalysisFlag::numDistinct",4096,0.1,45849
DenseMatrix,int64_t,"AnalysisFlag::numDistinct",4096,0.1,45563
DenseMatrix,int64_t,"AnalysisFlag::numDistinct",4096,0.1,45910
DenseMatrix,double,"AnalysisFlag::numDistinct",1024,0.2,23867
DenseMatrix,double,"AnalysisFlag::numDistinct",1024,0.2,23988
DenseMatrix,double,"AnalysisFlag::numDistinct",1024,0.2,24121
DenseMatrix,double,"AnalysisFlag::numDistinct",1024,0.2,25150
DenseMatrix,double,"AnalysisFlag::numDistinct",1024,0.2,24584
DenseMatrix,double,"AnalysisFlag::numDistinct",1024,0.2,24458
DenseMatrix,double,"AnalysisFlag::numDistinct",1024,0.2,26164
DenseMatrix,double,"AnalysisFlag::numDistinct",1024,0.2,24853
DenseMatrix,double,"AnalysisFlag::numDistinct",1024,0.2,24566
DenseMatrix,double,"AnalysisFlag::numDistinct",1024,0.2,24330
DenseMatrix,double,"AnalysisFlag::numDistinct",2048,0.2,27917
DenseMatrix,double,"AnalysisFlag::numDistinct",2048,0.2,28421
DenseMatrix,double,"AnalysisFlag::numDistinct",2048,0.2,28171
DenseMatrix,double,"AnalysisFlag::numDistinct",2048,0.2,29250
DenseMatrix,double,"AnalysisFlag::numDistinct",2048,0.2,28506
DenseMatrix,double,"AnalysisFlag::numDistinct",2048,0.2,29193
DenseMatrix,double,"AnalysisFlag::numDistinct",2048,0.2,29715
DenseMatrix,double,"AnalysisFlag::numDistinct",2048,0.2,28422
DenseMatrix,double,"AnalysisFlag::numDistinct",2048,0.2,29072
DenseMatrix,double,"AnalysisFlag::numDistinct",2048,0.2,28775
DenseMatrix,double,"AnalysisFlag::numDistinct",4096,0.2,35674
DenseMatrix,double,"AnalysisFlag::numDistinct",4096,0.2,36896
DenseMatrix,double,"AnalysisFlag::numDistinct",4096,0.2,35660
DenseMatrix,double,"AnalysisFlag::numDistinct",4096,0.2,36067
DenseMatrix,double,"AnalysisFlag::numDistinct",4096,0.2,35998
DenseMatrix,double,"AnalysisFlag::numDistinct",4096,0.2,36134
DenseMatrix,double,"AnalysisFlag::numDistinct",4096,0.2,36252
DenseMatrix,double,"AnalysisFlag::numDistinct",4096,0.2,35697
DenseMatrix,double,"AnalysisFlag::numDistinct",4096,0.2,37275
DenseMatrix,double,"AnalysisFlag::numDistinct",4096,0.2,36167
DenseMatrix,int64_t,"AnalysisFlag::numDistinct",1024,0.2,36406
DenseMatrix,int64_t,"AnalysisFlag::numDistinct",1024,0.2,36082
DenseMatrix,int64_t,"AnalysisFlag::numDistinct",1024,0.2,35800
DenseMatrix,int64_t,"AnalysisFlag::numDistinct",1024,0.2,36240
DenseMatrix,int64_t,"AnalysisFlag::numDistinct",1024,0.2,35811
DenseMatrix,int64_t,"AnalysisFlag::numDistinct",1024,0.2,37281
DenseMatrix,int64_t,"AnalysisFlag::numDistinct",1024,0.2,35907
DenseMatrix,int64_t,"AnalysisFlag::numDistinct",1024,0.2,35697
DenseMatrix,int64_t,"AnalysisFlag::numDistinct",1024,0.2,35829
DenseMatrix,int64_t,"AnalysisFlag::numDistinct",1024,0.2,35936
DenseMatrix,int64_t,"AnalysisFlag::numDistinct",2048,0.2,40137
DenseMatrix,int64_t,"AnalysisFlag::numDistinct",2048,0.2,38848
DenseMatrix,int64_t,"AnalysisFlag::numDistinct",2048,0.2,39001
DenseMatrix,int64_t,"AnalysisFlag::numDistinct",2048,0.2,38963
DenseMatrix,int64_t,"AnalysisFlag::numDistinct",2048,0.2,40500
DenseMatrix,int64_t,"AnalysisFlag::numDistinct",2048,0.2,38428
DenseMatrix,int64_t,"AnalysisFlag::numDistinct",2048,0.2,39066
DenseMatrix,int64_t,"AnalysisFlag::numDistinct",2048,0.2,38835
DenseMatrix,int64_t,"AnalysisFlag::numDistinct",2048,0.2,39020
DenseMatrix,int64_t,"AnalysisFlag::numDistinct",2048,0.2,38806
DenseMatrix,int64_t,"AnalysisFlag::numDistinct",4096,0.2,74597
DenseMatrix,int64_t,"AnalysisFlag::numDistinct",4096,0.2,44982
DenseMatrix,int64_t,"AnalysisFlag::numDistinct",4096,0.2,44331
DenseMatrix,int64_t,"AnalysisFlag::numDistinct",4096,0.2,45416
DenseMatrix,int64_t,"AnalysisFlag::numDistinct",4096,0.2,44393
DenseMatrix,int64_t,"AnalysisFlag::numDistinct",4096,0.2,46430
DenseMatrix,int64_t,"AnalysisFlag::numDistinct",4096,0.2,44881
DenseMatrix,int64_t,"AnalysisFlag::numDistinct",4096,0.2,44624
DenseMatrix,int64_t,"AnalysisFlag::numDistinct",4096,0.2,44932
DenseMatrix,int64_t,"AnalysisFlag::numDistinct",4096,0.2,44472
DenseMatrix,double,"AnalysisFlag::numDistinct",1024,0.25,24031
DenseMatrix,double,"AnalysisFlag::numDistinct",1024,0.25,25516
DenseMatrix,double,"AnalysisFlag::numDistinct",1024,0.25,24901
DenseMatrix,double,"AnalysisFlag::numDistinct",1024,0.25,25125
DenseMatrix,double,"AnalysisFlag::numDistinct",1024,0.25,24497
DenseMatrix,double,"AnalysisFlag::numDistinct",1024,0.25,24891
DenseMatrix,double,"AnalysisFlag::numDistinct",1024,0.25,25049
DenseMatrix,double,"AnalysisFlag::numDistinct",1024,0.25,25156
DenseMatrix,double,"AnalysisFlag::numDistinct",1024,0.25,24895
DenseMatrix,double,"AnalysisFlag::numDistinct",1024,0.25,25231
DenseMatrix,double,"AnalysisFlag::numDistinct",2048,0.25,28089
DenseMatrix,double,"AnalysisFlag::numDistinct",2048,0.25,29167
DenseMatrix,double,"AnalysisFlag::numDistinct",2048,0.25,28419
DenseMatrix,double,"AnalysisFlag::numDistinct",2048,0.25,29827
DenseMatrix,double,"AnalysisFlag::numDistinct",2048,0.25,29698
DenseMatrix,double,"AnalysisFlag::numDistinct",2048,0.25,29976
DenseMatrix,double,"AnalysisFlag::numDistinct",2048,0.25,29227
DenseMatrix,double,"AnalysisFlag::numDistinct",2048,0.25,30068
DenseMatrix,double,"AnalysisFlag::numDistinct",2048,0.25,36333
DenseMatrix,double,"AnalysisFlag::numDistinct",2048,0.25,28833
DenseMatrix,double,"AnalysisFlag::numDistinct",4096,0.25,46924
DenseMatrix,double,"AnalysisFlag::numDistinct",4096,0.25,36640
DenseMatrix,double,"AnalysisFlag::numDistinct",4096,0.25,36942
DenseMatrix,double,"AnalysisFlag::numDistinct",4096,0.25,39450
DenseMatrix,double,"AnalysisFlag::numDistinct",4096,0.25,39225
DenseMatrix,double,"AnalysisFlag::numDistinct",4096,0.25,39880
DenseMatrix,double,"AnalysisFlag::numDistinct",4096,0.25,39531
DenseMatrix,double,"AnalysisFlag::numDistinct",4096,0.25,37280
DenseMatrix,double,"AnalysisFlag::numDistinct",4096,0.25,38058
DenseMatrix,double,"AnalysisFlag::numDistinct",4096,0.25,37169
DenseMatrix,int64_t,"AnalysisFlag::numDistinct",1024,0.25,36623
DenseMatrix,int64_t,"AnalysisFlag::numDistinct",1024,0.25,35993
DenseMatrix,int64_t,"AnalysisFlag::numDistinct",1024,0.25,35635
DenseMatrix,int64_t,"AnalysisFlag::numDistinct",1024,0.25,35850
DenseMatrix,int64_t,"AnalysisFlag::numDistinct",1024,0.25,35578
DenseMatrix,int64_t,"AnalysisFlag::numDistinct",1024,0.25,35392
DenseMatrix,int64_t,"AnalysisFlag::numDistinct",1024,0.25,35815
DenseMatrix,int64_t,"AnalysisFlag::numDistinct",1024,0.25,35575
DenseMatrix,int64_t,"AnalysisFlag::numDistinct",1024,0.25,35781
DenseMatrix,int64_t,"AnalysisFlag::numDistinct",1024,0.25,37597
DenseMatrix,int64_t,"AnalysisFlag::numDistinct",2048,0.25,39831
DenseMatrix,int64_t,"AnalysisFlag::numDistinct",2048,0.25,38640
DenseMatrix,int64_t,"AnalysisFlag::numDistinct",2048,0.25,38371
DenseMatrix,int64_t,"AnalysisFlag::numDistinct",2048,0.25,38683
DenseMatrix,int64_t,"AnalysisFlag::numDistinct",2048,0.25,38494
DenseMatrix,int64_t,"AnalysisFlag::numDistinct",2048,0.25,38240
DenseMatrix,int64_t,"AnalysisFlag::numDistinct",2048,0.25,38748
DenseMatrix,int64_t,"AnalysisFlag::numDistinct",2048,0.25,38690
DenseMatrix,int64_t,"AnalysisFlag::numDistinct",2048,0.25,42050
DenseMatrix,int64_t,"AnalysisFlag::numDistinct",2048,0.25,38519
DenseMatrix,int64_t,"AnalysisFlag::numDistinct",4096,0.25,46957
DenseMatrix,int64_t,"AnalysisFlag::numDistinct",4096,0.25,43833
DenseMatrix,int64_t,"AnalysisFlag::numDistinct",4096,0.25,43863
DenseMatrix,int64_t,"AnalysisFlag::numDistinct",4096,0.25,44048
DenseMatrix,int64_t,"AnalysisFlag::numDistinct",4096,0.25,44454
DenseMatrix,int64_t,"AnalysisFlag::numDistinct",4096,0.25,44198
DenseMatrix,int64_t,"AnalysisFlag::numDistinct",4096,0.25,49698
DenseMatrix,int64_t,"AnalysisFlag::numDistinct",4096,0.25,44016
DenseMatrix,int64_t,"AnalysisFlag::numDistinct",4096,0.25,43948
DenseMatrix,int64_t,"AnalysisFlag::numDistinct",4096,0.25,43981
DenseMatrix,double,"AnalysisFlag::numDistinct",1024,1,30471
DenseMatrix,double,"AnalysisFlag::numDistinct",1024,1,35376
DenseMatrix,double,"AnalysisFlag::numDistinct",1024,1,35398
DenseMatrix,double,"AnalysisFlag::numDistinct",1024,1,34499
DenseMatrix,double,"AnalysisFlag::numDistinct",1024,1,35153
DenseMatrix,double,"AnalysisFlag::numDistinct",1024,1,34431
DenseMatrix,double,"AnalysisFlag::numDistinct",1024,1,36529
DenseMatrix,double,"AnalysisFlag::numDistinct",1024,1,34805
DenseMatrix,double,"AnalysisFlag::numDistinct",1024,1,34542
DenseMatrix,double,"AnalysisFlag::numDistinct",1024,1,34410
DenseMatrix,double,"AnalysisFlag::numDistinct",2048,1,27487
DenseMatrix,double,"AnalysisFlag::numDistinct",2048,1,46998
DenseMatrix,double,"AnalysisFlag::numDistinct",2048,1,47155
DenseMatrix,double,"AnalysisFlag::numDistinct",2048,1,49227
DenseMatrix,double,"AnalysisFlag::numDistinct",2048,1,46893
DenseMatrix,double,"AnalysisFlag::numDistinct",2048,1,47226
DenseMatrix,double,"AnalysisFlag::numDistinct",2048,1,47698
DenseMatrix,double,"AnalysisFlag::numDistinct",2048,1,46954
DenseMatrix,double,"AnalysisFlag::numDistinct",2048,1,47392
DenseMatrix,double,"AnalysisFlag::numDistinct",2048,1,47788
DenseMatrix,double,"AnalysisFlag::numDistinct",4096,1,35546
DenseMatrix,double,"AnalysisFlag::numDistinct",4096,1,73818
DenseMatrix,double,"AnalysisFlag::numDistinct",4096,1,71799
DenseMatrix,double,"AnalysisFlag::numDistinct",4096,1,87249
DenseMatrix,double,"AnalysisFlag::numDistinct",4096,1,84382
DenseMatrix,double,"AnalysisFlag::numDistinct",4096,1,72461
DenseMatrix,double,"AnalysisFlag::numDistinct",4096,1,72105
DenseMatrix,double,"AnalysisFlag::numDistinct",4096,1,81335
DenseMatrix,double,"AnalysisFlag::numDistinct",4096,1,73174
DenseMatrix,double,"AnalysisFlag::numDistinct",4096,1,69937
DenseMatrix,int64_t,"AnalysisFlag::numDistinct",1024,1,45552
DenseMatrix,int64_t,"AnalysisFlag::numDistinct",1024,1,35271
DenseMatrix,int64_t,"AnalysisFlag::numDistinct",1024,1,35551
DenseMatrix,int64_t,"AnalysisFlag::numDistinct",1024,1,35357
DenseMatrix,int64_t,"AnalysisFlag::numDistinct",1024,1,35282
DenseMatrix,int64_t,"AnalysisFlag::numDistinct",1024,1,35355
DenseMatrix,int64_t,"AnalysisFlag::numDistinct",1024,1,35294
DenseMatrix,int64_t,"AnalysisFlag::numDistinct",1024,1,35536
DenseMatrix,int64_t,"AnalysisFlag::numDistinct",1024,1,35431
DenseMatrix,int64_t,"AnalysisFlag::numDistinct",1024,1,35472
DenseMatrix,int64_t,"AnalysisFlag::numDistinct",2048,1,52019
DenseMatrix,int64_t,"AnalysisFlag::numDistinct",2048,1,37186
DenseMatrix,int64_t,"AnalysisFlag::numDistinct",2048,1,37253
DenseMatrix,int64_t,"AnalysisFlag::numDistinct",2048,1,37659
DenseMatrix,int64_t,"AnalysisFlag::numDistinct",2048,1,38945
DenseMatrix,int64_t,"AnalysisFlag::numDistinct",2048,1,37454
DenseMatrix,int64_t,"AnalysisFlag::numDistinct",2048,1,37629
DenseMatrix,int64_t,"AnalysisFlag::numDistinct",2048,1,37516
DenseMatrix,int64_t,"AnalysisFlag::numDistinct",2048,1,37660
DenseMatrix,int64_t,"AnalysisFlag::numDistinct",2048,1,37720
DenseMatrix,int64_t,"AnalysisFlag::numDistinct",4096,1,52684
DenseMatrix,int64_t,"AnalysisFlag::numDistinct",4096,1,41776
DenseMatrix,int64_t,"AnalysisFlag::numDistinct",4096,1,41915
DenseMatrix,int64_t,"AnalysisFlag::numDistinct",4096,1,42089
DenseMatrix,int64_t,"AnalysisFlag::numDistinct",4096,1,43481
DenseMatrix,int64_t,"AnalysisFlag::numDistinct",4096,1,41643
DenseMatrix,int64_t,"AnalysisFlag::numDistinct",4096,1,43443
DenseMatrix,int64_t,"AnalysisFlag::numDistinct",4096,1,42573
DenseMatrix,int64_t,"AnalysisFlag::numDistinct",4096,1,42172
DenseMatrix,int64_t,"AnalysisFlag::numDistinct",4096,1,41552
CSRMatrix,double,"AnalysisFlag::numDistinct",1024,0.001,12635
CSRMatrix,double,"AnalysisFlag::numDistinct",1024,0.001,12298
CSRMatrix,double,"AnalysisFlag::numDistinct",1024,0.001,11607
CSRMatrix,double,"AnalysisFlag::numDistinct",1024,0.001,10759
CSRMatrix,double,"AnalysisFlag::numDistinct",1024,0.001,11572
CSRMatrix,double,"AnalysisFlag::numDistinct",1024,0.001,11651
CSRMatrix,double,"AnalysisFlag::numDistinct",1024,0.001,12220
CSRMatrix,double,"AnalysisFlag::numDistinct",1024,0.001,11903
CSRMatrix,double,"AnalysisFlag::numDistinct",1024,0.001,12203
CSRMatrix,double,"AnalysisFlag::numDistinct",1024,0.001,11051
CSRMatrix,double,"AnalysisFlag::numDistinct",2048,0.001,20284
CSRMatrix,double,"AnalysisFlag::numDistinct",2048,0.001,25152
CSRMatrix,double,"AnalysisFlag::numDistinct",2048,0.001,25326
CSRMatrix,double,"AnalysisFlag::numDistinct",2048,0.001,24759
CSRMatrix,double,"AnalysisFlag::numDistinct",2048,0.001,24799
CSRMatrix,double,"AnalysisFlag::numDistinct",2048,0.001,25140
CSRMatrix,double,"AnalysisFlag::numDistinct",2048,0.001,25529
CSRMatrix,double,"AnalysisFlag::numDistinct",2048,0.001,25410
CSRMatrix,double,"AnalysisFlag::numDistinct",2048,0.001,25608
CSRMatrix,double,"AnalysisFlag::numDistinct",2048,0.001,25239
CSRMatrix,double,"AnalysisFlag::numDistinct",4096,0.001,40457
CSRMatrix,double,"AnalysisFlag::numDistinct",4096,0.001,54157
CSRMatrix,double,"AnalysisFlag::numDistinct",4096,0.001,55343
CSRMatrix,double,"AnalysisFlag::numDistinct",4096,0.001,54522
CSRMatrix,double,"AnalysisFlag::numDistinct",4096,0.001,55078
CSRMatrix,double,"AnalysisFlag::numDistinct",4096,0.001,50746
CSRMatrix,double,"AnalysisFlag::numDistinct",4096,0.001,54724
CSRMatrix,double,"AnalysisFlag::numDistinct",4096,0.001,54048
CSRMatrix,double,"AnalysisFlag::numDistinct",4096,0.001,54206
CSRMatrix,double,"AnalysisFlag::numDistinct",4096,0.001,47247
CSRMatrix,int64_t,"AnalysisFlag::numDistinct",1024,0.001,10933
CSRMatrix,int64_t,"AnalysisFlag::numDistinct",1024,0.001,12963
CSRMatrix,int64_t,"AnalysisFlag::numDistinct",1024,0.001,12771
CSRMatrix,int64_t,"AnalysisFlag::numDistinct",1024,0.001,12072
CSRMatrix,int64_t,"AnalysisFlag::numDistinct",1024,0.001,11973
CSRMatrix,int64_t,"AnalysisFlag::numDistinct",1024,0.001,12786
CSRMatrix,int64_t,"AnalysisFlag::numDistinct",1024,0.001,13486
CSRMatrix,int64_t,"AnalysisFlag::numDistinct",1024,0.001,13523
CSRMatrix,int64_t,"AnalysisFlag::numDistinct",1024,0.001,13016
CSRMatrix,int64_t,"AnalysisFlag::numDistinct",1024,0.001,11593
CSRMatrix,int64_t,"AnalysisFlag::numDistinct",2048,0.001,21312
CSRMatrix,int64_t,"AnalysisFlag::numDistinct",2048,0.001,28006
CSRMatrix,int64_t,"AnalysisFlag::numDistinct",2048,0.001,25452
CSRMatrix,int64_t,"AnalysisFlag::numDistinct",2048,0.001,24848
CSRMatrix,int64_t,"AnalysisFlag::numDistinct",2048,0.001,24878
CSRMatrix,int64_t,"AnalysisFlag::numDistinct",2048,0.001,25920
CSRMatrix,int64_t,"AnalysisFlag::numDistinct",2048,0.001,24594
CSRMatrix,int64_t,"AnalysisFlag::numDistinct",2048,0.001,25981
CSRMatrix,int64_t,"AnalysisFlag::numDistinct",2048,0.001,25354
CSRMatrix,int64_t,"AnalysisFlag::numDistinct",2048,0.001,25445
CSRMatrix,int64_t,"AnalysisFlag::numDistinct",4096,0.001,39691
CSRMatrix,int64_t,"AnalysisFlag::numDistinct",4096,0.001,53415
CSRMatrix,int64_t,"AnalysisFlag::numDistinct",4096,0.001,52548
CSRMatrix,int64_t,"AnalysisFlag::numDistinct",4096,0.001,51323
CSRMatrix,int64_t,"AnalysisFlag::numDistinct",4096,0.001,53924
CSRMatrix,int64_t,"AnalysisFlag::numDistinct",4096,0.001,47926
CSRMatrix,int64_t,"AnalysisFlag::numDistinct",4096,0.001,54847
CSRMatrix,int64_t,"AnalysisFlag::numDistinct",4096,0.001,53149
CSRMatrix,int64_t,"AnalysisFlag::numDistinct",4096,0.001,52728
CSRMatrix,int64_t,"AnalysisFlag::numDistinct",4096,0.001,45776
CSRMatrix,double,"AnalysisFlag::numDistinct",1024,0.01,12095
CSRMatrix,double,"AnalysisFlag::numDistinct",1024,0.01,16896
CSRMatrix,double,"AnalysisFlag::numDistinct",1024,0.01,17274
CSRMatrix,double,"AnalysisFlag::numDistinct",1024,0.01,16269
CSRMatrix,double,"AnalysisFlag::numDistinct",1024,0.01,17106
CSRMatrix,double,"AnalysisFlag::numDistinct",1024,0.01,17097
CSRMatrix,double,"AnalysisFlag::numDistinct",1024,0.01,16790
CSRMatrix,double,"AnalysisFlag::numDistinct",1024,0.01,16565
CSRMatrix,double,"AnalysisFlag::numDistinct",1024,0.01,16996
CSRMatrix,double,"AnalysisFlag::numDistinct",1024,0.01,16643
CSRMatrix,double,"AnalysisFlag::numDistinct",2048,0.01,22348
CSRMatrix,double,"AnalysisFlag::numDistinct",2048,0.01,35171
CSRMatrix,double,"AnalysisFlag::numDistinct",2048,0.01,35399
CSRMatrix,double,"AnalysisFlag::numDistinct",2048,0.01,34065
CSRMatrix,double,"AnalysisFlag::numDistinct",2048,0.01,34549
CSRMatrix,double,"AnalysisFlag::numDistinct",2048,0.01,35141
CSRMatrix,double,"AnalysisFlag::numDistinct",2048,0.01,35198
CSRMatrix,double,"AnalysisFlag::numDistinct",2048,0.01,34102
CSRMatrix,double,"AnalysisFlag::numDistinct",2048,0.01,35243
CSRMatrix,double,"AnalysisFlag::numDistinct",2048,0.01,34507
CSRMatrix,double,"AnalysisFlag::numDistinct",4096,0.01,43430
CSRMatrix,double,"AnalysisFlag::numDistinct",4096,0.01,73918
CSRMatrix,double,"AnalysisFlag::numDistinct",4096,0.01,73712
CSRMatrix,double,"AnalysisFlag::numDistinct",4096,0.01,73806
CSRMatrix,double,"AnalysisFlag::numDistinct",4096,0.01,73374
CSRMatrix,double,"AnalysisFlag::numDistinct",4096,0.01,74418
CSRMatrix,double,"AnalysisFlag::numDistinct",4096,0.01,74632
CSRMatrix,double,"AnalysisFlag::numDistinct",4096,0.01,71801
CSRMatrix,double,"AnalysisFlag::numDistinct",4096,0.01,73207
CSRMatrix,double,"AnalysisFlag::numDistinct",4096,0.01,75080
CSRMatrix,int64_t,"AnalysisFlag::numDistinct",1024,0.01,11404
CSRMatrix,int64_t,"AnalysisFlag::numDistinct",1024,0.01,16896
CSRMatrix,int64_t,"AnalysisFlag::numDistinct",1024,0.01,16528
CSRMatrix,int64_t,"AnalysisFlag::numDistinct",1024,0.01,15868
CSRMatrix,int64_t,"AnalysisFlag::numDistinct",1024,0.01,15943
CSRMatrix,int64_t,"AnalysisFlag::numDistinct",1024,0.01,16340
CSRMatrix,int64_t,"AnalysisFlag::numDistinct",1024,0.01,16377
CSRMatrix,int64_t,"AnalysisFlag::numDistinct",1024,0.01,16441
CSRMatrix,int64_t,"AnalysisFlag::numDistinct",1024,0.01,16283
CSRMatrix,int64_t,"AnalysisFlag::numDistinct",1024,0.01,16430
CSRMatrix,int64_t,"AnalysisFlag::numDistinct",2048,0.01,21923
CSRMatrix,int64_t,"AnalysisFlag::numDistinct",2048,0.01,34102
CSRMatrix,int64_t,"AnalysisFlag::numDistinct",2048,0.01,34438
CSRMatrix,int64_t,"AnalysisFlag::numDistinct",2048,0.01,32645
CSRMatrix,int64_t,"AnalysisFlag::numDistinct",2048,0.01,32825
CSRMatrix,int64_t,"AnalysisFlag::numDistinct",2048,0.01,33998
CSRMatrix,int64_t,"AnalysisFlag::numDistinct",2048,0.01,33661
CSRMatrix,int64_t,"AnalysisFlag::numDistinct",2048,0.01,32535
CSRMatrix,int64_t,"AnalysisFlag::numDistinct",2048,0.01,33673
CSRMatrix,int64_t,"AnalysisFlag::numDistinct",2048,0.01,33211
CSRMatrix,int64_t,"AnalysisFlag::numDistinct",4096,0.01,43066
CSRMatrix,int64_t,"AnalysisFlag::numDistinct",4096,0.01,72379
CSRMatrix,int64_t,"AnalysisFlag::numDistinct",4096,0.01,71324
CSRMatrix,int64_t,"AnalysisFlag::numDistinct",4096,0.01,72391
CSRMatrix,int64_t,"AnalysisFlag::numDistinct",4096,0.01,71658
CSRMatrix,int64_t,"AnalysisFlag::numDistinct",4096,0.01,71467
CSRMatrix,int64_t,"AnalysisFlag::numDistinct",4096,0.01,73061
CSRMatrix,int64_t,"AnalysisFlag::numDistinct",4096,0.01,68217
CSRMatrix,int64_t,"AnalysisFlag::numDistinct",4096,0.01,70263
CSRMatrix,int64_t,"AnalysisFlag::numDistinct",4096,0.01,72252
CSRMatrix,double,"AnalysisFlag::numDistinct",1024,0.05,13923
CSRMatrix,double,"AnalysisFlag::numDistinct",1024,0.05,24718
CSRMatrix,double,"AnalysisFlag::numDistinct",1024,0.05,25072
CSRMatrix,double,"AnalysisFlag::numDistinct",1024,0.05,25362
CSRMatrix,double,"AnalysisFlag::numDistinct",1024,0.05,24957
CSRMatrix,double,"AnalysisFlag::numDistinct",1024,0.05,25764
CSRMatrix,double,"AnalysisFlag::numDistinct",1024,0.05,25178
CSRMatrix,double,"AnalysisFlag::numDistinct",1024,0.05,24614
CSRMatrix,double,"AnalysisFlag::numDistinct",1024,0.05,24728
CSRMatrix,double,"AnalysisFlag::numDistinct",1024,0.05,25823
CSRMatrix,double,"AnalysisFlag::numDistinct",2048,0.05,26032
CSRMatrix,double,"AnalysisFlag::numDistinct",2048,0.05,51993
CSRMatrix,double,"AnalysisFlag::numDistinct",2048,0.05,51108
CSRMatrix,double,"AnalysisFlag::numDistinct",2048,0.05,50419
CSRMatrix,double,"AnalysisFlag::numDistinct",2048,0.05,50107
CSRMatrix,double,"AnalysisFlag::numDistinct",2048,0.05,52862
CSRMatrix,double,"AnalysisFlag::numDistinct",2048,0.05,50982
CSRMatrix,double,"AnalysisFlag::numDistinct",2048,0.05,48410
CSRMatrix,double,"AnalysisFlag::numDistinct",2048,0.05,50022
CSRMatrix,double,"AnalysisFlag::numDistinct",2048,0.05,50337
CSRMatrix,double,"AnalysisFlag::numDistinct",4096,0.05,48986
CSRMatrix,double,"AnalysisFlag::numDistinct",4096,0.05,101688
CSRMatrix,double,"AnalysisFlag::numDistinct",4096,0.05,102548
CSRMatrix,double,"AnalysisFlag::numDistinct",4096,0.05,101994
CSRMatrix,double,"AnalysisFlag::numDistinct",4096,0.05,99960
CSRMatrix,double,"AnalysisFlag::numDistinct",4096,0.05,102138
CSRMatrix,double,"AnalysisFlag::numDistinct",4096,0.05,100778
CSRMatrix,double,"AnalysisFlag::numDistinct",4096,0.05,101002
CSRMatrix,double,"AnalysisFlag::numDistinct",4096,0.05,102744
CSRMatrix,double,"AnalysisFlag::numDistinct",4096,0.05,100735
CSRMatrix,int64_t,"AnalysisFlag::numDistinct",1024,0.05,13473
CSRMatrix,int64_t,"AnalysisFlag::numDistinct",1024,0.05,25337
CSRMatrix,int64_t,"AnalysisFlag::numDistinct",1024,0.05,25872
CSRMatrix,int64_t,"AnalysisFlag::numDistinct",1024,0.05,25712
CSRMatrix,int64_t,"AnalysisFlag::numDistinct",1024,0.05,24730
CSRMatrix,int64_t,"AnalysisFlag::numDistinct",1024,0.05,25481
CSRMatrix,int64_t,"AnalysisFlag::numDistinct",1024,0.05,24918
CSRMatrix,int64_t,"AnalysisFlag::numDistinct",1024,0.05,24116
CSRMatrix,int64_t,"AnalysisFlag::numDistinct",1024,0.05,24014
CSRMatrix,int64_t,"AnalysisFlag::numDistinct",1024,0.05,24647
CSRMatrix,int64_t,"AnalysisFlag::numDistinct",2048,0.05,25202
CSRMatrix,int64_t,"AnalysisFlag::numDistinct",2048,0.05,51381
CSRMatrix,int64_t,"AnalysisFlag::numDistinct",2048,0.05,50470
CSRMatrix,int64_t,"AnalysisFlag::numDistinct",2048,0.05,49930
CSRMatrix,int64_t,"AnalysisFlag::numDistinct",2048,0.05,49580
CSRMatrix,int64_t,"AnalysisFlag::numDistinct",2048,0.05,50343
CSRMatrix,int64_t,"AnalysisFlag::numDistinct",2048,0.05,51036
CSRMatrix,int64_t,"AnalysisFlag::numDistinct",2048,0.05,49080
CSRMatrix,int64_t,"AnalysisFlag::numDistinct",2048,0.05,49409
CSRMatrix,int64_t,"AnalysisFlag::numDistinct",2048,0.05,49919
CSRMatrix,int64_t,"AnalysisFlag::numDistinct",4096,0.05,46610
CSRMatrix,int64_t,"AnalysisFlag::numDistinct",4096,0.05,97688
CSRMatrix,int64_t,"AnalysisFlag::numDistinct",4096,0.05,96614
CSRMatrix,int64_t,"AnalysisFlag::numDistinct",4096,0.05,97253
CSRMatrix,int64_t,"AnalysisFlag::numDistinct",4096,0.05,95691
CSRMatrix,int64_t,"AnalysisFlag::numDistinct",4096,0.05,97294
CSRMatrix,int64_t,"AnalysisFlag::numDistinct",4096,0.05,96139
CSRMatrix,int64_t,"AnalysisFlag::numDistinct",4096,0.05,95420
CSRMatrix,int64_t,"AnalysisFlag::numDistinct",4096,0.05,95145
CSRMatrix,int64_t,"AnalysisFlag::numDistinct",4096,0.05,95507
CSRMatrix,double,"AnalysisFlag::numDistinct",1024,0.1,15229
CSRMatrix,double,"AnalysisFlag::numDistinct",1024,0.1,33678
CSRMatrix,double,"AnalysisFlag::numDistinct",1024,0.1,33426
CSRMatrix,double,"AnalysisFlag::numDistinct",1024,0.1,33183
CSRMatrix,double,"AnalysisFlag::numDistinct",1024,0.1,32802
CSRMatrix,double,"AnalysisFlag::numDistinct",1024,0.1,32984
CSRMatrix,double,"AnalysisFlag::numDistinct",1024,0.1,32238
CSRMatrix,double,"AnalysisFlag::numDistinct",1024,0.1,31281
CSRMatrix,double,"AnalysisFlag::numDistinct",1024,0.1,31505
CSRMatrix,double,"AnalysisFlag::numDistinct",1024,0.1,32728
CSRMatrix,double,"AnalysisFlag::numDistinct",2048,0.1,27829
CSRMatrix,double,"AnalysisFlag::numDistinct",2048,0.1,67464
CSRMatrix,double,"AnalysisFlag::numDistinct",2048,0.1,63246
CSRMatrix,double,"AnalysisFlag::numDistinct",2048,0.1,64955
CSRMatrix,double,"AnalysisFlag::numDistinct",2048,0.1,63949
CSRMatrix,double,"AnalysisFlag::numDistinct",2048,0.1,63770
CSRMatrix,double,"AnalysisFlag::numDistinct",2048,0.1,63580
CSRMatrix,double,"AnalysisFlag::numDistinct",2048,0.1,63789
CSRMatrix,double,"AnalysisFlag::numDistinct",2048,0.1,63097
CSRMatrix,double,"AnalysisFlag::numDistinct",2048,0.1,62211
CSRMatrix,double,"AnalysisFlag::numDistinct",4096,0.1,48742
CSRMatrix,double,"AnalysisFlag::numDistinct",4096,0.1,117966
CSRMatrix,double,"AnalysisFlag::numDistinct",4096,0.1,116253
CSRMatrix,double,"AnalysisFlag::numDistinct",4096,0.1,118592
CSRMatrix,double,"AnalysisFlag::numDistinct",4096,0.1,119115
CSRMatrix,double,"AnalysisFlag::numDistinct",4096,0.1,116153
CSRMatrix,double,"AnalysisFlag::numDistinct",4096,0.1,116618
CSRMatrix,double,"AnalysisFlag::numDistinct",4096,0.1,116271
CSRMatrix,double,"AnalysisFlag::numDistinct",4096,0.1,117745
CSRMatrix,double,"AnalysisFlag::numDistinct",4096,0.1,117027
CSRMatrix,int64_t,"AnalysisFlag::numDistinct",1024,0.1,15519
CSRMatrix,int64_t,"AnalysisFlag::numDistinct",1024,0.1,34036
CSRMatrix,int64_t,"AnalysisFlag::numDistinct",1024,0.1,33371
CSRMatrix,int64_t,"AnalysisFlag::numDistinct",1024,0.1,32498
CSRMatrix,int64_t,"AnalysisFlag::numDistinct",1024,0.1,32491
CSRMatrix,int64_t,"AnalysisFlag::numDistinct",1024,0.1,33121
CSRMatrix,int64_t,"AnalysisFlag::numDistinct",1024,0.1,32247
CSRMatrix,int64_t,"AnalysisFlag::numDistinct",1024,0.1,31764
CSRMatrix,int64_t,"AnalysisFlag::numDistinct",1024,0.1,32280
CSRMatrix,int64_t,"AnalysisFlag::numDistinct",1024,0.1,32704
CSRMatrix,int64_t,"AnalysisFlag::numDistinct",2048,0.1,26742
CSRMatrix,int64_t,"AnalysisFlag::numDistinct",2048,0.1,65074
CSRMatrix,int64_t,"AnalysisFlag::numDistinct",2048,0.1,60802
CSRMatrix,int64_t,"AnalysisFlag::numDistinct",2048,0.1,64328
CSRMatrix,int64_t,"AnalysisFlag::numDistinct",2048,0.1,61091
CSRMatrix,int64_t,"AnalysisFlag::numDistinct",2048,0.1,60468
CSRMatrix,int64_t,"AnalysisFlag::numDistinct",2048,0.1,60101
CSRMatrix,int64_t,"AnalysisFlag::numDistinct",2048,0.1,59785
CSRMatrix,int64_t,"AnalysisFlag::numDistinct",2048,0.1,60306
CSRMatrix,int64_t,"AnalysisFlag::numDistinct",2048,0.1,59052
CSRMatrix,int64_t,"AnalysisFlag::numDistinct",4096,0.1,47746
CSRMatrix,int64_t,"AnalysisFlag::numDistinct",4096,0.1,111783
CSRMatrix,int64_t,"AnalysisFlag::numDistinct",4096,0.1,110308
CSRMatrix,int64_t,"AnalysisFlag::numDistinct",4096,0.1,110679
CSRMatrix,int64_t,"AnalysisFlag::numDistinct",4096,0.1,113235
CSRMatrix,int64_t,"AnalysisFlag::numDistinct",4096,0.1,110686
CSRMatrix,int64_t,"AnalysisFlag::numDistinct",4096,0.1,110565
CSRMatrix,int64_t,"AnalysisFlag::numDistinct",4096,0.1,110290
CSRMatrix,int64_t,"AnalysisFlag::numDistinct",4096,0.1,109116
CSRMatrix,int64_t,"AnalysisFlag::numDistinct",4096,0.1,108934
CSRMatrix,double,"AnalysisFlag::numDistinct",1024,0.2,18545
CSRMatrix,double,"AnalysisFlag::numDistinct",1024,0.2,50310
CSRMatrix,double,"AnalysisFlag::numDistinct",1024,0.2,46784
CSRMatrix,double,"AnalysisFlag::numDistinct",1024,0.2,47016
CSRMatrix,double,"AnalysisFlag::numDistinct",1024,0.2,46457
CSRMatrix,double,"AnalysisFlag::numDistinct",1024,0.2,45995
CSRMatrix,double,"AnalysisFlag::numDistinct",1024,0.2,45855
CSRMatrix,double,"AnalysisFlag::numDistinct",1024,0.2,45062
CSRMatrix,double,"AnalysisFlag::numDistinct",1024,0.2,45024
CSRMatrix,double,"AnalysisFlag::numDistinct",1024,0.2,44242
CSRMatrix,double,"AnalysisFlag::numDistinct",2048,0.2,29601
CSRMatrix,double,"AnalysisFlag::numDistinct",2048,0.2,83488
CSRMatrix,double,"AnalysisFlag::numDistinct",2048,0.2,81090
CSRMatrix,double,"AnalysisFlag::numDistinct",2048,0.2,80214
CSRMatrix,double,"AnalysisFlag::numDistinct",2048,0.2,81922
CSRMatrix,double,"AnalysisFlag::numDistinct",2048,0.2,80068
CSRMatrix,double,"AnalysisFlag::numDistinct",2048,0.2,80538
CSRMatrix,double,"AnalysisFlag::numDistinct",2048,0.2,78577
CSRMatrix,double,"AnalysisFlag::numDistinct",2048,0.2,78888
CSRMatrix,double,"AnalysisFlag::numDistinct",2048,0.2,81674
CSRMatrix,double,"AnalysisFlag::numDistinct",4096,0.2,50738
CSRMatrix,double,"AnalysisFlag::numDistinct",4096,0.2,147871
CSRMatrix,double,"AnalysisFlag::numDistinct",4096,0.2,144397
CSRMatrix,double,"AnalysisFlag::numDistinct",4096,0.2,142594
CSRMatrix,double,"AnalysisFlag::numDistinct",4096,0.2,143211
CSRMatrix,double,"AnalysisFlag::numDistinct",4096,0.2,143693
CSRMatrix,double,"AnalysisFlag::numDistinct",4096,0.2,144455
CSRMatrix,double,"AnalysisFlag::numDistinct",4096,0.2,142427
CSRMatrix,double,"AnalysisFlag::numDistinct",4096,0.2,145766
CSRMatrix,double,"AnalysisFlag::numDistinct",4096,0.2,144988
CSRMatrix,int64_t,"AnalysisFlag::numDistinct",1024,0.2,17086
CSRMatrix,int64_t,"AnalysisFlag::numDistinct",1024,0.2,46069
CSRMatrix,int64_t,"AnalysisFlag::numDistinct",1024,0.2,43643
CSRMatrix,int64_t,"AnalysisFlag::numDistinct",1024,0.2,44133
CSRMatrix,int64_t,"AnalysisFlag::numDistinct",1024,0.2,43987
CSRMatrix,int64_t,"AnalysisFlag::numDistinct",1024,0.2,44456
CSRMatrix,int64_t,"AnalysisFlag::numDistinct",1024,0.2,43623
CSRMatrix,int64_t,"AnalysisFlag::numDistinct",1024,0.2,43026
CSRMatrix,int64_t,"AnalysisFlag::numDistinct",1024,0.2,42827
CSRMatrix,int64_t,"AnalysisFlag::numDistinct",1024,0.2,42063
CSRMatrix,int64_t,"AnalysisFlag::numDistinct",2048,0.2,28815
CSRMatrix,int64_t,"AnalysisFlag::numDistinct",2048,0.2,79381
CSRMatrix,int64_t,"AnalysisFlag::numDistinct",2048,0.2,77587
CSRMatrix,int64_t,"AnalysisFlag::numDistinct",2048,0.2,75547
CSRMatrix,int64_t,"AnalysisFlag::numDistinct",2048,0.2,75725
CSRMatrix,int64_t,"AnalysisFlag::numDistinct",2048,0.2,74876
CSRMatrix,int64_t,"AnalysisFlag::numDistinct",2048,0.2,74902
CSRMatrix,int64_t,"AnalysisFlag::numDistinct",2048,0.2,75530
CSRMatrix,int64_t,"AnalysisFlag::numDistinct",2048,0.2,76025
CSRMatrix,int64_t,"AnalysisFlag::numDistinct",2048,0.2,75518
CSRMatrix,int64_t,"AnalysisFlag::numDistinct",4096,0.2,48485
CSRMatrix,int64_t,"AnalysisFlag::numDistinct",4096,0.2,140545
CSRMatrix,int64_t,"AnalysisFlag::numDistinct",4096,0.2,136195
CSRMatrix,int64_t,"AnalysisFlag::numDistinct",4096,0.2,138179
CSRMatrix,int64_t,"AnalysisFlag::numDistinct",4096,0.2,144111
CSRMatrix,int64_t,"AnalysisFlag::numDistinct",4096,0.2,139384
CSRMatrix,int64_t,"AnalysisFlag::numDistinct",4096,0.2,139640
CSRMatrix,int64_t,"AnalysisFlag::numDistinct",4096,0.2,138334
CSRMatrix,int64_t,"AnalysisFlag::numDistinct",4096,0.2,138340
CSRMatrix,int64_t,"AnalysisFlag::numDistinct",4096,0.2,136150
CSRMatrix,double,"AnalysisFlag::numDistinct",1024,0.25,18794
CSRMatrix,double,"AnalysisFlag::numDistinct",1024,0.25,56200
CSRMatrix,double,"AnalysisFlag::numDistinct",1024,0.25,54272
CSRMatrix,double,"AnalysisFlag::numDistinct",1024,0.25,54580
CSRMatrix,double,"AnalysisFlag::numDistinct",1024,0.25,53041
CSRMatrix,double,"AnalysisFlag::numDistinct",1024,0.25,51129
CSRMatrix,double,"AnalysisFlag::numDistinct",1024,0.25,50492
CSRMatrix,double,"AnalysisFlag::numDistinct",1024,0.25,50034
CSRMatrix,double,"AnalysisFlag::numDistinct",1024,0.25,50386
CSRMatrix,double,"AnalysisFlag::numDistinct",1024,0.25,48493
CSRMatrix,double,"AnalysisFlag::numDistinct",2048,0.25,30912
CSRMatrix,double,"AnalysisFlag::numDistinct",2048,0.25,91668
CSRMatrix,double,"AnalysisFlag::numDistinct",2048,0.25,87628
CSRMatrix,double,"AnalysisFlag::numDistinct",2048,0.25,88438
CSRMatrix,double,"AnalysisFlag::numDistinct",2048,0.25,90210
CSRMatrix,double,"AnalysisFlag::numDistinct",2048,0.25,90144
CSRMatrix,double,"AnalysisFlag::numDistinct",2048,0.25,89003
CSRMatrix,double,"AnalysisFlag::numDistinct",2048,0.25,90231
CSRMatrix,double,"AnalysisFlag::numDistinct",2048,0.25,86770
CSRMatrix,double,"AnalysisFlag::numDistinct",2048,0.25,85733
CSRMatrix,double,"AnalysisFlag::numDistinct",4096,0.25,49832
CSRMatrix,double,"AnalysisFlag::numDistinct",4096,0.25,161663
CSRMatrix,double,"AnalysisFlag::numDistinct",4096,0.25,163369
CSRMatrix,double,"AnalysisFlag::numDistinct",4096,0.25,161533
CSRMatrix,double,"AnalysisFlag::numDistinct",4096,0.25,160865
CSRMatrix,double,"AnalysisFlag::numDistinct",4096,0.25,158621
CSRMatrix,double,"AnalysisFlag::numDistinct",4096,0.25,160602
CSRMatrix,double,"AnalysisFlag::numDistinct",4096,0.25,160376
CSRMatrix,double,"AnalysisFlag::numDistinct",4096,0.25,157741
CSRMatrix,double,"AnalysisFlag::numDistinct",4096,0.25,155248
CSRMatrix,int64_t,"AnalysisFlag::numDistinct",1024,0.25,17230
CSRMatrix,int64_t,"AnalysisFlag::numDistinct",1024,0.25,50616
CSRMatrix,int64_t,"AnalysisFlag::numDistinct",1024,0.25,52049
CSRMatrix,int64_t,"AnalysisFlag::numDistinct",1024,0.25,48218
CSRMatrix,int64_t,"AnalysisFlag::numDistinct",1024,0.25,47879
CSRMatrix,int64_t,"AnalysisFlag::numDistinct",1024,0.25,46505
CSRMatrix,int64_t,"AnalysisFlag::numDistinct",1024,0.25,46397
CSRMatrix,int64_t,"AnalysisFlag::numDistinct",1024,0.25,46820
CSRMatrix,int64_t,"AnalysisFlag::numDistinct",1024,0.25,47042
CSRMatrix,int64_t,"AnalysisFlag::numDistinct",1024,0.25,45282
CSRMatrix,int64_t,"AnalysisFlag::numDistinct",2048,0.25,28699
CSRMatrix,int64_t,"AnalysisFlag::numDistinct",2048,0.25,87096
CSRMatrix,int64_t,"AnalysisFlag::numDistinct",2048,0.25,83319
CSRMatrix,int64_t,"AnalysisFlag::numDistinct",2048,0.25,83498
CSRMatrix,int64_t,"AnalysisFlag::numDistinct",2048,0.25,83152
CSRMatrix,int64_t,"AnalysisFlag::numDistinct",2048,0.25,82425
CSRMatrix,int64_t,"AnalysisFlag::numDistinct",2048,0.25,82644
CSRMatrix,int64_t,"AnalysisFlag::numDistinct",2048,0.25,82980
CSRMatrix,int64_t,"AnalysisFlag::numDistinct",2048,0.25,85087
CSRMatrix,int64_t,"AnalysisFlag::numDistinct",2048,0.25,83477
CSRMatrix,int64_t,"AnalysisFlag::numDistinct",4096,0.25,48803
CSRMatrix,int64_t,"AnalysisFlag::numDistinct",4096,0.25,158528
CSRMatrix,int64_t,"AnalysisFlag::numDistinct",4096,0.25,154384
CSRMatrix,int64_t,"AnalysisFlag::numDistinct",4096,0.25,155650
CSRMatrix,int64_t,"AnalysisFlag::numDistinct",4096,0.25,155912
CSRMatrix,int64_t,"AnalysisFlag::numDistinct",4096,0.25,155556
CSRMatrix,int64_t,"AnalysisFlag::numDistinct",4096,0.25,157574
CSRMatrix,int64_t,"AnalysisFlag::numDistinct",4096,0.25,155827
CSRMatrix,int64_t,"AnalysisFlag::numDistinct",4096,0.25,149750
CSRMatrix,int64_t,"AnalysisFlag::numDistinct",4096,0.25,151200
CSRMatrix,double,"AnalysisFlag::numDistinct",1024,1,20224
CSRMatrix,double,"AnalysisFlag::numDistinct",1024,1,143112
CSRMatrix,double,"AnalysisFlag::numDistinct",1024,1,143894
CSRMatrix,double,"AnalysisFlag::numDistinct",1024,1,141024
CSRMatrix,double,"AnalysisFlag::numDistinct",1024,1,138694
CSRMatrix,double,"AnalysisFlag::numDistinct",1024,1,141099
CSRMatrix,double,"AnalysisFlag::numDistinct",1024,1,148027
CSRMatrix,double,"AnalysisFlag::numDistinct",1024,1,139042
CSRMatrix,double,"AnalysisFlag::numDistinct",1024,1,143002
CSRMatrix,double,"AnalysisFlag::numDistinct",1024,1,145957
CSRMatrix,double,"AnalysisFlag::numDistinct",2048,1,31837
CSRMatrix,double,"AnalysisFlag::numDistinct",2048,1,422756
CSRMatrix,double,"AnalysisFlag::numDistinct",2048,1,435612
CSRMatrix,double,"AnalysisFlag::numDistinct",2048,1,420811
CSRMatrix,double,"AnalysisFlag::numDistinct",2048,1,420543
CSRMatrix,double,"AnalysisFlag::numDistinct",2048,1,439677
CSRMatrix,double,"AnalysisFlag::numDistinct",2048,1,423838
CSRMatrix,double,"AnalysisFlag::numDistinct",2048,1,432877
CSRMatrix,double,"AnalysisFlag::numDistinct",2048,1,424397
CSRMatrix,double,"AnalysisFlag::numDistinct",2048,1,424881
CSRMatrix,double,"AnalysisFlag::numDistinct",4096,1,52074
CSRMatrix,double,"AnalysisFlag::numDistinct",4096,1,1.26889e+06
CSRMatrix,double,"AnalysisFlag::numDistinct",4096,1,1.25787e+06
CSRMatrix,double,"AnalysisFlag::numDistinct",4096,1,1.31281e+06
CSRMatrix,double,"AnalysisFlag::numDistinct",4096,1,1.30286e+06
CSRMatrix,double,"AnalysisFlag::numDistinct",4096,1,1.25778e+06
CSRMatrix,double,"AnalysisFlag::numDistinct",4096,1,1.24592e+06
CSRMatrix,double,"AnalysisFlag::numDistinct",4096,1,1.27491e+06
CSRMatrix,double,"AnalysisFlag::numDistinct",4096,1,1.24212e+06
CSRMatrix,double,"AnalysisFlag::numDistinct",4096,1,1.2659e+06
CSRMatrix,int64_t,"AnalysisFlag::numDistinct",1024,1,18628
CSRMatrix,int64_t,"AnalysisFlag::numDistinct",1024,1,140795
CSRMatrix,int64_t,"AnalysisFlag::numDistinct",1024,1,141961
CSRMatrix,int64_t,"AnalysisFlag::numDistinct",1024,1,136674
CSRMatrix,int64_t,"AnalysisFlag::numDistinct",1024,1,139522
CSRMatrix,int64_t,"AnalysisFlag::numDistinct",1024,1,139318
CSRMatrix,int64_t,"AnalysisFlag::numDistinct",1024,1,139989
CSRMatrix,int64_t,"AnalysisFlag::numDistinct",1024,1,135628
CSRMatrix,int64_t,"AnalysisFlag::numDistinct",1024,1,137832
CSRMatrix,int64_t,"AnalysisFlag::numDistinct",1024,1,137675
CSRMatrix,int64_t,"AnalysisFlag::numDistinct",2048,1,29302
CSRMatrix,int64_t,"AnalysisFlag::numDistinct",2048,1,424118
CSRMatrix,int64_t,"AnalysisFlag::numDistinct",2048,1,429390
CSRMatrix,int64_t,"AnalysisFlag::numDistinct",2048,1,423457
CSRMatrix,int64_t,"AnalysisFlag::numDistinct",2048,1,416112
CSRMatrix,int64_t,"AnalysisFlag::numDistinct",2048,1,431032
CSRMatrix,int64_t,"AnalysisFlag::numDistinct",2048,1,415773
CSRMatrix,int64_t,"AnalysisFlag::numDistinct",2048,1,419826
CSRMatrix,int64_t,"AnalysisFlag::numDistinct",2048,1,421625
CSRMatrix,int64_t,"AnalysisFlag::numDistinct",2048,1,420153
CSRMatrix,int64_t,"AnalysisFlag::numDistinct",4096,1,48700
CSRMatrix,int64_t,"AnalysisFlag::numDistinct",4096,1,1.13481e+06
CSRMatrix,int64_t,"AnalysisFlag::numDistinct",4096,1,1.14517e+06
CSRMatrix,int64_t,"AnalysisFlag::numDistinct",4096,1,1.16582e+06
CSRMatrix,int64_t,"AnalysisFlag::numDistinct",4096,1,1.14498e+06
CSRMatrix,int64_t,"AnalysisFlag::numDistinct",4096,1,1.14501e+06
CSRMatrix,int64_t,"AnalysisFlag::numDistinct",4096,1,1.12931e+06
CSRMatrix,int64_t,"AnalysisFlag::numDistinct",4096,1,1.13077e+06
CSRMatrix,int64_t,"AnalysisFlag::numDistinct",4096,1,1.13257e+06
CSRMatrix,int64_t,"AnalysisFlag::numDistinct",4096,1,1.1546e+06
DenseMatrix,double,"AnalysisFlag::numDistinctApprox",1024,0.001,25776
DenseMatrix,double,"AnalysisFlag::numDistinctApprox",1024,0.001,17434
DenseMatrix,double,"AnalysisFlag::numDistinctApprox",1024,0.001,32728
DenseMatrix,double,"AnalysisFlag::numDistinctApprox",1024,0.001,37157
DenseMatrix,double,"AnalysisFlag::numDistinctApprox",1024,0.001,69238
DenseMatrix,double,"AnalysisFlag::numDistinctApprox",1024,0.001,15953
DenseMatrix,double,"AnalysisFlag::numDistinctApprox",1024,0.001,14526
DenseMatrix,double,"AnalysisFlag::numDistinctApprox",1024,0.001,7077
DenseMatrix,double,"AnalysisFlag::numDistinctApprox",1024,0.001,20934
DenseMatrix,double,"AnalysisFlag::numDistinctApprox",1024,0.001,5197
DenseMatrix,double,"AnalysisFlag::numDistinctApprox",2048,0.001,31373
DenseMatrix,double,"AnalysisFlag::numDistinctApprox",2048,0.001,37832
DenseMatrix,double,"AnalysisFlag::numDistinctApprox",2048,0.001,40708
DenseMatrix,double,"AnalysisFlag::numDistinctApprox",2048,0.001,42400
DenseMatrix,double,"AnalysisFlag::numDistinctApprox",2048,0.001,63637
DenseMatrix,double,"AnalysisFlag::numDistinctApprox",2048,0.001,19418
DenseMatrix,double,"AnalysisFlag::numDistinctApprox",2048,0.001,36860
DenseMatrix,double,"AnalysisFlag::numDistinctApprox",2048,0.001,21725
DenseMatrix,double,"AnalysisFlag::numDistinctApprox",2048,0.001,27490
DenseMatrix,double,"AnalysisFlag::numDistinctApprox",2048,0.001,23806
DenseMatrix,double,"AnalysisFlag::numDistinctApprox",4096,0.001,72632
DenseMatrix,double,"AnalysisFlag::numDistinctApprox",4096,0.001,76813
DenseMatrix,double,"AnalysisFlag::numDistinctApprox",4096,0.001,74549
DenseMatrix,double,"AnalysisFlag::numDistinctApprox",4096,0.001,67437
DenseMatrix,double,"AnalysisFlag::numDistinctApprox",4096,0.001,76564
DenseMatrix,double,"AnalysisFlag::numDistinctApprox",4096,0.001,66923
DenseMatrix,double,"AnalysisFlag::numDistinctApprox",4096,0.001,69226
DenseMatrix,double,"AnalysisFlag::numDistinctApprox",4096,0.001,62669
DenseMatrix,double,"AnalysisFlag::numDistinctApprox",4096,0.001,48741
DenseMatrix,double,"AnalysisFlag::numDistinctApprox",4096,0.001,41340
DenseMatrix,int64_t,"AnalysisFlag::numDistinctApprox",1024,0.001,23992
DenseMatrix,int64_t,"AnalysisFlag::numDistinctApprox",1024,0.001,16612
DenseMatrix,int64_t,"AnalysisFlag::numDistinctApprox",1024,0.001,37072
DenseMatrix,int64_t,"AnalysisFlag::numDistinctApprox",1024,0.001,35342
DenseMatrix,int64_t,"AnalysisFlag::numDistinctApprox",1024,0.001,69207
DenseMatrix,int64_t,"AnalysisFlag::numDistinctApprox",1024,0.001,14974
DenseMatrix,int64_t,"AnalysisFlag::numDistinctApprox",1024,0.001,16305
DenseMatrix,int64_t,"AnalysisFlag::numDistinctApprox",1024,0.001,7409
DenseMatrix,int64_t,"AnalysisFlag::numDistinctApprox",1024,0.001,20754
DenseMatrix,int64_t,"AnalysisFlag::numDistinctApprox",1024,0.001,5183
DenseMatrix,int64_t,"AnalysisFlag::numDistinctApprox",2048,0.001,30385
DenseMatrix,int64_t,"AnalysisFlag::numDistinctApprox",2048,0.001,35836
DenseMatrix,int64_t,"AnalysisFlag::numDistinctApprox",2048,0.001,40550
DenseMatrix,int64_t,"AnalysisFlag::numDistinctApprox",2048,0.001,40673
DenseMatrix,int64_t,"AnalysisFlag::numDistinctApprox",2048,0.001,61384
DenseMatrix,int64_t,"AnalysisFlag::numDistinctApprox",2048,0.001,18843
DenseMatrix,int64_t,"AnalysisFlag::numDistinctApprox",2048,0.001,36614
DenseMatrix,int64_t,"AnalysisFlag::numDistinctApprox",2048,0.001,20945
DenseMatrix,int64_t,"AnalysisFlag::numDistinctApprox",2048,0.001,26517
DenseMatrix,int64_t,"AnalysisFlag::numDistinctApprox",2048,0.001,26096
DenseMatrix,int64_t,"AnalysisFlag::numDistinctApprox",4096,0.001,60043
DenseMatrix,int64_t,"AnalysisFlag::numDistinctApprox",4096,0.001,73859
DenseMatrix,int64_t,"AnalysisFlag::numDistinctApprox",4096,0.001,72692
DenseMatrix,int64_t,"AnalysisFlag::numDistinctApprox",4096,0.001,75135
DenseMatrix,int64_t,"AnalysisFlag::numDistinctApprox",4096,0.001,73829
DenseMatrix,int64_t,"AnalysisFlag::numDistinctApprox",4096,0.001,59312
DenseMatrix,int64_t,"AnalysisFlag::numDistinctApprox",4096,0.001,67089
DenseMatrix,int64_t,"AnalysisFlag::numDistinctApprox",4096,0.001,70468
DenseMatrix,int64_t,"AnalysisFlag::numDistinctApprox",4096,0.001,51520
DenseMatrix,int64_t,"AnalysisFlag::numDistinctApprox",4096,0.001,41194
DenseMatrix,double,"AnalysisFlag::numDistinctApprox",1024,0.01,52674
DenseMatrix,double,"AnalysisFlag::numDistinctApprox",1024,0.01,64816
DenseMatrix,double,"AnalysisFlag::numDistinctApprox",1024,0.01,75252
DenseMatrix,double,"AnalysisFlag::numDistinctApprox",1024,0.01,62426
DenseMatrix,double,"AnalysisFlag::numDistinctApprox",1024,0.01,65833
DenseMatrix,double,"AnalysisFlag::numDistinctApprox",1024,0.01,57998
DenseMatrix,double,"AnalysisFlag::numDistinctApprox",1024,0.01,66859
DenseMatrix,double,"AnalysisFlag::numDistinctApprox",1024,0.01,64967
DenseMatrix,double,"AnalysisFlag::numDistinctApprox",1024,0.01,59330
DenseMatrix,double,"AnalysisFlag::numDistinctApprox",1024,0.01,33857
DenseMatrix,double,"AnalysisFlag::numDistinctApprox",2048,0.01,84221
DenseMatrix,double,"AnalysisFlag::numDistinctApprox",2048,0.01,70398
DenseMatrix,double,"AnalysisFlag::numDistinctApprox",2048,0.01,77115
DenseMatrix,double,"AnalysisFlag::numDistinctApprox",2048,0.01,74113
DenseMatrix,double,"AnalysisFlag::numDistinctApprox",2048,0.01,70086
DenseMatrix,double,"AnalysisFlag::numDistinctApprox",2048,0.01,70849
DenseMatrix,double,"AnalysisFlag::numDistinctApprox",2048,0.01,80071
DenseMatrix,double,"AnalysisFlag::numDistinctApprox",2048,0.01,69397
DenseMatrix,double,"AnalysisFlag::numDistinctApprox",2048,0.01,68241
DenseMatrix,double,"AnalysisFlag::numDistinctApprox",2048,0.01,67117
DenseMatrix,double,"AnalysisFlag::numDistinctApprox",4096,0.01,78260
DenseMatrix,double,"AnalysisFlag::numDistinctApprox",4096,0.01,79301
DenseMatrix,double,"AnalysisFlag::numDistinctApprox",4096,0.01,96470
DenseMatrix,double,"AnalysisFlag::numDistinctApprox",4096,0.01,79751
DenseMatrix,double,"AnalysisFlag::numDistinctApprox",4096,0.01,83218
DenseMatrix,double,"AnalysisFlag::numDistinctApprox",4096,0.01,99371
DenseMatrix,double,"AnalysisFlag::numDistinctApprox",4096,0.01,117833
DenseMatrix,double,"AnalysisFlag::numDistinctApprox",4096,0.01,97772
DenseMatrix,double,"AnalysisFlag::numDistinctApprox",4096,0.01,76745
DenseMatrix,double,"AnalysisFlag::numDistinctApprox",4096,0.01,82247
DenseMatrix,int64_t,"AnalysisFlag::numDistinctApprox",1024,0.01,56481
DenseMatrix,int64_t,"AnalysisFlag::numDistinctApprox",1024,0.01,64270
DenseMatrix,int64_t,"AnalysisFlag::numDistinctApprox",1024,0.01,74988
DenseMatrix,int64_t,"AnalysisFlag::numDistinctApprox",1024,0.01,62034
DenseMatrix,int64_t,"AnalysisFlag::numDistinctApprox",1024,0.01,65767
DenseMatrix,int64_t,"AnalysisFlag::numDistinctApprox",1024,0.01,58124
DenseMatrix,int64_t,"AnalysisFlag::numDistinctApprox",1024,0.01,70832
DenseMatrix,int64_t,"AnalysisFlag::numDistinctApprox",1024,0.01,63536
DenseMatrix,int64_t,"AnalysisFlag::numDistinctApprox",1024,0.01,48236
DenseMatrix,int64_t,"AnalysisFlag::numDistinctApprox",1024,0.01,42356
DenseMatrix,int64_t,"AnalysisFlag::numDistinctApprox",2048,0.01,68996
DenseMatrix,int64_t,"AnalysisFlag::numDistinctApprox",2048,0.01,79380
DenseMatrix,int64_t,"AnalysisFlag::numDistinctApprox",2048,0.01,84779
DenseMatrix,int64_t,"AnalysisFlag::numDistinctApprox",2048,0.01,73624
DenseMatrix,int64_t,"AnalysisFlag::numDistinctApprox",2048,0.01,68497
DenseMatrix,int64_t,"AnalysisFlag::numDistinctApprox",2048,0.01,70163
DenseMatrix,int64_t,"AnalysisFlag::numDistinctApprox",2048,0.01,78808
DenseMatrix,int64_t,"AnalysisFlag::numDistinctApprox",2048,0.01,66594
DenseMatrix,int64_t,"AnalysisFlag::numDistinctApprox",2048,0.01,75591
DenseMatrix,int64_t,"AnalysisFlag::numDistinctApprox",2048,0.01,65035
DenseMatrix,int64_t,"AnalysisFlag::numDistinctApprox",4096,0.01,75957
DenseMatrix,int64_t,"AnalysisFlag::numDistinctApprox",4096,0.01,76553
DenseMatrix,int64_t,"AnalysisFlag::numDistinctApprox",4096,0.01,76585
DenseMatrix,int64_t,"AnalysisFlag::numDistinctApprox",4096,0.01,76098
DenseMatrix,int64_t,"AnalysisFlag::numDistinctApprox",4096,0.01,83464
DenseMatrix,int64_t,"AnalysisFlag::numDistinctApprox",4096,0.01,77333
DenseMatrix,int64_t,"AnalysisFlag::numDistinctApprox",4096,0.01,78104
DenseMatrix,int64_t,"AnalysisFlag::numDistinctApprox",4096,0.01,77994
DenseMatrix,int64_t,"AnalysisFlag::numDistinctApprox",4096,0.01,84536
DenseMatrix,int64_t,"AnalysisFlag::numDistinctApprox",4096,0.01,81879
DenseMatrix,double,"AnalysisFlag::numDistinctApprox",1024,0.05,68180
DenseMatrix,double,"AnalysisFlag::numDistinctApprox",1024,0.05,67877
DenseMatrix,double,"AnalysisFlag::numDistinctApprox",1024,0.05,85607
DenseMatrix,double,"AnalysisFlag::numDistinctApprox",1024,0.05,91168
DenseMatrix,double,"AnalysisFlag::numDistinctApprox",1024,0.05,89158
DenseMatrix,double,"AnalysisFlag::numDistinctApprox",1024,0.05,67840
DenseMatrix,double,"AnalysisFlag::numDistinctApprox",1024,0.05,73436
DenseMatrix,double,"AnalysisFlag::numDistinctApprox",1024,0.05,68706
DenseMatrix,double,"AnalysisFlag::numDistinctApprox",1024,0.05,75553
DenseMatrix,double,"AnalysisFlag::numDistinctApprox",1024,0.05,71815
DenseMatrix,double,"AnalysisFlag::numDistinctApprox",2048,0.05,70909
DenseMatrix,double,"AnalysisFlag::numDistinctApprox",2048,0.05,73913
DenseMatrix,double,"AnalysisFlag::numDistinctApprox",2048,0.05,94765
DenseMatrix,double,"AnalysisFlag::numDistinctApprox",2048,0.05,71470
DenseMatrix,double,"AnalysisFlag::numDistinctApprox",2048,0.05,76291
DenseMatrix,double,"AnalysisFlag::numDistinctApprox",2048,0.05,90620
DenseMatrix,double,"AnalysisFlag::numDistinctApprox",2048,0.05,90163
DenseMatrix,double,"AnalysisFlag::numDistinctApprox",2048,0.05,83024
DenseMatrix,double,"AnalysisFlag::numDistinctApprox",2048,0.05,91045
DenseMatrix,double,"AnalysisFlag::numDistinctApprox",2048,0.05,89382
DenseMatrix,double,"AnalysisFlag::numDistinctApprox",4096,0.05,91293
DenseMatrix,double,"AnalysisFlag::numDistinctApprox",4096,0.05,111752
DenseMatrix,double,"AnalysisFlag::numDistinctApprox",4096,0.05,86189
DenseMatrix,double,"AnalysisFlag::numDistinctApprox",4096,0.05,94246
DenseMatrix,double,"AnalysisFlag::numDistinctApprox",4096,0.05,97664
DenseMatrix,double,"AnalysisFlag::numDistinctApprox",4096,0.05,101002
DenseMatrix,double,"AnalysisFlag::numDistinctApprox",4096,0.05,86590
DenseMatrix,double,"AnalysisFlag::numDistinctApprox",4096,0.05,86661
DenseMatrix,double,"AnalysisFlag::numDistinctApprox",4096,0.05,86895
DenseMatrix,double,"AnalysisFlag::numDistinctApprox",4096,0.05,87404
DenseMatrix,int64_t,"AnalysisFlag::numDistinctApprox",1024,0.05,67990
DenseMatrix,int64_t,"AnalysisFlag::numDistinctApprox",1024,0.05,66908
DenseMatrix,int64_t,"AnalysisFlag::numDistinctApprox",1024,0.05,87344
DenseMatrix,int64_t,"AnalysisFlag::numDistinctApprox",1024,0.05,65859
DenseMatrix,int64_t,"AnalysisFlag::numDistinctApprox",1024,0.05,77667
DenseMatrix,int64_t,"AnalysisFlag::numDistinctApprox",1024,0.05,69515
DenseMatrix,int64_t,"AnalysisFlag::numDistinctApprox",1024,0.05,73797
DenseMatrix,int64_t,"AnalysisFlag::numDistinctApprox",1024,0.05,88212
DenseMatrix,int64_t,"AnalysisFlag::numDistinctApprox",1024,0.05,64621
DenseMatrix,int64_t,"AnalysisFlag::numDistinctApprox",1024,0.05,92501
DenseMatrix,int64_t,"AnalysisFlag::numDistinctApprox",2048,0.05,74115
DenseMatrix,int64_t,"AnalysisFlag::numDistinctApprox",2048,0.05,83476
DenseMatrix,int64_t,"AnalysisFlag::numDistinctApprox",2048,0.05,77116
DenseMatrix,int64_t,"AnalysisFlag::numDistinctApprox",2048,0.05,92250
DenseMatrix,int64_t,"AnalysisFlag::numDistinctApprox",2048,0.05,75610
DenseMatrix,int64_t,"AnalysisFlag::numDistinctApprox",2048,0.05,77492
DenseMatrix,int64_t,"AnalysisFlag::numDistinctApprox",2048,0.05,78529
DenseMatrix,int64_t,"AnalysisFlag::numDistinctApprox",2048,0.05,90504
DenseMatrix,int64_t,"AnalysisFlag::numDistinctApprox",2048,0.05,90621
DenseMatrix,int64_t,"AnalysisFlag::numDistinctApprox",2048,0.05,85782
DenseMatrix,int64_t,"AnalysisFlag::numDistinctApprox",4096,0.05,108843
DenseMatrix,int64_t,"AnalysisFlag::numDistinctApprox",4096,0.05,85736
DenseMatrix,int64_t,"AnalysisFlag::numDistinctApprox",4096,0.05,84814
DenseMatrix,int64_t,"AnalysisFlag::numDistinctApprox",4096,0.05,85119
DenseMatrix,int64_t,"AnalysisFlag::numDistinctApprox",4096,0.05,91042
DenseMatrix,int64_t,"AnalysisFlag::numDistinctApprox",4096,0.05,84449
DenseMatrix,int64_t,"AnalysisFlag::numDistinctApprox",4096,0.05,107219
DenseMatrix,int64_t,"AnalysisFlag::numDistinctApprox",4096,0.05,105560
DenseMatrix,int64_t,"AnalysisFlag::numDistinctApprox",4096,0.05,101333
DenseMatrix,int64_t,"AnalysisFlag::numDistinctApprox",4096,0.05,85599
DenseMatrix,double,"AnalysisFlag::numDistinctApprox",1024,0.1,69080
DenseMatrix,double,"AnalysisFlag::numDistinctApprox",1024,0.1,75469
DenseMatrix,double,"AnalysisFlag::numDistinctApprox",1024,0.1,69381
DenseMatrix,double,"AnalysisFlag::numDistinctApprox",1024,0.1,124215
DenseMatrix,double,"AnalysisFlag::numDistinctApprox",1024,0.1,68520
DenseMatrix,double,"AnalysisFlag::numDistinctApprox",1024,0.1,74305
DenseMatrix,double,"AnalysisFlag::numDistinctApprox",1024,0.1,89596
DenseMatrix,double,"AnalysisFlag::numDistinctApprox",1024,0.1,98699
DenseMatrix,double,"AnalysisFlag::numDistinctApprox",1024,0.1,94285
DenseMatrix,double,"AnalysisFlag::numDistinctApprox",1024,0.1,95910
DenseMatrix,double,"AnalysisFlag::numDistinctApprox",2048,0.1,114687
DenseMatrix,double,"AnalysisFlag::numDistinctApprox",2048,0.1,119642
DenseMatrix,double,"AnalysisFlag::numDistinctApprox",2048,0.1,78180
DenseMatrix,double,"AnalysisFlag::numDistinctApprox",2048,0.1,79122
DenseMatrix,double,"AnalysisFlag::numDistinctApprox",2048,0.1,78380
DenseMatrix,double,"AnalysisFlag::numDistinctApprox",2048,0.1,89798
DenseMatrix,double,"AnalysisFlag::numDistinctApprox",2048,0.1,89128
DenseMatrix,double,"AnalysisFlag::numDistinctApprox",2048,0.1,88126
DenseMatrix,double,"AnalysisFlag::numDistinctApprox",2048,0.1,85156
DenseMatrix,double,"AnalysisFlag::numDistinctApprox",2048,0.1,79716
DenseMatrix,double,"AnalysisFlag::numDistinctApprox",4096,0.1,106615
DenseMatrix,double,"AnalysisFlag::numDistinctApprox",4096,0.1,103621
DenseMatrix,double,"AnalysisFlag::numDistinctApprox",4096,0.1,90276
DenseMatrix,double,"AnalysisFlag::numDistinctApprox",4096,0.1,110280
DenseMatrix,double,"AnalysisFlag::numDistinctApprox",4096,0.1,109270
DenseMatrix,double,"AnalysisFlag::numDistinctApprox",4096,0.1,86686
DenseMatrix,double,"AnalysisFlag::numDistinctApprox",4096,0.1,96790
DenseMatrix,double,"AnalysisFlag::numDistinctApprox",4096,0.1,96221
DenseMatrix,double,"AnalysisFlag::numDistinctApprox",4096,0.1,99981
DenseMatrix,double,"AnalysisFlag::numDistinctApprox",4096,0.1,126910
DenseMatrix,int64_t,"AnalysisFlag::numDistinctApprox",1024,0.1,84295
DenseMatrix,int64_t,"AnalysisFlag::numDistinctApprox",1024,0.1,92885
DenseMatrix,int64_t,"AnalysisFlag::numDistinctApprox",1024,0.1,86220
DenseMatrix,int64_t,"AnalysisFlag::numDistinctApprox",1024,0.1,74087
DenseMatrix,int64_t,"AnalysisFlag::numDistinctApprox",1024,0.1,86638
DenseMatrix,int64_t,"AnalysisFlag::numDistinctApprox",1024,0.1,88227
DenseMatrix,int64_t,"AnalysisFlag::numDistinctApprox",1024,0.1,75792
DenseMatrix,int64_t,"AnalysisFlag::numDistinctApprox",1024,0.1,79544
DenseMatrix,int64_t,"AnalysisFlag::numDistinctApprox",1024,0.1,87741
DenseMatrix,int64_t,"AnalysisFlag::numDistinctApprox",1024,0.1,83333
DenseMatrix,int64_t,"AnalysisFlag::numDistinctApprox",2048,0.1,83965
DenseMatrix,int64_t,"AnalysisFlag::numDistinctApprox",2048,0.1,79522
DenseMatrix,int64_t,"AnalysisFlag::numDistinctApprox",2048,0.1,89661
DenseMatrix,int64_t,"AnalysisFlag::numDistinctApprox",2048,0.1,90568
DenseMatrix,int64_t,"AnalysisFlag::numDistinctApprox",2048,0.1,114886
DenseMatrix,int64_t,"AnalysisFlag::numDistinctApprox",2048,0.1,79420
DenseMatrix,int64_t,"AnalysisFlag::numDistinctApprox",2048,0.1,119475
DenseMatrix,int64_t,"AnalysisFlag::numDistinctApprox",2048,0.1,78987
DenseMatrix,int64_t,"AnalysisFlag::numDistinctApprox",2048,0.1,91740
DenseMatrix,int64_t,"AnalysisFlag::numDistinctApprox",2048,0.1,79444
DenseMatrix,int64_t,"AnalysisFlag::numDistinctApprox",4096,0.1,99399
DenseMatrix,int64_t,"AnalysisFlag::numDistinctApprox",4096,0.1,87209
DenseMatrix,int64_t,"AnalysisFlag::numDistinctApprox",4096,0.1,94755
DenseMatrix,int64_t,"AnalysisFlag::numDistinctApprox",4096,0.1,121566
DenseMatrix,int64_t,"AnalysisFlag::numDistinctApprox",4096,0.1,96200
DenseMatrix,int64_t,"AnalysisFlag::numDistinctApprox",4096,0.1,95182
DenseMatrix,int64_t,"AnalysisFlag::numDistinctApprox",4096,0.1,110619
DenseMatrix,int64_t,"AnalysisFlag::numDistinctApprox",4096,0.1,96254
DenseMatrix,int64_t,"AnalysisFlag::numDistinctApprox",4096,0.1,100202
DenseMatrix,int64_t,"AnalysisFlag::numDistinctApprox",4096,0.1,96072
DenseMatrix,double,"AnalysisFlag::numDistinctApprox",1024,0.2,101622
DenseMatrix,double,"AnalysisFlag::numDistinctApprox",1024,0.2,76304
DenseMatrix,double,"AnalysisFlag::numDistinctApprox",1024,0.2,75251
DenseMatrix,double,"AnalysisFlag::numDistinctApprox",1024,0.2,82111
DenseMatrix,double,"AnalysisFlag::numDistinctApprox",1024,0.2,84544
DenseMatrix,double,"AnalysisFlag::numDistinctApprox",1024,0.2,74451
DenseMatrix,double,"AnalysisFlag::numDistinctApprox",1024,0.2,85420
DenseMatrix,double,"AnalysisFlag::numDistinctApprox",1024,0.2,103306
DenseMatrix,double,"AnalysisFlag::numDistinctApprox",1024,0.2,77284
DenseMatrix,double,"AnalysisFlag::numDistinctApprox",1024,0.2,98017
DenseMatrix,double,"AnalysisFlag::numDistinctApprox",2048,0.2,79325
DenseMatrix,double,"AnalysisFlag::numDistinctApprox",2048,0.2,90757
DenseMatrix,double,"AnalysisFlag::numDistinctApprox",2048,0.2,96581
DenseMatrix,double,"AnalysisFlag::numDistinctApprox",2048,0.2,83959
DenseMatrix,double,"AnalysisFlag::numDistinctApprox",2048,0.2,134855
DenseMatrix,double,"AnalysisFlag::numDistinctApprox",2048,0.2,90142
DenseMatrix,double,"AnalysisFlag::numDistinctApprox",2048,0.2,105715
DenseMatrix,double,"AnalysisFlag::numDistinctApprox",2048,0.2,89885
DenseMatrix,double,"AnalysisFlag::numDistinctApprox",2048,0.2,83704
DenseMatrix,double,"AnalysisFlag::numDistinctApprox",2048,0.2,81406
DenseMatrix,double,"AnalysisFlag::numDistinctApprox",4096,0.2,117150
DenseMatrix,double,"AnalysisFlag::numDistinctApprox",4096,0.2,98998
DenseMatrix,double,"AnalysisFlag::numDistinctApprox",4096,0.2,109398
DenseMatrix,double,"AnalysisFlag::numDistinctApprox",4096,0.2,112181
DenseMatrix,double,"AnalysisFlag::numDistinctApprox",4096,0.2,108253
DenseMatrix,double,"AnalysisFlag::numDistinctApprox",4096,0.2,109234
DenseMatrix,double,"AnalysisFlag::numDistinctApprox",4096,0.2,144877
DenseMatrix,double,"AnalysisFlag::numDistinctApprox",4096,0.2,109695
DenseMatrix,double,"AnalysisFlag::numDistinctApprox",4096,0.2,99363
DenseMatrix,double,"AnalysisFlag::numDistinctApprox",4096,0.2,99969
DenseMatrix,int64_t,"AnalysisFlag::numDistinctApprox",1024,0.2,89860
DenseMatrix,int64_t,"AnalysisFlag::numDistinctApprox",1024,0.2,112690
DenseMatrix,int64_t,"AnalysisFlag::numDistinctApprox",1024,0.2,69495
DenseMatrix,int64_t,"AnalysisFlag::numDistinctApprox",1024,0.2,82525
DenseMatrix,int64_t,"AnalysisFlag::numDistinctApprox",1024,0.2,96425
DenseMatrix,int64_t,"AnalysisFlag::numDistinctApprox",1024,0.2,75726
DenseMatrix,int64_t,"AnalysisFlag::numDistinctApprox",1024,0.2,86037
DenseMatrix,int64_t,"AnalysisFlag::numDistinctApprox",1024,0.2,73415
DenseMatrix,int64_t,"AnalysisFlag::numDistinctApprox",1024,0.2,71438
DenseMatrix,int64_t,"AnalysisFlag::numDistinctApprox",1024,0.2,84582
DenseMatrix,int64_t,"AnalysisFlag::numDistinctApprox",2048,0.2,100843
DenseMatrix,int64_t,"AnalysisFlag::numDistinctApprox",2048,0.2,85994
DenseMatrix,int64_t,"AnalysisFlag::numDistinctApprox",2048,0.2,78876
DenseMatrix,int64_t,"AnalysisFlag::numDistinctApprox",2048,0.2,105094
DenseMatrix,int64_t,"AnalysisFlag::numDistinctApprox",2048,0.2,99927
DenseMatrix,int64_t,"AnalysisFlag::numDistinctApprox",2048,0.2,89886
DenseMatrix,int64_t,"AnalysisFlag::numDistinctApprox",2048,0.2,87878
DenseMatrix,int64_t,"AnalysisFlag::numDistinctApprox",2048,0.2,89280
DenseMatrix,int64_t,"AnalysisFlag::numDistinctApprox",2048,0.2,91451
DenseMatrix,int64_t,"AnalysisFlag::numDistinctApprox",2048,0.2,103152
DenseMatrix,int64_t,"AnalysisFlag::numDistinctApprox",4096,0.2,114721
DenseMatrix,int64_t,"AnalysisFlag::numDistinctApprox",4096,0.2,112646
DenseMatrix,int64_t,"AnalysisFlag::numDistinctApprox",4096,0.2,98881
DenseMatrix,int64_t,"AnalysisFlag::numDistinctApprox",4096,0.2,125174
DenseMatrix,int64_t,"AnalysisFlag::numDistinctApprox",4096,0.2,103439
DenseMatrix,int64_t,"AnalysisFlag::numDistinctApprox",4096,0.2,139957
DenseMatrix,int64_t,"AnalysisFlag::numDistinctApprox",4096,0.2,107680
DenseMatrix,int64_t,"AnalysisFlag::numDistinctApprox",4096,0.2,107748
DenseMatrix,int64_t,"AnalysisFlag::numDistinctApprox",4096,0.2,105681
DenseMatrix,int64_t,"AnalysisFlag::numDistinctApprox",4096,0.2,104116
DenseMatrix,double,"AnalysisFlag::numDistinctApprox",1024,0.25,100435
DenseMatrix,double,"AnalysisFlag::numDistinctApprox",1024,0.25,89857
DenseMatrix,double,"AnalysisFlag::numDistinctApprox",1024,0.25,89754
DenseMatrix,double,"AnalysisFlag::numDistinctApprox",1024,0.25,93752
DenseMatrix,double,"AnalysisFlag::numDistinctApprox",1024,0.25,77337
DenseMatrix,double,"AnalysisFlag::numDistinctApprox",1024,0.25,115742
DenseMatrix,double,"AnalysisFlag::numDistinctApprox",1024,0.25,78039
DenseMatrix,double,"AnalysisFlag::numDistinctApprox",1024,0.25,85146
DenseMatrix,double,"AnalysisFlag::numDistinctApprox",1024,0.25,70961
DenseMatrix,double,"AnalysisFlag::numDistinctApprox",1024,0.25,86855
DenseMatrix,double,"AnalysisFlag::numDistinctApprox",2048,0.25,120972
DenseMatrix,double,"AnalysisFlag::numDistinctApprox",2048,0.25,91444
DenseMatrix,double,"AnalysisFlag::numDistinctApprox",2048,0.25,88817
DenseMatrix,double,"AnalysisFlag::numDistinctApprox",2048,0.25,89594
DenseMatrix,double,"AnalysisFlag::numDistinctApprox",2048,0.25,86981
DenseMatrix,double,"AnalysisFlag::numDistinctApprox",2048,0.25,90768
DenseMatrix,double,"AnalysisFlag::numDistinctApprox",2048,0.25,100752
DenseMatrix,double,"AnalysisFlag::numDistinctApprox",2048,0.25,113607
DenseMatrix,double,"AnalysisFlag::numDistinctApprox",2048,0.25,91187
DenseMatrix,double,"AnalysisFlag::numDistinctApprox",2048,0.25,120908
DenseMatrix,double,"AnalysisFlag::numDistinctApprox",4096,0.25,115258
DenseMatrix,double,"AnalysisFlag::numDistinctApprox",4096,0.25,112558
DenseMatrix,double,"AnalysisFlag::numDistinctApprox",4096,0.25,100222
DenseMatrix,double,"AnalysisFlag::numDistinctApprox",4096,0.25,110684
DenseMatrix,double,"AnalysisFlag::numDistinctApprox",4096,0.25,110642
DenseMatrix,double,"AnalysisFlag::numDistinctApprox",4096,0.25,111120
DenseMatrix,double,"AnalysisFlag::numDistinctApprox",4096,0.25,100494
DenseMatrix,double,"AnalysisFlag::numDistinctApprox",4096,0.25,100800
DenseMatrix,double,"AnalysisFlag::numDistinctApprox",4096,0.25,107042
DenseMatrix,double,"AnalysisFlag::numDistinctApprox",4096,0.25,103377
DenseMatrix,int64_t,"AnalysisFlag::numDistinctApprox",1024,0.25,103106
DenseMatrix,int64_t,"AnalysisFlag::numDistinctApprox",1024,0.25,75535
DenseMatrix,int64_t,"AnalysisFlag::numDistinctApprox",1024,0.25,73172
DenseMatrix,int64_t,"AnalysisFlag::numDistinctApprox",1024,0.25,111422
DenseMatrix,int64_t,"AnalysisFlag::numDistinctApprox",1024,0.25,79026
DenseMatrix,int64_t,"AnalysisFlag::numDistinctApprox",1024,0.25,87386
DenseMatrix,int64_t,"AnalysisFlag::numDistinctApprox",1024,0.25,75076
DenseMatrix,int64_t,"AnalysisFlag::numDistinctApprox",1024,0.25,85740
DenseMatrix,int64_t,"AnalysisFlag::numDistinctApprox",1024,0.25,90838
DenseMatrix,int64_t,"AnalysisFlag::numDistinctApprox",1024,0.25,75423
DenseMatrix,int64_t,"AnalysisFlag::numDistinctApprox",2048,0.25,100672
DenseMatrix,int64_t,"AnalysisFlag::numDistinctApprox",2048,0.25,93201
DenseMatrix,int64_t,"AnalysisFlag::numDistinctApprox",2048,0.25,87715
DenseMatrix,int64_t,"AnalysisFlag::numDistinctApprox",2048,0.25,90615
DenseMatrix,int64_t,"AnalysisFlag::numDistinctApprox",2048,0.25,91100
DenseMatrix,int64_t,"AnalysisFlag::numDistinctApprox",2048,0.25,100497
DenseMatrix,int64_t,"AnalysisFlag::numDistinctApprox",2048,0.25,89854
DenseMatrix,int64_t,"AnalysisFlag::numDistinctApprox",2048,0.25,93584
DenseMatrix,int64_t,"AnalysisFlag::numDistinctApprox",2048,0.25,105310
DenseMatrix,int64_t,"AnalysisFlag::numDistinctApprox",2048,0.25,83317
DenseMatrix,int64_t,"AnalysisFlag::numDistinctApprox",4096,0.25,101811
DenseMatrix,int64_t,"AnalysisFlag::numDistinctApprox",4096,0.25,102826
DenseMatrix,int64_t,"AnalysisFlag::numDistinctApprox",4096,0.25,134164
DenseMatrix,int64_t,"AnalysisFlag::numDistinctApprox",4096,0.25,100332
DenseMatrix,int64_t,"AnalysisFlag::numDistinctApprox",4096,0.25,110179
DenseMatrix,int64_t,"AnalysisFlag::numDistinctApprox",4096,0.25,119997
DenseMatrix,int64_t,"AnalysisFlag::numDistinctApprox",4096,0.25,94203
DenseMatrix,int64_t,"AnalysisFlag::numDistinctApprox",4096,0.25,102215
DenseMatrix,int64_t,"AnalysisFlag::numDistinctApprox",4096,0.25,100950
DenseMatrix,int64_t,"AnalysisFlag::numDistinctApprox",4096,0.25,100304
DenseMatrix,double,"AnalysisFlag::numDistinctApprox",1024,1,111748
DenseMatrix,double,"AnalysisFlag::numDistinctApprox",1024,1,91197
DenseMatrix,double,"AnalysisFlag::numDistinctApprox",1024,1,93016
DenseMatrix,double,"AnalysisFlag::numDistinctApprox",1024,1,113213
DenseMatrix,double,"AnalysisFlag::numDistinctApprox",1024,1,103922
DenseMatrix,double,"AnalysisFlag::numDistinctApprox",1024,1,90364
DenseMatrix,double,"AnalysisFlag::numDistinctApprox",1024,1,105315
DenseMatrix,double,"AnalysisFlag::numDistinctApprox",1024,1,91068
DenseMatrix,double,"AnalysisFlag::numDistinctApprox",1024,1,68200
DenseMatrix,double,"AnalysisFlag::numDistinctApprox",1024,1,103966
DenseMatrix,double,"AnalysisFlag::numDistinctApprox",2048,1,117659
DenseMatrix,double,"AnalysisFlag::numDistinctApprox",2048,1,100893
DenseMatrix,double,"AnalysisFlag::numDistinctApprox",2048,1,127494
DenseMatrix,double,"AnalysisFlag::numDistinctApprox",2048,1,137763
DenseMatrix,double,"AnalysisFlag::numDistinctApprox",2048,1,74316
DenseMatrix,double,"AnalysisFlag::numDistinctApprox",2048,1,111771
DenseMatrix,double,"AnalysisFlag::numDistinctApprox",2048,1,119011
DenseMatrix,double,"AnalysisFlag::numDistinctApprox",2048,1,138461
DenseMatrix,double,"AnalysisFlag::numDistinctApprox",2048,1,113078
DenseMatrix,double,"AnalysisFlag::numDistinctApprox",2048,1,119374
DenseMatrix,double,"AnalysisFlag::numDistinctApprox",4096,1,112150
DenseMatrix,double,"AnalysisFlag::numDistinctApprox",4096,1,156485
DenseMatrix,double,"AnalysisFlag::numDistinctApprox",4096,1,147217
DenseMatrix,double,"AnalysisFlag::numDistinctApprox",4096,1,165739
DenseMatrix,double,"AnalysisFlag::numDistinctApprox",4096,1,163205
DenseMatrix,double,"AnalysisFlag::numDistinctApprox",4096,1,153886
DenseMatrix,double,"AnalysisFlag::numDistinctApprox",4096,1,134276
DenseMatrix,double,"AnalysisFlag::numDistinctApprox",4096,1,142415
DenseMatrix,double,"AnalysisFlag::numDistinctApprox",4096,1,91335
DenseMatrix,double,"AnalysisFlag::numDistinctApprox",4096,1,166954
DenseMatrix,int64_t,"AnalysisFlag::numDistinctApprox",1024,1,110006
DenseMatrix,int64_t,"AnalysisFlag::numDistinctApprox",1024,1,105602
DenseMatrix,int64_t,"AnalysisFlag::numDistinctApprox",1024,1,106473
DenseMatrix,int64_t,"AnalysisFlag::numDistinctApprox",1024,1,90764
DenseMatrix,int64_t,"AnalysisFlag::numDistinctApprox",1024,1,103881
DenseMatrix,int64_t,"AnalysisFlag::numDistinctApprox",1024,1,68025
DenseMatrix,int64_t,"AnalysisFlag::numDistinctApprox",1024,1,90835
DenseMatrix,int64_t,"AnalysisFlag::numDistinctApprox",1024,1,69543
DenseMatrix,int64_t,"AnalysisFlag::numDistinctApprox",1024,1,91369
DenseMatrix,int64_t,"AnalysisFlag::numDistinctApprox",1024,1,103865
DenseMatrix,int64_t,"AnalysisFlag::numDistinctApprox",2048,1,92946
DenseMatrix,int64_t,"AnalysisFlag::numDistinctApprox",2048,1,137650
DenseMatrix,int64_t,"AnalysisFlag::numDistinctApprox",2048,1,125359
DenseMatrix,int64_t,"AnalysisFlag::numDistinctApprox",2048,1,121690
DenseMatrix,int64_t,"AnalysisFlag::numDistinctApprox",2048,1,133444
DenseMatrix,int64_t,"AnalysisFlag::numDistinctApprox",2048,1,139203
DenseMatrix,int64_t,"AnalysisFlag::numDistinctApprox",2048,1,101111
DenseMatrix,int64_t,"AnalysisFlag::numDistinctApprox",2048,1,111679
DenseMatrix,int64_t,"AnalysisFlag::numDistinctApprox",2048,1,132038
DenseMatrix,int64_t,"AnalysisFlag::numDistinctApprox",2048,1,134749
DenseMatrix,int64_t,"AnalysisFlag::numDistinctApprox",4096,1,117195
DenseMatrix,int64_t,"AnalysisFlag::numDistinctApprox",4096,1,184980
DenseMatrix,int64_t,"AnalysisFlag::numDistinctApprox",4096,1,168349
DenseMatrix,int64_t,"AnalysisFlag::numDistinctApprox",4096,1,181159
DenseMatrix,int64_t,"AnalysisFlag::numDistinctApprox",4096,1,152696
DenseMatrix,int64_t,"AnalysisFlag::numDistinctApprox",4096,1,170111
DenseMatrix,int64_t,"AnalysisFlag::numDistinctApprox",4096,1,177934
DenseMatrix,int64_t,"AnalysisFlag::numDistinctApprox",4096,1,163943
DenseMatrix,int64_t,"AnalysisFlag::numDistinctApprox",4096,1,171277
DenseMatrix,int64_t,"AnalysisFlag::numDistinctApprox",4096,1,153517
CSRMatrix,double,"AnalysisFlag::numDistinctApprox",1024,0.001,11711
CSRMatrix,double,"AnalysisFlag::numDistinctApprox",1024,0.001,12288
CSRMatrix,double,"AnalysisFlag::numDistinctApprox",1024,0.001,12490
CSRMatrix,double,"AnalysisFlag::numDistinctApprox",1024,0.001,11106
CSRMatrix,double,"AnalysisFlag::numDistinctApprox",1024,0.001,12003
CSRMatrix,double,"AnalysisFlag::numDistinctApprox",1024,0.001,11888
CSRMatrix,double,"AnalysisFlag::numDistinctApprox",1024,0.001,12162
CSRMatrix,double,"AnalysisFlag::numDistinctApprox",1024,0.001,12148
CSRMatrix,double,"AnalysisFlag::numDistinctApprox",1024,0.001,12247
CSRMatrix,double,"AnalysisFlag::numDistinctApprox",1024,0.001,10966
CSRMatrix,double,"AnalysisFlag::numDistinctApprox",2048,0.001,20713
CSRMatrix,double,"AnalysisFlag::numDistinctApprox",2048,0.001,24328
CSRMatrix,double,"AnalysisFlag::numDistinctApprox",2048,0.001,23994
CSRMatrix,double,"AnalysisFlag::numDistinctApprox",2048,0.001,23136
CSRMatrix,double,"AnalysisFlag::numDistinctApprox",2048,0.001,23378
CSRMatrix,double,"AnalysisFlag::numDistinctApprox",2048,0.001,23842
CSRMatrix,double,"AnalysisFlag::numDistinctApprox",2048,0.001,24101
CSRMatrix,double,"AnalysisFlag::numDistinctApprox",2048,0.001,23822
CSRMatrix,double,"AnalysisFlag::numDistinctApprox",2048,0.001,24429
CSRMatrix,double,"AnalysisFlag::numDistinctApprox",2048,0.001,24007
CSRMatrix,double,"AnalysisFlag::numDistinctApprox",4096,0.001,39794
CSRMatrix,double,"AnalysisFlag::numDistinctApprox",4096,0.001,52429
CSRMatrix,double,"AnalysisFlag::numDistinctApprox",4096,0.001,51099
CSRMatrix,double,"AnalysisFlag::numDistinctApprox",4096,0.001,49262
CSRMatrix,double,"AnalysisFlag::numDistinctApprox",4096,0.001,52631
CSRMatrix,double,"AnalysisFlag::numDistinctApprox",4096,0.001,47298
CSRMatrix,double,"AnalysisFlag::numDistinctApprox",4096,0.001,51486
CSRMatrix,double,"AnalysisFlag::numDistinctApprox",4096,0.001,54050
CSRMatrix,double,"AnalysisFlag::numDistinctApprox",4096,0.001,54674
CSRMatrix,double,"AnalysisFlag::numDistinctApprox",4096,0.001,45891
CSRMatrix,int64_t,"AnalysisFlag::numDistinctApprox",1024,0.001,11200
CSRMatrix,int64_t,"AnalysisFlag::numDistinctApprox",1024,0.001,12617
CSRMatrix,int64_t,"AnalysisFlag::numDistinctApprox",1024,0.001,12607
CSRMatrix,int64_t,"AnalysisFlag::numDistinctApprox",1024,0.001,11217
CSRMatrix,int64_t,"AnalysisFlag::numDistinctApprox",1024,0.001,11308
CSRMatrix,int64_t,"AnalysisFlag::numDistinctApprox",1024,0.001,11938
CSRMatrix,int64_t,"AnalysisFlag::numDistinctApprox",1024,0.001,12443
CSRMatrix,int64_t,"AnalysisFlag::numDistinctApprox",1024,0.001,12615
CSRMatrix,int64_t,"AnalysisFlag::numDistinctApprox",1024,0.001,12792
CSRMatrix,int64_t,"AnalysisFlag::numDistinctApprox",1024,0.001,11395
CSRMatrix,int64_t,"AnalysisFlag::numDistinctApprox",2048,0.001,19999
CSRMatrix,int64_t,"AnalysisFlag::numDistinctApprox",2048,0.001,25120
CSRMatrix,int64_t,"AnalysisFlag::numDistinctApprox",2048,0.001,25195
CSRMatrix,int64_t,"AnalysisFlag::numDistinctApprox",2048,0.001,24039
CSRMatrix,int64_t,"AnalysisFlag::numDistinctApprox",2048,0.001,24154
CSRMatrix,int64_t,"AnalysisFlag::numDistinctApprox",2048,0.001,25048
CSRMatrix,int64_t,"AnalysisFlag::numDistinctApprox",2048,0.001,24598
CSRMatrix,int64_t,"AnalysisFlag::numDistinctApprox",2048,0.001,25377
CSRMatrix,int64_t,"AnalysisFlag::numDistinctApprox",2048,0.001,25434
CSRMatrix,int64_t,"AnalysisFlag::numDistinctApprox",2048,0.001,24358
CSRMatrix,int64_t,"AnalysisFlag::numDistinctApprox",4096,0.001,40561
CSRMatrix,int64_t,"AnalysisFlag::numDistinctApprox",4096,0.001,52620
CSRMatrix,int64_t,"AnalysisFlag::numDistinctApprox",4096,0.001,54833
CSRMatrix,int64_t,"AnalysisFlag::numDistinctApprox",4096,0.001,54894
CSRMatrix,int64_t,"AnalysisFlag::numDistinctApprox",4096,0.001,58289
CSRMatrix,int64_t,"AnalysisFlag::numDistinctApprox",4096,0.001,49740
CSRMatrix,int64_t,"AnalysisFlag::numDistinctApprox",4096,0.001,53958
CSRMatrix,int64_t,"AnalysisFlag::numDistinctApprox",4096,0.001,56725
CSRMatrix,int64_t,"AnalysisFlag::numDistinctApprox",4096,0.001,54803
CSRMatrix,int64_t,"AnalysisFlag::numDistinctApprox",4096,0.001,47607
CSRMatrix,double,"AnalysisFlag::numDistinctApprox",1024,0.01,11384
CSRMatrix,double,"AnalysisFlag::numDistinctApprox",1024,0.01,17004
CSRMatrix,double,"AnalysisFlag::numDistinctApprox",1024,0.01,16710
CSRMatrix,double,"AnalysisFlag::numDistinctApprox",1024,0.01,15722
CSRMatrix,double,"AnalysisFlag::numDistinctApprox",1024,0.01,16536
CSRMatrix,double,"AnalysisFlag::numDistinctApprox",1024,0.01,16496
CSRMatrix,double,"AnalysisFlag::numDistinctApprox",1024,0.01,16103
CSRMatrix,double,"AnalysisFlag::numDistinctApprox",1024,0.01,16132
CSRMatrix,double,"AnalysisFlag::numDistinctApprox",1024,0.01,16195
CSRMatrix,double,"AnalysisFlag::numDistinctApprox",1024,0.01,16270
CSRMatrix,double,"AnalysisFlag::numDistinctApprox",2048,0.01,21583
CSRMatrix,double,"AnalysisFlag::numDistinctApprox",2048,0.01,33640
CSRMatrix,double,"AnalysisFlag::numDistinctApprox",2048,0.01,33820
CSRMatrix,double,"AnalysisFlag::numDistinctApprox",2048,0.01,33030
CSRMatrix,double,"AnalysisFlag::numDistinctApprox",2048,0.01,33497
CSRMatrix,double,"AnalysisFlag::numDistinctApprox",2048,0.01,33806
CSRMatrix,double,"AnalysisFlag::numDistinctApprox",2048,0.01,34802
CSRMatrix,double,"AnalysisFlag::numDistinctApprox",2048,0.01,34192
CSRMatrix,double,"AnalysisFlag::numDistinctApprox",2048,0.01,34119
CSRMatrix,double,"AnalysisFlag::numDistinctApprox",2048,0.01,34224
CSRMatrix,double,"AnalysisFlag::numDistinctApprox",4096,0.01,43895
CSRMatrix,double,"AnalysisFlag::numDistinctApprox",4096,0.01,73179
CSRMatrix,double,"AnalysisFlag::numDistinctApprox",4096,0.01,72691
CSRMatrix,double,"AnalysisFlag::numDistinctApprox",4096,0.01,71503
CSRMatrix,double,"AnalysisFlag::numDistinctApprox",4096,0.01,71647
CSRMatrix,double,"AnalysisFlag::numDistinctApprox",4096,0.01,71830
CSRMatrix,double,"AnalysisFlag::numDistinctApprox",4096,0.01,73140
CSRMatrix,double,"AnalysisFlag::numDistinctApprox",4096,0.01,68898
CSRMatrix,double,"AnalysisFlag::numDistinctApprox",4096,0.01,70538
CSRMatrix,double,"AnalysisFlag::numDistinctApprox",4096,0.01,72605
CSRMatrix,int64_t,"AnalysisFlag::numDistinctApprox",1024,0.01,11063
CSRMatrix,int64_t,"AnalysisFlag::numDistinctApprox",1024,0.01,16260
CSRMatrix,int64_t,"AnalysisFlag::numDistinctApprox",1024,0.01,16892
CSRMatrix,int64_t,"AnalysisFlag::numDistinctApprox",1024,0.01,16109
CSRMatrix,int64_t,"AnalysisFlag::numDistinctApprox",1024,0.01,16799
CSRMatrix,int64_t,"AnalysisFlag::numDistinctApprox",1024,0.01,16457
CSRMatrix,int64_t,"AnalysisFlag::numDistinctApprox",1024,0.01,16504
CSRMatrix,int64_t,"AnalysisFlag::numDistinctApprox",1024,0.01,15919
CSRMatrix,int64_t,"AnalysisFlag::numDistinctApprox",1024,0.01,16078
CSRMatrix,int64_t,"AnalysisFlag::numDistinctApprox",1024,0.01,16164
CSRMatrix,int64_t,"AnalysisFlag::numDistinctApprox",2048,0.01,22024
CSRMatrix,int64_t,"AnalysisFlag::numDistinctApprox",2048,0.01,34289
CSRMatrix,int64_t,"AnalysisFlag::numDistinctApprox",2048,0.01,34638
CSRMatrix,int64_t,"AnalysisFlag::numDistinctApprox",2048,0.01,33282
CSRMatrix,int64_t,"AnalysisFlag::numDistinctApprox",2048,0.01,33464
CSRMatrix,int64_t,"AnalysisFlag::numDistinctApprox",2048,0.01,34685
CSRMatrix,int64_t,"AnalysisFlag::numDistinctApprox",2048,0.01,34470
CSRMatrix,int64_t,"AnalysisFlag::numDistinctApprox",2048,0.01,34029
CSRMatrix,int64_t,"AnalysisFlag::numDistinctApprox",2048,0.01,33998
CSRMatrix,int64_t,"AnalysisFlag::numDistinctApprox",2048,0.01,34010
CSRMatrix,int64_t,"AnalysisFlag::numDistinctApprox",4096,0.01,42791
CSRMatrix,int64_t,"AnalysisFlag::numDistinctApprox",4096,0.01,72188
CSRMatrix,int64_t,"AnalysisFlag::numDistinctApprox",4096,0.01,73161
CSRMatrix,int64_t,"AnalysisFlag::numDistinctApprox",4096,0.01,72141
CSRMatrix,int64_t,"AnalysisFlag::numDistinctApprox",4096,0.01,71060
CSRMatrix,int64_t,"AnalysisFlag::numDistinctApprox",4096,0.01,72599
CSRMatrix,int64_t,"AnalysisFlag::numDistinctApprox",4096,0.01,72177
CSRMatrix,int64_t,"AnalysisFlag::numDistinctApprox",4096,0.01,70165
CSRMatrix,int64_t,"AnalysisFlag::numDistinctApprox",4096,0.01,69744
CSRMatrix,int64_t,"AnalysisFlag::numDistinctApprox",4096,0.01,72820
CSRMatrix,double,"AnalysisFlag::numDistinctApprox",1024,0.05,14038
CSRMatrix,double,"AnalysisFlag::numDistinctApprox",1024,0.05,26238
CSRMatrix,double,"AnalysisFlag::numDistinctApprox",1024,0.05,25719
CSRMatrix,double,"AnalysisFlag::numDistinctApprox",1024,0.05,26485
CSRMatrix,double,"AnalysisFlag::numDistinctApprox",1024,0.05,25542
CSRMatrix,double,"AnalysisFlag::numDistinctApprox",1024,0.05,26679
CSRMatrix,double,"AnalysisFlag::numDistinctApprox",1024,0.05,25867
CSRMatrix,double,"AnalysisFlag::numDistinctApprox",1024,0.05,25118
CSRMatrix,double,"AnalysisFlag::numDistinctApprox",1024,0.05,25557
CSRMatrix,double,"AnalysisFlag::numDistinctApprox",1024,0.05,26354
CSRMatrix,double,"AnalysisFlag::numDistinctApprox",2048,0.05,26217
CSRMatrix,double,"AnalysisFlag::numDistinctApprox",2048,0.05,54438
CSRMatrix,double,"AnalysisFlag::numDistinctApprox",2048,0.05,52942
CSRMatrix,double,"AnalysisFlag::numDistinctApprox",2048,0.05,50890
CSRMatrix,double,"AnalysisFlag::numDistinctApprox",2048,0.05,51384
CSRMatrix,double,"AnalysisFlag::numDistinctApprox",2048,0.05,51349
CSRMatrix,double,"AnalysisFlag::numDistinctApprox",2048,0.05,50794
CSRMatrix,double,"AnalysisFlag::numDistinctApprox",2048,0.05,49836
CSRMatrix,double,"AnalysisFlag::numDistinctApprox",2048,0.05,50285
CSRMatrix,double,"AnalysisFlag::numDistinctApprox",2048,0.05,51995
CSRMatrix,double,"AnalysisFlag::numDistinctApprox",4096,0.05,48010
CSRMatrix,double,"AnalysisFlag::numDistinctApprox",4096,0.05,101651
CSRMatrix,double,"AnalysisFlag::numDistinctApprox",4096,0.05,101310
CSRMatrix,double,"AnalysisFlag::numDistinctApprox",4096,0.05,102972
CSRMatrix,double,"AnalysisFlag::numDistinctApprox",4096,0.05,102133
CSRMatrix,double,"AnalysisFlag::numDistinctApprox",4096,0.05,102302
CSRMatrix,double,"AnalysisFlag::numDistinctApprox",4096,0.05,101565
CSRMatrix,double,"AnalysisFlag::numDistinctApprox",4096,0.05,101357
CSRMatrix,double,"AnalysisFlag::numDistinctApprox",4096,0.05,104738
CSRMatrix,double,"AnalysisFlag::numDistinctApprox",4096,0.05,101906
CSRMatrix,int64_t,"AnalysisFlag::numDistinctApprox",1024,0.05,14402
CSRMatrix,int64_t,"AnalysisFlag::numDistinctApprox",1024,0.05,26633
CSRMatrix,int64_t,"AnalysisFlag::numDistinctApprox",1024,0.05,26770
CSRMatrix,int64_t,"AnalysisFlag::numDistinctApprox",1024,0.05,25759
CSRMatrix,int64_t,"AnalysisFlag::numDistinctApprox",1024,0.05,24998
CSRMatrix,int64_t,"AnalysisFlag::numDistinctApprox",1024,0.05,26061
CSRMatrix,int64_t,"AnalysisFlag::numDistinctApprox",1024,0.05,25381
CSRMatrix,int64_t,"AnalysisFlag::numDistinctApprox",1024,0.05,24677
CSRMatrix,int64_t,"AnalysisFlag::numDistinctApprox",1024,0.05,25168
CSRMatrix,int64_t,"AnalysisFlag::numDistinctApprox",1024,0.05,27060
CSRMatrix,int64_t,"AnalysisFlag::numDistinctApprox",2048,0.05,27531
CSRMatrix,int64_t,"AnalysisFlag::numDistinctApprox",2048,0.05,52503
CSRMatrix,int64_t,"AnalysisFlag::numDistinctApprox",2048,0.05,53269
CSRMatrix,int64_t,"AnalysisFlag::numDistinctApprox",2048,0.05,51159
CSRMatrix,int64_t,"AnalysisFlag::numDistinctApprox",2048,0.05,51108
CSRMatrix,int64_t,"AnalysisFlag::numDistinctApprox",2048,0.05,51573
CSRMatrix,int64_t,"AnalysisFlag::numDistinctApprox",2048,0.05,52318
CSRMatrix,int64_t,"AnalysisFlag::numDistinctApprox",2048,0.05,50109
CSRMatrix,int64_t,"AnalysisFlag::numDistinctApprox",2048,0.05,51197
CSRMatrix,int64_t,"AnalysisFlag::numDistinctApprox",2048,0.05,50668
CSRMatrix,int64_t,"AnalysisFlag::numDistinctApprox",4096,0.05,47835
CSRMatrix,int64_t,"AnalysisFlag::numDistinctApprox",4096,0.05,105164
CSRMatrix,int64_t,"AnalysisFlag::numDistinctApprox",4096,0.05,105532
CSRMatrix,int64_t,"AnalysisFlag::numDistinctApprox",4096,0.05,106582
CSRMatrix,int64_t,"AnalysisFlag::numDistinctApprox",4096,0.05,104363
CSRMatrix,int64_t,"AnalysisFlag::numDistinctApprox",4096,0.05,103046
CSRMatrix,int64_t,"AnalysisFlag::numDistinctApprox",4096,0.05,104796
CSRMatrix,int64_t,"AnalysisFlag::numDistinctApprox",4096,0.05,102920
CSRMatrix,int64_t,"AnalysisFlag::numDistinctApprox",4096,0.05,105108
CSRMatrix,int64_t,"AnalysisFlag::numDistinctApprox",4096,0.05,103972
CSRMatrix,double,"AnalysisFlag::numDistinctApprox",1024,0.1,15911
CSRMatrix,double,"AnalysisFlag::numDistinctApprox",1024,0.1,35539
CSRMatrix,double,"AnalysisFlag::numDistinctApprox",1024,0.1,34982
CSRMatrix,double,"AnalysisFlag::numDistinctApprox",1024,0.1,33864
CSRMatrix,double,"AnalysisFlag::numDistinctApprox",1024,0.1,34901
CSRMatrix,double,"AnalysisFlag::numDistinctApprox",1024,0.1,34401
CSRMatrix,double,"AnalysisFlag::numDistinctApprox",1024,0.1,34106
CSRMatrix,double,"AnalysisFlag::numDistinctApprox",1024,0.1,33077
CSRMatrix,double,"AnalysisFlag::numDistinctApprox",1024,0.1,33040
CSRMatrix,double,"AnalysisFlag::numDistinctApprox",1024,0.1,33223
CSRMatrix,double,"AnalysisFlag::numDistinctApprox",2048,0.1,28439
CSRMatrix,double,"AnalysisFlag::numDistinctApprox",2048,0.1,66516
CSRMatrix,double,"AnalysisFlag::numDistinctApprox",2048,0.1,65279
CSRMatrix,double,"AnalysisFlag::numDistinctApprox",2048,0.1,66627
CSRMatrix,double,"AnalysisFlag::numDistinctApprox",2048,0.1,65012
CSRMatrix,double,"AnalysisFlag::numDistinctApprox",2048,0.1,63440
CSRMatrix,double,"AnalysisFlag::numDistinctApprox",2048,0.1,65016
CSRMatrix,double,"AnalysisFlag::numDistinctApprox",2048,0.1,64749
CSRMatrix,double,"AnalysisFlag::numDistinctApprox",2048,0.1,64801
CSRMatrix,double,"AnalysisFlag::numDistinctApprox",2048,0.1,63137
CSRMatrix,double,"AnalysisFlag::numDistinctApprox",4096,0.1,50164
CSRMatrix,double,"AnalysisFlag::numDistinctApprox",4096,0.1,120417
CSRMatrix,double,"AnalysisFlag::numDistinctApprox",4096,0.1,118795
CSRMatrix,double,"AnalysisFlag::numDistinctApprox",4096,0.1,120720
CSRMatrix,double,"AnalysisFlag::numDistinctApprox",4096,0.1,122675
CSRMatrix,double,"AnalysisFlag::numDistinctApprox",4096,0.1,118559
CSRMatrix,double,"AnalysisFlag::numDistinctApprox",4096,0.1,120392
CSRMatrix,double,"AnalysisFlag::numDistinctApprox",4096,0.1,119467
CSRMatrix,double,"AnalysisFlag::numDistinctApprox",4096,0.1,117412
CSRMatrix,double,"AnalysisFlag::numDistinctApprox",4096,0.1,118290
CSRMatrix,int64_t,"AnalysisFlag::numDistinctApprox",1024,0.1,16373
CSRMatrix,int64_t,"AnalysisFlag::numDistinctApprox",1024,0.1,36810
CSRMatrix,int64_t,"AnalysisFlag::numDistinctApprox",1024,0.1,35423
CSRMatrix,int64_t,"AnalysisFlag::numDistinctApprox",1024,0.1,34051
CSRMatrix,int64_t,"AnalysisFlag::numDistinctApprox",1024,0.1,33471
CSRMatrix,int64_t,"AnalysisFlag::numDistinctApprox",1024,0.1,34128
CSRMatrix,int64_t,"AnalysisFlag::numDistinctApprox",1024,0.1,34070
CSRMatrix,int64_t,"AnalysisFlag::numDistinctApprox",1024,0.1,33856
CSRMatrix,int64_t,"AnalysisFlag::numDistinctApprox",1024,0.1,32088
CSRMatrix,int64_t,"AnalysisFlag::numDistinctApprox",1024,0.1,33777
CSRMatrix,int64_t,"AnalysisFlag::numDistinctApprox",2048,0.1,29214
CSRMatrix,int64_t,"AnalysisFlag::numDistinctApprox",2048,0.1,68517
CSRMatrix,int64_t,"AnalysisFlag::numDistinctApprox",2048,0.1,65171
CSRMatrix,int64_t,"AnalysisFlag::numDistinctApprox",2048,0.1,66974
CSRMatrix,int64_t,"AnalysisFlag::numDistinctApprox",2048,0.1,65126
CSRMatrix,int64_t,"AnalysisFlag::numDistinctApprox",2048,0.1,66324
CSRMatrix,int64_t,"AnalysisFlag::numDistinctApprox",2048,0.1,64012
CSRMatrix,int64_t,"AnalysisFlag::numDistinctApprox",2048,0.1,65345
CSRMatrix,int64_t,"AnalysisFlag::numDistinctApprox",2048,0.1,65768
CSRMatrix,int64_t,"AnalysisFlag::numDistinctApprox",2048,0.1,65840
CSRMatrix,int64_t,"AnalysisFlag::numDistinctApprox",4096,0.1,51375
CSRMatrix,int64_t,"AnalysisFlag::numDistinctApprox",4096,0.1,125945
CSRMatrix,int64_t,"AnalysisFlag::numDistinctApprox",4096,0.1,123086
CSRMatrix,int64_t,"AnalysisFlag::numDistinctApprox",4096,0.1,121454
CSRMatrix,int64_t,"AnalysisFlag::numDistinctApprox",4096,0.1,123062
CSRMatrix,int64_t,"AnalysisFlag::numDistinctApprox",4096,0.1,119720
CSRMatrix,int64_t,"AnalysisFlag::numDistinctApprox",4096,0.1,120551
CSRMatrix,int64_t,"AnalysisFlag::numDistinctApprox",4096,0.1,123412
CSRMatrix,int64_t,"AnalysisFlag::numDistinctApprox",4096,0.1,125090
CSRMatrix,int64_t,"AnalysisFlag::numDistinctApprox",4096,0.1,120107
CSRMatrix,double,"AnalysisFlag::numDistinctApprox",1024,0.2,19116
CSRMatrix,double,"AnalysisFlag::numDistinctApprox",1024,0.2,51459
CSRMatrix,double,"AnalysisFlag::numDistinctApprox",1024,0.2,48176
CSRMatrix,double,"AnalysisFlag::numDistinctApprox",1024,0.2,49499
CSRMatrix,double,"AnalysisFlag::numDistinctApprox",1024,0.2,47575
CSRMatrix,double,"AnalysisFlag::numDistinctApprox",1024,0.2,46399
CSRMatrix,double,"AnalysisFlag::numDistinctApprox",1024,0.2,46571
CSRMatrix,double,"AnalysisFlag::numDistinctApprox",1024,0.2,46458
CSRMatrix,double,"AnalysisFlag::numDistinctApprox",1024,0.2,45809
CSRMatrix,double,"AnalysisFlag::numDistinctApprox",1024,0.2,45531
CSRMatrix,double,"AnalysisFlag::numDistinctApprox",2048,0.2,30381
CSRMatrix,double,"AnalysisFlag::numDistinctApprox",2048,0.2,86142
CSRMatrix,double,"AnalysisFlag::numDistinctApprox",2048,0.2,82847
CSRMatrix,double,"AnalysisFlag::numDistinctApprox",2048,0.2,83977
CSRMatrix,double,"AnalysisFlag::numDistinctApprox",2048,0.2,82365
CSRMatrix,double,"AnalysisFlag::numDistinctApprox",2048,0.2,83419
CSRMatrix,double,"AnalysisFlag::numDistinctApprox",2048,0.2,81218
CSRMatrix,double,"AnalysisFlag::numDistinctApprox",2048,0.2,80807
CSRMatrix,double,"AnalysisFlag::numDistinctApprox",2048,0.2,83004
CSRMatrix,double,"AnalysisFlag::numDistinctApprox",2048,0.2,84372
CSRMatrix,double,"AnalysisFlag::numDistinctApprox",4096,0.2,51153
CSRMatrix,double,"AnalysisFlag::numDistinctApprox",4096,0.2,149376
CSRMatrix,double,"AnalysisFlag::numDistinctApprox",4096,0.2,146755
CSRMatrix,double,"AnalysisFlag::numDistinctApprox",4096,0.2,147136
CSRMatrix,double,"AnalysisFlag::numDistinctApprox",4096,0.2,146734
CSRMatrix,double,"AnalysisFlag::numDistinctApprox",4096,0.2,145247
CSRMatrix,double,"AnalysisFlag::numDistinctApprox",4096,0.2,150429
CSRMatrix,double,"AnalysisFlag::numDistinctApprox",4096,0.2,147697
CSRMatrix,double,"AnalysisFlag::numDistinctApprox",4096,0.2,146613
CSRMatrix,double,"AnalysisFlag::numDistinctApprox",4096,0.2,145771
CSRMatrix,int64_t,"AnalysisFlag::numDistinctApprox",1024,0.2,19548
CSRMatrix,int64_t,"AnalysisFlag::numDistinctApprox",1024,0.2,50140
CSRMatrix,int64_t,"AnalysisFlag::numDistinctApprox",1024,0.2,49280
CSRMatrix,int64_t,"AnalysisFlag::numDistinctApprox",1024,0.2,48344
CSRMatrix,int64_t,"AnalysisFlag::numDistinctApprox",1024,0.2,47184
CSRMatrix,int64_t,"AnalysisFlag::numDistinctApprox",1024,0.2,48975
CSRMatrix,int64_t,"AnalysisFlag::numDistinctApprox",1024,0.2,47617
CSRMatrix,int64_t,"AnalysisFlag::numDistinctApprox",1024,0.2,47660
CSRMatrix,int64_t,"AnalysisFlag::numDistinctApprox",1024,0.2,46799
CSRMatrix,int64_t,"AnalysisFlag::numDistinctApprox",1024,0.2,48088
CSRMatrix,int64_t,"AnalysisFlag::numDistinctApprox",2048,0.2,31747
CSRMatrix,int64_t,"AnalysisFlag::numDistinctApprox",2048,0.2,85474
CSRMatrix,int64_t,"AnalysisFlag::numDistinctApprox",2048,0.2,83592
CSRMatrix,int64_t,"AnalysisFlag::numDistinctApprox",2048,0.2,83378
CSRMatrix,int64_t,"AnalysisFlag::numDistinctApprox",2048,0.2,83829
CSRMatrix,int64_t,"AnalysisFlag::numDistinctApprox",2048,0.2,84040
CSRMatrix,int64_t,"AnalysisFlag::numDistinctApprox",2048,0.2,82325
CSRMatrix,int64_t,"AnalysisFlag::numDistinctApprox",2048,0.2,82562
CSRMatrix,int64_t,"AnalysisFlag::numDistinctApprox",2048,0.2,84271
CSRMatrix,int64_t,"AnalysisFlag::numDistinctApprox",2048,0.2,83886
CSRMatrix,int64_t,"AnalysisFlag::numDistinctApprox",4096,0.2,52145
CSRMatrix,int64_t,"AnalysisFlag::numDistinctApprox",4096,0.2,153088
CSRMatrix,int64_t,"AnalysisFlag::numDistinctApprox",4096,0.2,152945
CSRMatrix,int64_t,"AnalysisFlag::numDistinctApprox",4096,0.2,149341
CSRMatrix,int64_t,"AnalysisFlag::numDistinctApprox",4096,0.2,148496
CSRMatrix,int64_t,"AnalysisFlag::numDistinctApprox",4096,0.2,148066
CSRMatrix,int64_t,"AnalysisFlag::numDistinctApprox",4096,0.2,148340
CSRMatrix,int64_t,"AnalysisFlag::numDistinctApprox",4096,0.2,146851
CSRMatrix,int64_t,"AnalysisFlag::numDistinctApprox",4096,0.2,148619
CSRMatrix,int64_t,"AnalysisFlag::numDistinctApprox",4096,0.2,145958
CSRMatrix,double,"AnalysisFlag::numDistinctApprox",1024,0.25,18993
CSRMatrix,double,"AnalysisFlag::numDistinctApprox",1024,0.25,59392
CSRMatrix,double,"AnalysisFlag::numDistinctApprox",1024,0.25,55815
CSRMatrix,double,"AnalysisFlag::numDistinctApprox",1024,0.25,53314
CSRMatrix,double,"AnalysisFlag::numDistinctApprox",1024,0.25,53903
CSRMatrix,double,"AnalysisFlag::numDistinctApprox",1024,0.25,51242
CSRMatrix,double,"AnalysisFlag::numDistinctApprox",1024,0.25,53081
CSRMatrix,double,"AnalysisFlag::numDistinctApprox",1024,0.25,50452
CSRMatrix,double,"AnalysisFlag::numDistinctApprox",1024,0.25,52419
CSRMatrix,double,"AnalysisFlag::numDistinctApprox",1024,0.25,51109
CSRMatrix,double,"AnalysisFlag::numDistinctApprox",2048,0.25,32546
CSRMatrix,double,"AnalysisFlag::numDistinctApprox",2048,0.25,95330
CSRMatrix,double,"AnalysisFlag::numDistinctApprox",2048,0.25,90617
CSRMatrix,double,"AnalysisFlag::numDistinctApprox",2048,0.25,89774
CSRMatrix,double,"AnalysisFlag::numDistinctApprox",2048,0.25,93323
CSRMatrix,double,"AnalysisFlag::numDistinctApprox",2048,0.25,90781
CSRMatrix,double,"AnalysisFlag::numDistinctApprox",2048,0.25,90282
CSRMatrix,double,"AnalysisFlag::numDistinctApprox",2048,0.25,90668
CSRMatrix,double,"AnalysisFlag::numDistinctApprox",2048,0.25,89059
CSRMatrix,double,"AnalysisFlag::numDistinctApprox",2048,0.25,91118
CSRMatrix,double,"AnalysisFlag::numDistinctApprox",4096,0.25,51304
CSRMatrix,double,"AnalysisFlag::numDistinctApprox",4096,0.25,168369
CSRMatrix,double,"AnalysisFlag::numDistinctApprox",4096,0.25,162263
CSRMatrix,double,"AnalysisFlag::numDistinctApprox",4096,0.25,162087
CSRMatrix,double,"AnalysisFlag::numDistinctApprox",4096,0.25,169096
CSRMatrix,double,"AnalysisFlag::numDistinctApprox",4096,0.25,161720
CSRMatrix,double,"AnalysisFlag::numDistinctApprox",4096,0.25,165263
CSRMatrix,double,"AnalysisFlag::numDistinctApprox",4096,0.25,160229
CSRMatrix,double,"AnalysisFlag::numDistinctApprox",4096,0.25,162525
CSRMatrix,double,"AnalysisFlag::numDistinctApprox",4096,0.25,163453
CSRMatrix,int64_t,"AnalysisFlag::numDistinctApprox",1024,0.25,19034
CSRMatrix,int64_t,"AnalysisFlag::numDistinctApprox",1024,0.25,56588
CSRMatrix,int64_t,"AnalysisFlag::numDistinctApprox",1024,0.25,54577
CSRMatrix,int64_t,"AnalysisFlag::numDistinctApprox",1024,0.25,51457
CSRMatrix,int64_t,"AnalysisFlag::numDistinctApprox",1024,0.25,52814
CSRMatrix,int64_t,"AnalysisFlag::numDistinctApprox",1024,0.25,50202
CSRMatrix,int64_t,"AnalysisFlag::numDistinctApprox",1024,0.25,51345
CSRMatrix,int64_t,"AnalysisFlag::numDistinctApprox",1024,0.25,51904
CSRMatrix,int64_t,"AnalysisFlag::numDistinctApprox",1024,0.25,50737
CSRMatrix,int64_t,"AnalysisFlag::numDistinctApprox",1024,0.25,49942
CSRMatrix,int64_t,"AnalysisFlag::numDistinctApprox",2048,0.25,31376
CSRMatrix,int64_t,"AnalysisFlag::numDistinctApprox",2048,0.25,92156
CSRMatrix,int64_t,"AnalysisFlag::numDistinctApprox",2048,0.25,92439
CSRMatrix,int64_t,"AnalysisFlag::numDistinctApprox",2048,0.25,92977
CSRMatrix,int64_t,"AnalysisFlag::numDistinctApprox",2048,0.25,91551
CSRMatrix,int64_t,"AnalysisFlag::numDistinctApprox",2048,0.25,91407
CSRMatrix,int64_t,"AnalysisFlag::numDistinctApprox",2048,0.25,89695
CSRMatrix,int64_t,"AnalysisFlag::numDistinctApprox",2048,0.25,90472
CSRMatrix,int64_t,"AnalysisFlag::numDistinctApprox",2048,0.25,89474
CSRMatrix,int64_t,"AnalysisFlag::numDistinctApprox",2048,0.25,88673
CSRMatrix,int64_t,"AnalysisFlag::numDistinctApprox",4096,0.25,52125
CSRMatrix,int64_t,"AnalysisFlag::numDistinctApprox",4096,0.25,171470
CSRMatrix,int64_t,"AnalysisFlag::numDistinctApprox",4096,0.25,165419
CSRMatrix,int64_t,"AnalysisFlag::numDistinctApprox",4096,0.25,167063
CSRMatrix,int64_t,"AnalysisFlag::numDistinctApprox",4096,0.25,164231
CSRMatrix,int64_t,"AnalysisFlag::numDistinctApprox",4096,0.25,162658
CSRMatrix,int64_t,"AnalysisFlag::numDistinctApprox",4096,0.25,171682
CSRMatrix,int64_t,"AnalysisFlag::numDistinctApprox",4096,0.25,167693
CSRMatrix,int64_t,"AnalysisFlag::numDistinctApprox",4096,0.25,165608
CSRMatrix,int64_t,"AnalysisFlag::numDistinctApprox",4096,0.25,162741
CSRMatrix,double,"AnalysisFlag::numDistinctApprox",1024,1,21549
CSRMatrix,double,"AnalysisFlag::numDistinctApprox",1024,1,149520
CSRMatrix,double,"AnalysisFlag::numDistinctApprox",1024,1,151306
CSRMatrix,double,"AnalysisFlag::numDistinctApprox",1024,1,140502
CSRMatrix,double,"AnalysisFlag::numDistinctApprox",1024,1,143685
CSRMatrix,double,"AnalysisFlag::numDistinctApprox",1024,1,145362
CSRMatrix,double,"AnalysisFlag::numDistinctApprox",1024,1,144845
CSRMatrix,double,"AnalysisFlag::numDistinctApprox",1024,1,140906
CSRMatrix,double,"AnalysisFlag::numDistinctApprox",1024,1,143652
CSRMatrix,double,"AnalysisFlag::numDistinctApprox",1024,1,146759
CSRMatrix,double,"AnalysisFlag::numDistinctApprox",2048,1,33320
CSRMatrix,double,"AnalysisFlag::numDistinctApprox",2048,1,432174
CSRMatrix,double,"AnalysisFlag::numDistinctApprox",2048,1,440843
CSRMatrix,double,"AnalysisFlag::numDistinctApprox",2048,1,434683
CSRMatrix,double,"AnalysisFlag::numDistinctApprox",2048,1,438807
CSRMatrix,double,"AnalysisFlag::numDistinctApprox",2048,1,446461
CSRMatrix,double,"AnalysisFlag::numDistinctApprox",2048,1,431827
CSRMatrix,double,"AnalysisFlag::numDistinctApprox",2048,1,435110
CSRMatrix,double,"AnalysisFlag::numDistinctApprox",2048,1,444069
CSRMatrix,double,"AnalysisFlag::numDistinctApprox",2048,1,437788
CSRMatrix,double,"AnalysisFlag::numDistinctApprox",4096,1,51853
CSRMatrix,double,"AnalysisFlag::numDistinctApprox",4096,1,1.25528e+06
CSRMatrix,double,"AnalysisFlag::numDistinctApprox",4096,1,1.28636e+06
CSRMatrix,double,"AnalysisFlag::numDistinctApprox",4096,1,1.29785e+06
CSRMatrix,double,"AnalysisFlag::numDistinctApprox",4096,1,1.29955e+06
CSRMatrix,double,"AnalysisFlag::numDistinctApprox",4096,1,1.29574e+06
CSRMatrix,double,"AnalysisFlag::numDistinctApprox",4096,1,1.2718e+06
CSRMatrix,double,"AnalysisFlag::numDistinctApprox",4096,1,1.28835e+06
CSRMatrix,double,"AnalysisFlag::numDistinctApprox",4096,1,1.28528e+06
CSRMatrix,double,"AnalysisFlag::numDistinctApprox",4096,1,1.301e+06
CSRMatrix,int64_t,"AnalysisFlag::numDistinctApprox",1024,1,21557
CSRMatrix,int64_t,"AnalysisFlag::numDistinctApprox",1024,1,148297
CSRMatrix,int64_t,"AnalysisFlag::numDistinctApprox",1024,1,150940
CSRMatrix,int64_t,"AnalysisFlag::numDistinctApprox",1024,1,144636
CSRMatrix,int64_t,"AnalysisFlag::numDistinctApprox",1024,1,144649
CSRMatrix,int64_t,"AnalysisFlag::numDistinctApprox",1024,1,149132
CSRMatrix,int64_t,"AnalysisFlag::numDistinctApprox",1024,1,147150
CSRMatrix,int64_t,"AnalysisFlag::numDistinctApprox",1024,1,142902
CSRMatrix,int64_t,"AnalysisFlag::numDistinctApprox",1024,1,142192
CSRMatrix,int64_t,"AnalysisFlag::numDistinctApprox",1024,1,143995
CSRMatrix,int64_t,"AnalysisFlag::numDistinctApprox",2048,1,32976
CSRMatrix,int64_t,"AnalysisFlag::numDistinctApprox",2048,1,429485
CSRMatrix,int64_t,"AnalysisFlag::numDistinctApprox",2048,1,441046
CSRMatrix,int64_t,"AnalysisFlag::numDistinctApprox",2048,1,432827
CSRMatrix,int64_t,"AnalysisFlag::numDistinctApprox",2048,1,422670
CSRMatrix,int64_t,"AnalysisFlag::numDistinctApprox",2048,1,443023
CSRMatrix,int64_t,"AnalysisFlag::numDistinctApprox",2048,1,425547
CSRMatrix,int64_t,"AnalysisFlag::numDistinctApprox",2048,1,432540
CSRMatrix,int64_t,"AnalysisFlag::numDistinctApprox",2048,1,434278
CSRMatrix,int64_t,"AnalysisFlag::numDistinctApprox",2048,1,440798
CSRMatrix,int64_t,"AnalysisFlag::numDistinctApprox",4096,1,53663
CSRMatrix,int64_t,"AnalysisFlag::numDistinctApprox",4096,1,1.16376e+06
CSRMatrix,int64_t,"AnalysisFlag::numDistinctApprox",4096,1,1.17054e+06
CSRMatrix,int64_t,"AnalysisFlag::numDistinctApprox",4096,1,1.18888e+06
CSRMatrix,int64_t,"AnalysisFlag::numDistinctApprox",4096,1,1.17299e+06
CSRMatrix,int64_t,"AnalysisFlag::numDistinctApprox",4096,1,1.16953e+06
CSRMatrix,int64_t,"AnalysisFlag::numDistinctApprox",4096,1,1.14512e+06
CSRMatrix,int64_t,"AnalysisFlag::numDistinctApprox",4096,1,1.15689e+06
CSRMatrix,int64_t,"AnalysisFlag::numDistinctApprox",4096,1,1.15192e+06
CSRMatrix,int64_t,"AnalysisFlag::numDistinctApprox",4096,1,1.16825e+06
DenseMatrix,double,"AnalysisFlag::sparsity",1024,0.001,4927
DenseMatrix,double,"AnalysisFlag::sparsity",1024,0.001,4668
DenseMatrix,double,"AnalysisFlag::sparsity",1024,0.001,4783
DenseMatrix,double,"AnalysisFlag::sparsity",1024,0.001,4964
DenseMatrix,double,"AnalysisFlag::sparsity",1024,0.001,5551
DenseMatrix,double,"AnalysisFlag::sparsity",1024,0.001,4385
DenseMatrix,double,"AnalysisFlag::sparsity",1024,0.001,4387
DenseMatrix,double,"AnalysisFlag::sparsity",1024,0.001,4127
DenseMatrix,double,"AnalysisFlag::sparsity",1024,0.001,4425
DenseMatrix,double,"AnalysisFlag::sparsity",1024,0.001,4235
DenseMatrix,double,"AnalysisFlag::sparsity",2048,0.001,8312
DenseMatrix,double,"AnalysisFlag::sparsity",2048,0.001,8387
DenseMatrix,double,"AnalysisFlag::sparsity",2048,0.001,8529
DenseMatrix,double,"AnalysisFlag::sparsity",2048,0.001,8658
DenseMatrix,double,"AnalysisFlag::sparsity",2048,0.001,9072
DenseMatrix,double,"AnalysisFlag::sparsity",2048,0.001,8220
DenseMatrix,double,"AnalysisFlag::sparsity",2048,0.001,8535
DenseMatrix,double,"AnalysisFlag::sparsity",2048,0.001,8074
DenseMatrix,double,"AnalysisFlag::sparsity",2048,0.001,8288
DenseMatrix,double,"AnalysisFlag::sparsity",2048,0.001,8191
DenseMatrix,double,"AnalysisFlag::sparsity",4096,0.001,16553
DenseMatrix,double,"AnalysisFlag::sparsity",4096,0.001,16798
DenseMatrix,double,"AnalysisFlag::sparsity",4096,0.001,18244
DenseMatrix,double,"AnalysisFlag::sparsity",4096,0.001,16469
DenseMatrix,double,"AnalysisFlag::sparsity",4096,0.001,16650
DenseMatrix,double,"AnalysisFlag::sparsity",4096,0.001,16251
DenseMatrix,double,"AnalysisFlag::sparsity",4096,0.001,16504
DenseMatrix,double,"AnalysisFlag::sparsity",4096,0.001,16394
DenseMatrix,double,"AnalysisFlag::sparsity",4096,0.001,15990
DenseMatrix,double,"AnalysisFlag::sparsity",4096,0.001,15790
DenseMatrix,int64_t,"AnalysisFlag::sparsity",1024,0.001,3572
DenseMatrix,int64_t,"AnalysisFlag::sparsity",1024,0.001,3150
DenseMatrix,int64_t,"AnalysisFlag::sparsity",1024,0.001,3603
DenseMatrix,int64_t,"AnalysisFlag::sparsity",1024,0.001,3679
DenseMatrix,int64_t,"AnalysisFlag::sparsity",1024,0.001,4260
DenseMatrix,int64_t,"AnalysisFlag::sparsity",1024,0.001,3075
DenseMatrix,int64_t,"AnalysisFlag::sparsity",1024,0.001,3203
DenseMatrix,int64_t,"AnalysisFlag::sparsity",1024,0.001,2738
DenseMatrix,int64_t,"AnalysisFlag::sparsity",1024,0.001,3130
DenseMatrix,int64_t,"AnalysisFlag::sparsity",1024,0.001,2723
DenseMatrix,int64_t,"AnalysisFlag::sparsity",2048,0.001,5192
DenseMatrix,int64_t,"AnalysisFlag::sparsity",2048,0.001,5914
DenseMatrix,int64_t,"AnalysisFlag::sparsity",2048,0.001,5901
DenseMatrix,int64_t,"AnalysisFlag::sparsity",2048,0.001,6121
DenseMatrix,int64_t,"AnalysisFlag::sparsity",2048,0.001,6673
DenseMatrix,int64_t,"AnalysisFlag::sparsity",2048,0.001,5333
DenseMatrix,int64_t,"AnalysisFlag::sparsity",2048,0.001,5956
DenseMatrix,int64_t,"AnalysisFlag::sparsity",2048,0.001,5458
DenseMatrix,int64_t,"AnalysisFlag::sparsity",2048,0.001,5901
DenseMatrix,int64_t,"AnalysisFlag::sparsity",2048,0.001,5103
DenseMatrix,int64_t,"AnalysisFlag::sparsity",4096,0.001,10319
DenseMatrix,int64_t,"AnalysisFlag::sparsity",4096,0.001,11515
DenseMatrix,int64_t,"AnalysisFlag::sparsity",4096,0.001,11738
DenseMatrix,int64_t,"AnalysisFlag::sparsity",4096,0.001,10674
DenseMatrix,int64_t,"AnalysisFlag::sparsity",4096,0.001,11779
DenseMatrix,int64_t,"AnalysisFlag::sparsity",4096,0.001,11302
DenseMatrix,int64_t,"AnalysisFlag::sparsity",4096,0.001,12839
DenseMatrix,int64_t,"AnalysisFlag::sparsity",4096,0.001,11511
DenseMatrix,int64_t,"AnalysisFlag::sparsity",4096,0.001,10731
DenseMatrix,int64_t,"AnalysisFlag::sparsity",4096,0.001,11230
DenseMatrix,double,"AnalysisFlag::sparsity",1024,0.01,5211
DenseMatrix,double,"AnalysisFlag::sparsity",1024,0.01,5534
DenseMatrix,double,"AnalysisFlag::sparsity",1024,0.01,5472
DenseMatrix,double,"AnalysisFlag::sparsity",1024,0.01,5480
DenseMatrix,double,"AnalysisFlag::sparsity",1024,0.01,5539
DenseMatrix,double,"AnalysisFlag::sparsity",1024,0.01,5253
DenseMatrix,double,"AnalysisFlag::sparsity",1024,0.01,5307
DenseMatrix,double,"AnalysisFlag::sparsity",1024,0.01,5586
DenseMatrix,double,"AnalysisFlag::sparsity",1024,0.01,5059
DenseMatrix,double,"AnalysisFlag::sparsity",1024,0.01,4690
DenseMatrix,double,"AnalysisFlag::sparsity",2048,0.01,9247
DenseMatrix,double,"AnalysisFlag::sparsity",2048,0.01,9205
DenseMatrix,double,"AnalysisFlag::sparsity",2048,0.01,9027
DenseMatrix,double,"AnalysisFlag::sparsity",2048,0.01,8999
DenseMatrix,double,"AnalysisFlag::sparsity",2048,0.01,9119
DenseMatrix,double,"AnalysisFlag::sparsity",2048,0.01,9054
DenseMatrix,double,"AnalysisFlag::sparsity",2048,0.01,9253
DenseMatrix,double,"AnalysisFlag::sparsity",2048,0.01,9127
DenseMatrix,double,"AnalysisFlag::sparsity",2048,0.01,9130
DenseMatrix,double,"AnalysisFlag::sparsity",2048,0.01,9147
DenseMatrix,double,"AnalysisFlag::sparsity",4096,0.01,16595
DenseMatrix,double,"AnalysisFlag::sparsity",4096,0.01,16801
DenseMatrix,double,"AnalysisFlag::sparsity",4096,0.01,16545
DenseMatrix,double,"AnalysisFlag::sparsity",4096,0.01,16454
DenseMatrix,double,"AnalysisFlag::sparsity",4096,0.01,16595
DenseMatrix,double,"AnalysisFlag::sparsity",4096,0.01,16452
DenseMatrix,double,"AnalysisFlag::sparsity",4096,0.01,16453
DenseMatrix,double,"AnalysisFlag::sparsity",4096,0.01,16544
DenseMatrix,double,"AnalysisFlag::sparsity",4096,0.01,16428
DenseMatrix,double,"AnalysisFlag::sparsity",4096,0.01,16793
DenseMatrix,int64_t,"AnalysisFlag::sparsity",1024,0.01,4910
DenseMatrix,int64_t,"AnalysisFlag::sparsity",1024,0.01,5311
DenseMatrix,int64_t,"AnalysisFlag::sparsity",1024,0.01,4820
DenseMatrix,int64_t,"AnalysisFlag::sparsity",1024,0.01,4878
DenseMatrix,int64_t,"AnalysisFlag::sparsity",1024,0.01,4922
DenseMatrix,int64_t,"AnalysisFlag::sparsity",1024,0.01,5036
DenseMatrix,int64_t,"AnalysisFlag::sparsity",1024,0.01,5103
DenseMatrix,int64_t,"AnalysisFlag::sparsity",1024,0.01,4841
DenseMatrix,int64_t,"AnalysisFlag::sparsity",1024,0.01,4577
DenseMatrix,int64_t,"AnalysisFlag::sparsity",1024,0.01,4729
DenseMatrix,int64_t,"AnalysisFlag::sparsity",2048,0.01,7815
DenseMatrix,int64_t,"AnalysisFlag::sparsity",2048,0.01,8832
DenseMatrix,int64_t,"AnalysisFlag::sparsity",2048,0.01,8132
DenseMatrix,int64_t,"AnalysisFlag::sparsity",2048,0.01,7819
DenseMatrix,int64_t,"AnalysisFlag::sparsity",2048,0.01,8018
DenseMatrix,int64_t,"AnalysisFlag::sparsity",2048,0.01,8063
DenseMatrix,int64_t,"AnalysisFlag::sparsity",2048,0.01,8361
DenseMatrix,int64_t,"AnalysisFlag::sparsity",2048,0.01,8787
DenseMatrix,int64_t,"AnalysisFlag::sparsity",2048,0.01,8188
DenseMatrix,int64_t,"AnalysisFlag::sparsity",2048,0.01,7780
DenseMatrix,int64_t,"AnalysisFlag::sparsity",4096,0.01,14690
DenseMatrix,int64_t,"AnalysisFlag::sparsity",4096,0.01,14211
DenseMatrix,int64_t,"AnalysisFlag::sparsity",4096,0.01,14601
DenseMatrix,int64_t,"AnalysisFlag::sparsity",4096,0.01,14067
DenseMatrix,int64_t,"AnalysisFlag::sparsity",4096,0.01,14194
DenseMatrix,int64_t,"AnalysisFlag::sparsity",4096,0.01,14140
DenseMatrix,int64_t,"AnalysisFlag::sparsity",4096,0.01,14930
DenseMatrix,int64_t,"AnalysisFlag::sparsity",4096,0.01,14130
DenseMatrix,int64_t,"AnalysisFlag::sparsity",4096,0.01,14146
DenseMatrix,int64_t,"AnalysisFlag::sparsity",4096,0.01,13934
DenseMatrix,double,"AnalysisFlag::sparsity",1024,0.05,5548
DenseMatrix,double,"AnalysisFlag::sparsity",1024,0.05,5378
DenseMatrix,double,"AnalysisFlag::sparsity",1024,0.05,5371
DenseMatrix,double,"AnalysisFlag::sparsity",1024,0.05,5530
DenseMatrix,double,"AnalysisFlag::sparsity",1024,0.05,5341
DenseMatrix,double,"AnalysisFlag::sparsity",1024,0.05,5313
DenseMatrix,double,"AnalysisFlag::sparsity",1024,0.05,5371
DenseMatrix,double,"AnalysisFlag::sparsity",1024,0.05,5430
DenseMatrix,double,"AnalysisFlag::sparsity",1024,0.05,5297
DenseMatrix,double,"AnalysisFlag::sparsity",1024,0.05,5495
DenseMatrix,double,"AnalysisFlag::sparsity",2048,0.05,9005
DenseMatrix,double,"AnalysisFlag::sparsity",2048,0.05,8786
DenseMatrix,double,"AnalysisFlag::sparsity",2048,0.05,8776
DenseMatrix,double,"AnalysisFlag::sparsity",2048,0.05,8845
DenseMatrix,double,"AnalysisFlag::sparsity",2048,0.05,8951
DenseMatrix,double,"AnalysisFlag::sparsity",2048,0.05,8994
DenseMatrix,double,"AnalysisFlag::sparsity",2048,0.05,8926
DenseMatrix,double,"AnalysisFlag::sparsity",2048,0.05,8807
DenseMatrix,double,"AnalysisFlag::sparsity",2048,0.05,8950
DenseMatrix,double,"AnalysisFlag::sparsity",2048,0.05,8897
DenseMatrix,double,"AnalysisFlag::sparsity",4096,0.05,16401
DenseMatrix,double,"AnalysisFlag::sparsity",4096,0.05,15893
DenseMatrix,double,"AnalysisFlag::sparsity",4096,0.05,15876
DenseMatrix,double,"AnalysisFlag::sparsity",4096,0.05,15756
DenseMatrix,double,"AnalysisFlag::sparsity",4096,0.05,15963
DenseMatrix,double,"AnalysisFlag::sparsity",4096,0.05,16042
DenseMatrix,double,"AnalysisFlag::sparsity",4096,0.05,15990
DenseMatrix,double,"AnalysisFlag::sparsity",4096,0.05,16070
DenseMatrix,double,"AnalysisFlag::sparsity",4096,0.05,15975
DenseMatrix,double,"AnalysisFlag::sparsity",4096,0.05,15868
DenseMatrix,int64_t,"AnalysisFlag::sparsity",1024,0.05,5357
DenseMatrix,int64_t,"AnalysisFlag::sparsity",1024,0.05,4789
DenseMatrix,int64_t,"AnalysisFlag::sparsity",1024,0.05,4809
DenseMatrix,int64_t,"AnalysisFlag::sparsity",1024,0.05,5385
DenseMatrix,int64_t,"AnalysisFlag::sparsity",1024,0.05,5063
DenseMatrix,int64_t,"AnalysisFlag::sparsity",1024,0.05,5091
DenseMatrix,int64_t,"AnalysisFlag::sparsity",1024,0.05,5370
DenseMatrix,int64_t,"AnalysisFlag::sparsity",1024,0.05,4996
DenseMatrix,int64_t,"AnalysisFlag::sparsity",1024,0.05,5096
DenseMatrix,int64_t,"AnalysisFlag::sparsity",1024,0.05,4916
DenseMatrix,int64_t,"AnalysisFlag::sparsity",2048,0.05,9033
DenseMatrix,int64_t,"AnalysisFlag::sparsity",2048,0.05,8939
DenseMatrix,int64_t,"AnalysisFlag::sparsity",2048,0.05,8123
DenseMatrix,int64_t,"AnalysisFlag::sparsity",2048,0.05,8626
DenseMatrix,int64_t,"AnalysisFlag::sparsity",2048,0.05,7906
DenseMatrix,int64_t,"AnalysisFlag::sparsity",2048,0.05,7815
DenseMatrix,int64_t,"AnalysisFlag::sparsity",2048,0.05,8777
DenseMatrix,int64_t,"AnalysisFlag::sparsity",2048,0.05,7694
DenseMatrix,int64_t,"AnalysisFlag::sparsity",2048,0.05,7716
DenseMatrix,int64_t,"AnalysisFlag::sparsity",2048,0.05,7686
DenseMatrix,int64_t,"AnalysisFlag::sparsity",4096,0.05,16083
DenseMatrix,int64_t,"AnalysisFlag::sparsity",4096,0.05,15480
DenseMatrix,int64_t,"AnalysisFlag::sparsity",4096,0.05,14867
DenseMatrix,int64_t,"AnalysisFlag::sparsity",4096,0.05,14018
DenseMatrix,int64_t,"AnalysisFlag::sparsity",4096,0.05,14579
DenseMatrix,int64_t,"AnalysisFlag::sparsity",4096,0.05,13849
DenseMatrix,int64_t,"AnalysisFlag::sparsity",4096,0.05,14720
DenseMatrix,int64_t,"AnalysisFlag::sparsity",4096,0.05,15424
DenseMatrix,int64_t,"AnalysisFlag::sparsity",4096,0.05,14923
DenseMatrix,int64_t,"AnalysisFlag::sparsity",4096,0.05,14282
DenseMatrix,double,"AnalysisFlag::sparsity",1024,0.1,5347
DenseMatrix,double,"AnalysisFlag::sparsity",1024,0.1,5198
DenseMatrix,double,"AnalysisFlag::sparsity",1024,0.1,5121
DenseMatrix,double,"AnalysisFlag::sparsity",1024,0.1,5152
DenseMatrix,double,"AnalysisFlag::sparsity",1024,0.1,5136
DenseMatrix,double,"AnalysisFlag::sparsity",1024,0.1,5140
DenseMatrix,double,"AnalysisFlag::sparsity",1024,0.1,5196
DenseMatrix,double,"AnalysisFlag::sparsity",1024,0.1,5159
DenseMatrix,double,"AnalysisFlag::sparsity",1024,0.1,5123
DenseMatrix,double,"AnalysisFlag::sparsity",1024,0.1,5308
DenseMatrix,double,"AnalysisFlag::sparsity",2048,0.1,8912
DenseMatrix,double,"AnalysisFlag::sparsity",2048,0.1,8401
DenseMatrix,double,"AnalysisFlag::sparsity",2048,0.1,8475
DenseMatrix,double,"AnalysisFlag::sparsity",2048,0.1,8359
DenseMatrix,double,"AnalysisFlag::sparsity",2048,0.1,8265
DenseMatrix,double,"AnalysisFlag::sparsity",2048,0.1,8482
DenseMatrix,double,"AnalysisFlag::sparsity",2048,0.1,8348
DenseMatrix,double,"AnalysisFlag::sparsity",2048,0.1,8400
DenseMatrix,double,"AnalysisFlag::sparsity",2048,0.1,8467
DenseMatrix,double,"AnalysisFlag::sparsity",2048,0.1,8433
DenseMatrix,double,"AnalysisFlag::sparsity",4096,0.1,15969
DenseMatrix,double,"AnalysisFlag::sparsity",4096,0.1,15123
DenseMatrix,double,"AnalysisFlag::sparsity",4096,0.1,15165
DenseMatrix,double,"AnalysisFlag::sparsity",4096,0.1,15105
DenseMatrix,double,"AnalysisFlag::sparsity",4096,0.1,15071
DenseMatrix,double,"AnalysisFlag::sparsity",4096,0.1,15036
DenseMatrix,double,"AnalysisFlag::sparsity",4096,0.1,14824
DenseMatrix,double,"AnalysisFlag::sparsity",4096,0.1,15003
DenseMatrix,double,"AnalysisFlag::sparsity",4096,0.1,15010
DenseMatrix,double,"AnalysisFlag::sparsity",4096,0.1,14856
DenseMatrix,int64_t,"AnalysisFlag::sparsity",1024,0.1,4798
DenseMatrix,int64_t,"AnalysisFlag::sparsity",1024,0.1,4688
DenseMatrix,int64_t,"AnalysisFlag::sparsity",1024,0.1,5016
DenseMatrix,int64_t,"AnalysisFlag::sparsity",1024,0.1,4654
DenseMatrix,int64_t,"AnalysisFlag::sparsity",1024,0.1,4972
DenseMatrix,int64_t,"AnalysisFlag::sparsity",1024,0.1,4624
DenseMatrix,int64_t,"AnalysisFlag::sparsity",1024,0.1,4915
DenseMatrix,int64_t,"AnalysisFlag::sparsity",1024,0.1,4848
DenseMatrix,int64_t,"AnalysisFlag::sparsity",1024,0.1,4700
DenseMatrix,int64_t,"AnalysisFlag::sparsity",1024,0.1,5249
DenseMatrix,int64_t,"AnalysisFlag::sparsity",2048,0.1,8279
DenseMatrix,int64_t,"AnalysisFlag::sparsity",2048,0.1,8156
DenseMatrix,int64_t,"AnalysisFlag::sparsity",2048,0.1,7623
DenseMatrix,int64_t,"AnalysisFlag::sparsity",2048,0.1,7614
DenseMatrix,int64_t,"AnalysisFlag::sparsity",2048,0.1,7371
DenseMatrix,int64_t,"AnalysisFlag::sparsity",2048,0.1,7863
DenseMatrix,int64_t,"AnalysisFlag::sparsity",2048,0.1,7784
DenseMatrix,int64_t,"AnalysisFlag::sparsity",2048,0.1,8190
DenseMatrix,int64_t,"AnalysisFlag::sparsity",2048,0.1,7837
DenseMatrix,int64_t,"AnalysisFlag::sparsity",2048,0.1,7687
DenseMatrix,int64_t,"AnalysisFlag::sparsity",4096,0.1,14867
DenseMatrix,int64_t,"AnalysisFlag::sparsity",4096,0.1,14536
DenseMatrix,int64_t,"AnalysisFlag::sparsity",4096,0.1,14053
DenseMatrix,int64_t,"AnalysisFlag::sparsity",4096,0.1,14258
DenseMatrix,int64_t,"AnalysisFlag::sparsity",4096,0.1,13330
DenseMatrix,int64_t,"AnalysisFlag::sparsity",4096,0.1,13465
DenseMatrix,int64_t,"AnalysisFlag::sparsity",4096,0.1,14537
DenseMatrix,int64_t,"AnalysisFlag::sparsity",4096,0.1,14504
DenseMatrix,int64_t,"AnalysisFlag::sparsity",4096,0.1,13624
DenseMatrix,int64_t,"AnalysisFlag::sparsity",4096,0.1,14353
DenseMatrix,double,"AnalysisFlag::sparsity",1024,0.2,5185
DenseMatrix,double,"AnalysisFlag::sparsity",1024,0.2,4762
DenseMatrix,double,"AnalysisFlag::sparsity",1024,0.2,4752
DenseMatrix,double,"AnalysisFlag::sparsity",1024,0.2,4949
DenseMatrix,double,"AnalysisFlag::sparsity",1024,0.2,4760
DenseMatrix,double,"AnalysisFlag::sparsity",1024,0.2,4738
DenseMatrix,double,"AnalysisFlag::sparsity",1024,0.2,4869
DenseMatrix,double,"AnalysisFlag::sparsity",1024,0.2,4814
DenseMatrix,double,"AnalysisFlag::sparsity",1024,0.2,4843
DenseMatrix,double,"AnalysisFlag::sparsity",1024,0.2,4798
DenseMatrix,double,"AnalysisFlag::sparsity",2048,0.2,8446
DenseMatrix,double,"AnalysisFlag::sparsity",2048,0.2,7700
DenseMatrix,double,"AnalysisFlag::sparsity",2048,0.2,7737
DenseMatrix,double,"AnalysisFlag::sparsity",2048,0.2,7711
DenseMatrix,double,"AnalysisFlag::sparsity",2048,0.2,7564
DenseMatrix,double,"AnalysisFlag::sparsity",2048,0.2,7648
DenseMatrix,double,"AnalysisFlag::sparsity",2048,0.2,7767
DenseMatrix,double,"AnalysisFlag::sparsity",2048,0.2,7733
DenseMatrix,double,"AnalysisFlag::sparsity",2048,0.2,7790
DenseMatrix,double,"AnalysisFlag::sparsity",2048,0.2,7531
DenseMatrix,double,"AnalysisFlag::sparsity",4096,0.2,14694
DenseMatrix,double,"AnalysisFlag::sparsity",4096,0.2,13377
DenseMatrix,double,"AnalysisFlag::sparsity",4096,0.2,13249
DenseMatrix,double,"AnalysisFlag::sparsity",4096,0.2,13369
DenseMatrix,double,"AnalysisFlag::sparsity",4096,0.2,13441
DenseMatrix,double,"AnalysisFlag::sparsity",4096,0.2,13378
DenseMatrix,double,"AnalysisFlag::sparsity",4096,0.2,13226
DenseMatrix,double,"AnalysisFlag::sparsity",4096,0.2,13488
DenseMatrix,double,"AnalysisFlag::sparsity",4096,0.2,13439
DenseMatrix,double,"AnalysisFlag::sparsity",4096,0.2,13484
DenseMatrix,int64_t,"AnalysisFlag::sparsity",1024,0.2,5015
DenseMatrix,int64_t,"AnalysisFlag::sparsity",1024,0.2,4662
DenseMatrix,int64_t,"AnalysisFlag::sparsity",1024,0.2,4669
DenseMatrix,int64_t,"AnalysisFlag::sparsity",1024,0.2,4591
DenseMatrix,int64_t,"AnalysisFlag::sparsity",1024,0.2,4345
DenseMatrix,int64_t,"AnalysisFlag::sparsity",1024,0.2,4461
DenseMatrix,int64_t,"AnalysisFlag::sparsity",1024,0.2,4716
DenseMatrix,int64_t,"AnalysisFlag::sparsity",1024,0.2,4580
DenseMatrix,int64_t,"AnalysisFlag::sparsity",1024,0.2,4476
DenseMatrix,int64_t,"AnalysisFlag::sparsity",1024,0.2,4674
DenseMatrix,int64_t,"AnalysisFlag::sparsity",2048,0.2,7989
DenseMatrix,int64_t,"AnalysisFlag::sparsity",2048,0.2,7470
DenseMatrix,int64_t,"AnalysisFlag::sparsity",2048,0.2,8659
DenseMatrix,int64_t,"AnalysisFlag::sparsity",2048,0.2,7215
DenseMatrix,int64_t,"AnalysisFlag::sparsity",2048,0.2,7319
DenseMatrix,int64_t,"AnalysisFlag::sparsity",2048,0.2,7420
DenseMatrix,int64_t,"AnalysisFlag::sparsity",2048,0.2,7370
DenseMatrix,int64_t,"AnalysisFlag::sparsity",2048,0.2,7308
DenseMatrix,int64_t,"AnalysisFlag::sparsity",2048,0.2,7608
DenseMatrix,int64_t,"AnalysisFlag::sparsity",2048,0.2,7108
DenseMatrix,int64_t,"AnalysisFlag::sparsity",4096,0.2,13655
DenseMatrix,int64_t,"AnalysisFlag::sparsity",4096,0.2,12380
DenseMatrix,int64_t,"AnalysisFlag::sparsity",4096,0.2,12123
DenseMatrix,int64_t,"AnalysisFlag::sparsity",4096,0.2,12527
DenseMatrix,int64_t,"AnalysisFlag::sparsity",4096,0.2,12354
DenseMatrix,int64_t,"AnalysisFlag::sparsity",4096,0.2,12915
DenseMatrix,int64_t,"AnalysisFlag::sparsity",4096,0.2,14145
DenseMatrix,int64_t,"AnalysisFlag::sparsity",4096,0.2,12431
DenseMatrix,int64_t,"AnalysisFlag::sparsity",4096,0.2,12496
DenseMatrix,int64_t,"AnalysisFlag::sparsity",4096,0.2,12427
DenseMatrix,double,"AnalysisFlag::sparsity",1024,0.25,5164
DenseMatrix,double,"AnalysisFlag::sparsity",1024,0.25,4710
DenseMatrix,double,"AnalysisFlag::sparsity",1024,0.25,4684
DenseMatrix,double,"AnalysisFlag::sparsity",1024,0.25,4696
DenseMatrix,double,"AnalysisFlag::sparsity",1024,0.25,4665
DenseMatrix,double,"AnalysisFlag::sparsity",1024,0.25,4547
DenseMatrix,double,"AnalysisFlag::sparsity",1024,0.25,4582
DenseMatrix,double,"AnalysisFlag::sparsity",1024,0.25,4684
DenseMatrix,double,"AnalysisFlag::sparsity",1024,0.25,4692
DenseMatrix,double,"AnalysisFlag::sparsity",1024,0.25,4662
DenseMatrix,double,"AnalysisFlag::sparsity",2048,0.25,8168
DenseMatrix,double,"AnalysisFlag::sparsity",2048,0.25,7369
DenseMatrix,double,"AnalysisFlag::sparsity",2048,0.25,7277
DenseMatrix,double,"AnalysisFlag::sparsity",2048,0.25,7238
DenseMatrix,double,"AnalysisFlag::sparsity",2048,0.25,7188
DenseMatrix,double,"AnalysisFlag::sparsity",2048,0.25,7234
DenseMatrix,double,"AnalysisFlag::sparsity",2048,0.25,7314
DenseMatrix,double,"AnalysisFlag::sparsity",2048,0.25,7309
DenseMatrix,double,"AnalysisFlag::sparsity",2048,0.25,7144
DenseMatrix,double,"AnalysisFlag::sparsity",2048,0.25,7367
DenseMatrix,double,"AnalysisFlag::sparsity",4096,0.25,14495
DenseMatrix,double,"AnalysisFlag::sparsity",4096,0.25,12662
DenseMatrix,double,"AnalysisFlag::sparsity",4096,0.25,12646
DenseMatrix,double,"AnalysisFlag::sparsity",4096,0.25,12911
DenseMatrix,double,"AnalysisFlag::sparsity",4096,0.25,12715
DenseMatrix,double,"AnalysisFlag::sparsity",4096,0.25,12855
DenseMatrix,double,"AnalysisFlag::sparsity",4096,0.25,12545
DenseMatrix,double,"AnalysisFlag::sparsity",4096,0.25,12607
DenseMatrix,double,"AnalysisFlag::sparsity",4096,0.25,12836
DenseMatrix,double,"AnalysisFlag::sparsity",4096,0.25,12624
DenseMatrix,int64_t,"AnalysisFlag::sparsity",1024,0.25,4940
DenseMatrix,int64_t,"AnalysisFlag::sparsity",1024,0.25,4597
DenseMatrix,int64_t,"AnalysisFlag::sparsity",1024,0.25,4359
DenseMatrix,int64_t,"AnalysisFlag::sparsity",1024,0.25,4353
DenseMatrix,int64_t,"AnalysisFlag::sparsity",1024,0.25,4294
DenseMatrix,int64_t,"AnalysisFlag::sparsity",1024,0.25,4394
DenseMatrix,int64_t,"AnalysisFlag::sparsity",1024,0.25,4430
DenseMatrix,int64_t,"AnalysisFlag::sparsity",1024,0.25,4570
DenseMatrix,int64_t,"AnalysisFlag::sparsity",1024,0.25,4470
DenseMatrix,int64_t,"AnalysisFlag::sparsity",1024,0.25,4599
DenseMatrix,int64_t,"AnalysisFlag::sparsity",2048,0.25,7670
DenseMatrix,int64_t,"AnalysisFlag::sparsity",2048,0.25,6793
DenseMatrix,int64_t,"AnalysisFlag::sparsity",2048,0.25,6883
DenseMatrix,int64_t,"AnalysisFlag::sparsity",2048,0.25,7104
DenseMatrix,int64_t,"AnalysisFlag::sparsity",2048,0.25,7180
DenseMatrix,int64_t,"AnalysisFlag::sparsity",2048,0.25,6802
DenseMatrix,int64_t,"AnalysisFlag::sparsity",2048,0.25,6666
DenseMatrix,int64_t,"AnalysisFlag::sparsity",2048,0.25,6692
DenseMatrix,int64_t,"AnalysisFlag::sparsity",2048,0.25,6883
DenseMatrix,int64_t,"AnalysisFlag::sparsity",2048,0.25,6723
DenseMatrix,int64_t,"AnalysisFlag::sparsity",4096,0.25,13905
DenseMatrix,int64_t,"AnalysisFlag::sparsity",4096,0.25,11834
DenseMatrix,int64_t,"AnalysisFlag::sparsity",4096,0.25,11522
DenseMatrix,int64_t,"AnalysisFlag::sparsity",4096,0.25,12040
DenseMatrix,int64_t,"AnalysisFlag::sparsity",4096,0.25,12023
DenseMatrix,int64_t,"AnalysisFlag::sparsity",4096,0.25,11824
DenseMatrix,int64_t,"AnalysisFlag::sparsity",4096,0.25,12038
DenseMatrix,int64_t,"AnalysisFlag::sparsity",4096,0.25,11996
DenseMatrix,int64_t,"AnalysisFlag::sparsity",4096,0.25,11986
DenseMatrix,int64_t,"AnalysisFlag::sparsity",4096,0.25,11808
DenseMatrix,double,"AnalysisFlag::sparsity",1024,1,4410
DenseMatrix,double,"AnalysisFlag::sparsity",1024,1,4309
DenseMatrix,double,"AnalysisFlag::sparsity",1024,1,4249
DenseMatrix,double,"AnalysisFlag::sparsity",1024,1,4347
DenseMatrix,double,"AnalysisFlag::sparsity",1024,1,4265
DenseMatrix,double,"AnalysisFlag::sparsity",1024,1,4121
DenseMatrix,double,"AnalysisFlag::sparsity",1024,1,4070
DenseMatrix,double,"AnalysisFlag::sparsity",1024,1,4328
DenseMatrix,double,"AnalysisFlag::sparsity",1024,1,4388
DenseMatrix,double,"AnalysisFlag::sparsity",1024,1,4391
DenseMatrix,double,"AnalysisFlag::sparsity",2048,1,6409
DenseMatrix,double,"AnalysisFlag::sparsity",2048,1,6127
DenseMatrix,double,"AnalysisFlag::sparsity",2048,1,6396
DenseMatrix,double,"AnalysisFlag::sparsity",2048,1,6588
DenseMatrix,double,"AnalysisFlag::sparsity",2048,1,6449
DenseMatrix,double,"AnalysisFlag::sparsity",2048,1,6379
DenseMatrix,double,"AnalysisFlag::sparsity",2048,1,6492
DenseMatrix,double,"AnalysisFlag::sparsity",2048,1,6357
DenseMatrix,double,"AnalysisFlag::sparsity",2048,1,6430
DenseMatrix,double,"AnalysisFlag::sparsity",2048,1,6352
DenseMatrix,double,"AnalysisFlag::sparsity",4096,1,10903
DenseMatrix,double,"AnalysisFlag::sparsity",4096,1,10607
DenseMatrix,double,"AnalysisFlag::sparsity",4096,1,10838
DenseMatrix,double,"AnalysisFlag::sparsity",4096,1,10752
DenseMatrix,double,"AnalysisFlag::sparsity",4096,1,10935
DenseMatrix,double,"AnalysisFlag::sparsity",4096,1,10868
DenseMatrix,double,"AnalysisFlag::sparsity",4096,1,10867
DenseMatrix,double,"AnalysisFlag::sparsity",4096,1,11158
DenseMatrix,double,"AnalysisFlag::sparsity",4096,1,10586
DenseMatrix,double,"AnalysisFlag::sparsity",4096,1,10538
DenseMatrix,int64_t,"AnalysisFlag::sparsity",1024,1,4340
DenseMatrix,int64_t,"AnalysisFlag::sparsity",1024,1,4024
DenseMatrix,int64_t,"AnalysisFlag::sparsity",1024,1,4385
DenseMatrix,int64_t,"AnalysisFlag::sparsity",1024,1,4327
DenseMatrix,int64_t,"AnalysisFlag::sparsity",1024,1,4178
DenseMatrix,int64_t,"AnalysisFlag::sparsity",1024,1,4130
DenseMatrix,int64_t,"AnalysisFlag::sparsity",1024,1,3960
DenseMatrix,int64_t,"AnalysisFlag::sparsity",1024,1,4157
DenseMatrix,int64_t,"AnalysisFlag::sparsity",1024,1,4507
DenseMatrix,int64_t,"AnalysisFlag::sparsity",1024,1,4446
DenseMatrix,int64_t,"AnalysisFlag::sparsity",2048,1,6100
DenseMatrix,int64_t,"AnalysisFlag::sparsity",2048,1,6148
DenseMatrix,int64_t,"AnalysisFlag::sparsity",2048,1,6223
DenseMatrix,int64_t,"AnalysisFlag::sparsity",2048,1,6429
DenseMatrix,int64_t,"AnalysisFlag::sparsity",2048,1,6398
DenseMatrix,int64_t,"AnalysisFlag::sparsity",2048,1,6278
DenseMatrix,int64_t,"AnalysisFlag::sparsity",2048,1,6550
DenseMatrix,int64_t,"AnalysisFlag::sparsity",2048,1,6161
DenseMatrix,int64_t,"AnalysisFlag::sparsity",2048,1,6231
DenseMatrix,int64_t,"AnalysisFlag::sparsity",2048,1,6315
DenseMatrix,int64_t,"AnalysisFlag::sparsity",4096,1,10714
DenseMatrix,int64_t,"AnalysisFlag::sparsity",4096,1,10685
DenseMatrix,int64_t,"AnalysisFlag::sparsity",4096,1,11112
DenseMatrix,int64_t,"AnalysisFlag::sparsity",4096,1,10927
DenseMatrix,int64_t,"AnalysisFlag::sparsity",4096,1,11120
DenseMatrix,int64_t,"AnalysisFlag::sparsity",4096,1,10868
DenseMatrix,int64_t,"AnalysisFlag::sparsity",4096,1,11313
DenseMatrix,int64_t,"AnalysisFlag::sparsity",4096,1,11302
DenseMatrix,int64_t,"AnalysisFlag::sparsity",4096,1,10802
DenseMatrix,int64_t,"AnalysisFlag::sparsity",4096,1,10339
CSRMatrix,double,"AnalysisFlag::sparsity",1024,0.001,11676
CSRMatrix,double,"AnalysisFlag::sparsity",1024,0.001,14119
CSRMatrix,double,"AnalysisFlag::sparsity",1024,0.001,11990
CSRMatrix,double,"AnalysisFlag::sparsity",1024,0.001,10910
CSRMatrix,double,"AnalysisFlag::sparsity",1024,0.001,11531
CSRMatrix,double,"AnalysisFlag::sparsity",1024,0.001,11421
CSRMatrix,double,"AnalysisFlag::sparsity",1024,0.001,12246
CSRMatrix,double,"AnalysisFlag::sparsity",1024,0.001,13085
CSRMatrix,double,"AnalysisFlag::sparsity",1024,0.001,13560
CSRMatrix,double,"AnalysisFlag::sparsity",1024,0.001,11039
CSRMatrix,double,"AnalysisFlag::sparsity",2048,0.001,21590
CSRMatrix,double,"AnalysisFlag::sparsity",2048,0.001,25480
CSRMatrix,double,"AnalysisFlag::sparsity",2048,0.001,26256
CSRMatrix,double,"AnalysisFlag::sparsity",2048,0.001,24873
CSRMatrix,double,"AnalysisFlag::sparsity",2048,0.001,25729
CSRMatrix,double,"AnalysisFlag::sparsity",2048,0.001,25568
CSRMatrix,double,"AnalysisFlag::sparsity",2048,0.001,25867
CSRMatrix,double,"AnalysisFlag::sparsity",2048,0.001,25938
CSRMatrix,double,"AnalysisFlag::sparsity",2048,0.001,25900
CSRMatrix,double,"AnalysisFlag::sparsity",2048,0.001,25571
CSRMatrix,double,"AnalysisFlag::sparsity",4096,0.001,45021
CSRMatrix,double,"AnalysisFlag::sparsity",4096,0.001,56007
CSRMatrix,double,"AnalysisFlag::sparsity",4096,0.001,53011
CSRMatrix,double,"AnalysisFlag::sparsity",4096,0.001,53710
CSRMatrix,double,"AnalysisFlag::sparsity",4096,0.001,55360
CSRMatrix,double,"AnalysisFlag::sparsity",4096,0.001,48153
CSRMatrix,double,"AnalysisFlag::sparsity",4096,0.001,52526
CSRMatrix,double,"AnalysisFlag::sparsity",4096,0.001,53224
CSRMatrix,double,"AnalysisFlag::sparsity",4096,0.001,55541
CSRMatrix,double,"AnalysisFlag::sparsity",4096,0.001,47460
CSRMatrix,int64_t,"AnalysisFlag::sparsity",1024,0.001,11166
CSRMatrix,int64_t,"AnalysisFlag::sparsity",1024,0.001,12706
CSRMatrix,int64_t,"AnalysisFlag::sparsity",1024,0.001,11918
CSRMatrix,int64_t,"AnalysisFlag::sparsity",1024,0.001,10603
CSRMatrix,int64_t,"AnalysisFlag::sparsity",1024,0.001,11419
CSRMatrix,int64_t,"AnalysisFlag::sparsity",1024,0.001,11615
CSRMatrix,int64_t,"AnalysisFlag::sparsity",1024,0.001,12108
CSRMatrix,int64_t,"AnalysisFlag::sparsity",1024,0.001,11915
CSRMatrix,int64_t,"AnalysisFlag::sparsity",1024,0.001,12082
CSRMatrix,int64_t,"AnalysisFlag::sparsity",1024,0.001,10813
CSRMatrix,int64_t,"AnalysisFlag::sparsity",2048,0.001,20260
CSRMatrix,int64_t,"AnalysisFlag::sparsity",2048,0.001,24772
CSRMatrix,int64_t,"AnalysisFlag::sparsity",2048,0.001,24278
CSRMatrix,int64_t,"AnalysisFlag::sparsity",2048,0.001,23195
CSRMatrix,int64_t,"AnalysisFlag::sparsity",2048,0.001,23933
CSRMatrix,int64_t,"AnalysisFlag::sparsity",2048,0.001,24116
CSRMatrix,int64_t,"AnalysisFlag::sparsity",2048,0.001,25972
CSRMatrix,int64_t,"AnalysisFlag::sparsity",2048,0.001,24635
CSRMatrix,int64_t,"AnalysisFlag::sparsity",2048,0.001,25089
CSRMatrix,int64_t,"AnalysisFlag::sparsity",2048,0.001,24728
CSRMatrix,int64_t,"AnalysisFlag::sparsity",4096,0.001,40946
CSRMatrix,int64_t,"AnalysisFlag::sparsity",4096,0.001,52024
CSRMatrix,int64_t,"AnalysisFlag::sparsity",4096,0.001,55098
CSRMatrix,int64_t,"AnalysisFlag::sparsity",4096,0.001,51597
CSRMatrix,int64_t,"AnalysisFlag::sparsity",4096,0.001,52327
CSRMatrix,int64_t,"AnalysisFlag::sparsity",4096,0.001,48350
CSRMatrix,int64_t,"AnalysisFlag::sparsity",4096,0.001,52028
CSRMatrix,int64_t,"AnalysisFlag::sparsity",4096,0.001,51479
CSRMatrix,int64_t,"AnalysisFlag::sparsity",4096,0.001,53393
CSRMatrix,int64_t,"AnalysisFlag::sparsity",4096,0.001,45760
CSRMatrix,double,"AnalysisFlag::sparsity",1024,0.01,11087
CSRMatrix,double,"AnalysisFlag::sparsity",1024,0.01,16162
CSRMatrix,double,"AnalysisFlag::sparsity",1024,0.01,15987
CSRMatrix,double,"AnalysisFlag::sparsity",1024,0.01,15501
CSRMatrix,double,"AnalysisFlag::sparsity",1024,0.01,16368
CSRMatrix,double,"AnalysisFlag::sparsity",1024,0.01,16218
CSRMatrix,double,"AnalysisFlag::sparsity",1024,0.01,16041
CSRMatrix,double,"AnalysisFlag::sparsity",1024,0.01,15785
CSRMatrix,double,"AnalysisFlag::sparsity",1024,0.01,16349
CSRMatrix,double,"AnalysisFlag::sparsity",1024,0.01,15907
CSRMatrix,double,"AnalysisFlag::sparsity",2048,0.01,21628
CSRMatrix,double,"AnalysisFlag::sparsity",2048,0.01,33678
CSRMatrix,double,"AnalysisFlag::sparsity",2048,0.01,33774
CSRMatrix,double,"AnalysisFlag::sparsity",2048,0.01,33347
CSRMatrix,double,"AnalysisFlag::sparsity",2048,0.01,33400
CSRMatrix,double,"AnalysisFlag::sparsity",2048,0.01,34176
CSRMatrix,double,"AnalysisFlag::sparsity",2048,0.01,34446
CSRMatrix,double,"AnalysisFlag::sparsity",2048,0.01,33247
CSRMatrix,double,"AnalysisFlag::sparsity",2048,0.01,33886
CSRMatrix,double,"AnalysisFlag::sparsity",2048,0.01,34028
CSRMatrix,double,"AnalysisFlag::sparsity",4096,0.01,42964
CSRMatrix,double,"AnalysisFlag::sparsity",4096,0.01,72770
CSRMatrix,double,"AnalysisFlag::sparsity",4096,0.01,70398
CSRMatrix,double,"AnalysisFlag::sparsity",4096,0.01,72295
CSRMatrix,double,"AnalysisFlag::sparsity",4096,0.01,70861
CSRMatrix,double,"AnalysisFlag::sparsity",4096,0.01,71235
CSRMatrix,double,"AnalysisFlag::sparsity",4096,0.01,72301
CSRMatrix,double,"AnalysisFlag::sparsity",4096,0.01,69249
CSRMatrix,double,"AnalysisFlag::sparsity",4096,0.01,69732
CSRMatrix,double,"AnalysisFlag::sparsity",4096,0.01,71795
CSRMatrix,int64_t,"AnalysisFlag::sparsity",1024,0.01,10593
CSRMatrix,int64_t,"AnalysisFlag::sparsity",1024,0.01,15768
CSRMatrix,int64_t,"AnalysisFlag::sparsity",1024,0.01,15697
CSRMatrix,int64_t,"AnalysisFlag::sparsity",1024,0.01,15146
CSRMatrix,int64_t,"AnalysisFlag::sparsity",1024,0.01,15772
CSRMatrix,int64_t,"AnalysisFlag::sparsity",1024,0.01,16124
CSRMatrix,int64_t,"AnalysisFlag::sparsity",1024,0.01,15845
CSRMatrix,int64_t,"AnalysisFlag::sparsity",1024,0.01,16107
CSRMatrix,int64_t,"AnalysisFlag::sparsity",1024,0.01,15776
CSRMatrix,int64_t,"AnalysisFlag::sparsity",1024,0.01,15641
CSRMatrix,int64_t,"AnalysisFlag::sparsity",2048,0.01,21990
CSRMatrix,int64_t,"AnalysisFlag::sparsity",2048,0.01,33659
CSRMatrix,int64_t,"AnalysisFlag::sparsity",2048,0.01,32645
CSRMatrix,int64_t,"AnalysisFlag::sparsity",2048,0.01,32272
CSRMatrix,int64_t,"AnalysisFlag::sparsity",2048,0.01,33090
CSRMatrix,int64_t,"AnalysisFlag::sparsity",2048,0.01,33562
CSRMatrix,int64_t,"AnalysisFlag::sparsity",2048,0.01,33372
CSRMatrix,int64_t,"AnalysisFlag::sparsity",2048,0.01,32326
CSRMatrix,int64_t,"AnalysisFlag::sparsity",2048,0.01,33397
CSRMatrix,int64_t,"AnalysisFlag::sparsity",2048,0.01,33069
CSRMatrix,int64_t,"AnalysisFlag::sparsity",4096,0.01,43652
CSRMatrix,int64_t,"AnalysisFlag::sparsity",4096,0.01,71954
CSRMatrix,int64_t,"AnalysisFlag::sparsity",4096,0.01,70936
CSRMatrix,int64_t,"AnalysisFlag::sparsity",4096,0.01,71663
CSRMatrix,int64_t,"AnalysisFlag::sparsity",4096,0.01,69115
CSRMatrix,int64_t,"AnalysisFlag::sparsity",4096,0.01,70999
CSRMatrix,int64_t,"AnalysisFlag::sparsity",4096,0.01,71049
CSRMatrix,int64_t,"AnalysisFlag::sparsity",4096,0.01,67240
CSRMatrix,int64_t,"AnalysisFlag::sparsity",4096,0.01,70333
CSRMatrix,int64_t,"AnalysisFlag::sparsity",4096,0.01,70860
CSRMatrix,double,"AnalysisFlag::sparsity",1024,0.05,13068
CSRMatrix,double,"AnalysisFlag::sparsity",1024,0.05,23367
CSRMatrix,double,"AnalysisFlag::sparsity",1024,0.05,23728
CSRMatrix,double,"AnalysisFlag::sparsity",1024,0.05,24345
CSRMatrix,double,"AnalysisFlag::sparsity",1024,0.05,23335
CSRMatrix,double,"AnalysisFlag::sparsity",1024,0.05,24261
CSRMatrix,double,"AnalysisFlag::sparsity",1024,0.05,23914
CSRMatrix,double,"AnalysisFlag::sparsity",1024,0.05,23211
CSRMatrix,double,"AnalysisFlag::sparsity",1024,0.05,23681
CSRMatrix,double,"AnalysisFlag::sparsity",1024,0.05,23813
CSRMatrix,double,"AnalysisFlag::sparsity",2048,0.05,24585
CSRMatrix,double,"AnalysisFlag::sparsity",2048,0.05,49192
CSRMatrix,double,"AnalysisFlag::sparsity",2048,0.05,50029
CSRMatrix,double,"AnalysisFlag::sparsity",2048,0.05,48113
CSRMatrix,double,"AnalysisFlag::sparsity",2048,0.05,48715
CSRMatrix,double,"AnalysisFlag::sparsity",2048,0.05,49114
CSRMatrix,double,"AnalysisFlag::sparsity",2048,0.05,49234
CSRMatrix,double,"AnalysisFlag::sparsity",2048,0.05,47465
CSRMatrix,double,"AnalysisFlag::sparsity",2048,0.05,47862
CSRMatrix,double,"AnalysisFlag::sparsity",2048,0.05,47769
CSRMatrix,double,"AnalysisFlag::sparsity",4096,0.05,46646
CSRMatrix,double,"AnalysisFlag::sparsity",4096,0.05,98934
CSRMatrix,double,"AnalysisFlag::sparsity",4096,0.05,98564
CSRMatrix,double,"AnalysisFlag::sparsity",4096,0.05,97869
CSRMatrix,double,"AnalysisFlag::sparsity",4096,0.05,97974
CSRMatrix,double,"AnalysisFlag::sparsity",4096,0.05,96217
CSRMatrix,double,"AnalysisFlag::sparsity",4096,0.05,97566
CSRMatrix,double,"AnalysisFlag::sparsity",4096,0.05,96523
CSRMatrix,double,"AnalysisFlag::sparsity",4096,0.05,97128
CSRMatrix,double,"AnalysisFlag::sparsity",4096,0.05,96186
CSRMatrix,int64_t,"AnalysisFlag::sparsity",1024,0.05,12807
CSRMatrix,int64_t,"AnalysisFlag::sparsity",1024,0.05,24164
CSRMatrix,int64_t,"AnalysisFlag::sparsity",1024,0.05,24237
CSRMatrix,int64_t,"AnalysisFlag::sparsity",1024,0.05,24542
CSRMatrix,int64_t,"AnalysisFlag::sparsity",1024,0.05,23591
CSRMatrix,int64_t,"AnalysisFlag::sparsity",1024,0.05,24422
CSRMatrix,int64_t,"AnalysisFlag::sparsity",1024,0.05,24123
CSRMatrix,int64_t,"AnalysisFlag::sparsity",1024,0.05,23256
CSRMatrix,int64_t,"AnalysisFlag::sparsity",1024,0.05,23415
CSRMatrix,int64_t,"AnalysisFlag::sparsity",1024,0.05,23827
CSRMatrix,int64_t,"AnalysisFlag::sparsity",2048,0.05,25505
CSRMatrix,int64_t,"AnalysisFlag::sparsity",2048,0.05,49574
CSRMatrix,int64_t,"AnalysisFlag::sparsity",2048,0.05,49916
CSRMatrix,int64_t,"AnalysisFlag::sparsity",2048,0.05,48568
CSRMatrix,int64_t,"AnalysisFlag::sparsity",2048,0.05,48374
CSRMatrix,int64_t,"AnalysisFlag::sparsity",2048,0.05,48765
CSRMatrix,int64_t,"AnalysisFlag::sparsity",2048,0.05,48675
CSRMatrix,int64_t,"AnalysisFlag::sparsity",2048,0.05,47402
CSRMatrix,int64_t,"AnalysisFlag::sparsity",2048,0.05,49869
CSRMatrix,int64_t,"AnalysisFlag::sparsity",2048,0.05,47987
CSRMatrix,int64_t,"AnalysisFlag::sparsity",4096,0.05,47629
CSRMatrix,int64_t,"AnalysisFlag::sparsity",4096,0.05,98649
CSRMatrix,int64_t,"AnalysisFlag::sparsity",4096,0.05,97460
CSRMatrix,int64_t,"AnalysisFlag::sparsity",4096,0.05,97973
CSRMatrix,int64_t,"AnalysisFlag::sparsity",4096,0.05,96479
CSRMatrix,int64_t,"AnalysisFlag::sparsity",4096,0.05,96097
CSRMatrix,int64_t,"AnalysisFlag::sparsity",4096,0.05,96871
CSRMatrix,int64_t,"AnalysisFlag::sparsity",4096,0.05,96053
CSRMatrix,int64_t,"AnalysisFlag::sparsity",4096,0.05,97005
CSRMatrix,int64_t,"AnalysisFlag::sparsity",4096,0.05,95628
CSRMatrix,double,"AnalysisFlag::sparsity",1024,0.1,14780
CSRMatrix,double,"AnalysisFlag::sparsity",1024,0.1,32055
CSRMatrix,double,"AnalysisFlag::sparsity",1024,0.1,31286
CSRMatrix,double,"AnalysisFlag::sparsity",1024,0.1,30613
CSRMatrix,double,"AnalysisFlag::sparsity",1024,0.1,30712
CSRMatrix,double,"AnalysisFlag::sparsity",1024,0.1,31143
CSRMatrix,double,"AnalysisFlag::sparsity",1024,0.1,30883
CSRMatrix,double,"AnalysisFlag::sparsity",1024,0.1,29720
CSRMatrix,double,"AnalysisFlag::sparsity",1024,0.1,30695
CSRMatrix,double,"AnalysisFlag::sparsity",1024,0.1,30426
CSRMatrix,double,"AnalysisFlag::sparsity",2048,0.1,26109
CSRMatrix,double,"AnalysisFlag::sparsity",2048,0.1,62930
CSRMatrix,double,"AnalysisFlag::sparsity",2048,0.1,61826
CSRMatrix,double,"AnalysisFlag::sparsity",2048,0.1,62380
CSRMatrix,double,"AnalysisFlag::sparsity",2048,0.1,60591
CSRMatrix,double,"AnalysisFlag::sparsity",2048,0.1,60339
CSRMatrix,double,"AnalysisFlag::sparsity",2048,0.1,59901
CSRMatrix,double,"AnalysisFlag::sparsity",2048,0.1,59690
CSRMatrix,double,"AnalysisFlag::sparsity",2048,0.1,59494
CSRMatrix,double,"AnalysisFlag::sparsity",2048,0.1,59090
CSRMatrix,double,"AnalysisFlag::sparsity",4096,0.1,47501
CSRMatrix,double,"AnalysisFlag::sparsity",4096,0.1,116353
CSRMatrix,double,"AnalysisFlag::sparsity",4096,0.1,112406
CSRMatrix,double,"AnalysisFlag::sparsity",4096,0.1,111641
CSRMatrix,double,"AnalysisFlag::sparsity",4096,0.1,112717
CSRMatrix,double,"AnalysisFlag::sparsity",4096,0.1,112179
CSRMatrix,double,"AnalysisFlag::sparsity",4096,0.1,110996
CSRMatrix,double,"AnalysisFlag::sparsity",4096,0.1,111181
CSRMatrix,double,"AnalysisFlag::sparsity",4096,0.1,112777
CSRMatrix,double,"AnalysisFlag::sparsity",4096,0.1,112053
CSRMatrix,int64_t,"AnalysisFlag::sparsity",1024,0.1,15266
CSRMatrix,int64_t,"AnalysisFlag::sparsity",1024,0.1,32498
CSRMatrix,int64_t,"AnalysisFlag::sparsity",1024,0.1,31934
CSRMatrix,int64_t,"AnalysisFlag::sparsity",1024,0.1,30743
CSRMatrix,int64_t,"AnalysisFlag::sparsity",1024,0.1,31232
CSRMatrix,int64_t,"AnalysisFlag::sparsity",1024,0.1,31150
CSRMatrix,int64_t,"AnalysisFlag::sparsity",1024,0.1,30419
CSRMatrix,int64_t,"AnalysisFlag::sparsity",1024,0.1,30302
CSRMatrix,int64_t,"AnalysisFlag::sparsity",1024,0.1,30659
CSRMatrix,int64_t,"AnalysisFlag::sparsity",1024,0.1,30165
CSRMatrix,int64_t,"AnalysisFlag::sparsity",2048,0.1,26280
CSRMatrix,int64_t,"AnalysisFlag::sparsity",2048,0.1,61897
CSRMatrix,int64_t,"AnalysisFlag::sparsity",2048,0.1,60059
CSRMatrix,int64_t,"AnalysisFlag::sparsity",2048,0.1,61452
CSRMatrix,int64_t,"AnalysisFlag::sparsity",2048,0.1,61225
CSRMatrix,int64_t,"AnalysisFlag::sparsity",2048,0.1,60983
CSRMatrix,int64_t,"AnalysisFlag::sparsity",2048,0.1,60043
CSRMatrix,int64_t,"AnalysisFlag::sparsity",2048,0.1,60552
CSRMatrix,int64_t,"AnalysisFlag::sparsity",2048,0.1,58756
CSRMatrix,int64_t,"AnalysisFlag::sparsity",2048,0.1,59867
CSRMatrix,int64_t,"AnalysisFlag::sparsity",4096,0.1,47457
CSRMatrix,int64_t,"AnalysisFlag::sparsity",4096,0.1,113719
CSRMatrix,int64_t,"AnalysisFlag::sparsity",4096,0.1,110963
CSRMatrix,int64_t,"AnalysisFlag::sparsity",4096,0.1,110971
CSRMatrix,int64_t,"AnalysisFlag::sparsity",4096,0.1,112151
CSRMatrix,int64_t,"AnalysisFlag::sparsity",4096,0.1,110091
CSRMatrix,int64_t,"AnalysisFlag::sparsity",4096,0.1,112313
CSRMatrix,int64_t,"AnalysisFlag::sparsity",4096,0.1,111058
CSRMatrix,int64_t,"AnalysisFlag::sparsity",4096,0.1,111436
CSRMatrix,int64_t,"AnalysisFlag::sparsity",4096,0.1,111082
CSRMatrix,double,"AnalysisFlag::sparsity",1024,0.2,15981
CSRMatrix,double,"AnalysisFlag::sparsity",1024,0.2,44668
CSRMatrix,double,"AnalysisFlag::sparsity",1024,0.2,43145
CSRMatrix,double,"AnalysisFlag::sparsity",1024,0.2,43085
CSRMatrix,double,"AnalysisFlag::sparsity",1024,0.2,43374
CSRMatrix,double,"AnalysisFlag::sparsity",1024,0.2,43407
CSRMatrix,double,"AnalysisFlag::sparsity",1024,0.2,42387
CSRMatrix,double,"AnalysisFlag::sparsity",1024,0.2,41795
CSRMatrix,double,"AnalysisFlag::sparsity",1024,0.2,42256
CSRMatrix,double,"AnalysisFlag::sparsity",1024,0.2,40822
CSRMatrix,double,"AnalysisFlag::sparsity",2048,0.2,26903
CSRMatrix,double,"AnalysisFlag::sparsity",2048,0.2,79184
CSRMatrix,double,"AnalysisFlag::sparsity",2048,0.2,76092
CSRMatrix,double,"AnalysisFlag::sparsity",2048,0.2,76484
CSRMatrix,double,"AnalysisFlag::sparsity",2048,0.2,77595
CSRMatrix,double,"AnalysisFlag::sparsity",2048,0.2,75527
CSRMatrix,double,"AnalysisFlag::sparsity",2048,0.2,73472
CSRMatrix,double,"AnalysisFlag::sparsity",2048,0.2,73911
CSRMatrix,double,"AnalysisFlag::sparsity",2048,0.2,74256
CSRMatrix,double,"AnalysisFlag::sparsity",2048,0.2,73407
CSRMatrix,double,"AnalysisFlag::sparsity",4096,0.2,47827
CSRMatrix,double,"AnalysisFlag::sparsity",4096,0.2,138556
CSRMatrix,double,"AnalysisFlag::sparsity",4096,0.2,139055
CSRMatrix,double,"AnalysisFlag::sparsity",4096,0.2,136386
CSRMatrix,double,"AnalysisFlag::sparsity",4096,0.2,137377
CSRMatrix,double,"AnalysisFlag::sparsity",4096,0.2,140821
CSRMatrix,double,"AnalysisFlag::sparsity",4096,0.2,138380
CSRMatrix,double,"AnalysisFlag::sparsity",4096,0.2,136780
CSRMatrix,double,"AnalysisFlag::sparsity",4096,0.2,136494
CSRMatrix,double,"AnalysisFlag::sparsity",4096,0.2,135121
CSRMatrix,int64_t,"AnalysisFlag::sparsity",1024,0.2,16280
CSRMatrix,int64_t,"AnalysisFlag::sparsity",1024,0.2,46100
CSRMatrix,int64_t,"AnalysisFlag::sparsity",1024,0.2,43841
CSRMatrix,int64_t,"AnalysisFlag::sparsity",1024,0.2,42897
CSRMatrix,int64_t,"AnalysisFlag::sparsity",1024,0.2,42486
CSRMatrix,int64_t,"AnalysisFlag::sparsity",1024,0.2,42099
CSRMatrix,int64_t,"AnalysisFlag::sparsity",1024,0.2,41135
CSRMatrix,int64_t,"AnalysisFlag::sparsity",1024,0.2,40823
CSRMatrix,int64_t,"AnalysisFlag::sparsity",1024,0.2,41013
CSRMatrix,int64_t,"AnalysisFlag::sparsity",1024,0.2,40784
CSRMatrix,int64_t,"AnalysisFlag::sparsity",2048,0.2,26942
CSRMatrix,int64_t,"AnalysisFlag::sparsity",2048,0.2,78295
CSRMatrix,int64_t,"AnalysisFlag::sparsity",2048,0.2,76225
CSRMatrix,int64_t,"AnalysisFlag::sparsity",2048,0.2,73654
CSRMatrix,int64_t,"AnalysisFlag::sparsity",2048,0.2,74648
CSRMatrix,int64_t,"AnalysisFlag::sparsity",2048,0.2,73658
CSRMatrix,int64_t,"AnalysisFlag::sparsity",2048,0.2,73230
CSRMatrix,int64_t,"AnalysisFlag::sparsity",2048,0.2,72902
CSRMatrix,int64_t,"AnalysisFlag::sparsity",2048,0.2,73800
CSRMatrix,int64_t,"AnalysisFlag::sparsity",2048,0.2,72966
CSRMatrix,int64_t,"AnalysisFlag::sparsity",4096,0.2,48240
CSRMatrix,int64_t,"AnalysisFlag::sparsity",4096,0.2,140108
CSRMatrix,int64_t,"AnalysisFlag::sparsity",4096,0.2,137272
CSRMatrix,int64_t,"AnalysisFlag::sparsity",4096,0.2,136582
CSRMatrix,int64_t,"AnalysisFlag::sparsity",4096,0.2,137415
CSRMatrix,int64_t,"AnalysisFlag::sparsity",4096,0.2,137756
CSRMatrix,int64_t,"AnalysisFlag::sparsity",4096,0.2,136718
CSRMatrix,int64_t,"AnalysisFlag::sparsity",4096,0.2,136256
CSRMatrix,int64_t,"AnalysisFlag::sparsity",4096,0.2,136692
CSRMatrix,int64_t,"AnalysisFlag::sparsity",4096,0.2,134036
CSRMatrix,double,"AnalysisFlag::sparsity",1024,0.25,16763
CSRMatrix,double,"AnalysisFlag::sparsity",1024,0.25,50594
CSRMatrix,double,"AnalysisFlag::sparsity",1024,0.25,48937
CSRMatrix,double,"AnalysisFlag::sparsity",1024,0.25,47121
CSRMatrix,double,"AnalysisFlag::sparsity",1024,0.25,46969
CSRMatrix,double,"AnalysisFlag::sparsity",1024,0.25,45622
CSRMatrix,double,"AnalysisFlag::sparsity",1024,0.25,45732
CSRMatrix,double,"AnalysisFlag::sparsity",1024,0.25,45045
CSRMatrix,double,"AnalysisFlag::sparsity",1024,0.25,47409
CSRMatrix,double,"AnalysisFlag::sparsity",1024,0.25,44933
CSRMatrix,double,"AnalysisFlag::sparsity",2048,0.25,27604
CSRMatrix,double,"AnalysisFlag::sparsity",2048,0.25,86799
CSRMatrix,double,"AnalysisFlag::sparsity",2048,0.25,81794
CSRMatrix,double,"AnalysisFlag::sparsity",2048,0.25,80977
CSRMatrix,double,"AnalysisFlag::sparsity",2048,0.25,84426
CSRMatrix,double,"AnalysisFlag::sparsity",2048,0.25,81477
CSRMatrix,double,"AnalysisFlag::sparsity",2048,0.25,82006
CSRMatrix,double,"AnalysisFlag::sparsity",2048,0.25,80263
CSRMatrix,double,"AnalysisFlag::sparsity",2048,0.25,80551
CSRMatrix,double,"AnalysisFlag::sparsity",2048,0.25,80000
CSRMatrix,double,"AnalysisFlag::sparsity",4096,0.25,48291
CSRMatrix,double,"AnalysisFlag::sparsity",4096,0.25,162257
CSRMatrix,double,"AnalysisFlag::sparsity",4096,0.25,152139
CSRMatrix,double,"AnalysisFlag::sparsity",4096,0.25,152421
CSRMatrix,double,"AnalysisFlag::sparsity",4096,0.25,154314
CSRMatrix,double,"AnalysisFlag::sparsity",4096,0.25,150714
CSRMatrix,double,"AnalysisFlag::sparsity",4096,0.25,152225
CSRMatrix,double,"AnalysisFlag::sparsity",4096,0.25,152996
CSRMatrix,double,"AnalysisFlag::sparsity",4096,0.25,152401
CSRMatrix,double,"AnalysisFlag::sparsity",4096,0.25,147923
CSRMatrix,int64_t,"AnalysisFlag::sparsity",1024,0.25,16371
CSRMatrix,int64_t,"AnalysisFlag::sparsity",1024,0.25,49895
CSRMatrix,int64_t,"AnalysisFlag::sparsity",1024,0.25,48178
CSRMatrix,int64_t,"AnalysisFlag::sparsity",1024,0.25,46904
CSRMatrix,int64_t,"AnalysisFlag::sparsity",1024,0.25,47003
CSRMatrix,int64_t,"AnalysisFlag::sparsity",1024,0.25,45472
CSRMatrix,int64_t,"AnalysisFlag::sparsity",1024,0.25,44557
CSRMatrix,int64_t,"AnalysisFlag::sparsity",1024,0.25,44692
CSRMatrix,int64_t,"AnalysisFlag::sparsity",1024,0.25,45566
CSRMatrix,int64_t,"AnalysisFlag::sparsity",1024,0.25,44041
CSRMatrix,int64_t,"AnalysisFlag::sparsity",2048,0.25,26199
CSRMatrix,int64_t,"AnalysisFlag::sparsity",2048,0.25,81725
CSRMatrix,int64_t,"AnalysisFlag::sparsity",2048,0.25,83110
CSRMatrix,int64_t,"AnalysisFlag::sparsity",2048,0.25,81674
CSRMatrix,int64_t,"AnalysisFlag::sparsity",2048,0.25,81581
CSRMatrix,int64_t,"AnalysisFlag::sparsity",2048,0.25,82017
CSRMatrix,int64_t,"AnalysisFlag::sparsity",2048,0.25,82507
CSRMatrix,int64_t,"AnalysisFlag::sparsity",2048,0.25,84464
CSRMatrix,int64_t,"AnalysisFlag::sparsity",2048,0.25,81631
CSRMatrix,int64_t,"AnalysisFlag::sparsity",2048,0.25,81579
CSRMatrix,int64_t,"AnalysisFlag::sparsity",4096,0.25,46510
CSRMatrix,int64_t,"AnalysisFlag::sparsity",4096,0.25,155662
CSRMatrix,int64_t,"AnalysisFlag::sparsity",4096,0.25,152538
CSRMatrix,int64_t,"AnalysisFlag::sparsity",4096,0.25,153586
CSRMatrix,int64_t,"AnalysisFlag::sparsity",4096,0.25,152938
CSRMatrix,int64_t,"AnalysisFlag::sparsity",4096,0.25,153114
CSRMatrix,int64_t,"AnalysisFlag::sparsity",4096,0.25,153365
CSRMatrix,int64_t,"AnalysisFlag::sparsity",4096,0.25,155878
CSRMatrix,int64_t,"AnalysisFlag::sparsity",4096,0.25,173967
CSRMatrix,int64_t,"AnalysisFlag::sparsity",4096,0.25,150778
CSRMatrix,double,"AnalysisFlag::sparsity",1024,1,16488
CSRMatrix,double,"AnalysisFlag::sparsity",1024,1,138864
CSRMatrix,double,"AnalysisFlag::sparsity",1024,1,144123
CSRMatrix,double,"AnalysisFlag::sparsity",1024,1,139314
CSRMatrix,double,"AnalysisFlag::sparsity",1024,1,138842
CSRMatrix,double,"AnalysisFlag::sparsity",1024,1,135705
CSRMatrix,double,"AnalysisFlag::sparsity",1024,1,140208
CSRMatrix,double,"AnalysisFlag::sparsity",1024,1,133214
CSRMatrix,double,"AnalysisFlag::sparsity",1024,1,136729
CSRMatrix,double,"AnalysisFlag::sparsity",1024,1,140049
CSRMatrix,double,"AnalysisFlag::sparsity",2048,1,27295
CSRMatrix,double,"AnalysisFlag::sparsity",2048,1,411660
CSRMatrix,double,"AnalysisFlag::sparsity",2048,1,432062
CSRMatrix,double,"AnalysisFlag::sparsity",2048,1,420632
CSRMatrix,double,"AnalysisFlag::sparsity",2048,1,420921
CSRMatrix,double,"AnalysisFlag::sparsity",2048,1,419853
CSRMatrix,double,"AnalysisFlag::sparsity",2048,1,406727
CSRMatrix,double,"AnalysisFlag::sparsity",2048,1,420869
CSRMatrix,double,"AnalysisFlag::sparsity",2048,1,424987
CSRMatrix,double,"AnalysisFlag::sparsity",2048,1,417819
CSRMatrix,double,"AnalysisFlag::sparsity",4096,1,48704
CSRMatrix,double,"AnalysisFlag::sparsity",4096,1,1.24886e+06
CSRMatrix,double,"AnalysisFlag::sparsity",4096,1,1.26282e+06
CSRMatrix,double,"AnalysisFlag::sparsity",4096,1,1.27585e+06
CSRMatrix,double,"AnalysisFlag::sparsity",4096,1,1.2328e+06
CSRMatrix,double,"AnalysisFlag::sparsity",4096,1,1.23189e+06
CSRMatrix,double,"AnalysisFlag::sparsity",4096,1,1.22416e+06
CSRMatrix,double,"AnalysisFlag::sparsity",4096,1,1.23896e+06
CSRMatrix,double,"AnalysisFlag::sparsity",4096,1,1.24129e+06
CSRMatrix,double,"AnalysisFlag::sparsity",4096,1,1.27386e+06
CSRMatrix,int64_t,"AnalysisFlag::sparsity",1024,1,16355
CSRMatrix,int64_t,"AnalysisFlag::sparsity",1024,1,138956
CSRMatrix,int64_t,"AnalysisFlag::sparsity",1024,1,139929
CSRMatrix,int64_t,"AnalysisFlag::sparsity",1024,1,134064
CSRMatrix,int64_t,"AnalysisFlag::sparsity",1024,1,134698
CSRMatrix,int64_t,"AnalysisFlag::sparsity",1024,1,137108
CSRMatrix,int64_t,"AnalysisFlag::sparsity",1024,1,137924
CSRMatrix,int64_t,"AnalysisFlag::sparsity",1024,1,132784
CSRMatrix,int64_t,"AnalysisFlag::sparsity",1024,1,135879
CSRMatrix,int64_t,"AnalysisFlag::sparsity",1024,1,134245
CSRMatrix,int64_t,"AnalysisFlag::sparsity",2048,1,27291
CSRMatrix,int64_t,"AnalysisFlag::sparsity",2048,1,417341
CSRMatrix,int64_t,"AnalysisFlag::sparsity",2048,1,426453
CSRMatrix,int64_t,"AnalysisFlag::sparsity",2048,1,412023
CSRMatrix,int64_t,"AnalysisFlag::sparsity",2048,1,412156
CSRMatrix,int64_t,"AnalysisFlag::sparsity",2048,1,423003
CSRMatrix,int64_t,"AnalysisFlag::sparsity",2048,1,410627
CSRMatrix,int64_t,"AnalysisFlag::sparsity",2048,1,411169
CSRMatrix,int64_t,"AnalysisFlag::sparsity",2048,1,417047
CSRMatrix,int64_t,"AnalysisFlag::sparsity",2048,1,415667
CSRMatrix,int64_t,"AnalysisFlag::sparsity",4096,1,47274
CSRMatrix,int64_t,"AnalysisFlag::sparsity",4096,1,1.12742e+06
CSRMatrix,int64_t,"AnalysisFlag::sparsity",4096,1,1.13712e+06
CSRMatrix,int64_t,"AnalysisFlag::sparsity",4096,1,1.15214e+06
CSRMatrix,int64_t,"AnalysisFlag::sparsity",4096,1,1.13286e+06
CSRMatrix,int64_t,"AnalysisFlag::sparsity",4096,1,1.13021e+06
CSRMatrix,int64_t,"AnalysisFlag::sparsity",4096,1,1.11801e+06
CSRMatrix,int64_t,"AnalysisFlag::sparsity",4096,1,1.12039e+06
CSRMatrix,int64_t,"AnalysisFlag::sparsity",4096,1,1.12307e+06
CSRMatrix,int64_t,"AnalysisFlag::sparsity",4096,1,1.14771e+06
DenseMatrix,double,"AnalysisFlag::symmetry",1024,0.001,15499
DenseMatrix,double,"AnalysisFlag::symmetry",1024,0.001,4671
DenseMatrix,double,"AnalysisFlag::symmetry",1024,0.001,5092
DenseMatrix,double,"AnalysisFlag::symmetry",1024,0.001,4786
DenseMatrix,double,"AnalysisFlag::symmetry",1024,0.001,5549
DenseMatrix,double,"AnalysisFlag::symmetry",1024,0.001,4308
DenseMatrix,double,"AnalysisFlag::symmetry",1024,0.001,4311
DenseMatrix,double,"AnalysisFlag::symmetry",1024,0.001,4130
DenseMatrix,double,"AnalysisFlag::symmetry",1024,0.001,4478
DenseMatrix,double,"AnalysisFlag::symmetry",1024,0.001,4128
DenseMatrix,double,"AnalysisFlag::symmetry",2048,0.001,18904
DenseMatrix,double,"AnalysisFlag::symmetry",2048,0.001,8427
DenseMatrix,double,"AnalysisFlag::symmetry",2048,0.001,8618
DenseMatrix,double,"AnalysisFlag::symmetry",2048,0.001,8642
DenseMatrix,double,"AnalysisFlag::symmetry",2048,0.001,9170
DenseMatrix,double,"AnalysisFlag::symmetry",2048,0.001,8170
DenseMatrix,double,"AnalysisFlag::symmetry",2048,0.001,8500
DenseMatrix,double,"AnalysisFlag::symmetry",2048,0.001,8205
DenseMatrix,double,"AnalysisFlag::symmetry",2048,0.001,8891
DenseMatrix,double,"AnalysisFlag::symmetry",2048,0.001,8221
DenseMatrix,double,"AnalysisFlag::symmetry",4096,0.001,36830
DenseMatrix,double,"AnalysisFlag::symmetry",4096,0.001,16671
DenseMatrix,double,"AnalysisFlag::symmetry",4096,0.001,16797
DenseMatrix,double,"AnalysisFlag::symmetry",4096,0.001,16488
DenseMatrix,double,"AnalysisFlag::symmetry",4096,0.001,24562
DenseMatrix,double,"AnalysisFlag::symmetry",4096,0.001,16252
DenseMatrix,double,"AnalysisFlag::symmetry",4096,0.001,16573
DenseMatrix,double,"AnalysisFlag::symmetry",4096,0.001,16211
DenseMatrix,double,"AnalysisFlag::symmetry",4096,0.001,15962
DenseMatrix,double,"AnalysisFlag::symmetry",4096,0.001,15767
DenseMatrix,int64_t,"AnalysisFlag::symmetry",1024,0.001,14319
DenseMatrix,int64_t,"AnalysisFlag::symmetry",1024,0.001,4022
DenseMatrix,int64_t,"AnalysisFlag::symmetry",1024,0.001,4329
DenseMatrix,int64_t,"AnalysisFlag::symmetry",1024,0.001,4554
DenseMatrix,int64_t,"AnalysisFlag::symmetry",1024,0.001,5296
DenseMatrix,int64_t,"AnalysisFlag::symmetry",1024,0.001,4287
DenseMatrix,int64_t,"AnalysisFlag::symmetry",1024,0.001,4365
DenseMatrix,int64_t,"AnalysisFlag::symmetry",1024,0.001,4169
DenseMatrix,int64_t,"AnalysisFlag::symmetry",1024,0.001,4450
DenseMatrix,int64_t,"AnalysisFlag::symmetry",1024,0.001,4162
DenseMatrix,int64_t,"AnalysisFlag::symmetry",2048,0.001,17267
DenseMatrix,int64_t,"AnalysisFlag::symmetry",2048,0.001,8339
DenseMatrix,int64_t,"AnalysisFlag::symmetry",2048,0.001,7900
DenseMatrix,int64_t,"AnalysisFlag::symmetry",2048,0.001,8043
DenseMatrix,int64_t,"AnalysisFlag::symmetry",2048,0.001,8389
DenseMatrix,int64_t,"AnalysisFlag::symmetry",2048,0.001,8117
DenseMatrix,int64_t,"AnalysisFlag::symmetry",2048,0.001,7514
DenseMatrix,int64_t,"AnalysisFlag::symmetry",2048,0.001,7290
DenseMatrix,int64_t,"AnalysisFlag::symmetry",2048,0.001,8083
DenseMatrix,int64_t,"AnalysisFlag::symmetry",2048,0.001,8327
DenseMatrix,int64_t,"AnalysisFlag::symmetry",4096,0.001,34805
DenseMatrix,int64_t,"AnalysisFlag::symmetry",4096,0.001,16346
DenseMatrix,int64_t,"AnalysisFlag::symmetry",4096,0.001,16549
DenseMatrix,int64_t,"AnalysisFlag::symmetry",4096,0.001,16456
DenseMatrix,int64_t,"AnalysisFlag::symmetry",4096,0.001,24404
DenseMatrix,int64_t,"AnalysisFlag::symmetry",4096,0.001,15755
DenseMatrix,int64_t,"AnalysisFlag::symmetry",4096,0.001,16380
DenseMatrix,int64_t,"AnalysisFlag::symmetry",4096,0.001,15755
DenseMatrix,int64_t,"AnalysisFlag::symmetry",4096,0.001,15812
DenseMatrix,int64_t,"AnalysisFlag::symmetry",4096,0.001,14483
DenseMatrix,double,"AnalysisFlag::symmetry",1024,0.01,24825
DenseMatrix,double,"AnalysisFlag::symmetry",1024,0.01,5552
DenseMatrix,double,"AnalysisFlag::symmetry",1024,0.01,5561
DenseMatrix,double,"AnalysisFlag::symmetry",1024,0.01,5458
DenseMatrix,double,"AnalysisFlag::symmetry",1024,0.01,5639
DenseMatrix,double,"AnalysisFlag::symmetry",1024,0.01,5335
DenseMatrix,double,"AnalysisFlag::symmetry",1024,0.01,5500
DenseMatrix,double,"AnalysisFlag::symmetry",1024,0.01,5717
DenseMatrix,double,"AnalysisFlag::symmetry",1024,0.01,5070
DenseMatrix,double,"AnalysisFlag::symmetry",1024,0.01,4719
DenseMatrix,double,"AnalysisFlag::symmetry",2048,0.01,35040
DenseMatrix,double,"AnalysisFlag::symmetry",2048,0.01,9286
DenseMatrix,double,"AnalysisFlag::symmetry",2048,0.01,9308
DenseMatrix,double,"AnalysisFlag::symmetry",2048,0.01,9124
DenseMatrix,double,"AnalysisFlag::symmetry",2048,0.01,9134
DenseMatrix,double,"AnalysisFlag::symmetry",2048,0.01,9182
DenseMatrix,double,"AnalysisFlag::symmetry",2048,0.01,9161
DenseMatrix,double,"AnalysisFlag::symmetry",2048,0.01,9078
DenseMatrix,double,"AnalysisFlag::symmetry",2048,0.01,9104
DenseMatrix,double,"AnalysisFlag::symmetry",2048,0.01,9096
DenseMatrix,double,"AnalysisFlag::symmetry",4096,0.01,41480
DenseMatrix,double,"AnalysisFlag::symmetry",4096,0.01,16590
DenseMatrix,double,"AnalysisFlag::symmetry",4096,0.01,16620
DenseMatrix,double,"AnalysisFlag::symmetry",4096,0.01,16699
DenseMatrix,double,"AnalysisFlag::symmetry",4096,0.01,16489
DenseMatrix,double,"AnalysisFlag::symmetry",4096,0.01,16651
DenseMatrix,double,"AnalysisFlag::symmetry",4096,0.01,16638
DenseMatrix,double,"AnalysisFlag::symmetry",4096,0.01,16611
DenseMatrix,double,"AnalysisFlag::symmetry",4096,0.01,16637
DenseMatrix,double,"AnalysisFlag::symmetry",4096,0.01,16466
DenseMatrix,int64_t,"AnalysisFlag::symmetry",1024,0.01,22874
DenseMatrix,int64_t,"AnalysisFlag::symmetry",1024,0.01,5200
DenseMatrix,int64_t,"AnalysisFlag::symmetry",1024,0.01,5582
DenseMatrix,int64_t,"AnalysisFlag::symmetry",1024,0.01,5293
DenseMatrix,int64_t,"AnalysisFlag::symmetry",1024,0.01,5381
DenseMatrix,int64_t,"AnalysisFlag::symmetry",1024,0.01,4977
DenseMatrix,int64_t,"AnalysisFlag::symmetry",1024,0.01,5071
DenseMatrix,int64_t,"AnalysisFlag::symmetry",1024,0.01,4924
DenseMatrix,int64_t,"AnalysisFlag::symmetry",1024,0.01,4803
DenseMatrix,int64_t,"AnalysisFlag::symmetry",1024,0.01,4598
DenseMatrix,int64_t,"AnalysisFlag::symmetry",2048,0.01,32560
DenseMatrix,int64_t,"AnalysisFlag::symmetry",2048,0.01,9015
DenseMatrix,int64_t,"AnalysisFlag::symmetry",2048,0.01,9008
DenseMatrix,int64_t,"AnalysisFlag::symmetry",2048,0.01,8608
DenseMatrix,int64_t,"AnalysisFlag::symmetry",2048,0.01,8662
DenseMatrix,int64_t,"AnalysisFlag::symmetry",2048,0.01,8339
DenseMatrix,int64_t,"AnalysisFlag::symmetry",2048,0.01,8512
DenseMatrix,int64_t,"AnalysisFlag::symmetry",2048,0.01,8666
DenseMatrix,int64_t,"AnalysisFlag::symmetry",2048,0.01,8941
DenseMatrix,int64_t,"AnalysisFlag::symmetry",2048,0.01,8553
DenseMatrix,int64_t,"AnalysisFlag::symmetry",4096,0.01,38890
DenseMatrix,int64_t,"AnalysisFlag::symmetry",4096,0.01,15625
DenseMatrix,int64_t,"AnalysisFlag::symmetry",4096,0.01,15610
DenseMatrix,int64_t,"AnalysisFlag::symmetry",4096,0.01,15327
DenseMatrix,int64_t,"AnalysisFlag::symmetry",4096,0.01,15505
DenseMatrix,int64_t,"AnalysisFlag::symmetry",4096,0.01,16370
DenseMatrix,int64_t,"AnalysisFlag::symmetry",4096,0.01,14845
DenseMatrix,int64_t,"AnalysisFlag::symmetry",4096,0.01,15068
DenseMatrix,int64_t,"AnalysisFlag::symmetry",4096,0.01,14972
DenseMatrix,int64_t,"AnalysisFlag::symmetry",4096,0.01,14573
DenseMatrix,double,"AnalysisFlag::symmetry",1024,0.05,31175
DenseMatrix,double,"AnalysisFlag::symmetry",1024,0.05,5291
DenseMatrix,double,"AnalysisFlag::symmetry",1024,0.05,5396
DenseMatrix,double,"AnalysisFlag::symmetry",1024,0.05,5377
DenseMatrix,double,"AnalysisFlag::symmetry",1024,0.05,14562
DenseMatrix,double,"AnalysisFlag::symmetry",1024,0.05,5424
DenseMatrix,double,"AnalysisFlag::symmetry",1024,0.05,5384
DenseMatrix,double,"AnalysisFlag::symmetry",1024,0.05,5392
DenseMatrix,double,"AnalysisFlag::symmetry",1024,0.05,5294
DenseMatrix,double,"AnalysisFlag::symmetry",1024,0.05,5264
DenseMatrix,double,"AnalysisFlag::symmetry",2048,0.05,33436
DenseMatrix,double,"AnalysisFlag::symmetry",2048,0.05,16978
DenseMatrix,double,"AnalysisFlag::symmetry",2048,0.05,9029
DenseMatrix,double,"AnalysisFlag::symmetry",2048,0.05,8863
DenseMatrix,double,"AnalysisFlag::symmetry",2048,0.05,16802
DenseMatrix,double,"AnalysisFlag::symmetry",2048,0.05,9055
DenseMatrix,double,"AnalysisFlag::symmetry",2048,0.05,17997
DenseMatrix,double,"AnalysisFlag::symmetry",2048,0.05,8857
DenseMatrix,double,"AnalysisFlag::symmetry",2048,0.05,16664
DenseMatrix,double,"AnalysisFlag::symmetry",2048,0.05,8881
DenseMatrix,double,"AnalysisFlag::symmetry",4096,0.05,42135
DenseMatrix,double,"AnalysisFlag::symmetry",4096,0.05,23728
DenseMatrix,double,"AnalysisFlag::symmetry",4096,0.05,16065
DenseMatrix,double,"AnalysisFlag::symmetry",4096,0.05,23376
DenseMatrix,double,"AnalysisFlag::symmetry",4096,0.05,15879
DenseMatrix,double,"AnalysisFlag::symmetry",4096,0.05,15980
DenseMatrix,double,"AnalysisFlag::symmetry",4096,0.05,23541
DenseMatrix,double,"AnalysisFlag::symmetry",4096,0.05,16044
DenseMatrix,double,"AnalysisFlag::symmetry",4096,0.05,23390
DenseMatrix,double,"AnalysisFlag::symmetry",4096,0.05,23675
DenseMatrix,int64_t,"AnalysisFlag::symmetry",1024,0.05,29694
DenseMatrix,int64_t,"AnalysisFlag::symmetry",1024,0.05,5031
DenseMatrix,int64_t,"AnalysisFlag::symmetry",1024,0.05,5222
DenseMatrix,int64_t,"AnalysisFlag::symmetry",1024,0.05,5141
DenseMatrix,int64_t,"AnalysisFlag::symmetry",1024,0.05,14412
DenseMatrix,int64_t,"AnalysisFlag::symmetry",1024,0.05,4856
DenseMatrix,int64_t,"AnalysisFlag::symmetry",1024,0.05,5331
DenseMatrix,int64_t,"AnalysisFlag::symmetry",1024,0.05,4962
DenseMatrix,int64_t,"AnalysisFlag::symmetry",1024,0.05,4870
DenseMatrix,int64_t,"AnalysisFlag::symmetry",1024,0.05,4960
DenseMatrix,int64_t,"AnalysisFlag::symmetry",2048,0.05,32901
DenseMatrix,int64_t,"AnalysisFlag::symmetry",2048,0.05,17505
DenseMatrix,int64_t,"AnalysisFlag::symmetry",2048,0.05,7998
DenseMatrix,int64_t,"AnalysisFlag::symmetry",2048,0.05,7960
DenseMatrix,int64_t,"AnalysisFlag::symmetry",2048,0.05,17424
DenseMatrix,int64_t,"AnalysisFlag::symmetry",2048,0.05,7989
DenseMatrix,int64_t,"AnalysisFlag::symmetry",2048,0.05,17161
DenseMatrix,int64_t,"AnalysisFlag::symmetry",2048,0.05,7928
DenseMatrix,int64_t,"AnalysisFlag::symmetry",2048,0.05,15933
DenseMatrix,int64_t,"AnalysisFlag::symmetry",2048,0.05,8510
DenseMatrix,int64_t,"AnalysisFlag::symmetry",4096,0.05,38179
DenseMatrix,int64_t,"AnalysisFlag::symmetry",4096,0.05,23060
DenseMatrix,int64_t,"AnalysisFlag::symmetry",4096,0.05,14693
DenseMatrix,int64_t,"AnalysisFlag::symmetry",4096,0.05,22110
DenseMatrix,int64_t,"AnalysisFlag::symmetry",4096,0.05,14476
DenseMatrix,int64_t,"AnalysisFlag::symmetry",4096,0.05,14404
DenseMatrix,int64_t,"AnalysisFlag::symmetry",4096,0.05,22295
DenseMatrix,int64_t,"AnalysisFlag::symmetry",4096,0.05,14378
DenseMatrix,int64_t,"AnalysisFlag::symmetry",4096,0.05,22057
DenseMatrix,int64_t,"AnalysisFlag::symmetry",4096,0.05,22809
DenseMatrix,double,"AnalysisFlag::symmetry",1024,0.1,30883
DenseMatrix,double,"AnalysisFlag::symmetry",1024,0.1,14319
DenseMatrix,double,"AnalysisFlag::symmetry",1024,0.1,5223
DenseMatrix,double,"AnalysisFlag::symmetry",1024,0.1,5237
DenseMatrix,double,"AnalysisFlag::symmetry",1024,0.1,12578
DenseMatrix,double,"AnalysisFlag::symmetry",1024,0.1,5181
DenseMatrix,double,"AnalysisFlag::symmetry",1024,0.1,12878
DenseMatrix,double,"AnalysisFlag::symmetry",1024,0.1,5081
DenseMatrix,double,"AnalysisFlag::symmetry",1024,0.1,14122
DenseMatrix,double,"AnalysisFlag::symmetry",1024,0.1,5280
DenseMatrix,double,"AnalysisFlag::symmetry",2048,0.1,33991
DenseMatrix,double,"AnalysisFlag::symmetry",2048,0.1,16484
DenseMatrix,double,"AnalysisFlag::symmetry",2048,0.1,8568
DenseMatrix,double,"AnalysisFlag::symmetry",2048,0.1,16144
DenseMatrix,double,"AnalysisFlag::symmetry",2048,0.1,8481
DenseMatrix,double,"AnalysisFlag::symmetry",2048,0.1,8438
DenseMatrix,double,"AnalysisFlag::symmetry",2048,0.1,16146
DenseMatrix,double,"AnalysisFlag::symmetry",2048,0.1,8440
DenseMatrix,double,"AnalysisFlag::symmetry",2048,0.1,16245
DenseMatrix,double,"AnalysisFlag::symmetry",2048,0.1,15844
DenseMatrix,double,"AnalysisFlag::symmetry",4096,0.1,40954
DenseMatrix,double,"AnalysisFlag::symmetry",4096,0.1,22869
DenseMatrix,double,"AnalysisFlag::symmetry",4096,0.1,22750
DenseMatrix,double,"AnalysisFlag::symmetry",4096,0.1,22721
DenseMatrix,double,"AnalysisFlag::symmetry",4096,0.1,22521
DenseMatrix,double,"AnalysisFlag::symmetry",4096,0.1,15237
DenseMatrix,double,"AnalysisFlag::symmetry",4096,0.1,22514
DenseMatrix,double,"AnalysisFlag::symmetry",4096,0.1,22959
DenseMatrix,double,"AnalysisFlag::symmetry",4096,0.1,22597
DenseMatrix,double,"AnalysisFlag::symmetry",4096,0.1,22583
DenseMatrix,int64_t,"AnalysisFlag::symmetry",1024,0.1,27880
DenseMatrix,int64_t,"AnalysisFlag::symmetry",1024,0.1,12612
DenseMatrix,int64_t,"AnalysisFlag::symmetry",1024,0.1,5143
DenseMatrix,int64_t,"AnalysisFlag::symmetry",1024,0.1,4822
DenseMatrix,int64_t,"AnalysisFlag::symmetry",1024,0.1,12284
DenseMatrix,int64_t,"AnalysisFlag::symmetry",1024,0.1,4897
DenseMatrix,int64_t,"AnalysisFlag::symmetry",1024,0.1,12409
DenseMatrix,int64_t,"AnalysisFlag::symmetry",1024,0.1,5148
DenseMatrix,int64_t,"AnalysisFlag::symmetry",1024,0.1,12366
DenseMatrix,int64_t,"AnalysisFlag::symmetry",1024,0.1,4969
DenseMatrix,int64_t,"AnalysisFlag::symmetry",2048,0.1,33333
DenseMatrix,int64_t,"AnalysisFlag::symmetry",2048,0.1,15688
DenseMatrix,int64_t,"AnalysisFlag::symmetry",2048,0.1,7978
DenseMatrix,int64_t,"AnalysisFlag::symmetry",2048,0.1,16469
DenseMatrix,int64_t,"AnalysisFlag::symmetry",2048,0.1,7768
DenseMatrix,int64_t,"AnalysisFlag::symmetry",2048,0.1,8016
DenseMatrix,int64_t,"AnalysisFlag::symmetry",2048,0.1,15413
DenseMatrix,int64_t,"AnalysisFlag::symmetry",2048,0.1,7862
DenseMatrix,int64_t,"AnalysisFlag::symmetry",2048,0.1,15863
DenseMatrix,int64_t,"AnalysisFlag::symmetry",2048,0.1,15529
DenseMatrix,int64_t,"AnalysisFlag::symmetry",4096,0.1,39025
DenseMatrix,int64_t,"AnalysisFlag::symmetry",4096,0.1,22571
DenseMatrix,int64_t,"AnalysisFlag::symmetry",4096,0.1,21186
DenseMatrix,int64_t,"AnalysisFlag::symmetry",4096,0.1,21139
DenseMatrix,int64_t,"AnalysisFlag::symmetry",4096,0.1,21440
DenseMatrix,int64_t,"AnalysisFlag::symmetry",4096,0.1,13132
DenseMatrix,int64_t,"AnalysisFlag::symmetry",4096,0.1,21713
DenseMatrix,int64_t,"AnalysisFlag::symmetry",4096,0.1,21260
DenseMatrix,int64_t,"AnalysisFlag::symmetry",4096,0.1,20893
DenseMatrix,int64_t,"AnalysisFlag::symmetry",4096,0.1,21081
DenseMatrix,double,"AnalysisFlag::symmetry",1024,0.2,31402
DenseMatrix,double,"AnalysisFlag::symmetry",1024,0.2,12208
DenseMatrix,double,"AnalysisFlag::symmetry",1024,0.2,4941
DenseMatrix,double,"AnalysisFlag::symmetry",1024,0.2,12298
DenseMatrix,double,"AnalysisFlag::symmetry",1024,0.2,4920
DenseMatrix,double,"AnalysisFlag::symmetry",1024,0.2,4921
DenseMatrix,double,"AnalysisFlag::symmetry",1024,0.2,12311
DenseMatrix,double,"AnalysisFlag::symmetry",1024,0.2,4746
DenseMatrix,double,"AnalysisFlag::symmetry",1024,0.2,13649
DenseMatrix,double,"AnalysisFlag::symmetry",1024,0.2,12120
DenseMatrix,double,"AnalysisFlag::symmetry",2048,0.2,34814
DenseMatrix,double,"AnalysisFlag::symmetry",2048,0.2,15472
DenseMatrix,double,"AnalysisFlag::symmetry",2048,0.2,15294
DenseMatrix,double,"AnalysisFlag::symmetry",2048,0.2,15063
DenseMatrix,double,"AnalysisFlag::symmetry",2048,0.2,15228
DenseMatrix,double,"AnalysisFlag::symmetry",2048,0.2,7759
DenseMatrix,double,"AnalysisFlag::symmetry",2048,0.2,15138
DenseMatrix,double,"AnalysisFlag::symmetry",2048,0.2,15267
DenseMatrix,double,"AnalysisFlag::symmetry",2048,0.2,15093
DenseMatrix,double,"AnalysisFlag::symmetry",2048,0.2,16550
DenseMatrix,double,"AnalysisFlag::symmetry",4096,0.2,40386
DenseMatrix,double,"AnalysisFlag::symmetry",4096,0.2,21146
DenseMatrix,double,"AnalysisFlag::symmetry",4096,0.2,20850
DenseMatrix,double,"AnalysisFlag::symmetry",4096,0.2,20892
DenseMatrix,double,"AnalysisFlag::symmetry",4096,0.2,20883
DenseMatrix,double,"AnalysisFlag::symmetry",4096,0.2,21000
DenseMatrix,double,"AnalysisFlag::symmetry",4096,0.2,20751
DenseMatrix,double,"AnalysisFlag::symmetry",4096,0.2,21278
DenseMatrix,double,"AnalysisFlag::symmetry",4096,0.2,21070
DenseMatrix,double,"AnalysisFlag::symmetry",4096,0.2,20990
DenseMatrix,int64_t,"AnalysisFlag::symmetry",1024,0.2,30534
DenseMatrix,int64_t,"AnalysisFlag::symmetry",1024,0.2,13714
DenseMatrix,int64_t,"AnalysisFlag::symmetry",1024,0.2,4643
DenseMatrix,int64_t,"AnalysisFlag::symmetry",1024,0.2,13475
DenseMatrix,int64_t,"AnalysisFlag::symmetry",1024,0.2,4381
DenseMatrix,int64_t,"AnalysisFlag::symmetry",1024,0.2,4429
DenseMatrix,int64_t,"AnalysisFlag::symmetry",1024,0.2,13528
DenseMatrix,int64_t,"AnalysisFlag::symmetry",1024,0.2,4532
DenseMatrix,int64_t,"AnalysisFlag::symmetry",1024,0.2,12250
DenseMatrix,int64_t,"AnalysisFlag::symmetry",1024,0.2,12212
DenseMatrix,int64_t,"AnalysisFlag::symmetry",2048,0.2,32824
DenseMatrix,int64_t,"AnalysisFlag::symmetry",2048,0.2,15002
DenseMatrix,int64_t,"AnalysisFlag::symmetry",2048,0.2,14922
DenseMatrix,int64_t,"AnalysisFlag::symmetry",2048,0.2,16362
DenseMatrix,int64_t,"AnalysisFlag::symmetry",2048,0.2,15020
DenseMatrix,int64_t,"AnalysisFlag::symmetry",2048,0.2,7005
DenseMatrix,int64_t,"AnalysisFlag::symmetry",2048,0.2,16268
DenseMatrix,int64_t,"AnalysisFlag::symmetry",2048,0.2,14629
DenseMatrix,int64_t,"AnalysisFlag::symmetry",2048,0.2,14899
DenseMatrix,int64_t,"AnalysisFlag::symmetry",2048,0.2,14473
DenseMatrix,int64_t,"AnalysisFlag::symmetry",4096,0.2,37266
DenseMatrix,int64_t,"AnalysisFlag::symmetry",4096,0.2,20129
DenseMatrix,int64_t,"AnalysisFlag::symmetry",4096,0.2,20122
DenseMatrix,int64_t,"AnalysisFlag::symmetry",4096,0.2,20015
DenseMatrix,int64_t,"AnalysisFlag::symmetry",4096,0.2,20350
DenseMatrix,int64_t,"AnalysisFlag::symmetry",4096,0.2,20089
DenseMatrix,int64_t,"AnalysisFlag::symmetry",4096,0.2,19776
DenseMatrix,int64_t,"AnalysisFlag::symmetry",4096,0.2,19996
DenseMatrix,int64_t,"AnalysisFlag::symmetry",4096,0.2,20285
DenseMatrix,int64_t,"AnalysisFlag::symmetry",4096,0.2,19843
DenseMatrix,double,"AnalysisFlag::symmetry",1024,0.25,29998
DenseMatrix,double,"AnalysisFlag::symmetry",1024,0.25,13444
DenseMatrix,double,"AnalysisFlag::symmetry",1024,0.25,4588
DenseMatrix,double,"AnalysisFlag::symmetry",1024,0.25,12066
DenseMatrix,double,"AnalysisFlag::symmetry",1024,0.25,4491
DenseMatrix,double,"AnalysisFlag::symmetry",1024,0.25,4653
DenseMatrix,double,"AnalysisFlag::symmetry",1024,0.25,13339
DenseMatrix,double,"AnalysisFlag::symmetry",1024,0.25,4750
DenseMatrix,double,"AnalysisFlag::symmetry",1024,0.25,12354
DenseMatrix,double,"AnalysisFlag::symmetry",1024,0.25,12009
DenseMatrix,double,"AnalysisFlag::symmetry",2048,0.25,34586
DenseMatrix,double,"AnalysisFlag::symmetry",2048,0.25,14892
DenseMatrix,double,"AnalysisFlag::symmetry",2048,0.25,14744
DenseMatrix,double,"AnalysisFlag::symmetry",2048,0.25,14879
DenseMatrix,double,"AnalysisFlag::symmetry",2048,0.25,14627
DenseMatrix,double,"AnalysisFlag::symmetry",2048,0.25,7348
DenseMatrix,double,"AnalysisFlag::symmetry",2048,0.25,14831
DenseMatrix,double,"AnalysisFlag::symmetry",2048,0.25,14769
DenseMatrix,double,"AnalysisFlag::symmetry",2048,0.25,14711
DenseMatrix,double,"AnalysisFlag::symmetry",2048,0.25,14642
DenseMatrix,double,"AnalysisFlag::symmetry",4096,0.25,39124
DenseMatrix,double,"AnalysisFlag::symmetry",4096,0.25,20387
DenseMatrix,double,"AnalysisFlag::symmetry",4096,0.25,20382
DenseMatrix,double,"AnalysisFlag::symmetry",4096,0.25,20083
DenseMatrix,double,"AnalysisFlag::symmetry",4096,0.25,19969
DenseMatrix,double,"AnalysisFlag::symmetry",4096,0.25,20041
DenseMatrix,double,"AnalysisFlag::symmetry",4096,0.25,19851
DenseMatrix,double,"AnalysisFlag::symmetry",4096,0.25,20246
DenseMatrix,double,"AnalysisFlag::symmetry",4096,0.25,20127
DenseMatrix,double,"AnalysisFlag::symmetry",4096,0.25,19766
DenseMatrix,int64_t,"AnalysisFlag::symmetry",1024,0.25,29290
DenseMatrix,int64_t,"AnalysisFlag::symmetry",1024,0.25,12060
DenseMatrix,int64_t,"AnalysisFlag::symmetry",1024,0.25,4331
DenseMatrix,int64_t,"AnalysisFlag::symmetry",1024,0.25,12004
DenseMatrix,int64_t,"AnalysisFlag::symmetry",1024,0.25,4359
DenseMatrix,int64_t,"AnalysisFlag::symmetry",1024,0.25,4319
DenseMatrix,int64_t,"AnalysisFlag::symmetry",1024,0.25,11950
DenseMatrix,int64_t,"AnalysisFlag::symmetry",1024,0.25,4369
DenseMatrix,int64_t,"AnalysisFlag::symmetry",1024,0.25,13338
DenseMatrix,int64_t,"AnalysisFlag::symmetry",1024,0.25,12044
DenseMatrix,int64_t,"AnalysisFlag::symmetry",2048,0.25,32255
DenseMatrix,int64_t,"AnalysisFlag::symmetry",2048,0.25,14798
DenseMatrix,int64_t,"AnalysisFlag::symmetry",2048,0.25,14400
DenseMatrix,int64_t,"AnalysisFlag::symmetry",2048,0.25,14320
DenseMatrix,int64_t,"AnalysisFlag::symmetry",2048,0.25,14655
DenseMatrix,int64_t,"AnalysisFlag::symmetry",2048,0.25,6950
DenseMatrix,int64_t,"AnalysisFlag::symmetry",2048,0.25,15966
DenseMatrix,int64_t,"AnalysisFlag::symmetry",2048,0.25,14500
DenseMatrix,int64_t,"AnalysisFlag::symmetry",2048,0.25,15804
DenseMatrix,int64_t,"AnalysisFlag::symmetry",2048,0.25,14666
DenseMatrix,int64_t,"AnalysisFlag::symmetry",4096,0.25,36256
DenseMatrix,int64_t,"AnalysisFlag::symmetry",4096,0.25,19318
DenseMatrix,int64_t,"AnalysisFlag::symmetry",4096,0.25,19283
DenseMatrix,int64_t,"AnalysisFlag::symmetry",4096,0.25,19499
DenseMatrix,int64_t,"AnalysisFlag::symmetry",4096,0.25,19335
DenseMatrix,int64_t,"AnalysisFlag::symmetry",4096,0.25,18974
DenseMatrix,int64_t,"AnalysisFlag::symmetry",4096,0.25,19189
DenseMatrix,int64_t,"AnalysisFlag::symmetry",4096,0.25,19633
DenseMatrix,int64_t,"AnalysisFlag::symmetry",4096,0.25,19258
DenseMatrix,int64_t,"AnalysisFlag::symmetry",4096,0.25,19496
DenseMatrix,double,"AnalysisFlag::symmetry",1024,1,28977
DenseMatrix,double,"AnalysisFlag::symmetry",1024,1,12629
DenseMatrix,double,"AnalysisFlag::symmetry",1024,1,12290
DenseMatrix,double,"AnalysisFlag::symmetry",1024,1,12136
DenseMatrix,double,"AnalysisFlag::symmetry",1024,1,12330
DenseMatrix,double,"AnalysisFlag::symmetry",1024,1,11866
DenseMatrix,double,"AnalysisFlag::symmetry",1024,1,14250
DenseMatrix,double,"AnalysisFlag::symmetry",1024,1,13597
DenseMatrix,double,"AnalysisFlag::symmetry",1024,1,13730
DenseMatrix,double,"AnalysisFlag::symmetry",1024,1,13568
DenseMatrix,double,"AnalysisFlag::symmetry",2048,1,32701
DenseMatrix,double,"AnalysisFlag::symmetry",2048,1,14345
DenseMatrix,double,"AnalysisFlag::symmetry",2048,1,14267
DenseMatrix,double,"AnalysisFlag::symmetry",2048,1,14366
DenseMatrix,double,"AnalysisFlag::symmetry",2048,1,13891
DenseMatrix,double,"AnalysisFlag::symmetry",2048,1,13973
DenseMatrix,double,"AnalysisFlag::symmetry",2048,1,14220
DenseMatrix,double,"AnalysisFlag::symmetry",2048,1,14143
DenseMatrix,double,"AnalysisFlag::symmetry",2048,1,14238
DenseMatrix,double,"AnalysisFlag::symmetry",2048,1,14098
DenseMatrix,double,"AnalysisFlag::symmetry",4096,1,35618
DenseMatrix,double,"AnalysisFlag::symmetry",4096,1,18629
DenseMatrix,double,"AnalysisFlag::symmetry",4096,1,18667
DenseMatrix,double,"AnalysisFlag::symmetry",4096,1,18913
DenseMatrix,double,"AnalysisFlag::symmetry",4096,1,18658
DenseMatrix,double,"AnalysisFlag::symmetry",4096,1,18674
DenseMatrix,double,"AnalysisFlag::symmetry",4096,1,18833
DenseMatrix,double,"AnalysisFlag::symmetry",4096,1,18556
DenseMatrix,double,"AnalysisFlag::symmetry",4096,1,18702
DenseMatrix,double,"AnalysisFlag::symmetry",4096,1,18111
DenseMatrix,int64_t,"AnalysisFlag::symmetry",1024,1,27395
DenseMatrix,int64_t,"AnalysisFlag::symmetry",1024,1,13851
DenseMatrix,int64_t,"AnalysisFlag::symmetry",1024,1,12349
DenseMatrix,int64_t,"AnalysisFlag::symmetry",1024,1,12471
DenseMatrix,int64_t,"AnalysisFlag::symmetry",1024,1,15173
DenseMatrix,int64_t,"AnalysisFlag::symmetry",1024,1,13534
DenseMatrix,int64_t,"AnalysisFlag::symmetry",1024,1,12738
DenseMatrix,int64_t,"AnalysisFlag::symmetry",1024,1,12717
DenseMatrix,int64_t,"AnalysisFlag::symmetry",1024,1,13940
DenseMatrix,int64_t,"AnalysisFlag::symmetry",1024,1,13708
DenseMatrix,int64_t,"AnalysisFlag::symmetry",2048,1,30693
DenseMatrix,int64_t,"AnalysisFlag::symmetry",2048,1,15619
DenseMatrix,int64_t,"AnalysisFlag::symmetry",2048,1,15377
DenseMatrix,int64_t,"AnalysisFlag::symmetry",2048,1,15513
DenseMatrix,int64_t,"AnalysisFlag::symmetry",2048,1,14020
DenseMatrix,int64_t,"AnalysisFlag::symmetry",2048,1,15582
DenseMatrix,int64_t,"AnalysisFlag::symmetry",2048,1,14083
DenseMatrix,int64_t,"AnalysisFlag::symmetry",2048,1,14355
DenseMatrix,int64_t,"AnalysisFlag::symmetry",2048,1,15385
DenseMatrix,int64_t,"AnalysisFlag::symmetry",2048,1,15452
DenseMatrix,int64_t,"AnalysisFlag::symmetry",4096,1,33310
DenseMatrix,int64_t,"AnalysisFlag::symmetry",4096,1,18621
DenseMatrix,int64_t,"AnalysisFlag::symmetry",4096,1,18634
DenseMatrix,int64_t,"AnalysisFlag::symmetry",4096,1,18689
DenseMatrix,int64_t,"AnalysisFlag::symmetry",4096,1,18908
DenseMatrix,int64_t,"AnalysisFlag::symmetry",4096,1,18672
DenseMatrix,int64_t,"AnalysisFlag::symmetry",4096,1,18899
DenseMatrix,int64_t,"AnalysisFlag::symmetry",4096,1,18724
DenseMatrix,int64_t,"AnalysisFlag::symmetry",4096,1,18738
DenseMatrix,int64_t,"AnalysisFlag::symmetry",4096,1,18416
CSRMatrix,double,"AnalysisFlag::symmetry",1024,0.001,16133
CSRMatrix,double,"AnalysisFlag::symmetry",1024,0.001,12872
CSRMatrix,double,"AnalysisFlag::symmetry",1024,0.001,12469
CSRMatrix,double,"AnalysisFlag::symmetry",1024,0.001,11206
CSRMatrix,double,"AnalysisFlag::symmetry",1024,0.001,11673
CSRMatrix,double,"AnalysisFlag::symmetry",1024,0.001,11956
CSRMatrix,double,"AnalysisFlag::symmetry",1024,0.001,12239
CSRMatrix,double,"AnalysisFlag::symmetry",1024,0.001,12941
CSRMatrix,double,"AnalysisFlag::symmetry",1024,0.001,12555
CSRMatrix,double,"AnalysisFlag::symmetry",1024,0.001,11342
CSRMatrix,double,"AnalysisFlag::symmetry",2048,0.001,26083
CSRMatrix,double,"AnalysisFlag::symmetry",2048,0.001,26073
CSRMatrix,double,"AnalysisFlag::symmetry",2048,0.001,24772
CSRMatrix,double,"AnalysisFlag::symmetry",2048,0.001,23881
CSRMatrix,double,"AnalysisFlag::symmetry",2048,0.001,23949
CSRMatrix,double,"AnalysisFlag::symmetry",2048,0.001,24564
CSRMatrix,double,"AnalysisFlag::symmetry",2048,0.001,24556
CSRMatrix,double,"AnalysisFlag::symmetry",2048,0.001,24946
CSRMatrix,double,"AnalysisFlag::symmetry",2048,0.001,25535
CSRMatrix,double,"AnalysisFlag::symmetry",2048,0.001,25086
CSRMatrix,double,"AnalysisFlag::symmetry",4096,0.001,49083
CSRMatrix,double,"AnalysisFlag::symmetry",4096,0.001,51771
CSRMatrix,double,"AnalysisFlag::symmetry",4096,0.001,51558
CSRMatrix,double,"AnalysisFlag::symmetry",4096,0.001,50103
CSRMatrix,double,"AnalysisFlag::symmetry",4096,0.001,59282
CSRMatrix,double,"AnalysisFlag::symmetry",4096,0.001,46476
CSRMatrix,double,"AnalysisFlag::symmetry",4096,0.001,50903
CSRMatrix,double,"AnalysisFlag::symmetry",4096,0.001,52966
CSRMatrix,double,"AnalysisFlag::symmetry",4096,0.001,52274
CSRMatrix,double,"AnalysisFlag::symmetry",4096,0.001,45445
CSRMatrix,int64_t,"AnalysisFlag::symmetry",1024,0.001,16523
CSRMatrix,int64_t,"AnalysisFlag::symmetry",1024,0.001,12875
CSRMatrix,int64_t,"AnalysisFlag::symmetry",1024,0.001,12136
CSRMatrix,int64_t,"AnalysisFlag::symmetry",1024,0.001,10690
CSRMatrix,int64_t,"AnalysisFlag::symmetry",1024,0.001,11237
CSRMatrix,int64_t,"AnalysisFlag::symmetry",1024,0.001,12126
CSRMatrix,int64_t,"AnalysisFlag::symmetry",1024,0.001,12380
CSRMatrix,int64_t,"AnalysisFlag::symmetry",1024,0.001,12962
CSRMatrix,int64_t,"AnalysisFlag::symmetry",1024,0.001,12450
CSRMatrix,int64_t,"AnalysisFlag::symmetry",1024,0.001,11233
CSRMatrix,int64_t,"AnalysisFlag::symmetry",2048,0.001,27290
CSRMatrix,int64_t,"AnalysisFlag::symmetry",2048,0.001,25025
CSRMatrix,int64_t,"AnalysisFlag::symmetry",2048,0.001,24754
CSRMatrix,int64_t,"AnalysisFlag::symmetry",2048,0.001,24041
CSRMatrix,int64_t,"AnalysisFlag::symmetry",2048,0.001,23956
CSRMatrix,int64_t,"AnalysisFlag::symmetry",2048,0.001,24905
CSRMatrix,int64_t,"AnalysisFlag::symmetry",2048,0.001,25398
CSRMatrix,int64_t,"AnalysisFlag::symmetry",2048,0.001,25291
CSRMatrix,int64_t,"AnalysisFlag::symmetry",2048,0.001,25227
CSRMatrix,int64_t,"AnalysisFlag::symmetry",2048,0.001,23881
CSRMatrix,int64_t,"AnalysisFlag::symmetry",4096,0.001,49115
CSRMatrix,int64_t,"AnalysisFlag::symmetry",4096,0.001,52969
CSRMatrix,int64_t,"AnalysisFlag::symmetry",4096,0.001,55406
CSRMatrix,int64_t,"AnalysisFlag::symmetry",4096,0.001,51384
CSRMatrix,int64_t,"AnalysisFlag::symmetry",4096,0.001,63105
CSRMatrix,int64_t,"AnalysisFlag::symmetry",4096,0.001,48264
CSRMatrix,int64_t,"AnalysisFlag::symmetry",4096,0.001,52879
CSRMatrix,int64_t,"AnalysisFlag::symmetry",4096,0.001,56128
CSRMatrix,int64_t,"AnalysisFlag::symmetry",4096,0.001,56513
CSRMatrix,int64_t,"AnalysisFlag::symmetry",4096,0.001,47057
CSRMatrix,double,"AnalysisFlag::symmetry",1024,0.01,19008
CSRMatrix,double,"AnalysisFlag::symmetry",1024,0.01,15983
CSRMatrix,double,"AnalysisFlag::symmetry",1024,0.01,15687
CSRMatrix,double,"AnalysisFlag::symmetry",1024,0.01,14967
CSRMatrix,double,"AnalysisFlag::symmetry",1024,0.01,15483
CSRMatrix,double,"AnalysisFlag::symmetry",1024,0.01,15588
CSRMatrix,double,"AnalysisFlag::symmetry",1024,0.01,15522
CSRMatrix,double,"AnalysisFlag::symmetry",1024,0.01,14916
CSRMatrix,double,"AnalysisFlag::symmetry",1024,0.01,15383
CSRMatrix,double,"AnalysisFlag::symmetry",1024,0.01,15349
CSRMatrix,double,"AnalysisFlag::symmetry",2048,0.01,29155
CSRMatrix,double,"AnalysisFlag::symmetry",2048,0.01,33849
CSRMatrix,double,"AnalysisFlag::symmetry",2048,0.01,33063
CSRMatrix,double,"AnalysisFlag::symmetry",2048,0.01,32148
CSRMatrix,double,"AnalysisFlag::symmetry",2048,0.01,32780
CSRMatrix,double,"AnalysisFlag::symmetry",2048,0.01,35482
CSRMatrix,double,"AnalysisFlag::symmetry",2048,0.01,34419
CSRMatrix,double,"AnalysisFlag::symmetry",2048,0.01,32762
CSRMatrix,double,"AnalysisFlag::symmetry",2048,0.01,33858
CSRMatrix,double,"AnalysisFlag::symmetry",2048,0.01,32915
CSRMatrix,double,"AnalysisFlag::symmetry",4096,0.01,49586
CSRMatrix,double,"AnalysisFlag::symmetry",4096,0.01,72277
CSRMatrix,double,"AnalysisFlag::symmetry",4096,0.01,71951
CSRMatrix,double,"AnalysisFlag::symmetry",4096,0.01,70904
CSRMatrix,double,"AnalysisFlag::symmetry",4096,0.01,70813
CSRMatrix,double,"AnalysisFlag::symmetry",4096,0.01,71860
CSRMatrix,double,"AnalysisFlag::symmetry",4096,0.01,71670
CSRMatrix,double,"AnalysisFlag::symmetry",4096,0.01,68668
CSRMatrix,double,"AnalysisFlag::symmetry",4096,0.01,70379
CSRMatrix,double,"AnalysisFlag::symmetry",4096,0.01,70791
CSRMatrix,int64_t,"AnalysisFlag::symmetry",1024,0.01,17640
CSRMatrix,int64_t,"AnalysisFlag::symmetry",1024,0.01,15872
CSRMatrix,int64_t,"AnalysisFlag::symmetry",1024,0.01,15705
CSRMatrix,int64_t,"AnalysisFlag::symmetry",1024,0.01,15489
CSRMatrix,int64_t,"AnalysisFlag::symmetry",1024,0.01,16001
CSRMatrix,int64_t,"AnalysisFlag::symmetry",1024,0.01,16060
CSRMatrix,int64_t,"AnalysisFlag::symmetry",1024,0.01,16055
CSRMatrix,int64_t,"AnalysisFlag::symmetry",1024,0.01,15160
CSRMatrix,int64_t,"AnalysisFlag::symmetry",1024,0.01,16043
CSRMatrix,int64_t,"AnalysisFlag::symmetry",1024,0.01,15679
CSRMatrix,int64_t,"AnalysisFlag::symmetry",2048,0.01,29137
CSRMatrix,int64_t,"AnalysisFlag::symmetry",2048,0.01,35327
CSRMatrix,int64_t,"AnalysisFlag::symmetry",2048,0.01,33578
CSRMatrix,int64_t,"AnalysisFlag::symmetry",2048,0.01,32702
CSRMatrix,int64_t,"AnalysisFlag::symmetry",2048,0.01,33111
CSRMatrix,int64_t,"AnalysisFlag::symmetry",2048,0.01,33990
CSRMatrix,int64_t,"AnalysisFlag::symmetry",2048,0.01,34083
CSRMatrix,int64_t,"AnalysisFlag::symmetry",2048,0.01,32789
CSRMatrix,int64_t,"AnalysisFlag::symmetry",2048,0.01,33390
CSRMatrix,int64_t,"AnalysisFlag::symmetry",2048,0.01,32367
CSRMatrix,int64_t,"AnalysisFlag::symmetry",4096,0.01,50361
CSRMatrix,int64_t,"AnalysisFlag::symmetry",4096,0.01,72441
CSRMatrix,int64_t,"AnalysisFlag::symmetry",4096,0.01,71463
CSRMatrix,int64_t,"AnalysisFlag::symmetry",4096,0.01,71813
CSRMatrix,int64_t,"AnalysisFlag::symmetry",4096,0.01,70179
CSRMatrix,int64_t,"AnalysisFlag::symmetry",4096,0.01,71064
CSRMatrix,int64_t,"AnalysisFlag::symmetry",4096,0.01,73002
CSRMatrix,int64_t,"AnalysisFlag::symmetry",4096,0.01,67511
CSRMatrix,int64_t,"AnalysisFlag::symmetry",4096,0.01,69005
CSRMatrix,int64_t,"AnalysisFlag::symmetry",4096,0.01,71363
CSRMatrix,double,"AnalysisFlag::symmetry",1024,0.05,20674
CSRMatrix,double,"AnalysisFlag::symmetry",1024,0.05,23827
CSRMatrix,double,"AnalysisFlag::symmetry",1024,0.05,23803
CSRMatrix,double,"AnalysisFlag::symmetry",1024,0.05,24233
CSRMatrix,double,"AnalysisFlag::symmetry",1024,0.05,31435
CSRMatrix,double,"AnalysisFlag::symmetry",1024,0.05,24481
CSRMatrix,double,"AnalysisFlag::symmetry",1024,0.05,23729
CSRMatrix,double,"AnalysisFlag::symmetry",1024,0.05,23530
CSRMatrix,double,"AnalysisFlag::symmetry",1024,0.05,23453
CSRMatrix,double,"AnalysisFlag::symmetry",1024,0.05,23775
CSRMatrix,double,"AnalysisFlag::symmetry",2048,0.05,32008
CSRMatrix,double,"AnalysisFlag::symmetry",2048,0.05,56907
CSRMatrix,double,"AnalysisFlag::symmetry",2048,0.05,48658
CSRMatrix,double,"AnalysisFlag::symmetry",2048,0.05,46826
CSRMatrix,double,"AnalysisFlag::symmetry",2048,0.05,54154
CSRMatrix,double,"AnalysisFlag::symmetry",2048,0.05,48348
CSRMatrix,double,"AnalysisFlag::symmetry",2048,0.05,54811
CSRMatrix,double,"AnalysisFlag::symmetry",2048,0.05,47368
CSRMatrix,double,"AnalysisFlag::symmetry",2048,0.05,55562
CSRMatrix,double,"AnalysisFlag::symmetry",2048,0.05,47357
CSRMatrix,double,"AnalysisFlag::symmetry",4096,0.05,51978
CSRMatrix,double,"AnalysisFlag::symmetry",4096,0.05,104819
CSRMatrix,double,"AnalysisFlag::symmetry",4096,0.05,95580
CSRMatrix,double,"AnalysisFlag::symmetry",4096,0.05,103043
CSRMatrix,double,"AnalysisFlag::symmetry",4096,0.05,95976
CSRMatrix,double,"AnalysisFlag::symmetry",4096,0.05,95424
CSRMatrix,double,"AnalysisFlag::symmetry",4096,0.05,103206
CSRMatrix,double,"AnalysisFlag::symmetry",4096,0.05,93701
CSRMatrix,double,"AnalysisFlag::symmetry",4096,0.05,103608
CSRMatrix,double,"AnalysisFlag::symmetry",4096,0.05,102221
CSRMatrix,int64_t,"AnalysisFlag::symmetry",1024,0.05,21247
CSRMatrix,int64_t,"AnalysisFlag::symmetry",1024,0.05,24430
CSRMatrix,int64_t,"AnalysisFlag::symmetry",1024,0.05,24901
CSRMatrix,int64_t,"AnalysisFlag::symmetry",1024,0.05,25063
CSRMatrix,int64_t,"AnalysisFlag::symmetry",1024,0.05,31752
CSRMatrix,int64_t,"AnalysisFlag::symmetry",1024,0.05,24440
CSRMatrix,int64_t,"AnalysisFlag::symmetry",1024,0.05,24027
CSRMatrix,int64_t,"AnalysisFlag::symmetry",1024,0.05,23342
CSRMatrix,int64_t,"AnalysisFlag::symmetry",1024,0.05,23326
CSRMatrix,int64_t,"AnalysisFlag::symmetry",1024,0.05,23633
CSRMatrix,int64_t,"AnalysisFlag::symmetry",2048,0.05,33043
CSRMatrix,int64_t,"AnalysisFlag::symmetry",2048,0.05,56577
CSRMatrix,int64_t,"AnalysisFlag::symmetry",2048,0.05,50576
CSRMatrix,int64_t,"AnalysisFlag::symmetry",2048,0.05,48762
CSRMatrix,int64_t,"AnalysisFlag::symmetry",2048,0.05,56157
CSRMatrix,int64_t,"AnalysisFlag::symmetry",2048,0.05,48653
CSRMatrix,int64_t,"AnalysisFlag::symmetry",2048,0.05,56262
CSRMatrix,int64_t,"AnalysisFlag::symmetry",2048,0.05,46841
CSRMatrix,int64_t,"AnalysisFlag::symmetry",2048,0.05,55020
CSRMatrix,int64_t,"AnalysisFlag::symmetry",2048,0.05,48328
CSRMatrix,int64_t,"AnalysisFlag::symmetry",4096,0.05,53262
CSRMatrix,int64_t,"AnalysisFlag::symmetry",4096,0.05,107410
CSRMatrix,int64_t,"AnalysisFlag::symmetry",4096,0.05,97975
CSRMatrix,int64_t,"AnalysisFlag::symmetry",4096,0.05,106728
CSRMatrix,int64_t,"AnalysisFlag::symmetry",4096,0.05,97757
CSRMatrix,int64_t,"AnalysisFlag::symmetry",4096,0.05,98071
CSRMatrix,int64_t,"AnalysisFlag::symmetry",4096,0.05,105671
CSRMatrix,int64_t,"AnalysisFlag::symmetry",4096,0.05,97293
CSRMatrix,int64_t,"AnalysisFlag::symmetry",4096,0.05,108154
CSRMatrix,int64_t,"AnalysisFlag::symmetry",4096,0.05,108042
CSRMatrix,double,"AnalysisFlag::symmetry",1024,0.1,22642
CSRMatrix,double,"AnalysisFlag::symmetry",1024,0.1,40419
CSRMatrix,double,"AnalysisFlag::symmetry",1024,0.1,32131
CSRMatrix,double,"AnalysisFlag::symmetry",1024,0.1,31501
CSRMatrix,double,"AnalysisFlag::symmetry",1024,0.1,38740
CSRMatrix,double,"AnalysisFlag::symmetry",1024,0.1,31206
CSRMatrix,double,"AnalysisFlag::symmetry",1024,0.1,38637
CSRMatrix,double,"AnalysisFlag::symmetry",1024,0.1,30149
CSRMatrix,double,"AnalysisFlag::symmetry",1024,0.1,38078
CSRMatrix,double,"AnalysisFlag::symmetry",1024,0.1,30922
CSRMatrix,double,"AnalysisFlag::symmetry",2048,0.1,32922
CSRMatrix,double,"AnalysisFlag::symmetry",2048,0.1,70112
CSRMatrix,double,"AnalysisFlag::symmetry",2048,0.1,60198
CSRMatrix,double,"AnalysisFlag::symmetry",2048,0.1,68350
CSRMatrix,double,"AnalysisFlag::symmetry",2048,0.1,59256
CSRMatrix,double,"AnalysisFlag::symmetry",2048,0.1,59312
CSRMatrix,double,"AnalysisFlag::symmetry",2048,0.1,66094
CSRMatrix,double,"AnalysisFlag::symmetry",2048,0.1,60799
CSRMatrix,double,"AnalysisFlag::symmetry",2048,0.1,66644
CSRMatrix,double,"AnalysisFlag::symmetry",2048,0.1,66112
CSRMatrix,double,"AnalysisFlag::symmetry",4096,0.1,53515
CSRMatrix,double,"AnalysisFlag::symmetry",4096,0.1,119718
CSRMatrix,double,"AnalysisFlag::symmetry",4096,0.1,119684
CSRMatrix,double,"AnalysisFlag::symmetry",4096,0.1,116315
CSRMatrix,double,"AnalysisFlag::symmetry",4096,0.1,117523
CSRMatrix,double,"AnalysisFlag::symmetry",4096,0.1,108979
CSRMatrix,double,"AnalysisFlag::symmetry",4096,0.1,117334
CSRMatrix,double,"AnalysisFlag::symmetry",4096,0.1,117014
CSRMatrix,double,"AnalysisFlag::symmetry",4096,0.1,116560
CSRMatrix,double,"AnalysisFlag::symmetry",4096,0.1,116135
CSRMatrix,int64_t,"AnalysisFlag::symmetry",1024,0.1,24420
CSRMatrix,int64_t,"AnalysisFlag::symmetry",1024,0.1,41553
CSRMatrix,int64_t,"AnalysisFlag::symmetry",1024,0.1,32187
CSRMatrix,int64_t,"AnalysisFlag::symmetry",1024,0.1,31104
CSRMatrix,int64_t,"AnalysisFlag::symmetry",1024,0.1,39269
CSRMatrix,int64_t,"AnalysisFlag::symmetry",1024,0.1,31492
CSRMatrix,int64_t,"AnalysisFlag::symmetry",1024,0.1,38502
CSRMatrix,int64_t,"AnalysisFlag::symmetry",1024,0.1,31008
CSRMatrix,int64_t,"AnalysisFlag::symmetry",1024,0.1,38180
CSRMatrix,int64_t,"AnalysisFlag::symmetry",1024,0.1,30995
CSRMatrix,int64_t,"AnalysisFlag::symmetry",2048,0.1,34359
CSRMatrix,int64_t,"AnalysisFlag::symmetry",2048,0.1,70387
CSRMatrix,int64_t,"AnalysisFlag::symmetry",2048,0.1,61589
CSRMatrix,int64_t,"AnalysisFlag::symmetry",2048,0.1,70868
CSRMatrix,int64_t,"AnalysisFlag::symmetry",2048,0.1,61786
CSRMatrix,int64_t,"AnalysisFlag::symmetry",2048,0.1,61171
CSRMatrix,int64_t,"AnalysisFlag::symmetry",2048,0.1,67837
CSRMatrix,int64_t,"AnalysisFlag::symmetry",2048,0.1,60940
CSRMatrix,int64_t,"AnalysisFlag::symmetry",2048,0.1,68586
CSRMatrix,int64_t,"AnalysisFlag::symmetry",2048,0.1,68082
CSRMatrix,int64_t,"AnalysisFlag::symmetry",4096,0.1,55904
CSRMatrix,int64_t,"AnalysisFlag::symmetry",4096,0.1,122776
CSRMatrix,int64_t,"AnalysisFlag::symmetry",4096,0.1,120294
CSRMatrix,int64_t,"AnalysisFlag::symmetry",4096,0.1,120793
CSRMatrix,int64_t,"AnalysisFlag::symmetry",4096,0.1,121528
CSRMatrix,int64_t,"AnalysisFlag::symmetry",4096,0.1,112690
CSRMatrix,int64_t,"AnalysisFlag::symmetry",4096,0.1,121322
CSRMatrix,int64_t,"AnalysisFlag::symmetry",4096,0.1,120732
CSRMatrix,int64_t,"AnalysisFlag::symmetry",4096,0.1,120134
CSRMatrix,int64_t,"AnalysisFlag::symmetry",4096,0.1,120023
CSRMatrix,double,"AnalysisFlag::symmetry",1024,0.2,23837
CSRMatrix,double,"AnalysisFlag::symmetry",1024,0.2,53259
CSRMatrix,double,"AnalysisFlag::symmetry",1024,0.2,44040
CSRMatrix,double,"AnalysisFlag::symmetry",1024,0.2,50874
CSRMatrix,double,"AnalysisFlag::symmetry",1024,0.2,43286
CSRMatrix,double,"AnalysisFlag::symmetry",1024,0.2,42178
CSRMatrix,double,"AnalysisFlag::symmetry",1024,0.2,49775
CSRMatrix,double,"AnalysisFlag::symmetry",1024,0.2,41825
CSRMatrix,double,"AnalysisFlag::symmetry",1024,0.2,48820
CSRMatrix,double,"AnalysisFlag::symmetry",1024,0.2,48453
CSRMatrix,double,"AnalysisFlag::symmetry",2048,0.2,33459
CSRMatrix,double,"AnalysisFlag::symmetry",2048,0.2,86642
CSRMatrix,double,"AnalysisFlag::symmetry",2048,0.2,83755
CSRMatrix,double,"AnalysisFlag::symmetry",2048,0.2,82261
CSRMatrix,double,"AnalysisFlag::symmetry",2048,0.2,83762
CSRMatrix,double,"AnalysisFlag::symmetry",2048,0.2,74256
CSRMatrix,double,"AnalysisFlag::symmetry",2048,0.2,82086
CSRMatrix,double,"AnalysisFlag::symmetry",2048,0.2,83216
CSRMatrix,double,"AnalysisFlag::symmetry",2048,0.2,82776
CSRMatrix,double,"AnalysisFlag::symmetry",2048,0.2,81154
CSRMatrix,double,"AnalysisFlag::symmetry",4096,0.2,52640
CSRMatrix,double,"AnalysisFlag::symmetry",4096,0.2,146636
CSRMatrix,double,"AnalysisFlag::symmetry",4096,0.2,144995
CSRMatrix,double,"AnalysisFlag::symmetry",4096,0.2,143702
CSRMatrix,double,"AnalysisFlag::symmetry",4096,0.2,144078
CSRMatrix,double,"AnalysisFlag::symmetry",4096,0.2,146569
CSRMatrix,double,"AnalysisFlag::symmetry",4096,0.2,145599
CSRMatrix,double,"AnalysisFlag::symmetry",4096,0.2,142776
CSRMatrix,double,"AnalysisFlag::symmetry",4096,0.2,143806
CSRMatrix,double,"AnalysisFlag::symmetry",4096,0.2,142258
CSRMatrix,int64_t,"AnalysisFlag::symmetry",1024,0.2,24489
CSRMatrix,int64_t,"AnalysisFlag::symmetry",1024,0.2,53666
CSRMatrix,int64_t,"AnalysisFlag::symmetry",1024,0.2,43921
CSRMatrix,int64_t,"AnalysisFlag::symmetry",1024,0.2,51716
CSRMatrix,int64_t,"AnalysisFlag::symmetry",1024,0.2,44415
CSRMatrix,int64_t,"AnalysisFlag::symmetry",1024,0.2,41853
CSRMatrix,int64_t,"AnalysisFlag::symmetry",1024,0.2,49338
CSRMatrix,int64_t,"AnalysisFlag::symmetry",1024,0.2,41056
CSRMatrix,int64_t,"AnalysisFlag::symmetry",1024,0.2,48865
CSRMatrix,int64_t,"AnalysisFlag::symmetry",1024,0.2,49119
CSRMatrix,int64_t,"AnalysisFlag::symmetry",2048,0.2,35101
CSRMatrix,int64_t,"AnalysisFlag::symmetry",2048,0.2,85647
CSRMatrix,int64_t,"AnalysisFlag::symmetry",2048,0.2,85323
CSRMatrix,int64_t,"AnalysisFlag::symmetry",2048,0.2,83262
CSRMatrix,int64_t,"AnalysisFlag::symmetry",2048,0.2,83992
CSRMatrix,int64_t,"AnalysisFlag::symmetry",2048,0.2,74378
CSRMatrix,int64_t,"AnalysisFlag::symmetry",2048,0.2,82205
CSRMatrix,int64_t,"AnalysisFlag::symmetry",2048,0.2,82271
CSRMatrix,int64_t,"AnalysisFlag::symmetry",2048,0.2,84802
CSRMatrix,int64_t,"AnalysisFlag::symmetry",2048,0.2,84476
CSRMatrix,int64_t,"AnalysisFlag::symmetry",4096,0.2,55707
CSRMatrix,int64_t,"AnalysisFlag::symmetry",4096,0.2,148855
CSRMatrix,int64_t,"AnalysisFlag::symmetry",4096,0.2,147139
CSRMatrix,int64_t,"AnalysisFlag::symmetry",4096,0.2,146298
CSRMatrix,int64_t,"AnalysisFlag::symmetry",4096,0.2,147560
CSRMatrix,int64_t,"AnalysisFlag::symmetry",4096,0.2,147902
CSRMatrix,int64_t,"AnalysisFlag::symmetry",4096,0.2,147204
CSRMatrix,int64_t,"AnalysisFlag::symmetry",4096,0.2,144688
CSRMatrix,int64_t,"AnalysisFlag::symmetry",4096,0.2,147428
CSRMatrix,int64_t,"AnalysisFlag::symmetry",4096,0.2,143896
CSRMatrix,double,"AnalysisFlag::symmetry",1024,0.25,23939
CSRMatrix,double,"AnalysisFlag::symmetry",1024,0.25,57677
CSRMatrix,double,"AnalysisFlag::symmetry",1024,0.25,49227
CSRMatrix,double,"AnalysisFlag::symmetry",1024,0.25,54785
CSRMatrix,double,"AnalysisFlag::symmetry",1024,0.25,47844
CSRMatrix,double,"AnalysisFlag::symmetry",1024,0.25,46339
CSRMatrix,double,"AnalysisFlag::symmetry",1024,0.25,54139
CSRMatrix,double,"AnalysisFlag::symmetry",1024,0.25,47253
CSRMatrix,double,"AnalysisFlag::symmetry",1024,0.25,56162
CSRMatrix,double,"AnalysisFlag::symmetry",1024,0.25,52946
CSRMatrix,double,"AnalysisFlag::symmetry",2048,0.25,33862
CSRMatrix,double,"AnalysisFlag::symmetry",2048,0.25,92201
CSRMatrix,double,"AnalysisFlag::symmetry",2048,0.25,92022
CSRMatrix,double,"AnalysisFlag::symmetry",2048,0.25,93233
CSRMatrix,double,"AnalysisFlag::symmetry",2048,0.25,94429
CSRMatrix,double,"AnalysisFlag::symmetry",2048,0.25,83137
CSRMatrix,double,"AnalysisFlag::symmetry",2048,0.25,89954
CSRMatrix,double,"AnalysisFlag::symmetry",2048,0.25,90709
CSRMatrix,double,"AnalysisFlag::symmetry",2048,0.25,90377
CSRMatrix,double,"AnalysisFlag::symmetry",2048,0.25,91331
CSRMatrix,double,"AnalysisFlag::symmetry",4096,0.25,53701
CSRMatrix,double,"AnalysisFlag::symmetry",4096,0.25,159528
CSRMatrix,double,"AnalysisFlag::symmetry",4096,0.25,160529
CSRMatrix,double,"AnalysisFlag::symmetry",4096,0.25,164824
CSRMatrix,double,"AnalysisFlag::symmetry",4096,0.25,160819
CSRMatrix,double,"AnalysisFlag::symmetry",4096,0.25,159266
CSRMatrix,double,"AnalysisFlag::symmetry",4096,0.25,161224
CSRMatrix,double,"AnalysisFlag::symmetry",4096,0.25,160606
CSRMatrix,double,"AnalysisFlag::symmetry",4096,0.25,161699
CSRMatrix,double,"AnalysisFlag::symmetry",4096,0.25,156470
CSRMatrix,int64_t,"AnalysisFlag::symmetry",1024,0.25,24380
CSRMatrix,int64_t,"AnalysisFlag::symmetry",1024,0.25,58847
CSRMatrix,int64_t,"AnalysisFlag::symmetry",1024,0.25,48293
CSRMatrix,int64_t,"AnalysisFlag::symmetry",1024,0.25,55567
CSRMatrix,int64_t,"AnalysisFlag::symmetry",1024,0.25,47302
CSRMatrix,int64_t,"AnalysisFlag::symmetry",1024,0.25,45426
CSRMatrix,int64_t,"AnalysisFlag::symmetry",1024,0.25,53434
CSRMatrix,int64_t,"AnalysisFlag::symmetry",1024,0.25,45305
CSRMatrix,int64_t,"AnalysisFlag::symmetry",1024,0.25,53528
CSRMatrix,int64_t,"AnalysisFlag::symmetry",1024,0.25,52953
CSRMatrix,int64_t,"AnalysisFlag::symmetry",2048,0.25,35502
CSRMatrix,int64_t,"AnalysisFlag::symmetry",2048,0.25,91827
CSRMatrix,int64_t,"AnalysisFlag::symmetry",2048,0.25,92317
CSRMatrix,int64_t,"AnalysisFlag::symmetry",2048,0.25,90430
CSRMatrix,int64_t,"AnalysisFlag::symmetry",2048,0.25,89567
CSRMatrix,int64_t,"AnalysisFlag::symmetry",2048,0.25,82152
CSRMatrix,int64_t,"AnalysisFlag::symmetry",2048,0.25,90861
CSRMatrix,int64_t,"AnalysisFlag::symmetry",2048,0.25,89718
CSRMatrix,int64_t,"AnalysisFlag::symmetry",2048,0.25,90276
CSRMatrix,int64_t,"AnalysisFlag::symmetry",2048,0.25,89332
CSRMatrix,int64_t,"AnalysisFlag::symmetry",4096,0.25,56241
CSRMatrix,int64_t,"AnalysisFlag::symmetry",4096,0.25,161477
CSRMatrix,int64_t,"AnalysisFlag::symmetry",4096,0.25,161197
CSRMatrix,int64_t,"AnalysisFlag::symmetry",4096,0.25,164504
CSRMatrix,int64_t,"AnalysisFlag::symmetry",4096,0.25,394281
CSRMatrix,int64_t,"AnalysisFlag::symmetry",4096,0.25,166530
CSRMatrix,int64_t,"AnalysisFlag::symmetry",4096,0.25,164123
CSRMatrix,int64_t,"AnalysisFlag::symmetry",4096,0.25,160606
CSRMatrix,int64_t,"AnalysisFlag::symmetry",4096,0.25,165962
CSRMatrix,int64_t,"AnalysisFlag::symmetry",4096,0.25,164354
CSRMatrix,double,"AnalysisFlag::symmetry",1024,1,25046
CSRMatrix,double,"AnalysisFlag::symmetry",1024,1,150296
CSRMatrix,double,"AnalysisFlag::symmetry",1024,1,151915
CSRMatrix,double,"AnalysisFlag::symmetry",1024,1,145551
CSRMatrix,double,"AnalysisFlag::symmetry",1024,1,145794
CSRMatrix,double,"AnalysisFlag::symmetry",1024,1,147485
CSRMatrix,double,"AnalysisFlag::symmetry",1024,1,150171
CSRMatrix,double,"AnalysisFlag::symmetry",1024,1,150492
CSRMatrix,double,"AnalysisFlag::symmetry",1024,1,153647
CSRMatrix,double,"AnalysisFlag::symmetry",1024,1,147245
CSRMatrix,double,"AnalysisFlag::symmetry",2048,1,35908
CSRMatrix,double,"AnalysisFlag::symmetry",2048,1,436888
CSRMatrix,double,"AnalysisFlag::symmetry",2048,1,437564
CSRMatrix,double,"AnalysisFlag::symmetry",2048,1,419626
CSRMatrix,double,"AnalysisFlag::symmetry",2048,1,415985
CSRMatrix,double,"AnalysisFlag::symmetry",2048,1,429526
CSRMatrix,double,"AnalysisFlag::symmetry",2048,1,428103
CSRMatrix,double,"AnalysisFlag::symmetry",2048,1,430591
CSRMatrix,double,"AnalysisFlag::symmetry",2048,1,423757
CSRMatrix,double,"AnalysisFlag::symmetry",2048,1,423228
CSRMatrix,double,"AnalysisFlag::symmetry",4096,1,52390
CSRMatrix,double,"AnalysisFlag::symmetry",4096,1,1.25769e+06
CSRMatrix,double,"AnalysisFlag::symmetry",4096,1,1.25665e+06
CSRMatrix,double,"AnalysisFlag::symmetry",4096,1,1.26966e+06
CSRMatrix,double,"AnalysisFlag::symmetry",4096,1,1.274e+06
CSRMatrix,double,"AnalysisFlag::symmetry",4096,1,1.26547e+06
CSRMatrix,double,"AnalysisFlag::symmetry",4096,1,1.22483e+06
CSRMatrix,double,"AnalysisFlag::symmetry",4096,1,1.22827e+06
CSRMatrix,double,"AnalysisFlag::symmetry",4096,1,1.2565e+06
CSRMatrix,double,"AnalysisFlag::symmetry",4096,1,1.25946e+06
CSRMatrix,int64_t,"AnalysisFlag::symmetry",1024,1,24869
CSRMatrix,int64_t,"AnalysisFlag::symmetry",1024,1,147008
CSRMatrix,int64_t,"AnalysisFlag::symmetry",1024,1,148257
CSRMatrix,int64_t,"AnalysisFlag::symmetry",1024,1,144135
CSRMatrix,int64_t,"AnalysisFlag::symmetry",1024,1,142805
CSRMatrix,int64_t,"AnalysisFlag::symmetry",1024,1,145828
CSRMatrix,int64_t,"AnalysisFlag::symmetry",1024,1,145114
CSRMatrix,int64_t,"AnalysisFlag::symmetry",1024,1,141302
CSRMatrix,int64_t,"AnalysisFlag::symmetry",1024,1,144021
CSRMatrix,int64_t,"AnalysisFlag::symmetry",1024,1,146132
CSRMatrix,int64_t,"AnalysisFlag::symmetry",2048,1,35288
CSRMatrix,int64_t,"AnalysisFlag::symmetry",2048,1,424217
CSRMatrix,int64_t,"AnalysisFlag::symmetry",2048,1,434116
CSRMatrix,int64_t,"AnalysisFlag::symmetry",2048,1,420836
CSRMatrix,int64_t,"AnalysisFlag::symmetry",2048,1,420264
CSRMatrix,int64_t,"AnalysisFlag::symmetry",2048,1,431086
CSRMatrix,int64_t,"AnalysisFlag::symmetry",2048,1,416489
CSRMatrix,int64_t,"AnalysisFlag::symmetry",2048,1,422682
CSRMatrix,int64_t,"AnalysisFlag::symmetry",2048,1,423883
CSRMatrix,int64_t,"AnalysisFlag::symmetry",2048,1,426312
CSRMatrix,int64_t,"AnalysisFlag::symmetry",4096,1,54142
CSRMatrix,int64_t,"AnalysisFlag::symmetry",4096,1,1.13884e+06
CSRMatrix,int64_t,"AnalysisFlag::symmetry",4096,1,1.14416e+06
CSRMatrix,int64_t,"AnalysisFlag::symmetry",4096,1,1.165e+06
CSRMatrix,int64_t,"AnalysisFlag::symmetry",4096,1,1.14448e+06
CSRMatrix,int64_t,"AnalysisFlag::symmetry",4096,1,1.1416e+06
CSRMatrix,int64_t,"AnalysisFlag::symmetry",4096,1,1.13169e+06
CSRMatrix,int64_t,"AnalysisFlag::symmetry",4096,1,1.13204e+06
CSRMatrix,int64_t,"AnalysisFlag::symmetry",4096,1,1.13184e+06
CSRMatrix,int64_t,"AnalysisFlag::symmetry",4096,1,1.15872e+06
DenseMatrix,double,"AnalysisFlag::min, AnalysisFlag::max, AnalysisFlag::mean, AnalysisFlag::sparsity, AnalysisFlag::symmetry, AnalysisFlag::numDistinctApprox",1024,0.001,34190
DenseMatrix,double,"AnalysisFlag::min, AnalysisFlag::max, AnalysisFlag::mean, AnalysisFlag::sparsity, AnalysisFlag::symmetry, AnalysisFlag::numDistinctApprox",1024,0.001,17972
DenseMatrix,double,"AnalysisFlag::min, AnalysisFlag::max, AnalysisFlag::mean, AnalysisFlag::sparsity, AnalysisFlag::symmetry, AnalysisFlag::numDistinctApprox",1024,0.001,39086
DenseMatrix,double,"AnalysisFlag::min, AnalysisFlag::max, AnalysisFlag::mean, AnalysisFlag::sparsity, AnalysisFlag::symmetry, AnalysisFlag::numDistinctApprox",1024,0.001,37449
DenseMatrix,double,"AnalysisFlag::min, AnalysisFlag::max, AnalysisFlag::mean, AnalysisFlag::sparsity, AnalysisFlag::symmetry, AnalysisFlag::numDistinctApprox",1024,0.001,72893
DenseMatrix,double,"AnalysisFlag::min, AnalysisFlag::max, AnalysisFlag::mean, AnalysisFlag::sparsity, AnalysisFlag::symmetry, AnalysisFlag::numDistinctApprox",1024,0.001,18609
DenseMatrix,double,"AnalysisFlag::min, AnalysisFlag::max, AnalysisFlag::mean, AnalysisFlag::sparsity, AnalysisFlag::symmetry, AnalysisFlag::numDistinctApprox",1024,0.001,14990
DenseMatrix,double,"AnalysisFlag::min, AnalysisFlag::max, AnalysisFlag::mean, AnalysisFlag::sparsity, AnalysisFlag::symmetry, AnalysisFlag::numDistinctApprox",1024,0.001,7301
DenseMatrix,double,"AnalysisFlag::min, AnalysisFlag::max, AnalysisFlag::mean, AnalysisFlag::sparsity, AnalysisFlag::symmetry, AnalysisFlag::numDistinctApprox",1024,0.001,21784
DenseMatrix,double,"AnalysisFlag::min, AnalysisFlag::max, AnalysisFlag::mean, AnalysisFlag::sparsity, AnalysisFlag::symmetry, AnalysisFlag::numDistinctApprox",1024,0.001,5714
DenseMatrix,double,"AnalysisFlag::min, AnalysisFlag::max, AnalysisFlag::mean, AnalysisFlag::sparsity, AnalysisFlag::symmetry, AnalysisFlag::numDistinctApprox",2048,0.001,40350
DenseMatrix,double,"AnalysisFlag::min, AnalysisFlag::max, AnalysisFlag::mean, AnalysisFlag::sparsity, AnalysisFlag::symmetry, AnalysisFlag::numDistinctApprox",2048,0.001,38801
DenseMatrix,double,"AnalysisFlag::min, AnalysisFlag::max, AnalysisFlag::mean, AnalysisFlag::sparsity, AnalysisFlag::symmetry, AnalysisFlag::numDistinctApprox",2048,0.001,42635
DenseMatrix,double,"AnalysisFlag::min, AnalysisFlag::max, AnalysisFlag::mean, AnalysisFlag::sparsity, AnalysisFlag::symmetry, AnalysisFlag::numDistinctApprox",2048,0.001,43138
DenseMatrix,double,"AnalysisFlag::min, AnalysisFlag::max, AnalysisFlag::mean, AnalysisFlag::sparsity, AnalysisFlag::symmetry, AnalysisFlag::numDistinctApprox",2048,0.001,66268
DenseMatrix,double,"AnalysisFlag::min, AnalysisFlag::max, AnalysisFlag::mean, AnalysisFlag::sparsity, AnalysisFlag::symmetry, AnalysisFlag::numDistinctApprox",2048,0.001,20245
DenseMatrix,double,"AnalysisFlag::min, AnalysisFlag::max, AnalysisFlag::mean, AnalysisFlag::sparsity, AnalysisFlag::symmetry, AnalysisFlag::numDistinctApprox",2048,0.001,37522
DenseMatrix,double,"AnalysisFlag::min, AnalysisFlag::max, AnalysisFlag::mean, AnalysisFlag::sparsity, AnalysisFlag::symmetry, AnalysisFlag::numDistinctApprox",2048,0.001,22587
DenseMatrix,double,"AnalysisFlag::min, AnalysisFlag::max, AnalysisFlag::mean, AnalysisFlag::sparsity, AnalysisFlag::symmetry, AnalysisFlag::numDistinctApprox",2048,0.001,28268
DenseMatrix,double,"AnalysisFlag::min, AnalysisFlag::max, AnalysisFlag::mean, AnalysisFlag::sparsity, AnalysisFlag::symmetry, AnalysisFlag::numDistinctApprox",2048,0.001,24594
DenseMatrix,double,"AnalysisFlag::min, AnalysisFlag::max, AnalysisFlag::mean, AnalysisFlag::sparsity, AnalysisFlag::symmetry, AnalysisFlag::numDistinctApprox",4096,0.001,79109
DenseMatrix,double,"AnalysisFlag::min, AnalysisFlag::max, AnalysisFlag::mean, AnalysisFlag::sparsity, AnalysisFlag::symmetry, AnalysisFlag::numDistinctApprox",4096,0.001,78422
DenseMatrix,double,"AnalysisFlag::min, AnalysisFlag::max, AnalysisFlag::mean, AnalysisFlag::sparsity, AnalysisFlag::symmetry, AnalysisFlag::numDistinctApprox",4096,0.001,76408
DenseMatrix,double,"AnalysisFlag::min, AnalysisFlag::max, AnalysisFlag::mean, AnalysisFlag::sparsity, AnalysisFlag::symmetry, AnalysisFlag::numDistinctApprox",4096,0.001,79928
DenseMatrix,double,"AnalysisFlag::min, AnalysisFlag::max, AnalysisFlag::mean, AnalysisFlag::sparsity, AnalysisFlag::symmetry, AnalysisFlag::numDistinctApprox",4096,0.001,85563
DenseMatrix,double,"AnalysisFlag::min, AnalysisFlag::max, AnalysisFlag::mean, AnalysisFlag::sparsity, AnalysisFlag::symmetry, AnalysisFlag::numDistinctApprox",4096,0.001,60861
DenseMatrix,double,"AnalysisFlag::min, AnalysisFlag::max, AnalysisFlag::mean, AnalysisFlag::sparsity, AnalysisFlag::symmetry, AnalysisFlag::numDistinctApprox",4096,0.001,71771
DenseMatrix,double,"AnalysisFlag::min, AnalysisFlag::max, AnalysisFlag::mean, AnalysisFlag::sparsity, AnalysisFlag::symmetry, AnalysisFlag::numDistinctApprox",4096,0.001,64518
DenseMatrix,double,"AnalysisFlag::min, AnalysisFlag::max, AnalysisFlag::mean, AnalysisFlag::sparsity, AnalysisFlag::symmetry, AnalysisFlag::numDistinctApprox",4096,0.001,58090
DenseMatrix,double,"AnalysisFlag::min, AnalysisFlag::max, AnalysisFlag::mean, AnalysisFlag::sparsity, AnalysisFlag::symmetry, AnalysisFlag::numDistinctApprox",4096,0.001,38979
DenseMatrix,int64_t,"AnalysisFlag::min, AnalysisFlag::max, AnalysisFlag::mean, AnalysisFlag::sparsity, AnalysisFlag::symmetry, AnalysisFlag::numDistinctApprox",1024,0.001,32616
DenseMatrix,int64_t,"AnalysisFlag::min, AnalysisFlag::max, AnalysisFlag::mean, AnalysisFlag::sparsity, AnalysisFlag::symmetry, AnalysisFlag::numDistinctApprox",1024,0.001,16300
DenseMatrix,int64_t,"AnalysisFlag::min, AnalysisFlag::max, AnalysisFlag::mean, AnalysisFlag::sparsity, AnalysisFlag::symmetry, AnalysisFlag::numDistinctApprox",1024,0.001,34529
DenseMatrix,int64_t,"AnalysisFlag::min, AnalysisFlag::max, AnalysisFlag::mean, AnalysisFlag::sparsity, AnalysisFlag::symmetry, AnalysisFlag::numDistinctApprox",1024,0.001,36463
DenseMatrix,int64_t,"AnalysisFlag::min, AnalysisFlag::max, AnalysisFlag::mean, AnalysisFlag::sparsity, AnalysisFlag::symmetry, AnalysisFlag::numDistinctApprox",1024,0.001,71013
DenseMatrix,int64_t,"AnalysisFlag::min, AnalysisFlag::max, AnalysisFlag::mean, AnalysisFlag::sparsity, AnalysisFlag::symmetry, AnalysisFlag::numDistinctApprox",1024,0.001,14923
DenseMatrix,int64_t,"AnalysisFlag::min, AnalysisFlag::max, AnalysisFlag::mean, AnalysisFlag::sparsity, AnalysisFlag::symmetry, AnalysisFlag::numDistinctApprox",1024,0.001,14167
DenseMatrix,int64_t,"AnalysisFlag::min, AnalysisFlag::max, AnalysisFlag::mean, AnalysisFlag::sparsity, AnalysisFlag::symmetry, AnalysisFlag::numDistinctApprox",1024,0.001,6010
DenseMatrix,int64_t,"AnalysisFlag::min, AnalysisFlag::max, AnalysisFlag::mean, AnalysisFlag::sparsity, AnalysisFlag::symmetry, AnalysisFlag::numDistinctApprox",1024,0.001,17833
DenseMatrix,int64_t,"AnalysisFlag::min, AnalysisFlag::max, AnalysisFlag::mean, AnalysisFlag::sparsity, AnalysisFlag::symmetry, AnalysisFlag::numDistinctApprox",1024,0.001,4587
DenseMatrix,int64_t,"AnalysisFlag::min, AnalysisFlag::max, AnalysisFlag::mean, AnalysisFlag::sparsity, AnalysisFlag::symmetry, AnalysisFlag::numDistinctApprox",2048,0.001,38949
DenseMatrix,int64_t,"AnalysisFlag::min, AnalysisFlag::max, AnalysisFlag::mean, AnalysisFlag::sparsity, AnalysisFlag::symmetry, AnalysisFlag::numDistinctApprox",2048,0.001,36031
DenseMatrix,int64_t,"AnalysisFlag::min, AnalysisFlag::max, AnalysisFlag::mean, AnalysisFlag::sparsity, AnalysisFlag::symmetry, AnalysisFlag::numDistinctApprox",2048,0.001,35290
DenseMatrix,int64_t,"AnalysisFlag::min, AnalysisFlag::max, AnalysisFlag::mean, AnalysisFlag::sparsity, AnalysisFlag::symmetry, AnalysisFlag::numDistinctApprox",2048,0.001,48423
DenseMatrix,int64_t,"AnalysisFlag::min, AnalysisFlag::max, AnalysisFlag::mean, AnalysisFlag::sparsity, AnalysisFlag::symmetry, AnalysisFlag::numDistinctApprox",2048,0.001,62073
DenseMatrix,int64_t,"AnalysisFlag::min, AnalysisFlag::max, AnalysisFlag::mean, AnalysisFlag::sparsity, AnalysisFlag::symmetry, AnalysisFlag::numDistinctApprox",2048,0.001,17363
DenseMatrix,int64_t,"AnalysisFlag::min, AnalysisFlag::max, AnalysisFlag::mean, AnalysisFlag::sparsity, AnalysisFlag::symmetry, AnalysisFlag::numDistinctApprox",2048,0.001,40917
DenseMatrix,int64_t,"AnalysisFlag::min, AnalysisFlag::max, AnalysisFlag::mean, AnalysisFlag::sparsity, AnalysisFlag::symmetry, AnalysisFlag::numDistinctApprox",2048,0.001,20542
DenseMatrix,int64_t,"AnalysisFlag::min, AnalysisFlag::max, AnalysisFlag::mean, AnalysisFlag::sparsity, AnalysisFlag::symmetry, AnalysisFlag::numDistinctApprox",2048,0.001,25641
DenseMatrix,int64_t,"AnalysisFlag::min, AnalysisFlag::max, AnalysisFlag::mean, AnalysisFlag::sparsity, AnalysisFlag::symmetry, AnalysisFlag::numDistinctApprox",2048,0.001,24920
DenseMatrix,int64_t,"AnalysisFlag::min, AnalysisFlag::max, AnalysisFlag::mean, AnalysisFlag::sparsity, AnalysisFlag::symmetry, AnalysisFlag::numDistinctApprox",4096,0.001,76072
DenseMatrix,int64_t,"AnalysisFlag::min, AnalysisFlag::max, AnalysisFlag::mean, AnalysisFlag::sparsity, AnalysisFlag::symmetry, AnalysisFlag::numDistinctApprox",4096,0.001,72547
DenseMatrix,int64_t,"AnalysisFlag::min, AnalysisFlag::max, AnalysisFlag::mean, AnalysisFlag::sparsity, AnalysisFlag::symmetry, AnalysisFlag::numDistinctApprox",4096,0.001,74554
DenseMatrix,int64_t,"AnalysisFlag::min, AnalysisFlag::max, AnalysisFlag::mean, AnalysisFlag::sparsity, AnalysisFlag::symmetry, AnalysisFlag::numDistinctApprox",4096,0.001,66154
DenseMatrix,int64_t,"AnalysisFlag::min, AnalysisFlag::max, AnalysisFlag::mean, AnalysisFlag::sparsity, AnalysisFlag::symmetry, AnalysisFlag::numDistinctApprox",4096,0.001,83847
DenseMatrix,int64_t,"AnalysisFlag::min, AnalysisFlag::max, AnalysisFlag::mean, AnalysisFlag::sparsity, AnalysisFlag::symmetry, AnalysisFlag::numDistinctApprox",4096,0.001,55350
DenseMatrix,int64_t,"AnalysisFlag::min, AnalysisFlag::max, AnalysisFlag::mean, AnalysisFlag::sparsity, AnalysisFlag::symmetry, AnalysisFlag::numDistinctApprox",4096,0.001,69080
DenseMatrix,int64_t,"AnalysisFlag::min, AnalysisFlag::max, AnalysisFlag::mean, AnalysisFlag::sparsity, AnalysisFlag::symmetry, AnalysisFlag::numDistinctApprox",4096,0.001,61004
DenseMatrix,int64_t,"AnalysisFlag::min, AnalysisFlag::max, AnalysisFlag::mean, AnalysisFlag::sparsity, AnalysisFlag::symmetry, AnalysisFlag::numDistinctApprox",4096,0.001,52184
DenseMatrix,int64_t,"AnalysisFlag::min, AnalysisFlag::max, AnalysisFlag::mean, AnalysisFlag::sparsity, AnalysisFlag::symmetry, AnalysisFlag::numDistinctApprox",4096,0.001,38453
DenseMatrix,double,"AnalysisFlag::min, AnalysisFlag::max, AnalysisFlag::mean, AnalysisFlag::sparsity, AnalysisFlag::symmetry, AnalysisFlag::numDistinctApprox",1024,0.01,68250
DenseMatrix,double,"AnalysisFlag::min, AnalysisFlag::max, AnalysisFlag::mean, AnalysisFlag::sparsity, AnalysisFlag::symmetry, AnalysisFlag::numDistinctApprox",1024,0.01,67318
DenseMatrix,double,"AnalysisFlag::min, AnalysisFlag::max, AnalysisFlag::mean, AnalysisFlag::sparsity, AnalysisFlag::symmetry, AnalysisFlag::numDistinctApprox",1024,0.01,78260
DenseMatrix,double,"AnalysisFlag::min, AnalysisFlag::max, AnalysisFlag::mean, AnalysisFlag::sparsity, AnalysisFlag::symmetry, AnalysisFlag::numDistinctApprox",1024,0.01,63255
DenseMatrix,double,"AnalysisFlag::min, AnalysisFlag::max, AnalysisFlag::mean, AnalysisFlag::sparsity, AnalysisFlag::symmetry, AnalysisFlag::numDistinctApprox",1024,0.01,68484
DenseMatrix,double,"AnalysisFlag::min, AnalysisFlag::max, AnalysisFlag::mean, AnalysisFlag::sparsity, AnalysisFlag::symmetry, AnalysisFlag::numDistinctApprox",1024,0.01,70149
DenseMatrix,double,"AnalysisFlag::min, AnalysisFlag::max, AnalysisFlag::mean, AnalysisFlag::sparsity, AnalysisFlag::symmetry, AnalysisFlag::numDistinctApprox",1024,0.01,62215
DenseMatrix,double,"AnalysisFlag::min, AnalysisFlag::max, AnalysisFlag::mean, AnalysisFlag::sparsity, AnalysisFlag::symmetry, AnalysisFlag::numDistinctApprox",1024,0.01,66461
DenseMatrix,double,"AnalysisFlag::min, AnalysisFlag::max, AnalysisFlag::mean, AnalysisFlag::sparsity, AnalysisFlag::symmetry, AnalysisFlag::numDistinctApprox",1024,0.01,50587
DenseMatrix,double,"AnalysisFlag::min, AnalysisFlag::max, AnalysisFlag::mean, AnalysisFlag::sparsity, AnalysisFlag::symmetry, AnalysisFlag::numDistinctApprox",1024,0.01,34860
DenseMatrix,double,"AnalysisFlag::min, AnalysisFlag::max, AnalysisFlag::mean, AnalysisFlag::sparsity, AnalysisFlag::symmetry, AnalysisFlag::numDistinctApprox",2048,0.01,89912
DenseMatrix,double,"AnalysisFlag::min, AnalysisFlag::max, AnalysisFlag::mean, AnalysisFlag::sparsity, AnalysisFlag::symmetry, AnalysisFlag::numDistinctApprox",2048,0.01,83022
DenseMatrix,double,"AnalysisFlag::min, AnalysisFlag::max, AnalysisFlag::mean, AnalysisFlag::sparsity, AnalysisFlag::symmetry, AnalysisFlag::numDistinctApprox",2048,0.01,88930
DenseMatrix,double,"AnalysisFlag::min, AnalysisFlag::max, AnalysisFlag::mean, AnalysisFlag::sparsity, AnalysisFlag::symmetry, AnalysisFlag::numDistinctApprox",2048,0.01,85047
DenseMatrix,double,"AnalysisFlag::min, AnalysisFlag::max, AnalysisFlag::mean, AnalysisFlag::sparsity, AnalysisFlag::symmetry, AnalysisFlag::numDistinctApprox",2048,0.01,82044
DenseMatrix,double,"AnalysisFlag::min, AnalysisFlag::max, AnalysisFlag::mean, AnalysisFlag::sparsity, AnalysisFlag::symmetry, AnalysisFlag::numDistinctApprox",2048,0.01,80978
DenseMatrix,double,"AnalysisFlag::min, AnalysisFlag::max, AnalysisFlag::mean, AnalysisFlag::sparsity, AnalysisFlag::symmetry, AnalysisFlag::numDistinctApprox",2048,0.01,90380
DenseMatrix,double,"AnalysisFlag::min, AnalysisFlag::max, AnalysisFlag::mean, AnalysisFlag::sparsity, AnalysisFlag::symmetry, AnalysisFlag::numDistinctApprox",2048,0.01,71063
DenseMatrix,double,"AnalysisFlag::min, AnalysisFlag::max, AnalysisFlag::mean, AnalysisFlag::sparsity, AnalysisFlag::symmetry, AnalysisFlag::numDistinctApprox",2048,0.01,69749
DenseMatrix,double,"AnalysisFlag::min, AnalysisFlag::max, AnalysisFlag::mean, AnalysisFlag::sparsity, AnalysisFlag::symmetry, AnalysisFlag::numDistinctApprox",2048,0.01,83578
DenseMatrix,double,"AnalysisFlag::min, AnalysisFlag::max, AnalysisFlag::mean, AnalysisFlag::sparsity, AnalysisFlag::symmetry, AnalysisFlag::numDistinctApprox",4096,0.01,123647
DenseMatrix,double,"AnalysisFlag::min, AnalysisFlag::max, AnalysisFlag::mean, AnalysisFlag::sparsity, AnalysisFlag::symmetry, AnalysisFlag::numDistinctApprox",4096,0.01,92265
DenseMatrix,double,"AnalysisFlag::min, AnalysisFlag::max, AnalysisFlag::mean, AnalysisFlag::sparsity, AnalysisFlag::symmetry, AnalysisFlag::numDistinctApprox",4096,0.01,91415
DenseMatrix,double,"AnalysisFlag::min, AnalysisFlag::max, AnalysisFlag::mean, AnalysisFlag::sparsity, AnalysisFlag::symmetry, AnalysisFlag::numDistinctApprox",4096,0.01,80982
DenseMatrix,double,"AnalysisFlag::min, AnalysisFlag::max, AnalysisFlag::mean, AnalysisFlag::sparsity, AnalysisFlag::symmetry, AnalysisFlag::numDistinctApprox",4096,0.01,89223
DenseMatrix,double,"AnalysisFlag::min, AnalysisFlag::max, AnalysisFlag::mean, AnalysisFlag::sparsity, AnalysisFlag::symmetry, AnalysisFlag::numDistinctApprox",4096,0.01,90784
DenseMatrix,double,"AnalysisFlag::min, AnalysisFlag::max, AnalysisFlag::mean, AnalysisFlag::sparsity, AnalysisFlag::symmetry, AnalysisFlag::numDistinctApprox",4096,0.01,83040
DenseMatrix,double,"AnalysisFlag::min, AnalysisFlag::max, AnalysisFlag::mean, AnalysisFlag::sparsity, AnalysisFlag::symmetry, AnalysisFlag::numDistinctApprox",4096,0.01,107348
DenseMatrix,double,"AnalysisFlag::min, AnalysisFlag::max, AnalysisFlag::mean, AnalysisFlag::sparsity, AnalysisFlag::symmetry, AnalysisFlag::numDistinctApprox",4096,0.01,88870
DenseMatrix,double,"AnalysisFlag::min, AnalysisFlag::max, AnalysisFlag::mean, AnalysisFlag::sparsity, AnalysisFlag::symmetry, AnalysisFlag::numDistinctApprox",4096,0.01,87003
DenseMatrix,int64_t,"AnalysisFlag::min, AnalysisFlag::max, AnalysisFlag::mean, AnalysisFlag::sparsity, AnalysisFlag::symmetry, AnalysisFlag::numDistinctApprox",1024,0.01,68304
DenseMatrix,int64_t,"AnalysisFlag::min, AnalysisFlag::max, AnalysisFlag::mean, AnalysisFlag::sparsity, AnalysisFlag::symmetry, AnalysisFlag::numDistinctApprox",1024,0.01,66987
DenseMatrix,int64_t,"AnalysisFlag::min, AnalysisFlag::max, AnalysisFlag::mean, AnalysisFlag::sparsity, AnalysisFlag::symmetry, AnalysisFlag::numDistinctApprox",1024,0.01,65447
DenseMatrix,int64_t,"AnalysisFlag::min, AnalysisFlag::max, AnalysisFlag::mean, AnalysisFlag::sparsity, AnalysisFlag::symmetry, AnalysisFlag::numDistinctApprox",1024,0.01,62760
DenseMatrix,int64_t,"AnalysisFlag::min, AnalysisFlag::max, AnalysisFlag::mean, AnalysisFlag::sparsity, AnalysisFlag::symmetry, AnalysisFlag::numDistinctApprox",1024,0.01,66469
DenseMatrix,int64_t,"AnalysisFlag::min, AnalysisFlag::max, AnalysisFlag::mean, AnalysisFlag::sparsity, AnalysisFlag::symmetry, AnalysisFlag::numDistinctApprox",1024,0.01,69800
DenseMatrix,int64_t,"AnalysisFlag::min, AnalysisFlag::max, AnalysisFlag::mean, AnalysisFlag::sparsity, AnalysisFlag::symmetry, AnalysisFlag::numDistinctApprox",1024,0.01,61032
DenseMatrix,int64_t,"AnalysisFlag::min, AnalysisFlag::max, AnalysisFlag::mean, AnalysisFlag::sparsity, AnalysisFlag::symmetry, AnalysisFlag::numDistinctApprox",1024,0.01,66163
DenseMatrix,int64_t,"AnalysisFlag::min, AnalysisFlag::max, AnalysisFlag::mean, AnalysisFlag::sparsity, AnalysisFlag::symmetry, AnalysisFlag::numDistinctApprox",1024,0.01,61103
DenseMatrix,int64_t,"AnalysisFlag::min, AnalysisFlag::max, AnalysisFlag::mean, AnalysisFlag::sparsity, AnalysisFlag::symmetry, AnalysisFlag::numDistinctApprox",1024,0.01,39495
DenseMatrix,int64_t,"AnalysisFlag::min, AnalysisFlag::max, AnalysisFlag::mean, AnalysisFlag::sparsity, AnalysisFlag::symmetry, AnalysisFlag::numDistinctApprox",2048,0.01,115510
DenseMatrix,int64_t,"AnalysisFlag::min, AnalysisFlag::max, AnalysisFlag::mean, AnalysisFlag::sparsity, AnalysisFlag::symmetry, AnalysisFlag::numDistinctApprox",2048,0.01,83135
DenseMatrix,int64_t,"AnalysisFlag::min, AnalysisFlag::max, AnalysisFlag::mean, AnalysisFlag::sparsity, AnalysisFlag::symmetry, AnalysisFlag::numDistinctApprox",2048,0.01,69610
DenseMatrix,int64_t,"AnalysisFlag::min, AnalysisFlag::max, AnalysisFlag::mean, AnalysisFlag::sparsity, AnalysisFlag::symmetry, AnalysisFlag::numDistinctApprox",2048,0.01,85166
DenseMatrix,int64_t,"AnalysisFlag::min, AnalysisFlag::max, AnalysisFlag::mean, AnalysisFlag::sparsity, AnalysisFlag::symmetry, AnalysisFlag::numDistinctApprox",2048,0.01,104049
DenseMatrix,int64_t,"AnalysisFlag::min, AnalysisFlag::max, AnalysisFlag::mean, AnalysisFlag::sparsity, AnalysisFlag::symmetry, AnalysisFlag::numDistinctApprox",2048,0.01,82439
DenseMatrix,int64_t,"AnalysisFlag::min, AnalysisFlag::max, AnalysisFlag::mean, AnalysisFlag::sparsity, AnalysisFlag::symmetry, AnalysisFlag::numDistinctApprox",2048,0.01,69801
DenseMatrix,int64_t,"AnalysisFlag::min, AnalysisFlag::max, AnalysisFlag::mean, AnalysisFlag::sparsity, AnalysisFlag::symmetry, AnalysisFlag::numDistinctApprox",2048,0.01,105990
DenseMatrix,int64_t,"AnalysisFlag::min, AnalysisFlag::max, AnalysisFlag::mean, AnalysisFlag::sparsity, AnalysisFlag::symmetry, AnalysisFlag::numDistinctApprox",2048,0.01,78794
DenseMatrix,int64_t,"AnalysisFlag::min, AnalysisFlag::max, AnalysisFlag::mean, AnalysisFlag::sparsity, AnalysisFlag::symmetry, AnalysisFlag::numDistinctApprox",2048,0.01,65353
DenseMatrix,int64_t,"AnalysisFlag::min, AnalysisFlag::max, AnalysisFlag::mean, AnalysisFlag::sparsity, AnalysisFlag::symmetry, AnalysisFlag::numDistinctApprox",4096,0.01,107643
DenseMatrix,int64_t,"AnalysisFlag::min, AnalysisFlag::max, AnalysisFlag::mean, AnalysisFlag::sparsity, AnalysisFlag::symmetry, AnalysisFlag::numDistinctApprox",4096,0.01,81810
DenseMatrix,int64_t,"AnalysisFlag::min, AnalysisFlag::max, AnalysisFlag::mean, AnalysisFlag::sparsity, AnalysisFlag::symmetry, AnalysisFlag::numDistinctApprox",4096,0.01,78960
DenseMatrix,int64_t,"AnalysisFlag::min, AnalysisFlag::max, AnalysisFlag::mean, AnalysisFlag::sparsity, AnalysisFlag::symmetry, AnalysisFlag::numDistinctApprox",4096,0.01,80612
DenseMatrix,int64_t,"AnalysisFlag::min, AnalysisFlag::max, AnalysisFlag::mean, AnalysisFlag::sparsity, AnalysisFlag::symmetry, AnalysisFlag::numDistinctApprox",4096,0.01,86420
DenseMatrix,int64_t,"AnalysisFlag::min, AnalysisFlag::max, AnalysisFlag::mean, AnalysisFlag::sparsity, AnalysisFlag::symmetry, AnalysisFlag::numDistinctApprox",4096,0.01,102990
DenseMatrix,int64_t,"AnalysisFlag::min, AnalysisFlag::max, AnalysisFlag::mean, AnalysisFlag::sparsity, AnalysisFlag::symmetry, AnalysisFlag::numDistinctApprox",4096,0.01,81994
DenseMatrix,int64_t,"AnalysisFlag::min, AnalysisFlag::max, AnalysisFlag::mean, AnalysisFlag::sparsity, AnalysisFlag::symmetry, AnalysisFlag::numDistinctApprox",4096,0.01,98663
DenseMatrix,int64_t,"AnalysisFlag::min, AnalysisFlag::max, AnalysisFlag::mean, AnalysisFlag::sparsity, AnalysisFlag::symmetry, AnalysisFlag::numDistinctApprox",4096,0.01,77969
DenseMatrix,int64_t,"AnalysisFlag::min, AnalysisFlag::max, AnalysisFlag::mean, AnalysisFlag::sparsity, AnalysisFlag::symmetry, AnalysisFlag::numDistinctApprox",4096,0.01,95322
DenseMatrix,double,"AnalysisFlag::min, AnalysisFlag::max, AnalysisFlag::mean, AnalysisFlag::sparsity, AnalysisFlag::symmetry, AnalysisFlag::numDistinctApprox",1024,0.05,87741
DenseMatrix,double,"AnalysisFlag::min, AnalysisFlag::max, AnalysisFlag::mean, AnalysisFlag::sparsity, AnalysisFlag::symmetry, AnalysisFlag::numDistinctApprox",1024,0.05,75445
DenseMatrix,double,"AnalysisFlag::min, AnalysisFlag::max, AnalysisFlag::mean, AnalysisFlag::sparsity, AnalysisFlag::symmetry, AnalysisFlag::numDistinctApprox",1024,0.05,69381
DenseMatrix,double,"AnalysisFlag::min, AnalysisFlag::max, AnalysisFlag::mean, AnalysisFlag::sparsity, AnalysisFlag::symmetry, AnalysisFlag::numDistinctApprox",1024,0.05,69412
DenseMatrix,double,"AnalysisFlag::min, AnalysisFlag::max, AnalysisFlag::mean, AnalysisFlag::sparsity, AnalysisFlag::symmetry, AnalysisFlag::numDistinctApprox",1024,0.05,85953
DenseMatrix,double,"AnalysisFlag::min, AnalysisFlag::max, AnalysisFlag::mean, AnalysisFlag::sparsity, AnalysisFlag::symmetry, AnalysisFlag::numDistinctApprox",1024,0.05,79895
DenseMatrix,double,"AnalysisFlag::min, AnalysisFlag::max, AnalysisFlag::mean, AnalysisFlag::sparsity, AnalysisFlag::symmetry, AnalysisFlag::numDistinctApprox",1024,0.05,77027
DenseMatrix,double,"AnalysisFlag::min, AnalysisFlag::max, AnalysisFlag::mean, AnalysisFlag::sparsity, AnalysisFlag::symmetry, AnalysisFlag::numDistinctApprox",1024,0.05,68925
DenseMatrix,double,"AnalysisFlag::min, AnalysisFlag::max, AnalysisFlag::mean, AnalysisFlag::sparsity, AnalysisFlag::symmetry, AnalysisFlag::numDistinctApprox",1024,0.05,68232
DenseMatrix,double,"AnalysisFlag::min, AnalysisFlag::max, AnalysisFlag::mean, AnalysisFlag::sparsity, AnalysisFlag::symmetry, AnalysisFlag::numDistinctApprox",1024,0.05,76638
DenseMatrix,double,"AnalysisFlag::min, AnalysisFlag::max, AnalysisFlag::mean, AnalysisFlag::sparsity, AnalysisFlag::symmetry, AnalysisFlag::numDistinctApprox",2048,0.05,97312
DenseMatrix,double,"AnalysisFlag::min, AnalysisFlag::max, AnalysisFlag::mean, AnalysisFlag::sparsity, AnalysisFlag::symmetry, AnalysisFlag::numDistinctApprox",2048,0.05,90055
DenseMatrix,double,"AnalysisFlag::min, AnalysisFlag::max, AnalysisFlag::mean, AnalysisFlag::sparsity, AnalysisFlag::symmetry, AnalysisFlag::numDistinctApprox",2048,0.05,102505
DenseMatrix,double,"AnalysisFlag::min, AnalysisFlag::max, AnalysisFlag::mean, AnalysisFlag::sparsity, AnalysisFlag::symmetry, AnalysisFlag::numDistinctApprox",2048,0.05,76385
DenseMatrix,double,"AnalysisFlag::min, AnalysisFlag::max, AnalysisFlag::mean, AnalysisFlag::sparsity, AnalysisFlag::symmetry, AnalysisFlag::numDistinctApprox",2048,0.05,93154
DenseMatrix,double,"AnalysisFlag::min, AnalysisFlag::max, AnalysisFlag::mean, AnalysisFlag::sparsity, AnalysisFlag::symmetry, AnalysisFlag::numDistinctApprox",2048,0.05,82406
DenseMatrix,double,"AnalysisFlag::min, AnalysisFlag::max, AnalysisFlag::mean, AnalysisFlag::sparsity, AnalysisFlag::symmetry, AnalysisFlag::numDistinctApprox",2048,0.05,91898
DenseMatrix,double,"AnalysisFlag::min, AnalysisFlag::max, AnalysisFlag::mean, AnalysisFlag::sparsity, AnalysisFlag::symmetry, AnalysisFlag::numDistinctApprox",2048,0.05,95858
DenseMatrix,double,"AnalysisFlag::min, AnalysisFlag::max, AnalysisFlag::mean, AnalysisFlag::sparsity, AnalysisFlag::symmetry, AnalysisFlag::numDistinctApprox",2048,0.05,83966
DenseMatrix,double,"AnalysisFlag::min, AnalysisFlag::max, AnalysisFlag::mean, AnalysisFlag::sparsity, AnalysisFlag::symmetry, AnalysisFlag::numDistinctApprox",2048,0.05,80888
DenseMatrix,double,"AnalysisFlag::min, AnalysisFlag::max, AnalysisFlag::mean, AnalysisFlag::sparsity, AnalysisFlag::symmetry, AnalysisFlag::numDistinctApprox",4096,0.05,138300
DenseMatrix,double,"AnalysisFlag::min, AnalysisFlag::max, AnalysisFlag::mean, AnalysisFlag::sparsity, AnalysisFlag::symmetry, AnalysisFlag::numDistinctApprox",4096,0.05,100609
DenseMatrix,double,"AnalysisFlag::min, AnalysisFlag::max, AnalysisFlag::mean, AnalysisFlag::sparsity, AnalysisFlag::symmetry, AnalysisFlag::numDistinctApprox",4096,0.05,128000
DenseMatrix,double,"AnalysisFlag::min, AnalysisFlag::max, AnalysisFlag::mean, AnalysisFlag::sparsity, AnalysisFlag::symmetry, AnalysisFlag::numDistinctApprox",4096,0.05,111843
DenseMatrix,double,"AnalysisFlag::min, AnalysisFlag::max, AnalysisFlag::mean, AnalysisFlag::sparsity, AnalysisFlag::symmetry, AnalysisFlag::numDistinctApprox",4096,0.05,113050
DenseMatrix,double,"AnalysisFlag::min, AnalysisFlag::max, AnalysisFlag::mean, AnalysisFlag::sparsity, AnalysisFlag::symmetry, AnalysisFlag::numDistinctApprox",4096,0.05,92042
DenseMatrix,double,"AnalysisFlag::min, AnalysisFlag::max, AnalysisFlag::mean, AnalysisFlag::sparsity, AnalysisFlag::symmetry, AnalysisFlag::numDistinctApprox",4096,0.05,105795
DenseMatrix,double,"AnalysisFlag::min, AnalysisFlag::max, AnalysisFlag::mean, AnalysisFlag::sparsity, AnalysisFlag::symmetry, AnalysisFlag::numDistinctApprox",4096,0.05,103069
DenseMatrix,double,"AnalysisFlag::min, AnalysisFlag::max, AnalysisFlag::mean, AnalysisFlag::sparsity, AnalysisFlag::symmetry, AnalysisFlag::numDistinctApprox",4096,0.05,115312
DenseMatrix,double,"AnalysisFlag::min, AnalysisFlag::max, AnalysisFlag::mean, AnalysisFlag::sparsity, AnalysisFlag::symmetry, AnalysisFlag::numDistinctApprox",4096,0.05,101028
DenseMatrix,int64_t,"AnalysisFlag::min, AnalysisFlag::max, AnalysisFlag::mean, AnalysisFlag::sparsity, AnalysisFlag::symmetry, AnalysisFlag::numDistinctApprox",1024,0.05,116484
DenseMatrix,int64_t,"AnalysisFlag::min, AnalysisFlag::max, AnalysisFlag::mean, AnalysisFlag::sparsity, AnalysisFlag::symmetry, AnalysisFlag::numDistinctApprox",1024,0.05,93644
DenseMatrix,int64_t,"AnalysisFlag::min, AnalysisFlag::max, AnalysisFlag::mean, AnalysisFlag::sparsity, AnalysisFlag::symmetry, AnalysisFlag::numDistinctApprox",1024,0.05,75358
DenseMatrix,int64_t,"AnalysisFlag::min, AnalysisFlag::max, AnalysisFlag::mean, AnalysisFlag::sparsity, AnalysisFlag::symmetry, AnalysisFlag::numDistinctApprox",1024,0.05,79967
DenseMatrix,int64_t,"AnalysisFlag::min, AnalysisFlag::max, AnalysisFlag::mean, AnalysisFlag::sparsity, AnalysisFlag::symmetry, AnalysisFlag::numDistinctApprox",1024,0.05,114179
DenseMatrix,int64_t,"AnalysisFlag::min, AnalysisFlag::max, AnalysisFlag::mean, AnalysisFlag::sparsity, AnalysisFlag::symmetry, AnalysisFlag::numDistinctApprox",1024,0.05,101870
DenseMatrix,int64_t,"AnalysisFlag::min, AnalysisFlag::max, AnalysisFlag::mean, AnalysisFlag::sparsity, AnalysisFlag::symmetry, AnalysisFlag::numDistinctApprox",1024,0.05,77805
DenseMatrix,int64_t,"AnalysisFlag::min, AnalysisFlag::max, AnalysisFlag::mean, AnalysisFlag::sparsity, AnalysisFlag::symmetry, AnalysisFlag::numDistinctApprox",1024,0.05,70393
DenseMatrix,int64_t,"AnalysisFlag::min, AnalysisFlag::max, AnalysisFlag::mean, AnalysisFlag::sparsity, AnalysisFlag::symmetry, AnalysisFlag::numDistinctApprox",1024,0.05,67500
DenseMatrix,int64_t,"AnalysisFlag::min, AnalysisFlag::max, AnalysisFlag::mean, AnalysisFlag::sparsity, AnalysisFlag::symmetry, AnalysisFlag::numDistinctApprox",1024,0.05,109793
DenseMatrix,int64_t,"AnalysisFlag::min, AnalysisFlag::max, AnalysisFlag::mean, AnalysisFlag::sparsity, AnalysisFlag::symmetry, AnalysisFlag::numDistinctApprox",2048,0.05,126423
DenseMatrix,int64_t,"AnalysisFlag::min, AnalysisFlag::max, AnalysisFlag::mean, AnalysisFlag::sparsity, AnalysisFlag::symmetry, AnalysisFlag::numDistinctApprox",2048,0.05,119058
DenseMatrix,int64_t,"AnalysisFlag::min, AnalysisFlag::max, AnalysisFlag::mean, AnalysisFlag::sparsity, AnalysisFlag::symmetry, AnalysisFlag::numDistinctApprox",2048,0.05,76301
DenseMatrix,int64_t,"AnalysisFlag::min, AnalysisFlag::max, AnalysisFlag::mean, AnalysisFlag::sparsity, AnalysisFlag::symmetry, AnalysisFlag::numDistinctApprox",2048,0.05,83252
DenseMatrix,int64_t,"AnalysisFlag::min, AnalysisFlag::max, AnalysisFlag::mean, AnalysisFlag::sparsity, AnalysisFlag::symmetry, AnalysisFlag::numDistinctApprox",2048,0.05,88638
DenseMatrix,int64_t,"AnalysisFlag::min, AnalysisFlag::max, AnalysisFlag::mean, AnalysisFlag::sparsity, AnalysisFlag::symmetry, AnalysisFlag::numDistinctApprox",2048,0.05,81961
DenseMatrix,int64_t,"AnalysisFlag::min, AnalysisFlag::max, AnalysisFlag::mean, AnalysisFlag::sparsity, AnalysisFlag::symmetry, AnalysisFlag::numDistinctApprox",2048,0.05,109646
DenseMatrix,int64_t,"AnalysisFlag::min, AnalysisFlag::max, AnalysisFlag::mean, AnalysisFlag::sparsity, AnalysisFlag::symmetry, AnalysisFlag::numDistinctApprox",2048,0.05,96577
DenseMatrix,int64_t,"AnalysisFlag::min, AnalysisFlag::max, AnalysisFlag::mean, AnalysisFlag::sparsity, AnalysisFlag::symmetry, AnalysisFlag::numDistinctApprox",2048,0.05,129457
DenseMatrix,int64_t,"AnalysisFlag::min, AnalysisFlag::max, AnalysisFlag::mean, AnalysisFlag::sparsity, AnalysisFlag::symmetry, AnalysisFlag::numDistinctApprox",2048,0.05,115786
DenseMatrix,int64_t,"AnalysisFlag::min, AnalysisFlag::max, AnalysisFlag::mean, AnalysisFlag::sparsity, AnalysisFlag::symmetry, AnalysisFlag::numDistinctApprox",4096,0.05,110991
DenseMatrix,int64_t,"AnalysisFlag::min, AnalysisFlag::max, AnalysisFlag::mean, AnalysisFlag::sparsity, AnalysisFlag::symmetry, AnalysisFlag::numDistinctApprox",4096,0.05,99104
DenseMatrix,int64_t,"AnalysisFlag::min, AnalysisFlag::max, AnalysisFlag::mean, AnalysisFlag::sparsity, AnalysisFlag::symmetry, AnalysisFlag::numDistinctApprox",4096,0.05,97382
DenseMatrix,int64_t,"AnalysisFlag::min, AnalysisFlag::max, AnalysisFlag::mean, AnalysisFlag::sparsity, AnalysisFlag::symmetry, AnalysisFlag::numDistinctApprox",4096,0.05,100540
DenseMatrix,int64_t,"AnalysisFlag::min, AnalysisFlag::max, AnalysisFlag::mean, AnalysisFlag::sparsity, AnalysisFlag::symmetry, AnalysisFlag::numDistinctApprox",4096,0.05,101122
DenseMatrix,int64_t,"AnalysisFlag::min, AnalysisFlag::max, AnalysisFlag::mean, AnalysisFlag::sparsity, AnalysisFlag::symmetry, AnalysisFlag::numDistinctApprox",4096,0.05,126740
DenseMatrix,int64_t,"AnalysisFlag::min, AnalysisFlag::max, AnalysisFlag::mean, AnalysisFlag::sparsity, AnalysisFlag::symmetry, AnalysisFlag::numDistinctApprox",4096,0.05,99175
DenseMatrix,int64_t,"AnalysisFlag::min, AnalysisFlag::max, AnalysisFlag::mean, AnalysisFlag::sparsity, AnalysisFlag::symmetry, AnalysisFlag::numDistinctApprox",4096,0.05,124194
DenseMatrix,int64_t,"AnalysisFlag::min, AnalysisFlag::max, AnalysisFlag::mean, AnalysisFlag::sparsity, AnalysisFlag::symmetry, AnalysisFlag::numDistinctApprox",4096,0.05,97895
DenseMatrix,int64_t,"AnalysisFlag::min, AnalysisFlag::max, AnalysisFlag::mean, AnalysisFlag::sparsity, AnalysisFlag::symmetry, AnalysisFlag::numDistinctApprox",4096,0.05,114293
DenseMatrix,double,"AnalysisFlag::min, AnalysisFlag::max, AnalysisFlag::mean, AnalysisFlag::sparsity, AnalysisFlag::symmetry, AnalysisFlag::numDistinctApprox",1024,0.1,117209
DenseMatrix,double,"AnalysisFlag::min, AnalysisFlag::max, AnalysisFlag::mean, AnalysisFlag::sparsity, AnalysisFlag::symmetry, AnalysisFlag::numDistinctApprox",1024,0.1,109641
DenseMatrix,double,"AnalysisFlag::min, AnalysisFlag::max, AnalysisFlag::mean, AnalysisFlag::sparsity, AnalysisFlag::symmetry, AnalysisFlag::numDistinctApprox",1024,0.1,85969
DenseMatrix,double,"AnalysisFlag::min, AnalysisFlag::max, AnalysisFlag::mean, AnalysisFlag::sparsity, AnalysisFlag::symmetry, AnalysisFlag::numDistinctApprox",1024,0.1,95699
DenseMatrix,double,"AnalysisFlag::min, AnalysisFlag::max, AnalysisFlag::mean, AnalysisFlag::sparsity, AnalysisFlag::symmetry, AnalysisFlag::numDistinctApprox",1024,0.1,91923
DenseMatrix,double,"AnalysisFlag::min, AnalysisFlag::max, AnalysisFlag::mean, AnalysisFlag::sparsity, AnalysisFlag::symmetry, AnalysisFlag::numDistinctApprox",1024,0.1,78117
DenseMatrix,double,"AnalysisFlag::min, AnalysisFlag::max, AnalysisFlag::mean, AnalysisFlag::sparsity, AnalysisFlag::symmetry, AnalysisFlag::numDistinctApprox",1024,0.1,98969
DenseMatrix,double,"AnalysisFlag::min, AnalysisFlag::max, AnalysisFlag::mean, AnalysisFlag::sparsity, AnalysisFlag::symmetry, AnalysisFlag::numDistinctApprox",1024,0.1,77876
DenseMatrix,double,"AnalysisFlag::min, AnalysisFlag::max, AnalysisFlag::mean, AnalysisFlag::sparsity, AnalysisFlag::symmetry, AnalysisFlag::numDistinctApprox",1024,0.1,107144
DenseMatrix,double,"AnalysisFlag::min, AnalysisFlag::max, AnalysisFlag::mean, AnalysisFlag::sparsity, AnalysisFlag::symmetry, AnalysisFlag::numDistinctApprox",1024,0.1,78153
DenseMatrix,double,"AnalysisFlag::min, AnalysisFlag::max, AnalysisFlag::mean, AnalysisFlag::sparsity, AnalysisFlag::symmetry, AnalysisFlag::numDistinctApprox",2048,0.1,134183
DenseMatrix,double,"AnalysisFlag::min, AnalysisFlag::max, AnalysisFlag::mean, AnalysisFlag::sparsity, AnalysisFlag::symmetry, AnalysisFlag::numDistinctApprox",2048,0.1,115509
DenseMatrix,double,"AnalysisFlag::min, AnalysisFlag::max, AnalysisFlag::mean, AnalysisFlag::sparsity, AnalysisFlag::symmetry, AnalysisFlag::numDistinctApprox",2048,0.1,104503
DenseMatrix,double,"AnalysisFlag::min, AnalysisFlag::max, AnalysisFlag::mean, AnalysisFlag::sparsity, AnalysisFlag::symmetry, AnalysisFlag::numDistinctApprox",2048,0.1,110075
DenseMatrix,double,"AnalysisFlag::min, AnalysisFlag::max, AnalysisFlag::mean, AnalysisFlag::sparsity, AnalysisFlag::symmetry, AnalysisFlag::numDistinctApprox",2048,0.1,120925
DenseMatrix,double,"AnalysisFlag::min, AnalysisFlag::max, AnalysisFlag::mean, AnalysisFlag::sparsity, AnalysisFlag::symmetry, AnalysisFlag::numDistinctApprox",2048,0.1,116918
DenseMatrix,double,"AnalysisFlag::min, AnalysisFlag::max, AnalysisFlag::mean, AnalysisFlag::sparsity, AnalysisFlag::symmetry, AnalysisFlag::numDistinctApprox",2048,0.1,92418
DenseMatrix,double,"AnalysisFlag::min, AnalysisFlag::max, AnalysisFlag::mean, AnalysisFlag::sparsity, AnalysisFlag::symmetry, AnalysisFlag::numDistinctApprox",2048,0.1,83321
DenseMatrix,double,"AnalysisFlag::min, AnalysisFlag::max, AnalysisFlag::mean, AnalysisFlag::sparsity, AnalysisFlag::symmetry, AnalysisFlag::numDistinctApprox",2048,0.1,107619
DenseMatrix,double,"AnalysisFlag::min, AnalysisFlag::max, AnalysisFlag::mean, AnalysisFlag::sparsity, AnalysisFlag::symmetry, AnalysisFlag::numDistinctApprox",2048,0.1,130112
DenseMatrix,double,"AnalysisFlag::min, AnalysisFlag::max, AnalysisFlag::mean, AnalysisFlag::sparsity, AnalysisFlag::symmetry, AnalysisFlag::numDistinctApprox",4096,0.1,143466
DenseMatrix,double,"AnalysisFlag::min, AnalysisFlag::max, AnalysisFlag::mean, AnalysisFlag::sparsity, AnalysisFlag::symmetry, AnalysisFlag::numDistinctApprox",4096,0.1,105834
DenseMatrix,double,"AnalysisFlag::min, AnalysisFlag::max, AnalysisFlag::mean, AnalysisFlag::sparsity, AnalysisFlag::symmetry, AnalysisFlag::numDistinctApprox",4096,0.1,105183
DenseMatrix,double,"AnalysisFlag::min, AnalysisFlag::max, AnalysisFlag::mean, AnalysisFlag::sparsity, AnalysisFlag::symmetry, AnalysisFlag::numDistinctApprox",4096,0.1,101141
DenseMatrix,double,"AnalysisFlag::min, AnalysisFlag::max, AnalysisFlag::mean, AnalysisFlag::sparsity, AnalysisFlag::symmetry, AnalysisFlag::numDistinctApprox",4096,0.1,105346
DenseMatrix,double,"AnalysisFlag::min, AnalysisFlag::max, AnalysisFlag::mean, AnalysisFlag::sparsity, AnalysisFlag::symmetry, AnalysisFlag::numDistinctApprox",4096,0.1,93119
DenseMatrix,double,"AnalysisFlag::min, AnalysisFlag::max, AnalysisFlag::mean, AnalysisFlag::sparsity, AnalysisFlag::symmetry, AnalysisFlag::numDistinctApprox",4096,0.1,105782
DenseMatrix,double,"AnalysisFlag::min, AnalysisFlag::max, AnalysisFlag::mean, AnalysisFlag::sparsity, AnalysisFlag::symmetry, AnalysisFlag::numDistinctApprox",4096,0.1,107002
DenseMatrix,double,"AnalysisFlag::min, AnalysisFlag::max, AnalysisFlag::mean, AnalysisFlag::sparsity, AnalysisFlag::symmetry, AnalysisFlag::numDistinctApprox",4096,0.1,112851
DenseMatrix,double,"AnalysisFlag::min, AnalysisFlag::max, AnalysisFlag::mean, AnalysisFlag::sparsity, AnalysisFlag::symmetry, AnalysisFlag::numDistinctApprox",4096,0.1,107649
DenseMatrix,int64_t,"AnalysisFlag::min, AnalysisFlag::max, AnalysisFlag::mean, AnalysisFlag::sparsity, AnalysisFlag::symmetry, AnalysisFlag::numDistinctApprox",1024,0.1,121547
DenseMatrix,int64_t,"AnalysisFlag::min, AnalysisFlag::max, AnalysisFlag::mean, AnalysisFlag::sparsity, AnalysisFlag::symmetry, AnalysisFlag::numDistinctApprox",1024,0.1,81906
DenseMatrix,int64_t,"AnalysisFlag::min, AnalysisFlag::max, AnalysisFlag::mean, AnalysisFlag::sparsity, AnalysisFlag::symmetry, AnalysisFlag::numDistinctApprox",1024,0.1,72744
DenseMatrix,int64_t,"AnalysisFlag::min, AnalysisFlag::max, AnalysisFlag::mean, AnalysisFlag::sparsity, AnalysisFlag::symmetry, AnalysisFlag::numDistinctApprox",1024,0.1,92683
DenseMatrix,int64_t,"AnalysisFlag::min, AnalysisFlag::max, AnalysisFlag::mean, AnalysisFlag::sparsity, AnalysisFlag::symmetry, AnalysisFlag::numDistinctApprox",1024,0.1,79360
DenseMatrix,int64_t,"AnalysisFlag::min, AnalysisFlag::max, AnalysisFlag::mean, AnalysisFlag::sparsity, AnalysisFlag::symmetry, AnalysisFlag::numDistinctApprox",1024,0.1,76492
DenseMatrix,int64_t,"AnalysisFlag::min, AnalysisFlag::max, AnalysisFlag::mean, AnalysisFlag::sparsity, AnalysisFlag::symmetry, AnalysisFlag::numDistinctApprox",1024,0.1,86825
DenseMatrix,int64_t,"AnalysisFlag::min, AnalysisFlag::max, AnalysisFlag::mean, AnalysisFlag::sparsity, AnalysisFlag::symmetry, AnalysisFlag::numDistinctApprox",1024,0.1,77552
DenseMatrix,int64_t,"AnalysisFlag::min, AnalysisFlag::max, AnalysisFlag::mean, AnalysisFlag::sparsity, AnalysisFlag::symmetry, AnalysisFlag::numDistinctApprox",1024,0.1,79521
DenseMatrix,int64_t,"AnalysisFlag::min, AnalysisFlag::max, AnalysisFlag::mean, AnalysisFlag::sparsity, AnalysisFlag::symmetry, AnalysisFlag::numDistinctApprox",1024,0.1,76063
DenseMatrix,int64_t,"AnalysisFlag::min, AnalysisFlag::max, AnalysisFlag::mean, AnalysisFlag::sparsity, AnalysisFlag::symmetry, AnalysisFlag::numDistinctApprox",2048,0.1,137348
DenseMatrix,int64_t,"AnalysisFlag::min, AnalysisFlag::max, AnalysisFlag::mean, AnalysisFlag::sparsity, AnalysisFlag::symmetry, AnalysisFlag::numDistinctApprox",2048,0.1,131253
DenseMatrix,int64_t,"AnalysisFlag::min, AnalysisFlag::max, AnalysisFlag::mean, AnalysisFlag::sparsity, AnalysisFlag::symmetry, AnalysisFlag::numDistinctApprox",2048,0.1,102411
DenseMatrix,int64_t,"AnalysisFlag::min, AnalysisFlag::max, AnalysisFlag::mean, AnalysisFlag::sparsity, AnalysisFlag::symmetry, AnalysisFlag::numDistinctApprox",2048,0.1,122692
DenseMatrix,int64_t,"AnalysisFlag::min, AnalysisFlag::max, AnalysisFlag::mean, AnalysisFlag::sparsity, AnalysisFlag::symmetry, AnalysisFlag::numDistinctApprox",2048,0.1,97150
DenseMatrix,int64_t,"AnalysisFlag::min, AnalysisFlag::max, AnalysisFlag::mean, AnalysisFlag::sparsity, AnalysisFlag::symmetry, AnalysisFlag::numDistinctApprox",2048,0.1,95342
DenseMatrix,int64_t,"AnalysisFlag::min, AnalysisFlag::max, AnalysisFlag::mean, AnalysisFlag::sparsity, AnalysisFlag::symmetry, AnalysisFlag::numDistinctApprox",2048,0.1,127825
DenseMatrix,int64_t,"AnalysisFlag::min, AnalysisFlag::max, AnalysisFlag::mean, AnalysisFlag::sparsity, AnalysisFlag::symmetry, AnalysisFlag::numDistinctApprox",2048,0.1,82790
DenseMatrix,int64_t,"AnalysisFlag::min, AnalysisFlag::max, AnalysisFlag::mean, AnalysisFlag::sparsity, AnalysisFlag::symmetry, AnalysisFlag::numDistinctApprox",2048,0.1,100439
DenseMatrix,int64_t,"AnalysisFlag::min, AnalysisFlag::max, AnalysisFlag::mean, AnalysisFlag::sparsity, AnalysisFlag::symmetry, AnalysisFlag::numDistinctApprox",2048,0.1,103054
DenseMatrix,int64_t,"AnalysisFlag::min, AnalysisFlag::max, AnalysisFlag::mean, AnalysisFlag::sparsity, AnalysisFlag::symmetry, AnalysisFlag::numDistinctApprox",4096,0.1,141064
DenseMatrix,int64_t,"AnalysisFlag::min, AnalysisFlag::max, AnalysisFlag::mean, AnalysisFlag::sparsity, AnalysisFlag::symmetry, AnalysisFlag::numDistinctApprox",4096,0.1,100227
DenseMatrix,int64_t,"AnalysisFlag::min, AnalysisFlag::max, AnalysisFlag::mean, AnalysisFlag::sparsity, AnalysisFlag::symmetry, AnalysisFlag::numDistinctApprox",4096,0.1,149288
DenseMatrix,int64_t,"AnalysisFlag::min, AnalysisFlag::max, AnalysisFlag::mean, AnalysisFlag::sparsity, AnalysisFlag::symmetry, AnalysisFlag::numDistinctApprox",4096,0.1,98604
DenseMatrix,int64_t,"AnalysisFlag::min, AnalysisFlag::max, AnalysisFlag::mean, AnalysisFlag::sparsity, AnalysisFlag::symmetry, AnalysisFlag::numDistinctApprox",4096,0.1,110192
DenseMatrix,int64_t,"AnalysisFlag::min, AnalysisFlag::max, AnalysisFlag::mean, AnalysisFlag::sparsity, AnalysisFlag::symmetry, AnalysisFlag::numDistinctApprox",4096,0.1,99183
DenseMatrix,int64_t,"AnalysisFlag::min, AnalysisFlag::max, AnalysisFlag::mean, AnalysisFlag::sparsity, AnalysisFlag::symmetry, AnalysisFlag::numDistinctApprox",4096,0.1,118223
DenseMatrix,int64_t,"AnalysisFlag::min, AnalysisFlag::max, AnalysisFlag::mean, AnalysisFlag::sparsity, AnalysisFlag::symmetry, AnalysisFlag::numDistinctApprox",4096,0.1,131043
DenseMatrix,int64_t,"AnalysisFlag::min, AnalysisFlag::max, AnalysisFlag::mean, AnalysisFlag::sparsity, AnalysisFlag::symmetry, AnalysisFlag::numDistinctApprox",4096,0.1,101875
DenseMatrix,int64_t,"AnalysisFlag::min, AnalysisFlag::max, AnalysisFlag::mean, AnalysisFlag::sparsity, AnalysisFlag::symmetry, AnalysisFlag::numDistinctApprox",4096,0.1,108356
DenseMatrix,double,"AnalysisFlag::min, AnalysisFlag::max, AnalysisFlag::mean, AnalysisFlag::sparsity, AnalysisFlag::symmetry, AnalysisFlag::numDistinctApprox",1024,0.2,127061
DenseMatrix,double,"AnalysisFlag::min, AnalysisFlag::max, AnalysisFlag::mean, AnalysisFlag::sparsity, AnalysisFlag::symmetry, AnalysisFlag::numDistinctApprox",1024,0.2,102889
DenseMatrix,double,"AnalysisFlag::min, AnalysisFlag::max, AnalysisFlag::mean, AnalysisFlag::sparsity, AnalysisFlag::symmetry, AnalysisFlag::numDistinctApprox",1024,0.2,78830
DenseMatrix,double,"AnalysisFlag::min, AnalysisFlag::max, AnalysisFlag::mean, AnalysisFlag::sparsity, AnalysisFlag::symmetry, AnalysisFlag::numDistinctApprox",1024,0.2,83578
DenseMatrix,double,"AnalysisFlag::min, AnalysisFlag::max, AnalysisFlag::mean, AnalysisFlag::sparsity, AnalysisFlag::symmetry, AnalysisFlag::numDistinctApprox",1024,0.2,116597
DenseMatrix,double,"AnalysisFlag::min, AnalysisFlag::max, AnalysisFlag::mean, AnalysisFlag::sparsity, AnalysisFlag::symmetry, AnalysisFlag::numDistinctApprox",1024,0.2,91999
DenseMatrix,double,"AnalysisFlag::min, AnalysisFlag::max, AnalysisFlag::mean, AnalysisFlag::sparsity, AnalysisFlag::symmetry, AnalysisFlag::numDistinctApprox",1024,0.2,124910
DenseMatrix,double,"AnalysisFlag::min, AnalysisFlag::max, AnalysisFlag::mean, AnalysisFlag::sparsity, AnalysisFlag::symmetry, AnalysisFlag::numDistinctApprox",1024,0.2,114220
DenseMatrix,double,"AnalysisFlag::min, AnalysisFlag::max, AnalysisFlag::mean, AnalysisFlag::sparsity, AnalysisFlag::symmetry, AnalysisFlag::numDistinctApprox",1024,0.2,94367
DenseMatrix,double,"AnalysisFlag::min, AnalysisFlag::max, AnalysisFlag::mean, AnalysisFlag::sparsity, AnalysisFlag::symmetry, AnalysisFlag::numDistinctApprox",1024,0.2,126101
DenseMatrix,double,"AnalysisFlag::min, AnalysisFlag::max, AnalysisFlag::mean, AnalysisFlag::sparsity, AnalysisFlag::symmetry, AnalysisFlag::numDistinctApprox",2048,0.2,120793
DenseMatrix,double,"AnalysisFlag::min, AnalysisFlag::max, AnalysisFlag::mean, AnalysisFlag::sparsity, AnalysisFlag::symmetry, AnalysisFlag::numDistinctApprox",2048,0.2,99199
DenseMatrix,double,"AnalysisFlag::min, AnalysisFlag::max, AnalysisFlag::mean, AnalysisFlag::sparsity, AnalysisFlag::symmetry, AnalysisFlag::numDistinctApprox",2048,0.2,133185
DenseMatrix,double,"AnalysisFlag::min, AnalysisFlag::max, AnalysisFlag::mean, AnalysisFlag::sparsity, AnalysisFlag::symmetry, AnalysisFlag::numDistinctApprox",2048,0.2,95212
DenseMatrix,double,"AnalysisFlag::min, AnalysisFlag::max, AnalysisFlag::mean, AnalysisFlag::sparsity, AnalysisFlag::symmetry, AnalysisFlag::numDistinctApprox",2048,0.2,133951
DenseMatrix,double,"AnalysisFlag::min, AnalysisFlag::max, AnalysisFlag::mean, AnalysisFlag::sparsity, AnalysisFlag::symmetry, AnalysisFlag::numDistinctApprox",2048,0.2,91561
DenseMatrix,double,"AnalysisFlag::min, AnalysisFlag::max, AnalysisFlag::mean, AnalysisFlag::sparsity, AnalysisFlag::symmetry, AnalysisFlag::numDistinctApprox",2048,0.2,148391
DenseMatrix,double,"AnalysisFlag::min, AnalysisFlag::max, AnalysisFlag::mean, AnalysisFlag::sparsity, AnalysisFlag::symmetry, AnalysisFlag::numDistinctApprox",2048,0.2,100357
DenseMatrix,double,"AnalysisFlag::min, AnalysisFlag::max, AnalysisFlag::mean, AnalysisFlag::sparsity, AnalysisFlag::symmetry, AnalysisFlag::numDistinctApprox",2048,0.2,122188
DenseMatrix,double,"AnalysisFlag::min, AnalysisFlag::max, AnalysisFlag::mean, AnalysisFlag::sparsity, AnalysisFlag::symmetry, AnalysisFlag::numDistinctApprox",2048,0.2,105891
DenseMatrix,double,"AnalysisFlag::min, AnalysisFlag::max, AnalysisFlag::mean, AnalysisFlag::sparsity, AnalysisFlag::symmetry, AnalysisFlag::numDistinctApprox",4096,0.2,116910
DenseMatrix,double,"AnalysisFlag::min, AnalysisFlag::max, AnalysisFlag::mean, AnalysisFlag::sparsity, AnalysisFlag::symmetry, AnalysisFlag::numDistinctApprox",4096,0.2,156550
DenseMatrix,double,"AnalysisFlag::min, AnalysisFlag::max, AnalysisFlag::mean, AnalysisFlag::sparsity, AnalysisFlag::symmetry, AnalysisFlag::numDistinctApprox",4096,0.2,110525
DenseMatrix,double,"AnalysisFlag::min, AnalysisFlag::max, AnalysisFlag::mean, AnalysisFlag::sparsity, AnalysisFlag::symmetry, AnalysisFlag::numDistinctApprox",4096,0.2,117862
DenseMatrix,double,"AnalysisFlag::min, AnalysisFlag::max, AnalysisFlag::mean, AnalysisFlag::sparsity, AnalysisFlag::symmetry, AnalysisFlag::numDistinctApprox",4096,0.2,115890
DenseMatrix,double,"AnalysisFlag::min, AnalysisFlag::max, AnalysisFlag::mean, AnalysisFlag::sparsity, AnalysisFlag::symmetry, AnalysisFlag::numDistinctApprox",4096,0.2,117587
DenseMatrix,double,"AnalysisFlag::min, AnalysisFlag::max, AnalysisFlag::mean, AnalysisFlag::sparsity, AnalysisFlag::symmetry, AnalysisFlag::numDistinctApprox",4096,0.2,144982
DenseMatrix,double,"AnalysisFlag::min, AnalysisFlag::max, AnalysisFlag::mean, AnalysisFlag::sparsity, AnalysisFlag::symmetry, AnalysisFlag::numDistinctApprox",4096,0.2,161006
DenseMatrix,double,"AnalysisFlag::min, AnalysisFlag::max, AnalysisFlag::mean, AnalysisFlag::sparsity, AnalysisFlag::symmetry, AnalysisFlag::numDistinctApprox",4096,0.2,117212
DenseMatrix,double,"AnalysisFlag::min, AnalysisFlag::max, AnalysisFlag::mean, AnalysisFlag::sparsity, AnalysisFlag::symmetry, AnalysisFlag::numDistinctApprox",4096,0.2,122807
DenseMatrix,int64_t,"AnalysisFlag::min, AnalysisFlag::max, AnalysisFlag::mean, AnalysisFlag::sparsity, AnalysisFlag::symmetry, AnalysisFlag::numDistinctApprox",1024,0.2,128625
DenseMatrix,int64_t,"AnalysisFlag::min, AnalysisFlag::max, AnalysisFlag::mean, AnalysisFlag::sparsity, AnalysisFlag::symmetry, AnalysisFlag::numDistinctApprox",1024,0.2,88105
DenseMatrix,int64_t,"AnalysisFlag::min, AnalysisFlag::max, AnalysisFlag::mean, AnalysisFlag::sparsity, AnalysisFlag::symmetry, AnalysisFlag::numDistinctApprox",1024,0.2,76679
DenseMatrix,int64_t,"AnalysisFlag::min, AnalysisFlag::max, AnalysisFlag::mean, AnalysisFlag::sparsity, AnalysisFlag::symmetry, AnalysisFlag::numDistinctApprox",1024,0.2,87650
DenseMatrix,int64_t,"AnalysisFlag::min, AnalysisFlag::max, AnalysisFlag::mean, AnalysisFlag::sparsity, AnalysisFlag::symmetry, AnalysisFlag::numDistinctApprox",1024,0.2,79428
DenseMatrix,int64_t,"AnalysisFlag::min, AnalysisFlag::max, AnalysisFlag::mean, AnalysisFlag::sparsity, AnalysisFlag::symmetry, AnalysisFlag::numDistinctApprox",1024,0.2,79227
DenseMatrix,int64_t,"AnalysisFlag::min, AnalysisFlag::max, AnalysisFlag::mean, AnalysisFlag::sparsity, AnalysisFlag::symmetry, AnalysisFlag::numDistinctApprox",1024,0.2,98868
DenseMatrix,int64_t,"AnalysisFlag::min, AnalysisFlag::max, AnalysisFlag::mean, AnalysisFlag::sparsity, AnalysisFlag::symmetry, AnalysisFlag::numDistinctApprox",1024,0.2,74477
DenseMatrix,int64_t,"AnalysisFlag::min, AnalysisFlag::max, AnalysisFlag::mean, AnalysisFlag::sparsity, AnalysisFlag::symmetry, AnalysisFlag::numDistinctApprox",1024,0.2,90871
DenseMatrix,int64_t,"AnalysisFlag::min, AnalysisFlag::max, AnalysisFlag::mean, AnalysisFlag::sparsity, AnalysisFlag::symmetry, AnalysisFlag::numDistinctApprox",1024,0.2,120749
DenseMatrix,int64_t,"AnalysisFlag::min, AnalysisFlag::max, AnalysisFlag::mean, AnalysisFlag::sparsity, AnalysisFlag::symmetry, AnalysisFlag::numDistinctApprox",2048,0.2,139337
DenseMatrix,int64_t,"AnalysisFlag::min, AnalysisFlag::max, AnalysisFlag::mean, AnalysisFlag::sparsity, AnalysisFlag::symmetry, AnalysisFlag::numDistinctApprox",2048,0.2,101915
DenseMatrix,int64_t,"AnalysisFlag::min, AnalysisFlag::max, AnalysisFlag::mean, AnalysisFlag::sparsity, AnalysisFlag::symmetry, AnalysisFlag::numDistinctApprox",2048,0.2,102942
DenseMatrix,int64_t,"AnalysisFlag::min, AnalysisFlag::max, AnalysisFlag::mean, AnalysisFlag::sparsity, AnalysisFlag::symmetry, AnalysisFlag::numDistinctApprox",2048,0.2,94582
DenseMatrix,int64_t,"AnalysisFlag::min, AnalysisFlag::max, AnalysisFlag::mean, AnalysisFlag::sparsity, AnalysisFlag::symmetry, AnalysisFlag::numDistinctApprox",2048,0.2,102292
DenseMatrix,int64_t,"AnalysisFlag::min, AnalysisFlag::max, AnalysisFlag::mean, AnalysisFlag::sparsity, AnalysisFlag::symmetry, AnalysisFlag::numDistinctApprox",2048,0.2,93478
DenseMatrix,int64_t,"AnalysisFlag::min, AnalysisFlag::max, AnalysisFlag::mean, AnalysisFlag::sparsity, AnalysisFlag::symmetry, AnalysisFlag::numDistinctApprox",2048,0.2,102954
DenseMatrix,int64_t,"AnalysisFlag::min, AnalysisFlag::max, AnalysisFlag::mean, AnalysisFlag::sparsity, AnalysisFlag::symmetry, AnalysisFlag::numDistinctApprox",2048,0.2,96194
DenseMatrix,int64_t,"AnalysisFlag::min, AnalysisFlag::max, AnalysisFlag::mean, AnalysisFlag::sparsity, AnalysisFlag::symmetry, AnalysisFlag::numDistinctApprox",2048,0.2,130199
DenseMatrix,int64_t,"AnalysisFlag::min, AnalysisFlag::max, AnalysisFlag::mean, AnalysisFlag::sparsity, AnalysisFlag::symmetry, AnalysisFlag::numDistinctApprox",2048,0.2,102233
DenseMatrix,int64_t,"AnalysisFlag::min, AnalysisFlag::max, AnalysisFlag::mean, AnalysisFlag::sparsity, AnalysisFlag::symmetry, AnalysisFlag::numDistinctApprox",4096,0.2,120460
DenseMatrix,int64_t,"AnalysisFlag::min, AnalysisFlag::max, AnalysisFlag::mean, AnalysisFlag::sparsity, AnalysisFlag::symmetry, AnalysisFlag::numDistinctApprox",4096,0.2,122852
DenseMatrix,int64_t,"AnalysisFlag::min, AnalysisFlag::max, AnalysisFlag::mean, AnalysisFlag::sparsity, AnalysisFlag::symmetry, AnalysisFlag::numDistinctApprox",4096,0.2,113492
DenseMatrix,int64_t,"AnalysisFlag::min, AnalysisFlag::max, AnalysisFlag::mean, AnalysisFlag::sparsity, AnalysisFlag::symmetry, AnalysisFlag::numDistinctApprox",4096,0.2,118316
DenseMatrix,int64_t,"AnalysisFlag::min, AnalysisFlag::max, AnalysisFlag::mean, AnalysisFlag::sparsity, AnalysisFlag::symmetry, AnalysisFlag::numDistinctApprox",4096,0.2,121117
DenseMatrix,int64_t,"AnalysisFlag::min, AnalysisFlag::max, AnalysisFlag::mean, AnalysisFlag::sparsity, AnalysisFlag::symmetry, AnalysisFlag::numDistinctApprox",4096,0.2,115627
DenseMatrix,int64_t,"AnalysisFlag::min, AnalysisFlag::max, AnalysisFlag::mean, AnalysisFlag::sparsity, AnalysisFlag::symmetry, AnalysisFlag::numDistinctApprox",4096,0.2,112705
DenseMatrix,int64_t,"AnalysisFlag::min, AnalysisFlag::max, AnalysisFlag::mean, AnalysisFlag::sparsity, AnalysisFlag::symmetry, AnalysisFlag::numDistinctApprox",4096,0.2,121852
DenseMatrix,int64_t,"AnalysisFlag::min, AnalysisFlag::max, AnalysisFlag::mean, AnalysisFlag::sparsity, AnalysisFlag::symmetry, AnalysisFlag::numDistinctApprox",4096,0.2,113840
DenseMatrix,int64_t,"AnalysisFlag::min, AnalysisFlag::max, AnalysisFlag::mean, AnalysisFlag::sparsity, AnalysisFlag::symmetry, AnalysisFlag::numDistinctApprox",4096,0.2,118905
DenseMatrix,double,"AnalysisFlag::min, AnalysisFlag::max, AnalysisFlag::mean, AnalysisFlag::sparsity, AnalysisFlag::symmetry, AnalysisFlag::numDistinctApprox",1024,0.25,96279
DenseMatrix,double,"AnalysisFlag::min, AnalysisFlag::max, AnalysisFlag::mean, AnalysisFlag::sparsity, AnalysisFlag::symmetry, AnalysisFlag::numDistinctApprox",1024,0.25,124514
DenseMatrix,double,"AnalysisFlag::min, AnalysisFlag::max, AnalysisFlag::mean, AnalysisFlag::sparsity, AnalysisFlag::symmetry, AnalysisFlag::numDistinctApprox",1024,0.25,82176
DenseMatrix,double,"AnalysisFlag::min, AnalysisFlag::max, AnalysisFlag::mean, AnalysisFlag::sparsity, AnalysisFlag::symmetry, AnalysisFlag::numDistinctApprox",1024,0.25,128508
DenseMatrix,double,"AnalysisFlag::min, AnalysisFlag::max, AnalysisFlag::mean, AnalysisFlag::sparsity, AnalysisFlag::symmetry, AnalysisFlag::numDistinctApprox",1024,0.25,117216
DenseMatrix,double,"AnalysisFlag::min, AnalysisFlag::max, AnalysisFlag::mean, AnalysisFlag::sparsity, AnalysisFlag::symmetry, AnalysisFlag::numDistinctApprox",1024,0.25,92034
DenseMatrix,double,"AnalysisFlag::min, AnalysisFlag::max, AnalysisFlag::mean, AnalysisFlag::sparsity, AnalysisFlag::symmetry, AnalysisFlag::numDistinctApprox",1024,0.25,98096
DenseMatrix,double,"AnalysisFlag::min, AnalysisFlag::max, AnalysisFlag::mean, AnalysisFlag::sparsity, AnalysisFlag::symmetry, AnalysisFlag::numDistinctApprox",1024,0.25,80771
DenseMatrix,double,"AnalysisFlag::min, AnalysisFlag::max, AnalysisFlag::mean, AnalysisFlag::sparsity, AnalysisFlag::symmetry, AnalysisFlag::numDistinctApprox",1024,0.25,85782
DenseMatrix,double,"AnalysisFlag::min, AnalysisFlag::max, AnalysisFlag::mean, AnalysisFlag::sparsity, AnalysisFlag::symmetry, AnalysisFlag::numDistinctApprox",1024,0.25,132312
DenseMatrix,double,"AnalysisFlag::min, AnalysisFlag::max, AnalysisFlag::mean, AnalysisFlag::sparsity, AnalysisFlag::symmetry, AnalysisFlag::numDistinctApprox",2048,0.25,133257
DenseMatrix,double,"AnalysisFlag::min, AnalysisFlag::max, AnalysisFlag::mean, AnalysisFlag::sparsity, AnalysisFlag::symmetry, AnalysisFlag::numDistinctApprox",2048,0.25,91684
DenseMatrix,double,"AnalysisFlag::min, AnalysisFlag::max, AnalysisFlag::mean, AnalysisFlag::sparsity, AnalysisFlag::symmetry, AnalysisFlag::numDistinctApprox",2048,0.25,101562
DenseMatrix,double,"AnalysisFlag::min, AnalysisFlag::max, AnalysisFlag::mean, AnalysisFlag::sparsity, AnalysisFlag::symmetry, AnalysisFlag::numDistinctApprox",2048,0.25,112292
DenseMatrix,double,"AnalysisFlag::min, AnalysisFlag::max, AnalysisFlag::mean, AnalysisFlag::sparsity, AnalysisFlag::symmetry, AnalysisFlag::numDistinctApprox",2048,0.25,102017
DenseMatrix,double,"AnalysisFlag::min, AnalysisFlag::max, AnalysisFlag::mean, AnalysisFlag::sparsity, AnalysisFlag::symmetry, AnalysisFlag::numDistinctApprox",2048,0.25,88779
DenseMatrix,double,"AnalysisFlag::min, AnalysisFlag::max, AnalysisFlag::mean, AnalysisFlag::sparsity, AnalysisFlag::symmetry, AnalysisFlag::numDistinctApprox",2048,0.25,102789
DenseMatrix,double,"AnalysisFlag::min, AnalysisFlag::max, AnalysisFlag::mean, AnalysisFlag::sparsity, AnalysisFlag::symmetry, AnalysisFlag::numDistinctApprox",2048,0.25,119467
DenseMatrix,double,"AnalysisFlag::min, AnalysisFlag::max, AnalysisFlag::mean, AnalysisFlag::sparsity, AnalysisFlag::symmetry, AnalysisFlag::numDistinctApprox",2048,0.25,102316
DenseMatrix,double,"AnalysisFlag::min, AnalysisFlag::max, AnalysisFlag::mean, AnalysisFlag::sparsity, AnalysisFlag::symmetry, AnalysisFlag::numDistinctApprox",2048,0.25,96690
DenseMatrix,double,"AnalysisFlag::min, AnalysisFlag::max, AnalysisFlag::mean, AnalysisFlag::sparsity, AnalysisFlag::symmetry, AnalysisFlag::numDistinctApprox",4096,0.25,117423
DenseMatrix,double,"AnalysisFlag::min, AnalysisFlag::max, AnalysisFlag::mean, AnalysisFlag::sparsity, AnalysisFlag::symmetry, AnalysisFlag::numDistinctApprox",4096,0.25,107199
DenseMatrix,double,"AnalysisFlag::min, AnalysisFlag::max, AnalysisFlag::mean, AnalysisFlag::sparsity, AnalysisFlag::symmetry, AnalysisFlag::numDistinctApprox",4096,0.25,112117
DenseMatrix,double,"AnalysisFlag::min, AnalysisFlag::max, AnalysisFlag::mean, AnalysisFlag::sparsity, AnalysisFlag::symmetry, AnalysisFlag::numDistinctApprox",4096,0.25,124779
DenseMatrix,double,"AnalysisFlag::min, AnalysisFlag::max, AnalysisFlag::mean, AnalysisFlag::sparsity, AnalysisFlag::symmetry, AnalysisFlag::numDistinctApprox",4096,0.25,115945
DenseMatrix,double,"AnalysisFlag::min, AnalysisFlag::max, AnalysisFlag::mean, AnalysisFlag::sparsity, AnalysisFlag::symmetry, AnalysisFlag::numDistinctApprox",4096,0.25,124019
DenseMatrix,double,"AnalysisFlag::min, AnalysisFlag::max, AnalysisFlag::mean, AnalysisFlag::sparsity, AnalysisFlag::symmetry, AnalysisFlag::numDistinctApprox",4096,0.25,108257
DenseMatrix,double,"AnalysisFlag::min, AnalysisFlag::max, AnalysisFlag::mean, AnalysisFlag::sparsity, AnalysisFlag::symmetry, AnalysisFlag::numDistinctApprox",4096,0.25,117615
DenseMatrix,double,"AnalysisFlag::min, AnalysisFlag::max, AnalysisFlag::mean, AnalysisFlag::sparsity, AnalysisFlag::symmetry, AnalysisFlag::numDistinctApprox",4096,0.25,146829
DenseMatrix,double,"AnalysisFlag::min, AnalysisFlag::max, AnalysisFlag::mean, AnalysisFlag::sparsity, AnalysisFlag::symmetry, AnalysisFlag::numDistinctApprox",4096,0.25,133637
DenseMatrix,int64_t,"AnalysisFlag::min, AnalysisFlag::max, AnalysisFlag::mean, AnalysisFlag::sparsity, AnalysisFlag::symmetry, AnalysisFlag::numDistinctApprox",1024,0.25,128848
DenseMatrix,int64_t,"AnalysisFlag::min, AnalysisFlag::max, AnalysisFlag::mean, AnalysisFlag::sparsity, AnalysisFlag::symmetry, AnalysisFlag::numDistinctApprox",1024,0.25,129360
DenseMatrix,int64_t,"AnalysisFlag::min, AnalysisFlag::max, AnalysisFlag::mean, AnalysisFlag::sparsity, AnalysisFlag::symmetry, AnalysisFlag::numDistinctApprox",1024,0.25,83583
DenseMatrix,int64_t,"AnalysisFlag::min, AnalysisFlag::max, AnalysisFlag::mean, AnalysisFlag::sparsity, AnalysisFlag::symmetry, AnalysisFlag::numDistinctApprox",1024,0.25,88374
DenseMatrix,int64_t,"AnalysisFlag::min, AnalysisFlag::max, AnalysisFlag::mean, AnalysisFlag::sparsity, AnalysisFlag::symmetry, AnalysisFlag::numDistinctApprox",1024,0.25,93276
DenseMatrix,int64_t,"AnalysisFlag::min, AnalysisFlag::max, AnalysisFlag::mean, AnalysisFlag::sparsity, AnalysisFlag::symmetry, AnalysisFlag::numDistinctApprox",1024,0.25,79887
DenseMatrix,int64_t,"AnalysisFlag::min, AnalysisFlag::max, AnalysisFlag::mean, AnalysisFlag::sparsity, AnalysisFlag::symmetry, AnalysisFlag::numDistinctApprox",1024,0.25,98913
DenseMatrix,int64_t,"AnalysisFlag::min, AnalysisFlag::max, AnalysisFlag::mean, AnalysisFlag::sparsity, AnalysisFlag::symmetry, AnalysisFlag::numDistinctApprox",1024,0.25,89669
DenseMatrix,int64_t,"AnalysisFlag::min, AnalysisFlag::max, AnalysisFlag::mean, AnalysisFlag::sparsity, AnalysisFlag::symmetry, AnalysisFlag::numDistinctApprox",1024,0.25,102030
DenseMatrix,int64_t,"AnalysisFlag::min, AnalysisFlag::max, AnalysisFlag::mean, AnalysisFlag::sparsity, AnalysisFlag::symmetry, AnalysisFlag::numDistinctApprox",1024,0.25,88725
DenseMatrix,int64_t,"AnalysisFlag::min, AnalysisFlag::max, AnalysisFlag::mean, AnalysisFlag::sparsity, AnalysisFlag::symmetry, AnalysisFlag::numDistinctApprox",2048,0.25,107449
DenseMatrix,int64_t,"AnalysisFlag::min, AnalysisFlag::max, AnalysisFlag::mean, AnalysisFlag::sparsity, AnalysisFlag::symmetry, AnalysisFlag::numDistinctApprox",2048,0.25,98924
DenseMatrix,int64_t,"AnalysisFlag::min, AnalysisFlag::max, AnalysisFlag::mean, AnalysisFlag::sparsity, AnalysisFlag::symmetry, AnalysisFlag::numDistinctApprox",2048,0.25,99945
DenseMatrix,int64_t,"AnalysisFlag::min, AnalysisFlag::max, AnalysisFlag::mean, AnalysisFlag::sparsity, AnalysisFlag::symmetry, AnalysisFlag::numDistinctApprox",2048,0.25,102668
DenseMatrix,int64_t,"AnalysisFlag::min, AnalysisFlag::max, AnalysisFlag::mean, AnalysisFlag::sparsity, AnalysisFlag::symmetry, AnalysisFlag::numDistinctApprox",2048,0.25,99210
DenseMatrix,int64_t,"AnalysisFlag::min, AnalysisFlag::max, AnalysisFlag::mean, AnalysisFlag::sparsity, AnalysisFlag::symmetry, AnalysisFlag::numDistinctApprox",2048,0.25,95500
DenseMatrix,int64_t,"AnalysisFlag::min, AnalysisFlag::max, AnalysisFlag::mean, AnalysisFlag::sparsity, AnalysisFlag::symmetry, AnalysisFlag::numDistinctApprox",2048,0.25,103764
DenseMatrix,int64_t,"AnalysisFlag::min, AnalysisFlag::max, AnalysisFlag::mean, AnalysisFlag::sparsity, AnalysisFlag::symmetry, AnalysisFlag::numDistinctApprox",2048,0.25,127179
DenseMatrix,int64_t,"AnalysisFlag::min, AnalysisFlag::max, AnalysisFlag::mean, AnalysisFlag::sparsity, AnalysisFlag::symmetry, AnalysisFlag::numDistinctApprox",2048,0.25,128190
DenseMatrix,int64_t,"AnalysisFlag::min, AnalysisFlag::max, AnalysisFlag::mean, AnalysisFlag::sparsity, AnalysisFlag::symmetry, AnalysisFlag::numDistinctApprox",2048,0.25,101840
DenseMatrix,int64_t,"AnalysisFlag::min, AnalysisFlag::max, AnalysisFlag::mean, AnalysisFlag::sparsity, AnalysisFlag::symmetry, AnalysisFlag::numDistinctApprox",4096,0.25,146699
DenseMatrix,int64_t,"AnalysisFlag::min, AnalysisFlag::max, AnalysisFlag::mean, AnalysisFlag::sparsity, AnalysisFlag::symmetry, AnalysisFlag::numDistinctApprox",4096,0.25,125880
DenseMatrix,int64_t,"AnalysisFlag::min, AnalysisFlag::max, AnalysisFlag::mean, AnalysisFlag::sparsity, AnalysisFlag::symmetry, AnalysisFlag::numDistinctApprox",4096,0.25,134293
DenseMatrix,int64_t,"AnalysisFlag::min, AnalysisFlag::max, AnalysisFlag::mean, AnalysisFlag::sparsity, AnalysisFlag::symmetry, AnalysisFlag::numDistinctApprox",4096,0.25,117173
DenseMatrix,int64_t,"AnalysisFlag::min, AnalysisFlag::max, AnalysisFlag::mean, AnalysisFlag::sparsity, AnalysisFlag::symmetry, AnalysisFlag::numDistinctApprox",4096,0.25,124981
DenseMatrix,int64_t,"AnalysisFlag::min, AnalysisFlag::max, AnalysisFlag::mean, AnalysisFlag::sparsity, AnalysisFlag::symmetry, AnalysisFlag::numDistinctApprox",4096,0.25,112163
DenseMatrix,int64_t,"AnalysisFlag::min, AnalysisFlag::max, AnalysisFlag::mean, AnalysisFlag::sparsity, AnalysisFlag::symmetry, AnalysisFlag::numDistinctApprox",4096,0.25,123767
DenseMatrix,int64_t,"AnalysisFlag::min, AnalysisFlag::max, AnalysisFlag::mean, AnalysisFlag::sparsity, AnalysisFlag::symmetry, AnalysisFlag::numDistinctApprox",4096,0.25,127402
DenseMatrix,int64_t,"AnalysisFlag::min, AnalysisFlag::max, AnalysisFlag::mean, AnalysisFlag::sparsity, AnalysisFlag::symmetry, AnalysisFlag::numDistinctApprox",4096,0.25,118994
DenseMatrix,int64_t,"AnalysisFlag::min, AnalysisFlag::max, AnalysisFlag::mean, AnalysisFlag::sparsity, AnalysisFlag::symmetry, AnalysisFlag::numDistinctApprox",4096,0.25,122365
DenseMatrix,double,"AnalysisFlag::min, AnalysisFlag::max, AnalysisFlag::mean, AnalysisFlag::sparsity, AnalysisFlag::symmetry, AnalysisFlag::numDistinctApprox",1024,1,103126
DenseMatrix,double,"AnalysisFlag::min, AnalysisFlag::max, AnalysisFlag::mean, AnalysisFlag::sparsity, AnalysisFlag::symmetry, AnalysisFlag::numDistinctApprox",1024,1,116476
DenseMatrix,double,"AnalysisFlag::min, AnalysisFlag::max, AnalysisFlag::mean, AnalysisFlag::sparsity, AnalysisFlag::symmetry, AnalysisFlag::numDistinctApprox",1024,1,126344
DenseMatrix,double,"AnalysisFlag::min, AnalysisFlag::max, AnalysisFlag::mean, AnalysisFlag::sparsity, AnalysisFlag::symmetry, AnalysisFlag::numDistinctApprox",1024,1,125409
DenseMatrix,double,"AnalysisFlag::min, AnalysisFlag::max, AnalysisFlag::mean, AnalysisFlag::sparsity, AnalysisFlag::symmetry, AnalysisFlag::numDistinctApprox",1024,1,116376
DenseMatrix,double,"AnalysisFlag::min, AnalysisFlag::max, AnalysisFlag::mean, AnalysisFlag::sparsity, AnalysisFlag::symmetry, AnalysisFlag::numDistinctApprox",1024,1,116344
DenseMatrix,double,"AnalysisFlag::min, AnalysisFlag::max, AnalysisFlag::mean, AnalysisFlag::sparsity, AnalysisFlag::symmetry, AnalysisFlag::numDistinctApprox",1024,1,103552
DenseMatrix,double,"AnalysisFlag::min, AnalysisFlag::max, AnalysisFlag::mean, AnalysisFlag::sparsity, AnalysisFlag::symmetry, AnalysisFlag::numDistinctApprox",1024,1,117582
DenseMatrix,double,"AnalysisFlag::min, AnalysisFlag::max, AnalysisFlag::mean, AnalysisFlag::sparsity, AnalysisFlag::symmetry, AnalysisFlag::numDistinctApprox",1024,1,117536
DenseMatrix,double,"AnalysisFlag::min, AnalysisFlag::max, AnalysisFlag::mean, AnalysisFlag::sparsity, AnalysisFlag::symmetry, AnalysisFlag::numDistinctApprox",1024,1,105019
DenseMatrix,double,"AnalysisFlag::min, AnalysisFlag::max, AnalysisFlag::mean, AnalysisFlag::sparsity, AnalysisFlag::symmetry, AnalysisFlag::numDistinctApprox",2048,1,107745
DenseMatrix,double,"AnalysisFlag::min, AnalysisFlag::max, AnalysisFlag::mean, AnalysisFlag::sparsity, AnalysisFlag::symmetry, AnalysisFlag::numDistinctApprox",2048,1,147970
DenseMatrix,double,"AnalysisFlag::min, AnalysisFlag::max, AnalysisFlag::mean, AnalysisFlag::sparsity, AnalysisFlag::symmetry, AnalysisFlag::numDistinctApprox",2048,1,140472
DenseMatrix,double,"AnalysisFlag::min, AnalysisFlag::max, AnalysisFlag::mean, AnalysisFlag::sparsity, AnalysisFlag::symmetry, AnalysisFlag::numDistinctApprox",2048,1,147004
DenseMatrix,double,"AnalysisFlag::min, AnalysisFlag::max, AnalysisFlag::mean, AnalysisFlag::sparsity, AnalysisFlag::symmetry, AnalysisFlag::numDistinctApprox",2048,1,131442
DenseMatrix,double,"AnalysisFlag::min, AnalysisFlag::max, AnalysisFlag::mean, AnalysisFlag::sparsity, AnalysisFlag::symmetry, AnalysisFlag::numDistinctApprox",2048,1,120990
DenseMatrix,double,"AnalysisFlag::min, AnalysisFlag::max, AnalysisFlag::mean, AnalysisFlag::sparsity, AnalysisFlag::symmetry, AnalysisFlag::numDistinctApprox",2048,1,114095
DenseMatrix,double,"AnalysisFlag::min, AnalysisFlag::max, AnalysisFlag::mean, AnalysisFlag::sparsity, AnalysisFlag::symmetry, AnalysisFlag::numDistinctApprox",2048,1,132408
DenseMatrix,double,"AnalysisFlag::min, AnalysisFlag::max, AnalysisFlag::mean, AnalysisFlag::sparsity, AnalysisFlag::symmetry, AnalysisFlag::numDistinctApprox",2048,1,143217
DenseMatrix,double,"AnalysisFlag::min, AnalysisFlag::max, AnalysisFlag::mean, AnalysisFlag::sparsity, AnalysisFlag::symmetry, AnalysisFlag::numDistinctApprox",2048,1,151161
DenseMatrix,double,"AnalysisFlag::min, AnalysisFlag::max, AnalysisFlag::mean, AnalysisFlag::sparsity, AnalysisFlag::symmetry, AnalysisFlag::numDistinctApprox",4096,1,145059
DenseMatrix,double,"AnalysisFlag::min, AnalysisFlag::max, AnalysisFlag::mean, AnalysisFlag::sparsity, AnalysisFlag::symmetry, AnalysisFlag::numDistinctApprox",4096,1,185889
DenseMatrix,double,"AnalysisFlag::min, AnalysisFlag::max, AnalysisFlag::mean, AnalysisFlag::sparsity, AnalysisFlag::symmetry, AnalysisFlag::numDistinctApprox",4096,1,108985
DenseMatrix,double,"AnalysisFlag::min, AnalysisFlag::max, AnalysisFlag::mean, AnalysisFlag::sparsity, AnalysisFlag::symmetry, AnalysisFlag::numDistinctApprox",4096,1,202887
DenseMatrix,double,"AnalysisFlag::min, AnalysisFlag::max, AnalysisFlag::mean, AnalysisFlag::sparsity, AnalysisFlag::symmetry, AnalysisFlag::numDistinctApprox",4096,1,172076
DenseMatrix,double,"AnalysisFlag::min, AnalysisFlag::max, AnalysisFlag::mean, AnalysisFlag::sparsity, AnalysisFlag::symmetry, AnalysisFlag::numDistinctApprox",4096,1,164781
DenseMatrix,double,"AnalysisFlag::min, AnalysisFlag::max, AnalysisFlag::mean, AnalysisFlag::sparsity, AnalysisFlag::symmetry, AnalysisFlag::numDistinctApprox",4096,1,194761
DenseMatrix,double,"AnalysisFlag::min, AnalysisFlag::max, AnalysisFlag::mean, AnalysisFlag::sparsity, AnalysisFlag::symmetry, AnalysisFlag::numDistinctApprox",4096,1,190621
DenseMatrix,double,"AnalysisFlag::min, AnalysisFlag::max, AnalysisFlag::mean, AnalysisFlag::sparsity, AnalysisFlag::symmetry, AnalysisFlag::numDistinctApprox",4096,1,183421
DenseMatrix,double,"AnalysisFlag::min, AnalysisFlag::max, AnalysisFlag::mean, AnalysisFlag::sparsity, AnalysisFlag::symmetry, AnalysisFlag::numDistinctApprox",4096,1,186801
DenseMatrix,int64_t,"AnalysisFlag::min, AnalysisFlag::max, AnalysisFlag::mean, AnalysisFlag::sparsity, AnalysisFlag::symmetry, AnalysisFlag::numDistinctApprox",1024,1,108163
DenseMatrix,int64_t,"AnalysisFlag::min, AnalysisFlag::max, AnalysisFlag::mean, AnalysisFlag::sparsity, AnalysisFlag::symmetry, AnalysisFlag::numDistinctApprox",1024,1,125628
DenseMatrix,int64_t,"AnalysisFlag::min, AnalysisFlag::max, AnalysisFlag::mean, AnalysisFlag::sparsity, AnalysisFlag::symmetry, AnalysisFlag::numDistinctApprox",1024,1,115021
DenseMatrix,int64_t,"AnalysisFlag::min, AnalysisFlag::max, AnalysisFlag::mean, AnalysisFlag::sparsity, AnalysisFlag::symmetry, AnalysisFlag::numDistinctApprox",1024,1,113562
DenseMatrix,int64_t,"AnalysisFlag::min, AnalysisFlag::max, AnalysisFlag::mean, AnalysisFlag::sparsity, AnalysisFlag::symmetry, AnalysisFlag::numDistinctApprox",1024,1,100092
DenseMatrix,int64_t,"AnalysisFlag::min, AnalysisFlag::max, AnalysisFlag::mean, AnalysisFlag::sparsity, AnalysisFlag::symmetry, AnalysisFlag::numDistinctApprox",1024,1,101062
DenseMatrix,int64_t,"AnalysisFlag::min, AnalysisFlag::max, AnalysisFlag::mean, AnalysisFlag::sparsity, AnalysisFlag::symmetry, AnalysisFlag::numDistinctApprox",1024,1,109330
DenseMatrix,int64_t,"AnalysisFlag::min, AnalysisFlag::max, AnalysisFlag::mean, AnalysisFlag::sparsity, AnalysisFlag::symmetry, AnalysisFlag::numDistinctApprox",1024,1,115467
DenseMatrix,int64_t,"AnalysisFlag::min, AnalysisFlag::max, AnalysisFlag::mean, AnalysisFlag::sparsity, AnalysisFlag::symmetry, AnalysisFlag::numDistinctApprox",1024,1,114943
DenseMatrix,int64_t,"AnalysisFlag::min, AnalysisFlag::max, AnalysisFlag::mean, AnalysisFlag::sparsity, AnalysisFlag::symmetry, AnalysisFlag::numDistinctApprox",1024,1,78884
DenseMatrix,int64_t,"AnalysisFlag::min, AnalysisFlag::max, AnalysisFlag::mean, AnalysisFlag::sparsity, AnalysisFlag::symmetry, AnalysisFlag::numDistinctApprox",2048,1,100433
DenseMatrix,int64_t,"AnalysisFlag::min, AnalysisFlag::max, AnalysisFlag::mean, AnalysisFlag::sparsity, AnalysisFlag::symmetry, AnalysisFlag::numDistinctApprox",2048,1,127076
DenseMatrix,int64_t,"AnalysisFlag::min, AnalysisFlag::max, AnalysisFlag::mean, AnalysisFlag::sparsity, AnalysisFlag::symmetry, AnalysisFlag::numDistinctApprox",2048,1,126384
DenseMatrix,int64_t,"AnalysisFlag::min, AnalysisFlag::max, AnalysisFlag::mean, AnalysisFlag::sparsity, AnalysisFlag::symmetry, AnalysisFlag::numDistinctApprox",2048,1,147178
DenseMatrix,int64_t,"AnalysisFlag::min, AnalysisFlag::max, AnalysisFlag::mean, AnalysisFlag::sparsity, AnalysisFlag::symmetry, AnalysisFlag::numDistinctApprox",2048,1,139281
DenseMatrix,int64_t,"AnalysisFlag::min, AnalysisFlag::max, AnalysisFlag::mean, AnalysisFlag::sparsity, AnalysisFlag::symmetry, AnalysisFlag::numDistinctApprox",2048,1,150580
DenseMatrix,int64_t,"AnalysisFlag::min, AnalysisFlag::max, AnalysisFlag::mean, AnalysisFlag::sparsity, AnalysisFlag::symmetry, AnalysisFlag::numDistinctApprox",2048,1,125212
DenseMatrix,int64_t,"AnalysisFlag::min, AnalysisFlag::max, AnalysisFlag::mean, AnalysisFlag::sparsity, AnalysisFlag::symmetry, AnalysisFlag::numDistinctApprox",2048,1,142784
DenseMatrix,int64_t,"AnalysisFlag::min, AnalysisFlag::max, AnalysisFlag::mean, AnalysisFlag::sparsity, AnalysisFlag::symmetry, AnalysisFlag::numDistinctApprox",2048,1,152713
DenseMatrix,int64_t,"AnalysisFlag::min, AnalysisFlag::max, AnalysisFlag::mean, AnalysisFlag::sparsity, AnalysisFlag::symmetry, AnalysisFlag::numDistinctApprox",2048,1,151266
DenseMatrix,int64_t,"AnalysisFlag::min, AnalysisFlag::max, AnalysisFlag::mean, AnalysisFlag::sparsity, AnalysisFlag::symmetry, AnalysisFlag::numDistinctApprox",4096,1,157485
DenseMatrix,int64_t,"AnalysisFlag::min, AnalysisFlag::max, AnalysisFlag::mean, AnalysisFlag::sparsity, AnalysisFlag::symmetry, AnalysisFlag::numDistinctApprox",4096,1,189670
DenseMatrix,int64_t,"AnalysisFlag::min, AnalysisFlag::max, AnalysisFlag::mean, AnalysisFlag::sparsity, AnalysisFlag::symmetry, AnalysisFlag::numDistinctApprox",4096,1,175021
DenseMatrix,int64_t,"AnalysisFlag::min, AnalysisFlag::max, AnalysisFlag::mean, AnalysisFlag::sparsity, AnalysisFlag::symmetry, AnalysisFlag::numDistinctApprox",4096,1,172137
DenseMatrix,int64_t,"AnalysisFlag::min, AnalysisFlag::max, AnalysisFlag::mean, AnalysisFlag::sparsity, AnalysisFlag::symmetry, AnalysisFlag::numDistinctApprox",4096,1,188194
DenseMatrix,int64_t,"AnalysisFlag::min, AnalysisFlag::max, AnalysisFlag::mean, AnalysisFlag::sparsity, AnalysisFlag::symmetry, AnalysisFlag::numDistinctApprox",4096,1,182401
DenseMatrix,int64_t,"AnalysisFlag::min, AnalysisFlag::max, AnalysisFlag::mean, AnalysisFlag::sparsity, AnalysisFlag::symmetry, AnalysisFlag::numDistinctApprox",4096,1,169900
DenseMatrix,int64_t,"AnalysisFlag::min, AnalysisFlag::max, AnalysisFlag::mean, AnalysisFlag::sparsity, AnalysisFlag::symmetry, AnalysisFlag::numDistinctApprox",4096,1,188161
DenseMatrix,int64_t,"AnalysisFlag::min, AnalysisFlag::max, AnalysisFlag::mean, AnalysisFlag::sparsity, AnalysisFlag::symmetry, AnalysisFlag::numDistinctApprox",4096,1,190785
DenseMatrix,int64_t,"AnalysisFlag::min, AnalysisFlag::max, AnalysisFlag::mean, AnalysisFlag::sparsity, AnalysisFlag::symmetry, AnalysisFlag::numDistinctApprox",4096,1,166549
CSRMatrix,double,"AnalysisFlag::min, AnalysisFlag::max, AnalysisFlag::mean, AnalysisFlag::sparsity, AnalysisFlag::symmetry, AnalysisFlag::numDistinctApprox",1024,0.001,17044
CSRMatrix,double,"AnalysisFlag::min, AnalysisFlag::max, AnalysisFlag::mean, AnalysisFlag::sparsity, AnalysisFlag::symmetry, AnalysisFlag::numDistinctApprox",1024,0.001,12834
CSRMatrix,double,"AnalysisFlag::min, AnalysisFlag::max, AnalysisFlag::mean, AnalysisFlag::sparsity, AnalysisFlag::symmetry, AnalysisFlag::numDistinctApprox",1024,0.001,12187
CSRMatrix,double,"AnalysisFlag::min, AnalysisFlag::max, AnalysisFlag::mean, AnalysisFlag::sparsity, AnalysisFlag::symmetry, AnalysisFlag::numDistinctApprox",1024,0.001,11482
CSRMatrix,double,"AnalysisFlag::min, AnalysisFlag::max, AnalysisFlag::mean, AnalysisFlag::sparsity, AnalysisFlag::symmetry, AnalysisFlag::numDistinctApprox",1024,0.001,11896
CSRMatrix,double,"AnalysisFlag::min, AnalysisFlag::max, AnalysisFlag::mean, AnalysisFlag::sparsity, AnalysisFlag::symmetry, AnalysisFlag::numDistinctApprox",1024,0.001,12546
CSRMatrix,double,"AnalysisFlag::min, AnalysisFlag::max, AnalysisFlag::mean, AnalysisFlag::sparsity, AnalysisFlag::symmetry, AnalysisFlag::numDistinctApprox",1024,0.001,12759
CSRMatrix,double,"AnalysisFlag::min, AnalysisFlag::max, AnalysisFlag::mean, AnalysisFlag::sparsity, AnalysisFlag::symmetry, AnalysisFlag::numDistinctApprox",1024,0.001,12723
CSRMatrix,double,"AnalysisFlag::min, AnalysisFlag::max, AnalysisFlag::mean, AnalysisFlag::sparsity, AnalysisFlag::symmetry, AnalysisFlag::numDistinctApprox",1024,0.001,12558
CSRMatrix,double,"AnalysisFlag::min, AnalysisFlag::max, AnalysisFlag::mean, AnalysisFlag::sparsity, AnalysisFlag::symmetry, AnalysisFlag::numDistinctApprox",1024,0.001,11620
CSRMatrix,double,"AnalysisFlag::min, AnalysisFlag::max, AnalysisFlag::mean, AnalysisFlag::sparsity, AnalysisFlag::symmetry, AnalysisFlag::numDistinctApprox",2048,0.001,27290
CSRMatrix,double,"AnalysisFlag::min, AnalysisFlag::max, AnalysisFlag::mean, AnalysisFlag::sparsity, AnalysisFlag::symmetry, AnalysisFlag::numDistinctApprox",2048,0.001,24569
CSRMatrix,double,"AnalysisFlag::min, AnalysisFlag::max, AnalysisFlag::mean, AnalysisFlag::sparsity, AnalysisFlag::symmetry, AnalysisFlag::numDistinctApprox",2048,0.001,25548
CSRMatrix,double,"AnalysisFlag::min, AnalysisFlag::max, AnalysisFlag::mean, AnalysisFlag::sparsity, AnalysisFlag::symmetry, AnalysisFlag::numDistinctApprox",2048,0.001,24299
CSRMatrix,double,"AnalysisFlag::min, AnalysisFlag::max, AnalysisFlag::mean, AnalysisFlag::sparsity, AnalysisFlag::symmetry, AnalysisFlag::numDistinctApprox",2048,0.001,23919
CSRMatrix,double,"AnalysisFlag::min, AnalysisFlag::max, AnalysisFlag::mean, AnalysisFlag::sparsity, AnalysisFlag::symmetry, AnalysisFlag::numDistinctApprox",2048,0.001,24755
CSRMatrix,double,"AnalysisFlag::min, AnalysisFlag::max, AnalysisFlag::mean, AnalysisFlag::sparsity, AnalysisFlag::symmetry, AnalysisFlag::numDistinctApprox",2048,0.001,24754
CSRMatrix,double,"AnalysisFlag::min, AnalysisFlag::max, AnalysisFlag::mean, AnalysisFlag::sparsity, AnalysisFlag::symmetry, AnalysisFlag::numDistinctApprox",2048,0.001,24634
CSRMatrix,double,"AnalysisFlag::min, AnalysisFlag::max, AnalysisFlag::mean, AnalysisFlag::sparsity, AnalysisFlag::symmetry, AnalysisFlag::numDistinctApprox",2048,0.001,25367
CSRMatrix,double,"AnalysisFlag::min, AnalysisFlag::max, AnalysisFlag::mean, AnalysisFlag::sparsity, AnalysisFlag::symmetry, AnalysisFlag::numDistinctApprox",2048,0.001,25052
CSRMatrix,double,"AnalysisFlag::min, AnalysisFlag::max, AnalysisFlag::mean, AnalysisFlag::sparsity, AnalysisFlag::symmetry, AnalysisFlag::numDistinctApprox",4096,0.001,49812
CSRMatrix,double,"AnalysisFlag::min, AnalysisFlag::max, AnalysisFlag::mean, AnalysisFlag::sparsity, AnalysisFlag::symmetry, AnalysisFlag::numDistinctApprox",4096,0.001,57966
CSRMatrix,double,"AnalysisFlag::min, AnalysisFlag::max, AnalysisFlag::mean, AnalysisFlag::sparsity, AnalysisFlag::symmetry, AnalysisFlag::numDistinctApprox",4096,0.001,54625
CSRMatrix,double,"AnalysisFlag::min, AnalysisFlag::max, AnalysisFlag::mean, AnalysisFlag::sparsity, AnalysisFlag::symmetry, AnalysisFlag::numDistinctApprox",4096,0.001,55417
CSRMatrix,double,"AnalysisFlag::min, AnalysisFlag::max, AnalysisFlag::mean, AnalysisFlag::sparsity, AnalysisFlag::symmetry, AnalysisFlag::numDistinctApprox",4096,0.001,65253
CSRMatrix,double,"AnalysisFlag::min, AnalysisFlag::max, AnalysisFlag::mean, AnalysisFlag::sparsity, AnalysisFlag::symmetry, AnalysisFlag::numDistinctApprox",4096,0.001,51877
CSRMatrix,double,"AnalysisFlag::min, AnalysisFlag::max, AnalysisFlag::mean, AnalysisFlag::sparsity, AnalysisFlag::symmetry, AnalysisFlag::numDistinctApprox",4096,0.001,55568
CSRMatrix,double,"AnalysisFlag::min, AnalysisFlag::max, AnalysisFlag::mean, AnalysisFlag::sparsity, AnalysisFlag::symmetry, AnalysisFlag::numDistinctApprox",4096,0.001,57172
CSRMatrix,double,"AnalysisFlag::min, AnalysisFlag::max, AnalysisFlag::mean, AnalysisFlag::sparsity, AnalysisFlag::symmetry, AnalysisFlag::numDistinctApprox",4096,0.001,56762
CSRMatrix,double,"AnalysisFlag::min, AnalysisFlag::max, AnalysisFlag::mean, AnalysisFlag::sparsity, AnalysisFlag::symmetry, AnalysisFlag::numDistinctApprox",4096,0.001,49739
CSRMatrix,int64_t,"AnalysisFlag::min, AnalysisFlag::max, AnalysisFlag::mean, AnalysisFlag::sparsity, AnalysisFlag::symmetry, AnalysisFlag::numDistinctApprox",1024,0.001,16793
CSRMatrix,int64_t,"AnalysisFlag::min, AnalysisFlag::max, AnalysisFlag::mean, AnalysisFlag::sparsity, AnalysisFlag::symmetry, AnalysisFlag::numDistinctApprox",1024,0.001,13138
CSRMatrix,int64_t,"AnalysisFlag::min, AnalysisFlag::max, AnalysisFlag::mean, AnalysisFlag::sparsity, AnalysisFlag::symmetry, AnalysisFlag::numDistinctApprox",1024,0.001,13056
CSRMatrix,int64_t,"AnalysisFlag::min, AnalysisFlag::max, AnalysisFlag::mean, AnalysisFlag::sparsity, AnalysisFlag::symmetry, AnalysisFlag::numDistinctApprox",1024,0.001,11567
CSRMatrix,int64_t,"AnalysisFlag::min, AnalysisFlag::max, AnalysisFlag::mean, AnalysisFlag::sparsity, AnalysisFlag::symmetry, AnalysisFlag::numDistinctApprox",1024,0.001,12136
CSRMatrix,int64_t,"AnalysisFlag::min, AnalysisFlag::max, AnalysisFlag::mean, AnalysisFlag::sparsity, AnalysisFlag::symmetry, AnalysisFlag::numDistinctApprox",1024,0.001,12447
CSRMatrix,int64_t,"AnalysisFlag::min, AnalysisFlag::max, AnalysisFlag::mean, AnalysisFlag::sparsity, AnalysisFlag::symmetry, AnalysisFlag::numDistinctApprox",1024,0.001,12970
CSRMatrix,int64_t,"AnalysisFlag::min, AnalysisFlag::max, AnalysisFlag::mean, AnalysisFlag::sparsity, AnalysisFlag::symmetry, AnalysisFlag::numDistinctApprox",1024,0.001,12618
CSRMatrix,int64_t,"AnalysisFlag::min, AnalysisFlag::max, AnalysisFlag::mean, AnalysisFlag::sparsity, AnalysisFlag::symmetry, AnalysisFlag::numDistinctApprox",1024,0.001,12561
CSRMatrix,int64_t,"AnalysisFlag::min, AnalysisFlag::max, AnalysisFlag::mean, AnalysisFlag::sparsity, AnalysisFlag::symmetry, AnalysisFlag::numDistinctApprox",1024,0.001,11348
CSRMatrix,int64_t,"AnalysisFlag::min, AnalysisFlag::max, AnalysisFlag::mean, AnalysisFlag::sparsity, AnalysisFlag::symmetry, AnalysisFlag::numDistinctApprox",2048,0.001,26330
CSRMatrix,int64_t,"AnalysisFlag::min, AnalysisFlag::max, AnalysisFlag::mean, AnalysisFlag::sparsity, AnalysisFlag::symmetry, AnalysisFlag::numDistinctApprox",2048,0.001,25952
CSRMatrix,int64_t,"AnalysisFlag::min, AnalysisFlag::max, AnalysisFlag::mean, AnalysisFlag::sparsity, AnalysisFlag::symmetry, AnalysisFlag::numDistinctApprox",2048,0.001,26159
CSRMatrix,int64_t,"AnalysisFlag::min, AnalysisFlag::max, AnalysisFlag::mean, AnalysisFlag::sparsity, AnalysisFlag::symmetry, AnalysisFlag::numDistinctApprox",2048,0.001,24579
CSRMatrix,int64_t,"AnalysisFlag::min, AnalysisFlag::max, AnalysisFlag::mean, AnalysisFlag::sparsity, AnalysisFlag::symmetry, AnalysisFlag::numDistinctApprox",2048,0.001,25166
CSRMatrix,int64_t,"AnalysisFlag::min, AnalysisFlag::max, AnalysisFlag::mean, AnalysisFlag::sparsity, AnalysisFlag::symmetry, AnalysisFlag::numDistinctApprox",2048,0.001,25752
CSRMatrix,int64_t,"AnalysisFlag::min, AnalysisFlag::max, AnalysisFlag::mean, AnalysisFlag::sparsity, AnalysisFlag::symmetry, AnalysisFlag::numDistinctApprox",2048,0.001,25101
CSRMatrix,int64_t,"AnalysisFlag::min, AnalysisFlag::max, AnalysisFlag::mean, AnalysisFlag::sparsity, AnalysisFlag::symmetry, AnalysisFlag::numDistinctApprox",2048,0.001,25781
CSRMatrix,int64_t,"AnalysisFlag::min, AnalysisFlag::max, AnalysisFlag::mean, AnalysisFlag::sparsity, AnalysisFlag::symmetry, AnalysisFlag::numDistinctApprox",2048,0.001,25628
CSRMatrix,int64_t,"AnalysisFlag::min, AnalysisFlag::max, AnalysisFlag::mean, AnalysisFlag::sparsity, AnalysisFlag::symmetry, AnalysisFlag::numDistinctApprox",2048,0.001,25024
CSRMatrix,int64_t,"AnalysisFlag::min, AnalysisFlag::max, AnalysisFlag::mean, AnalysisFlag::sparsity, AnalysisFlag::symmetry, AnalysisFlag::numDistinctApprox",4096,0.001,49368
CSRMatrix,int64_t,"AnalysisFlag::min, AnalysisFlag::max, AnalysisFlag::mean, AnalysisFlag::sparsity, AnalysisFlag::symmetry, AnalysisFlag::numDistinctApprox",4096,0.001,53190
CSRMatrix,int64_t,"AnalysisFlag::min, AnalysisFlag::max, AnalysisFlag::mean, AnalysisFlag::sparsity, AnalysisFlag::symmetry, AnalysisFlag::numDistinctApprox",4096,0.001,55237
CSRMatrix,int64_t,"AnalysisFlag::min, AnalysisFlag::max, AnalysisFlag::mean, AnalysisFlag::sparsity, AnalysisFlag::symmetry, AnalysisFlag::numDistinctApprox",4096,0.001,53373
CSRMatrix,int64_t,"AnalysisFlag::min, AnalysisFlag::max, AnalysisFlag::mean, AnalysisFlag::sparsity, AnalysisFlag::symmetry, AnalysisFlag::numDistinctApprox",4096,0.001,66130
CSRMatrix,int64_t,"AnalysisFlag::min, AnalysisFlag::max, AnalysisFlag::mean, AnalysisFlag::sparsity, AnalysisFlag::symmetry, AnalysisFlag::numDistinctApprox",4096,0.001,50030
CSRMatrix,int64_t,"AnalysisFlag::min, AnalysisFlag::max, AnalysisFlag::mean, AnalysisFlag::sparsity, AnalysisFlag::symmetry, AnalysisFlag::numDistinctApprox",4096,0.001,53925
CSRMatrix,int64_t,"AnalysisFlag::min, AnalysisFlag::max, AnalysisFlag::mean, AnalysisFlag::sparsity, AnalysisFlag::symmetry, AnalysisFlag::numDistinctApprox",4096,0.001,54677
CSRMatrix,int64_t,"AnalysisFlag::min, AnalysisFlag::max, AnalysisFlag::mean, AnalysisFlag::sparsity, AnalysisFlag::symmetry, AnalysisFlag::numDistinctApprox",4096,0.001,54940
CSRMatrix,int64_t,"AnalysisFlag::min, AnalysisFlag::max, AnalysisFlag::mean, AnalysisFlag::sparsity, AnalysisFlag::symmetry, AnalysisFlag::numDistinctApprox",4096,0.001,47744
CSRMatrix,double,"AnalysisFlag::min, AnalysisFlag::max, AnalysisFlag::mean, AnalysisFlag::sparsity, AnalysisFlag::symmetry, AnalysisFlag::numDistinctApprox",1024,0.01,18472
CSRMatrix,double,"AnalysisFlag::min, AnalysisFlag::max, AnalysisFlag::mean, AnalysisFlag::sparsity, AnalysisFlag::symmetry, AnalysisFlag::numDistinctApprox",1024,0.01,16792
CSRMatrix,double,"AnalysisFlag::min, AnalysisFlag::max, AnalysisFlag::mean, AnalysisFlag::sparsity, AnalysisFlag::symmetry, AnalysisFlag::numDistinctApprox",1024,0.01,16681
CSRMatrix,double,"AnalysisFlag::min, AnalysisFlag::max, AnalysisFlag::mean, AnalysisFlag::sparsity, AnalysisFlag::symmetry, AnalysisFlag::numDistinctApprox",1024,0.01,15959
CSRMatrix,double,"AnalysisFlag::min, AnalysisFlag::max, AnalysisFlag::mean, AnalysisFlag::sparsity, AnalysisFlag::symmetry, AnalysisFlag::numDistinctApprox",1024,0.01,16366
CSRMatrix,double,"AnalysisFlag::min, AnalysisFlag::max, AnalysisFlag::mean, AnalysisFlag::sparsity, AnalysisFlag::symmetry, AnalysisFlag::numDistinctApprox",1024,0.01,16476
CSRMatrix,double,"AnalysisFlag::min, AnalysisFlag::max, AnalysisFlag::mean, AnalysisFlag::sparsity, AnalysisFlag::symmetry, AnalysisFlag::numDistinctApprox",1024,0.01,16369
CSRMatrix,double,"AnalysisFlag::min, AnalysisFlag::max, AnalysisFlag::mean, AnalysisFlag::sparsity, AnalysisFlag::symmetry, AnalysisFlag::numDistinctApprox",1024,0.01,15942
CSRMatrix,double,"AnalysisFlag::min, AnalysisFlag::max, AnalysisFlag::mean, AnalysisFlag::sparsity, AnalysisFlag::symmetry, AnalysisFlag::numDistinctApprox",1024,0.01,16539
CSRMatrix,double,"AnalysisFlag::min, AnalysisFlag::max, AnalysisFlag::mean, AnalysisFlag::sparsity, AnalysisFlag::symmetry, AnalysisFlag::numDistinctApprox",1024,0.01,16348
CSRMatrix,double,"AnalysisFlag::min, AnalysisFlag::max, AnalysisFlag::mean, AnalysisFlag::sparsity, AnalysisFlag::symmetry, AnalysisFlag::numDistinctApprox",2048,0.01,30665
CSRMatrix,double,"AnalysisFlag::min, AnalysisFlag::max, AnalysisFlag::mean, AnalysisFlag::sparsity, AnalysisFlag::symmetry, AnalysisFlag::numDistinctApprox",2048,0.01,35068
CSRMatrix,double,"AnalysisFlag::min, AnalysisFlag::max, AnalysisFlag::mean, AnalysisFlag::sparsity, AnalysisFlag::symmetry, AnalysisFlag::numDistinctApprox",2048,0.01,34536
CSRMatrix,double,"AnalysisFlag::min, AnalysisFlag::max, AnalysisFlag::mean, AnalysisFlag::sparsity, AnalysisFlag::symmetry, AnalysisFlag::numDistinctApprox",2048,0.01,33693
CSRMatrix,double,"AnalysisFlag::min, AnalysisFlag::max, AnalysisFlag::mean, AnalysisFlag::sparsity, AnalysisFlag::symmetry, AnalysisFlag::numDistinctApprox",2048,0.01,33781
CSRMatrix,double,"AnalysisFlag::min, AnalysisFlag::max, AnalysisFlag::mean, AnalysisFlag::sparsity, AnalysisFlag::symmetry, AnalysisFlag::numDistinctApprox",2048,0.01,34645
CSRMatrix,double,"AnalysisFlag::min, AnalysisFlag::max, AnalysisFlag::mean, AnalysisFlag::sparsity, AnalysisFlag::symmetry, AnalysisFlag::numDistinctApprox",2048,0.01,36695
CSRMatrix,double,"AnalysisFlag::min, AnalysisFlag::max, AnalysisFlag::mean, AnalysisFlag::sparsity, AnalysisFlag::symmetry, AnalysisFlag::numDistinctApprox",2048,0.01,34148
CSRMatrix,double,"AnalysisFlag::min, AnalysisFlag::max, AnalysisFlag::mean, AnalysisFlag::sparsity, AnalysisFlag::symmetry, AnalysisFlag::numDistinctApprox",2048,0.01,35276
CSRMatrix,double,"AnalysisFlag::min, AnalysisFlag::max, AnalysisFlag::mean, AnalysisFlag::sparsity, AnalysisFlag::symmetry, AnalysisFlag::numDistinctApprox",2048,0.01,33839
CSRMatrix,double,"AnalysisFlag::min, AnalysisFlag::max, AnalysisFlag::mean, AnalysisFlag::sparsity, AnalysisFlag::symmetry, AnalysisFlag::numDistinctApprox",4096,0.01,54026
CSRMatrix,double,"AnalysisFlag::min, AnalysisFlag::max, AnalysisFlag::mean, AnalysisFlag::sparsity, AnalysisFlag::symmetry, AnalysisFlag::numDistinctApprox",4096,0.01,74114
CSRMatrix,double,"AnalysisFlag::min, AnalysisFlag::max, AnalysisFlag::mean, AnalysisFlag::sparsity, AnalysisFlag::symmetry, AnalysisFlag::numDistinctApprox",4096,0.01,74016
CSRMatrix,double,"AnalysisFlag::min, AnalysisFlag::max, AnalysisFlag::mean, AnalysisFlag::sparsity, AnalysisFlag::symmetry, AnalysisFlag::numDistinctApprox",4096,0.01,73700
CSRMatrix,double,"AnalysisFlag::min, AnalysisFlag::max, AnalysisFlag::mean, AnalysisFlag::sparsity, AnalysisFlag::symmetry, AnalysisFlag::numDistinctApprox",4096,0.01,73408
CSRMatrix,double,"AnalysisFlag::min, AnalysisFlag::max, AnalysisFlag::mean, AnalysisFlag::sparsity, AnalysisFlag::symmetry, AnalysisFlag::numDistinctApprox",4096,0.01,73310
CSRMatrix,double,"AnalysisFlag::min, AnalysisFlag::max, AnalysisFlag::mean, AnalysisFlag::sparsity, AnalysisFlag::symmetry, AnalysisFlag::numDistinctApprox",4096,0.01,73543
CSRMatrix,double,"AnalysisFlag::min, AnalysisFlag::max, AnalysisFlag::mean, AnalysisFlag::sparsity, AnalysisFlag::symmetry, AnalysisFlag::numDistinctApprox",4096,0.01,71509
CSRMatrix,double,"AnalysisFlag::min, AnalysisFlag::max, AnalysisFlag::mean, AnalysisFlag::sparsity, AnalysisFlag::symmetry, AnalysisFlag::numDistinctApprox",4096,0.01,74367
CSRMatrix,double,"AnalysisFlag::min, AnalysisFlag::max, AnalysisFlag::mean, AnalysisFlag::sparsity, AnalysisFlag::symmetry, AnalysisFlag::numDistinctApprox",4096,0.01,72411
CSRMatrix,int64_t,"AnalysisFlag::min, AnalysisFlag::max, AnalysisFlag::mean, AnalysisFlag::sparsity, AnalysisFlag::symmetry, AnalysisFlag::numDistinctApprox",1024,0.01,18742
CSRMatrix,int64_t,"AnalysisFlag::min, AnalysisFlag::max, AnalysisFlag::mean, AnalysisFlag::sparsity, AnalysisFlag::symmetry, AnalysisFlag::numDistinctApprox",1024,0.01,17007
CSRMatrix,int64_t,"AnalysisFlag::min, AnalysisFlag::max, AnalysisFlag::mean, AnalysisFlag::sparsity, AnalysisFlag::symmetry, AnalysisFlag::numDistinctApprox",1024,0.01,16984
CSRMatrix,int64_t,"AnalysisFlag::min, AnalysisFlag::max, AnalysisFlag::mean, AnalysisFlag::sparsity, AnalysisFlag::symmetry, AnalysisFlag::numDistinctApprox",1024,0.01,16379
CSRMatrix,int64_t,"AnalysisFlag::min, AnalysisFlag::max, AnalysisFlag::mean, AnalysisFlag::sparsity, AnalysisFlag::symmetry, AnalysisFlag::numDistinctApprox",1024,0.01,16718
CSRMatrix,int64_t,"AnalysisFlag::min, AnalysisFlag::max, AnalysisFlag::mean, AnalysisFlag::sparsity, AnalysisFlag::symmetry, AnalysisFlag::numDistinctApprox",1024,0.01,17030
CSRMatrix,int64_t,"AnalysisFlag::min, AnalysisFlag::max, AnalysisFlag::mean, AnalysisFlag::sparsity, AnalysisFlag::symmetry, AnalysisFlag::numDistinctApprox",1024,0.01,16719
CSRMatrix,int64_t,"AnalysisFlag::min, AnalysisFlag::max, AnalysisFlag::mean, AnalysisFlag::sparsity, AnalysisFlag::symmetry, AnalysisFlag::numDistinctApprox",1024,0.01,16608
CSRMatrix,int64_t,"AnalysisFlag::min, AnalysisFlag::max, AnalysisFlag::mean, AnalysisFlag::sparsity, AnalysisFlag::symmetry, AnalysisFlag::numDistinctApprox",1024,0.01,16650
CSRMatrix,int64_t,"AnalysisFlag::min, AnalysisFlag::max, AnalysisFlag::mean, AnalysisFlag::sparsity, AnalysisFlag::symmetry, AnalysisFlag::numDistinctApprox",1024,0.01,16636
CSRMatrix,int64_t,"AnalysisFlag::min, AnalysisFlag::max, AnalysisFlag::mean, AnalysisFlag::sparsity, AnalysisFlag::symmetry, AnalysisFlag::numDistinctApprox",2048,0.01,30631
CSRMatrix,int64_t,"AnalysisFlag::min, AnalysisFlag::max, AnalysisFlag::mean, AnalysisFlag::sparsity, AnalysisFlag::symmetry, AnalysisFlag::numDistinctApprox",2048,0.01,35302
CSRMatrix,int64_t,"AnalysisFlag::min, AnalysisFlag::max, AnalysisFlag::mean, AnalysisFlag::sparsity, AnalysisFlag::symmetry, AnalysisFlag::numDistinctApprox",2048,0.01,35104
CSRMatrix,int64_t,"AnalysisFlag::min, AnalysisFlag::max, AnalysisFlag::mean, AnalysisFlag::sparsity, AnalysisFlag::symmetry, AnalysisFlag::numDistinctApprox",2048,0.01,34140
CSRMatrix,int64_t,"AnalysisFlag::min, AnalysisFlag::max, AnalysisFlag::mean, AnalysisFlag::sparsity, AnalysisFlag::symmetry, AnalysisFlag::numDistinctApprox",2048,0.01,34505
CSRMatrix,int64_t,"AnalysisFlag::min, AnalysisFlag::max, AnalysisFlag::mean, AnalysisFlag::sparsity, AnalysisFlag::symmetry, AnalysisFlag::numDistinctApprox",2048,0.01,35383
CSRMatrix,int64_t,"AnalysisFlag::min, AnalysisFlag::max, AnalysisFlag::mean, AnalysisFlag::sparsity, AnalysisFlag::symmetry, AnalysisFlag::numDistinctApprox",2048,0.01,36063
CSRMatrix,int64_t,"AnalysisFlag::min, AnalysisFlag::max, AnalysisFlag::mean, AnalysisFlag::sparsity, AnalysisFlag::symmetry, AnalysisFlag::numDistinctApprox",2048,0.01,34515
CSRMatrix,int64_t,"AnalysisFlag::min, AnalysisFlag::max, AnalysisFlag::mean, AnalysisFlag::sparsity, AnalysisFlag::symmetry, AnalysisFlag::numDistinctApprox",2048,0.01,35437
CSRMatrix,int64_t,"AnalysisFlag::min, AnalysisFlag::max, AnalysisFlag::mean, AnalysisFlag::sparsity, AnalysisFlag::symmetry, AnalysisFlag::numDistinctApprox",2048,0.01,35359
CSRMatrix,int64_t,"AnalysisFlag::min, AnalysisFlag::max, AnalysisFlag::mean, AnalysisFlag::sparsity, AnalysisFlag::symmetry, AnalysisFlag::numDistinctApprox",4096,0.01,53188
CSRMatrix,int64_t,"AnalysisFlag::min, AnalysisFlag::max, AnalysisFlag::mean, AnalysisFlag::sparsity, AnalysisFlag::symmetry, AnalysisFlag::numDistinctApprox",4096,0.01,74408
CSRMatrix,int64_t,"AnalysisFlag::min, AnalysisFlag::max, AnalysisFlag::mean, AnalysisFlag::sparsity, AnalysisFlag::symmetry, AnalysisFlag::numDistinctApprox",4096,0.01,74220
CSRMatrix,int64_t,"AnalysisFlag::min, AnalysisFlag::max, AnalysisFlag::mean, AnalysisFlag::sparsity, AnalysisFlag::symmetry, AnalysisFlag::numDistinctApprox",4096,0.01,74329
CSRMatrix,int64_t,"AnalysisFlag::min, AnalysisFlag::max, AnalysisFlag::mean, AnalysisFlag::sparsity, AnalysisFlag::symmetry, AnalysisFlag::numDistinctApprox",4096,0.01,73129
CSRMatrix,int64_t,"AnalysisFlag::min, AnalysisFlag::max, AnalysisFlag::mean, AnalysisFlag::sparsity, AnalysisFlag::symmetry, AnalysisFlag::numDistinctApprox",4096,0.01,73923
CSRMatrix,int64_t,"AnalysisFlag::min, AnalysisFlag::max, AnalysisFlag::mean, AnalysisFlag::sparsity, AnalysisFlag::symmetry, AnalysisFlag::numDistinctApprox",4096,0.01,74720
CSRMatrix,int64_t,"AnalysisFlag::min, AnalysisFlag::max, AnalysisFlag::mean, AnalysisFlag::sparsity, AnalysisFlag::symmetry, AnalysisFlag::numDistinctApprox",4096,0.01,71306
CSRMatrix,int64_t,"AnalysisFlag::min, AnalysisFlag::max, AnalysisFlag::mean, AnalysisFlag::sparsity, AnalysisFlag::symmetry, AnalysisFlag::numDistinctApprox",4096,0.01,72333
CSRMatrix,int64_t,"AnalysisFlag::min, AnalysisFlag::max, AnalysisFlag::mean, AnalysisFlag::sparsity, AnalysisFlag::symmetry, AnalysisFlag::numDistinctApprox",4096,0.01,74329
CSRMatrix,double,"AnalysisFlag::min, AnalysisFlag::max, AnalysisFlag::mean, AnalysisFlag::sparsity, AnalysisFlag::symmetry, AnalysisFlag::numDistinctApprox",1024,0.05,23858
CSRMatrix,double,"AnalysisFlag::min, AnalysisFlag::max, AnalysisFlag::mean, AnalysisFlag::sparsity, AnalysisFlag::symmetry, AnalysisFlag::numDistinctApprox",1024,0.05,25012
CSRMatrix,double,"AnalysisFlag::min, AnalysisFlag::max, AnalysisFlag::mean, AnalysisFlag::sparsity, AnalysisFlag::symmetry, AnalysisFlag::numDistinctApprox",1024,0.05,24834
CSRMatrix,double,"AnalysisFlag::min, AnalysisFlag::max, AnalysisFlag::mean, AnalysisFlag::sparsity, AnalysisFlag::symmetry, AnalysisFlag::numDistinctApprox",1024,0.05,25365
CSRMatrix,double,"AnalysisFlag::min, AnalysisFlag::max, AnalysisFlag::mean, AnalysisFlag::sparsity, AnalysisFlag::symmetry, AnalysisFlag::numDistinctApprox",1024,0.05,32692
CSRMatrix,double,"AnalysisFlag::min, AnalysisFlag::max, AnalysisFlag::mean, AnalysisFlag::sparsity, AnalysisFlag::symmetry, AnalysisFlag::numDistinctApprox",1024,0.05,24919
CSRMatrix,double,"AnalysisFlag::min, AnalysisFlag::max, AnalysisFlag::mean, AnalysisFlag::sparsity, AnalysisFlag::symmetry, AnalysisFlag::numDistinctApprox",1024,0.05,24543
CSRMatrix,double,"AnalysisFlag::min, AnalysisFlag::max, AnalysisFlag::mean, AnalysisFlag::sparsity, AnalysisFlag::symmetry, AnalysisFlag::numDistinctApprox",1024,0.05,24055
CSRMatrix,double,"AnalysisFlag::min, AnalysisFlag::max, AnalysisFlag::mean, AnalysisFlag::sparsity, AnalysisFlag::symmetry, AnalysisFlag::numDistinctApprox",1024,0.05,24011
CSRMatrix,double,"AnalysisFlag::min, AnalysisFlag::max, AnalysisFlag::mean, AnalysisFlag::sparsity, AnalysisFlag::symmetry, AnalysisFlag::numDistinctApprox",1024,0.05,24310
CSRMatrix,double,"AnalysisFlag::min, AnalysisFlag::max, AnalysisFlag::mean, AnalysisFlag::sparsity, AnalysisFlag::symmetry, AnalysisFlag::numDistinctApprox",2048,0.05,35523
CSRMatrix,double,"AnalysisFlag::min, AnalysisFlag::max, AnalysisFlag::mean, AnalysisFlag::sparsity, AnalysisFlag::symmetry, AnalysisFlag::numDistinctApprox",2048,0.05,59220
CSRMatrix,double,"AnalysisFlag::min, AnalysisFlag::max, AnalysisFlag::mean, AnalysisFlag::sparsity, AnalysisFlag::symmetry, AnalysisFlag::numDistinctApprox",2048,0.05,50638
CSRMatrix,double,"AnalysisFlag::min, AnalysisFlag::max, AnalysisFlag::mean, AnalysisFlag::sparsity, AnalysisFlag::symmetry, AnalysisFlag::numDistinctApprox",2048,0.05,48669
CSRMatrix,double,"AnalysisFlag::min, AnalysisFlag::max, AnalysisFlag::mean, AnalysisFlag::sparsity, AnalysisFlag::symmetry, AnalysisFlag::numDistinctApprox",2048,0.05,57966
CSRMatrix,double,"AnalysisFlag::min, AnalysisFlag::max, AnalysisFlag::mean, AnalysisFlag::sparsity, AnalysisFlag::symmetry, AnalysisFlag::numDistinctApprox",2048,0.05,49978
CSRMatrix,double,"AnalysisFlag::min, AnalysisFlag::max, AnalysisFlag::mean, AnalysisFlag::sparsity, AnalysisFlag::symmetry, AnalysisFlag::numDistinctApprox",2048,0.05,58253
CSRMatrix,double,"AnalysisFlag::min, AnalysisFlag::max, AnalysisFlag::mean, AnalysisFlag::sparsity, AnalysisFlag::symmetry, AnalysisFlag::numDistinctApprox",2048,0.05,46937
CSRMatrix,double,"AnalysisFlag::min, AnalysisFlag::max, AnalysisFlag::mean, AnalysisFlag::sparsity, AnalysisFlag::symmetry, AnalysisFlag::numDistinctApprox",2048,0.05,57323
CSRMatrix,double,"AnalysisFlag::min, AnalysisFlag::max, AnalysisFlag::mean, AnalysisFlag::sparsity, AnalysisFlag::symmetry, AnalysisFlag::numDistinctApprox",2048,0.05,48497
CSRMatrix,double,"AnalysisFlag::min, AnalysisFlag::max, AnalysisFlag::mean, AnalysisFlag::sparsity, AnalysisFlag::symmetry, AnalysisFlag::numDistinctApprox",4096,0.05,57797
CSRMatrix,double,"AnalysisFlag::min, AnalysisFlag::max, AnalysisFlag::mean, AnalysisFlag::sparsity, AnalysisFlag::symmetry, AnalysisFlag::numDistinctApprox",4096,0.05,113021
CSRMatrix,double,"AnalysisFlag::min, AnalysisFlag::max, AnalysisFlag::mean, AnalysisFlag::sparsity, AnalysisFlag::symmetry, AnalysisFlag::numDistinctApprox",4096,0.05,100534
CSRMatrix,double,"AnalysisFlag::min, AnalysisFlag::max, AnalysisFlag::mean, AnalysisFlag::sparsity, AnalysisFlag::symmetry, AnalysisFlag::numDistinctApprox",4096,0.05,109479
CSRMatrix,double,"AnalysisFlag::min, AnalysisFlag::max, AnalysisFlag::mean, AnalysisFlag::sparsity, AnalysisFlag::symmetry, AnalysisFlag::numDistinctApprox",4096,0.05,98781
CSRMatrix,double,"AnalysisFlag::min, AnalysisFlag::max, AnalysisFlag::mean, AnalysisFlag::sparsity, AnalysisFlag::symmetry, AnalysisFlag::numDistinctApprox",4096,0.05,99407
CSRMatrix,double,"AnalysisFlag::min, AnalysisFlag::max, AnalysisFlag::mean, AnalysisFlag::sparsity, AnalysisFlag::symmetry, AnalysisFlag::numDistinctApprox",4096,0.05,107844
CSRMatrix,double,"AnalysisFlag::min, AnalysisFlag::max, AnalysisFlag::mean, AnalysisFlag::sparsity, AnalysisFlag::symmetry, AnalysisFlag::numDistinctApprox",4096,0.05,97224
CSRMatrix,double,"AnalysisFlag::min, AnalysisFlag::max, AnalysisFlag::mean, AnalysisFlag::sparsity, AnalysisFlag::symmetry, AnalysisFlag::numDistinctApprox",4096,0.05,107599
CSRMatrix,double,"AnalysisFlag::min, AnalysisFlag::max, AnalysisFlag::mean, AnalysisFlag::sparsity, AnalysisFlag::symmetry, AnalysisFlag::numDistinctApprox",4096,0.05,106907
CSRMatrix,int64_t,"AnalysisFlag::min, AnalysisFlag::max, AnalysisFlag::mean, AnalysisFlag::sparsity, AnalysisFlag::symmetry, AnalysisFlag::numDistinctApprox",1024,0.05,22588
CSRMatrix,int64_t,"AnalysisFlag::min, AnalysisFlag::max, AnalysisFlag::mean, AnalysisFlag::sparsity, AnalysisFlag::symmetry, AnalysisFlag::numDistinctApprox",1024,0.05,25160
CSRMatrix,int64_t,"AnalysisFlag::min, AnalysisFlag::max, AnalysisFlag::mean, AnalysisFlag::sparsity, AnalysisFlag::symmetry, AnalysisFlag::numDistinctApprox",1024,0.05,25549
CSRMatrix,int64_t,"AnalysisFlag::min, AnalysisFlag::max, AnalysisFlag::mean, AnalysisFlag::sparsity, AnalysisFlag::symmetry, AnalysisFlag::numDistinctApprox",1024,0.05,25878
CSRMatrix,int64_t,"AnalysisFlag::min, AnalysisFlag::max, AnalysisFlag::mean, AnalysisFlag::sparsity, AnalysisFlag::symmetry, AnalysisFlag::numDistinctApprox",1024,0.05,33365
CSRMatrix,int64_t,"AnalysisFlag::min, AnalysisFlag::max, AnalysisFlag::mean, AnalysisFlag::sparsity, AnalysisFlag::symmetry, AnalysisFlag::numDistinctApprox",1024,0.05,25239
CSRMatrix,int64_t,"AnalysisFlag::min, AnalysisFlag::max, AnalysisFlag::mean, AnalysisFlag::sparsity, AnalysisFlag::symmetry, AnalysisFlag::numDistinctApprox",1024,0.05,24699
CSRMatrix,int64_t,"AnalysisFlag::min, AnalysisFlag::max, AnalysisFlag::mean, AnalysisFlag::sparsity, AnalysisFlag::symmetry, AnalysisFlag::numDistinctApprox",1024,0.05,24052
CSRMatrix,int64_t,"AnalysisFlag::min, AnalysisFlag::max, AnalysisFlag::mean, AnalysisFlag::sparsity, AnalysisFlag::symmetry, AnalysisFlag::numDistinctApprox",1024,0.05,24115
CSRMatrix,int64_t,"AnalysisFlag::min, AnalysisFlag::max, AnalysisFlag::mean, AnalysisFlag::sparsity, AnalysisFlag::symmetry, AnalysisFlag::numDistinctApprox",1024,0.05,24557
CSRMatrix,int64_t,"AnalysisFlag::min, AnalysisFlag::max, AnalysisFlag::mean, AnalysisFlag::sparsity, AnalysisFlag::symmetry, AnalysisFlag::numDistinctApprox",2048,0.05,35035
CSRMatrix,int64_t,"AnalysisFlag::min, AnalysisFlag::max, AnalysisFlag::mean, AnalysisFlag::sparsity, AnalysisFlag::symmetry, AnalysisFlag::numDistinctApprox",2048,0.05,59992
CSRMatrix,int64_t,"AnalysisFlag::min, AnalysisFlag::max, AnalysisFlag::mean, AnalysisFlag::sparsity, AnalysisFlag::symmetry, AnalysisFlag::numDistinctApprox",2048,0.05,52182
CSRMatrix,int64_t,"AnalysisFlag::min, AnalysisFlag::max, AnalysisFlag::mean, AnalysisFlag::sparsity, AnalysisFlag::symmetry, AnalysisFlag::numDistinctApprox",2048,0.05,49356
CSRMatrix,int64_t,"AnalysisFlag::min, AnalysisFlag::max, AnalysisFlag::mean, AnalysisFlag::sparsity, AnalysisFlag::symmetry, AnalysisFlag::numDistinctApprox",2048,0.05,59235
CSRMatrix,int64_t,"AnalysisFlag::min, AnalysisFlag::max, AnalysisFlag::mean, AnalysisFlag::sparsity, AnalysisFlag::symmetry, AnalysisFlag::numDistinctApprox",2048,0.05,49891
CSRMatrix,int64_t,"AnalysisFlag::min, AnalysisFlag::max, AnalysisFlag::mean, AnalysisFlag::sparsity, AnalysisFlag::symmetry, AnalysisFlag::numDistinctApprox",2048,0.05,58951
CSRMatrix,int64_t,"AnalysisFlag::min, AnalysisFlag::max, AnalysisFlag::mean, AnalysisFlag::sparsity, AnalysisFlag::symmetry, AnalysisFlag::numDistinctApprox",2048,0.05,47503
CSRMatrix,int64_t,"AnalysisFlag::min, AnalysisFlag::max, AnalysisFlag::mean, AnalysisFlag::sparsity, AnalysisFlag::symmetry, AnalysisFlag::numDistinctApprox",2048,0.05,57767
CSRMatrix,int64_t,"AnalysisFlag::min, AnalysisFlag::max, AnalysisFlag::mean, AnalysisFlag::sparsity, AnalysisFlag::symmetry, AnalysisFlag::numDistinctApprox",2048,0.05,48379
CSRMatrix,int64_t,"AnalysisFlag::min, AnalysisFlag::max, AnalysisFlag::mean, AnalysisFlag::sparsity, AnalysisFlag::symmetry, AnalysisFlag::numDistinctApprox",4096,0.05,58408
CSRMatrix,int64_t,"AnalysisFlag::min, AnalysisFlag::max, AnalysisFlag::mean, AnalysisFlag::sparsity, AnalysisFlag::symmetry, AnalysisFlag::numDistinctApprox",4096,0.05,110752
CSRMatrix,int64_t,"AnalysisFlag::min, AnalysisFlag::max, AnalysisFlag::mean, AnalysisFlag::sparsity, AnalysisFlag::symmetry, AnalysisFlag::numDistinctApprox",4096,0.05,100563
CSRMatrix,int64_t,"AnalysisFlag::min, AnalysisFlag::max, AnalysisFlag::mean, AnalysisFlag::sparsity, AnalysisFlag::symmetry, AnalysisFlag::numDistinctApprox",4096,0.05,110470
CSRMatrix,int64_t,"AnalysisFlag::min, AnalysisFlag::max, AnalysisFlag::mean, AnalysisFlag::sparsity, AnalysisFlag::symmetry, AnalysisFlag::numDistinctApprox",4096,0.05,100672
CSRMatrix,int64_t,"AnalysisFlag::min, AnalysisFlag::max, AnalysisFlag::mean, AnalysisFlag::sparsity, AnalysisFlag::symmetry, AnalysisFlag::numDistinctApprox",4096,0.05,98482
CSRMatrix,int64_t,"AnalysisFlag::min, AnalysisFlag::max, AnalysisFlag::mean, AnalysisFlag::sparsity, AnalysisFlag::symmetry, AnalysisFlag::numDistinctApprox",4096,0.05,109989
CSRMatrix,int64_t,"AnalysisFlag::min, AnalysisFlag::max, AnalysisFlag::mean, AnalysisFlag::sparsity, AnalysisFlag::symmetry, AnalysisFlag::numDistinctApprox",4096,0.05,98440
CSRMatrix,int64_t,"AnalysisFlag::min, AnalysisFlag::max, AnalysisFlag::mean, AnalysisFlag::sparsity, AnalysisFlag::symmetry, AnalysisFlag::numDistinctApprox",4096,0.05,112113
CSRMatrix,int64_t,"AnalysisFlag::min, AnalysisFlag::max, AnalysisFlag::mean, AnalysisFlag::sparsity, AnalysisFlag::symmetry, AnalysisFlag::numDistinctApprox",4096,0.05,108952
CSRMatrix,double,"AnalysisFlag::min, AnalysisFlag::max, AnalysisFlag::mean, AnalysisFlag::sparsity, AnalysisFlag::symmetry, AnalysisFlag::numDistinctApprox",1024,0.1,25158
CSRMatrix,double,"AnalysisFlag::min, AnalysisFlag::max, AnalysisFlag::mean, AnalysisFlag::sparsity, AnalysisFlag::symmetry, AnalysisFlag::numDistinctApprox",1024,0.1,42058
CSRMatrix,double,"AnalysisFlag::min, AnalysisFlag::max, AnalysisFlag::mean, AnalysisFlag::sparsity, AnalysisFlag::symmetry, AnalysisFlag::numDistinctApprox",1024,0.1,33326
CSRMatrix,double,"AnalysisFlag::min, AnalysisFlag::max, AnalysisFlag::mean, AnalysisFlag::sparsity, AnalysisFlag::symmetry, AnalysisFlag::numDistinctApprox",1024,0.1,31597
CSRMatrix,double,"AnalysisFlag::min, AnalysisFlag::max, AnalysisFlag::mean, AnalysisFlag::sparsity, AnalysisFlag::symmetry, AnalysisFlag::numDistinctApprox",1024,0.1,40225
CSRMatrix,double,"AnalysisFlag::min, AnalysisFlag::max, AnalysisFlag::mean, AnalysisFlag::sparsity, AnalysisFlag::symmetry, AnalysisFlag::numDistinctApprox",1024,0.1,31509
CSRMatrix,double,"AnalysisFlag::min, AnalysisFlag::max, AnalysisFlag::mean, AnalysisFlag::sparsity, AnalysisFlag::symmetry, AnalysisFlag::numDistinctApprox",1024,0.1,40002
CSRMatrix,double,"AnalysisFlag::min, AnalysisFlag::max, AnalysisFlag::mean, AnalysisFlag::sparsity, AnalysisFlag::symmetry, AnalysisFlag::numDistinctApprox",1024,0.1,30852
CSRMatrix,double,"AnalysisFlag::min, AnalysisFlag::max, AnalysisFlag::mean, AnalysisFlag::sparsity, AnalysisFlag::symmetry, AnalysisFlag::numDistinctApprox",1024,0.1,41927
CSRMatrix,double,"AnalysisFlag::min, AnalysisFlag::max, AnalysisFlag::mean, AnalysisFlag::sparsity, AnalysisFlag::symmetry, AnalysisFlag::numDistinctApprox",1024,0.1,31325
CSRMatrix,double,"AnalysisFlag::min, AnalysisFlag::max, AnalysisFlag::mean, AnalysisFlag::sparsity, AnalysisFlag::symmetry, AnalysisFlag::numDistinctApprox",2048,0.1,37232
CSRMatrix,double,"AnalysisFlag::min, AnalysisFlag::max, AnalysisFlag::mean, AnalysisFlag::sparsity, AnalysisFlag::symmetry, AnalysisFlag::numDistinctApprox",2048,0.1,72589
CSRMatrix,double,"AnalysisFlag::min, AnalysisFlag::max, AnalysisFlag::mean, AnalysisFlag::sparsity, AnalysisFlag::symmetry, AnalysisFlag::numDistinctApprox",2048,0.1,60439
CSRMatrix,double,"AnalysisFlag::min, AnalysisFlag::max, AnalysisFlag::mean, AnalysisFlag::sparsity, AnalysisFlag::symmetry, AnalysisFlag::numDistinctApprox",2048,0.1,72092
CSRMatrix,double,"AnalysisFlag::min, AnalysisFlag::max, AnalysisFlag::mean, AnalysisFlag::sparsity, AnalysisFlag::symmetry, AnalysisFlag::numDistinctApprox",2048,0.1,60367
CSRMatrix,double,"AnalysisFlag::min, AnalysisFlag::max, AnalysisFlag::mean, AnalysisFlag::sparsity, AnalysisFlag::symmetry, AnalysisFlag::numDistinctApprox",2048,0.1,61193
CSRMatrix,double,"AnalysisFlag::min, AnalysisFlag::max, AnalysisFlag::mean, AnalysisFlag::sparsity, AnalysisFlag::symmetry, AnalysisFlag::numDistinctApprox",2048,0.1,68999
CSRMatrix,double,"AnalysisFlag::min, AnalysisFlag::max, AnalysisFlag::mean, AnalysisFlag::sparsity, AnalysisFlag::symmetry, AnalysisFlag::numDistinctApprox",2048,0.1,60657
CSRMatrix,double,"AnalysisFlag::min, AnalysisFlag::max, AnalysisFlag::mean, AnalysisFlag::sparsity, AnalysisFlag::symmetry, AnalysisFlag::numDistinctApprox",2048,0.1,69760
CSRMatrix,double,"AnalysisFlag::min, AnalysisFlag::max, AnalysisFlag::mean, AnalysisFlag::sparsity, AnalysisFlag::symmetry, AnalysisFlag::numDistinctApprox",2048,0.1,68168
CSRMatrix,double,"AnalysisFlag::min, AnalysisFlag::max, AnalysisFlag::mean, AnalysisFlag::sparsity, AnalysisFlag::symmetry, AnalysisFlag::numDistinctApprox",4096,0.1,61095
CSRMatrix,double,"AnalysisFlag::min, AnalysisFlag::max, AnalysisFlag::mean, AnalysisFlag::sparsity, AnalysisFlag::symmetry, AnalysisFlag::numDistinctApprox",4096,0.1,126798
CSRMatrix,double,"AnalysisFlag::min, AnalysisFlag::max, AnalysisFlag::mean, AnalysisFlag::sparsity, AnalysisFlag::symmetry, AnalysisFlag::numDistinctApprox",4096,0.1,123534
CSRMatrix,double,"AnalysisFlag::min, AnalysisFlag::max, AnalysisFlag::mean, AnalysisFlag::sparsity, AnalysisFlag::symmetry, AnalysisFlag::numDistinctApprox",4096,0.1,122752
CSRMatrix,double,"AnalysisFlag::min, AnalysisFlag::max, AnalysisFlag::mean, AnalysisFlag::sparsity, AnalysisFlag::symmetry, AnalysisFlag::numDistinctApprox",4096,0.1,127273
CSRMatrix,double,"AnalysisFlag::min, AnalysisFlag::max, AnalysisFlag::mean, AnalysisFlag::sparsity, AnalysisFlag::symmetry, AnalysisFlag::numDistinctApprox",4096,0.1,114707
CSRMatrix,double,"AnalysisFlag::min, AnalysisFlag::max, AnalysisFlag::mean, AnalysisFlag::sparsity, AnalysisFlag::symmetry, AnalysisFlag::numDistinctApprox",4096,0.1,124231
CSRMatrix,double,"AnalysisFlag::min, AnalysisFlag::max, AnalysisFlag::mean, AnalysisFlag::sparsity, AnalysisFlag::symmetry, AnalysisFlag::numDistinctApprox",4096,0.1,124683
CSRMatrix,double,"AnalysisFlag::min, AnalysisFlag::max, AnalysisFlag::mean, AnalysisFlag::sparsity, AnalysisFlag::symmetry, AnalysisFlag::numDistinctApprox",4096,0.1,122570
CSRMatrix,double,"AnalysisFlag::min, AnalysisFlag::max, AnalysisFlag::mean, AnalysisFlag::sparsity, AnalysisFlag::symmetry, AnalysisFlag::numDistinctApprox",4096,0.1,123349
CSRMatrix,int64_t,"AnalysisFlag::min, AnalysisFlag::max, AnalysisFlag::mean, AnalysisFlag::sparsity, AnalysisFlag::symmetry, AnalysisFlag::numDistinctApprox",1024,0.1,25658
CSRMatrix,int64_t,"AnalysisFlag::min, AnalysisFlag::max, AnalysisFlag::mean, AnalysisFlag::sparsity, AnalysisFlag::symmetry, AnalysisFlag::numDistinctApprox",1024,0.1,43641
CSRMatrix,int64_t,"AnalysisFlag::min, AnalysisFlag::max, AnalysisFlag::mean, AnalysisFlag::sparsity, AnalysisFlag::symmetry, AnalysisFlag::numDistinctApprox",1024,0.1,32868
CSRMatrix,int64_t,"AnalysisFlag::min, AnalysisFlag::max, AnalysisFlag::mean, AnalysisFlag::sparsity, AnalysisFlag::symmetry, AnalysisFlag::numDistinctApprox",1024,0.1,31648
CSRMatrix,int64_t,"AnalysisFlag::min, AnalysisFlag::max, AnalysisFlag::mean, AnalysisFlag::sparsity, AnalysisFlag::symmetry, AnalysisFlag::numDistinctApprox",1024,0.1,41077
CSRMatrix,int64_t,"AnalysisFlag::min, AnalysisFlag::max, AnalysisFlag::mean, AnalysisFlag::sparsity, AnalysisFlag::symmetry, AnalysisFlag::numDistinctApprox",1024,0.1,31776
CSRMatrix,int64_t,"AnalysisFlag::min, AnalysisFlag::max, AnalysisFlag::mean, AnalysisFlag::sparsity, AnalysisFlag::symmetry, AnalysisFlag::numDistinctApprox",1024,0.1,41141
CSRMatrix,int64_t,"AnalysisFlag::min, AnalysisFlag::max, AnalysisFlag::mean, AnalysisFlag::sparsity, AnalysisFlag::symmetry, AnalysisFlag::numDistinctApprox",1024,0.1,31334
CSRMatrix,int64_t,"AnalysisFlag::min, AnalysisFlag::max, AnalysisFlag::mean, AnalysisFlag::sparsity, AnalysisFlag::symmetry, AnalysisFlag::numDistinctApprox",1024,0.1,40255
CSRMatrix,int64_t,"AnalysisFlag::min, AnalysisFlag::max, AnalysisFlag::mean, AnalysisFlag::sparsity, AnalysisFlag::symmetry, AnalysisFlag::numDistinctApprox",1024,0.1,31557
CSRMatrix,int64_t,"AnalysisFlag::min, AnalysisFlag::max, AnalysisFlag::mean, AnalysisFlag::sparsity, AnalysisFlag::symmetry, AnalysisFlag::numDistinctApprox",2048,0.1,38592
CSRMatrix,int64_t,"AnalysisFlag::min, AnalysisFlag::max, AnalysisFlag::mean, AnalysisFlag::sparsity, AnalysisFlag::symmetry, AnalysisFlag::numDistinctApprox",2048,0.1,73400
CSRMatrix,int64_t,"AnalysisFlag::min, AnalysisFlag::max, AnalysisFlag::mean, AnalysisFlag::sparsity, AnalysisFlag::symmetry, AnalysisFlag::numDistinctApprox",2048,0.1,62156
CSRMatrix,int64_t,"AnalysisFlag::min, AnalysisFlag::max, AnalysisFlag::mean, AnalysisFlag::sparsity, AnalysisFlag::symmetry, AnalysisFlag::numDistinctApprox",2048,0.1,72116
CSRMatrix,int64_t,"AnalysisFlag::min, AnalysisFlag::max, AnalysisFlag::mean, AnalysisFlag::sparsity, AnalysisFlag::symmetry, AnalysisFlag::numDistinctApprox",2048,0.1,61991
CSRMatrix,int64_t,"AnalysisFlag::min, AnalysisFlag::max, AnalysisFlag::mean, AnalysisFlag::sparsity, AnalysisFlag::symmetry, AnalysisFlag::numDistinctApprox",2048,0.1,62164
CSRMatrix,int64_t,"AnalysisFlag::min, AnalysisFlag::max, AnalysisFlag::mean, AnalysisFlag::sparsity, AnalysisFlag::symmetry, AnalysisFlag::numDistinctApprox",2048,0.1,70702
CSRMatrix,int64_t,"AnalysisFlag::min, AnalysisFlag::max, AnalysisFlag::mean, AnalysisFlag::sparsity, AnalysisFlag::symmetry, AnalysisFlag::numDistinctApprox",2048,0.1,60648
CSRMatrix,int64_t,"AnalysisFlag::min, AnalysisFlag::max, AnalysisFlag::mean, AnalysisFlag::sparsity, AnalysisFlag::symmetry, AnalysisFlag::numDistinctApprox",2048,0.1,70155
CSRMatrix,int64_t,"AnalysisFlag::min, AnalysisFlag::max, AnalysisFlag::mean, AnalysisFlag::sparsity, AnalysisFlag::symmetry, AnalysisFlag::numDistinctApprox",2048,0.1,70102
CSRMatrix,int64_t,"AnalysisFlag::min, AnalysisFlag::max, AnalysisFlag::mean, AnalysisFlag::sparsity, AnalysisFlag::symmetry, AnalysisFlag::numDistinctApprox",4096,0.1,60510
CSRMatrix,int64_t,"AnalysisFlag::min, AnalysisFlag::max, AnalysisFlag::mean, AnalysisFlag::sparsity, AnalysisFlag::symmetry, AnalysisFlag::numDistinctApprox",4096,0.1,130974
CSRMatrix,int64_t,"AnalysisFlag::min, AnalysisFlag::max, AnalysisFlag::mean, AnalysisFlag::sparsity, AnalysisFlag::symmetry, AnalysisFlag::numDistinctApprox",4096,0.1,126377
CSRMatrix,int64_t,"AnalysisFlag::min, AnalysisFlag::max, AnalysisFlag::mean, AnalysisFlag::sparsity, AnalysisFlag::symmetry, AnalysisFlag::numDistinctApprox",4096,0.1,126501
CSRMatrix,int64_t,"AnalysisFlag::min, AnalysisFlag::max, AnalysisFlag::mean, AnalysisFlag::sparsity, AnalysisFlag::symmetry, AnalysisFlag::numDistinctApprox",4096,0.1,127066
CSRMatrix,int64_t,"AnalysisFlag::min, AnalysisFlag::max, AnalysisFlag::mean, AnalysisFlag::sparsity, AnalysisFlag::symmetry, AnalysisFlag::numDistinctApprox",4096,0.1,115066
CSRMatrix,int64_t,"AnalysisFlag::min, AnalysisFlag::max, AnalysisFlag::mean, AnalysisFlag::sparsity, AnalysisFlag::symmetry, AnalysisFlag::numDistinctApprox",4096,0.1,126997
CSRMatrix,int64_t,"AnalysisFlag::min, AnalysisFlag::max, AnalysisFlag::mean, AnalysisFlag::sparsity, AnalysisFlag::symmetry, AnalysisFlag::numDistinctApprox",4096,0.1,126717
CSRMatrix,int64_t,"AnalysisFlag::min, AnalysisFlag::max, AnalysisFlag::mean, AnalysisFlag::sparsity, AnalysisFlag::symmetry, AnalysisFlag::numDistinctApprox",4096,0.1,126811
CSRMatrix,int64_t,"AnalysisFlag::min, AnalysisFlag::max, AnalysisFlag::mean, AnalysisFlag::sparsity, AnalysisFlag::symmetry, AnalysisFlag::numDistinctApprox",4096,0.1,126273
CSRMatrix,double,"AnalysisFlag::min, AnalysisFlag::max, AnalysisFlag::mean, AnalysisFlag::sparsity, AnalysisFlag::symmetry, AnalysisFlag::numDistinctApprox",1024,0.2,27740
CSRMatrix,double,"AnalysisFlag::min, AnalysisFlag::max, AnalysisFlag::mean, AnalysisFlag::sparsity, AnalysisFlag::symmetry, AnalysisFlag::numDistinctApprox",1024,0.2,55459
CSRMatrix,double,"AnalysisFlag::min, AnalysisFlag::max, AnalysisFlag::mean, AnalysisFlag::sparsity, AnalysisFlag::symmetry, AnalysisFlag::numDistinctApprox",1024,0.2,43722
CSRMatrix,double,"AnalysisFlag::min, AnalysisFlag::max, AnalysisFlag::mean, AnalysisFlag::sparsity, AnalysisFlag::symmetry, AnalysisFlag::numDistinctApprox",1024,0.2,53752
CSRMatrix,double,"AnalysisFlag::min, AnalysisFlag::max, AnalysisFlag::mean, AnalysisFlag::sparsity, AnalysisFlag::symmetry, AnalysisFlag::numDistinctApprox",1024,0.2,42563
CSRMatrix,double,"AnalysisFlag::min, AnalysisFlag::max, AnalysisFlag::mean, AnalysisFlag::sparsity, AnalysisFlag::symmetry, AnalysisFlag::numDistinctApprox",1024,0.2,42827
CSRMatrix,double,"AnalysisFlag::min, AnalysisFlag::max, AnalysisFlag::mean, AnalysisFlag::sparsity, AnalysisFlag::symmetry, AnalysisFlag::numDistinctApprox",1024,0.2,52324
CSRMatrix,double,"AnalysisFlag::min, AnalysisFlag::max, AnalysisFlag::mean, AnalysisFlag::sparsity, AnalysisFlag::symmetry, AnalysisFlag::numDistinctApprox",1024,0.2,44526
CSRMatrix,double,"AnalysisFlag::min, AnalysisFlag::max, AnalysisFlag::mean, AnalysisFlag::sparsity, AnalysisFlag::symmetry, AnalysisFlag::numDistinctApprox",1024,0.2,52667
CSRMatrix,double,"AnalysisFlag::min, AnalysisFlag::max, AnalysisFlag::mean, AnalysisFlag::sparsity, AnalysisFlag::symmetry, AnalysisFlag::numDistinctApprox",1024,0.2,52777
CSRMatrix,double,"AnalysisFlag::min, AnalysisFlag::max, AnalysisFlag::mean, AnalysisFlag::sparsity, AnalysisFlag::symmetry, AnalysisFlag::numDistinctApprox",2048,0.2,40132
CSRMatrix,double,"AnalysisFlag::min, AnalysisFlag::max, AnalysisFlag::mean, AnalysisFlag::sparsity, AnalysisFlag::symmetry, AnalysisFlag::numDistinctApprox",2048,0.2,91923
CSRMatrix,double,"AnalysisFlag::min, AnalysisFlag::max, AnalysisFlag::mean, AnalysisFlag::sparsity, AnalysisFlag::symmetry, AnalysisFlag::numDistinctApprox",2048,0.2,89037
CSRMatrix,double,"AnalysisFlag::min, AnalysisFlag::max, AnalysisFlag::mean, AnalysisFlag::sparsity, AnalysisFlag::symmetry, AnalysisFlag::numDistinctApprox",2048,0.2,86970
CSRMatrix,double,"AnalysisFlag::min, AnalysisFlag::max, AnalysisFlag::mean, AnalysisFlag::sparsity, AnalysisFlag::symmetry, AnalysisFlag::numDistinctApprox",2048,0.2,88872
CSRMatrix,double,"AnalysisFlag::min, AnalysisFlag::max, AnalysisFlag::mean, AnalysisFlag::sparsity, AnalysisFlag::symmetry, AnalysisFlag::numDistinctApprox",2048,0.2,76261
CSRMatrix,double,"AnalysisFlag::min, AnalysisFlag::max, AnalysisFlag::mean, AnalysisFlag::sparsity, AnalysisFlag::symmetry, AnalysisFlag::numDistinctApprox",2048,0.2,86211
CSRMatrix,double,"AnalysisFlag::min, AnalysisFlag::max, AnalysisFlag::mean, AnalysisFlag::sparsity, AnalysisFlag::symmetry, AnalysisFlag::numDistinctApprox",2048,0.2,86871
CSRMatrix,double,"AnalysisFlag::min, AnalysisFlag::max, AnalysisFlag::mean, AnalysisFlag::sparsity, AnalysisFlag::symmetry, AnalysisFlag::numDistinctApprox",2048,0.2,85475
CSRMatrix,double,"AnalysisFlag::min, AnalysisFlag::max, AnalysisFlag::mean, AnalysisFlag::sparsity, AnalysisFlag::symmetry, AnalysisFlag::numDistinctApprox",2048,0.2,84850
CSRMatrix,double,"AnalysisFlag::min, AnalysisFlag::max, AnalysisFlag::mean, AnalysisFlag::sparsity, AnalysisFlag::symmetry, AnalysisFlag::numDistinctApprox",4096,0.2,61300
CSRMatrix,double,"AnalysisFlag::min, AnalysisFlag::max, AnalysisFlag::mean, AnalysisFlag::sparsity, AnalysisFlag::symmetry, AnalysisFlag::numDistinctApprox",4096,0.2,151225
CSRMatrix,double,"AnalysisFlag::min, AnalysisFlag::max, AnalysisFlag::mean, AnalysisFlag::sparsity, AnalysisFlag::symmetry, AnalysisFlag::numDistinctApprox",4096,0.2,152195
CSRMatrix,double,"AnalysisFlag::min, AnalysisFlag::max, AnalysisFlag::mean, AnalysisFlag::sparsity, AnalysisFlag::symmetry, AnalysisFlag::numDistinctApprox",4096,0.2,151232
CSRMatrix,double,"AnalysisFlag::min, AnalysisFlag::max, AnalysisFlag::mean, AnalysisFlag::sparsity, AnalysisFlag::symmetry, AnalysisFlag::numDistinctApprox",4096,0.2,150914
CSRMatrix,double,"AnalysisFlag::min, AnalysisFlag::max, AnalysisFlag::mean, AnalysisFlag::sparsity, AnalysisFlag::symmetry, AnalysisFlag::numDistinctApprox",4096,0.2,151224
CSRMatrix,double,"AnalysisFlag::min, AnalysisFlag::max, AnalysisFlag::mean, AnalysisFlag::sparsity, AnalysisFlag::symmetry, AnalysisFlag::numDistinctApprox",4096,0.2,151562
CSRMatrix,double,"AnalysisFlag::min, AnalysisFlag::max, AnalysisFlag::mean, AnalysisFlag::sparsity, AnalysisFlag::symmetry, AnalysisFlag::numDistinctApprox",4096,0.2,148568
CSRMatrix,double,"AnalysisFlag::min, AnalysisFlag::max, AnalysisFlag::mean, AnalysisFlag::sparsity, AnalysisFlag::symmetry, AnalysisFlag::numDistinctApprox",4096,0.2,148969
CSRMatrix,double,"AnalysisFlag::min, AnalysisFlag::max, AnalysisFlag::mean, AnalysisFlag::sparsity, AnalysisFlag::symmetry, AnalysisFlag::numDistinctApprox",4096,0.2,149555
CSRMatrix,int64_t,"AnalysisFlag::min, AnalysisFlag::max, AnalysisFlag::mean, AnalysisFlag::sparsity, AnalysisFlag::symmetry, AnalysisFlag::numDistinctApprox",1024,0.2,27927
CSRMatrix,int64_t,"AnalysisFlag::min, AnalysisFlag::max, AnalysisFlag::mean, AnalysisFlag::sparsity, AnalysisFlag::symmetry, AnalysisFlag::numDistinctApprox",1024,0.2,57105
CSRMatrix,int64_t,"AnalysisFlag::min, AnalysisFlag::max, AnalysisFlag::mean, AnalysisFlag::sparsity, AnalysisFlag::symmetry, AnalysisFlag::numDistinctApprox",1024,0.2,44066
CSRMatrix,int64_t,"AnalysisFlag::min, AnalysisFlag::max, AnalysisFlag::mean, AnalysisFlag::sparsity, AnalysisFlag::symmetry, AnalysisFlag::numDistinctApprox",1024,0.2,54220
CSRMatrix,int64_t,"AnalysisFlag::min, AnalysisFlag::max, AnalysisFlag::mean, AnalysisFlag::sparsity, AnalysisFlag::symmetry, AnalysisFlag::numDistinctApprox",1024,0.2,43315
CSRMatrix,int64_t,"AnalysisFlag::min, AnalysisFlag::max, AnalysisFlag::mean, AnalysisFlag::sparsity, AnalysisFlag::symmetry, AnalysisFlag::numDistinctApprox",1024,0.2,41873
CSRMatrix,int64_t,"AnalysisFlag::min, AnalysisFlag::max, AnalysisFlag::mean, AnalysisFlag::sparsity, AnalysisFlag::symmetry, AnalysisFlag::numDistinctApprox",1024,0.2,52799
CSRMatrix,int64_t,"AnalysisFlag::min, AnalysisFlag::max, AnalysisFlag::mean, AnalysisFlag::sparsity, AnalysisFlag::symmetry, AnalysisFlag::numDistinctApprox",1024,0.2,41141
CSRMatrix,int64_t,"AnalysisFlag::min, AnalysisFlag::max, AnalysisFlag::mean, AnalysisFlag::sparsity, AnalysisFlag::symmetry, AnalysisFlag::numDistinctApprox",1024,0.2,51045
CSRMatrix,int64_t,"AnalysisFlag::min, AnalysisFlag::max, AnalysisFlag::mean, AnalysisFlag::sparsity, AnalysisFlag::symmetry, AnalysisFlag::numDistinctApprox",1024,0.2,52300
CSRMatrix,int64_t,"AnalysisFlag::min, AnalysisFlag::max, AnalysisFlag::mean, AnalysisFlag::sparsity, AnalysisFlag::symmetry, AnalysisFlag::numDistinctApprox",2048,0.2,40132
CSRMatrix,int64_t,"AnalysisFlag::min, AnalysisFlag::max, AnalysisFlag::mean, AnalysisFlag::sparsity, AnalysisFlag::symmetry, AnalysisFlag::numDistinctApprox",2048,0.2,91709
CSRMatrix,int64_t,"AnalysisFlag::min, AnalysisFlag::max, AnalysisFlag::mean, AnalysisFlag::sparsity, AnalysisFlag::symmetry, AnalysisFlag::numDistinctApprox",2048,0.2,88023
CSRMatrix,int64_t,"AnalysisFlag::min, AnalysisFlag::max, AnalysisFlag::mean, AnalysisFlag::sparsity, AnalysisFlag::symmetry, AnalysisFlag::numDistinctApprox",2048,0.2,87109
CSRMatrix,int64_t,"AnalysisFlag::min, AnalysisFlag::max, AnalysisFlag::mean, AnalysisFlag::sparsity, AnalysisFlag::symmetry, AnalysisFlag::numDistinctApprox",2048,0.2,88327
CSRMatrix,int64_t,"AnalysisFlag::min, AnalysisFlag::max, AnalysisFlag::mean, AnalysisFlag::sparsity, AnalysisFlag::symmetry, AnalysisFlag::numDistinctApprox",2048,0.2,78346
CSRMatrix,int64_t,"AnalysisFlag::min, AnalysisFlag::max, AnalysisFlag::mean, AnalysisFlag::sparsity, AnalysisFlag::symmetry, AnalysisFlag::numDistinctApprox",2048,0.2,88714
CSRMatrix,int64_t,"AnalysisFlag::min, AnalysisFlag::max, AnalysisFlag::mean, AnalysisFlag::sparsity, AnalysisFlag::symmetry, AnalysisFlag::numDistinctApprox",2048,0.2,88877
CSRMatrix,int64_t,"AnalysisFlag::min, AnalysisFlag::max, AnalysisFlag::mean, AnalysisFlag::sparsity, AnalysisFlag::symmetry, AnalysisFlag::numDistinctApprox",2048,0.2,87629
CSRMatrix,int64_t,"AnalysisFlag::min, AnalysisFlag::max, AnalysisFlag::mean, AnalysisFlag::sparsity, AnalysisFlag::symmetry, AnalysisFlag::numDistinctApprox",2048,0.2,86590
CSRMatrix,int64_t,"AnalysisFlag::min, AnalysisFlag::max, AnalysisFlag::mean, AnalysisFlag::sparsity, AnalysisFlag::symmetry, AnalysisFlag::numDistinctApprox",4096,0.2,63145
CSRMatrix,int64_t,"AnalysisFlag::min, AnalysisFlag::max, AnalysisFlag::mean, AnalysisFlag::sparsity, AnalysisFlag::symmetry, AnalysisFlag::numDistinctApprox",4096,0.2,156166
CSRMatrix,int64_t,"AnalysisFlag::min, AnalysisFlag::max, AnalysisFlag::mean, AnalysisFlag::sparsity, AnalysisFlag::symmetry, AnalysisFlag::numDistinctApprox",4096,0.2,153472
CSRMatrix,int64_t,"AnalysisFlag::min, AnalysisFlag::max, AnalysisFlag::mean, AnalysisFlag::sparsity, AnalysisFlag::symmetry, AnalysisFlag::numDistinctApprox",4096,0.2,154862
CSRMatrix,int64_t,"AnalysisFlag::min, AnalysisFlag::max, AnalysisFlag::mean, AnalysisFlag::sparsity, AnalysisFlag::symmetry, AnalysisFlag::numDistinctApprox",4096,0.2,155474
CSRMatrix,int64_t,"AnalysisFlag::min, AnalysisFlag::max, AnalysisFlag::mean, AnalysisFlag::sparsity, AnalysisFlag::symmetry, AnalysisFlag::numDistinctApprox",4096,0.2,154424
CSRMatrix,int64_t,"AnalysisFlag::min, AnalysisFlag::max, AnalysisFlag::mean, AnalysisFlag::sparsity, AnalysisFlag::symmetry, AnalysisFlag::numDistinctApprox",4096,0.2,154552
CSRMatrix,int64_t,"AnalysisFlag::min, AnalysisFlag::max, AnalysisFlag::mean, AnalysisFlag::sparsity, AnalysisFlag::symmetry, AnalysisFlag::numDistinctApprox",4096,0.2,151183
CSRMatrix,int64_t,"AnalysisFlag::min, AnalysisFlag::max, AnalysisFlag::mean, AnalysisFlag::sparsity, AnalysisFlag::symmetry, AnalysisFlag::numDistinctApprox",4096,0.2,151835
CSRMatrix,int64_t,"AnalysisFlag::min, AnalysisFlag::max, AnalysisFlag::mean, AnalysisFlag::sparsity, AnalysisFlag::symmetry, AnalysisFlag::numDistinctApprox",4096,0.2,151912
CSRMatrix,double,"AnalysisFlag::min, AnalysisFlag::max, AnalysisFlag::mean, AnalysisFlag::sparsity, AnalysisFlag::symmetry, AnalysisFlag::numDistinctApprox",1024,0.25,28072
CSRMatrix,double,"AnalysisFlag::min, AnalysisFlag::max, AnalysisFlag::mean, AnalysisFlag::sparsity, AnalysisFlag::symmetry, AnalysisFlag::numDistinctApprox",1024,0.25,61906
CSRMatrix,double,"AnalysisFlag::min, AnalysisFlag::max, AnalysisFlag::mean, AnalysisFlag::sparsity, AnalysisFlag::symmetry, AnalysisFlag::numDistinctApprox",1024,0.25,49054
CSRMatrix,double,"AnalysisFlag::min, AnalysisFlag::max, AnalysisFlag::mean, AnalysisFlag::sparsity, AnalysisFlag::symmetry, AnalysisFlag::numDistinctApprox",1024,0.25,57646
CSRMatrix,double,"AnalysisFlag::min, AnalysisFlag::max, AnalysisFlag::mean, AnalysisFlag::sparsity, AnalysisFlag::symmetry, AnalysisFlag::numDistinctApprox",1024,0.25,47022
CSRMatrix,double,"AnalysisFlag::min, AnalysisFlag::max, AnalysisFlag::mean, AnalysisFlag::sparsity, AnalysisFlag::symmetry, AnalysisFlag::numDistinctApprox",1024,0.25,45711
CSRMatrix,double,"AnalysisFlag::min, AnalysisFlag::max, AnalysisFlag::mean, AnalysisFlag::sparsity, AnalysisFlag::symmetry, AnalysisFlag::numDistinctApprox",1024,0.25,56163
CSRMatrix,double,"AnalysisFlag::min, AnalysisFlag::max, AnalysisFlag::mean, AnalysisFlag::sparsity, AnalysisFlag::symmetry, AnalysisFlag::numDistinctApprox",1024,0.25,45636
CSRMatrix,double,"AnalysisFlag::min, AnalysisFlag::max, AnalysisFlag::mean, AnalysisFlag::sparsity, AnalysisFlag::symmetry, AnalysisFlag::numDistinctApprox",1024,0.25,56150
CSRMatrix,double,"AnalysisFlag::min, AnalysisFlag::max, AnalysisFlag::mean, AnalysisFlag::sparsity, AnalysisFlag::symmetry, AnalysisFlag::numDistinctApprox",1024,0.25,57319
CSRMatrix,double,"AnalysisFlag::min, AnalysisFlag::max, AnalysisFlag::mean, AnalysisFlag::sparsity, AnalysisFlag::symmetry, AnalysisFlag::numDistinctApprox",2048,0.25,39431
CSRMatrix,double,"AnalysisFlag::min, AnalysisFlag::max, AnalysisFlag::mean, AnalysisFlag::sparsity, AnalysisFlag::symmetry, AnalysisFlag::numDistinctApprox",2048,0.25,98008
CSRMatrix,double,"AnalysisFlag::min, AnalysisFlag::max, AnalysisFlag::mean, AnalysisFlag::sparsity, AnalysisFlag::symmetry, AnalysisFlag::numDistinctApprox",2048,0.25,95409
CSRMatrix,double,"AnalysisFlag::min, AnalysisFlag::max, AnalysisFlag::mean, AnalysisFlag::sparsity, AnalysisFlag::symmetry, AnalysisFlag::numDistinctApprox",2048,0.25,94465
CSRMatrix,double,"AnalysisFlag::min, AnalysisFlag::max, AnalysisFlag::mean, AnalysisFlag::sparsity, AnalysisFlag::symmetry, AnalysisFlag::numDistinctApprox",2048,0.25,93791
CSRMatrix,double,"AnalysisFlag::min, AnalysisFlag::max, AnalysisFlag::mean, AnalysisFlag::sparsity, AnalysisFlag::symmetry, AnalysisFlag::numDistinctApprox",2048,0.25,83482
CSRMatrix,double,"AnalysisFlag::min, AnalysisFlag::max, AnalysisFlag::mean, AnalysisFlag::sparsity, AnalysisFlag::symmetry, AnalysisFlag::numDistinctApprox",2048,0.25,96761
CSRMatrix,double,"AnalysisFlag::min, AnalysisFlag::max, AnalysisFlag::mean, AnalysisFlag::sparsity, AnalysisFlag::symmetry, AnalysisFlag::numDistinctApprox",2048,0.25,92476
CSRMatrix,double,"AnalysisFlag::min, AnalysisFlag::max, AnalysisFlag::mean, AnalysisFlag::sparsity, AnalysisFlag::symmetry, AnalysisFlag::numDistinctApprox",2048,0.25,92670
CSRMatrix,double,"AnalysisFlag::min, AnalysisFlag::max, AnalysisFlag::mean, AnalysisFlag::sparsity, AnalysisFlag::symmetry, AnalysisFlag::numDistinctApprox",2048,0.25,95486
CSRMatrix,double,"AnalysisFlag::min, AnalysisFlag::max, AnalysisFlag::mean, AnalysisFlag::sparsity, AnalysisFlag::symmetry, AnalysisFlag::numDistinctApprox",4096,0.25,61894
CSRMatrix,double,"AnalysisFlag::min, AnalysisFlag::max, AnalysisFlag::mean, AnalysisFlag::sparsity, AnalysisFlag::symmetry, AnalysisFlag::numDistinctApprox",4096,0.25,169106
CSRMatrix,double,"AnalysisFlag::min, AnalysisFlag::max, AnalysisFlag::mean, AnalysisFlag::sparsity, AnalysisFlag::symmetry, AnalysisFlag::numDistinctApprox",4096,0.25,164555
CSRMatrix,double,"AnalysisFlag::min, AnalysisFlag::max, AnalysisFlag::mean, AnalysisFlag::sparsity, AnalysisFlag::symmetry, AnalysisFlag::numDistinctApprox",4096,0.25,166854
CSRMatrix,double,"AnalysisFlag::min, AnalysisFlag::max, AnalysisFlag::mean, AnalysisFlag::sparsity, AnalysisFlag::symmetry, AnalysisFlag::numDistinctApprox",4096,0.25,164232
CSRMatrix,double,"AnalysisFlag::min, AnalysisFlag::max, AnalysisFlag::mean, AnalysisFlag::sparsity, AnalysisFlag::symmetry, AnalysisFlag::numDistinctApprox",4096,0.25,163271
CSRMatrix,double,"AnalysisFlag::min, AnalysisFlag::max, AnalysisFlag::mean, AnalysisFlag::sparsity, AnalysisFlag::symmetry, AnalysisFlag::numDistinctApprox",4096,0.25,172651
CSRMatrix,double,"AnalysisFlag::min, AnalysisFlag::max, AnalysisFlag::mean, AnalysisFlag::sparsity, AnalysisFlag::symmetry, AnalysisFlag::numDistinctApprox",4096,0.25,165795
CSRMatrix,double,"AnalysisFlag::min, AnalysisFlag::max, AnalysisFlag::mean, AnalysisFlag::sparsity, AnalysisFlag::symmetry, AnalysisFlag::numDistinctApprox",4096,0.25,165355
CSRMatrix,double,"AnalysisFlag::min, AnalysisFlag::max, AnalysisFlag::mean, AnalysisFlag::sparsity, AnalysisFlag::symmetry, AnalysisFlag::numDistinctApprox",4096,0.25,163029
CSRMatrix,int64_t,"AnalysisFlag::min, AnalysisFlag::max, AnalysisFlag::mean, AnalysisFlag::sparsity, AnalysisFlag::symmetry, AnalysisFlag::numDistinctApprox",1024,0.25,28779
CSRMatrix,int64_t,"AnalysisFlag::min, AnalysisFlag::max, AnalysisFlag::mean, AnalysisFlag::sparsity, AnalysisFlag::symmetry, AnalysisFlag::numDistinctApprox",1024,0.25,62764
CSRMatrix,int64_t,"AnalysisFlag::min, AnalysisFlag::max, AnalysisFlag::mean, AnalysisFlag::sparsity, AnalysisFlag::symmetry, AnalysisFlag::numDistinctApprox",1024,0.25,49978
CSRMatrix,int64_t,"AnalysisFlag::min, AnalysisFlag::max, AnalysisFlag::mean, AnalysisFlag::sparsity, AnalysisFlag::symmetry, AnalysisFlag::numDistinctApprox",1024,0.25,60882
CSRMatrix,int64_t,"AnalysisFlag::min, AnalysisFlag::max, AnalysisFlag::mean, AnalysisFlag::sparsity, AnalysisFlag::symmetry, AnalysisFlag::numDistinctApprox",1024,0.25,48742
CSRMatrix,int64_t,"AnalysisFlag::min, AnalysisFlag::max, AnalysisFlag::mean, AnalysisFlag::sparsity, AnalysisFlag::symmetry, AnalysisFlag::numDistinctApprox",1024,0.25,47201
CSRMatrix,int64_t,"AnalysisFlag::min, AnalysisFlag::max, AnalysisFlag::mean, AnalysisFlag::sparsity, AnalysisFlag::symmetry, AnalysisFlag::numDistinctApprox",1024,0.25,58774
CSRMatrix,int64_t,"AnalysisFlag::min, AnalysisFlag::max, AnalysisFlag::mean, AnalysisFlag::sparsity, AnalysisFlag::symmetry, AnalysisFlag::numDistinctApprox",1024,0.25,47387
CSRMatrix,int64_t,"AnalysisFlag::min, AnalysisFlag::max, AnalysisFlag::mean, AnalysisFlag::sparsity, AnalysisFlag::symmetry, AnalysisFlag::numDistinctApprox",1024,0.25,58944
CSRMatrix,int64_t,"AnalysisFlag::min, AnalysisFlag::max, AnalysisFlag::mean, AnalysisFlag::sparsity, AnalysisFlag::symmetry, AnalysisFlag::numDistinctApprox",1024,0.25,56669
CSRMatrix,int64_t,"AnalysisFlag::min, AnalysisFlag::max, AnalysisFlag::mean, AnalysisFlag::sparsity, AnalysisFlag::symmetry, AnalysisFlag::numDistinctApprox",2048,0.25,40538
CSRMatrix,int64_t,"AnalysisFlag::min, AnalysisFlag::max, AnalysisFlag::mean, AnalysisFlag::sparsity, AnalysisFlag::symmetry, AnalysisFlag::numDistinctApprox",2048,0.25,97604
CSRMatrix,int64_t,"AnalysisFlag::min, AnalysisFlag::max, AnalysisFlag::mean, AnalysisFlag::sparsity, AnalysisFlag::symmetry, AnalysisFlag::numDistinctApprox",2048,0.25,95344
CSRMatrix,int64_t,"AnalysisFlag::min, AnalysisFlag::max, AnalysisFlag::mean, AnalysisFlag::sparsity, AnalysisFlag::symmetry, AnalysisFlag::numDistinctApprox",2048,0.25,97480
CSRMatrix,int64_t,"AnalysisFlag::min, AnalysisFlag::max, AnalysisFlag::mean, AnalysisFlag::sparsity, AnalysisFlag::symmetry, AnalysisFlag::numDistinctApprox",2048,0.25,95684
CSRMatrix,int64_t,"AnalysisFlag::min, AnalysisFlag::max, AnalysisFlag::mean, AnalysisFlag::sparsity, AnalysisFlag::symmetry, AnalysisFlag::numDistinctApprox",2048,0.25,85271
CSRMatrix,int64_t,"AnalysisFlag::min, AnalysisFlag::max, AnalysisFlag::mean, AnalysisFlag::sparsity, AnalysisFlag::symmetry, AnalysisFlag::numDistinctApprox",2048,0.25,94270
CSRMatrix,int64_t,"AnalysisFlag::min, AnalysisFlag::max, AnalysisFlag::mean, AnalysisFlag::sparsity, AnalysisFlag::symmetry, AnalysisFlag::numDistinctApprox",2048,0.25,93603
CSRMatrix,int64_t,"AnalysisFlag::min, AnalysisFlag::max, AnalysisFlag::mean, AnalysisFlag::sparsity, AnalysisFlag::symmetry, AnalysisFlag::numDistinctApprox",2048,0.25,97593
CSRMatrix,int64_t,"AnalysisFlag::min, AnalysisFlag::max, AnalysisFlag::mean, AnalysisFlag::sparsity, AnalysisFlag::symmetry, AnalysisFlag::numDistinctApprox",2048,0.25,95926
CSRMatrix,int64_t,"AnalysisFlag::min, AnalysisFlag::max, AnalysisFlag::mean, AnalysisFlag::sparsity, AnalysisFlag::symmetry, AnalysisFlag::numDistinctApprox",4096,0.25,61373
CSRMatrix,int64_t,"AnalysisFlag::min, AnalysisFlag::max, AnalysisFlag::mean, AnalysisFlag::sparsity, AnalysisFlag::symmetry, AnalysisFlag::numDistinctApprox",4096,0.25,171893
CSRMatrix,int64_t,"AnalysisFlag::min, AnalysisFlag::max, AnalysisFlag::mean, AnalysisFlag::sparsity, AnalysisFlag::symmetry, AnalysisFlag::numDistinctApprox",4096,0.25,169421
CSRMatrix,int64_t,"AnalysisFlag::min, AnalysisFlag::max, AnalysisFlag::mean, AnalysisFlag::sparsity, AnalysisFlag::symmetry, AnalysisFlag::numDistinctApprox",4096,0.25,168506
CSRMatrix,int64_t,"AnalysisFlag::min, AnalysisFlag::max, AnalysisFlag::mean, AnalysisFlag::sparsity, AnalysisFlag::symmetry, AnalysisFlag::numDistinctApprox",4096,0.25,166637
CSRMatrix,int64_t,"AnalysisFlag::min, AnalysisFlag::max, AnalysisFlag::mean, AnalysisFlag::sparsity, AnalysisFlag::symmetry, AnalysisFlag::numDistinctApprox",4096,0.25,172684
CSRMatrix,int64_t,"AnalysisFlag::min, AnalysisFlag::max, AnalysisFlag::mean, AnalysisFlag::sparsity, AnalysisFlag::symmetry, AnalysisFlag::numDistinctApprox",4096,0.25,169460
CSRMatrix,int64_t,"AnalysisFlag::min, AnalysisFlag::max, AnalysisFlag::mean, AnalysisFlag::sparsity, AnalysisFlag::symmetry, AnalysisFlag::numDistinctApprox",4096,0.25,169458
CSRMatrix,int64_t,"AnalysisFlag::min, AnalysisFlag::max, AnalysisFlag::mean, AnalysisFlag::sparsity, AnalysisFlag::symmetry, AnalysisFlag::numDistinctApprox",4096,0.25,168634
CSRMatrix,int64_t,"AnalysisFlag::min, AnalysisFlag::max, AnalysisFlag::mean, AnalysisFlag::sparsity, AnalysisFlag::symmetry, AnalysisFlag::numDistinctApprox",4096,0.25,165448
CSRMatrix,double,"AnalysisFlag::min, AnalysisFlag::max, AnalysisFlag::mean, AnalysisFlag::sparsity, AnalysisFlag::symmetry, AnalysisFlag::numDistinctApprox",1024,1,29345
CSRMatrix,double,"AnalysisFlag::min, AnalysisFlag::max, AnalysisFlag::mean, AnalysisFlag::sparsity, AnalysisFlag::symmetry, AnalysisFlag::numDistinctApprox",1024,1,146866
CSRMatrix,double,"AnalysisFlag::min, AnalysisFlag::max, AnalysisFlag::mean, AnalysisFlag::sparsity, AnalysisFlag::symmetry, AnalysisFlag::numDistinctApprox",1024,1,149906
CSRMatrix,double,"AnalysisFlag::min, AnalysisFlag::max, AnalysisFlag::mean, AnalysisFlag::sparsity, AnalysisFlag::symmetry, AnalysisFlag::numDistinctApprox",1024,1,146224
CSRMatrix,double,"AnalysisFlag::min, AnalysisFlag::max, AnalysisFlag::mean, AnalysisFlag::sparsity, AnalysisFlag::symmetry, AnalysisFlag::numDistinctApprox",1024,1,142872
CSRMatrix,double,"AnalysisFlag::min, AnalysisFlag::max, AnalysisFlag::mean, AnalysisFlag::sparsity, AnalysisFlag::symmetry, AnalysisFlag::numDistinctApprox",1024,1,150678
CSRMatrix,double,"AnalysisFlag::min, AnalysisFlag::max, AnalysisFlag::mean, AnalysisFlag::sparsity, AnalysisFlag::symmetry, AnalysisFlag::numDistinctApprox",1024,1,152632
CSRMatrix,double,"AnalysisFlag::min, AnalysisFlag::max, AnalysisFlag::mean, AnalysisFlag::sparsity, AnalysisFlag::symmetry, AnalysisFlag::numDistinctApprox",1024,1,141228
CSRMatrix,double,"AnalysisFlag::min, AnalysisFlag::max, AnalysisFlag::mean, AnalysisFlag::sparsity, AnalysisFlag::symmetry, AnalysisFlag::numDistinctApprox",1024,1,145198
CSRMatrix,double,"AnalysisFlag::min, AnalysisFlag::max, AnalysisFlag::mean, AnalysisFlag::sparsity, AnalysisFlag::symmetry, AnalysisFlag::numDistinctApprox",1024,1,143843
CSRMatrix,double,"AnalysisFlag::min, AnalysisFlag::max, AnalysisFlag::mean, AnalysisFlag::sparsity, AnalysisFlag::symmetry, AnalysisFlag::numDistinctApprox",2048,1,40378
CSRMatrix,double,"AnalysisFlag::min, AnalysisFlag::max, AnalysisFlag::mean, AnalysisFlag::sparsity, AnalysisFlag::symmetry, AnalysisFlag::numDistinctApprox",2048,1,424146
CSRMatrix,double,"AnalysisFlag::min, AnalysisFlag::max, AnalysisFlag::mean, AnalysisFlag::sparsity, AnalysisFlag::symmetry, AnalysisFlag::numDistinctApprox",2048,1,438026
CSRMatrix,double,"AnalysisFlag::min, AnalysisFlag::max, AnalysisFlag::mean, AnalysisFlag::sparsity, AnalysisFlag::symmetry, AnalysisFlag::numDistinctApprox",2048,1,420943
CSRMatrix,double,"AnalysisFlag::min, AnalysisFlag::max, AnalysisFlag::mean, AnalysisFlag::sparsity, AnalysisFlag::symmetry, AnalysisFlag::numDistinctApprox",2048,1,419792
CSRMatrix,double,"AnalysisFlag::min, AnalysisFlag::max, AnalysisFlag::mean, AnalysisFlag::sparsity, AnalysisFlag::symmetry, AnalysisFlag::numDistinctApprox",2048,1,430175
CSRMatrix,double,"AnalysisFlag::min, AnalysisFlag::max, AnalysisFlag::mean, AnalysisFlag::sparsity, AnalysisFlag::symmetry, AnalysisFlag::numDistinctApprox",2048,1,429428
CSRMatrix,double,"AnalysisFlag::min, AnalysisFlag::max, AnalysisFlag::mean, AnalysisFlag::sparsity, AnalysisFlag::symmetry, AnalysisFlag::numDistinctApprox",2048,1,420821
CSRMatrix,double,"AnalysisFlag::min, AnalysisFlag::max, AnalysisFlag::mean, AnalysisFlag::sparsity, AnalysisFlag::symmetry, AnalysisFlag::numDistinctApprox",2048,1,440020
CSRMatrix,double,"AnalysisFlag::min, AnalysisFlag::max, AnalysisFlag::mean, AnalysisFlag::sparsity, AnalysisFlag::symmetry, AnalysisFlag::numDistinctApprox",2048,1,428291
CSRMatrix,double,"AnalysisFlag::min, AnalysisFlag::max, AnalysisFlag::mean, AnalysisFlag::sparsity, AnalysisFlag::symmetry, AnalysisFlag::numDistinctApprox",4096,1,61862
CSRMatrix,double,"AnalysisFlag::min, AnalysisFlag::max, AnalysisFlag::mean, AnalysisFlag::sparsity, AnalysisFlag::symmetry, AnalysisFlag::numDistinctApprox",4096,1,1.23561e+06
CSRMatrix,double,"AnalysisFlag::min, AnalysisFlag::max, AnalysisFlag::mean, AnalysisFlag::sparsity, AnalysisFlag::symmetry, AnalysisFlag::numDistinctApprox",4096,1,1.27256e+06
CSRMatrix,double,"AnalysisFlag::min, AnalysisFlag::max, AnalysisFlag::mean, AnalysisFlag::sparsity, AnalysisFlag::symmetry, AnalysisFlag::numDistinctApprox",4096,1,1.29581e+06
CSRMatrix,double,"AnalysisFlag::min, AnalysisFlag::max, AnalysisFlag::mean, AnalysisFlag::sparsity, AnalysisFlag::symmetry, AnalysisFlag::numDistinctApprox",4096,1,1.27353e+06
CSRMatrix,double,"AnalysisFlag::min, AnalysisFlag::max, AnalysisFlag::mean, AnalysisFlag::sparsity, AnalysisFlag::symmetry, AnalysisFlag::numDistinctApprox",4096,1,1.27321e+06
CSRMatrix,double,"AnalysisFlag::min, AnalysisFlag::max, AnalysisFlag::mean, AnalysisFlag::sparsity, AnalysisFlag::symmetry, AnalysisFlag::numDistinctApprox",4096,1,1.26203e+06
CSRMatrix,double,"AnalysisFlag::min, AnalysisFlag::max, AnalysisFlag::mean, AnalysisFlag::sparsity, AnalysisFlag::symmetry, AnalysisFlag::numDistinctApprox",4096,1,1.26599e+06
CSRMatrix,double,"AnalysisFlag::min, AnalysisFlag::max, AnalysisFlag::mean, AnalysisFlag::sparsity, AnalysisFlag::symmetry, AnalysisFlag::numDistinctApprox",4096,1,1.26892e+06
CSRMatrix,double,"AnalysisFlag::min, AnalysisFlag::max, AnalysisFlag::mean, AnalysisFlag::sparsity, AnalysisFlag::symmetry, AnalysisFlag::numDistinctApprox",4096,1,1.29017e+06
CSRMatrix,int64_t,"AnalysisFlag::min, AnalysisFlag::max, AnalysisFlag::mean, AnalysisFlag::sparsity, AnalysisFlag::symmetry, AnalysisFlag::numDistinctApprox",1024,1,29392
CSRMatrix,int64_t,"AnalysisFlag::min, AnalysisFlag::max, AnalysisFlag::mean, AnalysisFlag::sparsity, AnalysisFlag::symmetry, AnalysisFlag::numDistinctApprox",1024,1,148663
CSRMatrix,int64_t,"AnalysisFlag::min, AnalysisFlag::max, AnalysisFlag::mean, AnalysisFlag::sparsity, AnalysisFlag::symmetry, AnalysisFlag::numDistinctApprox",1024,1,149426
CSRMatrix,int64_t,"AnalysisFlag::min, AnalysisFlag::max, AnalysisFlag::mean, AnalysisFlag::sparsity, AnalysisFlag::symmetry, AnalysisFlag::numDistinctApprox",1024,1,144507
CSRMatrix,int64_t,"AnalysisFlag::min, AnalysisFlag::max, AnalysisFlag::mean, AnalysisFlag::sparsity, AnalysisFlag::symmetry, AnalysisFlag::numDistinctApprox",1024,1,146040
CSRMatrix,int64_t,"AnalysisFlag::min, AnalysisFlag::max, AnalysisFlag::mean, AnalysisFlag::sparsity, AnalysisFlag::symmetry, AnalysisFlag::numDistinctApprox",1024,1,146254
CSRMatrix,int64_t,"AnalysisFlag::min, AnalysisFlag::max, AnalysisFlag::mean, AnalysisFlag::sparsity, AnalysisFlag::symmetry, AnalysisFlag::numDistinctApprox",1024,1,147141
CSRMatrix,int64_t,"AnalysisFlag::min, AnalysisFlag::max, AnalysisFlag::mean, AnalysisFlag::sparsity, AnalysisFlag::symmetry, AnalysisFlag::numDistinctApprox",1024,1,142702
CSRMatrix,int64_t,"AnalysisFlag::min, AnalysisFlag::max, AnalysisFlag::mean, AnalysisFlag::sparsity, AnalysisFlag::symmetry, AnalysisFlag::numDistinctApprox",1024,1,145107
CSRMatrix,int64_t,"AnalysisFlag::min, AnalysisFlag::max, AnalysisFlag::mean, AnalysisFlag::sparsity, AnalysisFlag::symmetry, AnalysisFlag::numDistinctApprox",1024,1,145115
CSRMatrix,int64_t,"AnalysisFlag::min, AnalysisFlag::max, AnalysisFlag::mean, AnalysisFlag::sparsity, AnalysisFlag::symmetry, AnalysisFlag::numDistinctApprox",2048,1,42006
CSRMatrix,int64_t,"AnalysisFlag::min, AnalysisFlag::max, AnalysisFlag::mean, AnalysisFlag::sparsity, AnalysisFlag::symmetry, AnalysisFlag::numDistinctApprox",2048,1,417961
CSRMatrix,int64_t,"AnalysisFlag::min, AnalysisFlag::max, AnalysisFlag::mean, AnalysisFlag::sparsity, AnalysisFlag::symmetry, AnalysisFlag::numDistinctApprox",2048,1,425914
CSRMatrix,int64_t,"AnalysisFlag::min, AnalysisFlag::max, AnalysisFlag::mean, AnalysisFlag::sparsity, AnalysisFlag::symmetry, AnalysisFlag::numDistinctApprox",2048,1,418607
CSRMatrix,int64_t,"AnalysisFlag::min, AnalysisFlag::max, AnalysisFlag::mean, AnalysisFlag::sparsity, AnalysisFlag::symmetry, AnalysisFlag::numDistinctApprox",2048,1,415385
CSRMatrix,int64_t,"AnalysisFlag::min, AnalysisFlag::max, AnalysisFlag::mean, AnalysisFlag::sparsity, AnalysisFlag::symmetry, AnalysisFlag::numDistinctApprox",2048,1,428460
CSRMatrix,int64_t,"AnalysisFlag::min, AnalysisFlag::max, AnalysisFlag::mean, AnalysisFlag::sparsity, AnalysisFlag::symmetry, AnalysisFlag::numDistinctApprox",2048,1,413876
CSRMatrix,int64_t,"AnalysisFlag::min, AnalysisFlag::max, AnalysisFlag::mean, AnalysisFlag::sparsity, AnalysisFlag::symmetry, AnalysisFlag::numDistinctApprox",2048,1,418081
CSRMatrix,int64_t,"AnalysisFlag::min, AnalysisFlag::max, AnalysisFlag::mean, AnalysisFlag::sparsity, AnalysisFlag::symmetry, AnalysisFlag::numDistinctApprox",2048,1,419273
CSRMatrix,int64_t,"AnalysisFlag::min, AnalysisFlag::max, AnalysisFlag::mean, AnalysisFlag::sparsity, AnalysisFlag::symmetry, AnalysisFlag::numDistinctApprox",2048,1,422392
CSRMatrix,int64_t,"AnalysisFlag::min, AnalysisFlag::max, AnalysisFlag::mean, AnalysisFlag::sparsity, AnalysisFlag::symmetry, AnalysisFlag::numDistinctApprox",4096,1,62892
CSRMatrix,int64_t,"AnalysisFlag::min, AnalysisFlag::max, AnalysisFlag::mean, AnalysisFlag::sparsity, AnalysisFlag::symmetry, AnalysisFlag::numDistinctApprox",4096,1,1.23834e+06
CSRMatrix,int64_t,"AnalysisFlag::min, AnalysisFlag::max, AnalysisFlag::mean, AnalysisFlag::sparsity, AnalysisFlag::symmetry, AnalysisFlag::numDistinctApprox",4096,1,1.24757e+06
CSRMatrix,int64_t,"AnalysisFlag::min, AnalysisFlag::max, AnalysisFlag::mean, AnalysisFlag::sparsity, AnalysisFlag::symmetry, AnalysisFlag::numDistinctApprox",4096,1,1.27268e+06
CSRMatrix,int64_t,"AnalysisFlag::min, AnalysisFlag::max, AnalysisFlag::mean, AnalysisFlag::sparsity, AnalysisFlag::symmetry, AnalysisFlag::numDistinctApprox",4096,1,1.25096e+06
CSRMatrix,int64_t,"AnalysisFlag::min, AnalysisFlag::max, AnalysisFlag::mean, AnalysisFlag::sparsity, AnalysisFlag::symmetry, AnalysisFlag::numDistinctApprox",4096,1,1.24498e+06
CSRMatrix,int64_t,"AnalysisFlag::min, AnalysisFlag::max, AnalysisFlag::mean, AnalysisFlag::sparsity, AnalysisFlag::symmetry, AnalysisFlag::numDistinctApprox",4096,1,1.22866e+06
CSRMatrix,int64_t,"AnalysisFlag::min, AnalysisFlag::max, AnalysisFlag::mean, AnalysisFlag::sparsity, AnalysisFlag::symmetry, AnalysisFlag::numDistinctApprox",4096,1,1.23304e+06
CSRMatrix,int64_t,"AnalysisFlag::min, AnalysisFlag::max, AnalysisFlag::mean, AnalysisFlag::sparsity, AnalysisFlag::symmetry, AnalysisFlag::numDistinctApprox",4096,1,1.23176e+06
CSRMatrix,int64_t,"AnalysisFlag::min, AnalysisFlag::max, AnalysisFlag::mean, AnalysisFlag::sparsity, AnalysisFlag::symmetry, AnalysisFlag::numDistinctApprox",4096,1,1.26113e+06
