op,element_type,analysis,n,sparsity,time_ns
ADD,double,"AnalysisFlag::min",1024,0.001,12130
ADD,double,"AnalysisFlag::min",1024,0.001,20198
ADD,double,"AnalysisFlag::min",1024,0.001,19716
ADD,double,"AnalysisFlag::min",1024,0.001,19438
ADD,double,"AnalysisFlag::min",1024,0.001,19077
ADD,double,"AnalysisFlag::min",1024,0.001,19349
ADD,double,"AnalysisFlag::min",1024,0.001,19165
ADD,double,"AnalysisFlag::min",1024,0.001,19953
ADD,double,"AnalysisFlag::min",1024,0.001,18967
ADD,double,"AnalysisFlag::min",1024,0.001,18957
ADD,double,"AnalysisFlag::min",2048,0.001,27431
ADD,double,"AnalysisFlag::min",2048,0.001,54950
ADD,double,"AnalysisFlag::min",2048,0.001,53539
ADD,double,"AnalysisFlag::min",2048,0.001,53308
ADD,double,"AnalysisFlag::min",2048,0.001,52804
ADD,double,"AnalysisFlag::min",2048,0.001,52792
ADD,double,"AnalysisFlag::min",2048,0.001,50689
ADD,double,"AnalysisFlag::min",2048,0.001,51191
ADD,double,"AnalysisFlag::min",2048,0.001,51753
ADD,double,"AnalysisFlag::min",2048,0.001,50997
ADD,double,"AnalysisFlag::min",4096,0.001,74037
ADD,double,"AnalysisFlag::min",4096,0.001,170633
ADD,double,"AnalysisFlag::min",4096,0.001,169197
ADD,double,"AnalysisFlag::min",4096,0.001,166062
ADD,double,"AnalysisFlag::min",4096,0.001,166459
ADD,double,"AnalysisFlag::min",4096,0.001,166019
ADD,double,"AnalysisFlag::min",4096,0.001,166028
ADD,double,"AnalysisFlag::min",4096,0.001,167149
ADD,double,"AnalysisFlag::min",4096,0.001,164705
ADD,double,"AnalysisFlag::min",4096,0.001,163677
ADD,int64_t,"AnalysisFlag::min",1024,0.001,11218
ADD,int64_t,"AnalysisFlag::min",1024,0.001,19469
ADD,int64_t,"AnalysisFlag::min",1024,0.001,18953
ADD,int64_t,"AnalysisFlag::min",1024,0.001,18852
ADD,int64_t,"AnalysisFlag::min",1024,0.001,20396
ADD,int64_t,"AnalysisFlag::min",1024,0.001,18482
ADD,int64_t,"AnalysisFlag::min",1024,0.001,18553
ADD,int64_t,"AnalysisFlag::min",1024,0.001,18751
ADD,int64_t,"AnalysisFlag::min",1024,0.001,18709
ADD,int64_t,"AnalysisFlag::min",1024,0.001,19029
ADD,int64_t,"AnalysisFlag::min",2048,0.001,27934
ADD,int64_t,"AnalysisFlag::min",2048,0.001,56771
ADD,int64_t,"AnalysisFlag::min",2048,0.001,54849
ADD,int64_t,"AnalysisFlag::min",2048,0.001,57352
ADD,int64_t,"AnalysisFlag::min",2048,0.001,54793
ADD,int64_t,"AnalysisFlag::min",2048,0.001,55879
ADD,int64_t,"AnalysisFlag::min",2048,0.001,55507
ADD,int64_t,"AnalysisFlag::min",2048,0.001,54825
ADD,int64_t,"AnalysisFlag::min",2048,0.001,55140
ADD,int64_t,"AnalysisFlag::min",2048,0.001,55232
ADD,int64_t,"AnalysisFlag::min",4096,0.001,69930
ADD,int64_t,"AnalysisFlag::min",4096,0.001,195599
ADD,int64_t,"AnalysisFlag::min",4096,0.001,192892
ADD,int64_t,"AnalysisFlag::min",4096,0.001,192002
ADD,int64_t,"AnalysisFlag::min",4096,0.001,192343
ADD,int64_t,"AnalysisFlag::min",4096,0.001,194930
ADD,int64_t,"AnalysisFlag::min",4096,0.001,192035
ADD,int64_t,"AnalysisFlag::min",4096,0.001,192084
ADD,int64_t,"AnalysisFlag::min",4096,0.001,192597
ADD,int64_t,"AnalysisFlag::min",4096,0.001,191536
ADD,double,"AnalysisFlag::min",1024,0.01,29196
ADD,double,"AnalysisFlag::min",1024,0.01,93535
ADD,double,"AnalysisFlag::min",1024,0.01,92811
ADD,double,"AnalysisFlag::min",1024,0.01,92372
ADD,double,"AnalysisFlag::min",1024,0.01,93792
ADD,double,"AnalysisFlag::min",1024,0.01,94211
ADD,double,"AnalysisFlag::min",1024,0.01,93427
ADD,double,"AnalysisFlag::min",1024,0.01,93832
ADD,double,"AnalysisFlag::min",1024,0.01,93252
ADD,double,"AnalysisFlag::min",1024,0.01,94487
ADD,double,"AnalysisFlag::min",2048,0.01,97955
ADD,double,"AnalysisFlag::min",2048,0.01,364161
ADD,double,"AnalysisFlag::min",2048,0.01,359121
ADD,double,"AnalysisFlag::min",2048,0.01,359163
ADD,double,"AnalysisFlag::min",2048,0.01,362051
ADD,double,"AnalysisFlag::min",2048,0.01,362196
ADD,double,"AnalysisFlag::min",2048,0.01,360438
ADD,double,"AnalysisFlag::min",2048,0.01,358533
ADD,double,"AnalysisFlag::min",2048,0.01,358964
ADD,double,"AnalysisFlag::min",2048,0.01,362259
ADD,double,"AnalysisFlag::min",4096,0.01,426693
ADD,double,"AnalysisFlag::min",4096,0.01,1.44158e+06
ADD,double,"AnalysisFlag::min",4096,0.01,1.40106e+06
ADD,double,"AnalysisFlag::min",4096,0.01,1.40241e+06
ADD,double,"AnalysisFlag::min",4096,0.01,1.40378e+06
ADD,double,"AnalysisFlag::min",4096,0.01,1.4047e+06
ADD,double,"AnalysisFlag::min",4096,0.01,1.41347e+06
ADD,double,"AnalysisFlag::min",4096,0.01,1.42018e+06
ADD,double,"AnalysisFlag::min",4096,0.01,1.40484e+06
ADD,double,"AnalysisFlag::min",4096,0.01,1.45196e+06
ADD,int64_t,"AnalysisFlag::min",1024,0.01,31266
ADD,int64_t,"AnalysisFlag::min",1024,0.01,114837
ADD,int64_t,"AnalysisFlag::min",1024,0.01,115573
ADD,int64_t,"AnalysisFlag::min",1024,0.01,114765
ADD,int64_t,"AnalysisFlag::min",1024,0.01,113607
ADD,int64_t,"AnalysisFlag::min",1024,0.01,116629
ADD,int64_t,"AnalysisFlag::min",1024,0.01,113753
ADD,int64_t,"AnalysisFlag::min",1024,0.01,115989
ADD,int64_t,"AnalysisFlag::min",1024,0.01,116827
ADD,int64_t,"AnalysisFlag::min",1024,0.01,114225
ADD,int64_t,"AnalysisFlag::min",2048,0.01,97126
ADD,int64_t,"AnalysisFlag::min",2048,0.01,457745
ADD,int64_t,"AnalysisFlag::min",2048,0.01,454577
ADD,int64_t,"AnalysisFlag::min",2048,0.01,453340
ADD,int64_t,"AnalysisFlag::min",2048,0.01,451348
ADD,int64_t,"AnalysisFlag::min",2048,0.01,454565
ADD,int64_t,"AnalysisFlag::min",2048,0.01,454685
ADD,int64_t,"AnalysisFlag::min",2048,0.01,455681
ADD,int64_t,"AnalysisFlag::min",2048,0.01,453313
ADD,int64_t,"AnalysisFlag::min",2048,0.01,447078
ADD,int64_t,"AnalysisFlag::min",4096,0.01,365547
ADD,int64_t,"AnalysisFlag::min",4096,0.01,1.81228e+06
ADD,int64_t,"AnalysisFlag::min",4096,0.01,1.83467e+06
ADD,int64_t,"AnalysisFlag::min",4096,0.01,1.83216e+06
ADD,int64_t,"AnalysisFlag::min",4096,0.01,1.80851e+06
ADD,int64_t,"AnalysisFlag::min",4096,0.01,1.79149e+06
ADD,int64_t,"AnalysisFlag::min",4096,0.01,1.82032e+06
ADD,int64_t,"AnalysisFlag::min",4096,0.01,1.78228e+06
ADD,int64_t,"AnalysisFlag::min",4096,0.01,1.78719e+06
ADD,int64_t,"AnalysisFlag::min",4096,0.01,1.83218e+06
ADD,double,"AnalysisFlag::min",1024,0.05,121838
ADD,double,"AnalysisFlag::min",1024,0.05,478737
ADD,double,"AnalysisFlag::min",1024,0.05,462824
ADD,double,"AnalysisFlag::min",1024,0.05,440530
ADD,double,"AnalysisFlag::min",1024,0.05,477877
ADD,double,"AnalysisFlag::min",1024,0.05,439872
ADD,double,"AnalysisFlag::min",1024,0.05,437250
ADD,double,"AnalysisFlag::min",1024,0.05,443182
ADD,double,"AnalysisFlag::min",1024,0.05,441643
ADD,double,"AnalysisFlag::min",1024,0.05,437855
ADD,double,"AnalysisFlag::min",2048,0.05,525285
ADD,double,"AnalysisFlag::min",2048,0.05,1.73304e+06
ADD,double,"AnalysisFlag::min",2048,0.05,1.76688e+06
ADD,double,"AnalysisFlag::min",2048,0.05,1.74664e+06
ADD,double,"AnalysisFlag::min",2048,0.05,1.78431e+06
ADD,double,"AnalysisFlag::min",2048,0.05,1.76657e+06
ADD,double,"AnalysisFlag::min",2048,0.05,1.72548e+06
ADD,double,"AnalysisFlag::min",2048,0.05,1.76904e+06
ADD,double,"AnalysisFlag::min",2048,0.05,1.75921e+06
ADD,double,"AnalysisFlag::min",2048,0.05,1.77282e+06
ADD,double,"AnalysisFlag::min",4096,0.05,4.91764e+06
ADD,double,"AnalysisFlag::min",4096,0.05,1.29934e+07
ADD,double,"AnalysisFlag::min",4096,0.05,1.30195e+07
ADD,double,"AnalysisFlag::min",4096,0.05,1.29703e+07
ADD,double,"AnalysisFlag::min",4096,0.05,1.30235e+07
ADD,double,"AnalysisFlag::min",4096,0.05,1.30175e+07
ADD,double,"AnalysisFlag::min",4096,0.05,1.30372e+07
ADD,double,"AnalysisFlag::min",4096,0.05,1.30186e+07
ADD,double,"AnalysisFlag::min",4096,0.05,1.30172e+07
ADD,double,"AnalysisFlag::min",4096,0.05,1.30191e+07
ADD,int64_t,"AnalysisFlag::min",1024,0.05,248700
ADD,int64_t,"AnalysisFlag::min",1024,0.05,732662
ADD,int64_t,"AnalysisFlag::min",1024,0.05,561915
ADD,int64_t,"AnalysisFlag::min",1024,0.05,557899
ADD,int64_t,"AnalysisFlag::min",1024,0.05,560240
ADD,int64_t,"AnalysisFlag::min",1024,0.05,559024
ADD,int64_t,"AnalysisFlag::min",1024,0.05,553772
ADD,int64_t,"AnalysisFlag::min",1024,0.05,584996
ADD,int64_t,"AnalysisFlag::min",1024,0.05,559616
ADD,int64_t,"AnalysisFlag::min",1024,0.05,556226
ADD,int64_t,"AnalysisFlag::min",2048,0.05,1.10629e+06
ADD,int64_t,"AnalysisFlag::min",2048,0.05,2.94033e+06
ADD,int64_t,"AnalysisFlag::min",2048,0.05,2.24506e+06
ADD,int64_t,"AnalysisFlag::min",2048,0.05,2.26809e+06
ADD,int64_t,"AnalysisFlag::min",2048,0.05,2.22887e+06
ADD,int64_t,"AnalysisFlag::min",2048,0.05,2.23504e+06
ADD,int64_t,"AnalysisFlag::min",2048,0.05,2.24493e+06
ADD,int64_t,"AnalysisFlag::min",2048,0.05,2.27409e+06
ADD,int64_t,"AnalysisFlag::min",2048,0.05,2.24962e+06
ADD,int64_t,"AnalysisFlag::min",2048,0.05,2.22156e+06
ADD,int64_t,"AnalysisFlag::min",4096,0.05,4.4326e+06
ADD,int64_t,"AnalysisFlag::min",4096,0.05,1.50027e+07
ADD,int64_t,"AnalysisFlag::min",4096,0.05,1.50268e+07
ADD,int64_t,"AnalysisFlag::min",4096,0.05,1.50197e+07
ADD,int64_t,"AnalysisFlag::min",4096,0.05,1.49803e+07
ADD,int64_t,"AnalysisFlag::min",4096,0.05,1.50183e+07
ADD,int64_t,"AnalysisFlag::min",4096,0.05,1.49688e+07
ADD,int64_t,"AnalysisFlag::min",4096,0.05,1.50335e+07
ADD,int64_t,"AnalysisFlag::min",4096,0.05,1.50102e+07
ADD,int64_t,"AnalysisFlag::min",4096,0.05,1.49729e+07
ADD,double,"AnalysisFlag::min",1024,0.1,613947
ADD,double,"AnalysisFlag::min",1024,0.1,1.25172e+06
ADD,double,"AnalysisFlag::min",1024,0.1,891539
ADD,double,"AnalysisFlag::min",1024,0.1,904526
ADD,double,"AnalysisFlag::min",1024,0.1,914474
ADD,double,"AnalysisFlag::min",1024,0.1,915082
ADD,double,"AnalysisFlag::min",1024,0.1,869825
ADD,double,"AnalysisFlag::min",1024,0.1,863382
ADD,double,"AnalysisFlag::min",1024,0.1,868970
ADD,double,"AnalysisFlag::min",1024,0.1,913937
ADD,double,"AnalysisFlag::min",2048,0.1,2.48402e+06
ADD,double,"AnalysisFlag::min",2048,0.1,4.88631e+06
ADD,double,"AnalysisFlag::min",2048,0.1,3.52798e+06
ADD,double,"AnalysisFlag::min",2048,0.1,3.5101e+06
ADD,double,"AnalysisFlag::min",2048,0.1,3.5007e+06
ADD,double,"AnalysisFlag::min",2048,0.1,3.52878e+06
ADD,double,"AnalysisFlag::min",2048,0.1,3.48867e+06
ADD,double,"AnalysisFlag::min",2048,0.1,3.51277e+06
ADD,double,"AnalysisFlag::min",2048,0.1,3.52023e+06
ADD,double,"AnalysisFlag::min",2048,0.1,3.52151e+06
ADD,double,"AnalysisFlag::min",4096,0.1,9.7698e+06
ADD,double,"AnalysisFlag::min",4096,0.1,2.5617e+07
ADD,double,"AnalysisFlag::min",4096,0.1,2.57089e+07
ADD,double,"AnalysisFlag::min",4096,0.1,2.56527e+07
ADD,double,"AnalysisFlag::min",4096,0.1,2.56486e+07
ADD,double,"AnalysisFlag::min",4096,0.1,2.5744e+07
ADD,double,"AnalysisFlag::min",4096,0.1,2.57415e+07
ADD,double,"AnalysisFlag::min",4096,0.1,2.57862e+07
ADD,double,"AnalysisFlag::min",4096,0.1,2.56945e+07
ADD,double,"AnalysisFlag::min",4096,0.1,2.56799e+07
ADD,int64_t,"AnalysisFlag::min",1024,0.1,575095
ADD,int64_t,"AnalysisFlag::min",1024,0.1,1.50271e+06
ADD,int64_t,"AnalysisFlag::min",1024,0.1,1.1304e+06
ADD,int64_t,"AnalysisFlag::min",1024,0.1,1.13163e+06
ADD,int64_t,"AnalysisFlag::min",1024,0.1,1.10235e+06
ADD,int64_t,"AnalysisFlag::min",1024,0.1,1.125e+06
ADD,int64_t,"AnalysisFlag::min",1024,0.1,1.09753e+06
ADD,int64_t,"AnalysisFlag::min",1024,0.1,1.11854e+06
ADD,int64_t,"AnalysisFlag::min",1024,0.1,1.10466e+06
ADD,int64_t,"AnalysisFlag::min",1024,0.1,1.1037e+06
ADD,int64_t,"AnalysisFlag::min",2048,0.1,2.24582e+06
ADD,int64_t,"AnalysisFlag::min",2048,0.1,5.87052e+06
ADD,int64_t,"AnalysisFlag::min",2048,0.1,4.47017e+06
ADD,int64_t,"AnalysisFlag::min",2048,0.1,4.46297e+06
ADD,int64_t,"AnalysisFlag::min",2048,0.1,4.41126e+06
ADD,int64_t,"AnalysisFlag::min",2048,0.1,4.48172e+06
ADD,int64_t,"AnalysisFlag::min",2048,0.1,4.45033e+06
ADD,int64_t,"AnalysisFlag::min",2048,0.1,4.47786e+06
ADD,int64_t,"AnalysisFlag::min",2048,0.1,4.46161e+06
ADD,int64_t,"AnalysisFlag::min",2048,0.1,4.47789e+06
ADD,int64_t,"AnalysisFlag::min",4096,0.1,8.81511e+06
ADD,int64_t,"AnalysisFlag::min",4096,0.1,3.04177e+07
ADD,int64_t,"AnalysisFlag::min",4096,0.1,2.95976e+07
ADD,int64_t,"AnalysisFlag::min",4096,0.1,3.00196e+07
ADD,int64_t,"AnalysisFlag::min",4096,0.1,2.95732e+07
ADD,int64_t,"AnalysisFlag::min",4096,0.1,2.9586e+07
ADD,int64_t,"AnalysisFlag::min",4096,0.1,2.97133e+07
ADD,int64_t,"AnalysisFlag::min",4096,0.1,2.95689e+07
ADD,int64_t,"AnalysisFlag::min",4096,0.1,2.95838e+07
ADD,int64_t,"AnalysisFlag::min",4096,0.1,2.99898e+07
ADD,double,"AnalysisFlag::min",1024,0.2,1.26798e+06
ADD,double,"AnalysisFlag::min",1024,0.2,2.39651e+06
ADD,double,"AnalysisFlag::min",1024,0.2,1.75255e+06
ADD,double,"AnalysisFlag::min",1024,0.2,1.76285e+06
ADD,double,"AnalysisFlag::min",1024,0.2,1.77384e+06
ADD,double,"AnalysisFlag::min",1024,0.2,1.76433e+06
ADD,double,"AnalysisFlag::min",1024,0.2,1.75513e+06
ADD,double,"AnalysisFlag::min",1024,0.2,1.7646e+06
ADD,double,"AnalysisFlag::min",1024,0.2,1.74868e+06
ADD,double,"AnalysisFlag::min",1024,0.2,1.76353e+06
ADD,double,"AnalysisFlag::min",2048,0.2,4.9365e+06
ADD,double,"AnalysisFlag::min",2048,0.2,1.25367e+07
ADD,double,"AnalysisFlag::min",2048,0.2,1.25583e+07
ADD,double,"AnalysisFlag::min",2048,0.2,1.25062e+07
ADD,double,"AnalysisFlag::min",2048,0.2,1.25932e+07
ADD,double,"AnalysisFlag::min",2048,0.2,1.25082e+07
ADD,double,"AnalysisFlag::min",2048,0.2,1.25507e+07
ADD,double,"AnalysisFlag::min",2048,0.2,1.26247e+07
ADD,double,"AnalysisFlag::min",2048,0.2,1.25554e+07
ADD,double,"AnalysisFlag::min",2048,0.2,1.25064e+07
ADD,double,"AnalysisFlag::min",4096,0.2,2.10967e+07
ADD,double,"AnalysisFlag::min",4096,0.2,5.19534e+07
ADD,double,"AnalysisFlag::min",4096,0.2,5.11272e+07
ADD,double,"AnalysisFlag::min",4096,0.2,5.08707e+07
ADD,double,"AnalysisFlag::min",4096,0.2,4.99594e+07
ADD,double,"AnalysisFlag::min",4096,0.2,5.0734e+07
ADD,double,"AnalysisFlag::min",4096,0.2,5.08108e+07
ADD,double,"AnalysisFlag::min",4096,0.2,5.08244e+07
ADD,double,"AnalysisFlag::min",4096,0.2,5.01326e+07
ADD,double,"AnalysisFlag::min",4096,0.2,5.07466e+07
ADD,int64_t,"AnalysisFlag::min",1024,0.2,1.10003e+06
ADD,int64_t,"AnalysisFlag::min",1024,0.2,2.78655e+06
ADD,int64_t,"AnalysisFlag::min",1024,0.2,2.18791e+06
ADD,int64_t,"AnalysisFlag::min",1024,0.2,2.19948e+06
ADD,int64_t,"AnalysisFlag::min",1024,0.2,2.21849e+06
ADD,int64_t,"AnalysisFlag::min",1024,0.2,2.2266e+06
ADD,int64_t,"AnalysisFlag::min",1024,0.2,2.21914e+06
ADD,int64_t,"AnalysisFlag::min",1024,0.2,2.21428e+06
ADD,int64_t,"AnalysisFlag::min",1024,0.2,2.20352e+06
ADD,int64_t,"AnalysisFlag::min",1024,0.2,2.20505e+06
ADD,int64_t,"AnalysisFlag::min",2048,0.2,4.42854e+06
ADD,int64_t,"AnalysisFlag::min",2048,0.2,1.42811e+07
ADD,int64_t,"AnalysisFlag::min",2048,0.2,1.43341e+07
ADD,int64_t,"AnalysisFlag::min",2048,0.2,1.43492e+07
ADD,int64_t,"AnalysisFlag::min",2048,0.2,1.43258e+07
ADD,int64_t,"AnalysisFlag::min",2048,0.2,1.43012e+07
ADD,int64_t,"AnalysisFlag::min",2048,0.2,1.43205e+07
ADD,int64_t,"AnalysisFlag::min",2048,0.2,1.43153e+07
ADD,int64_t,"AnalysisFlag::min",2048,0.2,1.43561e+07
ADD,int64_t,"AnalysisFlag::min",2048,0.2,1.43204e+07
ADD,int64_t,"AnalysisFlag::min",4096,0.2,1.78703e+07
ADD,int64_t,"AnalysisFlag::min",4096,0.2,6.00568e+07
ADD,int64_t,"AnalysisFlag::min",4096,0.2,5.74779e+07
ADD,int64_t,"AnalysisFlag::min",4096,0.2,5.81091e+07
ADD,int64_t,"AnalysisFlag::min",4096,0.2,5.82683e+07
ADD,int64_t,"AnalysisFlag::min",4096,0.2,5.81448e+07
ADD,int64_t,"AnalysisFlag::min",4096,0.2,5.75169e+07
ADD,int64_t,"AnalysisFlag::min",4096,0.2,5.81259e+07
ADD,int64_t,"AnalysisFlag::min",4096,0.2,5.81964e+07
ADD,int64_t,"AnalysisFlag::min",4096,0.2,5.81833e+07
ADD,double,"AnalysisFlag::min",1024,0.25,4.28753e+06
ADD,double,"AnalysisFlag::min",1024,0.25,2.38876e+06
ADD,double,"AnalysisFlag::min",1024,0.25,2.38533e+06
ADD,double,"AnalysisFlag::min",1024,0.25,2.38451e+06
ADD,double,"AnalysisFlag::min",1024,0.25,2.38505e+06
ADD,double,"AnalysisFlag::min",1024,0.25,2.38461e+06
ADD,double,"AnalysisFlag::min",1024,0.25,2.38724e+06
ADD,double,"AnalysisFlag::min",1024,0.25,2.38607e+06
ADD,double,"AnalysisFlag::min",1024,0.25,2.38477e+06
ADD,double,"AnalysisFlag::min",1024,0.25,2.38395e+06
ADD,double,"AnalysisFlag::min",2048,0.25,1.69062e+07
ADD,double,"AnalysisFlag::min",2048,0.25,1.68865e+07
ADD,double,"AnalysisFlag::min",2048,0.25,1.69024e+07
ADD,double,"AnalysisFlag::min",2048,0.25,1.68966e+07
ADD,double,"AnalysisFlag::min",2048,0.25,1.68845e+07
ADD,double,"AnalysisFlag::min",2048,0.25,1.69165e+07
ADD,double,"AnalysisFlag::min",2048,0.25,1.69053e+07
ADD,double,"AnalysisFlag::min",2048,0.25,1.6875e+07
ADD,double,"AnalysisFlag::min",2048,0.25,1.6903e+07
ADD,double,"AnalysisFlag::min",2048,0.25,1.69043e+07
ADD,double,"AnalysisFlag::min",4096,0.25,7.22015e+07
ADD,double,"AnalysisFlag::min",4096,0.25,6.7973e+07
ADD,double,"AnalysisFlag::min",4096,0.25,6.90526e+07
ADD,double,"AnalysisFlag::min",4096,0.25,6.91146e+07
ADD,double,"AnalysisFlag::min",4096,0.25,6.77217e+07
ADD,double,"AnalysisFlag::min",4096,0.25,6.91583e+07
ADD,double,"AnalysisFlag::min",4096,0.25,6.91174e+07
ADD,double,"AnalysisFlag::min",4096,0.25,6.77064e+07
ADD,double,"AnalysisFlag::min",4096,0.25,6.91777e+07
ADD,double,"AnalysisFlag::min",4096,0.25,6.91823e+07
ADD,int64_t,"AnalysisFlag::min",1024,0.25,980991
ADD,int64_t,"AnalysisFlag::min",1024,0.25,952841
ADD,int64_t,"AnalysisFlag::min",1024,0.25,925085
ADD,int64_t,"AnalysisFlag::min",1024,0.25,917612
ADD,int64_t,"AnalysisFlag::min",1024,0.25,915942
ADD,int64_t,"AnalysisFlag::min",1024,0.25,921862
ADD,int64_t,"AnalysisFlag::min",1024,0.25,920126
ADD,int64_t,"AnalysisFlag::min",1024,0.25,919280
ADD,int64_t,"AnalysisFlag::min",1024,0.25,922428
ADD,int64_t,"AnalysisFlag::min",1024,0.25,916764
ADD,int64_t,"AnalysisFlag::min",2048,0.25,1.08704e+07
ADD,int64_t,"AnalysisFlag::min",2048,0.25,1.08836e+07
ADD,int64_t,"AnalysisFlag::min",2048,0.25,1.08822e+07
ADD,int64_t,"AnalysisFlag::min",2048,0.25,1.08698e+07
ADD,int64_t,"AnalysisFlag::min",2048,0.25,1.08884e+07
ADD,int64_t,"AnalysisFlag::min",2048,0.25,1.0889e+07
ADD,int64_t,"AnalysisFlag::min",2048,0.25,1.08766e+07
ADD,int64_t,"AnalysisFlag::min",2048,0.25,1.08787e+07
ADD,int64_t,"AnalysisFlag::min",2048,0.25,1.08818e+07
ADD,int64_t,"AnalysisFlag::min",2048,0.25,1.09105e+07
ADD,int64_t,"AnalysisFlag::min",4096,0.25,4.55364e+07
ADD,int64_t,"AnalysisFlag::min",4096,0.25,4.49931e+07
ADD,int64_t,"AnalysisFlag::min",4096,0.25,4.47215e+07
ADD,int64_t,"AnalysisFlag::min",4096,0.25,4.37727e+07
ADD,int64_t,"AnalysisFlag::min",4096,0.25,4.52045e+07
ADD,int64_t,"AnalysisFlag::min",4096,0.25,4.49346e+07
ADD,int64_t,"AnalysisFlag::min",4096,0.25,4.40147e+07
ADD,int64_t,"AnalysisFlag::min",4096,0.25,4.49852e+07
ADD,int64_t,"AnalysisFlag::min",4096,0.25,4.49576e+07
ADD,int64_t,"AnalysisFlag::min",4096,0.25,4.39775e+07
ADD,double,"AnalysisFlag::min",1024,1,2.45865e+06
ADD,double,"AnalysisFlag::min",1024,1,2.39405e+06
ADD,double,"AnalysisFlag::min",1024,1,2.38946e+06
ADD,double,"AnalysisFlag::min",1024,1,2.38781e+06
ADD,double,"AnalysisFlag::min",1024,1,2.38967e+06
ADD,double,"AnalysisFlag::min",1024,1,2.38739e+06
ADD,double,"AnalysisFlag::min",1024,1,2.38942e+06
ADD,double,"AnalysisFlag::min",1024,1,2.38782e+06
ADD,double,"AnalysisFlag::min",1024,1,2.38948e+06
ADD,double,"AnalysisFlag::min",1024,1,2.38786e+06
ADD,double,"AnalysisFlag::min",2048,1,1.69068e+07
ADD,double,"AnalysisFlag::min",2048,1,1.68811e+07
ADD,double,"AnalysisFlag::min",2048,1,1.686e+07
ADD,double,"AnalysisFlag::min",2048,1,1.68665e+07
ADD,double,"AnalysisFlag::min",2048,1,1.68707e+07
ADD,double,"AnalysisFlag::min",2048,1,1.68841e+07
ADD,double,"AnalysisFlag::min",2048,1,1.68777e+07
ADD,double,"AnalysisFlag::min",2048,1,1.68729e+07
ADD,double,"AnalysisFlag::min",2048,1,1.68695e+07
ADD,double,"AnalysisFlag::min",2048,1,1.68703e+07
ADD,double,"AnalysisFlag::min",4096,1,7.10028e+07
ADD,double,"AnalysisFlag::min",4096,1,6.79087e+07
ADD,double,"AnalysisFlag::min",4096,1,6.79354e+07
ADD,double,"AnalysisFlag::min",4096,1,6.91156e+07
ADD,double,"AnalysisFlag::min",4096,1,6.79405e+07
ADD,double,"AnalysisFlag::min",4096,1,6.78871e+07
ADD,double,"AnalysisFlag::min",4096,1,6.75604e+07
ADD,double,"AnalysisFlag::min",4096,1,6.91421e+07
ADD,double,"AnalysisFlag::min",4096,1,6.74504e+07
ADD,double,"AnalysisFlag::min",4096,1,6.74573e+07
ADD,int64_t,"AnalysisFlag::min",1024,1,1.11275e+06
ADD,int64_t,"AnalysisFlag::min",1024,1,1.00302e+06
ADD,int64_t,"AnalysisFlag::min",1024,1,960062
ADD,int64_t,"AnalysisFlag::min",1024,1,967948
ADD,int64_t,"AnalysisFlag::min",1024,1,963109
ADD,int64_t,"AnalysisFlag::min",1024,1,954085
ADD,int64_t,"AnalysisFlag::min",1024,1,968027
ADD,int64_t,"AnalysisFlag::min",1024,1,952797
ADD,int64_t,"AnalysisFlag::min",1024,1,953890
ADD,int64_t,"AnalysisFlag::min",1024,1,950483
ADD,int64_t,"AnalysisFlag::min",2048,1,1.09243e+07
ADD,int64_t,"AnalysisFlag::min",2048,1,1.0862e+07
ADD,int64_t,"AnalysisFlag::min",2048,1,1.08509e+07
ADD,int64_t,"AnalysisFlag::min",2048,1,1.08424e+07
ADD,int64_t,"AnalysisFlag::min",2048,1,1.08465e+07
ADD,int64_t,"AnalysisFlag::min",2048,1,1.08366e+07
ADD,int64_t,"AnalysisFlag::min",2048,1,1.0826e+07
ADD,int64_t,"AnalysisFlag::min",2048,1,1.0833e+07
ADD,int64_t,"AnalysisFlag::min",2048,1,1.08368e+07
ADD,int64_t,"AnalysisFlag::min",2048,1,1.08528e+07
ADD,int64_t,"AnalysisFlag::min",4096,1,4.5086e+07
ADD,int64_t,"AnalysisFlag::min",4096,1,4.35582e+07
ADD,int64_t,"AnalysisFlag::min",4096,1,4.51603e+07
ADD,int64_t,"AnalysisFlag::min",4096,1,4.35996e+07
ADD,int64_t,"AnalysisFlag::min",4096,1,4.35984e+07
ADD,int64_t,"AnalysisFlag::min",4096,1,4.35877e+07
ADD,int64_t,"AnalysisFlag::min",4096,1,4.36108e+07
ADD,int64_t,"AnalysisFlag::min",4096,1,4.52401e+07
ADD,int64_t,"AnalysisFlag::min",4096,1,4.35821e+07
ADD,int64_t,"AnalysisFlag::min",4096,1,4.35644e+07
MUL,double,"AnalysisFlag::min",1024,0.001,15814
MUL,double,"AnalysisFlag::min",1024,0.001,15552
MUL,double,"AnalysisFlag::min",1024,0.001,15314
MUL,double,"AnalysisFlag::min",1024,0.001,15042
MUL,double,"AnalysisFlag::min",1024,0.001,15002
MUL,double,"AnalysisFlag::min",1024,0.001,14908
MUL,double,"AnalysisFlag::min",1024,0.001,15156
MUL,double,"AnalysisFlag::min",1024,0.001,14880
MUL,double,"AnalysisFlag::min",1024,0.001,14791
MUL,double,"AnalysisFlag::min",1024,0.001,14477
MUL,double,"AnalysisFlag::min",2048,0.001,34554
MUL,double,"AnalysisFlag::min",2048,0.001,48147
MUL,double,"AnalysisFlag::min",2048,0.001,46535
MUL,double,"AnalysisFlag::min",2048,0.001,47233
MUL,double,"AnalysisFlag::min",2048,0.001,47129
MUL,double,"AnalysisFlag::min",2048,0.001,48035
MUL,double,"AnalysisFlag::min",2048,0.001,46777
MUL,double,"AnalysisFlag::min",2048,0.001,46547
MUL,double,"AnalysisFlag::min",2048,0.001,45638
MUL,double,"AnalysisFlag::min",2048,0.001,45441
MUL,double,"AnalysisFlag::min",4096,0.001,82047
MUL,double,"AnalysisFlag::min",4096,0.001,163473
MUL,double,"AnalysisFlag::min",4096,0.001,162013
MUL,double,"AnalysisFlag::min",4096,0.001,157946
MUL,double,"AnalysisFlag::min",4096,0.001,157910
MUL,double,"AnalysisFlag::min",4096,0.001,157228
MUL,double,"AnalysisFlag::min",4096,0.001,156735
MUL,double,"AnalysisFlag::min",4096,0.001,155326
MUL,double,"AnalysisFlag::min",4096,0.001,156169
MUL,double,"AnalysisFlag::min",4096,0.001,156131
MUL,int64_t,"AnalysisFlag::min",1024,0.001,13952
MUL,int64_t,"AnalysisFlag::min",1024,0.001,14276
MUL,int64_t,"AnalysisFlag::min",1024,0.001,14441
MUL,int64_t,"AnalysisFlag::min",1024,0.001,13804
MUL,int64_t,"AnalysisFlag::min",1024,0.001,14075
MUL,int64_t,"AnalysisFlag::min",1024,0.001,13803
MUL,int64_t,"AnalysisFlag::min",1024,0.001,13550
MUL,int64_t,"AnalysisFlag::min",1024,0.001,13422
MUL,int64_t,"AnalysisFlag::min",1024,0.001,13905
MUL,int64_t,"AnalysisFlag::min",1024,0.001,13949
MUL,int64_t,"AnalysisFlag::min",2048,0.001,32862
MUL,int64_t,"AnalysisFlag::min",2048,0.001,44854
MUL,int64_t,"AnalysisFlag::min",2048,0.001,44700
MUL,int64_t,"AnalysisFlag::min",2048,0.001,44835
MUL,int64_t,"AnalysisFlag::min",2048,0.001,44935
MUL,int64_t,"AnalysisFlag::min",2048,0.001,45303
MUL,int64_t,"AnalysisFlag::min",2048,0.001,45097
MUL,int64_t,"AnalysisFlag::min",2048,0.001,44667
MUL,int64_t,"AnalysisFlag::min",2048,0.001,45115
MUL,int64_t,"AnalysisFlag::min",2048,0.001,44522
MUL,int64_t,"AnalysisFlag::min",4096,0.001,84711
MUL,int64_t,"AnalysisFlag::min",4096,0.001,158613
MUL,int64_t,"AnalysisFlag::min",4096,0.001,160275
MUL,int64_t,"AnalysisFlag::min",4096,0.001,159916
MUL,int64_t,"AnalysisFlag::min",4096,0.001,158418
MUL,int64_t,"AnalysisFlag::min",4096,0.001,158325
MUL,int64_t,"AnalysisFlag::min",4096,0.001,157197
MUL,int64_t,"AnalysisFlag::min",4096,0.001,159410
MUL,int64_t,"AnalysisFlag::min",4096,0.001,158387
MUL,int64_t,"AnalysisFlag::min",4096,0.001,160955
MUL,double,"AnalysisFlag::min",1024,0.01,31703
MUL,double,"AnalysisFlag::min",1024,0.01,90281
MUL,double,"AnalysisFlag::min",1024,0.01,91553
MUL,double,"AnalysisFlag::min",1024,0.01,90787
MUL,double,"AnalysisFlag::min",1024,0.01,92283
MUL,double,"AnalysisFlag::min",1024,0.01,91063
MUL,double,"AnalysisFlag::min",1024,0.01,91487
MUL,double,"AnalysisFlag::min",1024,0.01,91031
MUL,double,"AnalysisFlag::min",1024,0.01,90841
MUL,double,"AnalysisFlag::min",1024,0.01,90599
MUL,double,"AnalysisFlag::min",2048,0.01,98777
MUL,double,"AnalysisFlag::min",2048,0.01,352216
MUL,double,"AnalysisFlag::min",2048,0.01,349198
MUL,double,"AnalysisFlag::min",2048,0.01,352754
MUL,double,"AnalysisFlag::min",2048,0.01,352324
MUL,double,"AnalysisFlag::min",2048,0.01,352622
MUL,double,"AnalysisFlag::min",2048,0.01,351465
MUL,double,"AnalysisFlag::min",2048,0.01,350744
MUL,double,"AnalysisFlag::min",2048,0.01,352507
MUL,double,"AnalysisFlag::min",2048,0.01,353779
MUL,double,"AnalysisFlag::min",4096,0.01,435871
MUL,double,"AnalysisFlag::min",4096,0.01,1.42452e+06
MUL,double,"AnalysisFlag::min",4096,0.01,1.43778e+06
MUL,double,"AnalysisFlag::min",4096,0.01,1.44306e+06
MUL,double,"AnalysisFlag::min",4096,0.01,1.38658e+06
MUL,double,"AnalysisFlag::min",4096,0.01,1.42548e+06
MUL,double,"AnalysisFlag::min",4096,0.01,1.40715e+06
MUL,double,"AnalysisFlag::min",4096,0.01,1.40314e+06
MUL,double,"AnalysisFlag::min",4096,0.01,1.4238e+06
MUL,double,"AnalysisFlag::min",4096,0.01,1.41598e+06
MUL,int64_t,"AnalysisFlag::min",1024,0.01,30756
MUL,int64_t,"AnalysisFlag::min",1024,0.01,94128
MUL,int64_t,"AnalysisFlag::min",1024,0.01,93140
MUL,int64_t,"AnalysisFlag::min",1024,0.01,92293
MUL,int64_t,"AnalysisFlag::min",1024,0.01,93072
MUL,int64_t,"AnalysisFlag::min",1024,0.01,91346
MUL,int64_t,"AnalysisFlag::min",1024,0.01,91017
MUL,int64_t,"AnalysisFlag::min",1024,0.01,92723
MUL,int64_t,"AnalysisFlag::min",1024,0.01,91466
MUL,int64_t,"AnalysisFlag::min",1024,0.01,94138
MUL,int64_t,"AnalysisFlag::min",2048,0.01,95034
MUL,int64_t,"AnalysisFlag::min",2048,0.01,354625
MUL,int64_t,"AnalysisFlag::min",2048,0.01,353963
MUL,int64_t,"AnalysisFlag::min",2048,0.01,354083
MUL,int64_t,"AnalysisFlag::min",2048,0.01,354695
MUL,int64_t,"AnalysisFlag::min",2048,0.01,353439
MUL,int64_t,"AnalysisFlag::min",2048,0.01,354660
MUL,int64_t,"AnalysisFlag::min",2048,0.01,353605
MUL,int64_t,"AnalysisFlag::min",2048,0.01,352779
MUL,int64_t,"AnalysisFlag::min",2048,0.01,353303
MUL,int64_t,"AnalysisFlag::min",4096,0.01,385309
MUL,int64_t,"AnalysisFlag::min",4096,0.01,1.44191e+06
MUL,int64_t,"AnalysisFlag::min",4096,0.01,1.43602e+06
MUL,int64_t,"AnalysisFlag::min",4096,0.01,1.424e+06
MUL,int64_t,"AnalysisFlag::min",4096,0.01,1.45023e+06
MUL,int64_t,"AnalysisFlag::min",4096,0.01,1.39918e+06
MUL,int64_t,"AnalysisFlag::min",4096,0.01,1.42742e+06
MUL,int64_t,"AnalysisFlag::min",4096,0.01,1.39966e+06
MUL,int64_t,"AnalysisFlag::min",4096,0.01,1.48335e+06
MUL,int64_t,"AnalysisFlag::min",4096,0.01,1.39642e+06
MUL,double,"AnalysisFlag::min",1024,0.05,121385
MUL,double,"AnalysisFlag::min",1024,0.05,461451
MUL,double,"AnalysisFlag::min",1024,0.05,478353
MUL,double,"AnalysisFlag::min",1024,0.05,432093
MUL,double,"AnalysisFlag::min",1024,0.05,469373
MUL,double,"AnalysisFlag::min",1024,0.05,434546
MUL,double,"AnalysisFlag::min",1024,0.05,431326
MUL,double,"AnalysisFlag::min",1024,0.05,434092
MUL,double,"AnalysisFlag::min",1024,0.05,435722
MUL,double,"AnalysisFlag::min",1024,0.05,432641
MUL,double,"AnalysisFlag::min",2048,0.05,497611
MUL,double,"AnalysisFlag::min",2048,0.05,1.72159e+06
MUL,double,"AnalysisFlag::min",2048,0.05,1.7326e+06
MUL,double,"AnalysisFlag::min",2048,0.05,1.71992e+06
MUL,double,"AnalysisFlag::min",2048,0.05,1.72435e+06
MUL,double,"AnalysisFlag::min",2048,0.05,1.76929e+06
MUL,double,"AnalysisFlag::min",2048,0.05,1.72652e+06
MUL,double,"AnalysisFlag::min",2048,0.05,1.71945e+06
MUL,double,"AnalysisFlag::min",2048,0.05,1.7677e+06
MUL,double,"AnalysisFlag::min",2048,0.05,2.12794e+06
MUL,double,"AnalysisFlag::min",4096,0.05,6.01852e+06
MUL,double,"AnalysisFlag::min",4096,0.05,8.45768e+06
MUL,double,"AnalysisFlag::min",4096,0.05,8.41759e+06
MUL,double,"AnalysisFlag::min",4096,0.05,8.40968e+06
MUL,double,"AnalysisFlag::min",4096,0.05,8.41642e+06
MUL,double,"AnalysisFlag::min",4096,0.05,8.40663e+06
MUL,double,"AnalysisFlag::min",4096,0.05,8.40689e+06
MUL,double,"AnalysisFlag::min",4096,0.05,8.4013e+06
MUL,double,"AnalysisFlag::min",4096,0.05,8.41175e+06
MUL,double,"AnalysisFlag::min",4096,0.05,8.41129e+06
MUL,int64_t,"AnalysisFlag::min",1024,0.05,133573
MUL,int64_t,"AnalysisFlag::min",1024,0.05,532919
MUL,int64_t,"AnalysisFlag::min",1024,0.05,529054
MUL,int64_t,"AnalysisFlag::min",1024,0.05,528772
MUL,int64_t,"AnalysisFlag::min",1024,0.05,544979
MUL,int64_t,"AnalysisFlag::min",1024,0.05,542619
MUL,int64_t,"AnalysisFlag::min",1024,0.05,543706
MUL,int64_t,"AnalysisFlag::min",1024,0.05,531974
MUL,int64_t,"AnalysisFlag::min",1024,0.05,544812
MUL,int64_t,"AnalysisFlag::min",1024,0.05,543816
MUL,int64_t,"AnalysisFlag::min",2048,0.05,506360
MUL,int64_t,"AnalysisFlag::min",2048,0.05,1.86035e+06
MUL,int64_t,"AnalysisFlag::min",2048,0.05,1.85291e+06
MUL,int64_t,"AnalysisFlag::min",2048,0.05,1.90764e+06
MUL,int64_t,"AnalysisFlag::min",2048,0.05,1.86281e+06
MUL,int64_t,"AnalysisFlag::min",2048,0.05,1.857e+06
MUL,int64_t,"AnalysisFlag::min",2048,0.05,1.85642e+06
MUL,int64_t,"AnalysisFlag::min",2048,0.05,1.89422e+06
MUL,int64_t,"AnalysisFlag::min",2048,0.05,1.86464e+06
MUL,int64_t,"AnalysisFlag::min",2048,0.05,1.87305e+06
MUL,int64_t,"AnalysisFlag::min",4096,0.05,1.82722e+06
MUL,int64_t,"AnalysisFlag::min",4096,0.05,7.20701e+06
MUL,int64_t,"AnalysisFlag::min",4096,0.05,7.17534e+06
MUL,int64_t,"AnalysisFlag::min",4096,0.05,7.17439e+06
MUL,int64_t,"AnalysisFlag::min",4096,0.05,7.1606e+06
MUL,int64_t,"AnalysisFlag::min",4096,0.05,7.17737e+06
MUL,int64_t,"AnalysisFlag::min",4096,0.05,7.17066e+06
MUL,int64_t,"AnalysisFlag::min",4096,0.05,7.29429e+06
MUL,int64_t,"AnalysisFlag::min",4096,0.05,7.17352e+06
MUL,int64_t,"AnalysisFlag::min",4096,0.05,7.17156e+06
MUL,double,"AnalysisFlag::min",1024,0.1,296534
MUL,double,"AnalysisFlag::min",1024,0.1,1.0441e+06
MUL,double,"AnalysisFlag::min",1024,0.1,1.04669e+06
MUL,double,"AnalysisFlag::min",1024,0.1,1.04707e+06
MUL,double,"AnalysisFlag::min",1024,0.1,1.04335e+06
MUL,double,"AnalysisFlag::min",1024,0.1,1.0462e+06
MUL,double,"AnalysisFlag::min",1024,0.1,1.04384e+06
MUL,double,"AnalysisFlag::min",1024,0.1,1.04426e+06
MUL,double,"AnalysisFlag::min",1024,0.1,1.04461e+06
MUL,double,"AnalysisFlag::min",1024,0.1,1.04582e+06
MUL,double,"AnalysisFlag::min",2048,0.1,1.16773e+06
MUL,double,"AnalysisFlag::min",2048,0.1,4.17949e+06
MUL,double,"AnalysisFlag::min",2048,0.1,4.1711e+06
MUL,double,"AnalysisFlag::min",2048,0.1,4.17643e+06
MUL,double,"AnalysisFlag::min",2048,0.1,4.17553e+06
MUL,double,"AnalysisFlag::min",2048,0.1,4.163e+06
MUL,double,"AnalysisFlag::min",2048,0.1,4.16837e+06
MUL,double,"AnalysisFlag::min",2048,0.1,4.1798e+06
MUL,double,"AnalysisFlag::min",2048,0.1,4.17326e+06
MUL,double,"AnalysisFlag::min",2048,0.1,4.16813e+06
MUL,double,"AnalysisFlag::min",4096,0.1,1.22795e+07
MUL,double,"AnalysisFlag::min",4096,0.1,1.81488e+07
MUL,double,"AnalysisFlag::min",4096,0.1,1.79695e+07
MUL,double,"AnalysisFlag::min",4096,0.1,1.80014e+07
MUL,double,"AnalysisFlag::min",4096,0.1,1.79927e+07
MUL,double,"AnalysisFlag::min",4096,0.1,1.82023e+07
MUL,double,"AnalysisFlag::min",4096,0.1,1.79597e+07
MUL,double,"AnalysisFlag::min",4096,0.1,1.79709e+07
MUL,double,"AnalysisFlag::min",4096,0.1,1.80005e+07
MUL,double,"AnalysisFlag::min",4096,0.1,1.79784e+07
MUL,int64_t,"AnalysisFlag::min",1024,0.1,632703
MUL,int64_t,"AnalysisFlag::min",1024,0.1,987479
MUL,int64_t,"AnalysisFlag::min",1024,0.1,989908
MUL,int64_t,"AnalysisFlag::min",1024,0.1,1.00651e+06
MUL,int64_t,"AnalysisFlag::min",1024,0.1,989634
MUL,int64_t,"AnalysisFlag::min",1024,0.1,1.00953e+06
MUL,int64_t,"AnalysisFlag::min",1024,0.1,987812
MUL,int64_t,"AnalysisFlag::min",1024,0.1,987504
MUL,int64_t,"AnalysisFlag::min",1024,0.1,1.00947e+06
MUL,int64_t,"AnalysisFlag::min",1024,0.1,987491
MUL,int64_t,"AnalysisFlag::min",2048,0.1,2.32075e+06
MUL,int64_t,"AnalysisFlag::min",2048,0.1,3.70246e+06
MUL,int64_t,"AnalysisFlag::min",2048,0.1,3.60025e+06
MUL,int64_t,"AnalysisFlag::min",2048,0.1,3.60116e+06
MUL,int64_t,"AnalysisFlag::min",2048,0.1,3.59884e+06
MUL,int64_t,"AnalysisFlag::min",2048,0.1,3.60099e+06
MUL,int64_t,"AnalysisFlag::min",2048,0.1,3.70364e+06
MUL,int64_t,"AnalysisFlag::min",2048,0.1,3.69446e+06
MUL,int64_t,"AnalysisFlag::min",2048,0.1,3.60131e+06
MUL,int64_t,"AnalysisFlag::min",2048,0.1,3.59518e+06
MUL,int64_t,"AnalysisFlag::min",4096,0.1,9.73285e+06
MUL,int64_t,"AnalysisFlag::min",4096,0.1,1.53878e+07
MUL,int64_t,"AnalysisFlag::min",4096,0.1,1.53084e+07
MUL,int64_t,"AnalysisFlag::min",4096,0.1,1.53589e+07
MUL,int64_t,"AnalysisFlag::min",4096,0.1,1.55712e+07
MUL,int64_t,"AnalysisFlag::min",4096,0.1,1.53072e+07
MUL,int64_t,"AnalysisFlag::min",4096,0.1,1.53056e+07
MUL,int64_t,"AnalysisFlag::min",4096,0.1,1.55564e+07
MUL,int64_t,"AnalysisFlag::min",4096,0.1,1.53324e+07
MUL,int64_t,"AnalysisFlag::min",4096,0.1,1.55069e+07
MUL,double,"AnalysisFlag::min",1024,0.2,1.43208e+06
MUL,double,"AnalysisFlag::min",1024,0.2,2.08582e+06
MUL,double,"AnalysisFlag::min",1024,0.2,2.08254e+06
MUL,double,"AnalysisFlag::min",1024,0.2,2.08223e+06
MUL,double,"AnalysisFlag::min",1024,0.2,2.08256e+06
MUL,double,"AnalysisFlag::min",1024,0.2,2.07983e+06
MUL,double,"AnalysisFlag::min",1024,0.2,2.08442e+06
MUL,double,"AnalysisFlag::min",1024,0.2,2.08021e+06
MUL,double,"AnalysisFlag::min",1024,0.2,2.07997e+06
MUL,double,"AnalysisFlag::min",1024,0.2,2.08223e+06
MUL,double,"AnalysisFlag::min",2048,0.2,5.74016e+06
MUL,double,"AnalysisFlag::min",2048,0.2,8.44478e+06
MUL,double,"AnalysisFlag::min",2048,0.2,8.41712e+06
MUL,double,"AnalysisFlag::min",2048,0.2,8.42653e+06
MUL,double,"AnalysisFlag::min",2048,0.2,8.44051e+06
MUL,double,"AnalysisFlag::min",2048,0.2,8.44752e+06
MUL,double,"AnalysisFlag::min",2048,0.2,8.45086e+06
MUL,double,"AnalysisFlag::min",2048,0.2,8.44333e+06
MUL,double,"AnalysisFlag::min",2048,0.2,8.43451e+06
MUL,double,"AnalysisFlag::min",2048,0.2,8.42444e+06
MUL,double,"AnalysisFlag::min",4096,0.2,2.45729e+07
MUL,double,"AnalysisFlag::min",4096,0.2,3.78981e+07
MUL,double,"AnalysisFlag::min",4096,0.2,3.79089e+07
MUL,double,"AnalysisFlag::min",4096,0.2,3.78572e+07
MUL,double,"AnalysisFlag::min",4096,0.2,3.80669e+07
MUL,double,"AnalysisFlag::min",4096,0.2,3.81971e+07
MUL,double,"AnalysisFlag::min",4096,0.2,3.81944e+07
MUL,double,"AnalysisFlag::min",4096,0.2,3.78854e+07
MUL,double,"AnalysisFlag::min",4096,0.2,3.8222e+07
MUL,double,"AnalysisFlag::min",4096,0.2,3.80866e+07
MUL,int64_t,"AnalysisFlag::min",1024,0.2,1.20603e+06
MUL,int64_t,"AnalysisFlag::min",1024,0.2,1.9074e+06
MUL,int64_t,"AnalysisFlag::min",1024,0.2,1.85159e+06
MUL,int64_t,"AnalysisFlag::min",1024,0.2,1.85872e+06
MUL,int64_t,"AnalysisFlag::min",1024,0.2,1.89796e+06
MUL,int64_t,"AnalysisFlag::min",1024,0.2,1.85119e+06
MUL,int64_t,"AnalysisFlag::min",1024,0.2,1.85738e+06
MUL,int64_t,"AnalysisFlag::min",1024,0.2,1.85295e+06
MUL,int64_t,"AnalysisFlag::min",1024,0.2,1.90478e+06
MUL,int64_t,"AnalysisFlag::min",1024,0.2,1.84789e+06
MUL,int64_t,"AnalysisFlag::min",2048,0.2,4.53736e+06
MUL,int64_t,"AnalysisFlag::min",2048,0.2,7.18346e+06
MUL,int64_t,"AnalysisFlag::min",2048,0.2,7.19504e+06
MUL,int64_t,"AnalysisFlag::min",2048,0.2,7.34182e+06
MUL,int64_t,"AnalysisFlag::min",2048,0.2,7.25984e+06
MUL,int64_t,"AnalysisFlag::min",2048,0.2,7.17576e+06
MUL,int64_t,"AnalysisFlag::min",2048,0.2,7.16e+06
MUL,int64_t,"AnalysisFlag::min",2048,0.2,7.16376e+06
MUL,int64_t,"AnalysisFlag::min",2048,0.2,7.16752e+06
MUL,int64_t,"AnalysisFlag::min",2048,0.2,7.38634e+06
MUL,int64_t,"AnalysisFlag::min",4096,0.2,1.95222e+07
MUL,int64_t,"AnalysisFlag::min",4096,0.2,3.20047e+07
MUL,int64_t,"AnalysisFlag::min",4096,0.2,3.22503e+07
MUL,int64_t,"AnalysisFlag::min",4096,0.2,3.22719e+07
MUL,int64_t,"AnalysisFlag::min",4096,0.2,3.20259e+07
MUL,int64_t,"AnalysisFlag::min",4096,0.2,3.23532e+07
MUL,int64_t,"AnalysisFlag::min",4096,0.2,3.22049e+07
MUL,int64_t,"AnalysisFlag::min",4096,0.2,3.21681e+07
MUL,int64_t,"AnalysisFlag::min",4096,0.2,3.19669e+07
MUL,int64_t,"AnalysisFlag::min",4096,0.2,3.22102e+07
MUL,double,"AnalysisFlag::min",1024,0.25,5.0725e+06
MUL,double,"AnalysisFlag::min",1024,0.25,2.8899e+06
MUL,double,"AnalysisFlag::min",1024,0.25,2.88986e+06
MUL,double,"AnalysisFlag::min",1024,0.25,2.89145e+06
MUL,double,"AnalysisFlag::min",1024,0.25,2.88944e+06
MUL,double,"AnalysisFlag::min",1024,0.25,2.89099e+06
MUL,double,"AnalysisFlag::min",1024,0.25,2.89126e+06
MUL,double,"AnalysisFlag::min",1024,0.25,2.89205e+06
MUL,double,"AnalysisFlag::min",1024,0.25,2.8923e+06
MUL,double,"AnalysisFlag::min",1024,0.25,2.89268e+06
MUL,double,"AnalysisFlag::min",2048,0.25,2.11224e+07
MUL,double,"AnalysisFlag::min",2048,0.25,2.02028e+07
MUL,double,"AnalysisFlag::min",2048,0.25,2.01974e+07
MUL,double,"AnalysisFlag::min",2048,0.25,2.02028e+07
MUL,double,"AnalysisFlag::min",2048,0.25,2.0211e+07
MUL,double,"AnalysisFlag::min",2048,0.25,2.01938e+07
MUL,double,"AnalysisFlag::min",2048,0.25,2.01878e+07
MUL,double,"AnalysisFlag::min",2048,0.25,2.04e+07
MUL,double,"AnalysisFlag::min",2048,0.25,2.01808e+07
MUL,double,"AnalysisFlag::min",2048,0.25,2.01739e+07
MUL,double,"AnalysisFlag::min",4096,0.25,8.57412e+07
MUL,double,"AnalysisFlag::min",4096,0.25,8.06003e+07
MUL,double,"AnalysisFlag::min",4096,0.25,8.2132e+07
MUL,double,"AnalysisFlag::min",4096,0.25,8.17779e+07
MUL,double,"AnalysisFlag::min",4096,0.25,8.19303e+07
MUL,double,"AnalysisFlag::min",4096,0.25,8.04796e+07
MUL,double,"AnalysisFlag::min",4096,0.25,8.22246e+07
MUL,double,"AnalysisFlag::min",4096,0.25,8.21555e+07
MUL,double,"AnalysisFlag::min",4096,0.25,8.21676e+07
MUL,double,"AnalysisFlag::min",4096,0.25,8.17728e+07
MUL,int64_t,"AnalysisFlag::min",1024,0.25,1.08086e+06
MUL,int64_t,"AnalysisFlag::min",1024,0.25,1.05058e+06
MUL,int64_t,"AnalysisFlag::min",1024,0.25,1.03244e+06
MUL,int64_t,"AnalysisFlag::min",1024,0.25,1.02543e+06
MUL,int64_t,"AnalysisFlag::min",1024,0.25,1.02531e+06
MUL,int64_t,"AnalysisFlag::min",1024,0.25,1.03565e+06
MUL,int64_t,"AnalysisFlag::min",1024,0.25,1.0261e+06
MUL,int64_t,"AnalysisFlag::min",1024,0.25,1.02308e+06
MUL,int64_t,"AnalysisFlag::min",1024,0.25,1.0246e+06
MUL,int64_t,"AnalysisFlag::min",1024,0.25,1.02484e+06
MUL,int64_t,"AnalysisFlag::min",2048,0.25,1.09859e+07
MUL,int64_t,"AnalysisFlag::min",2048,0.25,1.0969e+07
MUL,int64_t,"AnalysisFlag::min",2048,0.25,1.09671e+07
MUL,int64_t,"AnalysisFlag::min",2048,0.25,1.0975e+07
MUL,int64_t,"AnalysisFlag::min",2048,0.25,1.09818e+07
MUL,int64_t,"AnalysisFlag::min",2048,0.25,1.09845e+07
MUL,int64_t,"AnalysisFlag::min",2048,0.25,1.09805e+07
MUL,int64_t,"AnalysisFlag::min",2048,0.25,1.09864e+07
MUL,int64_t,"AnalysisFlag::min",2048,0.25,1.10007e+07
MUL,int64_t,"AnalysisFlag::min",2048,0.25,1.09758e+07
MUL,int64_t,"AnalysisFlag::min",4096,0.25,4.82485e+07
MUL,int64_t,"AnalysisFlag::min",4096,0.25,4.46459e+07
MUL,int64_t,"AnalysisFlag::min",4096,0.25,4.43016e+07
MUL,int64_t,"AnalysisFlag::min",4096,0.25,4.51603e+07
MUL,int64_t,"AnalysisFlag::min",4096,0.25,4.48538e+07
MUL,int64_t,"AnalysisFlag::min",4096,0.25,4.52234e+07
MUL,int64_t,"AnalysisFlag::min",4096,0.25,4.52132e+07
MUL,int64_t,"AnalysisFlag::min",4096,0.25,4.38209e+07
MUL,int64_t,"AnalysisFlag::min",4096,0.25,4.54352e+07
MUL,int64_t,"AnalysisFlag::min",4096,0.25,4.52697e+07
MUL,double,"AnalysisFlag::min",1024,1,2.99616e+06
MUL,double,"AnalysisFlag::min",1024,1,2.89439e+06
MUL,double,"AnalysisFlag::min",1024,1,2.89265e+06
MUL,double,"AnalysisFlag::min",1024,1,2.89441e+06
MUL,double,"AnalysisFlag::min",1024,1,2.89135e+06
MUL,double,"AnalysisFlag::min",1024,1,2.90435e+06
MUL,double,"AnalysisFlag::min",1024,1,2.8926e+06
MUL,double,"AnalysisFlag::min",1024,1,2.89351e+06
MUL,double,"AnalysisFlag::min",1024,1,2.89223e+06
MUL,double,"AnalysisFlag::min",1024,1,2.89282e+06
MUL,double,"AnalysisFlag::min",2048,1,2.02011e+07
MUL,double,"AnalysisFlag::min",2048,1,2.01139e+07
MUL,double,"AnalysisFlag::min",2048,1,2.01384e+07
MUL,double,"AnalysisFlag::min",2048,1,2.01255e+07
MUL,double,"AnalysisFlag::min",2048,1,2.01809e+07
MUL,double,"AnalysisFlag::min",2048,1,2.01452e+07
MUL,double,"AnalysisFlag::min",2048,1,2.01328e+07
MUL,double,"AnalysisFlag::min",2048,1,2.0176e+07
MUL,double,"AnalysisFlag::min",2048,1,2.0167e+07
MUL,double,"AnalysisFlag::min",2048,1,2.01703e+07
MUL,double,"AnalysisFlag::min",4096,1,8.2675e+07
MUL,double,"AnalysisFlag::min",4096,1,8.06226e+07
MUL,double,"AnalysisFlag::min",4096,1,8.02826e+07
MUL,double,"AnalysisFlag::min",4096,1,8.20264e+07
MUL,double,"AnalysisFlag::min",4096,1,8.03526e+07
MUL,double,"AnalysisFlag::min",4096,1,8.01134e+07
MUL,double,"AnalysisFlag::min",4096,1,8.23185e+07
MUL,double,"AnalysisFlag::min",4096,1,8.03642e+07
MUL,double,"AnalysisFlag::min",4096,1,8.04834e+07
MUL,double,"AnalysisFlag::min",4096,1,8.23887e+07
MUL,int64_t,"AnalysisFlag::min",1024,1,1.19089e+06
MUL,int64_t,"AnalysisFlag::min",1024,1,1.11374e+06
MUL,int64_t,"AnalysisFlag::min",1024,1,1.06664e+06
MUL,int64_t,"AnalysisFlag::min",1024,1,1.06144e+06
MUL,int64_t,"AnalysisFlag::min",1024,1,1.06439e+06
MUL,int64_t,"AnalysisFlag::min",1024,1,1.05384e+06
MUL,int64_t,"AnalysisFlag::min",1024,1,1.04626e+06
MUL,int64_t,"AnalysisFlag::min",1024,1,1.0519e+06
MUL,int64_t,"AnalysisFlag::min",1024,1,1.05426e+06
MUL,int64_t,"AnalysisFlag::min",1024,1,1.05656e+06
MUL,int64_t,"AnalysisFlag::min",2048,1,1.10018e+07
MUL,int64_t,"AnalysisFlag::min",2048,1,1.09605e+07
MUL,int64_t,"AnalysisFlag::min",2048,1,1.0936e+07
MUL,int64_t,"AnalysisFlag::min",2048,1,1.09417e+07
MUL,int64_t,"AnalysisFlag::min",2048,1,1.09502e+07
MUL,int64_t,"AnalysisFlag::min",2048,1,1.09445e+07
MUL,int64_t,"AnalysisFlag::min",2048,1,1.09455e+07
MUL,int64_t,"AnalysisFlag::min",2048,1,1.09389e+07
MUL,int64_t,"AnalysisFlag::min",2048,1,1.09458e+07
MUL,int64_t,"AnalysisFlag::min",2048,1,1.09433e+07
MUL,int64_t,"AnalysisFlag::min",4096,1,4.49754e+07
MUL,int64_t,"AnalysisFlag::min",4096,1,4.37554e+07
MUL,int64_t,"AnalysisFlag::min",4096,1,4.38091e+07
MUL,int64_t,"AnalysisFlag::min",4096,1,4.3758e+07
MUL,int64_t,"AnalysisFlag::min",4096,1,4.50867e+07
MUL,int64_t,"AnalysisFlag::min",4096,1,4.3768e+07
MUL,int64_t,"AnalysisFlag::min",4096,1,4.37744e+07
MUL,int64_t,"AnalysisFlag::min",4096,1,4.37393e+07
MUL,int64_t,"AnalysisFlag::min",4096,1,4.52131e+07
MUL,int64_t,"AnalysisFlag::min",4096,1,4.37341e+07
ADD,double,"AnalysisFlag::min, AnalysisFlag::max",1024,0.001,18421
ADD,double,"AnalysisFlag::min, AnalysisFlag::max",1024,0.001,27690
ADD,double,"AnalysisFlag::min, AnalysisFlag::max",1024,0.001,26708
ADD,double,"AnalysisFlag::min, AnalysisFlag::max",1024,0.001,26355
ADD,double,"AnalysisFlag::min, AnalysisFlag::max",1024,0.001,26681
ADD,double,"AnalysisFlag::min, AnalysisFlag::max",1024,0.001,26241
ADD,double,"AnalysisFlag::min, AnalysisFlag::max",1024,0.001,26355
ADD,double,"AnalysisFlag::min, AnalysisFlag::max",1024,0.001,26446
ADD,double,"AnalysisFlag::min, AnalysisFlag::max",1024,0.001,25631
ADD,double,"AnalysisFlag::min, AnalysisFlag::max",1024,0.001,25824
ADD,double,"AnalysisFlag::min, AnalysisFlag::max",2048,0.001,45261
ADD,double,"AnalysisFlag::min, AnalysisFlag::max",2048,0.001,72578
ADD,double,"AnalysisFlag::min, AnalysisFlag::max",2048,0.001,71205
ADD,double,"AnalysisFlag::min, AnalysisFlag::max",2048,0.001,71066
ADD,double,"AnalysisFlag::min, AnalysisFlag::max",2048,0.001,70412
ADD,double,"AnalysisFlag::min, AnalysisFlag::max",2048,0.001,70732
ADD,double,"AnalysisFlag::min, AnalysisFlag::max",2048,0.001,68611
ADD,double,"AnalysisFlag::min, AnalysisFlag::max",2048,0.001,68641
ADD,double,"AnalysisFlag::min, AnalysisFlag::max",2048,0.001,67896
ADD,double,"AnalysisFlag::min, AnalysisFlag::max",2048,0.001,68018
ADD,double,"AnalysisFlag::min, AnalysisFlag::max",4096,0.001,107928
ADD,double,"AnalysisFlag::min, AnalysisFlag::max",4096,0.001,226456
ADD,double,"AnalysisFlag::min, AnalysisFlag::max",4096,0.001,216594
ADD,double,"AnalysisFlag::min, AnalysisFlag::max",4096,0.001,216681
ADD,double,"AnalysisFlag::min, AnalysisFlag::max",4096,0.001,215745
ADD,double,"AnalysisFlag::min, AnalysisFlag::max",4096,0.001,216187
ADD,double,"AnalysisFlag::min, AnalysisFlag::max",4096,0.001,216307
ADD,double,"AnalysisFlag::min, AnalysisFlag::max",4096,0.001,216169
ADD,double,"AnalysisFlag::min, AnalysisFlag::max",4096,0.001,215652
ADD,double,"AnalysisFlag::min, AnalysisFlag::max",4096,0.001,214411
ADD,int64_t,"AnalysisFlag::min, AnalysisFlag::max",1024,0.001,16488
ADD,int64_t,"AnalysisFlag::min, AnalysisFlag::max",1024,0.001,26033
ADD,int64_t,"AnalysisFlag::min, AnalysisFlag::max",1024,0.001,25436
ADD,int64_t,"AnalysisFlag::min, AnalysisFlag::max",1024,0.001,25357
ADD,int64_t,"AnalysisFlag::min, AnalysisFlag::max",1024,0.001,24793
ADD,int64_t,"AnalysisFlag::min, AnalysisFlag::max",1024,0.001,24856
ADD,int64_t,"AnalysisFlag::min, AnalysisFlag::max",1024,0.001,24958
ADD,int64_t,"AnalysisFlag::min, AnalysisFlag::max",1024,0.001,24620
ADD,int64_t,"AnalysisFlag::min, AnalysisFlag::max",1024,0.001,24640
ADD,int64_t,"AnalysisFlag::min, AnalysisFlag::max",1024,0.001,25111
ADD,int64_t,"AnalysisFlag::min, AnalysisFlag::max",2048,0.001,38589
ADD,int64_t,"AnalysisFlag::min, AnalysisFlag::max",2048,0.001,74404
ADD,int64_t,"AnalysisFlag::min, AnalysisFlag::max",2048,0.001,73282
ADD,int64_t,"AnalysisFlag::min, AnalysisFlag::max",2048,0.001,73531
ADD,int64_t,"AnalysisFlag::min, AnalysisFlag::max",2048,0.001,73173
ADD,int64_t,"AnalysisFlag::min, AnalysisFlag::max",2048,0.001,73287
ADD,int64_t,"AnalysisFlag::min, AnalysisFlag::max",2048,0.001,72863
ADD,int64_t,"AnalysisFlag::min, AnalysisFlag::max",2048,0.001,73534
ADD,int64_t,"AnalysisFlag::min, AnalysisFlag::max",2048,0.001,73598
ADD,int64_t,"AnalysisFlag::min, AnalysisFlag::max",2048,0.001,73139
ADD,int64_t,"AnalysisFlag::min, AnalysisFlag::max",4096,0.001,98645
ADD,int64_t,"AnalysisFlag::min, AnalysisFlag::max",4096,0.001,248444
ADD,int64_t,"AnalysisFlag::min, AnalysisFlag::max",4096,0.001,247027
ADD,int64_t,"AnalysisFlag::min, AnalysisFlag::max",4096,0.001,247891
ADD,int64_t,"AnalysisFlag::min, AnalysisFlag::max",4096,0.001,249554
ADD,int64_t,"AnalysisFlag::min, AnalysisFlag::max",4096,0.001,247362
ADD,int64_t,"AnalysisFlag::min, AnalysisFlag::max",4096,0.001,246541
ADD,int64_t,"AnalysisFlag::min, AnalysisFlag::max",4096,0.001,248043
ADD,int64_t,"AnalysisFlag::min, AnalysisFlag::max",4096,0.001,248388
ADD,int64_t,"AnalysisFlag::min, AnalysisFlag::max",4096,0.001,249626
ADD,double,"AnalysisFlag::min, AnalysisFlag::max",1024,0.01,42440
ADD,double,"AnalysisFlag::min, AnalysisFlag::max",1024,0.01,120843
ADD,double,"AnalysisFlag::min, AnalysisFlag::max",1024,0.01,120450
ADD,double,"AnalysisFlag::min, AnalysisFlag::max",1024,0.01,120065
ADD,double,"AnalysisFlag::min, AnalysisFlag::max",1024,0.01,119651
ADD,double,"AnalysisFlag::min, AnalysisFlag::max",1024,0.01,119619
ADD,double,"AnalysisFlag::min, AnalysisFlag::max",1024,0.01,120013
ADD,double,"AnalysisFlag::min, AnalysisFlag::max",1024,0.01,119450
ADD,double,"AnalysisFlag::min, AnalysisFlag::max",1024,0.01,120889
ADD,double,"AnalysisFlag::min, AnalysisFlag::max",1024,0.01,121626
ADD,double,"AnalysisFlag::min, AnalysisFlag::max",2048,0.01,141162
ADD,double,"AnalysisFlag::min, AnalysisFlag::max",2048,0.01,456945
ADD,double,"AnalysisFlag::min, AnalysisFlag::max",2048,0.01,458689
ADD,double,"AnalysisFlag::min, AnalysisFlag::max",2048,0.01,453901
ADD,double,"AnalysisFlag::min, AnalysisFlag::max",2048,0.01,454023
ADD,double,"AnalysisFlag::min, AnalysisFlag::max",2048,0.01,453569
ADD,double,"AnalysisFlag::min, AnalysisFlag::max",2048,0.01,460965
ADD,double,"AnalysisFlag::min, AnalysisFlag::max",2048,0.01,454588
ADD,double,"AnalysisFlag::min, AnalysisFlag::max",2048,0.01,450309
ADD,double,"AnalysisFlag::min, AnalysisFlag::max",2048,0.01,449338
ADD,double,"AnalysisFlag::min, AnalysisFlag::max",4096,0.01,532693
ADD,double,"AnalysisFlag::min, AnalysisFlag::max",4096,0.01,1.76499e+06
ADD,double,"AnalysisFlag::min, AnalysisFlag::max",4096,0.01,1.77883e+06
ADD,double,"AnalysisFlag::min, AnalysisFlag::max",4096,0.01,1.77358e+06
ADD,double,"AnalysisFlag::min, AnalysisFlag::max",4096,0.01,1.76275e+06
ADD,double,"AnalysisFlag::min, AnalysisFlag::max",4096,0.01,1.76432e+06
ADD,double,"AnalysisFlag::min, AnalysisFlag::max",4096,0.01,1.76193e+06
ADD,double,"AnalysisFlag::min, AnalysisFlag::max",4096,0.01,1.7745e+06
ADD,double,"AnalysisFlag::min, AnalysisFlag::max",4096,0.01,1.76818e+06
ADD,double,"AnalysisFlag::min, AnalysisFlag::max",4096,0.01,1.76844e+06
ADD,int64_t,"AnalysisFlag::min, AnalysisFlag::max",1024,0.01,38201
ADD,int64_t,"AnalysisFlag::min, AnalysisFlag::max",1024,0.01,141511
ADD,int64_t,"AnalysisFlag::min, AnalysisFlag::max",1024,0.01,142762
ADD,int64_t,"AnalysisFlag::min, AnalysisFlag::max",1024,0.01,144265
ADD,int64_t,"AnalysisFlag::min, AnalysisFlag::max",1024,0.01,142270
ADD,int64_t,"AnalysisFlag::min, AnalysisFlag::max",1024,0.01,142453
ADD,int64_t,"AnalysisFlag::min, AnalysisFlag::max",1024,0.01,142476
ADD,int64_t,"AnalysisFlag::min, AnalysisFlag::max",1024,0.01,142431
ADD,int64_t,"AnalysisFlag::min, AnalysisFlag::max",1024,0.01,141478
ADD,int64_t,"AnalysisFlag::min, AnalysisFlag::max",1024,0.01,142014
ADD,int64_t,"AnalysisFlag::min, AnalysisFlag::max",2048,0.01,120055
ADD,int64_t,"AnalysisFlag::min, AnalysisFlag::max",2048,0.01,554999
ADD,int64_t,"AnalysisFlag::min, AnalysisFlag::max",2048,0.01,694822
ADD,int64_t,"AnalysisFlag::min, AnalysisFlag::max",2048,0.01,556196
ADD,int64_t,"AnalysisFlag::min, AnalysisFlag::max",2048,0.01,554863
ADD,int64_t,"AnalysisFlag::min, AnalysisFlag::max",2048,0.01,553824
ADD,int64_t,"AnalysisFlag::min, AnalysisFlag::max",2048,0.01,556800
ADD,int64_t,"AnalysisFlag::min, AnalysisFlag::max",2048,0.01,556582
ADD,int64_t,"AnalysisFlag::min, AnalysisFlag::max",2048,0.01,558150
ADD,int64_t,"AnalysisFlag::min, AnalysisFlag::max",2048,0.01,553901
ADD,int64_t,"AnalysisFlag::min, AnalysisFlag::max",4096,0.01,410774
ADD,int64_t,"AnalysisFlag::min, AnalysisFlag::max",4096,0.01,1.90937e+06
ADD,int64_t,"AnalysisFlag::min, AnalysisFlag::max",4096,0.01,1.90978e+06
ADD,int64_t,"AnalysisFlag::min, AnalysisFlag::max",4096,0.01,1.91415e+06
ADD,int64_t,"AnalysisFlag::min, AnalysisFlag::max",4096,0.01,1.89999e+06
ADD,int64_t,"AnalysisFlag::min, AnalysisFlag::max",4096,0.01,1.90634e+06
ADD,int64_t,"AnalysisFlag::min, AnalysisFlag::max",4096,0.01,1.94601e+06
ADD,int64_t,"AnalysisFlag::min, AnalysisFlag::max",4096,0.01,1.89672e+06
ADD,int64_t,"AnalysisFlag::min, AnalysisFlag::max",4096,0.01,1.90089e+06
ADD,int64_t,"AnalysisFlag::min, AnalysisFlag::max",4096,0.01,1.90052e+06
ADD,double,"AnalysisFlag::min, AnalysisFlag::max",1024,0.05,165155
ADD,double,"AnalysisFlag::min, AnalysisFlag::max",1024,0.05,543991
ADD,double,"AnalysisFlag::min, AnalysisFlag::max",1024,0.05,550779
ADD,double,"AnalysisFlag::min, AnalysisFlag::max",1024,0.05,549322
ADD,double,"AnalysisFlag::min, AnalysisFlag::max",1024,0.05,551975
ADD,double,"AnalysisFlag::min, AnalysisFlag::max",1024,0.05,550116
ADD,double,"AnalysisFlag::min, AnalysisFlag::max",1024,0.05,553417
ADD,double,"AnalysisFlag::min, AnalysisFlag::max",1024,0.05,550806
ADD,double,"AnalysisFlag::min, AnalysisFlag::max",1024,0.05,549143
ADD,double,"AnalysisFlag::min, AnalysisFlag::max",1024,0.05,554903
ADD,double,"AnalysisFlag::min, AnalysisFlag::max",2048,0.05,628932
ADD,double,"AnalysisFlag::min, AnalysisFlag::max",2048,0.05,2.1832e+06
ADD,double,"AnalysisFlag::min, AnalysisFlag::max",2048,0.05,2.18561e+06
ADD,double,"AnalysisFlag::min, AnalysisFlag::max",2048,0.05,2.17902e+06
ADD,double,"AnalysisFlag::min, AnalysisFlag::max",2048,0.05,2.17856e+06
ADD,double,"AnalysisFlag::min, AnalysisFlag::max",2048,0.05,2.17398e+06
ADD,double,"AnalysisFlag::min, AnalysisFlag::max",2048,0.05,2.20113e+06
ADD,double,"AnalysisFlag::min, AnalysisFlag::max",2048,0.05,2.1775e+06
ADD,double,"AnalysisFlag::min, AnalysisFlag::max",2048,0.05,2.17989e+06
ADD,double,"AnalysisFlag::min, AnalysisFlag::max",2048,0.05,2.1921e+06
ADD,double,"AnalysisFlag::min, AnalysisFlag::max",4096,0.05,5.8907e+06
ADD,double,"AnalysisFlag::min, AnalysisFlag::max",4096,0.05,1.58343e+07
ADD,double,"AnalysisFlag::min, AnalysisFlag::max",4096,0.05,1.58577e+07
ADD,double,"AnalysisFlag::min, AnalysisFlag::max",4096,0.05,1.5844e+07
ADD,double,"AnalysisFlag::min, AnalysisFlag::max",4096,0.05,1.4392e+07
ADD,double,"AnalysisFlag::min, AnalysisFlag::max",4096,0.05,1.40704e+07
ADD,double,"AnalysisFlag::min, AnalysisFlag::max",4096,0.05,1.36364e+07
ADD,double,"AnalysisFlag::min, AnalysisFlag::max",4096,0.05,1.3651e+07
ADD,double,"AnalysisFlag::min, AnalysisFlag::max",4096,0.05,1.34067e+07
ADD,double,"AnalysisFlag::min, AnalysisFlag::max",4096,0.05,1.33959e+07
ADD,int64_t,"AnalysisFlag::min, AnalysisFlag::max",1024,0.05,294045
ADD,int64_t,"AnalysisFlag::min, AnalysisFlag::max",1024,0.05,764483
ADD,int64_t,"AnalysisFlag::min, AnalysisFlag::max",1024,0.05,558233
ADD,int64_t,"AnalysisFlag::min, AnalysisFlag::max",1024,0.05,579778
ADD,int64_t,"AnalysisFlag::min, AnalysisFlag::max",1024,0.05,554862
ADD,int64_t,"AnalysisFlag::min, AnalysisFlag::max",1024,0.05,556099
ADD,int64_t,"AnalysisFlag::min, AnalysisFlag::max",1024,0.05,561926
ADD,int64_t,"AnalysisFlag::min, AnalysisFlag::max",1024,0.05,558394
ADD,int64_t,"AnalysisFlag::min, AnalysisFlag::max",1024,0.05,566375
ADD,int64_t,"AnalysisFlag::min, AnalysisFlag::max",1024,0.05,558195
ADD,int64_t,"AnalysisFlag::min, AnalysisFlag::max",2048,0.05,1.15666e+06
ADD,int64_t,"AnalysisFlag::min, AnalysisFlag::max",2048,0.05,2.94545e+06
ADD,int64_t,"AnalysisFlag::min, AnalysisFlag::max",2048,0.05,2.20726e+06
ADD,int64_t,"AnalysisFlag::min, AnalysisFlag::max",2048,0.05,2.1914e+06
ADD,int64_t,"AnalysisFlag::min, AnalysisFlag::max",2048,0.05,2.2032e+06
ADD,int64_t,"AnalysisFlag::min, AnalysisFlag::max",2048,0.05,2.23358e+06
ADD,int64_t,"AnalysisFlag::min, AnalysisFlag::max",2048,0.05,2.21117e+06
ADD,int64_t,"AnalysisFlag::min, AnalysisFlag::max",2048,0.05,2.24029e+06
ADD,int64_t,"AnalysisFlag::min, AnalysisFlag::max",2048,0.05,2.21359e+06
ADD,int64_t,"AnalysisFlag::min, AnalysisFlag::max",2048,0.05,2.18062e+06
ADD,int64_t,"AnalysisFlag::min, AnalysisFlag::max",4096,0.05,4.55006e+06
ADD,int64_t,"AnalysisFlag::min, AnalysisFlag::max",4096,0.05,1.49502e+07
ADD,int64_t,"AnalysisFlag::min, AnalysisFlag::max",4096,0.05,1.49736e+07
ADD,int64_t,"AnalysisFlag::min, AnalysisFlag::max",4096,0.05,1.50085e+07
ADD,int64_t,"AnalysisFlag::min, AnalysisFlag::max",4096,0.05,1.52194e+07
ADD,int64_t,"AnalysisFlag::min, AnalysisFlag::max",4096,0.05,1.50153e+07
ADD,int64_t,"AnalysisFlag::min, AnalysisFlag::max",4096,0.05,1.49665e+07
ADD,int64_t,"AnalysisFlag::min, AnalysisFlag::max",4096,0.05,1.49937e+07
ADD,int64_t,"AnalysisFlag::min, AnalysisFlag::max",4096,0.05,1.49673e+07
ADD,int64_t,"AnalysisFlag::min, AnalysisFlag::max",4096,0.05,1.49221e+07
ADD,double,"AnalysisFlag::min, AnalysisFlag::max",1024,0.1,632765
ADD,double,"AnalysisFlag::min, AnalysisFlag::max",1024,0.1,1.29885e+06
ADD,double,"AnalysisFlag::min, AnalysisFlag::max",1024,0.1,944697
ADD,double,"AnalysisFlag::min, AnalysisFlag::max",1024,0.1,931658
ADD,double,"AnalysisFlag::min, AnalysisFlag::max",1024,0.1,905060
ADD,double,"AnalysisFlag::min, AnalysisFlag::max",1024,0.1,922158
ADD,double,"AnalysisFlag::min, AnalysisFlag::max",1024,0.1,949851
ADD,double,"AnalysisFlag::min, AnalysisFlag::max",1024,0.1,900440
ADD,double,"AnalysisFlag::min, AnalysisFlag::max",1024,0.1,897411
ADD,double,"AnalysisFlag::min, AnalysisFlag::max",1024,0.1,920938
ADD,double,"AnalysisFlag::min, AnalysisFlag::max",2048,0.1,2.54705e+06
ADD,double,"AnalysisFlag::min, AnalysisFlag::max",2048,0.1,5.02807e+06
ADD,double,"AnalysisFlag::min, AnalysisFlag::max",2048,0.1,3.62448e+06
ADD,double,"AnalysisFlag::min, AnalysisFlag::max",2048,0.1,3.6211e+06
ADD,double,"AnalysisFlag::min, AnalysisFlag::max",2048,0.1,3.63842e+06
ADD,double,"AnalysisFlag::min, AnalysisFlag::max",2048,0.1,3.6436e+06
ADD,double,"AnalysisFlag::min, AnalysisFlag::max",2048,0.1,3.63328e+06
ADD,double,"AnalysisFlag::min, AnalysisFlag::max",2048,0.1,3.64092e+06
ADD,double,"AnalysisFlag::min, AnalysisFlag::max",2048,0.1,3.6238e+06
ADD,double,"AnalysisFlag::min, AnalysisFlag::max",2048,0.1,3.64239e+06
ADD,double,"AnalysisFlag::min, AnalysisFlag::max",4096,0.1,1.09089e+07
ADD,double,"AnalysisFlag::min, AnalysisFlag::max",4096,0.1,2.7214e+07
ADD,double,"AnalysisFlag::min, AnalysisFlag::max",4096,0.1,2.68522e+07
ADD,double,"AnalysisFlag::min, AnalysisFlag::max",4096,0.1,2.64263e+07
ADD,double,"AnalysisFlag::min, AnalysisFlag::max",4096,0.1,2.64585e+07
ADD,double,"AnalysisFlag::min, AnalysisFlag::max",4096,0.1,2.66562e+07
ADD,double,"AnalysisFlag::min, AnalysisFlag::max",4096,0.1,2.64132e+07
ADD,double,"AnalysisFlag::min, AnalysisFlag::max",4096,0.1,2.66582e+07
ADD,double,"AnalysisFlag::min, AnalysisFlag::max",4096,0.1,2.64096e+07
ADD,double,"AnalysisFlag::min, AnalysisFlag::max",4096,0.1,2.6423e+07
ADD,int64_t,"AnalysisFlag::min, AnalysisFlag::max",1024,0.1,604877
ADD,int64_t,"AnalysisFlag::min, AnalysisFlag::max",1024,0.1,1.45649e+06
ADD,int64_t,"AnalysisFlag::min, AnalysisFlag::max",1024,0.1,1.10166e+06
ADD,int64_t,"AnalysisFlag::min, AnalysisFlag::max",1024,0.1,1.12736e+06
ADD,int64_t,"AnalysisFlag::min, AnalysisFlag::max",1024,0.1,1.10327e+06
ADD,int64_t,"AnalysisFlag::min, AnalysisFlag::max",1024,0.1,1.09058e+06
ADD,int64_t,"AnalysisFlag::min, AnalysisFlag::max",1024,0.1,1.10207e+06
ADD,int64_t,"AnalysisFlag::min, AnalysisFlag::max",1024,0.1,1.13382e+06
ADD,int64_t,"AnalysisFlag::min, AnalysisFlag::max",1024,0.1,1.15966e+06
ADD,int64_t,"AnalysisFlag::min, AnalysisFlag::max",1024,0.1,1.13475e+06
ADD,int64_t,"AnalysisFlag::min, AnalysisFlag::max",2048,0.1,2.29539e+06
ADD,int64_t,"AnalysisFlag::min, AnalysisFlag::max",2048,0.1,5.79248e+06
ADD,int64_t,"AnalysisFlag::min, AnalysisFlag::max",2048,0.1,4.42371e+06
ADD,int64_t,"AnalysisFlag::min, AnalysisFlag::max",2048,0.1,4.44221e+06
ADD,int64_t,"AnalysisFlag::min, AnalysisFlag::max",2048,0.1,4.45116e+06
ADD,int64_t,"AnalysisFlag::min, AnalysisFlag::max",2048,0.1,4.3882e+06
ADD,int64_t,"AnalysisFlag::min, AnalysisFlag::max",2048,0.1,4.38671e+06
ADD,int64_t,"AnalysisFlag::min, AnalysisFlag::max",2048,0.1,4.43808e+06
ADD,int64_t,"AnalysisFlag::min, AnalysisFlag::max",2048,0.1,4.38465e+06
ADD,int64_t,"AnalysisFlag::min, AnalysisFlag::max",2048,0.1,4.44262e+06
ADD,int64_t,"AnalysisFlag::min, AnalysisFlag::max",4096,0.1,9.00794e+06
ADD,int64_t,"AnalysisFlag::min, AnalysisFlag::max",4096,0.1,3.0471e+07
ADD,int64_t,"AnalysisFlag::min, AnalysisFlag::max",4096,0.1,2.95214e+07
ADD,int64_t,"AnalysisFlag::min, AnalysisFlag::max",4096,0.1,3.00752e+07
ADD,int64_t,"AnalysisFlag::min, AnalysisFlag::max",4096,0.1,2.95873e+07
ADD,int64_t,"AnalysisFlag::min, AnalysisFlag::max",4096,0.1,2.95093e+07
ADD,int64_t,"AnalysisFlag::min, AnalysisFlag::max",4096,0.1,3.0075e+07
ADD,int64_t,"AnalysisFlag::min, AnalysisFlag::max",4096,0.1,2.95322e+07
ADD,int64_t,"AnalysisFlag::min, AnalysisFlag::max",4096,0.1,2.95498e+07
ADD,int64_t,"AnalysisFlag::min, AnalysisFlag::max",4096,0.1,2.98989e+07
ADD,double,"AnalysisFlag::min, AnalysisFlag::max",1024,0.2,1.28484e+06
ADD,double,"AnalysisFlag::min, AnalysisFlag::max",1024,0.2,2.47002e+06
ADD,double,"AnalysisFlag::min, AnalysisFlag::max",1024,0.2,1.85263e+06
ADD,double,"AnalysisFlag::min, AnalysisFlag::max",1024,0.2,1.8111e+06
ADD,double,"AnalysisFlag::min, AnalysisFlag::max",1024,0.2,1.82322e+06
ADD,double,"AnalysisFlag::min, AnalysisFlag::max",1024,0.2,1.8349e+06
ADD,double,"AnalysisFlag::min, AnalysisFlag::max",1024,0.2,1.84995e+06
ADD,double,"AnalysisFlag::min, AnalysisFlag::max",1024,0.2,1.84715e+06
ADD,double,"AnalysisFlag::min, AnalysisFlag::max",1024,0.2,1.82321e+06
ADD,double,"AnalysisFlag::min, AnalysisFlag::max",1024,0.2,1.84364e+06
ADD,double,"AnalysisFlag::min, AnalysisFlag::max",2048,0.2,4.99521e+06
ADD,double,"AnalysisFlag::min, AnalysisFlag::max",2048,0.2,1.28984e+07
ADD,double,"AnalysisFlag::min, AnalysisFlag::max",2048,0.2,1.29048e+07
ADD,double,"AnalysisFlag::min, AnalysisFlag::max",2048,0.2,1.29173e+07
ADD,double,"AnalysisFlag::min, AnalysisFlag::max",2048,0.2,1.29146e+07
ADD,double,"AnalysisFlag::min, AnalysisFlag::max",2048,0.2,1.28979e+07
ADD,double,"AnalysisFlag::min, AnalysisFlag::max",2048,0.2,1.28967e+07
ADD,double,"AnalysisFlag::min, AnalysisFlag::max",2048,0.2,1.29089e+07
ADD,double,"AnalysisFlag::min, AnalysisFlag::max",2048,0.2,1.29142e+07
ADD,double,"AnalysisFlag::min, AnalysisFlag::max",2048,0.2,1.2904e+07
ADD,double,"AnalysisFlag::min, AnalysisFlag::max",4096,0.2,2.18405e+07
ADD,double,"AnalysisFlag::min, AnalysisFlag::max",4096,0.2,5.34458e+07
ADD,double,"AnalysisFlag::min, AnalysisFlag::max",4096,0.2,5.18554e+07
ADD,double,"AnalysisFlag::min, AnalysisFlag::max",4096,0.2,5.1396e+07
ADD,double,"AnalysisFlag::min, AnalysisFlag::max",4096,0.2,5.25757e+07
ADD,double,"AnalysisFlag::min, AnalysisFlag::max",4096,0.2,5.18691e+07
ADD,double,"AnalysisFlag::min, AnalysisFlag::max",4096,0.2,5.22368e+07
ADD,double,"AnalysisFlag::min, AnalysisFlag::max",4096,0.2,5.13783e+07
ADD,double,"AnalysisFlag::min, AnalysisFlag::max",4096,0.2,5.21313e+07
ADD,double,"AnalysisFlag::min, AnalysisFlag::max",4096,0.2,5.21254e+07
ADD,int64_t,"AnalysisFlag::min, AnalysisFlag::max",1024,0.2,1.15371e+06
ADD,int64_t,"AnalysisFlag::min, AnalysisFlag::max",1024,0.2,2.82466e+06
ADD,int64_t,"AnalysisFlag::min, AnalysisFlag::max",1024,0.2,2.19125e+06
ADD,int64_t,"AnalysisFlag::min, AnalysisFlag::max",1024,0.2,2.18914e+06
ADD,int64_t,"AnalysisFlag::min, AnalysisFlag::max",1024,0.2,2.22308e+06
ADD,int64_t,"AnalysisFlag::min, AnalysisFlag::max",1024,0.2,2.16704e+06
ADD,int64_t,"AnalysisFlag::min, AnalysisFlag::max",1024,0.2,2.2052e+06
ADD,int64_t,"AnalysisFlag::min, AnalysisFlag::max",1024,0.2,2.21378e+06
ADD,int64_t,"AnalysisFlag::min, AnalysisFlag::max",1024,0.2,2.2109e+06
ADD,int64_t,"AnalysisFlag::min, AnalysisFlag::max",1024,0.2,2.18425e+06
ADD,int64_t,"AnalysisFlag::min, AnalysisFlag::max",2048,0.2,4.51765e+06
ADD,int64_t,"AnalysisFlag::min, AnalysisFlag::max",2048,0.2,1.43017e+07
ADD,int64_t,"AnalysisFlag::min, AnalysisFlag::max",2048,0.2,1.4395e+07
ADD,int64_t,"AnalysisFlag::min, AnalysisFlag::max",2048,0.2,1.43791e+07
ADD,int64_t,"AnalysisFlag::min, AnalysisFlag::max",2048,0.2,1.43804e+07
ADD,int64_t,"AnalysisFlag::min, AnalysisFlag::max",2048,0.2,1.43833e+07
ADD,int64_t,"AnalysisFlag::min, AnalysisFlag::max",2048,0.2,1.43883e+07
ADD,int64_t,"AnalysisFlag::min, AnalysisFlag::max",2048,0.2,1.44204e+07
ADD,int64_t,"AnalysisFlag::min, AnalysisFlag::max",2048,0.2,1.43976e+07
ADD,int64_t,"AnalysisFlag::min, AnalysisFlag::max",2048,0.2,1.43881e+07
ADD,int64_t,"AnalysisFlag::min, AnalysisFlag::max",4096,0.2,1.85751e+07
ADD,int64_t,"AnalysisFlag::min, AnalysisFlag::max",4096,0.2,5.97572e+07
ADD,int64_t,"AnalysisFlag::min, AnalysisFlag::max",4096,0.2,5.75722e+07
ADD,int64_t,"AnalysisFlag::min, AnalysisFlag::max",4096,0.2,5.83426e+07
ADD,int64_t,"AnalysisFlag::min, AnalysisFlag::max",4096,0.2,5.84108e+07
ADD,int64_t,"AnalysisFlag::min, AnalysisFlag::max",4096,0.2,5.84702e+07
ADD,int64_t,"AnalysisFlag::min, AnalysisFlag::max",4096,0.2,5.76018e+07
ADD,int64_t,"AnalysisFlag::min, AnalysisFlag::max",4096,0.2,5.83049e+07
ADD,int64_t,"AnalysisFlag::min, AnalysisFlag::max",4096,0.2,5.8379e+07
ADD,int64_t,"AnalysisFlag::min, AnalysisFlag::max",4096,0.2,5.75938e+07
ADD,double,"AnalysisFlag::min, AnalysisFlag::max",1024,0.25,4.28769e+06
ADD,double,"AnalysisFlag::min, AnalysisFlag::max",1024,0.25,2.41087e+06
ADD,double,"AnalysisFlag::min, AnalysisFlag::max",1024,0.25,2.42064e+06
ADD,double,"AnalysisFlag::min, AnalysisFlag::max",1024,0.25,2.41917e+06
ADD,double,"AnalysisFlag::min, AnalysisFlag::max",1024,0.25,2.41224e+06
ADD,double,"AnalysisFlag::min, AnalysisFlag::max",1024,0.25,2.40912e+06
ADD,double,"AnalysisFlag::min, AnalysisFlag::max",1024,0.25,2.41258e+06
ADD,double,"AnalysisFlag::min, AnalysisFlag::max",1024,0.25,2.41442e+06
ADD,double,"AnalysisFlag::min, AnalysisFlag::max",1024,0.25,2.41875e+06
ADD,double,"AnalysisFlag::min, AnalysisFlag::max",1024,0.25,2.42038e+06
ADD,double,"AnalysisFlag::min, AnalysisFlag::max",2048,0.25,1.69832e+07
ADD,double,"AnalysisFlag::min, AnalysisFlag::max",2048,0.25,1.69917e+07
ADD,double,"AnalysisFlag::min, AnalysisFlag::max",2048,0.25,1.69834e+07
ADD,double,"AnalysisFlag::min, AnalysisFlag::max",2048,0.25,1.69938e+07
ADD,double,"AnalysisFlag::min, AnalysisFlag::max",2048,0.25,1.69953e+07
ADD,double,"AnalysisFlag::min, AnalysisFlag::max",2048,0.25,1.69791e+07
ADD,double,"AnalysisFlag::min, AnalysisFlag::max",2048,0.25,1.7015e+07
ADD,double,"AnalysisFlag::min, AnalysisFlag::max",2048,0.25,1.70168e+07
ADD,double,"AnalysisFlag::min, AnalysisFlag::max",2048,0.25,1.69991e+07
ADD,double,"AnalysisFlag::min, AnalysisFlag::max",2048,0.25,1.7007e+07
ADD,double,"AnalysisFlag::min, AnalysisFlag::max",4096,0.25,7.23388e+07
ADD,double,"AnalysisFlag::min, AnalysisFlag::max",4096,0.25,6.86675e+07
ADD,double,"AnalysisFlag::min, AnalysisFlag::max",4096,0.25,6.95459e+07
ADD,double,"AnalysisFlag::min, AnalysisFlag::max",4096,0.25,6.83048e+07
ADD,double,"AnalysisFlag::min, AnalysisFlag::max",4096,0.25,6.9411e+07
ADD,double,"AnalysisFlag::min, AnalysisFlag::max",4096,0.25,6.94494e+07
ADD,double,"AnalysisFlag::min, AnalysisFlag::max",4096,0.25,6.93147e+07
ADD,double,"AnalysisFlag::min, AnalysisFlag::max",4096,0.25,6.83167e+07
ADD,double,"AnalysisFlag::min, AnalysisFlag::max",4096,0.25,6.93297e+07
ADD,double,"AnalysisFlag::min, AnalysisFlag::max",4096,0.25,6.93917e+07
ADD,int64_t,"AnalysisFlag::min, AnalysisFlag::max",1024,0.25,998548
ADD,int64_t,"AnalysisFlag::min, AnalysisFlag::max",1024,0.25,937058
ADD,int64_t,"AnalysisFlag::min, AnalysisFlag::max",1024,0.25,918684
ADD,int64_t,"AnalysisFlag::min, AnalysisFlag::max",1024,0.25,923515
ADD,int64_t,"AnalysisFlag::min, AnalysisFlag::max",1024,0.25,1.13743e+06
ADD,int64_t,"AnalysisFlag::min, AnalysisFlag::max",1024,0.25,913861
ADD,int64_t,"AnalysisFlag::min, AnalysisFlag::max",1024,0.25,913311
ADD,int64_t,"AnalysisFlag::min, AnalysisFlag::max",1024,0.25,915972
ADD,int64_t,"AnalysisFlag::min, AnalysisFlag::max",1024,0.25,929962
ADD,int64_t,"AnalysisFlag::min, AnalysisFlag::max",1024,0.25,925946
ADD,int64_t,"AnalysisFlag::min, AnalysisFlag::max",2048,0.25,1.10934e+07
ADD,int64_t,"AnalysisFlag::min, AnalysisFlag::max",2048,0.25,1.10782e+07
ADD,int64_t,"AnalysisFlag::min, AnalysisFlag::max",2048,0.25,1.11109e+07
ADD,int64_t,"AnalysisFlag::min, AnalysisFlag::max",2048,0.25,1.10927e+07
ADD,int64_t,"AnalysisFlag::min, AnalysisFlag::max",2048,0.25,1.10778e+07
ADD,int64_t,"AnalysisFlag::min, AnalysisFlag::max",2048,0.25,1.10861e+07
ADD,int64_t,"AnalysisFlag::min, AnalysisFlag::max",2048,0.25,1.10854e+07
ADD,int64_t,"AnalysisFlag::min, AnalysisFlag::max",2048,0.25,1.10969e+07
ADD,int64_t,"AnalysisFlag::min, AnalysisFlag::max",2048,0.25,1.10951e+07
ADD,int64_t,"AnalysisFlag::min, AnalysisFlag::max",2048,0.25,1.1097e+07
ADD,int64_t,"AnalysisFlag::min, AnalysisFlag::max",4096,0.25,4.61932e+07
ADD,int64_t,"AnalysisFlag::min, AnalysisFlag::max",4096,0.25,4.57508e+07
ADD,int64_t,"AnalysisFlag::min, AnalysisFlag::max",4096,0.25,4.54681e+07
ADD,int64_t,"AnalysisFlag::min, AnalysisFlag::max",4096,0.25,4.43779e+07
ADD,int64_t,"AnalysisFlag::min, AnalysisFlag::max",4096,0.25,4.59432e+07
ADD,int64_t,"AnalysisFlag::min, AnalysisFlag::max",4096,0.25,4.54435e+07
ADD,int64_t,"AnalysisFlag::min, AnalysisFlag::max",4096,0.25,4.42804e+07
ADD,int64_t,"AnalysisFlag::min, AnalysisFlag::max",4096,0.25,4.57469e+07
ADD,int64_t,"AnalysisFlag::min, AnalysisFlag::max",4096,0.25,4.59454e+07
ADD,int64_t,"AnalysisFlag::min, AnalysisFlag::max",4096,0.25,4.43207e+07
ADD,double,"AnalysisFlag::min, AnalysisFlag::max",1024,1,2.47947e+06
ADD,double,"AnalysisFlag::min, AnalysisFlag::max",1024,1,2.41161e+06
ADD,double,"AnalysisFlag::min, AnalysisFlag::max",1024,1,2.416e+06
ADD,double,"AnalysisFlag::min, AnalysisFlag::max",1024,1,2.41476e+06
ADD,double,"AnalysisFlag::min, AnalysisFlag::max",1024,1,2.41629e+06
ADD,double,"AnalysisFlag::min, AnalysisFlag::max",1024,1,2.41541e+06
ADD,double,"AnalysisFlag::min, AnalysisFlag::max",1024,1,2.40823e+06
ADD,double,"AnalysisFlag::min, AnalysisFlag::max",1024,1,2.4137e+06
ADD,double,"AnalysisFlag::min, AnalysisFlag::max",1024,1,2.41601e+06
ADD,double,"AnalysisFlag::min, AnalysisFlag::max",1024,1,2.41281e+06
ADD,double,"AnalysisFlag::min, AnalysisFlag::max",2048,1,1.69884e+07
ADD,double,"AnalysisFlag::min, AnalysisFlag::max",2048,1,1.69835e+07
ADD,double,"AnalysisFlag::min, AnalysisFlag::max",2048,1,1.69493e+07
ADD,double,"AnalysisFlag::min, AnalysisFlag::max",2048,1,1.69734e+07
ADD,double,"AnalysisFlag::min, AnalysisFlag::max",2048,1,1.69634e+07
ADD,double,"AnalysisFlag::min, AnalysisFlag::max",2048,1,1.69776e+07
ADD,double,"AnalysisFlag::min, AnalysisFlag::max",2048,1,1.6982e+07
ADD,double,"AnalysisFlag::min, AnalysisFlag::max",2048,1,1.69799e+07
ADD,double,"AnalysisFlag::min, AnalysisFlag::max",2048,1,1.69752e+07
ADD,double,"AnalysisFlag::min, AnalysisFlag::max",2048,1,1.69778e+07
ADD,double,"AnalysisFlag::min, AnalysisFlag::max",4096,1,7.14065e+07
ADD,double,"AnalysisFlag::min, AnalysisFlag::max",4096,1,6.79071e+07
ADD,double,"AnalysisFlag::min, AnalysisFlag::max",4096,1,6.79077e+07
ADD,double,"AnalysisFlag::min, AnalysisFlag::max",4096,1,6.9131e+07
ADD,double,"AnalysisFlag::min, AnalysisFlag::max",4096,1,6.78654e+07
ADD,double,"AnalysisFlag::min, AnalysisFlag::max",4096,1,6.79088e+07
ADD,double,"AnalysisFlag::min, AnalysisFlag::max",4096,1,6.78647e+07
ADD,double,"AnalysisFlag::min, AnalysisFlag::max",4096,1,6.96529e+07
ADD,double,"AnalysisFlag::min, AnalysisFlag::max",4096,1,6.78818e+07
ADD,double,"AnalysisFlag::min, AnalysisFlag::max",4096,1,6.78983e+07
ADD,int64_t,"AnalysisFlag::min, AnalysisFlag::max",1024,1,1.09502e+06
ADD,int64_t,"AnalysisFlag::min, AnalysisFlag::max",1024,1,1.00997e+06
ADD,int64_t,"AnalysisFlag::min, AnalysisFlag::max",1024,1,967486
ADD,int64_t,"AnalysisFlag::min, AnalysisFlag::max",1024,1,963808
ADD,int64_t,"AnalysisFlag::min, AnalysisFlag::max",1024,1,959227
ADD,int64_t,"AnalysisFlag::min, AnalysisFlag::max",1024,1,955253
ADD,int64_t,"AnalysisFlag::min, AnalysisFlag::max",1024,1,955685
ADD,int64_t,"AnalysisFlag::min, AnalysisFlag::max",1024,1,949122
ADD,int64_t,"AnalysisFlag::min, AnalysisFlag::max",1024,1,946381
ADD,int64_t,"AnalysisFlag::min, AnalysisFlag::max",1024,1,952909
ADD,int64_t,"AnalysisFlag::min, AnalysisFlag::max",2048,1,1.11244e+07
ADD,int64_t,"AnalysisFlag::min, AnalysisFlag::max",2048,1,1.10758e+07
ADD,int64_t,"AnalysisFlag::min, AnalysisFlag::max",2048,1,1.10432e+07
ADD,int64_t,"AnalysisFlag::min, AnalysisFlag::max",2048,1,1.1056e+07
ADD,int64_t,"AnalysisFlag::min, AnalysisFlag::max",2048,1,1.10616e+07
ADD,int64_t,"AnalysisFlag::min, AnalysisFlag::max",2048,1,1.10522e+07
ADD,int64_t,"AnalysisFlag::min, AnalysisFlag::max",2048,1,1.10499e+07
ADD,int64_t,"AnalysisFlag::min, AnalysisFlag::max",2048,1,1.10597e+07
ADD,int64_t,"AnalysisFlag::min, AnalysisFlag::max",2048,1,1.10537e+07
ADD,int64_t,"AnalysisFlag::min, AnalysisFlag::max",2048,1,1.10483e+07
ADD,int64_t,"AnalysisFlag::min, AnalysisFlag::max",4096,1,4.50306e+07
ADD,int64_t,"AnalysisFlag::min, AnalysisFlag::max",4096,1,4.43388e+07
ADD,int64_t,"AnalysisFlag::min, AnalysisFlag::max",4096,1,4.57349e+07
ADD,int64_t,"AnalysisFlag::min, AnalysisFlag::max",4096,1,4.43049e+07
ADD,int64_t,"AnalysisFlag::min, AnalysisFlag::max",4096,1,4.4308e+07
ADD,int64_t,"AnalysisFlag::min, AnalysisFlag::max",4096,1,4.42901e+07
ADD,int64_t,"AnalysisFlag::min, AnalysisFlag::max",4096,1,4.42887e+07
ADD,int64_t,"AnalysisFlag::min, AnalysisFlag::max",4096,1,4.58819e+07
ADD,int64_t,"AnalysisFlag::min, AnalysisFlag::max",4096,1,4.43303e+07
ADD,int64_t,"AnalysisFlag::min, AnalysisFlag::max",4096,1,4.43032e+07
MUL,double,"AnalysisFlag::min, AnalysisFlag::max",1024,0.001,15569
MUL,double,"AnalysisFlag::min, AnalysisFlag::max",1024,0.001,15588
MUL,double,"AnalysisFlag::min, AnalysisFlag::max",1024,0.001,15573
MUL,double,"AnalysisFlag::min, AnalysisFlag::max",1024,0.001,15124
MUL,double,"AnalysisFlag::min, AnalysisFlag::max",1024,0.001,14981
MUL,double,"AnalysisFlag::min, AnalysisFlag::max",1024,0.001,15085
MUL,double,"AnalysisFlag::min, AnalysisFlag::max",1024,0.001,14740
MUL,double,"AnalysisFlag::min, AnalysisFlag::max",1024,0.001,17110
MUL,double,"AnalysisFlag::min, AnalysisFlag::max",1024,0.001,15406
MUL,double,"AnalysisFlag::min, AnalysisFlag::max",1024,0.001,14754
MUL,double,"AnalysisFlag::min, AnalysisFlag::max",2048,0.001,36350
MUL,double,"AnalysisFlag::min, AnalysisFlag::max",2048,0.001,48545
MUL,double,"AnalysisFlag::min, AnalysisFlag::max",2048,0.001,46970
MUL,double,"AnalysisFlag::min, AnalysisFlag::max",2048,0.001,48191
MUL,double,"AnalysisFlag::min, AnalysisFlag::max",2048,0.001,46779
MUL,double,"AnalysisFlag::min, AnalysisFlag::max",2048,0.001,46890
MUL,double,"AnalysisFlag::min, AnalysisFlag::max",2048,0.001,47745
MUL,double,"AnalysisFlag::min, AnalysisFlag::max",2048,0.001,47920
MUL,double,"AnalysisFlag::min, AnalysisFlag::max",2048,0.001,46439
MUL,double,"AnalysisFlag::min, AnalysisFlag::max",2048,0.001,45788
MUL,double,"AnalysisFlag::min, AnalysisFlag::max",4096,0.001,90056
MUL,double,"AnalysisFlag::min, AnalysisFlag::max",4096,0.001,161529
MUL,double,"AnalysisFlag::min, AnalysisFlag::max",4096,0.001,162069
MUL,double,"AnalysisFlag::min, AnalysisFlag::max",4096,0.001,157347
MUL,double,"AnalysisFlag::min, AnalysisFlag::max",4096,0.001,156826
MUL,double,"AnalysisFlag::min, AnalysisFlag::max",4096,0.001,157618
MUL,double,"AnalysisFlag::min, AnalysisFlag::max",4096,0.001,157890
MUL,double,"AnalysisFlag::min, AnalysisFlag::max",4096,0.001,155086
MUL,double,"AnalysisFlag::min, AnalysisFlag::max",4096,0.001,156906
MUL,double,"AnalysisFlag::min, AnalysisFlag::max",4096,0.001,156422
MUL,int64_t,"AnalysisFlag::min, AnalysisFlag::max",1024,0.001,14948
MUL,int64_t,"AnalysisFlag::min, AnalysisFlag::max",1024,0.001,14246
MUL,int64_t,"AnalysisFlag::min, AnalysisFlag::max",1024,0.001,14284
MUL,int64_t,"AnalysisFlag::min, AnalysisFlag::max",1024,0.001,14047
MUL,int64_t,"AnalysisFlag::min, AnalysisFlag::max",1024,0.001,14560
MUL,int64_t,"AnalysisFlag::min, AnalysisFlag::max",1024,0.001,14532
MUL,int64_t,"AnalysisFlag::min, AnalysisFlag::max",1024,0.001,13654
MUL,int64_t,"AnalysisFlag::min, AnalysisFlag::max",1024,0.001,13884
MUL,int64_t,"AnalysisFlag::min, AnalysisFlag::max",1024,0.001,13936
MUL,int64_t,"AnalysisFlag::min, AnalysisFlag::max",1024,0.001,14312
MUL,int64_t,"AnalysisFlag::min, AnalysisFlag::max",2048,0.001,37506
MUL,int64_t,"AnalysisFlag::min, AnalysisFlag::max",2048,0.001,47263
MUL,int64_t,"AnalysisFlag::min, AnalysisFlag::max",2048,0.001,45979
MUL,int64_t,"AnalysisFlag::min, AnalysisFlag::max",2048,0.001,45985
MUL,int64_t,"AnalysisFlag::min, AnalysisFlag::max",2048,0.001,45854
MUL,int64_t,"AnalysisFlag::min, AnalysisFlag::max",2048,0.001,46512
MUL,int64_t,"AnalysisFlag::min, AnalysisFlag::max",2048,0.001,45632
MUL,int64_t,"AnalysisFlag::min, AnalysisFlag::max",2048,0.001,45638
MUL,int64_t,"AnalysisFlag::min, AnalysisFlag::max",2048,0.001,45698
MUL,int64_t,"AnalysisFlag::min, AnalysisFlag::max",2048,0.001,46280
MUL,int64_t,"AnalysisFlag::min, AnalysisFlag::max",4096,0.001,92982
MUL,int64_t,"AnalysisFlag::min, AnalysisFlag::max",4096,0.001,162621
MUL,int64_t,"AnalysisFlag::min, AnalysisFlag::max",4096,0.001,161374
MUL,int64_t,"AnalysisFlag::min, AnalysisFlag::max",4096,0.001,162017
MUL,int64_t,"AnalysisFlag::min, AnalysisFlag::max",4096,0.001,161349
MUL,int64_t,"AnalysisFlag::min, AnalysisFlag::max",4096,0.001,161656
MUL,int64_t,"AnalysisFlag::min, AnalysisFlag::max",4096,0.001,161213
MUL,int64_t,"AnalysisFlag::min, AnalysisFlag::max",4096,0.001,160504
MUL,int64_t,"AnalysisFlag::min, AnalysisFlag::max",4096,0.001,161495
MUL,int64_t,"AnalysisFlag::min, AnalysisFlag::max",4096,0.001,161744
MUL,double,"AnalysisFlag::min, AnalysisFlag::max",1024,0.01,31018
MUL,double,"AnalysisFlag::min, AnalysisFlag::max",1024,0.01,89637
MUL,double,"AnalysisFlag::min, AnalysisFlag::max",1024,0.01,89559
MUL,double,"AnalysisFlag::min, AnalysisFlag::max",1024,0.01,89499
MUL,double,"AnalysisFlag::min, AnalysisFlag::max",1024,0.01,89054
MUL,double,"AnalysisFlag::min, AnalysisFlag::max",1024,0.01,89303
MUL,double,"AnalysisFlag::min, AnalysisFlag::max",1024,0.01,88752
MUL,double,"AnalysisFlag::min, AnalysisFlag::max",1024,0.01,88687
MUL,double,"AnalysisFlag::min, AnalysisFlag::max",1024,0.01,90420
MUL,double,"AnalysisFlag::min, AnalysisFlag::max",1024,0.01,88924
MUL,double,"AnalysisFlag::min, AnalysisFlag::max",2048,0.01,102211
MUL,double,"AnalysisFlag::min, AnalysisFlag::max",2048,0.01,344156
MUL,double,"AnalysisFlag::min, AnalysisFlag::max",2048,0.01,343488
MUL,double,"AnalysisFlag::min, AnalysisFlag::max",2048,0.01,341139
MUL,double,"AnalysisFlag::min, AnalysisFlag::max",2048,0.01,342822
MUL,double,"AnalysisFlag::min, AnalysisFlag::max",2048,0.01,343607
MUL,double,"AnalysisFlag::min, AnalysisFlag::max",2048,0.01,343180
MUL,double,"AnalysisFlag::min, AnalysisFlag::max",2048,0.01,341867
MUL,double,"AnalysisFlag::min, AnalysisFlag::max",2048,0.01,340539
MUL,double,"AnalysisFlag::min, AnalysisFlag::max",2048,0.01,342392
MUL,double,"AnalysisFlag::min, AnalysisFlag::max",4096,0.01,428282
MUL,double,"AnalysisFlag::min, AnalysisFlag::max",4096,0.01,1.38316e+06
MUL,double,"AnalysisFlag::min, AnalysisFlag::max",4096,0.01,1.364e+06
MUL,double,"AnalysisFlag::min, AnalysisFlag::max",4096,0.01,1.39116e+06
MUL,double,"AnalysisFlag::min, AnalysisFlag::max",4096,0.01,1.34227e+06
MUL,double,"AnalysisFlag::min, AnalysisFlag::max",4096,0.01,1.36343e+06
MUL,double,"AnalysisFlag::min, AnalysisFlag::max",4096,0.01,1.37414e+06
MUL,double,"AnalysisFlag::min, AnalysisFlag::max",4096,0.01,1.35137e+06
MUL,double,"AnalysisFlag::min, AnalysisFlag::max",4096,0.01,1.34763e+06
MUL,double,"AnalysisFlag::min, AnalysisFlag::max",4096,0.01,1.39878e+06
MUL,int64_t,"AnalysisFlag::min, AnalysisFlag::max",1024,0.01,35565
MUL,int64_t,"AnalysisFlag::min, AnalysisFlag::max",1024,0.01,92879
MUL,int64_t,"AnalysisFlag::min, AnalysisFlag::max",1024,0.01,92274
MUL,int64_t,"AnalysisFlag::min, AnalysisFlag::max",1024,0.01,91463
MUL,int64_t,"AnalysisFlag::min, AnalysisFlag::max",1024,0.01,92605
MUL,int64_t,"AnalysisFlag::min, AnalysisFlag::max",1024,0.01,91869
MUL,int64_t,"AnalysisFlag::min, AnalysisFlag::max",1024,0.01,91134
MUL,int64_t,"AnalysisFlag::min, AnalysisFlag::max",1024,0.01,92972
MUL,int64_t,"AnalysisFlag::min, AnalysisFlag::max",1024,0.01,91600
MUL,int64_t,"AnalysisFlag::min, AnalysisFlag::max",1024,0.01,90854
MUL,int64_t,"AnalysisFlag::min, AnalysisFlag::max",2048,0.01,103128
MUL,int64_t,"AnalysisFlag::min, AnalysisFlag::max",2048,0.01,349494
MUL,int64_t,"AnalysisFlag::min, AnalysisFlag::max",2048,0.01,353762
MUL,int64_t,"AnalysisFlag::min, AnalysisFlag::max",2048,0.01,352034
MUL,int64_t,"AnalysisFlag::min, AnalysisFlag::max",2048,0.01,353067
MUL,int64_t,"AnalysisFlag::min, AnalysisFlag::max",2048,0.01,351164
MUL,int64_t,"AnalysisFlag::min, AnalysisFlag::max",2048,0.01,353311
MUL,int64_t,"AnalysisFlag::min, AnalysisFlag::max",2048,0.01,350932
MUL,int64_t,"AnalysisFlag::min, AnalysisFlag::max",2048,0.01,349743
MUL,int64_t,"AnalysisFlag::min, AnalysisFlag::max",2048,0.01,351175
MUL,int64_t,"AnalysisFlag::min, AnalysisFlag::max",4096,0.01,391732
MUL,int64_t,"AnalysisFlag::min, AnalysisFlag::max",4096,0.01,1.387e+06
MUL,int64_t,"AnalysisFlag::min, AnalysisFlag::max",4096,0.01,1.41195e+06
MUL,int64_t,"AnalysisFlag::min, AnalysisFlag::max",4096,0.01,1.43479e+06
MUL,int64_t,"AnalysisFlag::min, AnalysisFlag::max",4096,0.01,1.42866e+06
MUL,int64_t,"AnalysisFlag::min, AnalysisFlag::max",4096,0.01,1.3851e+06
MUL,int64_t,"AnalysisFlag::min, AnalysisFlag::max",4096,0.01,1.38004e+06
MUL,int64_t,"AnalysisFlag::min, AnalysisFlag::max",4096,0.01,1.38255e+06
MUL,int64_t,"AnalysisFlag::min, AnalysisFlag::max",4096,0.01,1.38892e+06
MUL,int64_t,"AnalysisFlag::min, AnalysisFlag::max",4096,0.01,1.38177e+06
MUL,double,"AnalysisFlag::min, AnalysisFlag::max",1024,0.05,123664
MUL,double,"AnalysisFlag::min, AnalysisFlag::max",1024,0.05,457040
MUL,double,"AnalysisFlag::min, AnalysisFlag::max",1024,0.05,449877
MUL,double,"AnalysisFlag::min, AnalysisFlag::max",1024,0.05,420216
MUL,double,"AnalysisFlag::min, AnalysisFlag::max",1024,0.05,427239
MUL,double,"AnalysisFlag::min, AnalysisFlag::max",1024,0.05,420098
MUL,double,"AnalysisFlag::min, AnalysisFlag::max",1024,0.05,418617
MUL,double,"AnalysisFlag::min, AnalysisFlag::max",1024,0.05,421760
MUL,double,"AnalysisFlag::min, AnalysisFlag::max",1024,0.05,418271
MUL,double,"AnalysisFlag::min, AnalysisFlag::max",1024,0.05,420425
MUL,double,"AnalysisFlag::min, AnalysisFlag::max",2048,0.05,529209
MUL,double,"AnalysisFlag::min, AnalysisFlag::max",2048,0.05,1.66771e+06
MUL,double,"AnalysisFlag::min, AnalysisFlag::max",2048,0.05,1.69113e+06
MUL,double,"AnalysisFlag::min, AnalysisFlag::max",2048,0.05,1.71878e+06
MUL,double,"AnalysisFlag::min, AnalysisFlag::max",2048,0.05,1.70391e+06
MUL,double,"AnalysisFlag::min, AnalysisFlag::max",2048,0.05,1.66964e+06
MUL,double,"AnalysisFlag::min, AnalysisFlag::max",2048,0.05,1.66986e+06
MUL,double,"AnalysisFlag::min, AnalysisFlag::max",2048,0.05,1.6818e+06
MUL,double,"AnalysisFlag::min, AnalysisFlag::max",2048,0.05,1.70884e+06
MUL,double,"AnalysisFlag::min, AnalysisFlag::max",2048,0.05,1.70175e+06
MUL,double,"AnalysisFlag::min, AnalysisFlag::max",4096,0.05,4.99552e+06
MUL,double,"AnalysisFlag::min, AnalysisFlag::max",4096,0.05,6.81614e+06
MUL,double,"AnalysisFlag::min, AnalysisFlag::max",4096,0.05,6.90759e+06
MUL,double,"AnalysisFlag::min, AnalysisFlag::max",4096,0.05,6.78662e+06
MUL,double,"AnalysisFlag::min, AnalysisFlag::max",4096,0.05,6.79969e+06
MUL,double,"AnalysisFlag::min, AnalysisFlag::max",4096,0.05,6.77526e+06
MUL,double,"AnalysisFlag::min, AnalysisFlag::max",4096,0.05,6.8833e+06
MUL,double,"AnalysisFlag::min, AnalysisFlag::max",4096,0.05,6.77081e+06
MUL,double,"AnalysisFlag::min, AnalysisFlag::max",4096,0.05,6.7543e+06
MUL,double,"AnalysisFlag::min, AnalysisFlag::max",4096,0.05,6.79771e+06
MUL,int64_t,"AnalysisFlag::min, AnalysisFlag::max",1024,0.05,143863
MUL,int64_t,"AnalysisFlag::min, AnalysisFlag::max",1024,0.05,431975
MUL,int64_t,"AnalysisFlag::min, AnalysisFlag::max",1024,0.05,434508
MUL,int64_t,"AnalysisFlag::min, AnalysisFlag::max",1024,0.05,437712
MUL,int64_t,"AnalysisFlag::min, AnalysisFlag::max",1024,0.05,432405
MUL,int64_t,"AnalysisFlag::min, AnalysisFlag::max",1024,0.05,431622
MUL,int64_t,"AnalysisFlag::min, AnalysisFlag::max",1024,0.05,434036
MUL,int64_t,"AnalysisFlag::min, AnalysisFlag::max",1024,0.05,478963
MUL,int64_t,"AnalysisFlag::min, AnalysisFlag::max",1024,0.05,434064
MUL,int64_t,"AnalysisFlag::min, AnalysisFlag::max",1024,0.05,467053
MUL,int64_t,"AnalysisFlag::min, AnalysisFlag::max",2048,0.05,520392
MUL,int64_t,"AnalysisFlag::min, AnalysisFlag::max",2048,0.05,1.73704e+06
MUL,int64_t,"AnalysisFlag::min, AnalysisFlag::max",2048,0.05,1.76207e+06
MUL,int64_t,"AnalysisFlag::min, AnalysisFlag::max",2048,0.05,1.74696e+06
MUL,int64_t,"AnalysisFlag::min, AnalysisFlag::max",2048,0.05,1.71543e+06
MUL,int64_t,"AnalysisFlag::min, AnalysisFlag::max",2048,0.05,1.74574e+06
MUL,int64_t,"AnalysisFlag::min, AnalysisFlag::max",2048,0.05,1.78559e+06
MUL,int64_t,"AnalysisFlag::min, AnalysisFlag::max",2048,0.05,1.72125e+06
MUL,int64_t,"AnalysisFlag::min, AnalysisFlag::max",2048,0.05,1.77009e+06
MUL,int64_t,"AnalysisFlag::min, AnalysisFlag::max",2048,0.05,1.71705e+06
MUL,int64_t,"AnalysisFlag::min, AnalysisFlag::max",4096,0.05,1.98042e+06
MUL,int64_t,"AnalysisFlag::min, AnalysisFlag::max",4096,0.05,6.95349e+06
MUL,int64_t,"AnalysisFlag::min, AnalysisFlag::max",4096,0.05,6.95099e+06
MUL,int64_t,"AnalysisFlag::min, AnalysisFlag::max",4096,0.05,6.95352e+06
MUL,int64_t,"AnalysisFlag::min, AnalysisFlag::max",4096,0.05,6.93962e+06
MUL,int64_t,"AnalysisFlag::min, AnalysisFlag::max",4096,0.05,6.95134e+06
MUL,int64_t,"AnalysisFlag::min, AnalysisFlag::max",4096,0.05,6.92371e+06
MUL,int64_t,"AnalysisFlag::min, AnalysisFlag::max",4096,0.05,6.93581e+06
MUL,int64_t,"AnalysisFlag::min, AnalysisFlag::max",4096,0.05,6.93491e+06
MUL,int64_t,"AnalysisFlag::min, AnalysisFlag::max",4096,0.05,6.92031e+06
MUL,double,"AnalysisFlag::min, AnalysisFlag::max",1024,0.1,244816
MUL,double,"AnalysisFlag::min, AnalysisFlag::max",1024,0.1,861153
MUL,double,"AnalysisFlag::min, AnalysisFlag::max",1024,0.1,886199
MUL,double,"AnalysisFlag::min, AnalysisFlag::max",1024,0.1,873703
MUL,double,"AnalysisFlag::min, AnalysisFlag::max",1024,0.1,879500
MUL,double,"AnalysisFlag::min, AnalysisFlag::max",1024,0.1,895370
MUL,double,"AnalysisFlag::min, AnalysisFlag::max",1024,0.1,881894
MUL,double,"AnalysisFlag::min, AnalysisFlag::max",1024,0.1,832686
MUL,double,"AnalysisFlag::min, AnalysisFlag::max",1024,0.1,838553
MUL,double,"AnalysisFlag::min, AnalysisFlag::max",1024,0.1,858565
MUL,double,"AnalysisFlag::min, AnalysisFlag::max",2048,0.1,1.02307e+06
MUL,double,"AnalysisFlag::min, AnalysisFlag::max",2048,0.1,3.34407e+06
MUL,double,"AnalysisFlag::min, AnalysisFlag::max",2048,0.1,3.366e+06
MUL,double,"AnalysisFlag::min, AnalysisFlag::max",2048,0.1,3.35529e+06
MUL,double,"AnalysisFlag::min, AnalysisFlag::max",2048,0.1,3.37654e+06
MUL,double,"AnalysisFlag::min, AnalysisFlag::max",2048,0.1,3.37332e+06
MUL,double,"AnalysisFlag::min, AnalysisFlag::max",2048,0.1,3.3916e+06
MUL,double,"AnalysisFlag::min, AnalysisFlag::max",2048,0.1,3.36654e+06
MUL,double,"AnalysisFlag::min, AnalysisFlag::max",2048,0.1,3.37169e+06
MUL,double,"AnalysisFlag::min, AnalysisFlag::max",2048,0.1,3.3905e+06
MUL,double,"AnalysisFlag::min, AnalysisFlag::max",4096,0.1,1.06417e+07
MUL,double,"AnalysisFlag::min, AnalysisFlag::max",4096,0.1,1.46117e+07
MUL,double,"AnalysisFlag::min, AnalysisFlag::max",4096,0.1,1.45601e+07
MUL,double,"AnalysisFlag::min, AnalysisFlag::max",4096,0.1,1.45891e+07
MUL,double,"AnalysisFlag::min, AnalysisFlag::max",4096,0.1,1.47247e+07
MUL,double,"AnalysisFlag::min, AnalysisFlag::max",4096,0.1,1.46019e+07
MUL,double,"AnalysisFlag::min, AnalysisFlag::max",4096,0.1,1.45706e+07
MUL,double,"AnalysisFlag::min, AnalysisFlag::max",4096,0.1,1.46853e+07
MUL,double,"AnalysisFlag::min, AnalysisFlag::max",4096,0.1,1.45549e+07
MUL,double,"AnalysisFlag::min, AnalysisFlag::max",4096,0.1,1.45462e+07
MUL,int64_t,"AnalysisFlag::min, AnalysisFlag::max",1024,0.1,567959
MUL,int64_t,"AnalysisFlag::min, AnalysisFlag::max",1024,0.1,887342
MUL,int64_t,"AnalysisFlag::min, AnalysisFlag::max",1024,0.1,883039
MUL,int64_t,"AnalysisFlag::min, AnalysisFlag::max",1024,0.1,876548
MUL,int64_t,"AnalysisFlag::min, AnalysisFlag::max",1024,0.1,860682
MUL,int64_t,"AnalysisFlag::min, AnalysisFlag::max",1024,0.1,882441
MUL,int64_t,"AnalysisFlag::min, AnalysisFlag::max",1024,0.1,854405
MUL,int64_t,"AnalysisFlag::min, AnalysisFlag::max",1024,0.1,856965
MUL,int64_t,"AnalysisFlag::min, AnalysisFlag::max",1024,0.1,908498
MUL,int64_t,"AnalysisFlag::min, AnalysisFlag::max",1024,0.1,896430
MUL,int64_t,"AnalysisFlag::min, AnalysisFlag::max",2048,0.1,2.32004e+06
MUL,int64_t,"AnalysisFlag::min, AnalysisFlag::max",2048,0.1,3.4777e+06
MUL,int64_t,"AnalysisFlag::min, AnalysisFlag::max",2048,0.1,3.46799e+06
MUL,int64_t,"AnalysisFlag::min, AnalysisFlag::max",2048,0.1,3.48687e+06
MUL,int64_t,"AnalysisFlag::min, AnalysisFlag::max",2048,0.1,3.47246e+06
MUL,int64_t,"AnalysisFlag::min, AnalysisFlag::max",2048,0.1,3.46349e+06
MUL,int64_t,"AnalysisFlag::min, AnalysisFlag::max",2048,0.1,3.44797e+06
MUL,int64_t,"AnalysisFlag::min, AnalysisFlag::max",2048,0.1,3.4716e+06
MUL,int64_t,"AnalysisFlag::min, AnalysisFlag::max",2048,0.1,3.50312e+06
MUL,int64_t,"AnalysisFlag::min, AnalysisFlag::max",2048,0.1,3.46225e+06
MUL,int64_t,"AnalysisFlag::min, AnalysisFlag::max",4096,0.1,9.89322e+06
MUL,int64_t,"AnalysisFlag::min, AnalysisFlag::max",4096,0.1,1.49468e+07
MUL,int64_t,"AnalysisFlag::min, AnalysisFlag::max",4096,0.1,1.48769e+07
MUL,int64_t,"AnalysisFlag::min, AnalysisFlag::max",4096,0.1,1.497e+07
MUL,int64_t,"AnalysisFlag::min, AnalysisFlag::max",4096,0.1,1.49302e+07
MUL,int64_t,"AnalysisFlag::min, AnalysisFlag::max",4096,0.1,1.48695e+07
MUL,int64_t,"AnalysisFlag::min, AnalysisFlag::max",4096,0.1,1.48584e+07
MUL,int64_t,"AnalysisFlag::min, AnalysisFlag::max",4096,0.1,1.49166e+07
MUL,int64_t,"AnalysisFlag::min, AnalysisFlag::max",4096,0.1,1.50921e+07
MUL,int64_t,"AnalysisFlag::min, AnalysisFlag::max",4096,0.1,1.48921e+07
MUL,double,"AnalysisFlag::min, AnalysisFlag::max",1024,0.2,1.253e+06
MUL,double,"AnalysisFlag::min, AnalysisFlag::max",1024,0.2,1.72934e+06
MUL,double,"AnalysisFlag::min, AnalysisFlag::max",1024,0.2,1.70313e+06
MUL,double,"AnalysisFlag::min, AnalysisFlag::max",1024,0.2,1.72579e+06
MUL,double,"AnalysisFlag::min, AnalysisFlag::max",1024,0.2,1.69897e+06
MUL,double,"AnalysisFlag::min, AnalysisFlag::max",1024,0.2,1.70205e+06
MUL,double,"AnalysisFlag::min, AnalysisFlag::max",1024,0.2,1.70474e+06
MUL,double,"AnalysisFlag::min, AnalysisFlag::max",1024,0.2,1.72158e+06
MUL,double,"AnalysisFlag::min, AnalysisFlag::max",1024,0.2,1.69635e+06
MUL,double,"AnalysisFlag::min, AnalysisFlag::max",1024,0.2,1.74023e+06
MUL,double,"AnalysisFlag::min, AnalysisFlag::max",2048,0.2,4.99544e+06
MUL,double,"AnalysisFlag::min, AnalysisFlag::max",2048,0.2,6.88257e+06
MUL,double,"AnalysisFlag::min, AnalysisFlag::max",2048,0.2,6.82329e+06
MUL,double,"AnalysisFlag::min, AnalysisFlag::max",2048,0.2,6.84427e+06
MUL,double,"AnalysisFlag::min, AnalysisFlag::max",2048,0.2,6.87424e+06
MUL,double,"AnalysisFlag::min, AnalysisFlag::max",2048,0.2,6.8197e+06
MUL,double,"AnalysisFlag::min, AnalysisFlag::max",2048,0.2,6.85537e+06
MUL,double,"AnalysisFlag::min, AnalysisFlag::max",2048,0.2,6.86135e+06
MUL,double,"AnalysisFlag::min, AnalysisFlag::max",2048,0.2,6.8361e+06
MUL,double,"AnalysisFlag::min, AnalysisFlag::max",2048,0.2,6.86465e+06
MUL,double,"AnalysisFlag::min, AnalysisFlag::max",4096,0.2,2.13217e+07
MUL,double,"AnalysisFlag::min, AnalysisFlag::max",4096,0.2,3.0838e+07
MUL,double,"AnalysisFlag::min, AnalysisFlag::max",4096,0.2,3.11163e+07
MUL,double,"AnalysisFlag::min, AnalysisFlag::max",4096,0.2,3.11454e+07
MUL,double,"AnalysisFlag::min, AnalysisFlag::max",4096,0.2,3.07453e+07
MUL,double,"AnalysisFlag::min, AnalysisFlag::max",4096,0.2,3.10314e+07
MUL,double,"AnalysisFlag::min, AnalysisFlag::max",4096,0.2,3.11124e+07
MUL,double,"AnalysisFlag::min, AnalysisFlag::max",4096,0.2,3.10806e+07
MUL,double,"AnalysisFlag::min, AnalysisFlag::max",4096,0.2,3.0805e+07
MUL,double,"AnalysisFlag::min, AnalysisFlag::max",4096,0.2,3.11962e+07
MUL,int64_t,"AnalysisFlag::min, AnalysisFlag::max",1024,0.2,1.18013e+06
MUL,int64_t,"AnalysisFlag::min, AnalysisFlag::max",1024,0.2,1.74508e+06
MUL,int64_t,"AnalysisFlag::min, AnalysisFlag::max",1024,0.2,1.754e+06
MUL,int64_t,"AnalysisFlag::min, AnalysisFlag::max",1024,0.2,1.73671e+06
MUL,int64_t,"AnalysisFlag::min, AnalysisFlag::max",1024,0.2,1.75406e+06
MUL,int64_t,"AnalysisFlag::min, AnalysisFlag::max",1024,0.2,1.75957e+06
MUL,int64_t,"AnalysisFlag::min, AnalysisFlag::max",1024,0.2,1.73535e+06
MUL,int64_t,"AnalysisFlag::min, AnalysisFlag::max",1024,0.2,1.72888e+06
MUL,int64_t,"AnalysisFlag::min, AnalysisFlag::max",1024,0.2,1.74167e+06
MUL,int64_t,"AnalysisFlag::min, AnalysisFlag::max",1024,0.2,1.75539e+06
MUL,int64_t,"AnalysisFlag::min, AnalysisFlag::max",2048,0.2,4.65781e+06
MUL,int64_t,"AnalysisFlag::min, AnalysisFlag::max",2048,0.2,7.01487e+06
MUL,int64_t,"AnalysisFlag::min, AnalysisFlag::max",2048,0.2,7.01348e+06
MUL,int64_t,"AnalysisFlag::min, AnalysisFlag::max",2048,0.2,6.99549e+06
MUL,int64_t,"AnalysisFlag::min, AnalysisFlag::max",2048,0.2,6.99745e+06
MUL,int64_t,"AnalysisFlag::min, AnalysisFlag::max",2048,0.2,7.00794e+06
MUL,int64_t,"AnalysisFlag::min, AnalysisFlag::max",2048,0.2,7.01871e+06
MUL,int64_t,"AnalysisFlag::min, AnalysisFlag::max",2048,0.2,7.00315e+06
MUL,int64_t,"AnalysisFlag::min, AnalysisFlag::max",2048,0.2,6.98019e+06
MUL,int64_t,"AnalysisFlag::min, AnalysisFlag::max",2048,0.2,6.98539e+06
MUL,int64_t,"AnalysisFlag::min, AnalysisFlag::max",4096,0.2,2.00496e+07
MUL,int64_t,"AnalysisFlag::min, AnalysisFlag::max",4096,0.2,3.1375e+07
MUL,int64_t,"AnalysisFlag::min, AnalysisFlag::max",4096,0.2,3.14073e+07
MUL,int64_t,"AnalysisFlag::min, AnalysisFlag::max",4096,0.2,3.18249e+07
MUL,int64_t,"AnalysisFlag::min, AnalysisFlag::max",4096,0.2,3.16181e+07
MUL,int64_t,"AnalysisFlag::min, AnalysisFlag::max",4096,0.2,3.1412e+07
MUL,int64_t,"AnalysisFlag::min, AnalysisFlag::max",4096,0.2,3.16863e+07
MUL,int64_t,"AnalysisFlag::min, AnalysisFlag::max",4096,0.2,3.15337e+07
MUL,int64_t,"AnalysisFlag::min, AnalysisFlag::max",4096,0.2,3.15505e+07
MUL,int64_t,"AnalysisFlag::min, AnalysisFlag::max",4096,0.2,3.14038e+07
MUL,double,"AnalysisFlag::min, AnalysisFlag::max",1024,0.25,4.28817e+06
MUL,double,"AnalysisFlag::min, AnalysisFlag::max",1024,0.25,2.41376e+06
MUL,double,"AnalysisFlag::min, AnalysisFlag::max",1024,0.25,2.41563e+06
MUL,double,"AnalysisFlag::min, AnalysisFlag::max",1024,0.25,2.41265e+06
MUL,double,"AnalysisFlag::min, AnalysisFlag::max",1024,0.25,2.41175e+06
MUL,double,"AnalysisFlag::min, AnalysisFlag::max",1024,0.25,2.41267e+06
MUL,double,"AnalysisFlag::min, AnalysisFlag::max",1024,0.25,2.40285e+06
MUL,double,"AnalysisFlag::min, AnalysisFlag::max",1024,0.25,2.41468e+06
MUL,double,"AnalysisFlag::min, AnalysisFlag::max",1024,0.25,2.40618e+06
MUL,double,"AnalysisFlag::min, AnalysisFlag::max",1024,0.25,2.4131e+06
MUL,double,"AnalysisFlag::min, AnalysisFlag::max",2048,0.25,1.77746e+07
MUL,double,"AnalysisFlag::min, AnalysisFlag::max",2048,0.25,1.69888e+07
MUL,double,"AnalysisFlag::min, AnalysisFlag::max",2048,0.25,1.6989e+07
MUL,double,"AnalysisFlag::min, AnalysisFlag::max",2048,0.25,1.69832e+07
MUL,double,"AnalysisFlag::min, AnalysisFlag::max",2048,0.25,1.69901e+07
MUL,double,"AnalysisFlag::min, AnalysisFlag::max",2048,0.25,1.69673e+07
MUL,double,"AnalysisFlag::min, AnalysisFlag::max",2048,0.25,1.69867e+07
MUL,double,"AnalysisFlag::min, AnalysisFlag::max",2048,0.25,1.71966e+07
MUL,double,"AnalysisFlag::min, AnalysisFlag::max",2048,0.25,1.69583e+07
MUL,double,"AnalysisFlag::min, AnalysisFlag::max",2048,0.25,1.69913e+07
MUL,double,"AnalysisFlag::min, AnalysisFlag::max",4096,0.25,7.24449e+07
MUL,double,"AnalysisFlag::min, AnalysisFlag::max",4096,0.25,6.87714e+07
MUL,double,"AnalysisFlag::min, AnalysisFlag::max",4096,0.25,6.79848e+07
MUL,double,"AnalysisFlag::min, AnalysisFlag::max",4096,0.25,6.9269e+07
MUL,double,"AnalysisFlag::min, AnalysisFlag::max",4096,0.25,6.93445e+07
MUL,double,"AnalysisFlag::min, AnalysisFlag::max",4096,0.25,6.95537e+07
MUL,double,"AnalysisFlag::min, AnalysisFlag::max",4096,0.25,6.80349e+07
MUL,double,"AnalysisFlag::min, AnalysisFlag::max",4096,0.25,6.92878e+07
MUL,double,"AnalysisFlag::min, AnalysisFlag::max",4096,0.25,6.93313e+07
MUL,double,"AnalysisFlag::min, AnalysisFlag::max",4096,0.25,6.79971e+07
MUL,int64_t,"AnalysisFlag::min, AnalysisFlag::max",1024,0.25,999228
MUL,int64_t,"AnalysisFlag::min, AnalysisFlag::max",1024,0.25,964295
MUL,int64_t,"AnalysisFlag::min, AnalysisFlag::max",1024,0.25,923512
MUL,int64_t,"AnalysisFlag::min, AnalysisFlag::max",1024,0.25,918881
MUL,int64_t,"AnalysisFlag::min, AnalysisFlag::max",1024,0.25,921072
MUL,int64_t,"AnalysisFlag::min, AnalysisFlag::max",1024,0.25,923221
MUL,int64_t,"AnalysisFlag::min, AnalysisFlag::max",1024,0.25,924611
MUL,int64_t,"AnalysisFlag::min, AnalysisFlag::max",1024,0.25,921214
MUL,int64_t,"AnalysisFlag::min, AnalysisFlag::max",1024,0.25,919989
MUL,int64_t,"AnalysisFlag::min, AnalysisFlag::max",1024,0.25,924458
MUL,int64_t,"AnalysisFlag::min, AnalysisFlag::max",2048,0.25,1.11366e+07
MUL,int64_t,"AnalysisFlag::min, AnalysisFlag::max",2048,0.25,1.11162e+07
MUL,int64_t,"AnalysisFlag::min, AnalysisFlag::max",2048,0.25,1.11097e+07
MUL,int64_t,"AnalysisFlag::min, AnalysisFlag::max",2048,0.25,1.11252e+07
MUL,int64_t,"AnalysisFlag::min, AnalysisFlag::max",2048,0.25,1.11311e+07
MUL,int64_t,"AnalysisFlag::min, AnalysisFlag::max",2048,0.25,1.11228e+07
MUL,int64_t,"AnalysisFlag::min, AnalysisFlag::max",2048,0.25,1.11299e+07
MUL,int64_t,"AnalysisFlag::min, AnalysisFlag::max",2048,0.25,1.11214e+07
MUL,int64_t,"AnalysisFlag::min, AnalysisFlag::max",2048,0.25,1.11138e+07
MUL,int64_t,"AnalysisFlag::min, AnalysisFlag::max",2048,0.25,1.11265e+07
MUL,int64_t,"AnalysisFlag::min, AnalysisFlag::max",4096,0.25,4.8847e+07
MUL,int64_t,"AnalysisFlag::min, AnalysisFlag::max",4096,0.25,4.53757e+07
MUL,int64_t,"AnalysisFlag::min, AnalysisFlag::max",4096,0.25,4.45668e+07
MUL,int64_t,"AnalysisFlag::min, AnalysisFlag::max",4096,0.25,4.60289e+07
MUL,int64_t,"AnalysisFlag::min, AnalysisFlag::max",4096,0.25,4.5697e+07
MUL,int64_t,"AnalysisFlag::min, AnalysisFlag::max",4096,0.25,4.46638e+07
MUL,int64_t,"AnalysisFlag::min, AnalysisFlag::max",4096,0.25,4.61096e+07
MUL,int64_t,"AnalysisFlag::min, AnalysisFlag::max",4096,0.25,4.58571e+07
MUL,int64_t,"AnalysisFlag::min, AnalysisFlag::max",4096,0.25,4.48846e+07
MUL,int64_t,"AnalysisFlag::min, AnalysisFlag::max",4096,0.25,4.58877e+07
MUL,double,"AnalysisFlag::min, AnalysisFlag::max",1024,1,2.48473e+06
MUL,double,"AnalysisFlag::min, AnalysisFlag::max",1024,1,2.42417e+06
MUL,double,"AnalysisFlag::min, AnalysisFlag::max",1024,1,2.4151e+06
MUL,double,"AnalysisFlag::min, AnalysisFlag::max",1024,1,2.4163e+06
MUL,double,"AnalysisFlag::min, AnalysisFlag::max",1024,1,2.42034e+06
MUL,double,"AnalysisFlag::min, AnalysisFlag::max",1024,1,2.42072e+06
MUL,double,"AnalysisFlag::min, AnalysisFlag::max",1024,1,2.41414e+06
MUL,double,"AnalysisFlag::min, AnalysisFlag::max",1024,1,2.4203e+06
MUL,double,"AnalysisFlag::min, AnalysisFlag::max",1024,1,2.41735e+06
MUL,double,"AnalysisFlag::min, AnalysisFlag::max",1024,1,2.41299e+06
MUL,double,"AnalysisFlag::min, AnalysisFlag::max",2048,1,1.69914e+07
MUL,double,"AnalysisFlag::min, AnalysisFlag::max",2048,1,1.69659e+07
MUL,double,"AnalysisFlag::min, AnalysisFlag::max",2048,1,1.69763e+07
MUL,double,"AnalysisFlag::min, AnalysisFlag::max",2048,1,1.69774e+07
MUL,double,"AnalysisFlag::min, AnalysisFlag::max",2048,1,1.69691e+07
MUL,double,"AnalysisFlag::min, AnalysisFlag::max",2048,1,1.69656e+07
MUL,double,"AnalysisFlag::min, AnalysisFlag::max",2048,1,1.69713e+07
MUL,double,"AnalysisFlag::min, AnalysisFlag::max",2048,1,1.69746e+07
MUL,double,"AnalysisFlag::min, AnalysisFlag::max",2048,1,1.6963e+07
MUL,double,"AnalysisFlag::min, AnalysisFlag::max",2048,1,1.69486e+07
MUL,double,"AnalysisFlag::min, AnalysisFlag::max",4096,1,6.94242e+07
MUL,double,"AnalysisFlag::min, AnalysisFlag::max",4096,1,6.8971e+07
MUL,double,"AnalysisFlag::min, AnalysisFlag::max",4096,1,6.82042e+07
MUL,double,"AnalysisFlag::min, AnalysisFlag::max",4096,1,6.81416e+07
MUL,double,"AnalysisFlag::min, AnalysisFlag::max",4096,1,6.9318e+07
MUL,double,"AnalysisFlag::min, AnalysisFlag::max",4096,1,6.78662e+07
MUL,double,"AnalysisFlag::min, AnalysisFlag::max",4096,1,6.77693e+07
MUL,double,"AnalysisFlag::min, AnalysisFlag::max",4096,1,6.7771e+07
MUL,double,"AnalysisFlag::min, AnalysisFlag::max",4096,1,6.93525e+07
MUL,double,"AnalysisFlag::min, AnalysisFlag::max",4096,1,6.78108e+07
MUL,int64_t,"AnalysisFlag::min, AnalysisFlag::max",1024,1,1.10692e+06
MUL,int64_t,"AnalysisFlag::min, AnalysisFlag::max",1024,1,1.00782e+06
MUL,int64_t,"AnalysisFlag::min, AnalysisFlag::max",1024,1,964345
MUL,int64_t,"AnalysisFlag::min, AnalysisFlag::max",1024,1,953712
MUL,int64_t,"AnalysisFlag::min, AnalysisFlag::max",1024,1,950011
MUL,int64_t,"AnalysisFlag::min, AnalysisFlag::max",1024,1,950922
MUL,int64_t,"AnalysisFlag::min, AnalysisFlag::max",1024,1,952459
MUL,int64_t,"AnalysisFlag::min, AnalysisFlag::max",1024,1,956820
MUL,int64_t,"AnalysisFlag::min, AnalysisFlag::max",1024,1,950275
MUL,int64_t,"AnalysisFlag::min, AnalysisFlag::max",1024,1,946233
MUL,int64_t,"AnalysisFlag::min, AnalysisFlag::max",2048,1,1.13238e+07
MUL,int64_t,"AnalysisFlag::min, AnalysisFlag::max",2048,1,1.11228e+07
MUL,int64_t,"AnalysisFlag::min, AnalysisFlag::max",2048,1,1.10886e+07
MUL,int64_t,"AnalysisFlag::min, AnalysisFlag::max",2048,1,1.10942e+07
MUL,int64_t,"AnalysisFlag::min, AnalysisFlag::max",2048,1,1.10921e+07
MUL,int64_t,"AnalysisFlag::min, AnalysisFlag::max",2048,1,1.10852e+07
MUL,int64_t,"AnalysisFlag::min, AnalysisFlag::max",2048,1,1.1086e+07
MUL,int64_t,"AnalysisFlag::min, AnalysisFlag::max",2048,1,1.10937e+07
MUL,int64_t,"AnalysisFlag::min, AnalysisFlag::max",2048,1,1.10905e+07
MUL,int64_t,"AnalysisFlag::min, AnalysisFlag::max",2048,1,1.10762e+07
MUL,int64_t,"AnalysisFlag::min, AnalysisFlag::max",4096,1,4.61688e+07
MUL,int64_t,"AnalysisFlag::min, AnalysisFlag::max",4096,1,4.45607e+07
MUL,int64_t,"AnalysisFlag::min, AnalysisFlag::max",4096,1,4.44757e+07
MUL,int64_t,"AnalysisFlag::min, AnalysisFlag::max",4096,1,4.44639e+07
MUL,int64_t,"AnalysisFlag::min, AnalysisFlag::max",4096,1,4.59199e+07
MUL,int64_t,"AnalysisFlag::min, AnalysisFlag::max",4096,1,4.45062e+07
MUL,int64_t,"AnalysisFlag::min, AnalysisFlag::max",4096,1,4.4525e+07
MUL,int64_t,"AnalysisFlag::min, AnalysisFlag::max",4096,1,4.45446e+07
MUL,int64_t,"AnalysisFlag::min, AnalysisFlag::max",4096,1,4.5866e+07
MUL,int64_t,"AnalysisFlag::min, AnalysisFlag::max",4096,1,4.44959e+07
ADD,double,"AnalysisFlag::numDistinct",1024,0.001,92717
ADD,double,"AnalysisFlag::numDistinct",1024,0.001,167647
ADD,double,"AnalysisFlag::numDistinct",1024,0.001,162309
ADD,double,"AnalysisFlag::numDistinct",1024,0.001,165423
ADD,double,"AnalysisFlag::numDistinct",1024,0.001,157410
ADD,double,"AnalysisFlag::numDistinct",1024,0.001,159331
ADD,double,"AnalysisFlag::numDistinct",1024,0.001,153271
ADD,double,"AnalysisFlag::numDistinct",1024,0.001,152647
ADD,double,"AnalysisFlag::numDistinct",1024,0.001,151713
ADD,double,"AnalysisFlag::numDistinct",1024,0.001,151084
ADD,double,"AnalysisFlag::numDistinct",2048,0.001,304208
ADD,double,"AnalysisFlag::numDistinct",2048,0.001,705660
ADD,double,"AnalysisFlag::numDistinct",2048,0.001,690617
ADD,double,"AnalysisFlag::numDistinct",2048,0.001,691283
ADD,double,"AnalysisFlag::numDistinct",2048,0.001,682846
ADD,double,"AnalysisFlag::numDistinct",2048,0.001,678801
ADD,double,"AnalysisFlag::numDistinct",2048,0.001,680500
ADD,double,"AnalysisFlag::numDistinct",2048,0.001,679063
ADD,double,"AnalysisFlag::numDistinct",2048,0.001,662031
ADD,double,"AnalysisFlag::numDistinct",2048,0.001,670020
ADD,double,"AnalysisFlag::numDistinct",4096,0.001,1.36107e+06
ADD,double,"AnalysisFlag::numDistinct",4096,0.001,2.74445e+06
ADD,double,"AnalysisFlag::numDistinct",4096,0.001,2.74267e+06
ADD,double,"AnalysisFlag::numDistinct",4096,0.001,2.75406e+06
ADD,double,"AnalysisFlag::numDistinct",4096,0.001,2.7344e+06
ADD,double,"AnalysisFlag::numDistinct",4096,0.001,2.75076e+06
ADD,double,"AnalysisFlag::numDistinct",4096,0.001,2.73297e+06
ADD,double,"AnalysisFlag::numDistinct",4096,0.001,2.73762e+06
ADD,double,"AnalysisFlag::numDistinct",4096,0.001,2.72566e+06
ADD,double,"AnalysisFlag::numDistinct",4096,0.001,2.73649e+06
ADD,int64_t,"AnalysisFlag::numDistinct",1024,0.001,42917
ADD,int64_t,"AnalysisFlag::numDistinct",1024,0.001,38087
ADD,int64_t,"AnalysisFlag::numDistinct",1024,0.001,41121
ADD,int64_t,"AnalysisFlag::numDistinct",1024,0.001,36828
ADD,int64_t,"AnalysisFlag::numDistinct",1024,0.001,36512
ADD,int64_t,"AnalysisFlag::numDistinct",1024,0.001,36402
ADD,int64_t,"AnalysisFlag::numDistinct",1024,0.001,35829
ADD,int64_t,"AnalysisFlag::numDistinct",1024,0.001,36700
ADD,int64_t,"AnalysisFlag::numDistinct",1024,0.001,35621
ADD,int64_t,"AnalysisFlag::numDistinct",1024,0.001,36418
ADD,int64_t,"AnalysisFlag::numDistinct",2048,0.001,85959
ADD,int64_t,"AnalysisFlag::numDistinct",2048,0.001,90224
ADD,int64_t,"AnalysisFlag::numDistinct",2048,0.001,88967
ADD,int64_t,"AnalysisFlag::numDistinct",2048,0.001,88460
ADD,int64_t,"AnalysisFlag::numDistinct",2048,0.001,87896
ADD,int64_t,"AnalysisFlag::numDistinct",2048,0.001,88392
ADD,int64_t,"AnalysisFlag::numDistinct",2048,0.001,89209
ADD,int64_t,"AnalysisFlag::numDistinct",2048,0.001,90082
ADD,int64_t,"AnalysisFlag::numDistinct",2048,0.001,88579
ADD,int64_t,"AnalysisFlag::numDistinct",2048,0.001,87800
ADD,int64_t,"AnalysisFlag::numDistinct",4096,0.001,258064
ADD,int64_t,"AnalysisFlag::numDistinct",4096,0.001,280239
ADD,int64_t,"AnalysisFlag::numDistinct",4096,0.001,282797
ADD,int64_t,"AnalysisFlag::numDistinct",4096,0.001,275822
ADD,int64_t,"AnalysisFlag::numDistinct",4096,0.001,275806
ADD,int64_t,"AnalysisFlag::numDistinct",4096,0.001,275432
ADD,int64_t,"AnalysisFlag::numDistinct",4096,0.001,278555
ADD,int64_t,"AnalysisFlag::numDistinct",4096,0.001,279928
ADD,int64_t,"AnalysisFlag::numDistinct",4096,0.001,283805
ADD,int64_t,"AnalysisFlag::numDistinct",4096,0.001,277128
ADD,double,"AnalysisFlag::numDistinct",1024,0.01,878245
ADD,double,"AnalysisFlag::numDistinct",1024,0.01,1.82471e+06
ADD,double,"AnalysisFlag::numDistinct",1024,0.01,1.8416e+06
ADD,double,"AnalysisFlag::numDistinct",1024,0.01,1.82962e+06
ADD,double,"AnalysisFlag::numDistinct",1024,0.01,1.82356e+06
ADD,double,"AnalysisFlag::numDistinct",1024,0.01,1.82682e+06
ADD,double,"AnalysisFlag::numDistinct",1024,0.01,1.80872e+06
ADD,double,"AnalysisFlag::numDistinct",1024,0.01,1.80873e+06
ADD,double,"AnalysisFlag::numDistinct",1024,0.01,1.82146e+06
ADD,double,"AnalysisFlag::numDistinct",1024,0.01,1.82573e+06
ADD,double,"AnalysisFlag::numDistinct",2048,0.01,3.30312e+06
ADD,double,"AnalysisFlag::numDistinct",2048,0.01,7.18748e+06
ADD,double,"AnalysisFlag::numDistinct",2048,0.01,7.16423e+06
ADD,double,"AnalysisFlag::numDistinct",2048,0.01,7.1998e+06
ADD,double,"AnalysisFlag::numDistinct",2048,0.01,7.19305e+06
ADD,double,"AnalysisFlag::numDistinct",2048,0.01,7.17802e+06
ADD,double,"AnalysisFlag::numDistinct",2048,0.01,7.35178e+06
ADD,double,"AnalysisFlag::numDistinct",2048,0.01,7.16344e+06
ADD,double,"AnalysisFlag::numDistinct",2048,0.01,7.23522e+06
ADD,double,"AnalysisFlag::numDistinct",2048,0.01,7.1736e+06
ADD,double,"AnalysisFlag::numDistinct",4096,0.01,1.58699e+07
ADD,double,"AnalysisFlag::numDistinct",4096,0.01,3.62499e+07
ADD,double,"AnalysisFlag::numDistinct",4096,0.01,3.61408e+07
ADD,double,"AnalysisFlag::numDistinct",4096,0.01,3.63273e+07
ADD,double,"AnalysisFlag::numDistinct",4096,0.01,3.62451e+07
ADD,double,"AnalysisFlag::numDistinct",4096,0.01,3.64878e+07
ADD,double,"AnalysisFlag::numDistinct",4096,0.01,3.62862e+07
ADD,double,"AnalysisFlag::numDistinct",4096,0.01,3.63066e+07
ADD,double,"AnalysisFlag::numDistinct",4096,0.01,3.62899e+07
ADD,double,"AnalysisFlag::numDistinct",4096,0.01,3.62303e+07
ADD,int64_t,"AnalysisFlag::numDistinct",1024,0.01,138915
ADD,int64_t,"AnalysisFlag::numDistinct",1024,0.01,165127
ADD,int64_t,"AnalysisFlag::numDistinct",1024,0.01,165292
ADD,int64_t,"AnalysisFlag::numDistinct",1024,0.01,163989
ADD,int64_t,"AnalysisFlag::numDistinct",1024,0.01,164345
ADD,int64_t,"AnalysisFlag::numDistinct",1024,0.01,164941
ADD,int64_t,"AnalysisFlag::numDistinct",1024,0.01,162872
ADD,int64_t,"AnalysisFlag::numDistinct",1024,0.01,168415
ADD,int64_t,"AnalysisFlag::numDistinct",1024,0.01,162144
ADD,int64_t,"AnalysisFlag::numDistinct",1024,0.01,161756
ADD,int64_t,"AnalysisFlag::numDistinct",2048,0.01,503197
ADD,int64_t,"AnalysisFlag::numDistinct",2048,0.01,646271
ADD,int64_t,"AnalysisFlag::numDistinct",2048,0.01,596555
ADD,int64_t,"AnalysisFlag::numDistinct",2048,0.01,623956
ADD,int64_t,"AnalysisFlag::numDistinct",2048,0.01,622296
ADD,int64_t,"AnalysisFlag::numDistinct",2048,0.01,586446
ADD,int64_t,"AnalysisFlag::numDistinct",2048,0.01,686872
ADD,int64_t,"AnalysisFlag::numDistinct",2048,0.01,607568
ADD,int64_t,"AnalysisFlag::numDistinct",2048,0.01,589869
ADD,int64_t,"AnalysisFlag::numDistinct",2048,0.01,641020
ADD,int64_t,"AnalysisFlag::numDistinct",4096,0.01,1.78733e+06
ADD,int64_t,"AnalysisFlag::numDistinct",4096,0.01,3.14737e+06
ADD,int64_t,"AnalysisFlag::numDistinct",4096,0.01,3.19155e+06
ADD,int64_t,"AnalysisFlag::numDistinct",4096,0.01,3.1247e+06
ADD,int64_t,"AnalysisFlag::numDistinct",4096,0.01,3.38535e+06
ADD,int64_t,"AnalysisFlag::numDistinct",4096,0.01,3.15032e+06
ADD,int64_t,"AnalysisFlag::numDistinct",4096,0.01,3.15299e+06
ADD,int64_t,"AnalysisFlag::numDistinct",4096,0.01,3.2733e+06
ADD,int64_t,"AnalysisFlag::numDistinct",4096,0.01,3.3148e+06
ADD,int64_t,"AnalysisFlag::numDistinct",4096,0.01,3.40816e+06
ADD,double,"AnalysisFlag::numDistinct",1024,0.05,4.42166e+06
ADD,double,"AnalysisFlag::numDistinct",1024,0.05,9.88644e+06
ADD,double,"AnalysisFlag::numDistinct",1024,0.05,9.88868e+06
ADD,double,"AnalysisFlag::numDistinct",1024,0.05,9.83738e+06
ADD,double,"AnalysisFlag::numDistinct",1024,0.05,9.85785e+06
ADD,double,"AnalysisFlag::numDistinct",1024,0.05,9.81904e+06
ADD,double,"AnalysisFlag::numDistinct",1024,0.05,9.85342e+06
ADD,double,"AnalysisFlag::numDistinct",1024,0.05,9.84252e+06
ADD,double,"AnalysisFlag::numDistinct",1024,0.05,9.87717e+06
ADD,double,"AnalysisFlag::numDistinct",1024,0.05,9.80232e+06
ADD,double,"AnalysisFlag::numDistinct",2048,0.05,2.25059e+07
ADD,double,"AnalysisFlag::numDistinct",2048,0.05,5.48672e+07
ADD,double,"AnalysisFlag::numDistinct",2048,0.05,5.32295e+07
ADD,double,"AnalysisFlag::numDistinct",2048,0.05,5.29928e+07
ADD,double,"AnalysisFlag::numDistinct",2048,0.05,5.32985e+07
ADD,double,"AnalysisFlag::numDistinct",2048,0.05,5.28864e+07
ADD,double,"AnalysisFlag::numDistinct",2048,0.05,5.33488e+07
ADD,double,"AnalysisFlag::numDistinct",2048,0.05,5.27897e+07
ADD,double,"AnalysisFlag::numDistinct",2048,0.05,5.27339e+07
ADD,double,"AnalysisFlag::numDistinct",2048,0.05,5.31779e+07
ADD,double,"AnalysisFlag::numDistinct",4096,0.05,1.78471e+08
ADD,double,"AnalysisFlag::numDistinct",4096,0.05,5.34712e+08
ADD,double,"AnalysisFlag::numDistinct",4096,0.05,5.1655e+08
ADD,double,"AnalysisFlag::numDistinct",4096,0.05,5.20155e+08
ADD,double,"AnalysisFlag::numDistinct",4096,0.05,5.19247e+08
ADD,double,"AnalysisFlag::numDistinct",4096,0.05,5.1873e+08
ADD,double,"AnalysisFlag::numDistinct",4096,0.05,5.2073e+08
ADD,double,"AnalysisFlag::numDistinct",4096,0.05,5.17008e+08
ADD,double,"AnalysisFlag::numDistinct",4096,0.05,5.1875e+08
ADD,double,"AnalysisFlag::numDistinct",4096,0.05,5.17608e+08
ADD,int64_t,"AnalysisFlag::numDistinct",1024,0.05,610083
ADD,int64_t,"AnalysisFlag::numDistinct",1024,0.05,1.09115e+06
ADD,int64_t,"AnalysisFlag::numDistinct",1024,0.05,1.28588e+06
ADD,int64_t,"AnalysisFlag::numDistinct",1024,0.05,1.14942e+06
ADD,int64_t,"AnalysisFlag::numDistinct",1024,0.05,1.15986e+06
ADD,int64_t,"AnalysisFlag::numDistinct",1024,0.05,1.09806e+06
ADD,int64_t,"AnalysisFlag::numDistinct",1024,0.05,1.1158e+06
ADD,int64_t,"AnalysisFlag::numDistinct",1024,0.05,1.13981e+06
ADD,int64_t,"AnalysisFlag::numDistinct",1024,0.05,1.06118e+06
ADD,int64_t,"AnalysisFlag::numDistinct",1024,0.05,1.11631e+06
ADD,int64_t,"AnalysisFlag::numDistinct",2048,0.05,3.06004e+06
ADD,int64_t,"AnalysisFlag::numDistinct",2048,0.05,6.32692e+06
ADD,int64_t,"AnalysisFlag::numDistinct",2048,0.05,5.48849e+06
ADD,int64_t,"AnalysisFlag::numDistinct",2048,0.05,5.37722e+06
ADD,int64_t,"AnalysisFlag::numDistinct",2048,0.05,5.49285e+06
ADD,int64_t,"AnalysisFlag::numDistinct",2048,0.05,5.36964e+06
ADD,int64_t,"AnalysisFlag::numDistinct",2048,0.05,5.41158e+06
ADD,int64_t,"AnalysisFlag::numDistinct",2048,0.05,5.35975e+06
ADD,int64_t,"AnalysisFlag::numDistinct",2048,0.05,5.4741e+06
ADD,int64_t,"AnalysisFlag::numDistinct",2048,0.05,5.44903e+06
ADD,int64_t,"AnalysisFlag::numDistinct",4096,0.05,1.19797e+07
ADD,int64_t,"AnalysisFlag::numDistinct",4096,0.05,2.93988e+07
ADD,int64_t,"AnalysisFlag::numDistinct",4096,0.05,2.94536e+07
ADD,int64_t,"AnalysisFlag::numDistinct",4096,0.05,2.93139e+07
ADD,int64_t,"AnalysisFlag::numDistinct",4096,0.05,2.9415e+07
ADD,int64_t,"AnalysisFlag::numDistinct",4096,0.05,2.9292e+07
ADD,int64_t,"AnalysisFlag::numDistinct",4096,0.05,2.92611e+07
ADD,int64_t,"AnalysisFlag::numDistinct",4096,0.05,2.91488e+07
ADD,int64_t,"AnalysisFlag::numDistinct",4096,0.05,2.92246e+07
ADD,int64_t,"AnalysisFlag::numDistinct",4096,0.05,2.93328e+07
ADD,double,"AnalysisFlag::numDistinct",1024,0.1,1.12984e+07
ADD,double,"AnalysisFlag::numDistinct",1024,0.1,2.35649e+07
ADD,double,"AnalysisFlag::numDistinct",1024,0.1,2.17518e+07
ADD,double,"AnalysisFlag::numDistinct",1024,0.1,2.16951e+07
ADD,double,"AnalysisFlag::numDistinct",1024,0.1,2.16823e+07
ADD,double,"AnalysisFlag::numDistinct",1024,0.1,2.16828e+07
ADD,double,"AnalysisFlag::numDistinct",1024,0.1,2.16525e+07
ADD,double,"AnalysisFlag::numDistinct",1024,0.1,2.1715e+07
ADD,double,"AnalysisFlag::numDistinct",1024,0.1,2.17995e+07
ADD,double,"AnalysisFlag::numDistinct",1024,0.1,2.17579e+07
ADD,double,"AnalysisFlag::numDistinct",2048,0.1,6.00558e+07
ADD,double,"AnalysisFlag::numDistinct",2048,0.1,1.64453e+08
ADD,double,"AnalysisFlag::numDistinct",2048,0.1,1.5647e+08
ADD,double,"AnalysisFlag::numDistinct",2048,0.1,1.55794e+08
ADD,double,"AnalysisFlag::numDistinct",2048,0.1,1.56018e+08
ADD,double,"AnalysisFlag::numDistinct",2048,0.1,1.56129e+08
ADD,double,"AnalysisFlag::numDistinct",2048,0.1,1.5612e+08
ADD,double,"AnalysisFlag::numDistinct",2048,0.1,1.55862e+08
ADD,double,"AnalysisFlag::numDistinct",2048,0.1,1.56811e+08
ADD,double,"AnalysisFlag::numDistinct",2048,0.1,1.56228e+08
ADD,double,"AnalysisFlag::numDistinct",4096,0.1,5.59366e+08
ADD,double,"AnalysisFlag::numDistinct",4096,0.1,1.1537e+09
ADD,double,"AnalysisFlag::numDistinct",4096,0.1,1.13015e+09
ADD,double,"AnalysisFlag::numDistinct",4096,0.1,1.13352e+09
ADD,double,"AnalysisFlag::numDistinct",4096,0.1,1.13118e+09
ADD,double,"AnalysisFlag::numDistinct",4096,0.1,1.1423e+09
ADD,double,"AnalysisFlag::numDistinct",4096,0.1,1.13638e+09
ADD,double,"AnalysisFlag::numDistinct",4096,0.1,1.13638e+09
ADD,double,"AnalysisFlag::numDistinct",4096,0.1,1.13612e+09
ADD,double,"AnalysisFlag::numDistinct",4096,0.1,1.13671e+09
ADD,int64_t,"AnalysisFlag::numDistinct",1024,0.1,1.14026e+06
ADD,int64_t,"AnalysisFlag::numDistinct",1024,0.1,2.64064e+06
ADD,int64_t,"AnalysisFlag::numDistinct",1024,0.1,3.05484e+06
ADD,int64_t,"AnalysisFlag::numDistinct",1024,0.1,2.74217e+06
ADD,int64_t,"AnalysisFlag::numDistinct",1024,0.1,2.69496e+06
ADD,int64_t,"AnalysisFlag::numDistinct",1024,0.1,2.73893e+06
ADD,int64_t,"AnalysisFlag::numDistinct",1024,0.1,2.70784e+06
ADD,int64_t,"AnalysisFlag::numDistinct",1024,0.1,2.72541e+06
ADD,int64_t,"AnalysisFlag::numDistinct",1024,0.1,2.72104e+06
ADD,int64_t,"AnalysisFlag::numDistinct",1024,0.1,2.69882e+06
ADD,int64_t,"AnalysisFlag::numDistinct",2048,0.1,6.07023e+06
ADD,int64_t,"AnalysisFlag::numDistinct",2048,0.1,1.28073e+07
ADD,int64_t,"AnalysisFlag::numDistinct",2048,0.1,1.13514e+07
ADD,int64_t,"AnalysisFlag::numDistinct",2048,0.1,1.12223e+07
ADD,int64_t,"AnalysisFlag::numDistinct",2048,0.1,1.13951e+07
ADD,int64_t,"AnalysisFlag::numDistinct",2048,0.1,1.13626e+07
ADD,int64_t,"AnalysisFlag::numDistinct",2048,0.1,1.13686e+07
ADD,int64_t,"AnalysisFlag::numDistinct",2048,0.1,1.12691e+07
ADD,int64_t,"AnalysisFlag::numDistinct",2048,0.1,1.13351e+07
ADD,int64_t,"AnalysisFlag::numDistinct",2048,0.1,1.12894e+07
ADD,int64_t,"AnalysisFlag::numDistinct",4096,0.1,2.45043e+07
ADD,int64_t,"AnalysisFlag::numDistinct",4096,0.1,5.85298e+07
ADD,int64_t,"AnalysisFlag::numDistinct",4096,0.1,5.77291e+07
ADD,int64_t,"AnalysisFlag::numDistinct",4096,0.1,5.80983e+07
ADD,int64_t,"AnalysisFlag::numDistinct",4096,0.1,5.76046e+07
ADD,int64_t,"AnalysisFlag::numDistinct",4096,0.1,5.829e+07
ADD,int64_t,"AnalysisFlag::numDistinct",4096,0.1,5.77411e+07
ADD,int64_t,"AnalysisFlag::numDistinct",4096,0.1,5.79948e+07
ADD,int64_t,"AnalysisFlag::numDistinct",4096,0.1,5.86432e+07
ADD,int64_t,"AnalysisFlag::numDistinct",4096,0.1,5.74964e+07
ADD,double,"AnalysisFlag::numDistinct",1024,0.2,2.5495e+07
ADD,double,"AnalysisFlag::numDistinct",1024,0.2,5.31088e+07
ADD,double,"AnalysisFlag::numDistinct",1024,0.2,4.95932e+07
ADD,double,"AnalysisFlag::numDistinct",1024,0.2,4.97922e+07
ADD,double,"AnalysisFlag::numDistinct",1024,0.2,4.94171e+07
ADD,double,"AnalysisFlag::numDistinct",1024,0.2,4.92559e+07
ADD,double,"AnalysisFlag::numDistinct",1024,0.2,4.95022e+07
ADD,double,"AnalysisFlag::numDistinct",1024,0.2,4.9663e+07
ADD,double,"AnalysisFlag::numDistinct",1024,0.2,4.95209e+07
ADD,double,"AnalysisFlag::numDistinct",1024,0.2,4.95774e+07
ADD,double,"AnalysisFlag::numDistinct",2048,0.2,1.78101e+08
ADD,double,"AnalysisFlag::numDistinct",2048,0.2,4.97316e+08
ADD,double,"AnalysisFlag::numDistinct",2048,0.2,4.7906e+08
ADD,double,"AnalysisFlag::numDistinct",2048,0.2,4.81574e+08
ADD,double,"AnalysisFlag::numDistinct",2048,0.2,4.81127e+08
ADD,double,"AnalysisFlag::numDistinct",2048,0.2,4.81344e+08
ADD,double,"AnalysisFlag::numDistinct",2048,0.2,4.8056e+08
ADD,double,"AnalysisFlag::numDistinct",2048,0.2,4.82117e+08
ADD,double,"AnalysisFlag::numDistinct",2048,0.2,4.83874e+08
ADD,double,"AnalysisFlag::numDistinct",2048,0.2,4.81205e+08
ADD,double,"AnalysisFlag::numDistinct",4096,0.2,1.2293e+09
ADD,double,"AnalysisFlag::numDistinct",4096,0.2,2.72813e+09
ADD,double,"AnalysisFlag::numDistinct",4096,0.2,2.67895e+09
ADD,double,"AnalysisFlag::numDistinct",4096,0.2,2.65934e+09
ADD,double,"AnalysisFlag::numDistinct",4096,0.2,2.69862e+09
ADD,double,"AnalysisFlag::numDistinct",4096,0.2,2.66074e+09
ADD,double,"AnalysisFlag::numDistinct",4096,0.2,2.69684e+09
ADD,double,"AnalysisFlag::numDistinct",4096,0.2,2.66291e+09
ADD,double,"AnalysisFlag::numDistinct",4096,0.2,2.69885e+09
ADD,double,"AnalysisFlag::numDistinct",4096,0.2,2.68411e+09
ADD,int64_t,"AnalysisFlag::numDistinct",1024,0.2,2.25557e+06
ADD,int64_t,"AnalysisFlag::numDistinct",1024,0.2,5.53536e+06
ADD,int64_t,"AnalysisFlag::numDistinct",1024,0.2,6.27577e+06
ADD,int64_t,"AnalysisFlag::numDistinct",1024,0.2,5.49516e+06
ADD,int64_t,"AnalysisFlag::numDistinct",1024,0.2,5.50756e+06
ADD,int64_t,"AnalysisFlag::numDistinct",1024,0.2,5.53184e+06
ADD,int64_t,"AnalysisFlag::numDistinct",1024,0.2,5.54611e+06
ADD,int64_t,"AnalysisFlag::numDistinct",1024,0.2,5.51655e+06
ADD,int64_t,"AnalysisFlag::numDistinct",1024,0.2,5.50818e+06
ADD,int64_t,"AnalysisFlag::numDistinct",1024,0.2,5.47677e+06
ADD,int64_t,"AnalysisFlag::numDistinct",2048,0.2,1.1969e+07
ADD,int64_t,"AnalysisFlag::numDistinct",2048,0.2,2.78626e+07
ADD,int64_t,"AnalysisFlag::numDistinct",2048,0.2,2.78282e+07
ADD,int64_t,"AnalysisFlag::numDistinct",2048,0.2,2.79602e+07
ADD,int64_t,"AnalysisFlag::numDistinct",2048,0.2,2.76908e+07
ADD,int64_t,"AnalysisFlag::numDistinct",2048,0.2,2.80503e+07
ADD,int64_t,"AnalysisFlag::numDistinct",2048,0.2,2.80203e+07
ADD,int64_t,"AnalysisFlag::numDistinct",2048,0.2,2.79357e+07
ADD,int64_t,"AnalysisFlag::numDistinct",2048,0.2,2.78756e+07
ADD,int64_t,"AnalysisFlag::numDistinct",2048,0.2,2.79764e+07
ADD,int64_t,"AnalysisFlag::numDistinct",4096,0.2,4.92699e+07
ADD,int64_t,"AnalysisFlag::numDistinct",4096,0.2,1.12717e+08
ADD,int64_t,"AnalysisFlag::numDistinct",4096,0.2,1.1192e+08
ADD,int64_t,"AnalysisFlag::numDistinct",4096,0.2,1.11744e+08
ADD,int64_t,"AnalysisFlag::numDistinct",4096,0.2,1.11305e+08
ADD,int64_t,"AnalysisFlag::numDistinct",4096,0.2,1.11708e+08
ADD,int64_t,"AnalysisFlag::numDistinct",4096,0.2,1.12443e+08
ADD,int64_t,"AnalysisFlag::numDistinct",4096,0.2,1.11484e+08
ADD,int64_t,"AnalysisFlag::numDistinct",4096,0.2,1.11474e+08
ADD,int64_t,"AnalysisFlag::numDistinct",4096,0.2,1.12602e+08
ADD,double,"AnalysisFlag::numDistinct",1024,0.25,3.54391e+07
ADD,double,"AnalysisFlag::numDistinct",1024,0.25,6.45439e+07
ADD,double,"AnalysisFlag::numDistinct",1024,0.25,6.30092e+07
ADD,double,"AnalysisFlag::numDistinct",1024,0.25,6.40561e+07
ADD,double,"AnalysisFlag::numDistinct",1024,0.25,6.41666e+07
ADD,double,"AnalysisFlag::numDistinct",1024,0.25,6.26702e+07
ADD,double,"AnalysisFlag::numDistinct",1024,0.25,6.4143e+07
ADD,double,"AnalysisFlag::numDistinct",1024,0.25,6.24777e+07
ADD,double,"AnalysisFlag::numDistinct",1024,0.25,6.18947e+07
ADD,double,"AnalysisFlag::numDistinct",1024,0.25,6.24894e+07
ADD,double,"AnalysisFlag::numDistinct",2048,0.25,2.54272e+08
ADD,double,"AnalysisFlag::numDistinct",2048,0.25,6.24146e+08
ADD,double,"AnalysisFlag::numDistinct",2048,0.25,6.35964e+08
ADD,double,"AnalysisFlag::numDistinct",2048,0.25,6.12258e+08
ADD,double,"AnalysisFlag::numDistinct",2048,0.25,6.20196e+08
ADD,double,"AnalysisFlag::numDistinct",2048,0.25,6.17865e+08
ADD,double,"AnalysisFlag::numDistinct",2048,0.25,6.20211e+08
ADD,double,"AnalysisFlag::numDistinct",2048,0.25,6.08921e+08
ADD,double,"AnalysisFlag::numDistinct",2048,0.25,6.10124e+08
ADD,double,"AnalysisFlag::numDistinct",2048,0.25,6.09828e+08
ADD,double,"AnalysisFlag::numDistinct",4096,0.25,1.98903e+09
ADD,double,"AnalysisFlag::numDistinct",4096,0.25,3.21943e+09
ADD,double,"AnalysisFlag::numDistinct",4096,0.25,3.20102e+09
ADD,double,"AnalysisFlag::numDistinct",4096,0.25,3.18439e+09
ADD,double,"AnalysisFlag::numDistinct",4096,0.25,3.18544e+09
ADD,double,"AnalysisFlag::numDistinct",4096,0.25,3.10813e+09
ADD,double,"AnalysisFlag::numDistinct",4096,0.25,3.11186e+09
ADD,double,"AnalysisFlag::numDistinct",4096,0.25,3.1751e+09
ADD,double,"AnalysisFlag::numDistinct",4096,0.25,3.08541e+09
ADD,double,"AnalysisFlag::numDistinct",4096,0.25,3.21749e+09
ADD,int64_t,"AnalysisFlag::numDistinct",1024,0.25,4.18587e+06
ADD,int64_t,"AnalysisFlag::numDistinct",1024,0.25,6.4392e+06
ADD,int64_t,"AnalysisFlag::numDistinct",1024,0.25,8.40676e+06
ADD,int64_t,"AnalysisFlag::numDistinct",1024,0.25,6.49772e+06
ADD,int64_t,"AnalysisFlag::numDistinct",1024,0.25,6.29382e+06
ADD,int64_t,"AnalysisFlag::numDistinct",1024,0.25,6.3423e+06
ADD,int64_t,"AnalysisFlag::numDistinct",1024,0.25,6.36633e+06
ADD,int64_t,"AnalysisFlag::numDistinct",1024,0.25,6.47372e+06
ADD,int64_t,"AnalysisFlag::numDistinct",1024,0.25,6.36964e+06
ADD,int64_t,"AnalysisFlag::numDistinct",1024,0.25,6.34467e+06
ADD,int64_t,"AnalysisFlag::numDistinct",2048,0.25,2.51382e+07
ADD,int64_t,"AnalysisFlag::numDistinct",2048,0.25,3.3513e+07
ADD,int64_t,"AnalysisFlag::numDistinct",2048,0.25,3.35867e+07
ADD,int64_t,"AnalysisFlag::numDistinct",2048,0.25,3.29731e+07
ADD,int64_t,"AnalysisFlag::numDistinct",2048,0.25,3.35118e+07
ADD,int64_t,"AnalysisFlag::numDistinct",2048,0.25,3.40751e+07
ADD,int64_t,"AnalysisFlag::numDistinct",2048,0.25,3.42786e+07
ADD,int64_t,"AnalysisFlag::numDistinct",2048,0.25,3.33933e+07
ADD,int64_t,"AnalysisFlag::numDistinct",2048,0.25,3.35615e+07
ADD,int64_t,"AnalysisFlag::numDistinct",2048,0.25,3.33581e+07
ADD,int64_t,"AnalysisFlag::numDistinct",4096,0.25,1.00545e+08
ADD,int64_t,"AnalysisFlag::numDistinct",4096,0.25,1.34089e+08
ADD,int64_t,"AnalysisFlag::numDistinct",4096,0.25,1.36082e+08
ADD,int64_t,"AnalysisFlag::numDistinct",4096,0.25,1.34317e+08
ADD,int64_t,"AnalysisFlag::numDistinct",4096,0.25,1.33509e+08
ADD,int64_t,"AnalysisFlag::numDistinct",4096,0.25,1.37668e+08
ADD,int64_t,"AnalysisFlag::numDistinct",4096,0.25,1.3582e+08
ADD,int64_t,"AnalysisFlag::numDistinct",4096,0.25,1.35461e+08
ADD,int64_t,"AnalysisFlag::numDistinct",4096,0.25,1.33712e+08
ADD,int64_t,"AnalysisFlag::numDistinct",4096,0.25,1.33294e+08
ADD,double,"AnalysisFlag::numDistinct",1024,1,2.21744e+08
ADD,double,"AnalysisFlag::numDistinct",1024,1,2.10759e+08
ADD,double,"AnalysisFlag::numDistinct",1024,1,2.1157e+08
ADD,double,"AnalysisFlag::numDistinct",1024,1,2.11282e+08
ADD,double,"AnalysisFlag::numDistinct",1024,1,2.09999e+08
ADD,double,"AnalysisFlag::numDistinct",1024,1,2.1013e+08
ADD,double,"AnalysisFlag::numDistinct",1024,1,2.10688e+08
ADD,double,"AnalysisFlag::numDistinct",1024,1,2.10527e+08
ADD,double,"AnalysisFlag::numDistinct",1024,1,2.09873e+08
ADD,double,"AnalysisFlag::numDistinct",1024,1,2.09507e+08
ADD,double,"AnalysisFlag::numDistinct",2048,1,1.40803e+09
ADD,double,"AnalysisFlag::numDistinct",2048,1,1.41608e+09
ADD,double,"AnalysisFlag::numDistinct",2048,1,1.39011e+09
ADD,double,"AnalysisFlag::numDistinct",2048,1,1.42489e+09
ADD,double,"AnalysisFlag::numDistinct",2048,1,1.38785e+09
ADD,double,"AnalysisFlag::numDistinct",2048,1,1.39383e+09
ADD,double,"AnalysisFlag::numDistinct",2048,1,1.38965e+09
ADD,double,"AnalysisFlag::numDistinct",2048,1,1.39205e+09
ADD,double,"AnalysisFlag::numDistinct",2048,1,1.38877e+09
ADD,double,"AnalysisFlag::numDistinct",2048,1,1.39011e+09
ADD,double,"AnalysisFlag::numDistinct",4096,1,7.40542e+09
ADD,double,"AnalysisFlag::numDistinct",4096,1,7.40203e+09
ADD,double,"AnalysisFlag::numDistinct",4096,1,7.31492e+09
ADD,double,"AnalysisFlag::numDistinct",4096,1,7.31205e+09
ADD,double,"AnalysisFlag::numDistinct",4096,1,7.43881e+09
ADD,double,"AnalysisFlag::numDistinct",4096,1,7.3298e+09
ADD,double,"AnalysisFlag::numDistinct",4096,1,7.39411e+09
ADD,double,"AnalysisFlag::numDistinct",4096,1,7.29633e+09
ADD,double,"AnalysisFlag::numDistinct",4096,1,7.29425e+09
ADD,double,"AnalysisFlag::numDistinct",4096,1,7.33088e+09
ADD,int64_t,"AnalysisFlag::numDistinct",1024,1,8.95342e+06
ADD,int64_t,"AnalysisFlag::numDistinct",1024,1,9.7452e+06
ADD,int64_t,"AnalysisFlag::numDistinct",1024,1,1.1786e+07
ADD,int64_t,"AnalysisFlag::numDistinct",1024,1,9.69484e+06
ADD,int64_t,"AnalysisFlag::numDistinct",1024,1,9.8871e+06
ADD,int64_t,"AnalysisFlag::numDistinct",1024,1,1.00249e+07
ADD,int64_t,"AnalysisFlag::numDistinct",1024,1,9.93719e+06
ADD,int64_t,"AnalysisFlag::numDistinct",1024,1,9.95263e+06
ADD,int64_t,"AnalysisFlag::numDistinct",1024,1,1.00981e+07
ADD,int64_t,"AnalysisFlag::numDistinct",1024,1,9.44272e+06
ADD,int64_t,"AnalysisFlag::numDistinct",2048,1,4.32961e+07
ADD,int64_t,"AnalysisFlag::numDistinct",2048,1,4.5735e+07
ADD,int64_t,"AnalysisFlag::numDistinct",2048,1,4.60361e+07
ADD,int64_t,"AnalysisFlag::numDistinct",2048,1,4.63723e+07
ADD,int64_t,"AnalysisFlag::numDistinct",2048,1,4.73386e+07
ADD,int64_t,"AnalysisFlag::numDistinct",2048,1,4.79381e+07
ADD,int64_t,"AnalysisFlag::numDistinct",2048,1,4.78298e+07
ADD,int64_t,"AnalysisFlag::numDistinct",2048,1,4.76198e+07
ADD,int64_t,"AnalysisFlag::numDistinct",2048,1,4.82074e+07
ADD,int64_t,"AnalysisFlag::numDistinct",2048,1,4.55267e+07
ADD,int64_t,"AnalysisFlag::numDistinct",4096,1,1.75267e+08
ADD,int64_t,"AnalysisFlag::numDistinct",4096,1,1.82994e+08
ADD,int64_t,"AnalysisFlag::numDistinct",4096,1,1.85228e+08
ADD,int64_t,"AnalysisFlag::numDistinct",4096,1,1.85608e+08
ADD,int64_t,"AnalysisFlag::numDistinct",4096,1,1.89118e+08
ADD,int64_t,"AnalysisFlag::numDistinct",4096,1,1.92473e+08
ADD,int64_t,"AnalysisFlag::numDistinct",4096,1,1.90156e+08
ADD,int64_t,"AnalysisFlag::numDistinct",4096,1,1.9035e+08
ADD,int64_t,"AnalysisFlag::numDistinct",4096,1,1.93958e+08
ADD,int64_t,"AnalysisFlag::numDistinct",4096,1,1.82314e+08
MUL,double,"AnalysisFlag::numDistinct",1024,0.001,84669
MUL,double,"AnalysisFlag::numDistinct",1024,0.001,16656
MUL,double,"AnalysisFlag::numDistinct",1024,0.001,16144
MUL,double,"AnalysisFlag::numDistinct",1024,0.001,15609
MUL,double,"AnalysisFlag::numDistinct",1024,0.001,15871
MUL,double,"AnalysisFlag::numDistinct",1024,0.001,15827
MUL,double,"AnalysisFlag::numDistinct",1024,0.001,15438
MUL,double,"AnalysisFlag::numDistinct",1024,0.001,15457
MUL,double,"AnalysisFlag::numDistinct",1024,0.001,15657
MUL,double,"AnalysisFlag::numDistinct",1024,0.001,15435
MUL,double,"AnalysisFlag::numDistinct",2048,0.001,315914
MUL,double,"AnalysisFlag::numDistinct",2048,0.001,51160
MUL,double,"AnalysisFlag::numDistinct",2048,0.001,49994
MUL,double,"AnalysisFlag::numDistinct",2048,0.001,50992
MUL,double,"AnalysisFlag::numDistinct",2048,0.001,51080
MUL,double,"AnalysisFlag::numDistinct",2048,0.001,49455
MUL,double,"AnalysisFlag::numDistinct",2048,0.001,49408
MUL,double,"AnalysisFlag::numDistinct",2048,0.001,48489
MUL,double,"AnalysisFlag::numDistinct",2048,0.001,48685
MUL,double,"AnalysisFlag::numDistinct",2048,0.001,48262
MUL,double,"AnalysisFlag::numDistinct",4096,0.001,1.34827e+06
MUL,double,"AnalysisFlag::numDistinct",4096,0.001,174274
MUL,double,"AnalysisFlag::numDistinct",4096,0.001,168555
MUL,double,"AnalysisFlag::numDistinct",4096,0.001,167978
MUL,double,"AnalysisFlag::numDistinct",4096,0.001,168364
MUL,double,"AnalysisFlag::numDistinct",4096,0.001,167795
MUL,double,"AnalysisFlag::numDistinct",4096,0.001,169312
MUL,double,"AnalysisFlag::numDistinct",4096,0.001,165215
MUL,double,"AnalysisFlag::numDistinct",4096,0.001,167613
MUL,double,"AnalysisFlag::numDistinct",4096,0.001,167674
MUL,int64_t,"AnalysisFlag::numDistinct",1024,0.001,28709
MUL,int64_t,"AnalysisFlag::numDistinct",1024,0.001,16021
MUL,int64_t,"AnalysisFlag::numDistinct",1024,0.001,15651
MUL,int64_t,"AnalysisFlag::numDistinct",1024,0.001,15410
MUL,int64_t,"AnalysisFlag::numDistinct",1024,0.001,15775
MUL,int64_t,"AnalysisFlag::numDistinct",1024,0.001,15383
MUL,int64_t,"AnalysisFlag::numDistinct",1024,0.001,14944
MUL,int64_t,"AnalysisFlag::numDistinct",1024,0.001,14661
MUL,int64_t,"AnalysisFlag::numDistinct",1024,0.001,15289
MUL,int64_t,"AnalysisFlag::numDistinct",1024,0.001,15433
MUL,int64_t,"AnalysisFlag::numDistinct",2048,0.001,70776
MUL,int64_t,"AnalysisFlag::numDistinct",2048,0.001,49102
MUL,int64_t,"AnalysisFlag::numDistinct",2048,0.001,48310
MUL,int64_t,"AnalysisFlag::numDistinct",2048,0.001,50673
MUL,int64_t,"AnalysisFlag::numDistinct",2048,0.001,48638
MUL,int64_t,"AnalysisFlag::numDistinct",2048,0.001,49066
MUL,int64_t,"AnalysisFlag::numDistinct",2048,0.001,48577
MUL,int64_t,"AnalysisFlag::numDistinct",2048,0.001,48719
MUL,int64_t,"AnalysisFlag::numDistinct",2048,0.001,49080
MUL,int64_t,"AnalysisFlag::numDistinct",2048,0.001,48186
MUL,int64_t,"AnalysisFlag::numDistinct",4096,0.001,216675
MUL,int64_t,"AnalysisFlag::numDistinct",4096,0.001,178354
MUL,int64_t,"AnalysisFlag::numDistinct",4096,0.001,181536
MUL,int64_t,"AnalysisFlag::numDistinct",4096,0.001,176381
MUL,int64_t,"AnalysisFlag::numDistinct",4096,0.001,177178
MUL,int64_t,"AnalysisFlag::numDistinct",4096,0.001,178614
MUL,int64_t,"AnalysisFlag::numDistinct",4096,0.001,175873
MUL,int64_t,"AnalysisFlag::numDistinct",4096,0.001,177519
MUL,int64_t,"AnalysisFlag::numDistinct",4096,0.001,176893
MUL,int64_t,"AnalysisFlag::numDistinct",4096,0.001,175547
MUL,double,"AnalysisFlag::numDistinct",1024,0.01,866345
MUL,double,"AnalysisFlag::numDistinct",1024,0.01,106821
MUL,double,"AnalysisFlag::numDistinct",1024,0.01,104811
MUL,double,"AnalysisFlag::numDistinct",1024,0.01,106770
MUL,double,"AnalysisFlag::numDistinct",1024,0.01,104345
MUL,double,"AnalysisFlag::numDistinct",1024,0.01,104865
MUL,double,"AnalysisFlag::numDistinct",1024,0.01,104650
MUL,double,"AnalysisFlag::numDistinct",1024,0.01,103279
MUL,double,"AnalysisFlag::numDistinct",1024,0.01,105290
MUL,double,"AnalysisFlag::numDistinct",1024,0.01,104936
MUL,double,"AnalysisFlag::numDistinct",2048,0.01,3.23179e+06
MUL,double,"AnalysisFlag::numDistinct",2048,0.01,407915
MUL,double,"AnalysisFlag::numDistinct",2048,0.01,405698
MUL,double,"AnalysisFlag::numDistinct",2048,0.01,404324
MUL,double,"AnalysisFlag::numDistinct",2048,0.01,408040
MUL,double,"AnalysisFlag::numDistinct",2048,0.01,406542
MUL,double,"AnalysisFlag::numDistinct",2048,0.01,403040
MUL,double,"AnalysisFlag::numDistinct",2048,0.01,407287
MUL,double,"AnalysisFlag::numDistinct",2048,0.01,407322
MUL,double,"AnalysisFlag::numDistinct",2048,0.01,401613
MUL,double,"AnalysisFlag::numDistinct",4096,0.01,1.54145e+07
MUL,double,"AnalysisFlag::numDistinct",4096,0.01,1.65432e+06
MUL,double,"AnalysisFlag::numDistinct",4096,0.01,1.64663e+06
MUL,double,"AnalysisFlag::numDistinct",4096,0.01,1.6416e+06
MUL,double,"AnalysisFlag::numDistinct",4096,0.01,1.61839e+06
MUL,double,"AnalysisFlag::numDistinct",4096,0.01,1.66827e+06
MUL,double,"AnalysisFlag::numDistinct",4096,0.01,1.64798e+06
MUL,double,"AnalysisFlag::numDistinct",4096,0.01,1.62761e+06
MUL,double,"AnalysisFlag::numDistinct",4096,0.01,1.61411e+06
MUL,double,"AnalysisFlag::numDistinct",4096,0.01,1.65102e+06
MUL,int64_t,"AnalysisFlag::numDistinct",1024,0.01,118443
MUL,int64_t,"AnalysisFlag::numDistinct",1024,0.01,107854
MUL,int64_t,"AnalysisFlag::numDistinct",1024,0.01,108128
MUL,int64_t,"AnalysisFlag::numDistinct",1024,0.01,107847
MUL,int64_t,"AnalysisFlag::numDistinct",1024,0.01,105373
MUL,int64_t,"AnalysisFlag::numDistinct",1024,0.01,106758
MUL,int64_t,"AnalysisFlag::numDistinct",1024,0.01,107297
MUL,int64_t,"AnalysisFlag::numDistinct",1024,0.01,107513
MUL,int64_t,"AnalysisFlag::numDistinct",1024,0.01,108335
MUL,int64_t,"AnalysisFlag::numDistinct",1024,0.01,105552
MUL,int64_t,"AnalysisFlag::numDistinct",2048,0.01,421625
MUL,int64_t,"AnalysisFlag::numDistinct",2048,0.01,413665
MUL,int64_t,"AnalysisFlag::numDistinct",2048,0.01,413493
MUL,int64_t,"AnalysisFlag::numDistinct",2048,0.01,414460
MUL,int64_t,"AnalysisFlag::numDistinct",2048,0.01,412895
MUL,int64_t,"AnalysisFlag::numDistinct",2048,0.01,412632
MUL,int64_t,"AnalysisFlag::numDistinct",2048,0.01,414445
MUL,int64_t,"AnalysisFlag::numDistinct",2048,0.01,413419
MUL,int64_t,"AnalysisFlag::numDistinct",2048,0.01,412325
MUL,int64_t,"AnalysisFlag::numDistinct",2048,0.01,413850
MUL,int64_t,"AnalysisFlag::numDistinct",4096,0.01,1.6135e+06
MUL,int64_t,"AnalysisFlag::numDistinct",4096,0.01,1.66768e+06
MUL,int64_t,"AnalysisFlag::numDistinct",4096,0.01,1.67724e+06
MUL,int64_t,"AnalysisFlag::numDistinct",4096,0.01,1.68706e+06
MUL,int64_t,"AnalysisFlag::numDistinct",4096,0.01,1.65365e+06
MUL,int64_t,"AnalysisFlag::numDistinct",4096,0.01,1.65249e+06
MUL,int64_t,"AnalysisFlag::numDistinct",4096,0.01,1.66817e+06
MUL,int64_t,"AnalysisFlag::numDistinct",4096,0.01,1.65425e+06
MUL,int64_t,"AnalysisFlag::numDistinct",4096,0.01,1.68602e+06
MUL,int64_t,"AnalysisFlag::numDistinct",4096,0.01,1.64633e+06
MUL,double,"AnalysisFlag::numDistinct",1024,0.05,4.39432e+06
MUL,double,"AnalysisFlag::numDistinct",1024,0.05,673805
MUL,double,"AnalysisFlag::numDistinct",1024,0.05,656450
MUL,double,"AnalysisFlag::numDistinct",1024,0.05,637245
MUL,double,"AnalysisFlag::numDistinct",1024,0.05,688864
MUL,double,"AnalysisFlag::numDistinct",1024,0.05,668386
MUL,double,"AnalysisFlag::numDistinct",1024,0.05,668894
MUL,double,"AnalysisFlag::numDistinct",1024,0.05,662837
MUL,double,"AnalysisFlag::numDistinct",1024,0.05,667985
MUL,double,"AnalysisFlag::numDistinct",1024,0.05,674455
MUL,double,"AnalysisFlag::numDistinct",2048,0.05,2.18098e+07
MUL,double,"AnalysisFlag::numDistinct",2048,0.05,2.72931e+06
MUL,double,"AnalysisFlag::numDistinct",2048,0.05,2.77652e+06
MUL,double,"AnalysisFlag::numDistinct",2048,0.05,2.74995e+06
MUL,double,"AnalysisFlag::numDistinct",2048,0.05,2.74107e+06
MUL,double,"AnalysisFlag::numDistinct",2048,0.05,2.74314e+06
MUL,double,"AnalysisFlag::numDistinct",2048,0.05,2.70036e+06
MUL,double,"AnalysisFlag::numDistinct",2048,0.05,2.71086e+06
MUL,double,"AnalysisFlag::numDistinct",2048,0.05,2.77156e+06
MUL,double,"AnalysisFlag::numDistinct",2048,0.05,2.74362e+06
MUL,double,"AnalysisFlag::numDistinct",4096,0.05,1.7583e+08
MUL,double,"AnalysisFlag::numDistinct",4096,0.05,1.11412e+07
MUL,double,"AnalysisFlag::numDistinct",4096,0.05,1.10636e+07
MUL,double,"AnalysisFlag::numDistinct",4096,0.05,1.12806e+07
MUL,double,"AnalysisFlag::numDistinct",4096,0.05,1.14925e+07
MUL,double,"AnalysisFlag::numDistinct",4096,0.05,1.10161e+07
MUL,double,"AnalysisFlag::numDistinct",4096,0.05,1.10054e+07
MUL,double,"AnalysisFlag::numDistinct",4096,0.05,1.09726e+07
MUL,double,"AnalysisFlag::numDistinct",4096,0.05,1.09791e+07
MUL,double,"AnalysisFlag::numDistinct",4096,0.05,1.09907e+07
MUL,int64_t,"AnalysisFlag::numDistinct",1024,0.05,538956
MUL,int64_t,"AnalysisFlag::numDistinct",1024,0.05,598918
MUL,int64_t,"AnalysisFlag::numDistinct",1024,0.05,606218
MUL,int64_t,"AnalysisFlag::numDistinct",1024,0.05,615144
MUL,int64_t,"AnalysisFlag::numDistinct",1024,0.05,599465
MUL,int64_t,"AnalysisFlag::numDistinct",1024,0.05,595003
MUL,int64_t,"AnalysisFlag::numDistinct",1024,0.05,596895
MUL,int64_t,"AnalysisFlag::numDistinct",1024,0.05,639559
MUL,int64_t,"AnalysisFlag::numDistinct",1024,0.05,591937
MUL,int64_t,"AnalysisFlag::numDistinct",1024,0.05,598377
MUL,int64_t,"AnalysisFlag::numDistinct",2048,0.05,1.97681e+06
MUL,int64_t,"AnalysisFlag::numDistinct",2048,0.05,2.25267e+06
MUL,int64_t,"AnalysisFlag::numDistinct",2048,0.05,2.27645e+06
MUL,int64_t,"AnalysisFlag::numDistinct",2048,0.05,2.22298e+06
MUL,int64_t,"AnalysisFlag::numDistinct",2048,0.05,2.22629e+06
MUL,int64_t,"AnalysisFlag::numDistinct",2048,0.05,2.25499e+06
MUL,int64_t,"AnalysisFlag::numDistinct",2048,0.05,2.24887e+06
MUL,int64_t,"AnalysisFlag::numDistinct",2048,0.05,2.25456e+06
MUL,int64_t,"AnalysisFlag::numDistinct",2048,0.05,2.28348e+06
MUL,int64_t,"AnalysisFlag::numDistinct",2048,0.05,2.23246e+06
MUL,int64_t,"AnalysisFlag::numDistinct",4096,0.05,1.05647e+07
MUL,int64_t,"AnalysisFlag::numDistinct",4096,0.05,8.58074e+06
MUL,int64_t,"AnalysisFlag::numDistinct",4096,0.05,8.52314e+06
MUL,int64_t,"AnalysisFlag::numDistinct",4096,0.05,8.4928e+06
MUL,int64_t,"AnalysisFlag::numDistinct",4096,0.05,8.51202e+06
MUL,int64_t,"AnalysisFlag::numDistinct",4096,0.05,8.50812e+06
MUL,int64_t,"AnalysisFlag::numDistinct",4096,0.05,8.51046e+06
MUL,int64_t,"AnalysisFlag::numDistinct",4096,0.05,8.50304e+06
MUL,int64_t,"AnalysisFlag::numDistinct",4096,0.05,8.5448e+06
MUL,int64_t,"AnalysisFlag::numDistinct",4096,0.05,8.47334e+06
MUL,double,"AnalysisFlag::numDistinct",1024,0.1,9.64516e+06
MUL,double,"AnalysisFlag::numDistinct",1024,0.1,1.81938e+06
MUL,double,"AnalysisFlag::numDistinct",1024,0.1,1.81456e+06
MUL,double,"AnalysisFlag::numDistinct",1024,0.1,1.82514e+06
MUL,double,"AnalysisFlag::numDistinct",1024,0.1,1.79971e+06
MUL,double,"AnalysisFlag::numDistinct",1024,0.1,1.78969e+06
MUL,double,"AnalysisFlag::numDistinct",1024,0.1,1.79481e+06
MUL,double,"AnalysisFlag::numDistinct",1024,0.1,1.78643e+06
MUL,double,"AnalysisFlag::numDistinct",1024,0.1,1.7738e+06
MUL,double,"AnalysisFlag::numDistinct",1024,0.1,1.80888e+06
MUL,double,"AnalysisFlag::numDistinct",2048,0.1,5.27006e+07
MUL,double,"AnalysisFlag::numDistinct",2048,0.1,7.48039e+06
MUL,double,"AnalysisFlag::numDistinct",2048,0.1,6.99103e+06
MUL,double,"AnalysisFlag::numDistinct",2048,0.1,7.46479e+06
MUL,double,"AnalysisFlag::numDistinct",2048,0.1,6.99372e+06
MUL,double,"AnalysisFlag::numDistinct",2048,0.1,6.95691e+06
MUL,double,"AnalysisFlag::numDistinct",2048,0.1,7.41328e+06
MUL,double,"AnalysisFlag::numDistinct",2048,0.1,6.99084e+06
MUL,double,"AnalysisFlag::numDistinct",2048,0.1,6.97807e+06
MUL,double,"AnalysisFlag::numDistinct",2048,0.1,6.98923e+06
MUL,double,"AnalysisFlag::numDistinct",4096,0.1,5.60482e+08
MUL,double,"AnalysisFlag::numDistinct",4096,0.1,3.06681e+07
MUL,double,"AnalysisFlag::numDistinct",4096,0.1,3.36585e+07
MUL,double,"AnalysisFlag::numDistinct",4096,0.1,3.06271e+07
MUL,double,"AnalysisFlag::numDistinct",4096,0.1,3.04858e+07
MUL,double,"AnalysisFlag::numDistinct",4096,0.1,3.06604e+07
MUL,double,"AnalysisFlag::numDistinct",4096,0.1,3.05588e+07
MUL,double,"AnalysisFlag::numDistinct",4096,0.1,3.0663e+07
MUL,double,"AnalysisFlag::numDistinct",4096,0.1,3.05653e+07
MUL,double,"AnalysisFlag::numDistinct",4096,0.1,3.06354e+07
MUL,int64_t,"AnalysisFlag::numDistinct",1024,0.1,1.03407e+06
MUL,int64_t,"AnalysisFlag::numDistinct",1024,0.1,1.28286e+06
MUL,int64_t,"AnalysisFlag::numDistinct",1024,0.1,1.27481e+06
MUL,int64_t,"AnalysisFlag::numDistinct",1024,0.1,1.29379e+06
MUL,int64_t,"AnalysisFlag::numDistinct",1024,0.1,1.25561e+06
MUL,int64_t,"AnalysisFlag::numDistinct",1024,0.1,1.30327e+06
MUL,int64_t,"AnalysisFlag::numDistinct",1024,0.1,1.25612e+06
MUL,int64_t,"AnalysisFlag::numDistinct",1024,0.1,1.29107e+06
MUL,int64_t,"AnalysisFlag::numDistinct",1024,0.1,1.26983e+06
MUL,int64_t,"AnalysisFlag::numDistinct",1024,0.1,1.26415e+06
MUL,int64_t,"AnalysisFlag::numDistinct",2048,0.1,5.46786e+06
MUL,int64_t,"AnalysisFlag::numDistinct",2048,0.1,4.47807e+06
MUL,int64_t,"AnalysisFlag::numDistinct",2048,0.1,4.51528e+06
MUL,int64_t,"AnalysisFlag::numDistinct",2048,0.1,4.54397e+06
MUL,int64_t,"AnalysisFlag::numDistinct",2048,0.1,4.51866e+06
MUL,int64_t,"AnalysisFlag::numDistinct",2048,0.1,4.50556e+06
MUL,int64_t,"AnalysisFlag::numDistinct",2048,0.1,4.51516e+06
MUL,int64_t,"AnalysisFlag::numDistinct",2048,0.1,4.47871e+06
MUL,int64_t,"AnalysisFlag::numDistinct",2048,0.1,4.49709e+06
MUL,int64_t,"AnalysisFlag::numDistinct",2048,0.1,4.52095e+06
MUL,int64_t,"AnalysisFlag::numDistinct",4096,0.1,2.13007e+07
MUL,int64_t,"AnalysisFlag::numDistinct",4096,0.1,1.78018e+07
MUL,int64_t,"AnalysisFlag::numDistinct",4096,0.1,1.77623e+07
MUL,int64_t,"AnalysisFlag::numDistinct",4096,0.1,1.776e+07
MUL,int64_t,"AnalysisFlag::numDistinct",4096,0.1,1.78182e+07
MUL,int64_t,"AnalysisFlag::numDistinct",4096,0.1,1.77529e+07
MUL,int64_t,"AnalysisFlag::numDistinct",4096,0.1,1.77307e+07
MUL,int64_t,"AnalysisFlag::numDistinct",4096,0.1,1.79769e+07
MUL,int64_t,"AnalysisFlag::numDistinct",4096,0.1,1.77801e+07
MUL,int64_t,"AnalysisFlag::numDistinct",4096,0.1,1.77946e+07
MUL,double,"AnalysisFlag::numDistinct",1024,0.2,2.48434e+07
MUL,double,"AnalysisFlag::numDistinct",1024,0.2,5.49221e+06
MUL,double,"AnalysisFlag::numDistinct",1024,0.2,5.5316e+06
MUL,double,"AnalysisFlag::numDistinct",1024,0.2,5.06181e+06
MUL,double,"AnalysisFlag::numDistinct",1024,0.2,5.50841e+06
MUL,double,"AnalysisFlag::numDistinct",1024,0.2,5.08221e+06
MUL,double,"AnalysisFlag::numDistinct",1024,0.2,5.05054e+06
MUL,double,"AnalysisFlag::numDistinct",1024,0.2,5.04244e+06
MUL,double,"AnalysisFlag::numDistinct",1024,0.2,5.03071e+06
MUL,double,"AnalysisFlag::numDistinct",1024,0.2,5.03852e+06
MUL,double,"AnalysisFlag::numDistinct",2048,0.2,1.76992e+08
MUL,double,"AnalysisFlag::numDistinct",2048,0.2,2.26546e+07
MUL,double,"AnalysisFlag::numDistinct",2048,0.2,2.26217e+07
MUL,double,"AnalysisFlag::numDistinct",2048,0.2,2.25824e+07
MUL,double,"AnalysisFlag::numDistinct",2048,0.2,2.25093e+07
MUL,double,"AnalysisFlag::numDistinct",2048,0.2,2.26082e+07
MUL,double,"AnalysisFlag::numDistinct",2048,0.2,2.26607e+07
MUL,double,"AnalysisFlag::numDistinct",2048,0.2,2.26079e+07
MUL,double,"AnalysisFlag::numDistinct",2048,0.2,2.25746e+07
MUL,double,"AnalysisFlag::numDistinct",2048,0.2,2.24863e+07
MUL,double,"AnalysisFlag::numDistinct",4096,0.2,1.22403e+09
MUL,double,"AnalysisFlag::numDistinct",4096,0.2,1.25425e+08
MUL,double,"AnalysisFlag::numDistinct",4096,0.2,1.28264e+08
MUL,double,"AnalysisFlag::numDistinct",4096,0.2,1.25586e+08
MUL,double,"AnalysisFlag::numDistinct",4096,0.2,1.26033e+08
MUL,double,"AnalysisFlag::numDistinct",4096,0.2,1.2577e+08
MUL,double,"AnalysisFlag::numDistinct",4096,0.2,1.26495e+08
MUL,double,"AnalysisFlag::numDistinct",4096,0.2,1.2529e+08
MUL,double,"AnalysisFlag::numDistinct",4096,0.2,1.25932e+08
MUL,double,"AnalysisFlag::numDistinct",4096,0.2,1.27027e+08
MUL,int64_t,"AnalysisFlag::numDistinct",1024,0.2,1.98294e+06
MUL,int64_t,"AnalysisFlag::numDistinct",1024,0.2,1.20557e+07
MUL,int64_t,"AnalysisFlag::numDistinct",1024,0.2,2.57795e+06
MUL,int64_t,"AnalysisFlag::numDistinct",1024,0.2,2.60858e+06
MUL,int64_t,"AnalysisFlag::numDistinct",1024,0.2,2.57562e+06
MUL,int64_t,"AnalysisFlag::numDistinct",1024,0.2,2.55465e+06
MUL,int64_t,"AnalysisFlag::numDistinct",1024,0.2,2.5708e+06
MUL,int64_t,"AnalysisFlag::numDistinct",1024,0.2,2.57652e+06
MUL,int64_t,"AnalysisFlag::numDistinct",1024,0.2,2.56375e+06
MUL,int64_t,"AnalysisFlag::numDistinct",1024,0.2,2.59681e+06
MUL,int64_t,"AnalysisFlag::numDistinct",2048,0.2,1.06768e+07
MUL,int64_t,"AnalysisFlag::numDistinct",2048,0.2,9.02626e+06
MUL,int64_t,"AnalysisFlag::numDistinct",2048,0.2,9.00842e+06
MUL,int64_t,"AnalysisFlag::numDistinct",2048,0.2,8.99673e+06
MUL,int64_t,"AnalysisFlag::numDistinct",2048,0.2,8.97533e+06
MUL,int64_t,"AnalysisFlag::numDistinct",2048,0.2,8.95746e+06
MUL,int64_t,"AnalysisFlag::numDistinct",2048,0.2,9.05476e+06
MUL,int64_t,"AnalysisFlag::numDistinct",2048,0.2,8.96063e+06
MUL,int64_t,"AnalysisFlag::numDistinct",2048,0.2,8.98327e+06
MUL,int64_t,"AnalysisFlag::numDistinct",2048,0.2,8.98284e+06
MUL,int64_t,"AnalysisFlag::numDistinct",4096,0.2,4.36724e+07
MUL,int64_t,"AnalysisFlag::numDistinct",4096,0.2,3.78818e+07
MUL,int64_t,"AnalysisFlag::numDistinct",4096,0.2,3.77705e+07
MUL,int64_t,"AnalysisFlag::numDistinct",4096,0.2,3.8248e+07
MUL,int64_t,"AnalysisFlag::numDistinct",4096,0.2,3.78503e+07
MUL,int64_t,"AnalysisFlag::numDistinct",4096,0.2,3.82411e+07
MUL,int64_t,"AnalysisFlag::numDistinct",4096,0.2,3.82067e+07
MUL,int64_t,"AnalysisFlag::numDistinct",4096,0.2,3.84322e+07
MUL,int64_t,"AnalysisFlag::numDistinct",4096,0.2,3.77646e+07
MUL,int64_t,"AnalysisFlag::numDistinct",4096,0.2,3.81452e+07
MUL,double,"AnalysisFlag::numDistinct",1024,0.25,3.5506e+07
MUL,double,"AnalysisFlag::numDistinct",1024,0.25,9.3461e+06
MUL,double,"AnalysisFlag::numDistinct",1024,0.25,8.95356e+06
MUL,double,"AnalysisFlag::numDistinct",1024,0.25,8.75791e+06
MUL,double,"AnalysisFlag::numDistinct",1024,0.25,8.81605e+06
MUL,double,"AnalysisFlag::numDistinct",1024,0.25,9.30239e+06
MUL,double,"AnalysisFlag::numDistinct",1024,0.25,1.09969e+07
MUL,double,"AnalysisFlag::numDistinct",1024,0.25,9.00448e+06
MUL,double,"AnalysisFlag::numDistinct",1024,0.25,8.83829e+06
MUL,double,"AnalysisFlag::numDistinct",1024,0.25,8.87485e+06
MUL,double,"AnalysisFlag::numDistinct",2048,0.25,2.69343e+08
MUL,double,"AnalysisFlag::numDistinct",2048,0.25,5.4258e+07
MUL,double,"AnalysisFlag::numDistinct",2048,0.25,5.11217e+07
MUL,double,"AnalysisFlag::numDistinct",2048,0.25,5.2221e+07
MUL,double,"AnalysisFlag::numDistinct",2048,0.25,5.24112e+07
MUL,double,"AnalysisFlag::numDistinct",2048,0.25,5.23595e+07
MUL,double,"AnalysisFlag::numDistinct",2048,0.25,5.1649e+07
MUL,double,"AnalysisFlag::numDistinct",2048,0.25,5.21897e+07
MUL,double,"AnalysisFlag::numDistinct",2048,0.25,5.09297e+07
MUL,double,"AnalysisFlag::numDistinct",2048,0.25,5.17663e+07
MUL,double,"AnalysisFlag::numDistinct",4096,0.25,1.65712e+09
MUL,double,"AnalysisFlag::numDistinct",4096,0.25,3.82566e+08
MUL,double,"AnalysisFlag::numDistinct",4096,0.25,3.74019e+08
MUL,double,"AnalysisFlag::numDistinct",4096,0.25,3.91168e+08
MUL,double,"AnalysisFlag::numDistinct",4096,0.25,3.7811e+08
MUL,double,"AnalysisFlag::numDistinct",4096,0.25,3.65249e+08
MUL,double,"AnalysisFlag::numDistinct",4096,0.25,3.76224e+08
MUL,double,"AnalysisFlag::numDistinct",4096,0.25,3.69175e+08
MUL,double,"AnalysisFlag::numDistinct",4096,0.25,3.62893e+08
MUL,double,"AnalysisFlag::numDistinct",4096,0.25,3.82345e+08
MUL,int64_t,"AnalysisFlag::numDistinct",1024,0.25,4.21073e+06
MUL,int64_t,"AnalysisFlag::numDistinct",1024,0.25,3.41411e+06
MUL,int64_t,"AnalysisFlag::numDistinct",1024,0.25,3.41063e+06
MUL,int64_t,"AnalysisFlag::numDistinct",1024,0.25,3.3954e+06
MUL,int64_t,"AnalysisFlag::numDistinct",1024,0.25,3.39448e+06
MUL,int64_t,"AnalysisFlag::numDistinct",1024,0.25,3.37705e+06
MUL,int64_t,"AnalysisFlag::numDistinct",1024,0.25,3.41974e+06
MUL,int64_t,"AnalysisFlag::numDistinct",1024,0.25,3.39332e+06
MUL,int64_t,"AnalysisFlag::numDistinct",1024,0.25,3.39085e+06
MUL,int64_t,"AnalysisFlag::numDistinct",1024,0.25,3.38866e+06
MUL,int64_t,"AnalysisFlag::numDistinct",2048,0.25,2.41825e+07
MUL,int64_t,"AnalysisFlag::numDistinct",2048,0.25,1.97732e+07
MUL,int64_t,"AnalysisFlag::numDistinct",2048,0.25,1.9759e+07
MUL,int64_t,"AnalysisFlag::numDistinct",2048,0.25,1.97753e+07
MUL,int64_t,"AnalysisFlag::numDistinct",2048,0.25,1.97464e+07
MUL,int64_t,"AnalysisFlag::numDistinct",2048,0.25,1.97714e+07
MUL,int64_t,"AnalysisFlag::numDistinct",2048,0.25,1.97758e+07
MUL,int64_t,"AnalysisFlag::numDistinct",2048,0.25,1.98103e+07
MUL,int64_t,"AnalysisFlag::numDistinct",2048,0.25,1.97574e+07
MUL,int64_t,"AnalysisFlag::numDistinct",2048,0.25,1.97595e+07
MUL,int64_t,"AnalysisFlag::numDistinct",4096,0.25,9.99452e+07
MUL,int64_t,"AnalysisFlag::numDistinct",4096,0.25,7.87748e+07
MUL,int64_t,"AnalysisFlag::numDistinct",4096,0.25,7.93792e+07
MUL,int64_t,"AnalysisFlag::numDistinct",4096,0.25,7.78581e+07
MUL,int64_t,"AnalysisFlag::numDistinct",4096,0.25,7.91429e+07
MUL,int64_t,"AnalysisFlag::numDistinct",4096,0.25,7.90888e+07
MUL,int64_t,"AnalysisFlag::numDistinct",4096,0.25,7.7898e+07
MUL,int64_t,"AnalysisFlag::numDistinct",4096,0.25,7.93587e+07
MUL,int64_t,"AnalysisFlag::numDistinct",4096,0.25,7.90516e+07
MUL,int64_t,"AnalysisFlag::numDistinct",4096,0.25,7.7891e+07
MUL,double,"AnalysisFlag::numDistinct",1024,1,2.18076e+08
MUL,double,"AnalysisFlag::numDistinct",1024,1,2.1218e+08
MUL,double,"AnalysisFlag::numDistinct",1024,1,2.11816e+08
MUL,double,"AnalysisFlag::numDistinct",1024,1,2.10973e+08
MUL,double,"AnalysisFlag::numDistinct",1024,1,2.08853e+08
MUL,double,"AnalysisFlag::numDistinct",1024,1,2.1127e+08
MUL,double,"AnalysisFlag::numDistinct",1024,1,2.1067e+08
MUL,double,"AnalysisFlag::numDistinct",1024,1,2.10018e+08
MUL,double,"AnalysisFlag::numDistinct",1024,1,2.08609e+08
MUL,double,"AnalysisFlag::numDistinct",1024,1,2.10587e+08
MUL,double,"AnalysisFlag::numDistinct",2048,1,1.41406e+09
MUL,double,"AnalysisFlag::numDistinct",2048,1,1.40968e+09
MUL,double,"AnalysisFlag::numDistinct",2048,1,1.39093e+09
MUL,double,"AnalysisFlag::numDistinct",2048,1,1.42048e+09
MUL,double,"AnalysisFlag::numDistinct",2048,1,1.38253e+09
MUL,double,"AnalysisFlag::numDistinct",2048,1,1.38388e+09
MUL,double,"AnalysisFlag::numDistinct",2048,1,1.39294e+09
MUL,double,"AnalysisFlag::numDistinct",2048,1,1.5335e+09
MUL,double,"AnalysisFlag::numDistinct",2048,1,1.51249e+09
MUL,double,"AnalysisFlag::numDistinct",2048,1,1.50088e+09
MUL,double,"AnalysisFlag::numDistinct",4096,1,7.99439e+09
MUL,double,"AnalysisFlag::numDistinct",4096,1,7.98797e+09
MUL,double,"AnalysisFlag::numDistinct",4096,1,7.90793e+09
MUL,double,"AnalysisFlag::numDistinct",4096,1,7.90959e+09
MUL,double,"AnalysisFlag::numDistinct",4096,1,7.95818e+09
MUL,double,"AnalysisFlag::numDistinct",4096,1,7.26483e+09
MUL,double,"AnalysisFlag::numDistinct",4096,1,7.21894e+09
MUL,double,"AnalysisFlag::numDistinct",4096,1,7.24821e+09
MUL,double,"AnalysisFlag::numDistinct",4096,1,7.24639e+09
MUL,double,"AnalysisFlag::numDistinct",4096,1,7.24057e+09
MUL,int64_t,"AnalysisFlag::numDistinct",1024,1,9.1192e+06
MUL,int64_t,"AnalysisFlag::numDistinct",1024,1,5.50371e+07
MUL,int64_t,"AnalysisFlag::numDistinct",1024,1,7.11628e+06
MUL,int64_t,"AnalysisFlag::numDistinct",1024,1,6.8848e+06
MUL,int64_t,"AnalysisFlag::numDistinct",1024,1,6.81918e+06
MUL,int64_t,"AnalysisFlag::numDistinct",1024,1,6.97106e+06
MUL,int64_t,"AnalysisFlag::numDistinct",1024,1,6.8935e+06
MUL,int64_t,"AnalysisFlag::numDistinct",1024,1,6.97424e+06
MUL,int64_t,"AnalysisFlag::numDistinct",1024,1,6.86557e+06
MUL,int64_t,"AnalysisFlag::numDistinct",1024,1,6.99142e+06
MUL,int64_t,"AnalysisFlag::numDistinct",2048,1,4.33403e+07
MUL,int64_t,"AnalysisFlag::numDistinct",2048,1,3.4694e+07
MUL,int64_t,"AnalysisFlag::numDistinct",2048,1,3.40937e+07
MUL,int64_t,"AnalysisFlag::numDistinct",2048,1,3.42072e+07
MUL,int64_t,"AnalysisFlag::numDistinct",2048,1,3.3835e+07
MUL,int64_t,"AnalysisFlag::numDistinct",2048,1,3.45635e+07
MUL,int64_t,"AnalysisFlag::numDistinct",2048,1,3.41687e+07
MUL,int64_t,"AnalysisFlag::numDistinct",2048,1,3.45494e+07
MUL,int64_t,"AnalysisFlag::numDistinct",2048,1,3.41645e+07
MUL,int64_t,"AnalysisFlag::numDistinct",2048,1,3.46504e+07
MUL,int64_t,"AnalysisFlag::numDistinct",4096,1,1.77878e+08
MUL,int64_t,"AnalysisFlag::numDistinct",4096,1,1.38354e+08
MUL,int64_t,"AnalysisFlag::numDistinct",4096,1,1.35168e+08
MUL,int64_t,"AnalysisFlag::numDistinct",4096,1,1.35695e+08
MUL,int64_t,"AnalysisFlag::numDistinct",4096,1,1.35226e+08
MUL,int64_t,"AnalysisFlag::numDistinct",4096,1,1.36985e+08
MUL,int64_t,"AnalysisFlag::numDistinct",4096,1,1.35457e+08
MUL,int64_t,"AnalysisFlag::numDistinct",4096,1,1.38439e+08
MUL,int64_t,"AnalysisFlag::numDistinct",4096,1,1.35445e+08
MUL,int64_t,"AnalysisFlag::numDistinct",4096,1,1.37382e+08
ADD,double,"AnalysisFlag::numDistinctApprox",1024,0.001,129951
ADD,double,"AnalysisFlag::numDistinctApprox",1024,0.001,107944
ADD,double,"AnalysisFlag::numDistinctApprox",1024,0.001,104575
ADD,double,"AnalysisFlag::numDistinctApprox",1024,0.001,100421
ADD,double,"AnalysisFlag::numDistinctApprox",1024,0.001,103314
ADD,double,"AnalysisFlag::numDistinctApprox",1024,0.001,101461
ADD,double,"AnalysisFlag::numDistinctApprox",1024,0.001,103389
ADD,double,"AnalysisFlag::numDistinctApprox",1024,0.001,100485
ADD,double,"AnalysisFlag::numDistinctApprox",1024,0.001,103155
ADD,double,"AnalysisFlag::numDistinctApprox",1024,0.001,100317
ADD,double,"AnalysisFlag::numDistinctApprox",2048,0.001,325958
ADD,double,"AnalysisFlag::numDistinctApprox",2048,0.001,364815
ADD,double,"AnalysisFlag::numDistinctApprox",2048,0.001,363769
ADD,double,"AnalysisFlag::numDistinctApprox",2048,0.001,368264
ADD,double,"AnalysisFlag::numDistinctApprox",2048,0.001,354497
ADD,double,"AnalysisFlag::numDistinctApprox",2048,0.001,353075
ADD,double,"AnalysisFlag::numDistinctApprox",2048,0.001,359924
ADD,double,"AnalysisFlag::numDistinctApprox",2048,0.001,349463
ADD,double,"AnalysisFlag::numDistinctApprox",2048,0.001,349958
ADD,double,"AnalysisFlag::numDistinctApprox",2048,0.001,358941
ADD,double,"AnalysisFlag::numDistinctApprox",4096,0.001,635194
ADD,double,"AnalysisFlag::numDistinctApprox",4096,0.001,817636
ADD,double,"AnalysisFlag::numDistinctApprox",4096,0.001,823360
ADD,double,"AnalysisFlag::numDistinctApprox",4096,0.001,814251
ADD,double,"AnalysisFlag::numDistinctApprox",4096,0.001,819443
ADD,double,"AnalysisFlag::numDistinctApprox",4096,0.001,822152
ADD,double,"AnalysisFlag::numDistinctApprox",4096,0.001,811611
ADD,double,"AnalysisFlag::numDistinctApprox",4096,0.001,815791
ADD,double,"AnalysisFlag::numDistinctApprox",4096,0.001,813720
ADD,double,"AnalysisFlag::numDistinctApprox",4096,0.001,818216
ADD,int64_t,"AnalysisFlag::numDistinctApprox",1024,0.001,72617
ADD,int64_t,"AnalysisFlag::numDistinctApprox",1024,0.001,67056
ADD,int64_t,"AnalysisFlag::numDistinctApprox",1024,0.001,67577
ADD,int64_t,"AnalysisFlag::numDistinctApprox",1024,0.001,67217
ADD,int64_t,"AnalysisFlag::numDistinctApprox",1024,0.001,67667
ADD,int64_t,"AnalysisFlag::numDistinctApprox",1024,0.001,68103
ADD,int64_t,"AnalysisFlag::numDistinctApprox",1024,0.001,63901
ADD,int64_t,"AnalysisFlag::numDistinctApprox",1024,0.001,64233
ADD,int64_t,"AnalysisFlag::numDistinctApprox",1024,0.001,66791
ADD,int64_t,"AnalysisFlag::numDistinctApprox",1024,0.001,65912
ADD,int64_t,"AnalysisFlag::numDistinctApprox",2048,0.001,220679
ADD,int64_t,"AnalysisFlag::numDistinctApprox",2048,0.001,258452
ADD,int64_t,"AnalysisFlag::numDistinctApprox",2048,0.001,262074
ADD,int64_t,"AnalysisFlag::numDistinctApprox",2048,0.001,251893
ADD,int64_t,"AnalysisFlag::numDistinctApprox",2048,0.001,259959
ADD,int64_t,"AnalysisFlag::numDistinctApprox",2048,0.001,260125
ADD,int64_t,"AnalysisFlag::numDistinctApprox",2048,0.001,259547
ADD,int64_t,"AnalysisFlag::numDistinctApprox",2048,0.001,251313
ADD,int64_t,"AnalysisFlag::numDistinctApprox",2048,0.001,256160
ADD,int64_t,"AnalysisFlag::numDistinctApprox",2048,0.001,255742
ADD,int64_t,"AnalysisFlag::numDistinctApprox",4096,0.001,751828
ADD,int64_t,"AnalysisFlag::numDistinctApprox",4096,0.001,1.14118e+06
ADD,int64_t,"AnalysisFlag::numDistinctApprox",4096,0.001,1.1907e+06
ADD,int64_t,"AnalysisFlag::numDistinctApprox",4096,0.001,1.11301e+06
ADD,int64_t,"AnalysisFlag::numDistinctApprox",4096,0.001,1.1464e+06
ADD,int64_t,"AnalysisFlag::numDistinctApprox",4096,0.001,1.17108e+06
ADD,int64_t,"AnalysisFlag::numDistinctApprox",4096,0.001,1.11922e+06
ADD,int64_t,"AnalysisFlag::numDistinctApprox",4096,0.001,1.16571e+06
ADD,int64_t,"AnalysisFlag::numDistinctApprox",4096,0.001,1.15242e+06
ADD,int64_t,"AnalysisFlag::numDistinctApprox",4096,0.001,1.12319e+06
ADD,double,"AnalysisFlag::numDistinctApprox",1024,0.01,442677
ADD,double,"AnalysisFlag::numDistinctApprox",1024,0.01,623695
ADD,double,"AnalysisFlag::numDistinctApprox",1024,0.01,607141
ADD,double,"AnalysisFlag::numDistinctApprox",1024,0.01,625846
ADD,double,"AnalysisFlag::numDistinctApprox",1024,0.01,620594
ADD,double,"AnalysisFlag::numDistinctApprox",1024,0.01,619420
ADD,double,"AnalysisFlag::numDistinctApprox",1024,0.01,620662
ADD,double,"AnalysisFlag::numDistinctApprox",1024,0.01,630695
ADD,double,"AnalysisFlag::numDistinctApprox",1024,0.01,621008
ADD,double,"AnalysisFlag::numDistinctApprox",1024,0.01,615937
ADD,double,"AnalysisFlag::numDistinctApprox",2048,0.01,889564
ADD,double,"AnalysisFlag::numDistinctApprox",2048,0.01,1.48999e+06
ADD,double,"AnalysisFlag::numDistinctApprox",2048,0.01,1.50164e+06
ADD,double,"AnalysisFlag::numDistinctApprox",2048,0.01,1.5028e+06
ADD,double,"AnalysisFlag::numDistinctApprox",2048,0.01,1.49278e+06
ADD,double,"AnalysisFlag::numDistinctApprox",2048,0.01,1.48935e+06
ADD,double,"AnalysisFlag::numDistinctApprox",2048,0.01,1.50147e+06
ADD,double,"AnalysisFlag::numDistinctApprox",2048,0.01,1.51116e+06
ADD,double,"AnalysisFlag::numDistinctApprox",2048,0.01,1.50784e+06
ADD,double,"AnalysisFlag::numDistinctApprox",2048,0.01,1.49826e+06
ADD,double,"AnalysisFlag::numDistinctApprox",4096,0.01,2.1906e+06
ADD,double,"AnalysisFlag::numDistinctApprox",4096,0.01,4.60918e+06
ADD,double,"AnalysisFlag::numDistinctApprox",4096,0.01,4.62181e+06
ADD,double,"AnalysisFlag::numDistinctApprox",4096,0.01,4.61963e+06
ADD,double,"AnalysisFlag::numDistinctApprox",4096,0.01,4.53178e+06
ADD,double,"AnalysisFlag::numDistinctApprox",4096,0.01,4.57942e+06
ADD,double,"AnalysisFlag::numDistinctApprox",4096,0.01,4.60323e+06
ADD,double,"AnalysisFlag::numDistinctApprox",4096,0.01,4.63971e+06
ADD,double,"AnalysisFlag::numDistinctApprox",4096,0.01,4.62809e+06
ADD,double,"AnalysisFlag::numDistinctApprox",4096,0.01,4.56266e+06
ADD,int64_t,"AnalysisFlag::numDistinctApprox",1024,0.01,430324
ADD,int64_t,"AnalysisFlag::numDistinctApprox",1024,0.01,793200
ADD,int64_t,"AnalysisFlag::numDistinctApprox",1024,0.01,785543
ADD,int64_t,"AnalysisFlag::numDistinctApprox",1024,0.01,799481
ADD,int64_t,"AnalysisFlag::numDistinctApprox",1024,0.01,800587
ADD,int64_t,"AnalysisFlag::numDistinctApprox",1024,0.01,796168
ADD,int64_t,"AnalysisFlag::numDistinctApprox",1024,0.01,802397
ADD,int64_t,"AnalysisFlag::numDistinctApprox",1024,0.01,825545
ADD,int64_t,"AnalysisFlag::numDistinctApprox",1024,0.01,799824
ADD,int64_t,"AnalysisFlag::numDistinctApprox",1024,0.01,798843
ADD,int64_t,"AnalysisFlag::numDistinctApprox",2048,0.01,1.59117e+06
ADD,int64_t,"AnalysisFlag::numDistinctApprox",2048,0.01,3.34364e+06
ADD,int64_t,"AnalysisFlag::numDistinctApprox",2048,0.01,3.3535e+06
ADD,int64_t,"AnalysisFlag::numDistinctApprox",2048,0.01,3.45637e+06
ADD,int64_t,"AnalysisFlag::numDistinctApprox",2048,0.01,3.3897e+06
ADD,int64_t,"AnalysisFlag::numDistinctApprox",2048,0.01,3.2817e+06
ADD,int64_t,"AnalysisFlag::numDistinctApprox",2048,0.01,3.21912e+06
ADD,int64_t,"AnalysisFlag::numDistinctApprox",2048,0.01,3.29414e+06
ADD,int64_t,"AnalysisFlag::numDistinctApprox",2048,0.01,3.28748e+06
ADD,int64_t,"AnalysisFlag::numDistinctApprox",2048,0.01,3.28621e+06
ADD,int64_t,"AnalysisFlag::numDistinctApprox",4096,0.01,6.26356e+06
ADD,int64_t,"AnalysisFlag::numDistinctApprox",4096,0.01,1.39022e+07
ADD,int64_t,"AnalysisFlag::numDistinctApprox",4096,0.01,1.41417e+07
ADD,int64_t,"AnalysisFlag::numDistinctApprox",4096,0.01,1.40428e+07
ADD,int64_t,"AnalysisFlag::numDistinctApprox",4096,0.01,1.41422e+07
ADD,int64_t,"AnalysisFlag::numDistinctApprox",4096,0.01,1.42504e+07
ADD,int64_t,"AnalysisFlag::numDistinctApprox",4096,0.01,1.38911e+07
ADD,int64_t,"AnalysisFlag::numDistinctApprox",4096,0.01,1.40678e+07
ADD,int64_t,"AnalysisFlag::numDistinctApprox",4096,0.01,1.42577e+07
ADD,int64_t,"AnalysisFlag::numDistinctApprox",4096,0.01,1.42994e+07
ADD,double,"AnalysisFlag::numDistinctApprox",1024,0.05,984543
ADD,double,"AnalysisFlag::numDistinctApprox",1024,0.05,1.77048e+06
ADD,double,"AnalysisFlag::numDistinctApprox",1024,0.05,1.80804e+06
ADD,double,"AnalysisFlag::numDistinctApprox",1024,0.05,1.74157e+06
ADD,double,"AnalysisFlag::numDistinctApprox",1024,0.05,1.78733e+06
ADD,double,"AnalysisFlag::numDistinctApprox",1024,0.05,1.73564e+06
ADD,double,"AnalysisFlag::numDistinctApprox",1024,0.05,1.74221e+06
ADD,double,"AnalysisFlag::numDistinctApprox",1024,0.05,1.78845e+06
ADD,double,"AnalysisFlag::numDistinctApprox",1024,0.05,1.75506e+06
ADD,double,"AnalysisFlag::numDistinctApprox",1024,0.05,1.74411e+06
ADD,double,"AnalysisFlag::numDistinctApprox",2048,0.05,2.56074e+06
ADD,double,"AnalysisFlag::numDistinctApprox",2048,0.05,5.52708e+06
ADD,double,"AnalysisFlag::numDistinctApprox",2048,0.05,5.52881e+06
ADD,double,"AnalysisFlag::numDistinctApprox",2048,0.05,5.54833e+06
ADD,double,"AnalysisFlag::numDistinctApprox",2048,0.05,5.56994e+06
ADD,double,"AnalysisFlag::numDistinctApprox",2048,0.05,5.46712e+06
ADD,double,"AnalysisFlag::numDistinctApprox",2048,0.05,5.51532e+06
ADD,double,"AnalysisFlag::numDistinctApprox",2048,0.05,5.50782e+06
ADD,double,"AnalysisFlag::numDistinctApprox",2048,0.05,5.50679e+06
ADD,double,"AnalysisFlag::numDistinctApprox",2048,0.05,5.5538e+06
ADD,double,"AnalysisFlag::numDistinctApprox",4096,0.05,1.15325e+07
ADD,double,"AnalysisFlag::numDistinctApprox",4096,0.05,2.62269e+07
ADD,double,"AnalysisFlag::numDistinctApprox",4096,0.05,2.62627e+07
ADD,double,"AnalysisFlag::numDistinctApprox",4096,0.05,2.62591e+07
ADD,double,"AnalysisFlag::numDistinctApprox",4096,0.05,2.62503e+07
ADD,double,"AnalysisFlag::numDistinctApprox",4096,0.05,2.62246e+07
ADD,double,"AnalysisFlag::numDistinctApprox",4096,0.05,2.62343e+07
ADD,double,"AnalysisFlag::numDistinctApprox",4096,0.05,2.6248e+07
ADD,double,"AnalysisFlag::numDistinctApprox",4096,0.05,2.61758e+07
ADD,double,"AnalysisFlag::numDistinctApprox",4096,0.05,2.62807e+07
ADD,int64_t,"AnalysisFlag::numDistinctApprox",1024,0.05,2.07847e+06
ADD,int64_t,"AnalysisFlag::numDistinctApprox",1024,0.05,4.67096e+06
ADD,int64_t,"AnalysisFlag::numDistinctApprox",1024,0.05,4.37385e+06
ADD,int64_t,"AnalysisFlag::numDistinctApprox",1024,0.05,4.40184e+06
ADD,int64_t,"AnalysisFlag::numDistinctApprox",1024,0.05,4.44355e+06
ADD,int64_t,"AnalysisFlag::numDistinctApprox",1024,0.05,4.35814e+06
ADD,int64_t,"AnalysisFlag::numDistinctApprox",1024,0.05,4.46143e+06
ADD,int64_t,"AnalysisFlag::numDistinctApprox",1024,0.05,4.49086e+06
ADD,int64_t,"AnalysisFlag::numDistinctApprox",1024,0.05,4.39025e+06
ADD,int64_t,"AnalysisFlag::numDistinctApprox",1024,0.05,4.41193e+06
ADD,int64_t,"AnalysisFlag::numDistinctApprox",2048,0.05,8.65315e+06
ADD,int64_t,"AnalysisFlag::numDistinctApprox",2048,0.05,1.85073e+07
ADD,int64_t,"AnalysisFlag::numDistinctApprox",2048,0.05,1.76575e+07
ADD,int64_t,"AnalysisFlag::numDistinctApprox",2048,0.05,1.79396e+07
ADD,int64_t,"AnalysisFlag::numDistinctApprox",2048,0.05,1.76337e+07
ADD,int64_t,"AnalysisFlag::numDistinctApprox",2048,0.05,1.77505e+07
ADD,int64_t,"AnalysisFlag::numDistinctApprox",2048,0.05,1.79252e+07
ADD,int64_t,"AnalysisFlag::numDistinctApprox",2048,0.05,1.80877e+07
ADD,int64_t,"AnalysisFlag::numDistinctApprox",2048,0.05,1.77139e+07
ADD,int64_t,"AnalysisFlag::numDistinctApprox",2048,0.05,1.8002e+07
ADD,int64_t,"AnalysisFlag::numDistinctApprox",4096,0.05,3.44505e+07
ADD,int64_t,"AnalysisFlag::numDistinctApprox",4096,0.05,7.84879e+07
ADD,int64_t,"AnalysisFlag::numDistinctApprox",4096,0.05,7.96336e+07
ADD,int64_t,"AnalysisFlag::numDistinctApprox",4096,0.05,7.90656e+07
ADD,int64_t,"AnalysisFlag::numDistinctApprox",4096,0.05,7.81859e+07
ADD,int64_t,"AnalysisFlag::numDistinctApprox",4096,0.05,7.88147e+07
ADD,int64_t,"AnalysisFlag::numDistinctApprox",4096,0.05,7.97596e+07
ADD,int64_t,"AnalysisFlag::numDistinctApprox",4096,0.05,7.96701e+07
ADD,int64_t,"AnalysisFlag::numDistinctApprox",4096,0.05,7.84349e+07
ADD,int64_t,"AnalysisFlag::numDistinctApprox",4096,0.05,7.9269e+07
ADD,double,"AnalysisFlag::numDistinctApprox",1024,0.1,1.96048e+06
ADD,double,"AnalysisFlag::numDistinctApprox",1024,0.1,3.43633e+06
ADD,double,"AnalysisFlag::numDistinctApprox",1024,0.1,3.02516e+06
ADD,double,"AnalysisFlag::numDistinctApprox",1024,0.1,3.06383e+06
ADD,double,"AnalysisFlag::numDistinctApprox",1024,0.1,3.0155e+06
ADD,double,"AnalysisFlag::numDistinctApprox",1024,0.1,3.03058e+06
ADD,double,"AnalysisFlag::numDistinctApprox",1024,0.1,3.04324e+06
ADD,double,"AnalysisFlag::numDistinctApprox",1024,0.1,3.00069e+06
ADD,double,"AnalysisFlag::numDistinctApprox",1024,0.1,3.02051e+06
ADD,double,"AnalysisFlag::numDistinctApprox",1024,0.1,3.02034e+06
ADD,double,"AnalysisFlag::numDistinctApprox",2048,0.1,6.13124e+06
ADD,double,"AnalysisFlag::numDistinctApprox",2048,0.1,1.17956e+07
ADD,double,"AnalysisFlag::numDistinctApprox",2048,0.1,1.03325e+07
ADD,double,"AnalysisFlag::numDistinctApprox",2048,0.1,1.0401e+07
ADD,double,"AnalysisFlag::numDistinctApprox",2048,0.1,1.03216e+07
ADD,double,"AnalysisFlag::numDistinctApprox",2048,0.1,1.03615e+07
ADD,double,"AnalysisFlag::numDistinctApprox",2048,0.1,1.03394e+07
ADD,double,"AnalysisFlag::numDistinctApprox",2048,0.1,1.03871e+07
ADD,double,"AnalysisFlag::numDistinctApprox",2048,0.1,1.03359e+07
ADD,double,"AnalysisFlag::numDistinctApprox",2048,0.1,1.03404e+07
ADD,double,"AnalysisFlag::numDistinctApprox",4096,0.1,2.20703e+07
ADD,double,"AnalysisFlag::numDistinctApprox",4096,0.1,5.08199e+07
ADD,double,"AnalysisFlag::numDistinctApprox",4096,0.1,5.07803e+07
ADD,double,"AnalysisFlag::numDistinctApprox",4096,0.1,5.08082e+07
ADD,double,"AnalysisFlag::numDistinctApprox",4096,0.1,5.07948e+07
ADD,double,"AnalysisFlag::numDistinctApprox",4096,0.1,5.07827e+07
ADD,double,"AnalysisFlag::numDistinctApprox",4096,0.1,5.07677e+07
ADD,double,"AnalysisFlag::numDistinctApprox",4096,0.1,5.08494e+07
ADD,double,"AnalysisFlag::numDistinctApprox",4096,0.1,5.07986e+07
ADD,double,"AnalysisFlag::numDistinctApprox",4096,0.1,5.07553e+07
ADD,int64_t,"AnalysisFlag::numDistinctApprox",1024,0.1,4.22867e+06
ADD,int64_t,"AnalysisFlag::numDistinctApprox",1024,0.1,9.08204e+06
ADD,int64_t,"AnalysisFlag::numDistinctApprox",1024,0.1,8.76001e+06
ADD,int64_t,"AnalysisFlag::numDistinctApprox",1024,0.1,8.71733e+06
ADD,int64_t,"AnalysisFlag::numDistinctApprox",1024,0.1,8.73375e+06
ADD,int64_t,"AnalysisFlag::numDistinctApprox",1024,0.1,8.86134e+06
ADD,int64_t,"AnalysisFlag::numDistinctApprox",1024,0.1,8.67543e+06
ADD,int64_t,"AnalysisFlag::numDistinctApprox",1024,0.1,8.71848e+06
ADD,int64_t,"AnalysisFlag::numDistinctApprox",1024,0.1,8.57703e+06
ADD,int64_t,"AnalysisFlag::numDistinctApprox",1024,0.1,8.81851e+06
ADD,int64_t,"AnalysisFlag::numDistinctApprox",2048,0.1,1.66581e+07
ADD,int64_t,"AnalysisFlag::numDistinctApprox",2048,0.1,3.67867e+07
ADD,int64_t,"AnalysisFlag::numDistinctApprox",2048,0.1,3.50465e+07
ADD,int64_t,"AnalysisFlag::numDistinctApprox",2048,0.1,3.52107e+07
ADD,int64_t,"AnalysisFlag::numDistinctApprox",2048,0.1,3.4766e+07
ADD,int64_t,"AnalysisFlag::numDistinctApprox",2048,0.1,3.49955e+07
ADD,int64_t,"AnalysisFlag::numDistinctApprox",2048,0.1,3.56476e+07
ADD,int64_t,"AnalysisFlag::numDistinctApprox",2048,0.1,3.52685e+07
ADD,int64_t,"AnalysisFlag::numDistinctApprox",2048,0.1,3.51205e+07
ADD,int64_t,"AnalysisFlag::numDistinctApprox",2048,0.1,3.48938e+07
ADD,int64_t,"AnalysisFlag::numDistinctApprox",4096,0.1,6.88664e+07
ADD,int64_t,"AnalysisFlag::numDistinctApprox",4096,0.1,1.54981e+08
ADD,int64_t,"AnalysisFlag::numDistinctApprox",4096,0.1,1.51747e+08
ADD,int64_t,"AnalysisFlag::numDistinctApprox",4096,0.1,1.5411e+08
ADD,int64_t,"AnalysisFlag::numDistinctApprox",4096,0.1,1.5031e+08
ADD,int64_t,"AnalysisFlag::numDistinctApprox",4096,0.1,1.5432e+08
ADD,int64_t,"AnalysisFlag::numDistinctApprox",4096,0.1,1.54192e+08
ADD,int64_t,"AnalysisFlag::numDistinctApprox",4096,0.1,1.52912e+08
ADD,int64_t,"AnalysisFlag::numDistinctApprox",4096,0.1,1.54335e+08
ADD,int64_t,"AnalysisFlag::numDistinctApprox",4096,0.1,1.54701e+08
ADD,double,"AnalysisFlag::numDistinctApprox",1024,0.2,3.36099e+06
ADD,double,"AnalysisFlag::numDistinctApprox",1024,0.2,6.06004e+06
ADD,double,"AnalysisFlag::numDistinctApprox",1024,0.2,5.3983e+06
ADD,double,"AnalysisFlag::numDistinctApprox",1024,0.2,5.4622e+06
ADD,double,"AnalysisFlag::numDistinctApprox",1024,0.2,5.42214e+06
ADD,double,"AnalysisFlag::numDistinctApprox",1024,0.2,5.39391e+06
ADD,double,"AnalysisFlag::numDistinctApprox",1024,0.2,5.39888e+06
ADD,double,"AnalysisFlag::numDistinctApprox",1024,0.2,5.40772e+06
ADD,double,"AnalysisFlag::numDistinctApprox",1024,0.2,5.40524e+06
ADD,double,"AnalysisFlag::numDistinctApprox",1024,0.2,5.3636e+06
ADD,double,"AnalysisFlag::numDistinctApprox",2048,0.2,1.14202e+07
ADD,double,"AnalysisFlag::numDistinctApprox",2048,0.2,2.53234e+07
ADD,double,"AnalysisFlag::numDistinctApprox",2048,0.2,2.53239e+07
ADD,double,"AnalysisFlag::numDistinctApprox",2048,0.2,2.53375e+07
ADD,double,"AnalysisFlag::numDistinctApprox",2048,0.2,2.52888e+07
ADD,double,"AnalysisFlag::numDistinctApprox",2048,0.2,2.53367e+07
ADD,double,"AnalysisFlag::numDistinctApprox",2048,0.2,2.53571e+07
ADD,double,"AnalysisFlag::numDistinctApprox",2048,0.2,2.53121e+07
ADD,double,"AnalysisFlag::numDistinctApprox",2048,0.2,2.53129e+07
ADD,double,"AnalysisFlag::numDistinctApprox",2048,0.2,2.5309e+07
ADD,double,"AnalysisFlag::numDistinctApprox",4096,0.2,4.43084e+07
ADD,double,"AnalysisFlag::numDistinctApprox",4096,0.2,9.97461e+07
ADD,double,"AnalysisFlag::numDistinctApprox",4096,0.2,9.8529e+07
ADD,double,"AnalysisFlag::numDistinctApprox",4096,0.2,9.87669e+07
ADD,double,"AnalysisFlag::numDistinctApprox",4096,0.2,9.89217e+07
ADD,double,"AnalysisFlag::numDistinctApprox",4096,0.2,9.87505e+07
ADD,double,"AnalysisFlag::numDistinctApprox",4096,0.2,9.8274e+07
ADD,double,"AnalysisFlag::numDistinctApprox",4096,0.2,9.90032e+07
ADD,double,"AnalysisFlag::numDistinctApprox",4096,0.2,9.90018e+07
ADD,double,"AnalysisFlag::numDistinctApprox",4096,0.2,9.89569e+07
ADD,int64_t,"AnalysisFlag::numDistinctApprox",1024,0.2,8.27625e+06
ADD,int64_t,"AnalysisFlag::numDistinctApprox",1024,0.2,1.74675e+07
ADD,int64_t,"AnalysisFlag::numDistinctApprox",1024,0.2,1.63707e+07
ADD,int64_t,"AnalysisFlag::numDistinctApprox",1024,0.2,1.68346e+07
ADD,int64_t,"AnalysisFlag::numDistinctApprox",1024,0.2,1.63238e+07
ADD,int64_t,"AnalysisFlag::numDistinctApprox",1024,0.2,1.63831e+07
ADD,int64_t,"AnalysisFlag::numDistinctApprox",1024,0.2,1.67713e+07
ADD,int64_t,"AnalysisFlag::numDistinctApprox",1024,0.2,1.6457e+07
ADD,int64_t,"AnalysisFlag::numDistinctApprox",1024,0.2,1.68761e+07
ADD,int64_t,"AnalysisFlag::numDistinctApprox",1024,0.2,1.69992e+07
ADD,int64_t,"AnalysisFlag::numDistinctApprox",2048,0.2,3.23974e+07
ADD,int64_t,"AnalysisFlag::numDistinctApprox",2048,0.2,7.44329e+07
ADD,int64_t,"AnalysisFlag::numDistinctApprox",2048,0.2,7.36797e+07
ADD,int64_t,"AnalysisFlag::numDistinctApprox",2048,0.2,7.41622e+07
ADD,int64_t,"AnalysisFlag::numDistinctApprox",2048,0.2,7.46276e+07
ADD,int64_t,"AnalysisFlag::numDistinctApprox",2048,0.2,7.38924e+07
ADD,int64_t,"AnalysisFlag::numDistinctApprox",2048,0.2,7.3345e+07
ADD,int64_t,"AnalysisFlag::numDistinctApprox",2048,0.2,7.34669e+07
ADD,int64_t,"AnalysisFlag::numDistinctApprox",2048,0.2,7.37035e+07
ADD,int64_t,"AnalysisFlag::numDistinctApprox",2048,0.2,7.27703e+07
ADD,int64_t,"AnalysisFlag::numDistinctApprox",4096,0.2,1.33125e+08
ADD,int64_t,"AnalysisFlag::numDistinctApprox",4096,0.2,3.01008e+08
ADD,int64_t,"AnalysisFlag::numDistinctApprox",4096,0.2,2.93272e+08
ADD,int64_t,"AnalysisFlag::numDistinctApprox",4096,0.2,2.94912e+08
ADD,int64_t,"AnalysisFlag::numDistinctApprox",4096,0.2,2.94486e+08
ADD,int64_t,"AnalysisFlag::numDistinctApprox",4096,0.2,2.9539e+08
ADD,int64_t,"AnalysisFlag::numDistinctApprox",4096,0.2,2.91738e+08
ADD,int64_t,"AnalysisFlag::numDistinctApprox",4096,0.2,2.88318e+08
ADD,int64_t,"AnalysisFlag::numDistinctApprox",4096,0.2,2.92711e+08
ADD,int64_t,"AnalysisFlag::numDistinctApprox",4096,0.2,2.9423e+08
ADD,double,"AnalysisFlag::numDistinctApprox",1024,0.25,9.30168e+06
ADD,double,"AnalysisFlag::numDistinctApprox",1024,0.25,7.307e+06
ADD,double,"AnalysisFlag::numDistinctApprox",1024,0.25,7.60182e+06
ADD,double,"AnalysisFlag::numDistinctApprox",1024,0.25,7.36523e+06
ADD,double,"AnalysisFlag::numDistinctApprox",1024,0.25,7.35639e+06
ADD,double,"AnalysisFlag::numDistinctApprox",1024,0.25,7.36201e+06
ADD,double,"AnalysisFlag::numDistinctApprox",1024,0.25,7.26545e+06
ADD,double,"AnalysisFlag::numDistinctApprox",1024,0.25,7.27433e+06
ADD,double,"AnalysisFlag::numDistinctApprox",1024,0.25,7.35953e+06
ADD,double,"AnalysisFlag::numDistinctApprox",1024,0.25,7.29174e+06
ADD,double,"AnalysisFlag::numDistinctApprox",2048,0.25,3.54188e+07
ADD,double,"AnalysisFlag::numDistinctApprox",2048,0.25,3.51389e+07
ADD,double,"AnalysisFlag::numDistinctApprox",2048,0.25,3.51274e+07
ADD,double,"AnalysisFlag::numDistinctApprox",2048,0.25,3.54236e+07
ADD,double,"AnalysisFlag::numDistinctApprox",2048,0.25,3.51897e+07
ADD,double,"AnalysisFlag::numDistinctApprox",2048,0.25,3.52544e+07
ADD,double,"AnalysisFlag::numDistinctApprox",2048,0.25,3.51719e+07
ADD,double,"AnalysisFlag::numDistinctApprox",2048,0.25,3.51936e+07
ADD,double,"AnalysisFlag::numDistinctApprox",2048,0.25,3.52038e+07
ADD,double,"AnalysisFlag::numDistinctApprox",2048,0.25,3.5187e+07
ADD,double,"AnalysisFlag::numDistinctApprox",4096,0.25,1.41744e+08
ADD,double,"AnalysisFlag::numDistinctApprox",4096,0.25,1.38667e+08
ADD,double,"AnalysisFlag::numDistinctApprox",4096,0.25,1.39066e+08
ADD,double,"AnalysisFlag::numDistinctApprox",4096,0.25,1.39079e+08
ADD,double,"AnalysisFlag::numDistinctApprox",4096,0.25,1.38287e+08
ADD,double,"AnalysisFlag::numDistinctApprox",4096,0.25,1.39349e+08
ADD,double,"AnalysisFlag::numDistinctApprox",4096,0.25,1.39274e+08
ADD,double,"AnalysisFlag::numDistinctApprox",4096,0.25,1.407e+08
ADD,double,"AnalysisFlag::numDistinctApprox",4096,0.25,1.39448e+08
ADD,double,"AnalysisFlag::numDistinctApprox",4096,0.25,1.38418e+08
ADD,int64_t,"AnalysisFlag::numDistinctApprox",1024,0.25,2.29536e+07
ADD,int64_t,"AnalysisFlag::numDistinctApprox",1024,0.25,2.36756e+07
ADD,int64_t,"AnalysisFlag::numDistinctApprox",1024,0.25,2.74636e+07
ADD,int64_t,"AnalysisFlag::numDistinctApprox",1024,0.25,2.72944e+07
ADD,int64_t,"AnalysisFlag::numDistinctApprox",1024,0.25,2.8191e+07
ADD,int64_t,"AnalysisFlag::numDistinctApprox",1024,0.25,2.67241e+07
ADD,int64_t,"AnalysisFlag::numDistinctApprox",1024,0.25,2.78866e+07
ADD,int64_t,"AnalysisFlag::numDistinctApprox",1024,0.25,2.64401e+07
ADD,int64_t,"AnalysisFlag::numDistinctApprox",1024,0.25,2.73319e+07
ADD,int64_t,"AnalysisFlag::numDistinctApprox",1024,0.25,2.65385e+07
ADD,int64_t,"AnalysisFlag::numDistinctApprox",2048,0.25,9.65358e+07
ADD,int64_t,"AnalysisFlag::numDistinctApprox",2048,0.25,1.19789e+08
ADD,int64_t,"AnalysisFlag::numDistinctApprox",2048,0.25,1.28641e+08
ADD,int64_t,"AnalysisFlag::numDistinctApprox",2048,0.25,1.24413e+08
ADD,int64_t,"AnalysisFlag::numDistinctApprox",2048,0.25,1.31505e+08
ADD,int64_t,"AnalysisFlag::numDistinctApprox",2048,0.25,1.21801e+08
ADD,int64_t,"AnalysisFlag::numDistinctApprox",2048,0.25,1.18988e+08
ADD,int64_t,"AnalysisFlag::numDistinctApprox",2048,0.25,1.30051e+08
ADD,int64_t,"AnalysisFlag::numDistinctApprox",2048,0.25,1.19035e+08
ADD,int64_t,"AnalysisFlag::numDistinctApprox",2048,0.25,1.19101e+08
ADD,int64_t,"AnalysisFlag::numDistinctApprox",4096,0.25,3.76673e+08
ADD,int64_t,"AnalysisFlag::numDistinctApprox",4096,0.25,5.15747e+08
ADD,int64_t,"AnalysisFlag::numDistinctApprox",4096,0.25,4.63611e+08
ADD,int64_t,"AnalysisFlag::numDistinctApprox",4096,0.25,4.76343e+08
ADD,int64_t,"AnalysisFlag::numDistinctApprox",4096,0.25,4.84951e+08
ADD,int64_t,"AnalysisFlag::numDistinctApprox",4096,0.25,5.18471e+08
ADD,int64_t,"AnalysisFlag::numDistinctApprox",4096,0.25,4.90155e+08
ADD,int64_t,"AnalysisFlag::numDistinctApprox",4096,0.25,4.80899e+08
ADD,int64_t,"AnalysisFlag::numDistinctApprox",4096,0.25,4.7373e+08
ADD,int64_t,"AnalysisFlag::numDistinctApprox",4096,0.25,4.13478e+08
ADD,double,"AnalysisFlag::numDistinctApprox",1024,1,7.41939e+06
ADD,double,"AnalysisFlag::numDistinctApprox",1024,1,7.3802e+06
ADD,double,"AnalysisFlag::numDistinctApprox",1024,1,7.30847e+06
ADD,double,"AnalysisFlag::numDistinctApprox",1024,1,7.35663e+06
ADD,double,"AnalysisFlag::numDistinctApprox",1024,1,7.36987e+06
ADD,double,"AnalysisFlag::numDistinctApprox",1024,1,7.41014e+06
ADD,double,"AnalysisFlag::numDistinctApprox",1024,1,7.3336e+06
ADD,double,"AnalysisFlag::numDistinctApprox",1024,1,7.29954e+06
ADD,double,"AnalysisFlag::numDistinctApprox",1024,1,7.35287e+06
ADD,double,"AnalysisFlag::numDistinctApprox",1024,1,7.32817e+06
ADD,double,"AnalysisFlag::numDistinctApprox",2048,1,3.52326e+07
ADD,double,"AnalysisFlag::numDistinctApprox",2048,1,3.5183e+07
ADD,double,"AnalysisFlag::numDistinctApprox",2048,1,3.51386e+07
ADD,double,"AnalysisFlag::numDistinctApprox",2048,1,3.51712e+07
ADD,double,"AnalysisFlag::numDistinctApprox",2048,1,3.51811e+07
ADD,double,"AnalysisFlag::numDistinctApprox",2048,1,3.51974e+07
ADD,double,"AnalysisFlag::numDistinctApprox",2048,1,3.51581e+07
ADD,double,"AnalysisFlag::numDistinctApprox",2048,1,3.51122e+07
ADD,double,"AnalysisFlag::numDistinctApprox",2048,1,3.50669e+07
ADD,double,"AnalysisFlag::numDistinctApprox",2048,1,3.51029e+07
ADD,double,"AnalysisFlag::numDistinctApprox",4096,1,1.40485e+08
ADD,double,"AnalysisFlag::numDistinctApprox",4096,1,1.38994e+08
ADD,double,"AnalysisFlag::numDistinctApprox",4096,1,1.37769e+08
ADD,double,"AnalysisFlag::numDistinctApprox",4096,1,1.38075e+08
ADD,double,"AnalysisFlag::numDistinctApprox",4096,1,1.39095e+08
ADD,double,"AnalysisFlag::numDistinctApprox",4096,1,1.38006e+08
ADD,double,"AnalysisFlag::numDistinctApprox",4096,1,1.38018e+08
ADD,double,"AnalysisFlag::numDistinctApprox",4096,1,1.39191e+08
ADD,double,"AnalysisFlag::numDistinctApprox",4096,1,1.37983e+08
ADD,double,"AnalysisFlag::numDistinctApprox",4096,1,1.38028e+08
ADD,int64_t,"AnalysisFlag::numDistinctApprox",1024,1,3.74867e+07
ADD,int64_t,"AnalysisFlag::numDistinctApprox",1024,1,3.92944e+07
ADD,int64_t,"AnalysisFlag::numDistinctApprox",1024,1,3.88083e+07
ADD,int64_t,"AnalysisFlag::numDistinctApprox",1024,1,4.05014e+07
ADD,int64_t,"AnalysisFlag::numDistinctApprox",1024,1,3.92345e+07
ADD,int64_t,"AnalysisFlag::numDistinctApprox",1024,1,3.94208e+07
ADD,int64_t,"AnalysisFlag::numDistinctApprox",1024,1,3.79211e+07
ADD,int64_t,"AnalysisFlag::numDistinctApprox",1024,1,3.97731e+07
ADD,int64_t,"AnalysisFlag::numDistinctApprox",1024,1,3.95199e+07
ADD,int64_t,"AnalysisFlag::numDistinctApprox",1024,1,4.01748e+07
ADD,int64_t,"AnalysisFlag::numDistinctApprox",2048,1,1.55297e+08
ADD,int64_t,"AnalysisFlag::numDistinctApprox",2048,1,1.65387e+08
ADD,int64_t,"AnalysisFlag::numDistinctApprox",2048,1,1.69101e+08
ADD,int64_t,"AnalysisFlag::numDistinctApprox",2048,1,1.69812e+08
ADD,int64_t,"AnalysisFlag::numDistinctApprox",2048,1,1.69567e+08
ADD,int64_t,"AnalysisFlag::numDistinctApprox",2048,1,1.67799e+08
ADD,int64_t,"AnalysisFlag::numDistinctApprox",2048,1,1.66564e+08
ADD,int64_t,"AnalysisFlag::numDistinctApprox",2048,1,1.63142e+08
ADD,int64_t,"AnalysisFlag::numDistinctApprox",2048,1,1.70856e+08
ADD,int64_t,"AnalysisFlag::numDistinctApprox",2048,1,1.70765e+08
ADD,int64_t,"AnalysisFlag::numDistinctApprox",4096,1,6.25648e+08
ADD,int64_t,"AnalysisFlag::numDistinctApprox",4096,1,6.68173e+08
ADD,int64_t,"AnalysisFlag::numDistinctApprox",4096,1,6.6499e+08
ADD,int64_t,"AnalysisFlag::numDistinctApprox",4096,1,6.71345e+08
ADD,int64_t,"AnalysisFlag::numDistinctApprox",4096,1,6.8942e+08
ADD,int64_t,"AnalysisFlag::numDistinctApprox",4096,1,6.74013e+08
ADD,int64_t,"AnalysisFlag::numDistinctApprox",4096,1,6.75789e+08
ADD,int64_t,"AnalysisFlag::numDistinctApprox",4096,1,6.6922e+08
ADD,int64_t,"AnalysisFlag::numDistinctApprox",4096,1,6.7554e+08
ADD,int64_t,"AnalysisFlag::numDistinctApprox",4096,1,6.79533e+08
MUL,double,"AnalysisFlag::numDistinctApprox",1024,0.001,118903
MUL,double,"AnalysisFlag::numDistinctApprox",1024,0.001,17667
MUL,double,"AnalysisFlag::numDistinctApprox",1024,0.001,17034
MUL,double,"AnalysisFlag::numDistinctApprox",1024,0.001,16731
MUL,double,"AnalysisFlag::numDistinctApprox",1024,0.001,16996
MUL,double,"AnalysisFlag::numDistinctApprox",1024,0.001,16449
MUL,double,"AnalysisFlag::numDistinctApprox",1024,0.001,16070
MUL,double,"AnalysisFlag::numDistinctApprox",1024,0.001,16728
MUL,double,"AnalysisFlag::numDistinctApprox",1024,0.001,16485
MUL,double,"AnalysisFlag::numDistinctApprox",1024,0.001,16243
MUL,double,"AnalysisFlag::numDistinctApprox",2048,0.001,302181
MUL,double,"AnalysisFlag::numDistinctApprox",2048,0.001,54676
MUL,double,"AnalysisFlag::numDistinctApprox",2048,0.001,51983
MUL,double,"AnalysisFlag::numDistinctApprox",2048,0.001,53322
MUL,double,"AnalysisFlag::numDistinctApprox",2048,0.001,51975
MUL,double,"AnalysisFlag::numDistinctApprox",2048,0.001,52389
MUL,double,"AnalysisFlag::numDistinctApprox",2048,0.001,50610
MUL,double,"AnalysisFlag::numDistinctApprox",2048,0.001,50260
MUL,double,"AnalysisFlag::numDistinctApprox",2048,0.001,50138
MUL,double,"AnalysisFlag::numDistinctApprox",2048,0.001,50039
MUL,double,"AnalysisFlag::numDistinctApprox",4096,0.001,551258
MUL,double,"AnalysisFlag::numDistinctApprox",4096,0.001,177572
MUL,double,"AnalysisFlag::numDistinctApprox",4096,0.001,176591
MUL,double,"AnalysisFlag::numDistinctApprox",4096,0.001,177605
MUL,double,"AnalysisFlag::numDistinctApprox",4096,0.001,172463
MUL,double,"AnalysisFlag::numDistinctApprox",4096,0.001,171132
MUL,double,"AnalysisFlag::numDistinctApprox",4096,0.001,172047
MUL,double,"AnalysisFlag::numDistinctApprox",4096,0.001,171197
MUL,double,"AnalysisFlag::numDistinctApprox",4096,0.001,170575
MUL,double,"AnalysisFlag::numDistinctApprox",4096,0.001,171573
MUL,int64_t,"AnalysisFlag::numDistinctApprox",1024,0.001,54026
MUL,int64_t,"AnalysisFlag::numDistinctApprox",1024,0.001,14912
MUL,int64_t,"AnalysisFlag::numDistinctApprox",1024,0.001,15160
MUL,int64_t,"AnalysisFlag::numDistinctApprox",1024,0.001,14964
MUL,int64_t,"AnalysisFlag::numDistinctApprox",1024,0.001,16696
MUL,int64_t,"AnalysisFlag::numDistinctApprox",1024,0.001,14876
MUL,int64_t,"AnalysisFlag::numDistinctApprox",1024,0.001,14429
MUL,int64_t,"AnalysisFlag::numDistinctApprox",1024,0.001,14654
MUL,int64_t,"AnalysisFlag::numDistinctApprox",1024,0.001,14616
MUL,int64_t,"AnalysisFlag::numDistinctApprox",1024,0.001,14985
MUL,int64_t,"AnalysisFlag::numDistinctApprox",2048,0.001,167618
MUL,int64_t,"AnalysisFlag::numDistinctApprox",2048,0.001,48677
MUL,int64_t,"AnalysisFlag::numDistinctApprox",2048,0.001,47482
MUL,int64_t,"AnalysisFlag::numDistinctApprox",2048,0.001,49055
MUL,int64_t,"AnalysisFlag::numDistinctApprox",2048,0.001,47978
MUL,int64_t,"AnalysisFlag::numDistinctApprox",2048,0.001,47897
MUL,int64_t,"AnalysisFlag::numDistinctApprox",2048,0.001,47513
MUL,int64_t,"AnalysisFlag::numDistinctApprox",2048,0.001,48220
MUL,int64_t,"AnalysisFlag::numDistinctApprox",2048,0.001,48693
MUL,int64_t,"AnalysisFlag::numDistinctApprox",2048,0.001,46854
MUL,int64_t,"AnalysisFlag::numDistinctApprox",4096,0.001,659193
MUL,int64_t,"AnalysisFlag::numDistinctApprox",4096,0.001,175664
MUL,int64_t,"AnalysisFlag::numDistinctApprox",4096,0.001,174147
MUL,int64_t,"AnalysisFlag::numDistinctApprox",4096,0.001,172613
MUL,int64_t,"AnalysisFlag::numDistinctApprox",4096,0.001,173496
MUL,int64_t,"AnalysisFlag::numDistinctApprox",4096,0.001,172334
MUL,int64_t,"AnalysisFlag::numDistinctApprox",4096,0.001,172519
MUL,int64_t,"AnalysisFlag::numDistinctApprox",4096,0.001,172353
MUL,int64_t,"AnalysisFlag::numDistinctApprox",4096,0.001,173305
MUL,int64_t,"AnalysisFlag::numDistinctApprox",4096,0.001,175754
MUL,double,"AnalysisFlag::numDistinctApprox",1024,0.01,403856
MUL,double,"AnalysisFlag::numDistinctApprox",1024,0.01,107474
MUL,double,"AnalysisFlag::numDistinctApprox",1024,0.01,106732
MUL,double,"AnalysisFlag::numDistinctApprox",1024,0.01,107214
MUL,double,"AnalysisFlag::numDistinctApprox",1024,0.01,105019
MUL,double,"AnalysisFlag::numDistinctApprox",1024,0.01,106720
MUL,double,"AnalysisFlag::numDistinctApprox",1024,0.01,107653
MUL,double,"AnalysisFlag::numDistinctApprox",1024,0.01,105814
MUL,double,"AnalysisFlag::numDistinctApprox",1024,0.01,105839
MUL,double,"AnalysisFlag::numDistinctApprox",1024,0.01,107978
MUL,double,"AnalysisFlag::numDistinctApprox",2048,0.01,785993
MUL,double,"AnalysisFlag::numDistinctApprox",2048,0.01,422364
MUL,double,"AnalysisFlag::numDistinctApprox",2048,0.01,417978
MUL,double,"AnalysisFlag::numDistinctApprox",2048,0.01,415804
MUL,double,"AnalysisFlag::numDistinctApprox",2048,0.01,417362
MUL,double,"AnalysisFlag::numDistinctApprox",2048,0.01,416067
MUL,double,"AnalysisFlag::numDistinctApprox",2048,0.01,412989
MUL,double,"AnalysisFlag::numDistinctApprox",2048,0.01,419678
MUL,double,"AnalysisFlag::numDistinctApprox",2048,0.01,416394
MUL,double,"AnalysisFlag::numDistinctApprox",2048,0.01,411188
MUL,double,"AnalysisFlag::numDistinctApprox",4096,0.01,1.89844e+06
MUL,double,"AnalysisFlag::numDistinctApprox",4096,0.01,1.64335e+06
MUL,double,"AnalysisFlag::numDistinctApprox",4096,0.01,1.64746e+06
MUL,double,"AnalysisFlag::numDistinctApprox",4096,0.01,1.64866e+06
MUL,double,"AnalysisFlag::numDistinctApprox",4096,0.01,1.65399e+06
MUL,double,"AnalysisFlag::numDistinctApprox",4096,0.01,1.64664e+06
MUL,double,"AnalysisFlag::numDistinctApprox",4096,0.01,1.67822e+06
MUL,double,"AnalysisFlag::numDistinctApprox",4096,0.01,1.65252e+06
MUL,double,"AnalysisFlag::numDistinctApprox",4096,0.01,1.69917e+06
MUL,double,"AnalysisFlag::numDistinctApprox",4096,0.01,1.67552e+06
MUL,int64_t,"AnalysisFlag::numDistinctApprox",1024,0.01,374507
MUL,int64_t,"AnalysisFlag::numDistinctApprox",1024,0.01,107254
MUL,int64_t,"AnalysisFlag::numDistinctApprox",1024,0.01,107164
MUL,int64_t,"AnalysisFlag::numDistinctApprox",1024,0.01,107363
MUL,int64_t,"AnalysisFlag::numDistinctApprox",1024,0.01,106253
MUL,int64_t,"AnalysisFlag::numDistinctApprox",1024,0.01,105843
MUL,int64_t,"AnalysisFlag::numDistinctApprox",1024,0.01,106991
MUL,int64_t,"AnalysisFlag::numDistinctApprox",1024,0.01,107479
MUL,int64_t,"AnalysisFlag::numDistinctApprox",1024,0.01,105655
MUL,int64_t,"AnalysisFlag::numDistinctApprox",1024,0.01,106392
MUL,int64_t,"AnalysisFlag::numDistinctApprox",2048,0.01,1.36026e+06
MUL,int64_t,"AnalysisFlag::numDistinctApprox",2048,0.01,419863
MUL,int64_t,"AnalysisFlag::numDistinctApprox",2048,0.01,415955
MUL,int64_t,"AnalysisFlag::numDistinctApprox",2048,0.01,417797
MUL,int64_t,"AnalysisFlag::numDistinctApprox",2048,0.01,416194
MUL,int64_t,"AnalysisFlag::numDistinctApprox",2048,0.01,415937
MUL,int64_t,"AnalysisFlag::numDistinctApprox",2048,0.01,415952
MUL,int64_t,"AnalysisFlag::numDistinctApprox",2048,0.01,415451
MUL,int64_t,"AnalysisFlag::numDistinctApprox",2048,0.01,411511
MUL,int64_t,"AnalysisFlag::numDistinctApprox",2048,0.01,415514
MUL,int64_t,"AnalysisFlag::numDistinctApprox",4096,0.01,5.90178e+06
MUL,int64_t,"AnalysisFlag::numDistinctApprox",4096,0.01,1.6846e+06
MUL,int64_t,"AnalysisFlag::numDistinctApprox",4096,0.01,1.68586e+06
MUL,int64_t,"AnalysisFlag::numDistinctApprox",4096,0.01,1.65909e+06
MUL,int64_t,"AnalysisFlag::numDistinctApprox",4096,0.01,1.66505e+06
MUL,int64_t,"AnalysisFlag::numDistinctApprox",4096,0.01,1.65974e+06
MUL,int64_t,"AnalysisFlag::numDistinctApprox",4096,0.01,1.71275e+06
MUL,int64_t,"AnalysisFlag::numDistinctApprox",4096,0.01,1.66321e+06
MUL,int64_t,"AnalysisFlag::numDistinctApprox",4096,0.01,1.70302e+06
MUL,int64_t,"AnalysisFlag::numDistinctApprox",4096,0.01,1.68732e+06
MUL,double,"AnalysisFlag::numDistinctApprox",1024,0.05,875258
MUL,double,"AnalysisFlag::numDistinctApprox",1024,0.05,700005
MUL,double,"AnalysisFlag::numDistinctApprox",1024,0.05,679067
MUL,double,"AnalysisFlag::numDistinctApprox",1024,0.05,666531
MUL,double,"AnalysisFlag::numDistinctApprox",1024,0.05,680210
MUL,double,"AnalysisFlag::numDistinctApprox",1024,0.05,657450
MUL,double,"AnalysisFlag::numDistinctApprox",1024,0.05,659549
MUL,double,"AnalysisFlag::numDistinctApprox",1024,0.05,661460
MUL,double,"AnalysisFlag::numDistinctApprox",1024,0.05,657313
MUL,double,"AnalysisFlag::numDistinctApprox",1024,0.05,664405
MUL,double,"AnalysisFlag::numDistinctApprox",2048,0.05,2.14498e+06
MUL,double,"AnalysisFlag::numDistinctApprox",2048,0.05,2.24747e+06
MUL,double,"AnalysisFlag::numDistinctApprox",2048,0.05,2.26866e+06
MUL,double,"AnalysisFlag::numDistinctApprox",2048,0.05,2.28514e+06
MUL,double,"AnalysisFlag::numDistinctApprox",2048,0.05,2.2826e+06
MUL,double,"AnalysisFlag::numDistinctApprox",2048,0.05,2.30021e+06
MUL,double,"AnalysisFlag::numDistinctApprox",2048,0.05,2.25498e+06
MUL,double,"AnalysisFlag::numDistinctApprox",2048,0.05,2.29977e+06
MUL,double,"AnalysisFlag::numDistinctApprox",2048,0.05,2.274e+06
MUL,double,"AnalysisFlag::numDistinctApprox",2048,0.05,2.31686e+06
MUL,double,"AnalysisFlag::numDistinctApprox",4096,0.05,1.00268e+07
MUL,double,"AnalysisFlag::numDistinctApprox",4096,0.05,8.38165e+06
MUL,double,"AnalysisFlag::numDistinctApprox",4096,0.05,8.29733e+06
MUL,double,"AnalysisFlag::numDistinctApprox",4096,0.05,8.32158e+06
MUL,double,"AnalysisFlag::numDistinctApprox",4096,0.05,8.30452e+06
MUL,double,"AnalysisFlag::numDistinctApprox",4096,0.05,8.28423e+06
MUL,double,"AnalysisFlag::numDistinctApprox",4096,0.05,8.34576e+06
MUL,double,"AnalysisFlag::numDistinctApprox",4096,0.05,8.36234e+06
MUL,double,"AnalysisFlag::numDistinctApprox",4096,0.05,8.53762e+06
MUL,double,"AnalysisFlag::numDistinctApprox",4096,0.05,8.59005e+06
MUL,int64_t,"AnalysisFlag::numDistinctApprox",1024,0.05,1.73625e+06
MUL,int64_t,"AnalysisFlag::numDistinctApprox",1024,0.05,702693
MUL,int64_t,"AnalysisFlag::numDistinctApprox",1024,0.05,681780
MUL,int64_t,"AnalysisFlag::numDistinctApprox",1024,0.05,687690
MUL,int64_t,"AnalysisFlag::numDistinctApprox",1024,0.05,685479
MUL,int64_t,"AnalysisFlag::numDistinctApprox",1024,0.05,683662
MUL,int64_t,"AnalysisFlag::numDistinctApprox",1024,0.05,687032
MUL,int64_t,"AnalysisFlag::numDistinctApprox",1024,0.05,680974
MUL,int64_t,"AnalysisFlag::numDistinctApprox",1024,0.05,685683
MUL,int64_t,"AnalysisFlag::numDistinctApprox",1024,0.05,684416
MUL,int64_t,"AnalysisFlag::numDistinctApprox",2048,0.05,6.5031e+06
MUL,int64_t,"AnalysisFlag::numDistinctApprox",2048,0.05,2.50764e+06
MUL,int64_t,"AnalysisFlag::numDistinctApprox",2048,0.05,2.50969e+06
MUL,int64_t,"AnalysisFlag::numDistinctApprox",2048,0.05,2.50419e+06
MUL,int64_t,"AnalysisFlag::numDistinctApprox",2048,0.05,2.45739e+06
MUL,int64_t,"AnalysisFlag::numDistinctApprox",2048,0.05,2.50012e+06
MUL,int64_t,"AnalysisFlag::numDistinctApprox",2048,0.05,2.52542e+06
MUL,int64_t,"AnalysisFlag::numDistinctApprox",2048,0.05,2.49527e+06
MUL,int64_t,"AnalysisFlag::numDistinctApprox",2048,0.05,2.45164e+06
MUL,int64_t,"AnalysisFlag::numDistinctApprox",2048,0.05,2.39527e+06
MUL,int64_t,"AnalysisFlag::numDistinctApprox",4096,0.05,2.77848e+07
MUL,int64_t,"AnalysisFlag::numDistinctApprox",4096,0.05,9.34563e+06
MUL,int64_t,"AnalysisFlag::numDistinctApprox",4096,0.05,9.25578e+06
MUL,int64_t,"AnalysisFlag::numDistinctApprox",4096,0.05,9.27388e+06
MUL,int64_t,"AnalysisFlag::numDistinctApprox",4096,0.05,9.23342e+06
MUL,int64_t,"AnalysisFlag::numDistinctApprox",4096,0.05,9.26464e+06
MUL,int64_t,"AnalysisFlag::numDistinctApprox",4096,0.05,9.26882e+06
MUL,int64_t,"AnalysisFlag::numDistinctApprox",4096,0.05,9.33096e+06
MUL,int64_t,"AnalysisFlag::numDistinctApprox",4096,0.05,9.26105e+06
MUL,int64_t,"AnalysisFlag::numDistinctApprox",4096,0.05,9.21797e+06
MUL,double,"AnalysisFlag::numDistinctApprox",1024,0.1,1.31278e+06
MUL,double,"AnalysisFlag::numDistinctApprox",1024,0.1,1.34379e+06
MUL,double,"AnalysisFlag::numDistinctApprox",1024,0.1,1.3355e+06
MUL,double,"AnalysisFlag::numDistinctApprox",1024,0.1,1.35e+06
MUL,double,"AnalysisFlag::numDistinctApprox",1024,0.1,1.35139e+06
MUL,double,"AnalysisFlag::numDistinctApprox",1024,0.1,1.35715e+06
MUL,double,"AnalysisFlag::numDistinctApprox",1024,0.1,1.3348e+06
MUL,double,"AnalysisFlag::numDistinctApprox",1024,0.1,1.32184e+06
MUL,double,"AnalysisFlag::numDistinctApprox",1024,0.1,1.32464e+06
MUL,double,"AnalysisFlag::numDistinctApprox",1024,0.1,1.36192e+06
MUL,double,"AnalysisFlag::numDistinctApprox",2048,0.1,3.73261e+06
MUL,double,"AnalysisFlag::numDistinctApprox",2048,0.1,4.44881e+06
MUL,double,"AnalysisFlag::numDistinctApprox",2048,0.1,4.45034e+06
MUL,double,"AnalysisFlag::numDistinctApprox",2048,0.1,4.45219e+06
MUL,double,"AnalysisFlag::numDistinctApprox",2048,0.1,4.44e+06
MUL,double,"AnalysisFlag::numDistinctApprox",2048,0.1,4.48198e+06
MUL,double,"AnalysisFlag::numDistinctApprox",2048,0.1,4.48779e+06
MUL,double,"AnalysisFlag::numDistinctApprox",2048,0.1,4.42544e+06
MUL,double,"AnalysisFlag::numDistinctApprox",2048,0.1,4.43925e+06
MUL,double,"AnalysisFlag::numDistinctApprox",2048,0.1,4.46829e+06
MUL,double,"AnalysisFlag::numDistinctApprox",4096,0.1,1.90871e+07
MUL,double,"AnalysisFlag::numDistinctApprox",4096,0.1,1.75352e+07
MUL,double,"AnalysisFlag::numDistinctApprox",4096,0.1,1.75239e+07
MUL,double,"AnalysisFlag::numDistinctApprox",4096,0.1,1.74939e+07
MUL,double,"AnalysisFlag::numDistinctApprox",4096,0.1,1.74978e+07
MUL,double,"AnalysisFlag::numDistinctApprox",4096,0.1,1.75073e+07
MUL,double,"AnalysisFlag::numDistinctApprox",4096,0.1,1.7499e+07
MUL,double,"AnalysisFlag::numDistinctApprox",4096,0.1,1.74835e+07
MUL,double,"AnalysisFlag::numDistinctApprox",4096,0.1,1.75372e+07
MUL,double,"AnalysisFlag::numDistinctApprox",4096,0.1,1.75262e+07
MUL,int64_t,"AnalysisFlag::numDistinctApprox",1024,0.1,3.7904e+06
MUL,int64_t,"AnalysisFlag::numDistinctApprox",1024,0.1,1.47827e+06
MUL,int64_t,"AnalysisFlag::numDistinctApprox",1024,0.1,1.49922e+06
MUL,int64_t,"AnalysisFlag::numDistinctApprox",1024,0.1,1.4604e+06
MUL,int64_t,"AnalysisFlag::numDistinctApprox",1024,0.1,1.46024e+06
MUL,int64_t,"AnalysisFlag::numDistinctApprox",1024,0.1,1.4784e+06
MUL,int64_t,"AnalysisFlag::numDistinctApprox",1024,0.1,1.45251e+06
MUL,int64_t,"AnalysisFlag::numDistinctApprox",1024,0.1,1.51824e+06
MUL,int64_t,"AnalysisFlag::numDistinctApprox",1024,0.1,1.47237e+06
MUL,int64_t,"AnalysisFlag::numDistinctApprox",1024,0.1,1.46182e+06
MUL,int64_t,"AnalysisFlag::numDistinctApprox",2048,0.1,1.55231e+07
MUL,int64_t,"AnalysisFlag::numDistinctApprox",2048,0.1,5.23585e+06
MUL,int64_t,"AnalysisFlag::numDistinctApprox",2048,0.1,5.24768e+06
MUL,int64_t,"AnalysisFlag::numDistinctApprox",2048,0.1,5.23927e+06
MUL,int64_t,"AnalysisFlag::numDistinctApprox",2048,0.1,5.19096e+06
MUL,int64_t,"AnalysisFlag::numDistinctApprox",2048,0.1,5.27349e+06
MUL,int64_t,"AnalysisFlag::numDistinctApprox",2048,0.1,5.20694e+06
MUL,int64_t,"AnalysisFlag::numDistinctApprox",2048,0.1,5.26528e+06
MUL,int64_t,"AnalysisFlag::numDistinctApprox",2048,0.1,5.24053e+06
MUL,int64_t,"AnalysisFlag::numDistinctApprox",2048,0.1,5.22765e+06
MUL,int64_t,"AnalysisFlag::numDistinctApprox",4096,0.1,6.37435e+07
MUL,int64_t,"AnalysisFlag::numDistinctApprox",4096,0.1,2.12197e+07
MUL,int64_t,"AnalysisFlag::numDistinctApprox",4096,0.1,2.12605e+07
MUL,int64_t,"AnalysisFlag::numDistinctApprox",4096,0.1,2.115e+07
MUL,int64_t,"AnalysisFlag::numDistinctApprox",4096,0.1,2.13035e+07
MUL,int64_t,"AnalysisFlag::numDistinctApprox",4096,0.1,2.11821e+07
MUL,int64_t,"AnalysisFlag::numDistinctApprox",4096,0.1,2.11081e+07
MUL,int64_t,"AnalysisFlag::numDistinctApprox",4096,0.1,2.12316e+07
MUL,int64_t,"AnalysisFlag::numDistinctApprox",4096,0.1,2.10414e+07
MUL,int64_t,"AnalysisFlag::numDistinctApprox",4096,0.1,2.11425e+07
MUL,double,"AnalysisFlag::numDistinctApprox",1024,0.2,2.96079e+06
MUL,double,"AnalysisFlag::numDistinctApprox",1024,0.2,2.62614e+06
MUL,double,"AnalysisFlag::numDistinctApprox",1024,0.2,2.61378e+06
MUL,double,"AnalysisFlag::numDistinctApprox",1024,0.2,2.59851e+06
MUL,double,"AnalysisFlag::numDistinctApprox",1024,0.2,2.63109e+06
MUL,double,"AnalysisFlag::numDistinctApprox",1024,0.2,2.61748e+06
MUL,double,"AnalysisFlag::numDistinctApprox",1024,0.2,2.60825e+06
MUL,double,"AnalysisFlag::numDistinctApprox",1024,0.2,2.5728e+06
MUL,double,"AnalysisFlag::numDistinctApprox",1024,0.2,2.63398e+06
MUL,double,"AnalysisFlag::numDistinctApprox",1024,0.2,2.60112e+06
MUL,double,"AnalysisFlag::numDistinctApprox",2048,0.2,9.96612e+06
MUL,double,"AnalysisFlag::numDistinctApprox",2048,0.2,9.17853e+06
MUL,double,"AnalysisFlag::numDistinctApprox",2048,0.2,9.19872e+06
MUL,double,"AnalysisFlag::numDistinctApprox",2048,0.2,9.18093e+06
MUL,double,"AnalysisFlag::numDistinctApprox",2048,0.2,9.14572e+06
MUL,double,"AnalysisFlag::numDistinctApprox",2048,0.2,9.19025e+06
MUL,double,"AnalysisFlag::numDistinctApprox",2048,0.2,9.23798e+06
MUL,double,"AnalysisFlag::numDistinctApprox",2048,0.2,9.22236e+06
MUL,double,"AnalysisFlag::numDistinctApprox",2048,0.2,9.20789e+06
MUL,double,"AnalysisFlag::numDistinctApprox",2048,0.2,9.16574e+06
MUL,double,"AnalysisFlag::numDistinctApprox",4096,0.2,3.84605e+07
MUL,double,"AnalysisFlag::numDistinctApprox",4096,0.2,3.77713e+07
MUL,double,"AnalysisFlag::numDistinctApprox",4096,0.2,3.77867e+07
MUL,double,"AnalysisFlag::numDistinctApprox",4096,0.2,3.82296e+07
MUL,double,"AnalysisFlag::numDistinctApprox",4096,0.2,3.78006e+07
MUL,double,"AnalysisFlag::numDistinctApprox",4096,0.2,3.82758e+07
MUL,double,"AnalysisFlag::numDistinctApprox",4096,0.2,3.82138e+07
MUL,double,"AnalysisFlag::numDistinctApprox",4096,0.2,3.82082e+07
MUL,double,"AnalysisFlag::numDistinctApprox",4096,0.2,3.77677e+07
MUL,double,"AnalysisFlag::numDistinctApprox",4096,0.2,3.82037e+07
MUL,int64_t,"AnalysisFlag::numDistinctApprox",1024,0.2,7.49645e+06
MUL,int64_t,"AnalysisFlag::numDistinctApprox",1024,0.2,3.33792e+06
MUL,int64_t,"AnalysisFlag::numDistinctApprox",1024,0.2,3.33419e+06
MUL,int64_t,"AnalysisFlag::numDistinctApprox",1024,0.2,3.33207e+06
MUL,int64_t,"AnalysisFlag::numDistinctApprox",1024,0.2,3.33888e+06
MUL,int64_t,"AnalysisFlag::numDistinctApprox",1024,0.2,3.36706e+06
MUL,int64_t,"AnalysisFlag::numDistinctApprox",1024,0.2,3.3499e+06
MUL,int64_t,"AnalysisFlag::numDistinctApprox",1024,0.2,3.3773e+06
MUL,int64_t,"AnalysisFlag::numDistinctApprox",1024,0.2,3.3033e+06
MUL,int64_t,"AnalysisFlag::numDistinctApprox",1024,0.2,3.30047e+06
MUL,int64_t,"AnalysisFlag::numDistinctApprox",2048,0.2,3.05662e+07
MUL,int64_t,"AnalysisFlag::numDistinctApprox",2048,0.2,1.2332e+07
MUL,int64_t,"AnalysisFlag::numDistinctApprox",2048,0.2,1.25071e+07
MUL,int64_t,"AnalysisFlag::numDistinctApprox",2048,0.2,1.2524e+07
MUL,int64_t,"AnalysisFlag::numDistinctApprox",2048,0.2,1.24873e+07
MUL,int64_t,"AnalysisFlag::numDistinctApprox",2048,0.2,1.24253e+07
MUL,int64_t,"AnalysisFlag::numDistinctApprox",2048,0.2,1.25819e+07
MUL,int64_t,"AnalysisFlag::numDistinctApprox",2048,0.2,1.26071e+07
MUL,int64_t,"AnalysisFlag::numDistinctApprox",2048,0.2,1.24472e+07
MUL,int64_t,"AnalysisFlag::numDistinctApprox",2048,0.2,1.24275e+07
MUL,int64_t,"AnalysisFlag::numDistinctApprox",4096,0.2,1.22316e+08
MUL,int64_t,"AnalysisFlag::numDistinctApprox",4096,0.2,5.16722e+07
MUL,int64_t,"AnalysisFlag::numDistinctApprox",4096,0.2,5.17238e+07
MUL,int64_t,"AnalysisFlag::numDistinctApprox",4096,0.2,5.25857e+07
MUL,int64_t,"AnalysisFlag::numDistinctApprox",4096,0.2,5.22424e+07
MUL,int64_t,"AnalysisFlag::numDistinctApprox",4096,0.2,5.22491e+07
MUL,int64_t,"AnalysisFlag::numDistinctApprox",4096,0.2,5.28434e+07
MUL,int64_t,"AnalysisFlag::numDistinctApprox",4096,0.2,5.1691e+07
MUL,int64_t,"AnalysisFlag::numDistinctApprox",4096,0.2,5.24515e+07
MUL,int64_t,"AnalysisFlag::numDistinctApprox",4096,0.2,5.24779e+07
MUL,double,"AnalysisFlag::numDistinctApprox",1024,0.25,9.38722e+06
MUL,double,"AnalysisFlag::numDistinctApprox",1024,0.25,7.76476e+06
MUL,double,"AnalysisFlag::numDistinctApprox",1024,0.25,1.75342e+07
MUL,double,"AnalysisFlag::numDistinctApprox",1024,0.25,8.74324e+06
MUL,double,"AnalysisFlag::numDistinctApprox",1024,0.25,7.23918e+06
MUL,double,"AnalysisFlag::numDistinctApprox",1024,0.25,7.74068e+06
MUL,double,"AnalysisFlag::numDistinctApprox",1024,0.25,9.93251e+06
MUL,double,"AnalysisFlag::numDistinctApprox",1024,0.25,7.483e+06
MUL,double,"AnalysisFlag::numDistinctApprox",1024,0.25,7.74256e+06
MUL,double,"AnalysisFlag::numDistinctApprox",1024,0.25,7.36099e+06
MUL,double,"AnalysisFlag::numDistinctApprox",2048,0.25,3.53862e+07
MUL,double,"AnalysisFlag::numDistinctApprox",2048,0.25,3.60063e+07
MUL,double,"AnalysisFlag::numDistinctApprox",2048,0.25,3.99522e+07
MUL,double,"AnalysisFlag::numDistinctApprox",2048,0.25,3.55223e+07
MUL,double,"AnalysisFlag::numDistinctApprox",2048,0.25,5.97719e+07
MUL,double,"AnalysisFlag::numDistinctApprox",2048,0.25,3.6006e+07
MUL,double,"AnalysisFlag::numDistinctApprox",2048,0.25,3.88082e+07
MUL,double,"AnalysisFlag::numDistinctApprox",2048,0.25,4.78326e+07
MUL,double,"AnalysisFlag::numDistinctApprox",2048,0.25,3.52434e+07
MUL,double,"AnalysisFlag::numDistinctApprox",2048,0.25,3.50815e+07
MUL,double,"AnalysisFlag::numDistinctApprox",4096,0.25,1.41929e+08
MUL,double,"AnalysisFlag::numDistinctApprox",4096,0.25,1.46211e+08
MUL,double,"AnalysisFlag::numDistinctApprox",4096,0.25,1.44819e+08
MUL,double,"AnalysisFlag::numDistinctApprox",4096,0.25,1.40139e+08
MUL,double,"AnalysisFlag::numDistinctApprox",4096,0.25,1.39379e+08
MUL,double,"AnalysisFlag::numDistinctApprox",4096,0.25,1.39077e+08
MUL,double,"AnalysisFlag::numDistinctApprox",4096,0.25,1.39438e+08
MUL,double,"AnalysisFlag::numDistinctApprox",4096,0.25,1.39482e+08
MUL,double,"AnalysisFlag::numDistinctApprox",4096,0.25,1.39999e+08
MUL,double,"AnalysisFlag::numDistinctApprox",4096,0.25,1.3902e+08
MUL,int64_t,"AnalysisFlag::numDistinctApprox",1024,0.25,1.97142e+07
MUL,int64_t,"AnalysisFlag::numDistinctApprox",1024,0.25,8.83768e+06
MUL,int64_t,"AnalysisFlag::numDistinctApprox",1024,0.25,9.13254e+06
MUL,int64_t,"AnalysisFlag::numDistinctApprox",1024,0.25,9.06174e+06
MUL,int64_t,"AnalysisFlag::numDistinctApprox",1024,0.25,8.89166e+06
MUL,int64_t,"AnalysisFlag::numDistinctApprox",1024,0.25,1.71831e+07
MUL,int64_t,"AnalysisFlag::numDistinctApprox",1024,0.25,9.29471e+06
MUL,int64_t,"AnalysisFlag::numDistinctApprox",1024,0.25,8.89726e+06
MUL,int64_t,"AnalysisFlag::numDistinctApprox",1024,0.25,8.9551e+06
MUL,int64_t,"AnalysisFlag::numDistinctApprox",1024,0.25,8.89273e+06
MUL,int64_t,"AnalysisFlag::numDistinctApprox",2048,0.25,8.32546e+07
MUL,int64_t,"AnalysisFlag::numDistinctApprox",2048,0.25,4.14516e+07
MUL,int64_t,"AnalysisFlag::numDistinctApprox",2048,0.25,4.11358e+07
MUL,int64_t,"AnalysisFlag::numDistinctApprox",2048,0.25,4.05467e+07
MUL,int64_t,"AnalysisFlag::numDistinctApprox",2048,0.25,4.07578e+07
MUL,int64_t,"AnalysisFlag::numDistinctApprox",2048,0.25,4.19854e+07
MUL,int64_t,"AnalysisFlag::numDistinctApprox",2048,0.25,4.09715e+07
MUL,int64_t,"AnalysisFlag::numDistinctApprox",2048,0.25,4.10433e+07
MUL,int64_t,"AnalysisFlag::numDistinctApprox",2048,0.25,4.12394e+07
MUL,int64_t,"AnalysisFlag::numDistinctApprox",2048,0.25,4.10989e+07
MUL,int64_t,"AnalysisFlag::numDistinctApprox",4096,0.25,3.44473e+08
MUL,int64_t,"AnalysisFlag::numDistinctApprox",4096,0.25,1.64648e+08
MUL,int64_t,"AnalysisFlag::numDistinctApprox",4096,0.25,1.62603e+08
MUL,int64_t,"AnalysisFlag::numDistinctApprox",4096,0.25,1.59504e+08
MUL,int64_t,"AnalysisFlag::numDistinctApprox",4096,0.25,1.6542e+08
MUL,int64_t,"AnalysisFlag::numDistinctApprox",4096,0.25,1.63755e+08
MUL,int64_t,"AnalysisFlag::numDistinctApprox",4096,0.25,1.62068e+08
MUL,int64_t,"AnalysisFlag::numDistinctApprox",4096,0.25,1.61202e+08
MUL,int64_t,"AnalysisFlag::numDistinctApprox",4096,0.25,1.60217e+08
MUL,int64_t,"AnalysisFlag::numDistinctApprox",4096,0.25,1.63785e+08
MUL,double,"AnalysisFlag::numDistinctApprox",1024,1,7.47042e+06
MUL,double,"AnalysisFlag::numDistinctApprox",1024,1,7.35437e+06
MUL,double,"AnalysisFlag::numDistinctApprox",1024,1,7.37596e+06
MUL,double,"AnalysisFlag::numDistinctApprox",1024,1,7.33256e+06
MUL,double,"AnalysisFlag::numDistinctApprox",1024,1,7.34513e+06
MUL,double,"AnalysisFlag::numDistinctApprox",1024,1,7.33959e+06
MUL,double,"AnalysisFlag::numDistinctApprox",1024,1,7.34922e+06
MUL,double,"AnalysisFlag::numDistinctApprox",1024,1,7.36241e+06
MUL,double,"AnalysisFlag::numDistinctApprox",1024,1,7.3613e+06
MUL,double,"AnalysisFlag::numDistinctApprox",1024,1,7.34817e+06
MUL,double,"AnalysisFlag::numDistinctApprox",2048,1,3.52277e+07
MUL,double,"AnalysisFlag::numDistinctApprox",2048,1,3.50962e+07
MUL,double,"AnalysisFlag::numDistinctApprox",2048,1,3.51025e+07
MUL,double,"AnalysisFlag::numDistinctApprox",2048,1,3.50831e+07
MUL,double,"AnalysisFlag::numDistinctApprox",2048,1,3.50734e+07
MUL,double,"AnalysisFlag::numDistinctApprox",2048,1,3.50767e+07
MUL,double,"AnalysisFlag::numDistinctApprox",2048,1,3.51085e+07
MUL,double,"AnalysisFlag::numDistinctApprox",2048,1,3.51018e+07
MUL,double,"AnalysisFlag::numDistinctApprox",2048,1,3.50905e+07
MUL,double,"AnalysisFlag::numDistinctApprox",2048,1,3.51249e+07
MUL,double,"AnalysisFlag::numDistinctApprox",4096,1,1.40297e+08
MUL,double,"AnalysisFlag::numDistinctApprox",4096,1,1.37773e+08
MUL,double,"AnalysisFlag::numDistinctApprox",4096,1,1.37783e+08
MUL,double,"AnalysisFlag::numDistinctApprox",4096,1,1.39242e+08
MUL,double,"AnalysisFlag::numDistinctApprox",4096,1,1.37954e+08
MUL,double,"AnalysisFlag::numDistinctApprox",4096,1,1.39485e+08
MUL,double,"AnalysisFlag::numDistinctApprox",4096,1,1.37945e+08
MUL,double,"AnalysisFlag::numDistinctApprox",4096,1,1.37834e+08
MUL,double,"AnalysisFlag::numDistinctApprox",4096,1,1.3936e+08
MUL,double,"AnalysisFlag::numDistinctApprox",4096,1,1.3771e+08
MUL,int64_t,"AnalysisFlag::numDistinctApprox",1024,1,3.35884e+07
MUL,int64_t,"AnalysisFlag::numDistinctApprox",1024,1,2.63287e+07
MUL,int64_t,"AnalysisFlag::numDistinctApprox",1024,1,2.69548e+07
MUL,int64_t,"AnalysisFlag::numDistinctApprox",1024,1,2.64818e+07
MUL,int64_t,"AnalysisFlag::numDistinctApprox",1024,1,2.64917e+07
MUL,int64_t,"AnalysisFlag::numDistinctApprox",1024,1,2.7026e+07
MUL,int64_t,"AnalysisFlag::numDistinctApprox",1024,1,2.65773e+07
MUL,int64_t,"AnalysisFlag::numDistinctApprox",1024,1,2.73397e+07
MUL,int64_t,"AnalysisFlag::numDistinctApprox",1024,1,2.65215e+07
MUL,int64_t,"AnalysisFlag::numDistinctApprox",1024,1,2.65977e+07
MUL,int64_t,"AnalysisFlag::numDistinctApprox",2048,1,1.45767e+08
MUL,int64_t,"AnalysisFlag::numDistinctApprox",2048,1,1.13616e+08
MUL,int64_t,"AnalysisFlag::numDistinctApprox",2048,1,1.13497e+08
MUL,int64_t,"AnalysisFlag::numDistinctApprox",2048,1,1.15825e+08
MUL,int64_t,"AnalysisFlag::numDistinctApprox",2048,1,1.1467e+08
MUL,int64_t,"AnalysisFlag::numDistinctApprox",2048,1,1.13268e+08
MUL,int64_t,"AnalysisFlag::numDistinctApprox",2048,1,1.13474e+08
MUL,int64_t,"AnalysisFlag::numDistinctApprox",2048,1,1.13136e+08
MUL,int64_t,"AnalysisFlag::numDistinctApprox",2048,1,1.13821e+08
MUL,int64_t,"AnalysisFlag::numDistinctApprox",2048,1,1.16177e+08
MUL,int64_t,"AnalysisFlag::numDistinctApprox",4096,1,5.80785e+08
MUL,int64_t,"AnalysisFlag::numDistinctApprox",4096,1,4.43974e+08
MUL,int64_t,"AnalysisFlag::numDistinctApprox",4096,1,4.60455e+08
MUL,int64_t,"AnalysisFlag::numDistinctApprox",4096,1,4.60455e+08
MUL,int64_t,"AnalysisFlag::numDistinctApprox",4096,1,4.5616e+08
MUL,int64_t,"AnalysisFlag::numDistinctApprox",4096,1,4.61554e+08
MUL,int64_t,"AnalysisFlag::numDistinctApprox",4096,1,4.61829e+08
MUL,int64_t,"AnalysisFlag::numDistinctApprox",4096,1,4.52438e+08
MUL,int64_t,"AnalysisFlag::numDistinctApprox",4096,1,4.59145e+08
MUL,int64_t,"AnalysisFlag::numDistinctApprox",4096,1,4.53186e+08
ADD,double,"AnalysisFlag::sparsity",1024,0.001,17758
ADD,double,"AnalysisFlag::sparsity",1024,0.001,25219
ADD,double,"AnalysisFlag::sparsity",1024,0.001,24652
ADD,double,"AnalysisFlag::sparsity",1024,0.001,24537
ADD,double,"AnalysisFlag::sparsity",1024,0.001,23891
ADD,double,"AnalysisFlag::sparsity",1024,0.001,24015
ADD,double,"AnalysisFlag::sparsity",1024,0.001,23727
ADD,double,"AnalysisFlag::sparsity",1024,0.001,23956
ADD,double,"AnalysisFlag::sparsity",1024,0.001,23981
ADD,double,"AnalysisFlag::sparsity",1024,0.001,23689
ADD,double,"AnalysisFlag::sparsity",2048,0.001,42855
ADD,double,"AnalysisFlag::sparsity",2048,0.001,70213
ADD,double,"AnalysisFlag::sparsity",2048,0.001,69843
ADD,double,"AnalysisFlag::sparsity",2048,0.001,69041
ADD,double,"AnalysisFlag::sparsity",2048,0.001,67230
ADD,double,"AnalysisFlag::sparsity",2048,0.001,67161
ADD,double,"AnalysisFlag::sparsity",2048,0.001,66898
ADD,double,"AnalysisFlag::sparsity",2048,0.001,66895
ADD,double,"AnalysisFlag::sparsity",2048,0.001,66483
ADD,double,"AnalysisFlag::sparsity",2048,0.001,67097
ADD,double,"AnalysisFlag::sparsity",4096,0.001,101044
ADD,double,"AnalysisFlag::sparsity",4096,0.001,213446
ADD,double,"AnalysisFlag::sparsity",4096,0.001,211994
ADD,double,"AnalysisFlag::sparsity",4096,0.001,213146
ADD,double,"AnalysisFlag::sparsity",4096,0.001,208826
ADD,double,"AnalysisFlag::sparsity",4096,0.001,209198
ADD,double,"AnalysisFlag::sparsity",4096,0.001,206477
ADD,double,"AnalysisFlag::sparsity",4096,0.001,206294
ADD,double,"AnalysisFlag::sparsity",4096,0.001,206964
ADD,double,"AnalysisFlag::sparsity",4096,0.001,207781
ADD,int64_t,"AnalysisFlag::sparsity",1024,0.001,15656
ADD,int64_t,"AnalysisFlag::sparsity",1024,0.001,23012
ADD,int64_t,"AnalysisFlag::sparsity",1024,0.001,22609
ADD,int64_t,"AnalysisFlag::sparsity",1024,0.001,22418
ADD,int64_t,"AnalysisFlag::sparsity",1024,0.001,22330
ADD,int64_t,"AnalysisFlag::sparsity",1024,0.001,22175
ADD,int64_t,"AnalysisFlag::sparsity",1024,0.001,21977
ADD,int64_t,"AnalysisFlag::sparsity",1024,0.001,21896
ADD,int64_t,"AnalysisFlag::sparsity",1024,0.001,21973
ADD,int64_t,"AnalysisFlag::sparsity",1024,0.001,22124
ADD,int64_t,"AnalysisFlag::sparsity",2048,0.001,36019
ADD,int64_t,"AnalysisFlag::sparsity",2048,0.001,62979
ADD,int64_t,"AnalysisFlag::sparsity",2048,0.001,64787
ADD,int64_t,"AnalysisFlag::sparsity",2048,0.001,63285
ADD,int64_t,"AnalysisFlag::sparsity",2048,0.001,63077
ADD,int64_t,"AnalysisFlag::sparsity",2048,0.001,62995
ADD,int64_t,"AnalysisFlag::sparsity",2048,0.001,62798
ADD,int64_t,"AnalysisFlag::sparsity",2048,0.001,63574
ADD,int64_t,"AnalysisFlag::sparsity",2048,0.001,62816
ADD,int64_t,"AnalysisFlag::sparsity",2048,0.001,62317
ADD,int64_t,"AnalysisFlag::sparsity",4096,0.001,90064
ADD,int64_t,"AnalysisFlag::sparsity",4096,0.001,206846
ADD,int64_t,"AnalysisFlag::sparsity",4096,0.001,203314
ADD,int64_t,"AnalysisFlag::sparsity",4096,0.001,204710
ADD,int64_t,"AnalysisFlag::sparsity",4096,0.001,205372
ADD,int64_t,"AnalysisFlag::sparsity",4096,0.001,203622
ADD,int64_t,"AnalysisFlag::sparsity",4096,0.001,202910
ADD,int64_t,"AnalysisFlag::sparsity",4096,0.001,203700
ADD,int64_t,"AnalysisFlag::sparsity",4096,0.001,203089
ADD,int64_t,"AnalysisFlag::sparsity",4096,0.001,202819
ADD,double,"AnalysisFlag::sparsity",1024,0.01,36969
ADD,double,"AnalysisFlag::sparsity",1024,0.01,114174
ADD,double,"AnalysisFlag::sparsity",1024,0.01,113490
ADD,double,"AnalysisFlag::sparsity",1024,0.01,112730
ADD,double,"AnalysisFlag::sparsity",1024,0.01,113083
ADD,double,"AnalysisFlag::sparsity",1024,0.01,111519
ADD,double,"AnalysisFlag::sparsity",1024,0.01,114765
ADD,double,"AnalysisFlag::sparsity",1024,0.01,112270
ADD,double,"AnalysisFlag::sparsity",1024,0.01,113824
ADD,double,"AnalysisFlag::sparsity",1024,0.01,113095
ADD,double,"AnalysisFlag::sparsity",2048,0.01,111528
ADD,double,"AnalysisFlag::sparsity",2048,0.01,472486
ADD,double,"AnalysisFlag::sparsity",2048,0.01,432456
ADD,double,"AnalysisFlag::sparsity",2048,0.01,435355
ADD,double,"AnalysisFlag::sparsity",2048,0.01,434570
ADD,double,"AnalysisFlag::sparsity",2048,0.01,437799
ADD,double,"AnalysisFlag::sparsity",2048,0.01,436869
ADD,double,"AnalysisFlag::sparsity",2048,0.01,431882
ADD,double,"AnalysisFlag::sparsity",2048,0.01,433654
ADD,double,"AnalysisFlag::sparsity",2048,0.01,436986
ADD,double,"AnalysisFlag::sparsity",4096,0.01,446401
ADD,double,"AnalysisFlag::sparsity",4096,0.01,1.70792e+06
ADD,double,"AnalysisFlag::sparsity",4096,0.01,1.74199e+06
ADD,double,"AnalysisFlag::sparsity",4096,0.01,1.72209e+06
ADD,double,"AnalysisFlag::sparsity",4096,0.01,1.70116e+06
ADD,double,"AnalysisFlag::sparsity",4096,0.01,1.70562e+06
ADD,double,"AnalysisFlag::sparsity",4096,0.01,1.68492e+06
ADD,double,"AnalysisFlag::sparsity",4096,0.01,1.72133e+06
ADD,double,"AnalysisFlag::sparsity",4096,0.01,1.73689e+06
ADD,double,"AnalysisFlag::sparsity",4096,0.01,1.71971e+06
ADD,int64_t,"AnalysisFlag::sparsity",1024,0.01,34208
ADD,int64_t,"AnalysisFlag::sparsity",1024,0.01,112645
ADD,int64_t,"AnalysisFlag::sparsity",1024,0.01,113105
ADD,int64_t,"AnalysisFlag::sparsity",1024,0.01,113340
ADD,int64_t,"AnalysisFlag::sparsity",1024,0.01,112901
ADD,int64_t,"AnalysisFlag::sparsity",1024,0.01,112648
ADD,int64_t,"AnalysisFlag::sparsity",1024,0.01,112167
ADD,int64_t,"AnalysisFlag::sparsity",1024,0.01,113709
ADD,int64_t,"AnalysisFlag::sparsity",1024,0.01,111958
ADD,int64_t,"AnalysisFlag::sparsity",1024,0.01,112523
ADD,int64_t,"AnalysisFlag::sparsity",2048,0.01,99889
ADD,int64_t,"AnalysisFlag::sparsity",2048,0.01,434146
ADD,int64_t,"AnalysisFlag::sparsity",2048,0.01,430517
ADD,int64_t,"AnalysisFlag::sparsity",2048,0.01,433304
ADD,int64_t,"AnalysisFlag::sparsity",2048,0.01,433859
ADD,int64_t,"AnalysisFlag::sparsity",2048,0.01,433440
ADD,int64_t,"AnalysisFlag::sparsity",2048,0.01,436887
ADD,int64_t,"AnalysisFlag::sparsity",2048,0.01,435261
ADD,int64_t,"AnalysisFlag::sparsity",2048,0.01,434913
ADD,int64_t,"AnalysisFlag::sparsity",2048,0.01,432967
ADD,int64_t,"AnalysisFlag::sparsity",4096,0.01,388479
ADD,int64_t,"AnalysisFlag::sparsity",4096,0.01,1.73467e+06
ADD,int64_t,"AnalysisFlag::sparsity",4096,0.01,1.71581e+06
ADD,int64_t,"AnalysisFlag::sparsity",4096,0.01,1.71078e+06
ADD,int64_t,"AnalysisFlag::sparsity",4096,0.01,1.71521e+06
ADD,int64_t,"AnalysisFlag::sparsity",4096,0.01,1.68442e+06
ADD,int64_t,"AnalysisFlag::sparsity",4096,0.01,1.74437e+06
ADD,int64_t,"AnalysisFlag::sparsity",4096,0.01,1.68421e+06
ADD,int64_t,"AnalysisFlag::sparsity",4096,0.01,1.74278e+06
ADD,int64_t,"AnalysisFlag::sparsity",4096,0.01,1.73446e+06
ADD,double,"AnalysisFlag::sparsity",1024,0.05,122386
ADD,double,"AnalysisFlag::sparsity",1024,0.05,554238
ADD,double,"AnalysisFlag::sparsity",1024,0.05,527227
ADD,double,"AnalysisFlag::sparsity",1024,0.05,521453
ADD,double,"AnalysisFlag::sparsity",1024,0.05,539664
ADD,double,"AnalysisFlag::sparsity",1024,0.05,528823
ADD,double,"AnalysisFlag::sparsity",1024,0.05,527826
ADD,double,"AnalysisFlag::sparsity",1024,0.05,530476
ADD,double,"AnalysisFlag::sparsity",1024,0.05,525111
ADD,double,"AnalysisFlag::sparsity",1024,0.05,526276
ADD,double,"AnalysisFlag::sparsity",2048,0.05,511917
ADD,double,"AnalysisFlag::sparsity",2048,0.05,2.06319e+06
ADD,double,"AnalysisFlag::sparsity",2048,0.05,2.10651e+06
ADD,double,"AnalysisFlag::sparsity",2048,0.05,2.08927e+06
ADD,double,"AnalysisFlag::sparsity",2048,0.05,2.11958e+06
ADD,double,"AnalysisFlag::sparsity",2048,0.05,2.09913e+06
ADD,double,"AnalysisFlag::sparsity",2048,0.05,2.07135e+06
ADD,double,"AnalysisFlag::sparsity",2048,0.05,2.10919e+06
ADD,double,"AnalysisFlag::sparsity",2048,0.05,2.11909e+06
ADD,double,"AnalysisFlag::sparsity",2048,0.05,2.07859e+06
ADD,double,"AnalysisFlag::sparsity",4096,0.05,4.75686e+06
ADD,double,"AnalysisFlag::sparsity",4096,0.05,1.44337e+07
ADD,double,"AnalysisFlag::sparsity",4096,0.05,1.43943e+07
ADD,double,"AnalysisFlag::sparsity",4096,0.05,1.44688e+07
ADD,double,"AnalysisFlag::sparsity",4096,0.05,1.44462e+07
ADD,double,"AnalysisFlag::sparsity",4096,0.05,1.44375e+07
ADD,double,"AnalysisFlag::sparsity",4096,0.05,1.44252e+07
ADD,double,"AnalysisFlag::sparsity",4096,0.05,1.44405e+07
ADD,double,"AnalysisFlag::sparsity",4096,0.05,1.44331e+07
ADD,double,"AnalysisFlag::sparsity",4096,0.05,1.44482e+07
ADD,int64_t,"AnalysisFlag::sparsity",1024,0.05,259643
ADD,int64_t,"AnalysisFlag::sparsity",1024,0.05,925631
ADD,int64_t,"AnalysisFlag::sparsity",1024,0.05,525686
ADD,int64_t,"AnalysisFlag::sparsity",1024,0.05,528623
ADD,int64_t,"AnalysisFlag::sparsity",1024,0.05,526523
ADD,int64_t,"AnalysisFlag::sparsity",1024,0.05,525763
ADD,int64_t,"AnalysisFlag::sparsity",1024,0.05,526312
ADD,int64_t,"AnalysisFlag::sparsity",1024,0.05,543296
ADD,int64_t,"AnalysisFlag::sparsity",1024,0.05,528029
ADD,int64_t,"AnalysisFlag::sparsity",1024,0.05,527503
ADD,int64_t,"AnalysisFlag::sparsity",2048,0.05,1.17853e+06
ADD,int64_t,"AnalysisFlag::sparsity",2048,0.05,2.84113e+06
ADD,int64_t,"AnalysisFlag::sparsity",2048,0.05,2.13199e+06
ADD,int64_t,"AnalysisFlag::sparsity",2048,0.05,2.12974e+06
ADD,int64_t,"AnalysisFlag::sparsity",2048,0.05,2.07933e+06
ADD,int64_t,"AnalysisFlag::sparsity",2048,0.05,2.10369e+06
ADD,int64_t,"AnalysisFlag::sparsity",2048,0.05,2.10688e+06
ADD,int64_t,"AnalysisFlag::sparsity",2048,0.05,2.11252e+06
ADD,int64_t,"AnalysisFlag::sparsity",2048,0.05,2.114e+06
ADD,int64_t,"AnalysisFlag::sparsity",2048,0.05,2.08252e+06
ADD,int64_t,"AnalysisFlag::sparsity",4096,0.05,4.65537e+06
ADD,int64_t,"AnalysisFlag::sparsity",4096,0.05,1.43771e+07
ADD,int64_t,"AnalysisFlag::sparsity",4096,0.05,1.4413e+07
ADD,int64_t,"AnalysisFlag::sparsity",4096,0.05,1.4378e+07
ADD,int64_t,"AnalysisFlag::sparsity",4096,0.05,1.43805e+07
ADD,int64_t,"AnalysisFlag::sparsity",4096,0.05,1.43928e+07
ADD,int64_t,"AnalysisFlag::sparsity",4096,0.05,1.43857e+07
ADD,int64_t,"AnalysisFlag::sparsity",4096,0.05,1.43986e+07
ADD,int64_t,"AnalysisFlag::sparsity",4096,0.05,1.43889e+07
ADD,int64_t,"AnalysisFlag::sparsity",4096,0.05,1.43518e+07
ADD,double,"AnalysisFlag::sparsity",1024,0.1,592617
ADD,double,"AnalysisFlag::sparsity",1024,0.1,1.41467e+06
ADD,double,"AnalysisFlag::sparsity",1024,0.1,1.06403e+06
ADD,double,"AnalysisFlag::sparsity",1024,0.1,1.07721e+06
ADD,double,"AnalysisFlag::sparsity",1024,0.1,1.05719e+06
ADD,double,"AnalysisFlag::sparsity",1024,0.1,1.07616e+06
ADD,double,"AnalysisFlag::sparsity",1024,0.1,1.08275e+06
ADD,double,"AnalysisFlag::sparsity",1024,0.1,1.03085e+06
ADD,double,"AnalysisFlag::sparsity",1024,0.1,1.03672e+06
ADD,double,"AnalysisFlag::sparsity",1024,0.1,1.07682e+06
ADD,double,"AnalysisFlag::sparsity",2048,0.1,2.40157e+06
ADD,double,"AnalysisFlag::sparsity",2048,0.1,5.54612e+06
ADD,double,"AnalysisFlag::sparsity",2048,0.1,4.11984e+06
ADD,double,"AnalysisFlag::sparsity",2048,0.1,4.16539e+06
ADD,double,"AnalysisFlag::sparsity",2048,0.1,4.15944e+06
ADD,double,"AnalysisFlag::sparsity",2048,0.1,4.15306e+06
ADD,double,"AnalysisFlag::sparsity",2048,0.1,4.15774e+06
ADD,double,"AnalysisFlag::sparsity",2048,0.1,4.13454e+06
ADD,double,"AnalysisFlag::sparsity",2048,0.1,4.14551e+06
ADD,double,"AnalysisFlag::sparsity",2048,0.1,4.16967e+06
ADD,double,"AnalysisFlag::sparsity",4096,0.1,9.51555e+06
ADD,double,"AnalysisFlag::sparsity",4096,0.1,2.84827e+07
ADD,double,"AnalysisFlag::sparsity",4096,0.1,2.84276e+07
ADD,double,"AnalysisFlag::sparsity",4096,0.1,2.84736e+07
ADD,double,"AnalysisFlag::sparsity",4096,0.1,2.8448e+07
ADD,double,"AnalysisFlag::sparsity",4096,0.1,2.83755e+07
ADD,double,"AnalysisFlag::sparsity",4096,0.1,2.83761e+07
ADD,double,"AnalysisFlag::sparsity",4096,0.1,2.83735e+07
ADD,double,"AnalysisFlag::sparsity",4096,0.1,2.83798e+07
ADD,double,"AnalysisFlag::sparsity",4096,0.1,2.84299e+07
ADD,int64_t,"AnalysisFlag::sparsity",1024,0.1,583346
ADD,int64_t,"AnalysisFlag::sparsity",1024,0.1,1.40931e+06
ADD,int64_t,"AnalysisFlag::sparsity",1024,0.1,1.05576e+06
ADD,int64_t,"AnalysisFlag::sparsity",1024,0.1,1.07262e+06
ADD,int64_t,"AnalysisFlag::sparsity",1024,0.1,1.03828e+06
ADD,int64_t,"AnalysisFlag::sparsity",1024,0.1,1.07482e+06
ADD,int64_t,"AnalysisFlag::sparsity",1024,0.1,1.036e+06
ADD,int64_t,"AnalysisFlag::sparsity",1024,0.1,1.05092e+06
ADD,int64_t,"AnalysisFlag::sparsity",1024,0.1,1.08722e+06
ADD,int64_t,"AnalysisFlag::sparsity",1024,0.1,1.03288e+06
ADD,int64_t,"AnalysisFlag::sparsity",2048,0.1,2.33538e+06
ADD,int64_t,"AnalysisFlag::sparsity",2048,0.1,5.55658e+06
ADD,int64_t,"AnalysisFlag::sparsity",2048,0.1,4.16757e+06
ADD,int64_t,"AnalysisFlag::sparsity",2048,0.1,4.16789e+06
ADD,int64_t,"AnalysisFlag::sparsity",2048,0.1,4.17538e+06
ADD,int64_t,"AnalysisFlag::sparsity",2048,0.1,4.16753e+06
ADD,int64_t,"AnalysisFlag::sparsity",2048,0.1,4.18373e+06
ADD,int64_t,"AnalysisFlag::sparsity",2048,0.1,4.17882e+06
ADD,int64_t,"AnalysisFlag::sparsity",2048,0.1,4.17033e+06
ADD,int64_t,"AnalysisFlag::sparsity",2048,0.1,4.15789e+06
ADD,int64_t,"AnalysisFlag::sparsity",4096,0.1,9.18852e+06
ADD,int64_t,"AnalysisFlag::sparsity",4096,0.1,2.83468e+07
ADD,int64_t,"AnalysisFlag::sparsity",4096,0.1,2.83068e+07
ADD,int64_t,"AnalysisFlag::sparsity",4096,0.1,2.83602e+07
ADD,int64_t,"AnalysisFlag::sparsity",4096,0.1,2.83219e+07
ADD,int64_t,"AnalysisFlag::sparsity",4096,0.1,2.88537e+07
ADD,int64_t,"AnalysisFlag::sparsity",4096,0.1,2.8373e+07
ADD,int64_t,"AnalysisFlag::sparsity",4096,0.1,2.83474e+07
ADD,int64_t,"AnalysisFlag::sparsity",4096,0.1,2.87815e+07
ADD,int64_t,"AnalysisFlag::sparsity",4096,0.1,2.83421e+07
ADD,double,"AnalysisFlag::sparsity",1024,0.2,1.21524e+06
ADD,double,"AnalysisFlag::sparsity",1024,0.2,2.71716e+06
ADD,double,"AnalysisFlag::sparsity",1024,0.2,2.10605e+06
ADD,double,"AnalysisFlag::sparsity",1024,0.2,2.07503e+06
ADD,double,"AnalysisFlag::sparsity",1024,0.2,2.10136e+06
ADD,double,"AnalysisFlag::sparsity",1024,0.2,2.07314e+06
ADD,double,"AnalysisFlag::sparsity",1024,0.2,2.06748e+06
ADD,double,"AnalysisFlag::sparsity",1024,0.2,2.08445e+06
ADD,double,"AnalysisFlag::sparsity",1024,0.2,2.07648e+06
ADD,double,"AnalysisFlag::sparsity",1024,0.2,2.07347e+06
ADD,double,"AnalysisFlag::sparsity",2048,0.2,4.75392e+06
ADD,double,"AnalysisFlag::sparsity",2048,0.2,1.38604e+07
ADD,double,"AnalysisFlag::sparsity",2048,0.2,1.38812e+07
ADD,double,"AnalysisFlag::sparsity",2048,0.2,1.38884e+07
ADD,double,"AnalysisFlag::sparsity",2048,0.2,1.38914e+07
ADD,double,"AnalysisFlag::sparsity",2048,0.2,1.38269e+07
ADD,double,"AnalysisFlag::sparsity",2048,0.2,1.38493e+07
ADD,double,"AnalysisFlag::sparsity",2048,0.2,1.38441e+07
ADD,double,"AnalysisFlag::sparsity",2048,0.2,1.38104e+07
ADD,double,"AnalysisFlag::sparsity",2048,0.2,1.38943e+07
ADD,double,"AnalysisFlag::sparsity",4096,0.2,2.05133e+07
ADD,double,"AnalysisFlag::sparsity",4096,0.2,5.67118e+07
ADD,double,"AnalysisFlag::sparsity",4096,0.2,5.6217e+07
ADD,double,"AnalysisFlag::sparsity",4096,0.2,5.59296e+07
ADD,double,"AnalysisFlag::sparsity",4096,0.2,5.59146e+07
ADD,double,"AnalysisFlag::sparsity",4096,0.2,5.52508e+07
ADD,double,"AnalysisFlag::sparsity",4096,0.2,5.61007e+07
ADD,double,"AnalysisFlag::sparsity",4096,0.2,5.62804e+07
ADD,double,"AnalysisFlag::sparsity",4096,0.2,5.60056e+07
ADD,double,"AnalysisFlag::sparsity",4096,0.2,5.51884e+07
ADD,int64_t,"AnalysisFlag::sparsity",1024,0.2,1.17822e+06
ADD,int64_t,"AnalysisFlag::sparsity",1024,0.2,2.69259e+06
ADD,int64_t,"AnalysisFlag::sparsity",1024,0.2,2.11146e+06
ADD,int64_t,"AnalysisFlag::sparsity",1024,0.2,2.09539e+06
ADD,int64_t,"AnalysisFlag::sparsity",1024,0.2,2.07232e+06
ADD,int64_t,"AnalysisFlag::sparsity",1024,0.2,2.09386e+06
ADD,int64_t,"AnalysisFlag::sparsity",1024,0.2,2.10201e+06
ADD,int64_t,"AnalysisFlag::sparsity",1024,0.2,2.11316e+06
ADD,int64_t,"AnalysisFlag::sparsity",1024,0.2,2.06285e+06
ADD,int64_t,"AnalysisFlag::sparsity",1024,0.2,2.08827e+06
ADD,int64_t,"AnalysisFlag::sparsity",2048,0.2,4.62372e+06
ADD,int64_t,"AnalysisFlag::sparsity",2048,0.2,1.37688e+07
ADD,int64_t,"AnalysisFlag::sparsity",2048,0.2,1.38093e+07
ADD,int64_t,"AnalysisFlag::sparsity",2048,0.2,1.37963e+07
ADD,int64_t,"AnalysisFlag::sparsity",2048,0.2,1.38095e+07
ADD,int64_t,"AnalysisFlag::sparsity",2048,0.2,1.37987e+07
ADD,int64_t,"AnalysisFlag::sparsity",2048,0.2,1.38013e+07
ADD,int64_t,"AnalysisFlag::sparsity",2048,0.2,1.38093e+07
ADD,int64_t,"AnalysisFlag::sparsity",2048,0.2,1.3796e+07
ADD,int64_t,"AnalysisFlag::sparsity",2048,0.2,1.38269e+07
ADD,int64_t,"AnalysisFlag::sparsity",4096,0.2,1.89393e+07
ADD,int64_t,"AnalysisFlag::sparsity",4096,0.2,5.72796e+07
ADD,int64_t,"AnalysisFlag::sparsity",4096,0.2,5.57711e+07
ADD,int64_t,"AnalysisFlag::sparsity",4096,0.2,5.63219e+07
ADD,int64_t,"AnalysisFlag::sparsity",4096,0.2,5.52669e+07
ADD,int64_t,"AnalysisFlag::sparsity",4096,0.2,5.6034e+07
ADD,int64_t,"AnalysisFlag::sparsity",4096,0.2,5.60072e+07
ADD,int64_t,"AnalysisFlag::sparsity",4096,0.2,5.52543e+07
ADD,int64_t,"AnalysisFlag::sparsity",4096,0.2,5.60641e+07
ADD,int64_t,"AnalysisFlag::sparsity",4096,0.2,5.60918e+07
ADD,double,"AnalysisFlag::sparsity",1024,0.25,3.22426e+06
ADD,double,"AnalysisFlag::sparsity",1024,0.25,1.34569e+06
ADD,double,"AnalysisFlag::sparsity",1024,0.25,1.34321e+06
ADD,double,"AnalysisFlag::sparsity",1024,0.25,1.3379e+06
ADD,double,"AnalysisFlag::sparsity",1024,0.25,1.34093e+06
ADD,double,"AnalysisFlag::sparsity",1024,0.25,1.33858e+06
ADD,double,"AnalysisFlag::sparsity",1024,0.25,1.33976e+06
ADD,double,"AnalysisFlag::sparsity",1024,0.25,1.33968e+06
ADD,double,"AnalysisFlag::sparsity",1024,0.25,1.33804e+06
ADD,double,"AnalysisFlag::sparsity",1024,0.25,1.33806e+06
ADD,double,"AnalysisFlag::sparsity",2048,0.25,1.27707e+07
ADD,double,"AnalysisFlag::sparsity",2048,0.25,1.27436e+07
ADD,double,"AnalysisFlag::sparsity",2048,0.25,1.27769e+07
ADD,double,"AnalysisFlag::sparsity",2048,0.25,1.2745e+07
ADD,double,"AnalysisFlag::sparsity",2048,0.25,1.27716e+07
ADD,double,"AnalysisFlag::sparsity",2048,0.25,1.27553e+07
ADD,double,"AnalysisFlag::sparsity",2048,0.25,1.27662e+07
ADD,double,"AnalysisFlag::sparsity",2048,0.25,1.27523e+07
ADD,double,"AnalysisFlag::sparsity",2048,0.25,1.27742e+07
ADD,double,"AnalysisFlag::sparsity",2048,0.25,1.27486e+07
ADD,double,"AnalysisFlag::sparsity",4096,0.25,5.54818e+07
ADD,double,"AnalysisFlag::sparsity",4096,0.25,5.09451e+07
ADD,double,"AnalysisFlag::sparsity",4096,0.25,5.23499e+07
ADD,double,"AnalysisFlag::sparsity",4096,0.25,5.24021e+07
ADD,double,"AnalysisFlag::sparsity",4096,0.25,5.11476e+07
ADD,double,"AnalysisFlag::sparsity",4096,0.25,5.20798e+07
ADD,double,"AnalysisFlag::sparsity",4096,0.25,5.21381e+07
ADD,double,"AnalysisFlag::sparsity",4096,0.25,5.1117e+07
ADD,double,"AnalysisFlag::sparsity",4096,0.25,5.23308e+07
ADD,double,"AnalysisFlag::sparsity",4096,0.25,5.23523e+07
ADD,int64_t,"AnalysisFlag::sparsity",1024,0.25,1.10862e+06
ADD,int64_t,"AnalysisFlag::sparsity",1024,0.25,1.10051e+06
ADD,int64_t,"AnalysisFlag::sparsity",1024,0.25,1.08875e+06
ADD,int64_t,"AnalysisFlag::sparsity",1024,0.25,1.08396e+06
ADD,int64_t,"AnalysisFlag::sparsity",1024,0.25,1.08588e+06
ADD,int64_t,"AnalysisFlag::sparsity",1024,0.25,1.08485e+06
ADD,int64_t,"AnalysisFlag::sparsity",1024,0.25,1.08705e+06
ADD,int64_t,"AnalysisFlag::sparsity",1024,0.25,1.08284e+06
ADD,int64_t,"AnalysisFlag::sparsity",1024,0.25,1.08426e+06
ADD,int64_t,"AnalysisFlag::sparsity",1024,0.25,1.0849e+06
ADD,int64_t,"AnalysisFlag::sparsity",2048,0.25,1.18326e+07
ADD,int64_t,"AnalysisFlag::sparsity",2048,0.25,1.18216e+07
ADD,int64_t,"AnalysisFlag::sparsity",2048,0.25,1.1836e+07
ADD,int64_t,"AnalysisFlag::sparsity",2048,0.25,1.18182e+07
ADD,int64_t,"AnalysisFlag::sparsity",2048,0.25,1.18378e+07
ADD,int64_t,"AnalysisFlag::sparsity",2048,0.25,1.1835e+07
ADD,int64_t,"AnalysisFlag::sparsity",2048,0.25,1.18498e+07
ADD,int64_t,"AnalysisFlag::sparsity",2048,0.25,1.18289e+07
ADD,int64_t,"AnalysisFlag::sparsity",2048,0.25,1.18503e+07
ADD,int64_t,"AnalysisFlag::sparsity",2048,0.25,1.18349e+07
ADD,int64_t,"AnalysisFlag::sparsity",4096,0.25,5.14574e+07
ADD,int64_t,"AnalysisFlag::sparsity",4096,0.25,4.72161e+07
ADD,int64_t,"AnalysisFlag::sparsity",4096,0.25,4.89054e+07
ADD,int64_t,"AnalysisFlag::sparsity",4096,0.25,4.86273e+07
ADD,int64_t,"AnalysisFlag::sparsity",4096,0.25,4.72818e+07
ADD,int64_t,"AnalysisFlag::sparsity",4096,0.25,4.89548e+07
ADD,int64_t,"AnalysisFlag::sparsity",4096,0.25,4.8393e+07
ADD,int64_t,"AnalysisFlag::sparsity",4096,0.25,4.74478e+07
ADD,int64_t,"AnalysisFlag::sparsity",4096,0.25,4.90282e+07
ADD,int64_t,"AnalysisFlag::sparsity",4096,0.25,4.83746e+07
ADD,double,"AnalysisFlag::sparsity",1024,1,1.41184e+06
ADD,double,"AnalysisFlag::sparsity",1024,1,1.35775e+06
ADD,double,"AnalysisFlag::sparsity",1024,1,1.35216e+06
ADD,double,"AnalysisFlag::sparsity",1024,1,1.34705e+06
ADD,double,"AnalysisFlag::sparsity",1024,1,1.34764e+06
ADD,double,"AnalysisFlag::sparsity",1024,1,1.34238e+06
ADD,double,"AnalysisFlag::sparsity",1024,1,1.3474e+06
ADD,double,"AnalysisFlag::sparsity",1024,1,1.34352e+06
ADD,double,"AnalysisFlag::sparsity",1024,1,1.34352e+06
ADD,double,"AnalysisFlag::sparsity",1024,1,1.34533e+06
ADD,double,"AnalysisFlag::sparsity",2048,1,1.28168e+07
ADD,double,"AnalysisFlag::sparsity",2048,1,1.27526e+07
ADD,double,"AnalysisFlag::sparsity",2048,1,1.27341e+07
ADD,double,"AnalysisFlag::sparsity",2048,1,1.27591e+07
ADD,double,"AnalysisFlag::sparsity",2048,1,1.27782e+07
ADD,double,"AnalysisFlag::sparsity",2048,1,1.27632e+07
ADD,double,"AnalysisFlag::sparsity",2048,1,1.27327e+07
ADD,double,"AnalysisFlag::sparsity",2048,1,1.28091e+07
ADD,double,"AnalysisFlag::sparsity",2048,1,1.27263e+07
ADD,double,"AnalysisFlag::sparsity",2048,1,1.27271e+07
ADD,double,"AnalysisFlag::sparsity",4096,1,5.30859e+07
ADD,double,"AnalysisFlag::sparsity",4096,1,5.09747e+07
ADD,double,"AnalysisFlag::sparsity",4096,1,5.11303e+07
ADD,double,"AnalysisFlag::sparsity",4096,1,5.22392e+07
ADD,double,"AnalysisFlag::sparsity",4096,1,5.13519e+07
ADD,double,"AnalysisFlag::sparsity",4096,1,5.10849e+07
ADD,double,"AnalysisFlag::sparsity",4096,1,5.12014e+07
ADD,double,"AnalysisFlag::sparsity",4096,1,5.23344e+07
ADD,double,"AnalysisFlag::sparsity",4096,1,5.11663e+07
ADD,double,"AnalysisFlag::sparsity",4096,1,5.13012e+07
ADD,int64_t,"AnalysisFlag::sparsity",1024,1,1.18692e+06
ADD,int64_t,"AnalysisFlag::sparsity",1024,1,1.1281e+06
ADD,int64_t,"AnalysisFlag::sparsity",1024,1,1.10149e+06
ADD,int64_t,"AnalysisFlag::sparsity",1024,1,1.09654e+06
ADD,int64_t,"AnalysisFlag::sparsity",1024,1,1.10276e+06
ADD,int64_t,"AnalysisFlag::sparsity",1024,1,1.09031e+06
ADD,int64_t,"AnalysisFlag::sparsity",1024,1,1.09164e+06
ADD,int64_t,"AnalysisFlag::sparsity",1024,1,1.09006e+06
ADD,int64_t,"AnalysisFlag::sparsity",1024,1,1.08895e+06
ADD,int64_t,"AnalysisFlag::sparsity",1024,1,1.09085e+06
ADD,int64_t,"AnalysisFlag::sparsity",2048,1,1.18368e+07
ADD,int64_t,"AnalysisFlag::sparsity",2048,1,1.18014e+07
ADD,int64_t,"AnalysisFlag::sparsity",2048,1,1.18026e+07
ADD,int64_t,"AnalysisFlag::sparsity",2048,1,1.17899e+07
ADD,int64_t,"AnalysisFlag::sparsity",2048,1,1.17825e+07
ADD,int64_t,"AnalysisFlag::sparsity",2048,1,1.17689e+07
ADD,int64_t,"AnalysisFlag::sparsity",2048,1,1.18016e+07
ADD,int64_t,"AnalysisFlag::sparsity",2048,1,1.17919e+07
ADD,int64_t,"AnalysisFlag::sparsity",2048,1,1.18077e+07
ADD,int64_t,"AnalysisFlag::sparsity",2048,1,1.17705e+07
ADD,int64_t,"AnalysisFlag::sparsity",4096,1,4.92911e+07
ADD,int64_t,"AnalysisFlag::sparsity",4096,1,4.75985e+07
ADD,int64_t,"AnalysisFlag::sparsity",4096,1,4.86361e+07
ADD,int64_t,"AnalysisFlag::sparsity",4096,1,4.73642e+07
ADD,int64_t,"AnalysisFlag::sparsity",4096,1,4.72783e+07
ADD,int64_t,"AnalysisFlag::sparsity",4096,1,4.71953e+07
ADD,int64_t,"AnalysisFlag::sparsity",4096,1,4.72519e+07
ADD,int64_t,"AnalysisFlag::sparsity",4096,1,4.88561e+07
ADD,int64_t,"AnalysisFlag::sparsity",4096,1,4.7236e+07
ADD,int64_t,"AnalysisFlag::sparsity",4096,1,4.72129e+07
MUL,double,"AnalysisFlag::sparsity",1024,0.001,16621
MUL,double,"AnalysisFlag::sparsity",1024,0.001,15631
MUL,double,"AnalysisFlag::sparsity",1024,0.001,15328
MUL,double,"AnalysisFlag::sparsity",1024,0.001,15164
MUL,double,"AnalysisFlag::sparsity",1024,0.001,15283
MUL,double,"AnalysisFlag::sparsity",1024,0.001,14957
MUL,double,"AnalysisFlag::sparsity",1024,0.001,14715
MUL,double,"AnalysisFlag::sparsity",1024,0.001,14965
MUL,double,"AnalysisFlag::sparsity",1024,0.001,14960
MUL,double,"AnalysisFlag::sparsity",1024,0.001,15999
MUL,double,"AnalysisFlag::sparsity",2048,0.001,37678
MUL,double,"AnalysisFlag::sparsity",2048,0.001,48263
MUL,double,"AnalysisFlag::sparsity",2048,0.001,47059
MUL,double,"AnalysisFlag::sparsity",2048,0.001,48176
MUL,double,"AnalysisFlag::sparsity",2048,0.001,47723
MUL,double,"AnalysisFlag::sparsity",2048,0.001,46677
MUL,double,"AnalysisFlag::sparsity",2048,0.001,49117
MUL,double,"AnalysisFlag::sparsity",2048,0.001,46234
MUL,double,"AnalysisFlag::sparsity",2048,0.001,46204
MUL,double,"AnalysisFlag::sparsity",2048,0.001,46004
MUL,double,"AnalysisFlag::sparsity",4096,0.001,90776
MUL,double,"AnalysisFlag::sparsity",4096,0.001,166305
MUL,double,"AnalysisFlag::sparsity",4096,0.001,160204
MUL,double,"AnalysisFlag::sparsity",4096,0.001,159103
MUL,double,"AnalysisFlag::sparsity",4096,0.001,156513
MUL,double,"AnalysisFlag::sparsity",4096,0.001,156836
MUL,double,"AnalysisFlag::sparsity",4096,0.001,158847
MUL,double,"AnalysisFlag::sparsity",4096,0.001,155172
MUL,double,"AnalysisFlag::sparsity",4096,0.001,155783
MUL,double,"AnalysisFlag::sparsity",4096,0.001,155478
MUL,int64_t,"AnalysisFlag::sparsity",1024,0.001,14077
MUL,int64_t,"AnalysisFlag::sparsity",1024,0.001,14194
MUL,int64_t,"AnalysisFlag::sparsity",1024,0.001,13968
MUL,int64_t,"AnalysisFlag::sparsity",1024,0.001,13915
MUL,int64_t,"AnalysisFlag::sparsity",1024,0.001,13959
MUL,int64_t,"AnalysisFlag::sparsity",1024,0.001,13956
MUL,int64_t,"AnalysisFlag::sparsity",1024,0.001,13637
MUL,int64_t,"AnalysisFlag::sparsity",1024,0.001,13581
MUL,int64_t,"AnalysisFlag::sparsity",1024,0.001,13787
MUL,int64_t,"AnalysisFlag::sparsity",1024,0.001,14195
MUL,int64_t,"AnalysisFlag::sparsity",2048,0.001,33261
MUL,int64_t,"AnalysisFlag::sparsity",2048,0.001,44990
MUL,int64_t,"AnalysisFlag::sparsity",2048,0.001,44405
MUL,int64_t,"AnalysisFlag::sparsity",2048,0.001,45285
MUL,int64_t,"AnalysisFlag::sparsity",2048,0.001,45899
MUL,int64_t,"AnalysisFlag::sparsity",2048,0.001,44556
MUL,int64_t,"AnalysisFlag::sparsity",2048,0.001,45146
MUL,int64_t,"AnalysisFlag::sparsity",2048,0.001,44841
MUL,int64_t,"AnalysisFlag::sparsity",2048,0.001,45049
MUL,int64_t,"AnalysisFlag::sparsity",2048,0.001,44173
MUL,int64_t,"AnalysisFlag::sparsity",4096,0.001,85158
MUL,int64_t,"AnalysisFlag::sparsity",4096,0.001,160581
MUL,int64_t,"AnalysisFlag::sparsity",4096,0.001,157066
MUL,int64_t,"AnalysisFlag::sparsity",4096,0.001,156620
MUL,int64_t,"AnalysisFlag::sparsity",4096,0.001,157228
MUL,int64_t,"AnalysisFlag::sparsity",4096,0.001,156860
MUL,int64_t,"AnalysisFlag::sparsity",4096,0.001,158442
MUL,int64_t,"AnalysisFlag::sparsity",4096,0.001,159151
MUL,int64_t,"AnalysisFlag::sparsity",4096,0.001,157216
MUL,int64_t,"AnalysisFlag::sparsity",4096,0.001,156759
MUL,double,"AnalysisFlag::sparsity",1024,0.01,32291
MUL,double,"AnalysisFlag::sparsity",1024,0.01,89317
MUL,double,"AnalysisFlag::sparsity",1024,0.01,88455
MUL,double,"AnalysisFlag::sparsity",1024,0.01,88380
MUL,double,"AnalysisFlag::sparsity",1024,0.01,88974
MUL,double,"AnalysisFlag::sparsity",1024,0.01,91250
MUL,double,"AnalysisFlag::sparsity",1024,0.01,88182
MUL,double,"AnalysisFlag::sparsity",1024,0.01,88856
MUL,double,"AnalysisFlag::sparsity",1024,0.01,88699
MUL,double,"AnalysisFlag::sparsity",1024,0.01,89453
MUL,double,"AnalysisFlag::sparsity",2048,0.01,97259
MUL,double,"AnalysisFlag::sparsity",2048,0.01,343171
MUL,double,"AnalysisFlag::sparsity",2048,0.01,344568
MUL,double,"AnalysisFlag::sparsity",2048,0.01,348039
MUL,double,"AnalysisFlag::sparsity",2048,0.01,341434
MUL,double,"AnalysisFlag::sparsity",2048,0.01,343807
MUL,double,"AnalysisFlag::sparsity",2048,0.01,346418
MUL,double,"AnalysisFlag::sparsity",2048,0.01,344252
MUL,double,"AnalysisFlag::sparsity",2048,0.01,343992
MUL,double,"AnalysisFlag::sparsity",2048,0.01,343176
MUL,double,"AnalysisFlag::sparsity",4096,0.01,345709
MUL,double,"AnalysisFlag::sparsity",4096,0.01,1.38964e+06
MUL,double,"AnalysisFlag::sparsity",4096,0.01,1.34237e+06
MUL,double,"AnalysisFlag::sparsity",4096,0.01,1.36418e+06
MUL,double,"AnalysisFlag::sparsity",4096,0.01,1.3446e+06
MUL,double,"AnalysisFlag::sparsity",4096,0.01,1.34459e+06
MUL,double,"AnalysisFlag::sparsity",4096,0.01,1.34825e+06
MUL,double,"AnalysisFlag::sparsity",4096,0.01,1.34141e+06
MUL,double,"AnalysisFlag::sparsity",4096,0.01,1.34495e+06
MUL,double,"AnalysisFlag::sparsity",4096,0.01,1.34401e+06
MUL,int64_t,"AnalysisFlag::sparsity",1024,0.01,32177
MUL,int64_t,"AnalysisFlag::sparsity",1024,0.01,90299
MUL,int64_t,"AnalysisFlag::sparsity",1024,0.01,89751
MUL,int64_t,"AnalysisFlag::sparsity",1024,0.01,90134
MUL,int64_t,"AnalysisFlag::sparsity",1024,0.01,88985
MUL,int64_t,"AnalysisFlag::sparsity",1024,0.01,91953
MUL,int64_t,"AnalysisFlag::sparsity",1024,0.01,91802
MUL,int64_t,"AnalysisFlag::sparsity",1024,0.01,89096
MUL,int64_t,"AnalysisFlag::sparsity",1024,0.01,90909
MUL,int64_t,"AnalysisFlag::sparsity",1024,0.01,91869
MUL,int64_t,"AnalysisFlag::sparsity",2048,0.01,96185
MUL,int64_t,"AnalysisFlag::sparsity",2048,0.01,347563
MUL,int64_t,"AnalysisFlag::sparsity",2048,0.01,348065
MUL,int64_t,"AnalysisFlag::sparsity",2048,0.01,351500
MUL,int64_t,"AnalysisFlag::sparsity",2048,0.01,347866
MUL,int64_t,"AnalysisFlag::sparsity",2048,0.01,348844
MUL,int64_t,"AnalysisFlag::sparsity",2048,0.01,348567
MUL,int64_t,"AnalysisFlag::sparsity",2048,0.01,344893
MUL,int64_t,"AnalysisFlag::sparsity",2048,0.01,351269
MUL,int64_t,"AnalysisFlag::sparsity",2048,0.01,344379
MUL,int64_t,"AnalysisFlag::sparsity",4096,0.01,363157
MUL,int64_t,"AnalysisFlag::sparsity",4096,0.01,1.41139e+06
MUL,int64_t,"AnalysisFlag::sparsity",4096,0.01,1.38342e+06
MUL,int64_t,"AnalysisFlag::sparsity",4096,0.01,1.37088e+06
MUL,int64_t,"AnalysisFlag::sparsity",4096,0.01,1.3763e+06
MUL,int64_t,"AnalysisFlag::sparsity",4096,0.01,1.37535e+06
MUL,int64_t,"AnalysisFlag::sparsity",4096,0.01,1.40733e+06
MUL,int64_t,"AnalysisFlag::sparsity",4096,0.01,1.37483e+06
MUL,int64_t,"AnalysisFlag::sparsity",4096,0.01,1.42008e+06
MUL,int64_t,"AnalysisFlag::sparsity",4096,0.01,1.38315e+06
MUL,double,"AnalysisFlag::sparsity",1024,0.05,98984
MUL,double,"AnalysisFlag::sparsity",1024,0.05,418344
MUL,double,"AnalysisFlag::sparsity",1024,0.05,417495
MUL,double,"AnalysisFlag::sparsity",1024,0.05,418562
MUL,double,"AnalysisFlag::sparsity",1024,0.05,421919
MUL,double,"AnalysisFlag::sparsity",1024,0.05,422482
MUL,double,"AnalysisFlag::sparsity",1024,0.05,420027
MUL,double,"AnalysisFlag::sparsity",1024,0.05,420562
MUL,double,"AnalysisFlag::sparsity",1024,0.05,426383
MUL,double,"AnalysisFlag::sparsity",1024,0.05,419320
MUL,double,"AnalysisFlag::sparsity",2048,0.05,401741
MUL,double,"AnalysisFlag::sparsity",2048,0.05,1.6677e+06
MUL,double,"AnalysisFlag::sparsity",2048,0.05,1.70021e+06
MUL,double,"AnalysisFlag::sparsity",2048,0.05,1.68474e+06
MUL,double,"AnalysisFlag::sparsity",2048,0.05,1.69965e+06
MUL,double,"AnalysisFlag::sparsity",2048,0.05,1.69259e+06
MUL,double,"AnalysisFlag::sparsity",2048,0.05,1.66847e+06
MUL,double,"AnalysisFlag::sparsity",2048,0.05,1.71953e+06
MUL,double,"AnalysisFlag::sparsity",2048,0.05,1.69747e+06
MUL,double,"AnalysisFlag::sparsity",2048,0.05,1.69624e+06
MUL,double,"AnalysisFlag::sparsity",4096,0.05,4.50215e+06
MUL,double,"AnalysisFlag::sparsity",4096,0.05,6.82167e+06
MUL,double,"AnalysisFlag::sparsity",4096,0.05,6.77918e+06
MUL,double,"AnalysisFlag::sparsity",4096,0.05,6.75546e+06
MUL,double,"AnalysisFlag::sparsity",4096,0.05,6.77492e+06
MUL,double,"AnalysisFlag::sparsity",4096,0.05,6.794e+06
MUL,double,"AnalysisFlag::sparsity",4096,0.05,6.76186e+06
MUL,double,"AnalysisFlag::sparsity",4096,0.05,6.79292e+06
MUL,double,"AnalysisFlag::sparsity",4096,0.05,6.804e+06
MUL,double,"AnalysisFlag::sparsity",4096,0.05,6.81658e+06
MUL,int64_t,"AnalysisFlag::sparsity",1024,0.05,120344
MUL,int64_t,"AnalysisFlag::sparsity",1024,0.05,469969
MUL,int64_t,"AnalysisFlag::sparsity",1024,0.05,429163
MUL,int64_t,"AnalysisFlag::sparsity",1024,0.05,434655
MUL,int64_t,"AnalysisFlag::sparsity",1024,0.05,425418
MUL,int64_t,"AnalysisFlag::sparsity",1024,0.05,432149
MUL,int64_t,"AnalysisFlag::sparsity",1024,0.05,429758
MUL,int64_t,"AnalysisFlag::sparsity",1024,0.05,429312
MUL,int64_t,"AnalysisFlag::sparsity",1024,0.05,431073
MUL,int64_t,"AnalysisFlag::sparsity",1024,0.05,462512
MUL,int64_t,"AnalysisFlag::sparsity",2048,0.05,401771
MUL,int64_t,"AnalysisFlag::sparsity",2048,0.05,1.72536e+06
MUL,int64_t,"AnalysisFlag::sparsity",2048,0.05,1.72942e+06
MUL,int64_t,"AnalysisFlag::sparsity",2048,0.05,1.73116e+06
MUL,int64_t,"AnalysisFlag::sparsity",2048,0.05,1.69915e+06
MUL,int64_t,"AnalysisFlag::sparsity",2048,0.05,1.74113e+06
MUL,int64_t,"AnalysisFlag::sparsity",2048,0.05,1.74074e+06
MUL,int64_t,"AnalysisFlag::sparsity",2048,0.05,1.72877e+06
MUL,int64_t,"AnalysisFlag::sparsity",2048,0.05,1.72942e+06
MUL,int64_t,"AnalysisFlag::sparsity",2048,0.05,1.92281e+06
MUL,int64_t,"AnalysisFlag::sparsity",4096,0.05,1.61132e+06
MUL,int64_t,"AnalysisFlag::sparsity",4096,0.05,6.94329e+06
MUL,int64_t,"AnalysisFlag::sparsity",4096,0.05,6.9281e+06
MUL,int64_t,"AnalysisFlag::sparsity",4096,0.05,6.90699e+06
MUL,int64_t,"AnalysisFlag::sparsity",4096,0.05,6.8925e+06
MUL,int64_t,"AnalysisFlag::sparsity",4096,0.05,6.94227e+06
MUL,int64_t,"AnalysisFlag::sparsity",4096,0.05,6.89169e+06
MUL,int64_t,"AnalysisFlag::sparsity",4096,0.05,6.87155e+06
MUL,int64_t,"AnalysisFlag::sparsity",4096,0.05,6.93619e+06
MUL,int64_t,"AnalysisFlag::sparsity",4096,0.05,6.87618e+06
MUL,double,"AnalysisFlag::sparsity",1024,0.1,191783
MUL,double,"AnalysisFlag::sparsity",1024,0.1,850942
MUL,double,"AnalysisFlag::sparsity",1024,0.1,873252
MUL,double,"AnalysisFlag::sparsity",1024,0.1,874955
MUL,double,"AnalysisFlag::sparsity",1024,0.1,868827
MUL,double,"AnalysisFlag::sparsity",1024,0.1,853187
MUL,double,"AnalysisFlag::sparsity",1024,0.1,878828
MUL,double,"AnalysisFlag::sparsity",1024,0.1,837756
MUL,double,"AnalysisFlag::sparsity",1024,0.1,834273
MUL,double,"AnalysisFlag::sparsity",1024,0.1,885510
MUL,double,"AnalysisFlag::sparsity",2048,0.1,773160
MUL,double,"AnalysisFlag::sparsity",2048,0.1,3.34781e+06
MUL,double,"AnalysisFlag::sparsity",2048,0.1,3.38522e+06
MUL,double,"AnalysisFlag::sparsity",2048,0.1,3.35468e+06
MUL,double,"AnalysisFlag::sparsity",2048,0.1,3.3723e+06
MUL,double,"AnalysisFlag::sparsity",2048,0.1,3.38432e+06
MUL,double,"AnalysisFlag::sparsity",2048,0.1,3.36383e+06
MUL,double,"AnalysisFlag::sparsity",2048,0.1,3.43449e+06
MUL,double,"AnalysisFlag::sparsity",2048,0.1,3.3894e+06
MUL,double,"AnalysisFlag::sparsity",2048,0.1,3.38101e+06
MUL,double,"AnalysisFlag::sparsity",4096,0.1,8.90729e+06
MUL,double,"AnalysisFlag::sparsity",4096,0.1,1.46186e+07
MUL,double,"AnalysisFlag::sparsity",4096,0.1,1.45416e+07
MUL,double,"AnalysisFlag::sparsity",4096,0.1,1.45267e+07
MUL,double,"AnalysisFlag::sparsity",4096,0.1,1.45345e+07
MUL,double,"AnalysisFlag::sparsity",4096,0.1,1.45844e+07
MUL,double,"AnalysisFlag::sparsity",4096,0.1,1.45225e+07
MUL,double,"AnalysisFlag::sparsity",4096,0.1,1.45397e+07
MUL,double,"AnalysisFlag::sparsity",4096,0.1,1.45477e+07
MUL,double,"AnalysisFlag::sparsity",4096,0.1,1.45092e+07
MUL,int64_t,"AnalysisFlag::sparsity",1024,0.1,541728
MUL,int64_t,"AnalysisFlag::sparsity",1024,0.1,873070
MUL,int64_t,"AnalysisFlag::sparsity",1024,0.1,892351
MUL,int64_t,"AnalysisFlag::sparsity",1024,0.1,906557
MUL,int64_t,"AnalysisFlag::sparsity",1024,0.1,860533
MUL,int64_t,"AnalysisFlag::sparsity",1024,0.1,855628
MUL,int64_t,"AnalysisFlag::sparsity",1024,0.1,855823
MUL,int64_t,"AnalysisFlag::sparsity",1024,0.1,879704
MUL,int64_t,"AnalysisFlag::sparsity",1024,0.1,893539
MUL,int64_t,"AnalysisFlag::sparsity",1024,0.1,858375
MUL,int64_t,"AnalysisFlag::sparsity",2048,0.1,2.27222e+06
MUL,int64_t,"AnalysisFlag::sparsity",2048,0.1,3.44928e+06
MUL,int64_t,"AnalysisFlag::sparsity",2048,0.1,3.41372e+06
MUL,int64_t,"AnalysisFlag::sparsity",2048,0.1,3.44945e+06
MUL,int64_t,"AnalysisFlag::sparsity",2048,0.1,3.46945e+06
MUL,int64_t,"AnalysisFlag::sparsity",2048,0.1,3.43591e+06
MUL,int64_t,"AnalysisFlag::sparsity",2048,0.1,3.42171e+06
MUL,int64_t,"AnalysisFlag::sparsity",2048,0.1,3.45392e+06
MUL,int64_t,"AnalysisFlag::sparsity",2048,0.1,3.47463e+06
MUL,int64_t,"AnalysisFlag::sparsity",2048,0.1,3.47086e+06
MUL,int64_t,"AnalysisFlag::sparsity",4096,0.1,8.87609e+06
MUL,int64_t,"AnalysisFlag::sparsity",4096,0.1,1.50746e+07
MUL,int64_t,"AnalysisFlag::sparsity",4096,0.1,1.5229e+07
MUL,int64_t,"AnalysisFlag::sparsity",4096,0.1,1.50492e+07
MUL,int64_t,"AnalysisFlag::sparsity",4096,0.1,1.49532e+07
MUL,int64_t,"AnalysisFlag::sparsity",4096,0.1,1.49021e+07
MUL,int64_t,"AnalysisFlag::sparsity",4096,0.1,1.49552e+07
MUL,int64_t,"AnalysisFlag::sparsity",4096,0.1,1.48912e+07
MUL,int64_t,"AnalysisFlag::sparsity",4096,0.1,1.49124e+07
MUL,int64_t,"AnalysisFlag::sparsity",4096,0.1,1.49023e+07
MUL,double,"AnalysisFlag::sparsity",1024,0.2,1.13495e+06
MUL,double,"AnalysisFlag::sparsity",1024,0.2,1.72376e+06
MUL,double,"AnalysisFlag::sparsity",1024,0.2,1.71349e+06
MUL,double,"AnalysisFlag::sparsity",1024,0.2,1.67758e+06
MUL,double,"AnalysisFlag::sparsity",1024,0.2,1.71497e+06
MUL,double,"AnalysisFlag::sparsity",1024,0.2,1.71085e+06
MUL,double,"AnalysisFlag::sparsity",1024,0.2,1.69459e+06
MUL,double,"AnalysisFlag::sparsity",1024,0.2,1.69813e+06
MUL,double,"AnalysisFlag::sparsity",1024,0.2,1.70968e+06
MUL,double,"AnalysisFlag::sparsity",1024,0.2,1.71993e+06
MUL,double,"AnalysisFlag::sparsity",2048,0.2,4.49326e+06
MUL,double,"AnalysisFlag::sparsity",2048,0.2,6.84228e+06
MUL,double,"AnalysisFlag::sparsity",2048,0.2,6.85371e+06
MUL,double,"AnalysisFlag::sparsity",2048,0.2,6.9211e+06
MUL,double,"AnalysisFlag::sparsity",2048,0.2,6.85356e+06
MUL,double,"AnalysisFlag::sparsity",2048,0.2,6.84837e+06
MUL,double,"AnalysisFlag::sparsity",2048,0.2,6.82214e+06
MUL,double,"AnalysisFlag::sparsity",2048,0.2,6.85009e+06
MUL,double,"AnalysisFlag::sparsity",2048,0.2,6.92013e+06
MUL,double,"AnalysisFlag::sparsity",2048,0.2,6.84886e+06
MUL,double,"AnalysisFlag::sparsity",4096,0.2,1.94523e+07
MUL,double,"AnalysisFlag::sparsity",4096,0.2,3.06989e+07
MUL,double,"AnalysisFlag::sparsity",4096,0.2,3.0699e+07
MUL,double,"AnalysisFlag::sparsity",4096,0.2,3.1023e+07
MUL,double,"AnalysisFlag::sparsity",4096,0.2,3.105e+07
MUL,double,"AnalysisFlag::sparsity",4096,0.2,3.06288e+07
MUL,double,"AnalysisFlag::sparsity",4096,0.2,3.10283e+07
MUL,double,"AnalysisFlag::sparsity",4096,0.2,3.1026e+07
MUL,double,"AnalysisFlag::sparsity",4096,0.2,3.06558e+07
MUL,double,"AnalysisFlag::sparsity",4096,0.2,3.09866e+07
MUL,int64_t,"AnalysisFlag::sparsity",1024,0.2,1.12768e+06
MUL,int64_t,"AnalysisFlag::sparsity",1024,0.2,1.7407e+06
MUL,int64_t,"AnalysisFlag::sparsity",1024,0.2,1.7715e+06
MUL,int64_t,"AnalysisFlag::sparsity",1024,0.2,1.76453e+06
MUL,int64_t,"AnalysisFlag::sparsity",1024,0.2,1.75773e+06
MUL,int64_t,"AnalysisFlag::sparsity",1024,0.2,1.77041e+06
MUL,int64_t,"AnalysisFlag::sparsity",1024,0.2,1.72391e+06
MUL,int64_t,"AnalysisFlag::sparsity",1024,0.2,1.77383e+06
MUL,int64_t,"AnalysisFlag::sparsity",1024,0.2,1.75711e+06
MUL,int64_t,"AnalysisFlag::sparsity",1024,0.2,1.77501e+06
MUL,int64_t,"AnalysisFlag::sparsity",2048,0.2,4.45912e+06
MUL,int64_t,"AnalysisFlag::sparsity",2048,0.2,7.06022e+06
MUL,int64_t,"AnalysisFlag::sparsity",2048,0.2,7.04226e+06
MUL,int64_t,"AnalysisFlag::sparsity",2048,0.2,7.05475e+06
MUL,int64_t,"AnalysisFlag::sparsity",2048,0.2,7.10247e+06
MUL,int64_t,"AnalysisFlag::sparsity",2048,0.2,7.06589e+06
MUL,int64_t,"AnalysisFlag::sparsity",2048,0.2,7.14685e+06
MUL,int64_t,"AnalysisFlag::sparsity",2048,0.2,7.04768e+06
MUL,int64_t,"AnalysisFlag::sparsity",2048,0.2,7.05223e+06
MUL,int64_t,"AnalysisFlag::sparsity",2048,0.2,7.08886e+06
MUL,int64_t,"AnalysisFlag::sparsity",4096,0.2,1.94176e+07
MUL,int64_t,"AnalysisFlag::sparsity",4096,0.2,3.19724e+07
MUL,int64_t,"AnalysisFlag::sparsity",4096,0.2,3.1889e+07
MUL,int64_t,"AnalysisFlag::sparsity",4096,0.2,3.18429e+07
MUL,int64_t,"AnalysisFlag::sparsity",4096,0.2,3.2053e+07
MUL,int64_t,"AnalysisFlag::sparsity",4096,0.2,3.16753e+07
MUL,int64_t,"AnalysisFlag::sparsity",4096,0.2,3.20129e+07
MUL,int64_t,"AnalysisFlag::sparsity",4096,0.2,3.19121e+07
MUL,int64_t,"AnalysisFlag::sparsity",4096,0.2,3.18613e+07
MUL,int64_t,"AnalysisFlag::sparsity",4096,0.2,3.16769e+07
MUL,double,"AnalysisFlag::sparsity",1024,0.25,3.21568e+06
MUL,double,"AnalysisFlag::sparsity",1024,0.25,1.34202e+06
MUL,double,"AnalysisFlag::sparsity",1024,0.25,1.35508e+06
MUL,double,"AnalysisFlag::sparsity",1024,0.25,1.34237e+06
MUL,double,"AnalysisFlag::sparsity",1024,0.25,1.34253e+06
MUL,double,"AnalysisFlag::sparsity",1024,0.25,1.3432e+06
MUL,double,"AnalysisFlag::sparsity",1024,0.25,1.33947e+06
MUL,double,"AnalysisFlag::sparsity",1024,0.25,1.34259e+06
MUL,double,"AnalysisFlag::sparsity",1024,0.25,1.34174e+06
MUL,double,"AnalysisFlag::sparsity",1024,0.25,1.3416e+06
MUL,double,"AnalysisFlag::sparsity",2048,0.25,1.34832e+07
MUL,double,"AnalysisFlag::sparsity",2048,0.25,1.2773e+07
MUL,double,"AnalysisFlag::sparsity",2048,0.25,1.27609e+07
MUL,double,"AnalysisFlag::sparsity",2048,0.25,1.27474e+07
MUL,double,"AnalysisFlag::sparsity",2048,0.25,1.27825e+07
MUL,double,"AnalysisFlag::sparsity",2048,0.25,1.27435e+07
MUL,double,"AnalysisFlag::sparsity",2048,0.25,1.27772e+07
MUL,double,"AnalysisFlag::sparsity",2048,0.25,1.2968e+07
MUL,double,"AnalysisFlag::sparsity",2048,0.25,1.27706e+07
MUL,double,"AnalysisFlag::sparsity",2048,0.25,1.27531e+07
MUL,double,"AnalysisFlag::sparsity",4096,0.25,5.51913e+07
MUL,double,"AnalysisFlag::sparsity",4096,0.25,5.17269e+07
MUL,double,"AnalysisFlag::sparsity",4096,0.25,5.13517e+07
MUL,double,"AnalysisFlag::sparsity",4096,0.25,5.23487e+07
MUL,double,"AnalysisFlag::sparsity",4096,0.25,5.20147e+07
MUL,double,"AnalysisFlag::sparsity",4096,0.25,5.22987e+07
MUL,double,"AnalysisFlag::sparsity",4096,0.25,5.11606e+07
MUL,double,"AnalysisFlag::sparsity",4096,0.25,5.23808e+07
MUL,double,"AnalysisFlag::sparsity",4096,0.25,5.20766e+07
MUL,double,"AnalysisFlag::sparsity",4096,0.25,5.09499e+07
MUL,int64_t,"AnalysisFlag::sparsity",1024,0.25,1.1141e+06
MUL,int64_t,"AnalysisFlag::sparsity",1024,0.25,1.09967e+06
MUL,int64_t,"AnalysisFlag::sparsity",1024,0.25,1.09026e+06
MUL,int64_t,"AnalysisFlag::sparsity",1024,0.25,1.09184e+06
MUL,int64_t,"AnalysisFlag::sparsity",1024,0.25,1.09048e+06
MUL,int64_t,"AnalysisFlag::sparsity",1024,0.25,1.09822e+06
MUL,int64_t,"AnalysisFlag::sparsity",1024,0.25,1.09049e+06
MUL,int64_t,"AnalysisFlag::sparsity",1024,0.25,1.09241e+06
MUL,int64_t,"AnalysisFlag::sparsity",1024,0.25,1.08962e+06
MUL,int64_t,"AnalysisFlag::sparsity",1024,0.25,1.08679e+06
MUL,int64_t,"AnalysisFlag::sparsity",2048,0.25,1.1836e+07
MUL,int64_t,"AnalysisFlag::sparsity",2048,0.25,1.18308e+07
MUL,int64_t,"AnalysisFlag::sparsity",2048,0.25,1.1842e+07
MUL,int64_t,"AnalysisFlag::sparsity",2048,0.25,1.18204e+07
MUL,int64_t,"AnalysisFlag::sparsity",2048,0.25,1.18534e+07
MUL,int64_t,"AnalysisFlag::sparsity",2048,0.25,1.18339e+07
MUL,int64_t,"AnalysisFlag::sparsity",2048,0.25,1.18411e+07
MUL,int64_t,"AnalysisFlag::sparsity",2048,0.25,1.18253e+07
MUL,int64_t,"AnalysisFlag::sparsity",2048,0.25,1.18455e+07
MUL,int64_t,"AnalysisFlag::sparsity",2048,0.25,1.18318e+07
MUL,int64_t,"AnalysisFlag::sparsity",4096,0.25,5.16936e+07
MUL,int64_t,"AnalysisFlag::sparsity",4096,0.25,4.83951e+07
MUL,int64_t,"AnalysisFlag::sparsity",4096,0.25,4.7643e+07
MUL,int64_t,"AnalysisFlag::sparsity",4096,0.25,4.85693e+07
MUL,int64_t,"AnalysisFlag::sparsity",4096,0.25,4.86943e+07
MUL,int64_t,"AnalysisFlag::sparsity",4096,0.25,4.76063e+07
MUL,int64_t,"AnalysisFlag::sparsity",4096,0.25,4.86717e+07
MUL,int64_t,"AnalysisFlag::sparsity",4096,0.25,4.86262e+07
MUL,int64_t,"AnalysisFlag::sparsity",4096,0.25,4.76505e+07
MUL,int64_t,"AnalysisFlag::sparsity",4096,0.25,4.86489e+07
MUL,double,"AnalysisFlag::sparsity",1024,1,1.4103e+06
MUL,double,"AnalysisFlag::sparsity",1024,1,1.35792e+06
MUL,double,"AnalysisFlag::sparsity",1024,1,1.3516e+06
MUL,double,"AnalysisFlag::sparsity",1024,1,1.34536e+06
MUL,double,"AnalysisFlag::sparsity",1024,1,1.349e+06
MUL,double,"AnalysisFlag::sparsity",1024,1,1.34614e+06
MUL,double,"AnalysisFlag::sparsity",1024,1,1.34822e+06
MUL,double,"AnalysisFlag::sparsity",1024,1,1.34516e+06
MUL,double,"AnalysisFlag::sparsity",1024,1,1.34212e+06
MUL,double,"AnalysisFlag::sparsity",1024,1,1.34614e+06
MUL,double,"AnalysisFlag::sparsity",2048,1,1.27665e+07
MUL,double,"AnalysisFlag::sparsity",2048,1,1.27597e+07
MUL,double,"AnalysisFlag::sparsity",2048,1,1.274e+07
MUL,double,"AnalysisFlag::sparsity",2048,1,1.27475e+07
MUL,double,"AnalysisFlag::sparsity",2048,1,1.27301e+07
MUL,double,"AnalysisFlag::sparsity",2048,1,1.27628e+07
MUL,double,"AnalysisFlag::sparsity",2048,1,1.27276e+07
MUL,double,"AnalysisFlag::sparsity",2048,1,1.27775e+07
MUL,double,"AnalysisFlag::sparsity",2048,1,1.27578e+07
MUL,double,"AnalysisFlag::sparsity",2048,1,1.27632e+07
MUL,double,"AnalysisFlag::sparsity",4096,1,5.24518e+07
MUL,double,"AnalysisFlag::sparsity",4096,1,5.19835e+07
MUL,double,"AnalysisFlag::sparsity",4096,1,5.14663e+07
MUL,double,"AnalysisFlag::sparsity",4096,1,5.13052e+07
MUL,double,"AnalysisFlag::sparsity",4096,1,5.13072e+07
MUL,double,"AnalysisFlag::sparsity",4096,1,5.22893e+07
MUL,double,"AnalysisFlag::sparsity",4096,1,5.13439e+07
MUL,double,"AnalysisFlag::sparsity",4096,1,5.11697e+07
MUL,double,"AnalysisFlag::sparsity",4096,1,5.12343e+07
MUL,double,"AnalysisFlag::sparsity",4096,1,5.25238e+07
MUL,int64_t,"AnalysisFlag::sparsity",1024,1,1.19241e+06
MUL,int64_t,"AnalysisFlag::sparsity",1024,1,1.12499e+06
MUL,int64_t,"AnalysisFlag::sparsity",1024,1,1.10527e+06
MUL,int64_t,"AnalysisFlag::sparsity",1024,1,1.09755e+06
MUL,int64_t,"AnalysisFlag::sparsity",1024,1,1.12316e+06
MUL,int64_t,"AnalysisFlag::sparsity",1024,1,1.0964e+06
MUL,int64_t,"AnalysisFlag::sparsity",1024,1,1.09398e+06
MUL,int64_t,"AnalysisFlag::sparsity",1024,1,1.09382e+06
MUL,int64_t,"AnalysisFlag::sparsity",1024,1,1.0946e+06
MUL,int64_t,"AnalysisFlag::sparsity",1024,1,1.09063e+06
MUL,int64_t,"AnalysisFlag::sparsity",2048,1,1.18416e+07
MUL,int64_t,"AnalysisFlag::sparsity",2048,1,1.17886e+07
MUL,int64_t,"AnalysisFlag::sparsity",2048,1,1.18046e+07
MUL,int64_t,"AnalysisFlag::sparsity",2048,1,1.17799e+07
MUL,int64_t,"AnalysisFlag::sparsity",2048,1,1.18092e+07
MUL,int64_t,"AnalysisFlag::sparsity",2048,1,1.1791e+07
MUL,int64_t,"AnalysisFlag::sparsity",2048,1,1.18028e+07
MUL,int64_t,"AnalysisFlag::sparsity",2048,1,1.17902e+07
MUL,int64_t,"AnalysisFlag::sparsity",2048,1,1.18112e+07
MUL,int64_t,"AnalysisFlag::sparsity",2048,1,1.18102e+07
MUL,int64_t,"AnalysisFlag::sparsity",4096,1,4.94087e+07
MUL,int64_t,"AnalysisFlag::sparsity",4096,1,4.74501e+07
MUL,int64_t,"AnalysisFlag::sparsity",4096,1,4.74507e+07
MUL,int64_t,"AnalysisFlag::sparsity",4096,1,4.73887e+07
MUL,int64_t,"AnalysisFlag::sparsity",4096,1,4.74783e+07
MUL,int64_t,"AnalysisFlag::sparsity",4096,1,4.86242e+07
MUL,int64_t,"AnalysisFlag::sparsity",4096,1,4.74811e+07
MUL,int64_t,"AnalysisFlag::sparsity",4096,1,4.73764e+07
MUL,int64_t,"AnalysisFlag::sparsity",4096,1,4.74496e+07
MUL,int64_t,"AnalysisFlag::sparsity",4096,1,4.74127e+07
ADD,double,"AnalysisFlag::symmetry",1024,0.001,121820
ADD,double,"AnalysisFlag::symmetry",1024,0.001,101726
ADD,double,"AnalysisFlag::symmetry",1024,0.001,100652
ADD,double,"AnalysisFlag::symmetry",1024,0.001,99483
ADD,double,"AnalysisFlag::symmetry",1024,0.001,99738
ADD,double,"AnalysisFlag::symmetry",1024,0.001,99382
ADD,double,"AnalysisFlag::symmetry",1024,0.001,100682
ADD,double,"AnalysisFlag::symmetry",1024,0.001,99145
ADD,double,"AnalysisFlag::symmetry",1024,0.001,98778
ADD,double,"AnalysisFlag::symmetry",1024,0.001,99022
ADD,double,"AnalysisFlag::symmetry",2048,0.001,219493
ADD,double,"AnalysisFlag::symmetry",2048,0.001,224670
ADD,double,"AnalysisFlag::symmetry",2048,0.001,221028
ADD,double,"AnalysisFlag::symmetry",2048,0.001,220580
ADD,double,"AnalysisFlag::symmetry",2048,0.001,219893
ADD,double,"AnalysisFlag::symmetry",2048,0.001,216470
ADD,double,"AnalysisFlag::symmetry",2048,0.001,211532
ADD,double,"AnalysisFlag::symmetry",2048,0.001,210649
ADD,double,"AnalysisFlag::symmetry",2048,0.001,212955
ADD,double,"AnalysisFlag::symmetry",2048,0.001,211036
ADD,double,"AnalysisFlag::symmetry",4096,0.001,442337
ADD,double,"AnalysisFlag::symmetry",4096,0.001,527169
ADD,double,"AnalysisFlag::symmetry",4096,0.001,513600
ADD,double,"AnalysisFlag::symmetry",4096,0.001,512200
ADD,double,"AnalysisFlag::symmetry",4096,0.001,508307
ADD,double,"AnalysisFlag::symmetry",4096,0.001,507596
ADD,double,"AnalysisFlag::symmetry",4096,0.001,507946
ADD,double,"AnalysisFlag::symmetry",4096,0.001,506116
ADD,double,"AnalysisFlag::symmetry",4096,0.001,506979
ADD,double,"AnalysisFlag::symmetry",4096,0.001,509702
ADD,int64_t,"AnalysisFlag::symmetry",1024,0.001,89058
ADD,int64_t,"AnalysisFlag::symmetry",1024,0.001,101291
ADD,int64_t,"AnalysisFlag::symmetry",1024,0.001,95801
ADD,int64_t,"AnalysisFlag::symmetry",1024,0.001,95864
ADD,int64_t,"AnalysisFlag::symmetry",1024,0.001,97226
ADD,int64_t,"AnalysisFlag::symmetry",1024,0.001,96196
ADD,int64_t,"AnalysisFlag::symmetry",1024,0.001,95287
ADD,int64_t,"AnalysisFlag::symmetry",1024,0.001,95827
ADD,int64_t,"AnalysisFlag::symmetry",1024,0.001,95023
ADD,int64_t,"AnalysisFlag::symmetry",1024,0.001,96019
ADD,int64_t,"AnalysisFlag::symmetry",2048,0.001,184853
ADD,int64_t,"AnalysisFlag::symmetry",2048,0.001,219418
ADD,int64_t,"AnalysisFlag::symmetry",2048,0.001,219619
ADD,int64_t,"AnalysisFlag::symmetry",2048,0.001,215738
ADD,int64_t,"AnalysisFlag::symmetry",2048,0.001,214671
ADD,int64_t,"AnalysisFlag::symmetry",2048,0.001,216710
ADD,int64_t,"AnalysisFlag::symmetry",2048,0.001,214510
ADD,int64_t,"AnalysisFlag::symmetry",2048,0.001,214325
ADD,int64_t,"AnalysisFlag::symmetry",2048,0.001,214638
ADD,int64_t,"AnalysisFlag::symmetry",2048,0.001,218736
ADD,int64_t,"AnalysisFlag::symmetry",4096,0.001,389291
ADD,int64_t,"AnalysisFlag::symmetry",4096,0.001,538307
ADD,int64_t,"AnalysisFlag::symmetry",4096,0.001,536846
ADD,int64_t,"AnalysisFlag::symmetry",4096,0.001,538327
ADD,int64_t,"AnalysisFlag::symmetry",4096,0.001,536586
ADD,int64_t,"AnalysisFlag::symmetry",4096,0.001,538192
ADD,int64_t,"AnalysisFlag::symmetry",4096,0.001,544143
ADD,int64_t,"AnalysisFlag::symmetry",4096,0.001,535061
ADD,int64_t,"AnalysisFlag::symmetry",4096,0.001,540535
ADD,int64_t,"AnalysisFlag::symmetry",4096,0.001,533262
ADD,double,"AnalysisFlag::symmetry",1024,0.01,111745
ADD,double,"AnalysisFlag::symmetry",1024,0.01,201450
ADD,double,"AnalysisFlag::symmetry",1024,0.01,198380
ADD,double,"AnalysisFlag::symmetry",1024,0.01,200685
ADD,double,"AnalysisFlag::symmetry",1024,0.01,196072
ADD,double,"AnalysisFlag::symmetry",1024,0.01,197540
ADD,double,"AnalysisFlag::symmetry",1024,0.01,198213
ADD,double,"AnalysisFlag::symmetry",1024,0.01,199938
ADD,double,"AnalysisFlag::symmetry",1024,0.01,198565
ADD,double,"AnalysisFlag::symmetry",1024,0.01,198141
ADD,double,"AnalysisFlag::symmetry",2048,0.01,261447
ADD,double,"AnalysisFlag::symmetry",2048,0.01,631513
ADD,double,"AnalysisFlag::symmetry",2048,0.01,631534
ADD,double,"AnalysisFlag::symmetry",2048,0.01,630067
ADD,double,"AnalysisFlag::symmetry",2048,0.01,633861
ADD,double,"AnalysisFlag::symmetry",2048,0.01,630929
ADD,double,"AnalysisFlag::symmetry",2048,0.01,634151
ADD,double,"AnalysisFlag::symmetry",2048,0.01,635759
ADD,double,"AnalysisFlag::symmetry",2048,0.01,633203
ADD,double,"AnalysisFlag::symmetry",2048,0.01,628962
ADD,double,"AnalysisFlag::symmetry",4096,0.01,742934
ADD,double,"AnalysisFlag::symmetry",4096,0.01,2.2295e+06
ADD,double,"AnalysisFlag::symmetry",4096,0.01,2.21173e+06
ADD,double,"AnalysisFlag::symmetry",4096,0.01,2.21497e+06
ADD,double,"AnalysisFlag::symmetry",4096,0.01,2.19741e+06
ADD,double,"AnalysisFlag::symmetry",4096,0.01,2.22284e+06
ADD,double,"AnalysisFlag::symmetry",4096,0.01,2.21508e+06
ADD,double,"AnalysisFlag::symmetry",4096,0.01,2.23142e+06
ADD,double,"AnalysisFlag::symmetry",4096,0.01,2.24863e+06
ADD,double,"AnalysisFlag::symmetry",4096,0.01,2.24986e+06
ADD,int64_t,"AnalysisFlag::symmetry",1024,0.01,113717
ADD,int64_t,"AnalysisFlag::symmetry",1024,0.01,210709
ADD,int64_t,"AnalysisFlag::symmetry",1024,0.01,210479
ADD,int64_t,"AnalysisFlag::symmetry",1024,0.01,209772
ADD,int64_t,"AnalysisFlag::symmetry",1024,0.01,207369
ADD,int64_t,"AnalysisFlag::symmetry",1024,0.01,207287
ADD,int64_t,"AnalysisFlag::symmetry",1024,0.01,205837
ADD,int64_t,"AnalysisFlag::symmetry",1024,0.01,208957
ADD,int64_t,"AnalysisFlag::symmetry",1024,0.01,212849
ADD,int64_t,"AnalysisFlag::symmetry",1024,0.01,209011
ADD,int64_t,"AnalysisFlag::symmetry",2048,0.01,274099
ADD,int64_t,"AnalysisFlag::symmetry",2048,0.01,662068
ADD,int64_t,"AnalysisFlag::symmetry",2048,0.01,662335
ADD,int64_t,"AnalysisFlag::symmetry",2048,0.01,659497
ADD,int64_t,"AnalysisFlag::symmetry",2048,0.01,664869
ADD,int64_t,"AnalysisFlag::symmetry",2048,0.01,662193
ADD,int64_t,"AnalysisFlag::symmetry",2048,0.01,666404
ADD,int64_t,"AnalysisFlag::symmetry",2048,0.01,661458
ADD,int64_t,"AnalysisFlag::symmetry",2048,0.01,666881
ADD,int64_t,"AnalysisFlag::symmetry",2048,0.01,663038
ADD,int64_t,"AnalysisFlag::symmetry",4096,0.01,760583
ADD,int64_t,"AnalysisFlag::symmetry",4096,0.01,2.28081e+06
ADD,int64_t,"AnalysisFlag::symmetry",4096,0.01,2.30665e+06
ADD,int64_t,"AnalysisFlag::symmetry",4096,0.01,2.31916e+06
ADD,int64_t,"AnalysisFlag::symmetry",4096,0.01,2.331e+06
ADD,int64_t,"AnalysisFlag::symmetry",4096,0.01,2.29123e+06
ADD,int64_t,"AnalysisFlag::symmetry",4096,0.01,2.3157e+06
ADD,int64_t,"AnalysisFlag::symmetry",4096,0.01,2.28908e+06
ADD,int64_t,"AnalysisFlag::symmetry",4096,0.01,2.34558e+06
ADD,int64_t,"AnalysisFlag::symmetry",4096,0.01,2.27895e+06
ADD,double,"AnalysisFlag::symmetry",1024,0.05,191919
ADD,double,"AnalysisFlag::symmetry",1024,0.05,659761
ADD,double,"AnalysisFlag::symmetry",1024,0.05,715532
ADD,double,"AnalysisFlag::symmetry",1024,0.05,664952
ADD,double,"AnalysisFlag::symmetry",1024,0.05,663812
ADD,double,"AnalysisFlag::symmetry",1024,0.05,662181
ADD,double,"AnalysisFlag::symmetry",1024,0.05,657330
ADD,double,"AnalysisFlag::symmetry",1024,0.05,660705
ADD,double,"AnalysisFlag::symmetry",1024,0.05,658776
ADD,double,"AnalysisFlag::symmetry",1024,0.05,662398
ADD,double,"AnalysisFlag::symmetry",2048,0.05,645448
ADD,double,"AnalysisFlag::symmetry",2048,0.05,2.47271e+06
ADD,double,"AnalysisFlag::symmetry",2048,0.05,2.48756e+06
ADD,double,"AnalysisFlag::symmetry",2048,0.05,2.47309e+06
ADD,double,"AnalysisFlag::symmetry",2048,0.05,2.52104e+06
ADD,double,"AnalysisFlag::symmetry",2048,0.05,2.50479e+06
ADD,double,"AnalysisFlag::symmetry",2048,0.05,2.4892e+06
ADD,double,"AnalysisFlag::symmetry",2048,0.05,2.51791e+06
ADD,double,"AnalysisFlag::symmetry",2048,0.05,2.51794e+06
ADD,double,"AnalysisFlag::symmetry",2048,0.05,2.50256e+06
ADD,double,"AnalysisFlag::symmetry",4096,0.05,5.13144e+06
ADD,double,"AnalysisFlag::symmetry",4096,0.05,1.56959e+07
ADD,double,"AnalysisFlag::symmetry",4096,0.05,1.57803e+07
ADD,double,"AnalysisFlag::symmetry",4096,0.05,1.57719e+07
ADD,double,"AnalysisFlag::symmetry",4096,0.05,1.58166e+07
ADD,double,"AnalysisFlag::symmetry",4096,0.05,1.58214e+07
ADD,double,"AnalysisFlag::symmetry",4096,0.05,1.57755e+07
ADD,double,"AnalysisFlag::symmetry",4096,0.05,1.57996e+07
ADD,double,"AnalysisFlag::symmetry",4096,0.05,1.58185e+07
ADD,double,"AnalysisFlag::symmetry",4096,0.05,1.58054e+07
ADD,int64_t,"AnalysisFlag::symmetry",1024,0.05,378464
ADD,int64_t,"AnalysisFlag::symmetry",1024,0.05,897903
ADD,int64_t,"AnalysisFlag::symmetry",1024,0.05,693521
ADD,int64_t,"AnalysisFlag::symmetry",1024,0.05,699069
ADD,int64_t,"AnalysisFlag::symmetry",1024,0.05,694418
ADD,int64_t,"AnalysisFlag::symmetry",1024,0.05,691573
ADD,int64_t,"AnalysisFlag::symmetry",1024,0.05,703535
ADD,int64_t,"AnalysisFlag::symmetry",1024,0.05,726700
ADD,int64_t,"AnalysisFlag::symmetry",1024,0.05,694573
ADD,int64_t,"AnalysisFlag::symmetry",1024,0.05,691402
ADD,int64_t,"AnalysisFlag::symmetry",2048,0.05,1.5541e+06
ADD,int64_t,"AnalysisFlag::symmetry",2048,0.05,3.43095e+06
ADD,int64_t,"AnalysisFlag::symmetry",2048,0.05,2.59295e+06
ADD,int64_t,"AnalysisFlag::symmetry",2048,0.05,2.62682e+06
ADD,int64_t,"AnalysisFlag::symmetry",2048,0.05,2.66016e+06
ADD,int64_t,"AnalysisFlag::symmetry",2048,0.05,2.66226e+06
ADD,int64_t,"AnalysisFlag::symmetry",2048,0.05,2.66764e+06
ADD,int64_t,"AnalysisFlag::symmetry",2048,0.05,2.65491e+06
ADD,int64_t,"AnalysisFlag::symmetry",2048,0.05,2.67709e+06
ADD,int64_t,"AnalysisFlag::symmetry",2048,0.05,2.5931e+06
ADD,int64_t,"AnalysisFlag::symmetry",4096,0.05,5.44085e+06
ADD,int64_t,"AnalysisFlag::symmetry",4096,0.05,1.62581e+07
ADD,int64_t,"AnalysisFlag::symmetry",4096,0.05,1.62417e+07
ADD,int64_t,"AnalysisFlag::symmetry",4096,0.05,1.6347e+07
ADD,int64_t,"AnalysisFlag::symmetry",4096,0.05,1.62945e+07
ADD,int64_t,"AnalysisFlag::symmetry",4096,0.05,1.62809e+07
ADD,int64_t,"AnalysisFlag::symmetry",4096,0.05,1.62853e+07
ADD,int64_t,"AnalysisFlag::symmetry",4096,0.05,1.63799e+07
ADD,int64_t,"AnalysisFlag::symmetry",4096,0.05,1.62511e+07
ADD,int64_t,"AnalysisFlag::symmetry",4096,0.05,1.62648e+07
ADD,double,"AnalysisFlag::symmetry",1024,0.1,702470
ADD,double,"AnalysisFlag::symmetry",1024,0.1,1.62235e+06
ADD,double,"AnalysisFlag::symmetry",1024,0.1,1.25878e+06
ADD,double,"AnalysisFlag::symmetry",1024,0.1,1.24988e+06
ADD,double,"AnalysisFlag::symmetry",1024,0.1,1.26516e+06
ADD,double,"AnalysisFlag::symmetry",1024,0.1,1.22815e+06
ADD,double,"AnalysisFlag::symmetry",1024,0.1,1.24445e+06
ADD,double,"AnalysisFlag::symmetry",1024,0.1,1.22063e+06
ADD,double,"AnalysisFlag::symmetry",1024,0.1,1.22856e+06
ADD,double,"AnalysisFlag::symmetry",1024,0.1,1.27905e+06
ADD,double,"AnalysisFlag::symmetry",2048,0.1,2.58011e+06
ADD,double,"AnalysisFlag::symmetry",2048,0.1,6.23141e+06
ADD,double,"AnalysisFlag::symmetry",2048,0.1,4.83829e+06
ADD,double,"AnalysisFlag::symmetry",2048,0.1,4.85301e+06
ADD,double,"AnalysisFlag::symmetry",2048,0.1,4.79036e+06
ADD,double,"AnalysisFlag::symmetry",2048,0.1,4.74592e+06
ADD,double,"AnalysisFlag::symmetry",2048,0.1,4.7919e+06
ADD,double,"AnalysisFlag::symmetry",2048,0.1,4.78919e+06
ADD,double,"AnalysisFlag::symmetry",2048,0.1,4.78201e+06
ADD,double,"AnalysisFlag::symmetry",2048,0.1,4.79199e+06
ADD,double,"AnalysisFlag::symmetry",4096,0.1,9.8196e+06
ADD,double,"AnalysisFlag::symmetry",4096,0.1,3.07283e+07
ADD,double,"AnalysisFlag::symmetry",4096,0.1,3.07351e+07
ADD,double,"AnalysisFlag::symmetry",4096,0.1,3.06993e+07
ADD,double,"AnalysisFlag::symmetry",4096,0.1,3.07095e+07
ADD,double,"AnalysisFlag::symmetry",4096,0.1,3.07339e+07
ADD,double,"AnalysisFlag::symmetry",4096,0.1,3.07893e+07
ADD,double,"AnalysisFlag::symmetry",4096,0.1,3.07595e+07
ADD,double,"AnalysisFlag::symmetry",4096,0.1,3.06628e+07
ADD,double,"AnalysisFlag::symmetry",4096,0.1,3.08036e+07
ADD,int64_t,"AnalysisFlag::symmetry",1024,0.1,757871
ADD,int64_t,"AnalysisFlag::symmetry",1024,0.1,1.67102e+06
ADD,int64_t,"AnalysisFlag::symmetry",1024,0.1,1.31822e+06
ADD,int64_t,"AnalysisFlag::symmetry",1024,0.1,1.35148e+06
ADD,int64_t,"AnalysisFlag::symmetry",1024,0.1,1.31011e+06
ADD,int64_t,"AnalysisFlag::symmetry",1024,0.1,1.36206e+06
ADD,int64_t,"AnalysisFlag::symmetry",1024,0.1,1.30872e+06
ADD,int64_t,"AnalysisFlag::symmetry",1024,0.1,1.34436e+06
ADD,int64_t,"AnalysisFlag::symmetry",1024,0.1,1.34493e+06
ADD,int64_t,"AnalysisFlag::symmetry",1024,0.1,1.28738e+06
ADD,int64_t,"AnalysisFlag::symmetry",2048,0.1,2.72985e+06
ADD,int64_t,"AnalysisFlag::symmetry",2048,0.1,6.59034e+06
ADD,int64_t,"AnalysisFlag::symmetry",2048,0.1,5.09304e+06
ADD,int64_t,"AnalysisFlag::symmetry",2048,0.1,5.13727e+06
ADD,int64_t,"AnalysisFlag::symmetry",2048,0.1,5.11048e+06
ADD,int64_t,"AnalysisFlag::symmetry",2048,0.1,5.08777e+06
ADD,int64_t,"AnalysisFlag::symmetry",2048,0.1,5.10248e+06
ADD,int64_t,"AnalysisFlag::symmetry",2048,0.1,5.14188e+06
ADD,int64_t,"AnalysisFlag::symmetry",2048,0.1,5.12303e+06
ADD,int64_t,"AnalysisFlag::symmetry",2048,0.1,5.0428e+06
ADD,int64_t,"AnalysisFlag::symmetry",4096,0.1,1.04038e+07
ADD,int64_t,"AnalysisFlag::symmetry",4096,0.1,3.20958e+07
ADD,int64_t,"AnalysisFlag::symmetry",4096,0.1,3.18229e+07
ADD,int64_t,"AnalysisFlag::symmetry",4096,0.1,3.20651e+07
ADD,int64_t,"AnalysisFlag::symmetry",4096,0.1,3.2445e+07
ADD,int64_t,"AnalysisFlag::symmetry",4096,0.1,3.20634e+07
ADD,int64_t,"AnalysisFlag::symmetry",4096,0.1,3.1953e+07
ADD,int64_t,"AnalysisFlag::symmetry",4096,0.1,3.206e+07
ADD,int64_t,"AnalysisFlag::symmetry",4096,0.1,3.1906e+07
ADD,int64_t,"AnalysisFlag::symmetry",4096,0.1,3.19266e+07
ADD,double,"AnalysisFlag::symmetry",1024,0.2,1.30632e+06
ADD,double,"AnalysisFlag::symmetry",1024,0.2,2.98489e+06
ADD,double,"AnalysisFlag::symmetry",1024,0.2,2.35875e+06
ADD,double,"AnalysisFlag::symmetry",1024,0.2,2.38958e+06
ADD,double,"AnalysisFlag::symmetry",1024,0.2,2.38181e+06
ADD,double,"AnalysisFlag::symmetry",1024,0.2,2.3784e+06
ADD,double,"AnalysisFlag::symmetry",1024,0.2,2.34979e+06
ADD,double,"AnalysisFlag::symmetry",1024,0.2,2.37097e+06
ADD,double,"AnalysisFlag::symmetry",1024,0.2,2.38008e+06
ADD,double,"AnalysisFlag::symmetry",1024,0.2,2.35677e+06
ADD,double,"AnalysisFlag::symmetry",2048,0.2,4.88105e+06
ADD,double,"AnalysisFlag::symmetry",2048,0.2,1.48238e+07
ADD,double,"AnalysisFlag::symmetry",2048,0.2,1.48755e+07
ADD,double,"AnalysisFlag::symmetry",2048,0.2,1.48758e+07
ADD,double,"AnalysisFlag::symmetry",2048,0.2,1.49505e+07
ADD,double,"AnalysisFlag::symmetry",2048,0.2,1.48978e+07
ADD,double,"AnalysisFlag::symmetry",2048,0.2,1.48526e+07
ADD,double,"AnalysisFlag::symmetry",2048,0.2,1.48671e+07
ADD,double,"AnalysisFlag::symmetry",2048,0.2,1.48665e+07
ADD,double,"AnalysisFlag::symmetry",2048,0.2,1.48926e+07
ADD,double,"AnalysisFlag::symmetry",4096,0.2,2.05201e+07
ADD,double,"AnalysisFlag::symmetry",4096,0.2,6.11287e+07
ADD,double,"AnalysisFlag::symmetry",4096,0.2,5.94284e+07
ADD,double,"AnalysisFlag::symmetry",4096,0.2,6.04035e+07
ADD,double,"AnalysisFlag::symmetry",4096,0.2,5.98968e+07
ADD,double,"AnalysisFlag::symmetry",4096,0.2,6.03099e+07
ADD,double,"AnalysisFlag::symmetry",4096,0.2,5.93827e+07
ADD,double,"AnalysisFlag::symmetry",4096,0.2,6.02719e+07
ADD,double,"AnalysisFlag::symmetry",4096,0.2,5.9998e+07
ADD,double,"AnalysisFlag::symmetry",4096,0.2,5.9792e+07
ADD,int64_t,"AnalysisFlag::symmetry",1024,0.2,1.38894e+06
ADD,int64_t,"AnalysisFlag::symmetry",1024,0.2,3.14232e+06
ADD,int64_t,"AnalysisFlag::symmetry",1024,0.2,2.5173e+06
ADD,int64_t,"AnalysisFlag::symmetry",1024,0.2,2.53116e+06
ADD,int64_t,"AnalysisFlag::symmetry",1024,0.2,2.58946e+06
ADD,int64_t,"AnalysisFlag::symmetry",1024,0.2,2.49918e+06
ADD,int64_t,"AnalysisFlag::symmetry",1024,0.2,2.55324e+06
ADD,int64_t,"AnalysisFlag::symmetry",1024,0.2,2.53201e+06
ADD,int64_t,"AnalysisFlag::symmetry",1024,0.2,2.5384e+06
ADD,int64_t,"AnalysisFlag::symmetry",1024,0.2,2.54156e+06
ADD,int64_t,"AnalysisFlag::symmetry",2048,0.2,5.1862e+06
ADD,int64_t,"AnalysisFlag::symmetry",2048,0.2,1.54285e+07
ADD,int64_t,"AnalysisFlag::symmetry",2048,0.2,1.55048e+07
ADD,int64_t,"AnalysisFlag::symmetry",2048,0.2,1.55174e+07
ADD,int64_t,"AnalysisFlag::symmetry",2048,0.2,1.55202e+07
ADD,int64_t,"AnalysisFlag::symmetry",2048,0.2,1.54916e+07
ADD,int64_t,"AnalysisFlag::symmetry",2048,0.2,1.53911e+07
ADD,int64_t,"AnalysisFlag::symmetry",2048,0.2,1.54724e+07
ADD,int64_t,"AnalysisFlag::symmetry",2048,0.2,1.54214e+07
ADD,int64_t,"AnalysisFlag::symmetry",2048,0.2,1.55108e+07
ADD,int64_t,"AnalysisFlag::symmetry",4096,0.2,2.01886e+07
ADD,int64_t,"AnalysisFlag::symmetry",4096,0.2,6.32471e+07
ADD,int64_t,"AnalysisFlag::symmetry",4096,0.2,6.23462e+07
ADD,int64_t,"AnalysisFlag::symmetry",4096,0.2,6.2029e+07
ADD,int64_t,"AnalysisFlag::symmetry",4096,0.2,6.22527e+07
ADD,int64_t,"AnalysisFlag::symmetry",4096,0.2,6.17699e+07
ADD,int64_t,"AnalysisFlag::symmetry",4096,0.2,6.2327e+07
ADD,int64_t,"AnalysisFlag::symmetry",4096,0.2,6.23408e+07
ADD,int64_t,"AnalysisFlag::symmetry",4096,0.2,6.22287e+07
ADD,int64_t,"AnalysisFlag::symmetry",4096,0.2,6.15777e+07
ADD,double,"AnalysisFlag::symmetry",1024,0.25,3.32496e+06
ADD,double,"AnalysisFlag::symmetry",1024,0.25,1.53546e+06
ADD,double,"AnalysisFlag::symmetry",1024,0.25,1.52204e+06
ADD,double,"AnalysisFlag::symmetry",1024,0.25,1.52069e+06
ADD,double,"AnalysisFlag::symmetry",1024,0.25,1.52644e+06
ADD,double,"AnalysisFlag::symmetry",1024,0.25,1.52547e+06
ADD,double,"AnalysisFlag::symmetry",1024,0.25,1.51694e+06
ADD,double,"AnalysisFlag::symmetry",1024,0.25,1.52888e+06
ADD,double,"AnalysisFlag::symmetry",1024,0.25,1.52669e+06
ADD,double,"AnalysisFlag::symmetry",1024,0.25,1.521e+06
ADD,double,"AnalysisFlag::symmetry",2048,0.25,1.3031e+07
ADD,double,"AnalysisFlag::symmetry",2048,0.25,1.3004e+07
ADD,double,"AnalysisFlag::symmetry",2048,0.25,1.30608e+07
ADD,double,"AnalysisFlag::symmetry",2048,0.25,1.30089e+07
ADD,double,"AnalysisFlag::symmetry",2048,0.25,1.30225e+07
ADD,double,"AnalysisFlag::symmetry",2048,0.25,1.30283e+07
ADD,double,"AnalysisFlag::symmetry",2048,0.25,1.30301e+07
ADD,double,"AnalysisFlag::symmetry",2048,0.25,1.30128e+07
ADD,double,"AnalysisFlag::symmetry",2048,0.25,1.30197e+07
ADD,double,"AnalysisFlag::symmetry",2048,0.25,1.30229e+07
ADD,double,"AnalysisFlag::symmetry",4096,0.25,5.59756e+07
ADD,double,"AnalysisFlag::symmetry",4096,0.25,5.218e+07
ADD,double,"AnalysisFlag::symmetry",4096,0.25,5.29769e+07
ADD,double,"AnalysisFlag::symmetry",4096,0.25,5.17295e+07
ADD,double,"AnalysisFlag::symmetry",4096,0.25,5.32106e+07
ADD,double,"AnalysisFlag::symmetry",4096,0.25,5.2697e+07
ADD,double,"AnalysisFlag::symmetry",4096,0.25,5.17858e+07
ADD,double,"AnalysisFlag::symmetry",4096,0.25,5.31632e+07
ADD,double,"AnalysisFlag::symmetry",4096,0.25,5.27638e+07
ADD,double,"AnalysisFlag::symmetry",4096,0.25,5.17433e+07
ADD,int64_t,"AnalysisFlag::symmetry",1024,0.25,1.46464e+06
ADD,int64_t,"AnalysisFlag::symmetry",1024,0.25,1.43019e+06
ADD,int64_t,"AnalysisFlag::symmetry",1024,0.25,1.42218e+06
ADD,int64_t,"AnalysisFlag::symmetry",1024,0.25,1.42432e+06
ADD,int64_t,"AnalysisFlag::symmetry",1024,0.25,1.42798e+06
ADD,int64_t,"AnalysisFlag::symmetry",1024,0.25,1.428e+06
ADD,int64_t,"AnalysisFlag::symmetry",1024,0.25,1.42164e+06
ADD,int64_t,"AnalysisFlag::symmetry",1024,0.25,1.42732e+06
ADD,int64_t,"AnalysisFlag::symmetry",1024,0.25,1.42308e+06
ADD,int64_t,"AnalysisFlag::symmetry",1024,0.25,1.42702e+06
ADD,int64_t,"AnalysisFlag::symmetry",2048,0.25,1.30499e+07
ADD,int64_t,"AnalysisFlag::symmetry",2048,0.25,1.30499e+07
ADD,int64_t,"AnalysisFlag::symmetry",2048,0.25,1.30465e+07
ADD,int64_t,"AnalysisFlag::symmetry",2048,0.25,1.30408e+07
ADD,int64_t,"AnalysisFlag::symmetry",2048,0.25,1.30525e+07
ADD,int64_t,"AnalysisFlag::symmetry",2048,0.25,1.30376e+07
ADD,int64_t,"AnalysisFlag::symmetry",2048,0.25,1.30876e+07
ADD,int64_t,"AnalysisFlag::symmetry",2048,0.25,1.30535e+07
ADD,int64_t,"AnalysisFlag::symmetry",2048,0.25,1.30514e+07
ADD,int64_t,"AnalysisFlag::symmetry",2048,0.25,1.30349e+07
ADD,int64_t,"AnalysisFlag::symmetry",4096,0.25,5.61444e+07
ADD,int64_t,"AnalysisFlag::symmetry",4096,0.25,5.24554e+07
ADD,int64_t,"AnalysisFlag::symmetry",4096,0.25,5.18832e+07
ADD,int64_t,"AnalysisFlag::symmetry",4096,0.25,5.30525e+07
ADD,int64_t,"AnalysisFlag::symmetry",4096,0.25,5.28489e+07
ADD,int64_t,"AnalysisFlag::symmetry",4096,0.25,5.15678e+07
ADD,int64_t,"AnalysisFlag::symmetry",4096,0.25,5.34612e+07
ADD,int64_t,"AnalysisFlag::symmetry",4096,0.25,5.27508e+07
ADD,int64_t,"AnalysisFlag::symmetry",4096,0.25,5.1679e+07
ADD,int64_t,"AnalysisFlag::symmetry",4096,0.25,5.32611e+07
ADD,double,"AnalysisFlag::symmetry",1024,1,1.65106e+06
ADD,double,"AnalysisFlag::symmetry",1024,1,1.55376e+06
ADD,double,"AnalysisFlag::symmetry",1024,1,1.53949e+06
ADD,double,"AnalysisFlag::symmetry",1024,1,1.54088e+06
ADD,double,"AnalysisFlag::symmetry",1024,1,1.53416e+06
ADD,double,"AnalysisFlag::symmetry",1024,1,1.53538e+06
ADD,double,"AnalysisFlag::symmetry",1024,1,1.54175e+06
ADD,double,"AnalysisFlag::symmetry",1024,1,1.53176e+06
ADD,double,"AnalysisFlag::symmetry",1024,1,1.53786e+06
ADD,double,"AnalysisFlag::symmetry",1024,1,1.53991e+06
ADD,double,"AnalysisFlag::symmetry",2048,1,1.30258e+07
ADD,double,"AnalysisFlag::symmetry",2048,1,1.29688e+07
ADD,double,"AnalysisFlag::symmetry",2048,1,1.29783e+07
ADD,double,"AnalysisFlag::symmetry",2048,1,1.29682e+07
ADD,double,"AnalysisFlag::symmetry",2048,1,1.29881e+07
ADD,double,"AnalysisFlag::symmetry",2048,1,1.29811e+07
ADD,double,"AnalysisFlag::symmetry",2048,1,1.29767e+07
ADD,double,"AnalysisFlag::symmetry",2048,1,1.29755e+07
ADD,double,"AnalysisFlag::symmetry",2048,1,1.29857e+07
ADD,double,"AnalysisFlag::symmetry",2048,1,1.2976e+07
ADD,double,"AnalysisFlag::symmetry",4096,1,5.28643e+07
ADD,double,"AnalysisFlag::symmetry",4096,1,5.28863e+07
ADD,double,"AnalysisFlag::symmetry",4096,1,5.15916e+07
ADD,double,"AnalysisFlag::symmetry",4096,1,5.15707e+07
ADD,double,"AnalysisFlag::symmetry",4096,1,5.15492e+07
ADD,double,"AnalysisFlag::symmetry",4096,1,5.32409e+07
ADD,double,"AnalysisFlag::symmetry",4096,1,5.15961e+07
ADD,double,"AnalysisFlag::symmetry",4096,1,5.15677e+07
ADD,double,"AnalysisFlag::symmetry",4096,1,5.3004e+07
ADD,double,"AnalysisFlag::symmetry",4096,1,5.15672e+07
ADD,int64_t,"AnalysisFlag::symmetry",1024,1,1.5086e+06
ADD,int64_t,"AnalysisFlag::symmetry",1024,1,1.4445e+06
ADD,int64_t,"AnalysisFlag::symmetry",1024,1,1.43157e+06
ADD,int64_t,"AnalysisFlag::symmetry",1024,1,1.42539e+06
ADD,int64_t,"AnalysisFlag::symmetry",1024,1,1.43002e+06
ADD,int64_t,"AnalysisFlag::symmetry",1024,1,1.43054e+06
ADD,int64_t,"AnalysisFlag::symmetry",1024,1,1.42914e+06
ADD,int64_t,"AnalysisFlag::symmetry",1024,1,1.4231e+06
ADD,int64_t,"AnalysisFlag::symmetry",1024,1,1.42285e+06
ADD,int64_t,"AnalysisFlag::symmetry",1024,1,1.42675e+06
ADD,int64_t,"AnalysisFlag::symmetry",2048,1,1.30187e+07
ADD,int64_t,"AnalysisFlag::symmetry",2048,1,1.29879e+07
ADD,int64_t,"AnalysisFlag::symmetry",2048,1,1.29989e+07
ADD,int64_t,"AnalysisFlag::symmetry",2048,1,1.30069e+07
ADD,int64_t,"AnalysisFlag::symmetry",2048,1,1.30023e+07
ADD,int64_t,"AnalysisFlag::symmetry",2048,1,1.29935e+07
ADD,int64_t,"AnalysisFlag::symmetry",2048,1,1.3012e+07
ADD,int64_t,"AnalysisFlag::symmetry",2048,1,1.29931e+07
ADD,int64_t,"AnalysisFlag::symmetry",2048,1,1.3006e+07
ADD,int64_t,"AnalysisFlag::symmetry",2048,1,1.30064e+07
ADD,int64_t,"AnalysisFlag::symmetry",4096,1,5.34498e+07
ADD,int64_t,"AnalysisFlag::symmetry",4096,1,5.16493e+07
ADD,int64_t,"AnalysisFlag::symmetry",4096,1,5.17315e+07
ADD,int64_t,"AnalysisFlag::symmetry",4096,1,5.16119e+07
ADD,int64_t,"AnalysisFlag::symmetry",4096,1,5.30958e+07
ADD,int64_t,"AnalysisFlag::symmetry",4096,1,5.16062e+07
ADD,int64_t,"AnalysisFlag::symmetry",4096,1,5.16723e+07
ADD,int64_t,"AnalysisFlag::symmetry",4096,1,5.15961e+07
ADD,int64_t,"AnalysisFlag::symmetry",4096,1,5.16879e+07
ADD,int64_t,"AnalysisFlag::symmetry",4096,1,5.33082e+07
MUL,double,"AnalysisFlag::symmetry",1024,0.001,111302
MUL,double,"AnalysisFlag::symmetry",1024,0.001,97276
MUL,double,"AnalysisFlag::symmetry",1024,0.001,93113
MUL,double,"AnalysisFlag::symmetry",1024,0.001,92894
MUL,double,"AnalysisFlag::symmetry",1024,0.001,92159
MUL,double,"AnalysisFlag::symmetry",1024,0.001,92958
MUL,double,"AnalysisFlag::symmetry",1024,0.001,92434
MUL,double,"AnalysisFlag::symmetry",1024,0.001,95111
MUL,double,"AnalysisFlag::symmetry",1024,0.001,94630
MUL,double,"AnalysisFlag::symmetry",1024,0.001,95191
MUL,double,"AnalysisFlag::symmetry",2048,0.001,202486
MUL,double,"AnalysisFlag::symmetry",2048,0.001,202847
MUL,double,"AnalysisFlag::symmetry",2048,0.001,205943
MUL,double,"AnalysisFlag::symmetry",2048,0.001,207068
MUL,double,"AnalysisFlag::symmetry",2048,0.001,200219
MUL,double,"AnalysisFlag::symmetry",2048,0.001,194438
MUL,double,"AnalysisFlag::symmetry",2048,0.001,195464
MUL,double,"AnalysisFlag::symmetry",2048,0.001,196372
MUL,double,"AnalysisFlag::symmetry",2048,0.001,194796
MUL,double,"AnalysisFlag::symmetry",2048,0.001,200835
MUL,double,"AnalysisFlag::symmetry",4096,0.001,433783
MUL,double,"AnalysisFlag::symmetry",4096,0.001,479357
MUL,double,"AnalysisFlag::symmetry",4096,0.001,475874
MUL,double,"AnalysisFlag::symmetry",4096,0.001,461086
MUL,double,"AnalysisFlag::symmetry",4096,0.001,457970
MUL,double,"AnalysisFlag::symmetry",4096,0.001,462662
MUL,double,"AnalysisFlag::symmetry",4096,0.001,460503
MUL,double,"AnalysisFlag::symmetry",4096,0.001,464149
MUL,double,"AnalysisFlag::symmetry",4096,0.001,460619
MUL,double,"AnalysisFlag::symmetry",4096,0.001,460793
MUL,int64_t,"AnalysisFlag::symmetry",1024,0.001,87419
MUL,int64_t,"AnalysisFlag::symmetry",1024,0.001,86617
MUL,int64_t,"AnalysisFlag::symmetry",1024,0.001,87088
MUL,int64_t,"AnalysisFlag::symmetry",1024,0.001,86340
MUL,int64_t,"AnalysisFlag::symmetry",1024,0.001,86654
MUL,int64_t,"AnalysisFlag::symmetry",1024,0.001,86557
MUL,int64_t,"AnalysisFlag::symmetry",1024,0.001,85985
MUL,int64_t,"AnalysisFlag::symmetry",1024,0.001,85601
MUL,int64_t,"AnalysisFlag::symmetry",1024,0.001,85871
MUL,int64_t,"AnalysisFlag::symmetry",1024,0.001,86176
MUL,int64_t,"AnalysisFlag::symmetry",2048,0.001,179503
MUL,int64_t,"AnalysisFlag::symmetry",2048,0.001,195142
MUL,int64_t,"AnalysisFlag::symmetry",2048,0.001,188708
MUL,int64_t,"AnalysisFlag::symmetry",2048,0.001,188409
MUL,int64_t,"AnalysisFlag::symmetry",2048,0.001,192738
MUL,int64_t,"AnalysisFlag::symmetry",2048,0.001,193120
MUL,int64_t,"AnalysisFlag::symmetry",2048,0.001,193228
MUL,int64_t,"AnalysisFlag::symmetry",2048,0.001,190778
MUL,int64_t,"AnalysisFlag::symmetry",2048,0.001,192804
MUL,int64_t,"AnalysisFlag::symmetry",2048,0.001,188872
MUL,int64_t,"AnalysisFlag::symmetry",4096,0.001,380200
MUL,int64_t,"AnalysisFlag::symmetry",4096,0.001,456345
MUL,int64_t,"AnalysisFlag::symmetry",4096,0.001,461850
MUL,int64_t,"AnalysisFlag::symmetry",4096,0.001,467331
MUL,int64_t,"AnalysisFlag::symmetry",4096,0.001,454901
MUL,int64_t,"AnalysisFlag::symmetry",4096,0.001,459607
MUL,int64_t,"AnalysisFlag::symmetry",4096,0.001,456550
MUL,int64_t,"AnalysisFlag::symmetry",4096,0.001,462999
MUL,int64_t,"AnalysisFlag::symmetry",4096,0.001,459456
MUL,int64_t,"AnalysisFlag::symmetry",4096,0.001,455048
MUL,double,"AnalysisFlag::symmetry",1024,0.01,106368
MUL,double,"AnalysisFlag::symmetry",1024,0.01,173456
MUL,double,"AnalysisFlag::symmetry",1024,0.01,174609
MUL,double,"AnalysisFlag::symmetry",1024,0.01,175602
MUL,double,"AnalysisFlag::symmetry",1024,0.01,174704
MUL,double,"AnalysisFlag::symmetry",1024,0.01,175654
MUL,double,"AnalysisFlag::symmetry",1024,0.01,174877
MUL,double,"AnalysisFlag::symmetry",1024,0.01,172690
MUL,double,"AnalysisFlag::symmetry",1024,0.01,176095
MUL,double,"AnalysisFlag::symmetry",1024,0.01,176664
MUL,double,"AnalysisFlag::symmetry",2048,0.01,250628
MUL,double,"AnalysisFlag::symmetry",2048,0.01,544648
MUL,double,"AnalysisFlag::symmetry",2048,0.01,543820
MUL,double,"AnalysisFlag::symmetry",2048,0.01,544207
MUL,double,"AnalysisFlag::symmetry",2048,0.01,546378
MUL,double,"AnalysisFlag::symmetry",2048,0.01,545758
MUL,double,"AnalysisFlag::symmetry",2048,0.01,547039
MUL,double,"AnalysisFlag::symmetry",2048,0.01,546273
MUL,double,"AnalysisFlag::symmetry",2048,0.01,546620
MUL,double,"AnalysisFlag::symmetry",2048,0.01,545541
MUL,double,"AnalysisFlag::symmetry",4096,0.01,680241
MUL,double,"AnalysisFlag::symmetry",4096,0.01,1.88373e+06
MUL,double,"AnalysisFlag::symmetry",4096,0.01,1.85861e+06
MUL,double,"AnalysisFlag::symmetry",4096,0.01,1.89917e+06
MUL,double,"AnalysisFlag::symmetry",4096,0.01,1.87534e+06
MUL,double,"AnalysisFlag::symmetry",4096,0.01,1.89484e+06
MUL,double,"AnalysisFlag::symmetry",4096,0.01,1.89979e+06
MUL,double,"AnalysisFlag::symmetry",4096,0.01,1.9059e+06
MUL,double,"AnalysisFlag::symmetry",4096,0.01,1.9201e+06
MUL,double,"AnalysisFlag::symmetry",4096,0.01,1.91514e+06
MUL,int64_t,"AnalysisFlag::symmetry",1024,0.01,110230
MUL,int64_t,"AnalysisFlag::symmetry",1024,0.01,170760
MUL,int64_t,"AnalysisFlag::symmetry",1024,0.01,170994
MUL,int64_t,"AnalysisFlag::symmetry",1024,0.01,175163
MUL,int64_t,"AnalysisFlag::symmetry",1024,0.01,172411
MUL,int64_t,"AnalysisFlag::symmetry",1024,0.01,175402
MUL,int64_t,"AnalysisFlag::symmetry",1024,0.01,171969
MUL,int64_t,"AnalysisFlag::symmetry",1024,0.01,175031
MUL,int64_t,"AnalysisFlag::symmetry",1024,0.01,174827
MUL,int64_t,"AnalysisFlag::symmetry",1024,0.01,173155
MUL,int64_t,"AnalysisFlag::symmetry",2048,0.01,252220
MUL,int64_t,"AnalysisFlag::symmetry",2048,0.01,538302
MUL,int64_t,"AnalysisFlag::symmetry",2048,0.01,533103
MUL,int64_t,"AnalysisFlag::symmetry",2048,0.01,536022
MUL,int64_t,"AnalysisFlag::symmetry",2048,0.01,540430
MUL,int64_t,"AnalysisFlag::symmetry",2048,0.01,535555
MUL,int64_t,"AnalysisFlag::symmetry",2048,0.01,529629
MUL,int64_t,"AnalysisFlag::symmetry",2048,0.01,544422
MUL,int64_t,"AnalysisFlag::symmetry",2048,0.01,542317
MUL,int64_t,"AnalysisFlag::symmetry",2048,0.01,530643
MUL,int64_t,"AnalysisFlag::symmetry",4096,0.01,695444
MUL,int64_t,"AnalysisFlag::symmetry",4096,0.01,1.90866e+06
MUL,int64_t,"AnalysisFlag::symmetry",4096,0.01,1.85535e+06
MUL,int64_t,"AnalysisFlag::symmetry",4096,0.01,1.8867e+06
MUL,int64_t,"AnalysisFlag::symmetry",4096,0.01,1.89018e+06
MUL,int64_t,"AnalysisFlag::symmetry",4096,0.01,1.84853e+06
MUL,int64_t,"AnalysisFlag::symmetry",4096,0.01,1.91104e+06
MUL,int64_t,"AnalysisFlag::symmetry",4096,0.01,1.86022e+06
MUL,int64_t,"AnalysisFlag::symmetry",4096,0.01,1.82265e+06
MUL,int64_t,"AnalysisFlag::symmetry",4096,0.01,1.88177e+06
MUL,double,"AnalysisFlag::symmetry",1024,0.05,181337
MUL,double,"AnalysisFlag::symmetry",1024,0.05,601558
MUL,double,"AnalysisFlag::symmetry",1024,0.05,600832
MUL,double,"AnalysisFlag::symmetry",1024,0.05,569522
MUL,double,"AnalysisFlag::symmetry",1024,0.05,593749
MUL,double,"AnalysisFlag::symmetry",1024,0.05,573377
MUL,double,"AnalysisFlag::symmetry",1024,0.05,569353
MUL,double,"AnalysisFlag::symmetry",1024,0.05,568953
MUL,double,"AnalysisFlag::symmetry",1024,0.05,567561
MUL,double,"AnalysisFlag::symmetry",1024,0.05,570772
MUL,double,"AnalysisFlag::symmetry",2048,0.05,534162
MUL,double,"AnalysisFlag::symmetry",2048,0.05,2.12947e+06
MUL,double,"AnalysisFlag::symmetry",2048,0.05,2.14224e+06
MUL,double,"AnalysisFlag::symmetry",2048,0.05,2.12115e+06
MUL,double,"AnalysisFlag::symmetry",2048,0.05,2.14564e+06
MUL,double,"AnalysisFlag::symmetry",2048,0.05,2.18575e+06
MUL,double,"AnalysisFlag::symmetry",2048,0.05,2.12977e+06
MUL,double,"AnalysisFlag::symmetry",2048,0.05,2.10449e+06
MUL,double,"AnalysisFlag::symmetry",2048,0.05,2.14453e+06
MUL,double,"AnalysisFlag::symmetry",2048,0.05,2.11587e+06
MUL,double,"AnalysisFlag::symmetry",4096,0.05,4.82854e+06
MUL,double,"AnalysisFlag::symmetry",4096,0.05,8.35914e+06
MUL,double,"AnalysisFlag::symmetry",4096,0.05,8.37165e+06
MUL,double,"AnalysisFlag::symmetry",4096,0.05,8.38941e+06
MUL,double,"AnalysisFlag::symmetry",4096,0.05,8.35185e+06
MUL,double,"AnalysisFlag::symmetry",4096,0.05,8.344e+06
MUL,double,"AnalysisFlag::symmetry",4096,0.05,8.34394e+06
MUL,double,"AnalysisFlag::symmetry",4096,0.05,8.33223e+06
MUL,double,"AnalysisFlag::symmetry",4096,0.05,8.45412e+06
MUL,double,"AnalysisFlag::symmetry",4096,0.05,8.33508e+06
MUL,int64_t,"AnalysisFlag::symmetry",1024,0.05,207000
MUL,int64_t,"AnalysisFlag::symmetry",1024,0.05,589537
MUL,int64_t,"AnalysisFlag::symmetry",1024,0.05,562791
MUL,int64_t,"AnalysisFlag::symmetry",1024,0.05,584114
MUL,int64_t,"AnalysisFlag::symmetry",1024,0.05,554371
MUL,int64_t,"AnalysisFlag::symmetry",1024,0.05,564017
MUL,int64_t,"AnalysisFlag::symmetry",1024,0.05,566472
MUL,int64_t,"AnalysisFlag::symmetry",1024,0.05,588730
MUL,int64_t,"AnalysisFlag::symmetry",1024,0.05,553699
MUL,int64_t,"AnalysisFlag::symmetry",1024,0.05,590820
MUL,int64_t,"AnalysisFlag::symmetry",2048,0.05,587804
MUL,int64_t,"AnalysisFlag::symmetry",2048,0.05,2.09721e+06
MUL,int64_t,"AnalysisFlag::symmetry",2048,0.05,2.12552e+06
MUL,int64_t,"AnalysisFlag::symmetry",2048,0.05,2.07877e+06
MUL,int64_t,"AnalysisFlag::symmetry",2048,0.05,2.10162e+06
MUL,int64_t,"AnalysisFlag::symmetry",2048,0.05,2.12152e+06
MUL,int64_t,"AnalysisFlag::symmetry",2048,0.05,2.10812e+06
MUL,int64_t,"AnalysisFlag::symmetry",2048,0.05,2.12481e+06
MUL,int64_t,"AnalysisFlag::symmetry",2048,0.05,2.14725e+06
MUL,int64_t,"AnalysisFlag::symmetry",2048,0.05,2.10019e+06
MUL,int64_t,"AnalysisFlag::symmetry",4096,0.05,1.95313e+06
MUL,int64_t,"AnalysisFlag::symmetry",4096,0.05,8.22835e+06
MUL,int64_t,"AnalysisFlag::symmetry",4096,0.05,8.19549e+06
MUL,int64_t,"AnalysisFlag::symmetry",4096,0.05,8.21142e+06
MUL,int64_t,"AnalysisFlag::symmetry",4096,0.05,8.19203e+06
MUL,int64_t,"AnalysisFlag::symmetry",4096,0.05,8.29159e+06
MUL,int64_t,"AnalysisFlag::symmetry",4096,0.05,8.2326e+06
MUL,int64_t,"AnalysisFlag::symmetry",4096,0.05,8.24961e+06
MUL,int64_t,"AnalysisFlag::symmetry",4096,0.05,8.24678e+06
MUL,int64_t,"AnalysisFlag::symmetry",4096,0.05,8.20632e+06
MUL,double,"AnalysisFlag::symmetry",1024,0.1,265250
MUL,double,"AnalysisFlag::symmetry",1024,0.1,1.08332e+06
MUL,double,"AnalysisFlag::symmetry",1024,0.1,1.09356e+06
MUL,double,"AnalysisFlag::symmetry",1024,0.1,1.09698e+06
MUL,double,"AnalysisFlag::symmetry",1024,0.1,1.08732e+06
MUL,double,"AnalysisFlag::symmetry",1024,0.1,1.10447e+06
MUL,double,"AnalysisFlag::symmetry",1024,0.1,1.09251e+06
MUL,double,"AnalysisFlag::symmetry",1024,0.1,1.06392e+06
MUL,double,"AnalysisFlag::symmetry",1024,0.1,1.06071e+06
MUL,double,"AnalysisFlag::symmetry",1024,0.1,1.06848e+06
MUL,double,"AnalysisFlag::symmetry",2048,0.1,910588
MUL,double,"AnalysisFlag::symmetry",2048,0.1,4.11051e+06
MUL,double,"AnalysisFlag::symmetry",2048,0.1,4.13285e+06
MUL,double,"AnalysisFlag::symmetry",2048,0.1,4.11435e+06
MUL,double,"AnalysisFlag::symmetry",2048,0.1,4.12111e+06
MUL,double,"AnalysisFlag::symmetry",2048,0.1,4.09326e+06
MUL,double,"AnalysisFlag::symmetry",2048,0.1,4.09059e+06
MUL,double,"AnalysisFlag::symmetry",2048,0.1,4.12882e+06
MUL,double,"AnalysisFlag::symmetry",2048,0.1,4.11189e+06
MUL,double,"AnalysisFlag::symmetry",2048,0.1,4.11847e+06
MUL,double,"AnalysisFlag::symmetry",4096,0.1,1.02734e+07
MUL,double,"AnalysisFlag::symmetry",4096,0.1,1.758e+07
MUL,double,"AnalysisFlag::symmetry",4096,0.1,1.71805e+07
MUL,double,"AnalysisFlag::symmetry",4096,0.1,1.72504e+07
MUL,double,"AnalysisFlag::symmetry",4096,0.1,1.72164e+07
MUL,double,"AnalysisFlag::symmetry",4096,0.1,1.71763e+07
MUL,double,"AnalysisFlag::symmetry",4096,0.1,1.7241e+07
MUL,double,"AnalysisFlag::symmetry",4096,0.1,1.72419e+07
MUL,double,"AnalysisFlag::symmetry",4096,0.1,1.71825e+07
MUL,double,"AnalysisFlag::symmetry",4096,0.1,1.72361e+07
MUL,int64_t,"AnalysisFlag::symmetry",1024,0.1,647771
MUL,int64_t,"AnalysisFlag::symmetry",1024,0.1,1.06839e+06
MUL,int64_t,"AnalysisFlag::symmetry",1024,0.1,1.09414e+06
MUL,int64_t,"AnalysisFlag::symmetry",1024,0.1,1.04959e+06
MUL,int64_t,"AnalysisFlag::symmetry",1024,0.1,1.03349e+06
MUL,int64_t,"AnalysisFlag::symmetry",1024,0.1,1.07616e+06
MUL,int64_t,"AnalysisFlag::symmetry",1024,0.1,1.06169e+06
MUL,int64_t,"AnalysisFlag::symmetry",1024,0.1,1.06105e+06
MUL,int64_t,"AnalysisFlag::symmetry",1024,0.1,1.05016e+06
MUL,int64_t,"AnalysisFlag::symmetry",1024,0.1,1.03573e+06
MUL,int64_t,"AnalysisFlag::symmetry",2048,0.1,2.44112e+06
MUL,int64_t,"AnalysisFlag::symmetry",2048,0.1,4.06346e+06
MUL,int64_t,"AnalysisFlag::symmetry",2048,0.1,4.09554e+06
MUL,int64_t,"AnalysisFlag::symmetry",2048,0.1,4.053e+06
MUL,int64_t,"AnalysisFlag::symmetry",2048,0.1,4.07717e+06
MUL,int64_t,"AnalysisFlag::symmetry",2048,0.1,4.1047e+06
MUL,int64_t,"AnalysisFlag::symmetry",2048,0.1,4.07382e+06
MUL,int64_t,"AnalysisFlag::symmetry",2048,0.1,4.02087e+06
MUL,int64_t,"AnalysisFlag::symmetry",2048,0.1,4.09749e+06
MUL,int64_t,"AnalysisFlag::symmetry",2048,0.1,4.07594e+06
MUL,int64_t,"AnalysisFlag::symmetry",4096,0.1,1.0102e+07
MUL,int64_t,"AnalysisFlag::symmetry",4096,0.1,1.68924e+07
MUL,int64_t,"AnalysisFlag::symmetry",4096,0.1,1.68775e+07
MUL,int64_t,"AnalysisFlag::symmetry",4096,0.1,1.69081e+07
MUL,int64_t,"AnalysisFlag::symmetry",4096,0.1,1.68257e+07
MUL,int64_t,"AnalysisFlag::symmetry",4096,0.1,1.68529e+07
MUL,int64_t,"AnalysisFlag::symmetry",4096,0.1,1.68721e+07
MUL,int64_t,"AnalysisFlag::symmetry",4096,0.1,1.69478e+07
MUL,int64_t,"AnalysisFlag::symmetry",4096,0.1,1.69661e+07
MUL,int64_t,"AnalysisFlag::symmetry",4096,0.1,1.68022e+07
MUL,double,"AnalysisFlag::symmetry",1024,0.2,1.20789e+06
MUL,double,"AnalysisFlag::symmetry",1024,0.2,2.06522e+06
MUL,double,"AnalysisFlag::symmetry",1024,0.2,2.06632e+06
MUL,double,"AnalysisFlag::symmetry",1024,0.2,2.0864e+06
MUL,double,"AnalysisFlag::symmetry",1024,0.2,2.08215e+06
MUL,double,"AnalysisFlag::symmetry",1024,0.2,2.07331e+06
MUL,double,"AnalysisFlag::symmetry",1024,0.2,2.05421e+06
MUL,double,"AnalysisFlag::symmetry",1024,0.2,2.09294e+06
MUL,double,"AnalysisFlag::symmetry",1024,0.2,2.06264e+06
MUL,double,"AnalysisFlag::symmetry",1024,0.2,2.08352e+06
MUL,double,"AnalysisFlag::symmetry",2048,0.2,4.63162e+06
MUL,double,"AnalysisFlag::symmetry",2048,0.2,8.20656e+06
MUL,double,"AnalysisFlag::symmetry",2048,0.2,8.14087e+06
MUL,double,"AnalysisFlag::symmetry",2048,0.2,8.10728e+06
MUL,double,"AnalysisFlag::symmetry",2048,0.2,8.14704e+06
MUL,double,"AnalysisFlag::symmetry",2048,0.2,8.10145e+06
MUL,double,"AnalysisFlag::symmetry",2048,0.2,8.13232e+06
MUL,double,"AnalysisFlag::symmetry",2048,0.2,8.11965e+06
MUL,double,"AnalysisFlag::symmetry",2048,0.2,8.14791e+06
MUL,double,"AnalysisFlag::symmetry",2048,0.2,8.13345e+06
MUL,double,"AnalysisFlag::symmetry",4096,0.2,1.95172e+07
MUL,double,"AnalysisFlag::symmetry",4096,0.2,3.53769e+07
MUL,double,"AnalysisFlag::symmetry",4096,0.2,3.54101e+07
MUL,double,"AnalysisFlag::symmetry",4096,0.2,3.56803e+07
MUL,double,"AnalysisFlag::symmetry",4096,0.2,3.54495e+07
MUL,double,"AnalysisFlag::symmetry",4096,0.2,3.56936e+07
MUL,double,"AnalysisFlag::symmetry",4096,0.2,3.59311e+07
MUL,double,"AnalysisFlag::symmetry",4096,0.2,3.52332e+07
MUL,double,"AnalysisFlag::symmetry",4096,0.2,3.60162e+07
MUL,double,"AnalysisFlag::symmetry",4096,0.2,3.60355e+07
MUL,int64_t,"AnalysisFlag::symmetry",1024,0.2,1.24367e+06
MUL,int64_t,"AnalysisFlag::symmetry",1024,0.2,2.04283e+06
MUL,int64_t,"AnalysisFlag::symmetry",1024,0.2,2.07072e+06
MUL,int64_t,"AnalysisFlag::symmetry",1024,0.2,2.04639e+06
MUL,int64_t,"AnalysisFlag::symmetry",1024,0.2,1.98941e+06
MUL,int64_t,"AnalysisFlag::symmetry",1024,0.2,2.02073e+06
MUL,int64_t,"AnalysisFlag::symmetry",1024,0.2,2.01692e+06
MUL,int64_t,"AnalysisFlag::symmetry",1024,0.2,2.07042e+06
MUL,int64_t,"AnalysisFlag::symmetry",1024,0.2,2.0279e+06
MUL,int64_t,"AnalysisFlag::symmetry",1024,0.2,2.05988e+06
MUL,int64_t,"AnalysisFlag::symmetry",2048,0.2,4.6659e+06
MUL,int64_t,"AnalysisFlag::symmetry",2048,0.2,7.98196e+06
MUL,int64_t,"AnalysisFlag::symmetry",2048,0.2,8.02408e+06
MUL,int64_t,"AnalysisFlag::symmetry",2048,0.2,8.06219e+06
MUL,int64_t,"AnalysisFlag::symmetry",2048,0.2,8.0297e+06
MUL,int64_t,"AnalysisFlag::symmetry",2048,0.2,8.008e+06
MUL,int64_t,"AnalysisFlag::symmetry",2048,0.2,7.95654e+06
MUL,int64_t,"AnalysisFlag::symmetry",2048,0.2,7.96755e+06
MUL,int64_t,"AnalysisFlag::symmetry",2048,0.2,7.95127e+06
MUL,int64_t,"AnalysisFlag::symmetry",2048,0.2,7.96005e+06
MUL,int64_t,"AnalysisFlag::symmetry",4096,0.2,1.98976e+07
MUL,int64_t,"AnalysisFlag::symmetry",4096,0.2,3.52405e+07
MUL,int64_t,"AnalysisFlag::symmetry",4096,0.2,3.49413e+07
MUL,int64_t,"AnalysisFlag::symmetry",4096,0.2,3.5588e+07
MUL,int64_t,"AnalysisFlag::symmetry",4096,0.2,3.50541e+07
MUL,int64_t,"AnalysisFlag::symmetry",4096,0.2,3.58183e+07
MUL,int64_t,"AnalysisFlag::symmetry",4096,0.2,3.5257e+07
MUL,int64_t,"AnalysisFlag::symmetry",4096,0.2,3.53116e+07
MUL,int64_t,"AnalysisFlag::symmetry",4096,0.2,3.49074e+07
MUL,int64_t,"AnalysisFlag::symmetry",4096,0.2,3.52583e+07
MUL,double,"AnalysisFlag::symmetry",1024,0.25,3.31971e+06
MUL,double,"AnalysisFlag::symmetry",1024,0.25,1.54678e+06
MUL,double,"AnalysisFlag::symmetry",1024,0.25,1.52925e+06
MUL,double,"AnalysisFlag::symmetry",1024,0.25,1.51782e+06
MUL,double,"AnalysisFlag::symmetry",1024,0.25,1.5238e+06
MUL,double,"AnalysisFlag::symmetry",1024,0.25,1.52709e+06
MUL,double,"AnalysisFlag::symmetry",1024,0.25,1.51667e+06
MUL,double,"AnalysisFlag::symmetry",1024,0.25,1.52419e+06
MUL,double,"AnalysisFlag::symmetry",1024,0.25,1.52844e+06
MUL,double,"AnalysisFlag::symmetry",1024,0.25,1.51775e+06
MUL,double,"AnalysisFlag::symmetry",2048,0.25,1.38272e+07
MUL,double,"AnalysisFlag::symmetry",2048,0.25,1.30679e+07
MUL,double,"AnalysisFlag::symmetry",2048,0.25,1.30425e+07
MUL,double,"AnalysisFlag::symmetry",2048,0.25,1.30089e+07
MUL,double,"AnalysisFlag::symmetry",2048,0.25,1.30517e+07
MUL,double,"AnalysisFlag::symmetry",2048,0.25,1.30465e+07
MUL,double,"AnalysisFlag::symmetry",2048,0.25,1.30249e+07
MUL,double,"AnalysisFlag::symmetry",2048,0.25,1.30511e+07
MUL,double,"AnalysisFlag::symmetry",2048,0.25,1.3263e+07
MUL,double,"AnalysisFlag::symmetry",2048,0.25,1.30377e+07
MUL,double,"AnalysisFlag::symmetry",4096,0.25,5.603e+07
MUL,double,"AnalysisFlag::symmetry",4096,0.25,5.28756e+07
MUL,double,"AnalysisFlag::symmetry",4096,0.25,5.18431e+07
MUL,double,"AnalysisFlag::symmetry",4096,0.25,5.314e+07
MUL,double,"AnalysisFlag::symmetry",4096,0.25,5.32504e+07
MUL,double,"AnalysisFlag::symmetry",4096,0.25,5.18467e+07
MUL,double,"AnalysisFlag::symmetry",4096,0.25,5.30211e+07
MUL,double,"AnalysisFlag::symmetry",4096,0.25,5.31407e+07
MUL,double,"AnalysisFlag::symmetry",4096,0.25,5.19667e+07
MUL,double,"AnalysisFlag::symmetry",4096,0.25,5.30719e+07
MUL,int64_t,"AnalysisFlag::symmetry",1024,0.25,1.45513e+06
MUL,int64_t,"AnalysisFlag::symmetry",1024,0.25,1.43885e+06
MUL,int64_t,"AnalysisFlag::symmetry",1024,0.25,1.43311e+06
MUL,int64_t,"AnalysisFlag::symmetry",1024,0.25,1.42153e+06
MUL,int64_t,"AnalysisFlag::symmetry",1024,0.25,1.42755e+06
MUL,int64_t,"AnalysisFlag::symmetry",1024,0.25,1.43168e+06
MUL,int64_t,"AnalysisFlag::symmetry",1024,0.25,1.41971e+06
MUL,int64_t,"AnalysisFlag::symmetry",1024,0.25,1.43083e+06
MUL,int64_t,"AnalysisFlag::symmetry",1024,0.25,1.43053e+06
MUL,int64_t,"AnalysisFlag::symmetry",1024,0.25,1.42137e+06
MUL,int64_t,"AnalysisFlag::symmetry",2048,0.25,1.30495e+07
MUL,int64_t,"AnalysisFlag::symmetry",2048,0.25,1.30804e+07
MUL,int64_t,"AnalysisFlag::symmetry",2048,0.25,1.30751e+07
MUL,int64_t,"AnalysisFlag::symmetry",2048,0.25,1.30583e+07
MUL,int64_t,"AnalysisFlag::symmetry",2048,0.25,1.30775e+07
MUL,int64_t,"AnalysisFlag::symmetry",2048,0.25,1.3079e+07
MUL,int64_t,"AnalysisFlag::symmetry",2048,0.25,1.30658e+07
MUL,int64_t,"AnalysisFlag::symmetry",2048,0.25,1.30756e+07
MUL,int64_t,"AnalysisFlag::symmetry",2048,0.25,1.30503e+07
MUL,int64_t,"AnalysisFlag::symmetry",2048,0.25,1.30692e+07
MUL,int64_t,"AnalysisFlag::symmetry",4096,0.25,5.62037e+07
MUL,int64_t,"AnalysisFlag::symmetry",4096,0.25,5.21702e+07
MUL,int64_t,"AnalysisFlag::symmetry",4096,0.25,5.31985e+07
MUL,int64_t,"AnalysisFlag::symmetry",4096,0.25,5.31471e+07
MUL,int64_t,"AnalysisFlag::symmetry",4096,0.25,5.1898e+07
MUL,int64_t,"AnalysisFlag::symmetry",4096,0.25,5.32575e+07
MUL,int64_t,"AnalysisFlag::symmetry",4096,0.25,5.27858e+07
MUL,int64_t,"AnalysisFlag::symmetry",4096,0.25,5.16767e+07
MUL,int64_t,"AnalysisFlag::symmetry",4096,0.25,5.32549e+07
MUL,int64_t,"AnalysisFlag::symmetry",4096,0.25,5.3439e+07
MUL,double,"AnalysisFlag::symmetry",1024,1,1.65248e+06
MUL,double,"AnalysisFlag::symmetry",1024,1,1.55049e+06
MUL,double,"AnalysisFlag::symmetry",1024,1,1.54432e+06
MUL,double,"AnalysisFlag::symmetry",1024,1,1.53713e+06
MUL,double,"AnalysisFlag::symmetry",1024,1,1.53137e+06
MUL,double,"AnalysisFlag::symmetry",1024,1,1.54203e+06
MUL,double,"AnalysisFlag::symmetry",1024,1,1.53653e+06
MUL,double,"AnalysisFlag::symmetry",1024,1,1.5394e+06
MUL,double,"AnalysisFlag::symmetry",1024,1,1.53585e+06
MUL,double,"AnalysisFlag::symmetry",1024,1,1.53667e+06
MUL,double,"AnalysisFlag::symmetry",2048,1,1.3027e+07
MUL,double,"AnalysisFlag::symmetry",2048,1,1.30189e+07
MUL,double,"AnalysisFlag::symmetry",2048,1,1.29771e+07
MUL,double,"AnalysisFlag::symmetry",2048,1,1.3021e+07
MUL,double,"AnalysisFlag::symmetry",2048,1,1.30036e+07
MUL,double,"AnalysisFlag::symmetry",2048,1,1.30112e+07
MUL,double,"AnalysisFlag::symmetry",2048,1,1.29745e+07
MUL,double,"AnalysisFlag::symmetry",2048,1,1.30006e+07
MUL,double,"AnalysisFlag::symmetry",2048,1,1.29929e+07
MUL,double,"AnalysisFlag::symmetry",2048,1,1.30094e+07
MUL,double,"AnalysisFlag::symmetry",4096,1,5.23744e+07
MUL,double,"AnalysisFlag::symmetry",4096,1,5.18933e+07
MUL,double,"AnalysisFlag::symmetry",4096,1,5.30345e+07
MUL,double,"AnalysisFlag::symmetry",4096,1,5.18737e+07
MUL,double,"AnalysisFlag::symmetry",4096,1,5.18495e+07
MUL,double,"AnalysisFlag::symmetry",4096,1,5.18709e+07
MUL,double,"AnalysisFlag::symmetry",4096,1,5.33174e+07
MUL,double,"AnalysisFlag::symmetry",4096,1,5.20949e+07
MUL,double,"AnalysisFlag::symmetry",4096,1,5.2132e+07
MUL,double,"AnalysisFlag::symmetry",4096,1,5.20942e+07
MUL,int64_t,"AnalysisFlag::symmetry",1024,1,1.5074e+06
MUL,int64_t,"AnalysisFlag::symmetry",1024,1,1.44056e+06
MUL,int64_t,"AnalysisFlag::symmetry",1024,1,1.43691e+06
MUL,int64_t,"AnalysisFlag::symmetry",1024,1,1.42936e+06
MUL,int64_t,"AnalysisFlag::symmetry",1024,1,1.42595e+06
MUL,int64_t,"AnalysisFlag::symmetry",1024,1,1.42366e+06
MUL,int64_t,"AnalysisFlag::symmetry",1024,1,1.42618e+06
MUL,int64_t,"AnalysisFlag::symmetry",1024,1,1.42408e+06
MUL,int64_t,"AnalysisFlag::symmetry",1024,1,1.42281e+06
MUL,int64_t,"AnalysisFlag::symmetry",1024,1,1.42878e+06
MUL,int64_t,"AnalysisFlag::symmetry",2048,1,1.30557e+07
MUL,int64_t,"AnalysisFlag::symmetry",2048,1,1.30379e+07
MUL,int64_t,"AnalysisFlag::symmetry",2048,1,1.30147e+07
MUL,int64_t,"AnalysisFlag::symmetry",2048,1,1.3034e+07
MUL,int64_t,"AnalysisFlag::symmetry",2048,1,1.30134e+07
MUL,int64_t,"AnalysisFlag::symmetry",2048,1,1.30162e+07
MUL,int64_t,"AnalysisFlag::symmetry",2048,1,1.30306e+07
MUL,int64_t,"AnalysisFlag::symmetry",2048,1,1.30341e+07
MUL,int64_t,"AnalysisFlag::symmetry",2048,1,1.30539e+07
MUL,int64_t,"AnalysisFlag::symmetry",2048,1,1.30175e+07
MUL,int64_t,"AnalysisFlag::symmetry",4096,1,5.32682e+07
MUL,int64_t,"AnalysisFlag::symmetry",4096,1,5.31108e+07
MUL,int64_t,"AnalysisFlag::symmetry",4096,1,5.21298e+07
MUL,int64_t,"AnalysisFlag::symmetry",4096,1,5.20736e+07
MUL,int64_t,"AnalysisFlag::symmetry",4096,1,5.21134e+07
MUL,int64_t,"AnalysisFlag::symmetry",4096,1,5.35884e+07
MUL,int64_t,"AnalysisFlag::symmetry",4096,1,5.20933e+07
MUL,int64_t,"AnalysisFlag::symmetry",4096,1,5.17852e+07
MUL,int64_t,"AnalysisFlag::symmetry",4096,1,5.16817e+07
MUL,int64_t,"AnalysisFlag::symmetry",4096,1,5.17398e+07
ADD,double,"AnalysisFlag::min, AnalysisFlag::max, AnalysisFlag::mean, AnalysisFlag::sparsity, AnalysisFlag::symmetry, AnalysisFlag::numDistinctApprox",1024,0.001,206085
ADD,double,"AnalysisFlag::min, AnalysisFlag::max, AnalysisFlag::mean, AnalysisFlag::sparsity, AnalysisFlag::symmetry, AnalysisFlag::numDistinctApprox",1024,0.001,280214
ADD,double,"AnalysisFlag::min, AnalysisFlag::max, AnalysisFlag::mean, AnalysisFlag::sparsity, AnalysisFlag::symmetry, AnalysisFlag::numDistinctApprox",1024,0.001,282637
ADD,double,"AnalysisFlag::min, AnalysisFlag::max, AnalysisFlag::mean, AnalysisFlag::sparsity, AnalysisFlag::symmetry, AnalysisFlag::numDistinctApprox",1024,0.001,282992
ADD,double,"AnalysisFlag::min, AnalysisFlag::max, AnalysisFlag::mean, AnalysisFlag::sparsity, AnalysisFlag::symmetry, AnalysisFlag::numDistinctApprox",1024,0.001,277675
ADD,double,"AnalysisFlag::min, AnalysisFlag::max, AnalysisFlag::mean, AnalysisFlag::sparsity, AnalysisFlag::symmetry, AnalysisFlag::numDistinctApprox",1024,0.001,282188
ADD,double,"AnalysisFlag::min, AnalysisFlag::max, AnalysisFlag::mean, AnalysisFlag::sparsity, AnalysisFlag::symmetry, AnalysisFlag::numDistinctApprox",1024,0.001,275140
ADD,double,"AnalysisFlag::min, AnalysisFlag::max, AnalysisFlag::mean, AnalysisFlag::sparsity, AnalysisFlag::symmetry, AnalysisFlag::numDistinctApprox",1024,0.001,267610
ADD,double,"AnalysisFlag::min, AnalysisFlag::max, AnalysisFlag::mean, AnalysisFlag::sparsity, AnalysisFlag::symmetry, AnalysisFlag::numDistinctApprox",1024,0.001,274016
ADD,double,"AnalysisFlag::min, AnalysisFlag::max, AnalysisFlag::mean, AnalysisFlag::sparsity, AnalysisFlag::symmetry, AnalysisFlag::numDistinctApprox",1024,0.001,270167
ADD,double,"AnalysisFlag::min, AnalysisFlag::max, AnalysisFlag::mean, AnalysisFlag::sparsity, AnalysisFlag::symmetry, AnalysisFlag::numDistinctApprox",2048,0.001,461181
ADD,double,"AnalysisFlag::min, AnalysisFlag::max, AnalysisFlag::mean, AnalysisFlag::sparsity, AnalysisFlag::symmetry, AnalysisFlag::numDistinctApprox",2048,0.001,585509
ADD,double,"AnalysisFlag::min, AnalysisFlag::max, AnalysisFlag::mean, AnalysisFlag::sparsity, AnalysisFlag::symmetry, AnalysisFlag::numDistinctApprox",2048,0.001,589980
ADD,double,"AnalysisFlag::min, AnalysisFlag::max, AnalysisFlag::mean, AnalysisFlag::sparsity, AnalysisFlag::symmetry, AnalysisFlag::numDistinctApprox",2048,0.001,581753
ADD,double,"AnalysisFlag::min, AnalysisFlag::max, AnalysisFlag::mean, AnalysisFlag::sparsity, AnalysisFlag::symmetry, AnalysisFlag::numDistinctApprox",2048,0.001,575225
ADD,double,"AnalysisFlag::min, AnalysisFlag::max, AnalysisFlag::mean, AnalysisFlag::sparsity, AnalysisFlag::symmetry, AnalysisFlag::numDistinctApprox",2048,0.001,569496
ADD,double,"AnalysisFlag::min, AnalysisFlag::max, AnalysisFlag::mean, AnalysisFlag::sparsity, AnalysisFlag::symmetry, AnalysisFlag::numDistinctApprox",2048,0.001,576484
ADD,double,"AnalysisFlag::min, AnalysisFlag::max, AnalysisFlag::mean, AnalysisFlag::sparsity, AnalysisFlag::symmetry, AnalysisFlag::numDistinctApprox",2048,0.001,567650
ADD,double,"AnalysisFlag::min, AnalysisFlag::max, AnalysisFlag::mean, AnalysisFlag::sparsity, AnalysisFlag::symmetry, AnalysisFlag::numDistinctApprox",2048,0.001,575203
ADD,double,"AnalysisFlag::min, AnalysisFlag::max, AnalysisFlag::mean, AnalysisFlag::sparsity, AnalysisFlag::symmetry, AnalysisFlag::numDistinctApprox",2048,0.001,549371
ADD,double,"AnalysisFlag::min, AnalysisFlag::max, AnalysisFlag::mean, AnalysisFlag::sparsity, AnalysisFlag::symmetry, AnalysisFlag::numDistinctApprox",4096,0.001,865957
ADD,double,"AnalysisFlag::min, AnalysisFlag::max, AnalysisFlag::mean, AnalysisFlag::sparsity, AnalysisFlag::symmetry, AnalysisFlag::numDistinctApprox",4096,0.001,1.18819e+06
ADD,double,"AnalysisFlag::min, AnalysisFlag::max, AnalysisFlag::mean, AnalysisFlag::sparsity, AnalysisFlag::symmetry, AnalysisFlag::numDistinctApprox",4096,0.001,1.16956e+06
ADD,double,"AnalysisFlag::min, AnalysisFlag::max, AnalysisFlag::mean, AnalysisFlag::sparsity, AnalysisFlag::symmetry, AnalysisFlag::numDistinctApprox",4096,0.001,1.17899e+06
ADD,double,"AnalysisFlag::min, AnalysisFlag::max, AnalysisFlag::mean, AnalysisFlag::sparsity, AnalysisFlag::symmetry, AnalysisFlag::numDistinctApprox",4096,0.001,1.16778e+06
ADD,double,"AnalysisFlag::min, AnalysisFlag::max, AnalysisFlag::mean, AnalysisFlag::sparsity, AnalysisFlag::symmetry, AnalysisFlag::numDistinctApprox",4096,0.001,1.17583e+06
ADD,double,"AnalysisFlag::min, AnalysisFlag::max, AnalysisFlag::mean, AnalysisFlag::sparsity, AnalysisFlag::symmetry, AnalysisFlag::numDistinctApprox",4096,0.001,1.17705e+06
ADD,double,"AnalysisFlag::min, AnalysisFlag::max, AnalysisFlag::mean, AnalysisFlag::sparsity, AnalysisFlag::symmetry, AnalysisFlag::numDistinctApprox",4096,0.001,1.17637e+06
ADD,double,"AnalysisFlag::min, AnalysisFlag::max, AnalysisFlag::mean, AnalysisFlag::sparsity, AnalysisFlag::symmetry, AnalysisFlag::numDistinctApprox",4096,0.001,1.18721e+06
ADD,double,"AnalysisFlag::min, AnalysisFlag::max, AnalysisFlag::mean, AnalysisFlag::sparsity, AnalysisFlag::symmetry, AnalysisFlag::numDistinctApprox",4096,0.001,1.17613e+06
ADD,int64_t,"AnalysisFlag::min, AnalysisFlag::max, AnalysisFlag::mean, AnalysisFlag::sparsity, AnalysisFlag::symmetry, AnalysisFlag::numDistinctApprox",1024,0.001,142911
ADD,int64_t,"AnalysisFlag::min, AnalysisFlag::max, AnalysisFlag::mean, AnalysisFlag::sparsity, AnalysisFlag::symmetry, AnalysisFlag::numDistinctApprox",1024,0.001,185114
ADD,int64_t,"AnalysisFlag::min, AnalysisFlag::max, AnalysisFlag::mean, AnalysisFlag::sparsity, AnalysisFlag::symmetry, AnalysisFlag::numDistinctApprox",1024,0.001,184819
ADD,int64_t,"AnalysisFlag::min, AnalysisFlag::max, AnalysisFlag::mean, AnalysisFlag::sparsity, AnalysisFlag::symmetry, AnalysisFlag::numDistinctApprox",1024,0.001,182594
ADD,int64_t,"AnalysisFlag::min, AnalysisFlag::max, AnalysisFlag::mean, AnalysisFlag::sparsity, AnalysisFlag::symmetry, AnalysisFlag::numDistinctApprox",1024,0.001,187150
ADD,int64_t,"AnalysisFlag::min, AnalysisFlag::max, AnalysisFlag::mean, AnalysisFlag::sparsity, AnalysisFlag::symmetry, AnalysisFlag::numDistinctApprox",1024,0.001,183254
ADD,int64_t,"AnalysisFlag::min, AnalysisFlag::max, AnalysisFlag::mean, AnalysisFlag::sparsity, AnalysisFlag::symmetry, AnalysisFlag::numDistinctApprox",1024,0.001,183651
ADD,int64_t,"AnalysisFlag::min, AnalysisFlag::max, AnalysisFlag::mean, AnalysisFlag::sparsity, AnalysisFlag::symmetry, AnalysisFlag::numDistinctApprox",1024,0.001,185247
ADD,int64_t,"AnalysisFlag::min, AnalysisFlag::max, AnalysisFlag::mean, AnalysisFlag::sparsity, AnalysisFlag::symmetry, AnalysisFlag::numDistinctApprox",1024,0.001,180475
ADD,int64_t,"AnalysisFlag::min, AnalysisFlag::max, AnalysisFlag::mean, AnalysisFlag::sparsity, AnalysisFlag::symmetry, AnalysisFlag::numDistinctApprox",1024,0.001,181713
ADD,int64_t,"AnalysisFlag::min, AnalysisFlag::max, AnalysisFlag::mean, AnalysisFlag::sparsity, AnalysisFlag::symmetry, AnalysisFlag::numDistinctApprox",2048,0.001,349227
ADD,int64_t,"AnalysisFlag::min, AnalysisFlag::max, AnalysisFlag::mean, AnalysisFlag::sparsity, AnalysisFlag::symmetry, AnalysisFlag::numDistinctApprox",2048,0.001,532717
ADD,int64_t,"AnalysisFlag::min, AnalysisFlag::max, AnalysisFlag::mean, AnalysisFlag::sparsity, AnalysisFlag::symmetry, AnalysisFlag::numDistinctApprox",2048,0.001,544097
ADD,int64_t,"AnalysisFlag::min, AnalysisFlag::max, AnalysisFlag::mean, AnalysisFlag::sparsity, AnalysisFlag::symmetry, AnalysisFlag::numDistinctApprox",2048,0.001,542137
ADD,int64_t,"AnalysisFlag::min, AnalysisFlag::max, AnalysisFlag::mean, AnalysisFlag::sparsity, AnalysisFlag::symmetry, AnalysisFlag::numDistinctApprox",2048,0.001,527876
ADD,int64_t,"AnalysisFlag::min, AnalysisFlag::max, AnalysisFlag::mean, AnalysisFlag::sparsity, AnalysisFlag::symmetry, AnalysisFlag::numDistinctApprox",2048,0.001,532820
ADD,int64_t,"AnalysisFlag::min, AnalysisFlag::max, AnalysisFlag::mean, AnalysisFlag::sparsity, AnalysisFlag::symmetry, AnalysisFlag::numDistinctApprox",2048,0.001,523230
ADD,int64_t,"AnalysisFlag::min, AnalysisFlag::max, AnalysisFlag::mean, AnalysisFlag::sparsity, AnalysisFlag::symmetry, AnalysisFlag::numDistinctApprox",2048,0.001,541159
ADD,int64_t,"AnalysisFlag::min, AnalysisFlag::max, AnalysisFlag::mean, AnalysisFlag::sparsity, AnalysisFlag::symmetry, AnalysisFlag::numDistinctApprox",2048,0.001,527153
ADD,int64_t,"AnalysisFlag::min, AnalysisFlag::max, AnalysisFlag::mean, AnalysisFlag::sparsity, AnalysisFlag::symmetry, AnalysisFlag::numDistinctApprox",2048,0.001,526722
ADD,int64_t,"AnalysisFlag::min, AnalysisFlag::max, AnalysisFlag::mean, AnalysisFlag::sparsity, AnalysisFlag::symmetry, AnalysisFlag::numDistinctApprox",4096,0.001,972083
ADD,int64_t,"AnalysisFlag::min, AnalysisFlag::max, AnalysisFlag::mean, AnalysisFlag::sparsity, AnalysisFlag::symmetry, AnalysisFlag::numDistinctApprox",4096,0.001,1.71376e+06
ADD,int64_t,"AnalysisFlag::min, AnalysisFlag::max, AnalysisFlag::mean, AnalysisFlag::sparsity, AnalysisFlag::symmetry, AnalysisFlag::numDistinctApprox",4096,0.001,1.6893e+06
ADD,int64_t,"AnalysisFlag::min, AnalysisFlag::max, AnalysisFlag::mean, AnalysisFlag::sparsity, AnalysisFlag::symmetry, AnalysisFlag::numDistinctApprox",4096,0.001,1.69131e+06
ADD,int64_t,"AnalysisFlag::min, AnalysisFlag::max, AnalysisFlag::mean, AnalysisFlag::sparsity, AnalysisFlag::symmetry, AnalysisFlag::numDistinctApprox",4096,0.001,1.71278e+06
ADD,int64_t,"AnalysisFlag::min, AnalysisFlag::max, AnalysisFlag::mean, AnalysisFlag::sparsity, AnalysisFlag::symmetry, AnalysisFlag::numDistinctApprox",4096,0.001,1.68075e+06
ADD,int64_t,"AnalysisFlag::min, AnalysisFlag::max, AnalysisFlag::mean, AnalysisFlag::sparsity, AnalysisFlag::symmetry, AnalysisFlag::numDistinctApprox",4096,0.001,1.69448e+06
ADD,int64_t,"AnalysisFlag::min, AnalysisFlag::max, AnalysisFlag::mean, AnalysisFlag::sparsity, AnalysisFlag::symmetry, AnalysisFlag::numDistinctApprox",4096,0.001,1.72644e+06
ADD,int64_t,"AnalysisFlag::min, AnalysisFlag::max, AnalysisFlag::mean, AnalysisFlag::sparsity, AnalysisFlag::symmetry, AnalysisFlag::numDistinctApprox",4096,0.001,1.68104e+06
ADD,int64_t,"AnalysisFlag::min, AnalysisFlag::max, AnalysisFlag::mean, AnalysisFlag::sparsity, AnalysisFlag::symmetry, AnalysisFlag::numDistinctApprox",4096,0.001,1.72488e+06
ADD,double,"AnalysisFlag::min, AnalysisFlag::max, AnalysisFlag::mean, AnalysisFlag::sparsity, AnalysisFlag::symmetry, AnalysisFlag::numDistinctApprox",1024,0.01,487000
ADD,double,"AnalysisFlag::min, AnalysisFlag::max, AnalysisFlag::mean, AnalysisFlag::sparsity, AnalysisFlag::symmetry, AnalysisFlag::numDistinctApprox",1024,0.01,714790
ADD,double,"AnalysisFlag::min, AnalysisFlag::max, AnalysisFlag::mean, AnalysisFlag::sparsity, AnalysisFlag::symmetry, AnalysisFlag::numDistinctApprox",1024,0.01,725541
ADD,double,"AnalysisFlag::min, AnalysisFlag::max, AnalysisFlag::mean, AnalysisFlag::sparsity, AnalysisFlag::symmetry, AnalysisFlag::numDistinctApprox",1024,0.01,729619
ADD,double,"AnalysisFlag::min, AnalysisFlag::max, AnalysisFlag::mean, AnalysisFlag::sparsity, AnalysisFlag::symmetry, AnalysisFlag::numDistinctApprox",1024,0.01,720203
ADD,double,"AnalysisFlag::min, AnalysisFlag::max, AnalysisFlag::mean, AnalysisFlag::sparsity, AnalysisFlag::symmetry, AnalysisFlag::numDistinctApprox",1024,0.01,723655
ADD,double,"AnalysisFlag::min, AnalysisFlag::max, AnalysisFlag::mean, AnalysisFlag::sparsity, AnalysisFlag::symmetry, AnalysisFlag::numDistinctApprox",1024,0.01,720556
ADD,double,"AnalysisFlag::min, AnalysisFlag::max, AnalysisFlag::mean, AnalysisFlag::sparsity, AnalysisFlag::symmetry, AnalysisFlag::numDistinctApprox",1024,0.01,720853
ADD,double,"AnalysisFlag::min, AnalysisFlag::max, AnalysisFlag::mean, AnalysisFlag::sparsity, AnalysisFlag::symmetry, AnalysisFlag::numDistinctApprox",1024,0.01,721670
ADD,double,"AnalysisFlag::min, AnalysisFlag::max, AnalysisFlag::mean, AnalysisFlag::sparsity, AnalysisFlag::symmetry, AnalysisFlag::numDistinctApprox",1024,0.01,722121
ADD,double,"AnalysisFlag::min, AnalysisFlag::max, AnalysisFlag::mean, AnalysisFlag::sparsity, AnalysisFlag::symmetry, AnalysisFlag::numDistinctApprox",2048,0.01,963122
ADD,double,"AnalysisFlag::min, AnalysisFlag::max, AnalysisFlag::mean, AnalysisFlag::sparsity, AnalysisFlag::symmetry, AnalysisFlag::numDistinctApprox",2048,0.01,1.73226e+06
ADD,double,"AnalysisFlag::min, AnalysisFlag::max, AnalysisFlag::mean, AnalysisFlag::sparsity, AnalysisFlag::symmetry, AnalysisFlag::numDistinctApprox",2048,0.01,1.71971e+06
ADD,double,"AnalysisFlag::min, AnalysisFlag::max, AnalysisFlag::mean, AnalysisFlag::sparsity, AnalysisFlag::symmetry, AnalysisFlag::numDistinctApprox",2048,0.01,1.70547e+06
ADD,double,"AnalysisFlag::min, AnalysisFlag::max, AnalysisFlag::mean, AnalysisFlag::sparsity, AnalysisFlag::symmetry, AnalysisFlag::numDistinctApprox",2048,0.01,1.72147e+06
ADD,double,"AnalysisFlag::min, AnalysisFlag::max, AnalysisFlag::mean, AnalysisFlag::sparsity, AnalysisFlag::symmetry, AnalysisFlag::numDistinctApprox",2048,0.01,1.7229e+06
ADD,double,"AnalysisFlag::min, AnalysisFlag::max, AnalysisFlag::mean, AnalysisFlag::sparsity, AnalysisFlag::symmetry, AnalysisFlag::numDistinctApprox",2048,0.01,1.73109e+06
ADD,double,"AnalysisFlag::min, AnalysisFlag::max, AnalysisFlag::mean, AnalysisFlag::sparsity, AnalysisFlag::symmetry, AnalysisFlag::numDistinctApprox",2048,0.01,1.70751e+06
ADD,double,"AnalysisFlag::min, AnalysisFlag::max, AnalysisFlag::mean, AnalysisFlag::sparsity, AnalysisFlag::symmetry, AnalysisFlag::numDistinctApprox",2048,0.01,1.72023e+06
ADD,double,"AnalysisFlag::min, AnalysisFlag::max, AnalysisFlag::mean, AnalysisFlag::sparsity, AnalysisFlag::symmetry, AnalysisFlag::numDistinctApprox",2048,0.01,1.72836e+06
ADD,double,"AnalysisFlag::min, AnalysisFlag::max, AnalysisFlag::mean, AnalysisFlag::sparsity, AnalysisFlag::symmetry, AnalysisFlag::numDistinctApprox",4096,0.01,2.34259e+06
ADD,double,"AnalysisFlag::min, AnalysisFlag::max, AnalysisFlag::mean, AnalysisFlag::sparsity, AnalysisFlag::symmetry, AnalysisFlag::numDistinctApprox",4096,0.01,5.11149e+06
ADD,double,"AnalysisFlag::min, AnalysisFlag::max, AnalysisFlag::mean, AnalysisFlag::sparsity, AnalysisFlag::symmetry, AnalysisFlag::numDistinctApprox",4096,0.01,5.11381e+06
ADD,double,"AnalysisFlag::min, AnalysisFlag::max, AnalysisFlag::mean, AnalysisFlag::sparsity, AnalysisFlag::symmetry, AnalysisFlag::numDistinctApprox",4096,0.01,5.14948e+06
ADD,double,"AnalysisFlag::min, AnalysisFlag::max, AnalysisFlag::mean, AnalysisFlag::sparsity, AnalysisFlag::symmetry, AnalysisFlag::numDistinctApprox",4096,0.01,5.10766e+06
ADD,double,"AnalysisFlag::min, AnalysisFlag::max, AnalysisFlag::mean, AnalysisFlag::sparsity, AnalysisFlag::symmetry, AnalysisFlag::numDistinctApprox",4096,0.01,5.12317e+06
ADD,double,"AnalysisFlag::min, AnalysisFlag::max, AnalysisFlag::mean, AnalysisFlag::sparsity, AnalysisFlag::symmetry, AnalysisFlag::numDistinctApprox",4096,0.01,5.12661e+06
ADD,double,"AnalysisFlag::min, AnalysisFlag::max, AnalysisFlag::mean, AnalysisFlag::sparsity, AnalysisFlag::symmetry, AnalysisFlag::numDistinctApprox",4096,0.01,5.1128e+06
ADD,double,"AnalysisFlag::min, AnalysisFlag::max, AnalysisFlag::mean, AnalysisFlag::sparsity, AnalysisFlag::symmetry, AnalysisFlag::numDistinctApprox",4096,0.01,5.15262e+06
ADD,double,"AnalysisFlag::min, AnalysisFlag::max, AnalysisFlag::mean, AnalysisFlag::sparsity, AnalysisFlag::symmetry, AnalysisFlag::numDistinctApprox",4096,0.01,5.14696e+06
ADD,int64_t,"AnalysisFlag::min, AnalysisFlag::max, AnalysisFlag::mean, AnalysisFlag::sparsity, AnalysisFlag::symmetry, AnalysisFlag::numDistinctApprox",1024,0.01,509555
ADD,int64_t,"AnalysisFlag::min, AnalysisFlag::max, AnalysisFlag::mean, AnalysisFlag::sparsity, AnalysisFlag::symmetry, AnalysisFlag::numDistinctApprox",1024,0.01,962804
ADD,int64_t,"AnalysisFlag::min, AnalysisFlag::max, AnalysisFlag::mean, AnalysisFlag::sparsity, AnalysisFlag::symmetry, AnalysisFlag::numDistinctApprox",1024,0.01,959812
ADD,int64_t,"AnalysisFlag::min, AnalysisFlag::max, AnalysisFlag::mean, AnalysisFlag::sparsity, AnalysisFlag::symmetry, AnalysisFlag::numDistinctApprox",1024,0.01,963229
ADD,int64_t,"AnalysisFlag::min, AnalysisFlag::max, AnalysisFlag::mean, AnalysisFlag::sparsity, AnalysisFlag::symmetry, AnalysisFlag::numDistinctApprox",1024,0.01,975365
ADD,int64_t,"AnalysisFlag::min, AnalysisFlag::max, AnalysisFlag::mean, AnalysisFlag::sparsity, AnalysisFlag::symmetry, AnalysisFlag::numDistinctApprox",1024,0.01,932917
ADD,int64_t,"AnalysisFlag::min, AnalysisFlag::max, AnalysisFlag::mean, AnalysisFlag::sparsity, AnalysisFlag::symmetry, AnalysisFlag::numDistinctApprox",1024,0.01,970760
ADD,int64_t,"AnalysisFlag::min, AnalysisFlag::max, AnalysisFlag::mean, AnalysisFlag::sparsity, AnalysisFlag::symmetry, AnalysisFlag::numDistinctApprox",1024,0.01,975741
ADD,int64_t,"AnalysisFlag::min, AnalysisFlag::max, AnalysisFlag::mean, AnalysisFlag::sparsity, AnalysisFlag::symmetry, AnalysisFlag::numDistinctApprox",1024,0.01,979782
ADD,int64_t,"AnalysisFlag::min, AnalysisFlag::max, AnalysisFlag::mean, AnalysisFlag::sparsity, AnalysisFlag::symmetry, AnalysisFlag::numDistinctApprox",1024,0.01,927439
ADD,int64_t,"AnalysisFlag::min, AnalysisFlag::max, AnalysisFlag::mean, AnalysisFlag::sparsity, AnalysisFlag::symmetry, AnalysisFlag::numDistinctApprox",2048,0.01,1.77562e+06
ADD,int64_t,"AnalysisFlag::min, AnalysisFlag::max, AnalysisFlag::mean, AnalysisFlag::sparsity, AnalysisFlag::symmetry, AnalysisFlag::numDistinctApprox",2048,0.01,3.71548e+06
ADD,int64_t,"AnalysisFlag::min, AnalysisFlag::max, AnalysisFlag::mean, AnalysisFlag::sparsity, AnalysisFlag::symmetry, AnalysisFlag::numDistinctApprox",2048,0.01,3.79512e+06
ADD,int64_t,"AnalysisFlag::min, AnalysisFlag::max, AnalysisFlag::mean, AnalysisFlag::sparsity, AnalysisFlag::symmetry, AnalysisFlag::numDistinctApprox",2048,0.01,3.66415e+06
ADD,int64_t,"AnalysisFlag::min, AnalysisFlag::max, AnalysisFlag::mean, AnalysisFlag::sparsity, AnalysisFlag::symmetry, AnalysisFlag::numDistinctApprox",2048,0.01,3.73482e+06
ADD,int64_t,"AnalysisFlag::min, AnalysisFlag::max, AnalysisFlag::mean, AnalysisFlag::sparsity, AnalysisFlag::symmetry, AnalysisFlag::numDistinctApprox",2048,0.01,3.75039e+06
ADD,int64_t,"AnalysisFlag::min, AnalysisFlag::max, AnalysisFlag::mean, AnalysisFlag::sparsity, AnalysisFlag::symmetry, AnalysisFlag::numDistinctApprox",2048,0.01,3.68854e+06
ADD,int64_t,"AnalysisFlag::min, AnalysisFlag::max, AnalysisFlag::mean, AnalysisFlag::sparsity, AnalysisFlag::symmetry, AnalysisFlag::numDistinctApprox",2048,0.01,3.61285e+06
ADD,int64_t,"AnalysisFlag::min, AnalysisFlag::max, AnalysisFlag::mean, AnalysisFlag::sparsity, AnalysisFlag::symmetry, AnalysisFlag::numDistinctApprox",2048,0.01,3.62974e+06
ADD,int64_t,"AnalysisFlag::min, AnalysisFlag::max, AnalysisFlag::mean, AnalysisFlag::sparsity, AnalysisFlag::symmetry, AnalysisFlag::numDistinctApprox",2048,0.01,3.61746e+06
ADD,int64_t,"AnalysisFlag::min, AnalysisFlag::max, AnalysisFlag::mean, AnalysisFlag::sparsity, AnalysisFlag::symmetry, AnalysisFlag::numDistinctApprox",4096,0.01,6.80777e+06
ADD,int64_t,"AnalysisFlag::min, AnalysisFlag::max, AnalysisFlag::mean, AnalysisFlag::sparsity, AnalysisFlag::symmetry, AnalysisFlag::numDistinctApprox",4096,0.01,1.52773e+07
ADD,int64_t,"AnalysisFlag::min, AnalysisFlag::max, AnalysisFlag::mean, AnalysisFlag::sparsity, AnalysisFlag::symmetry, AnalysisFlag::numDistinctApprox",4096,0.01,1.49921e+07
ADD,int64_t,"AnalysisFlag::min, AnalysisFlag::max, AnalysisFlag::mean, AnalysisFlag::sparsity, AnalysisFlag::symmetry, AnalysisFlag::numDistinctApprox",4096,0.01,1.48723e+07
ADD,int64_t,"AnalysisFlag::min, AnalysisFlag::max, AnalysisFlag::mean, AnalysisFlag::sparsity, AnalysisFlag::symmetry, AnalysisFlag::numDistinctApprox",4096,0.01,1.5055e+07
ADD,int64_t,"AnalysisFlag::min, AnalysisFlag::max, AnalysisFlag::mean, AnalysisFlag::sparsity, AnalysisFlag::symmetry, AnalysisFlag::numDistinctApprox",4096,0.01,1.48507e+07
ADD,int64_t,"AnalysisFlag::min, AnalysisFlag::max, AnalysisFlag::mean, AnalysisFlag::sparsity, AnalysisFlag::symmetry, AnalysisFlag::numDistinctApprox",4096,0.01,1.49434e+07
ADD,int64_t,"AnalysisFlag::min, AnalysisFlag::max, AnalysisFlag::mean, AnalysisFlag::sparsity, AnalysisFlag::symmetry, AnalysisFlag::numDistinctApprox",4096,0.01,1.50117e+07
ADD,int64_t,"AnalysisFlag::min, AnalysisFlag::max, AnalysisFlag::mean, AnalysisFlag::sparsity, AnalysisFlag::symmetry, AnalysisFlag::numDistinctApprox",4096,0.01,1.50616e+07
ADD,int64_t,"AnalysisFlag::min, AnalysisFlag::max, AnalysisFlag::mean, AnalysisFlag::sparsity, AnalysisFlag::symmetry, AnalysisFlag::numDistinctApprox",4096,0.01,1.48767e+07
ADD,double,"AnalysisFlag::min, AnalysisFlag::max, AnalysisFlag::mean, AnalysisFlag::sparsity, AnalysisFlag::symmetry, AnalysisFlag::numDistinctApprox",1024,0.05,964832
ADD,double,"AnalysisFlag::min, AnalysisFlag::max, AnalysisFlag::mean, AnalysisFlag::sparsity, AnalysisFlag::symmetry, AnalysisFlag::numDistinctApprox",1024,0.05,1.95307e+06
ADD,double,"AnalysisFlag::min, AnalysisFlag::max, AnalysisFlag::mean, AnalysisFlag::sparsity, AnalysisFlag::symmetry, AnalysisFlag::numDistinctApprox",1024,0.05,1.9265e+06
ADD,double,"AnalysisFlag::min, AnalysisFlag::max, AnalysisFlag::mean, AnalysisFlag::sparsity, AnalysisFlag::symmetry, AnalysisFlag::numDistinctApprox",1024,0.05,1.89105e+06
ADD,double,"AnalysisFlag::min, AnalysisFlag::max, AnalysisFlag::mean, AnalysisFlag::sparsity, AnalysisFlag::symmetry, AnalysisFlag::numDistinctApprox",1024,0.05,1.93986e+06
ADD,double,"AnalysisFlag::min, AnalysisFlag::max, AnalysisFlag::mean, AnalysisFlag::sparsity, AnalysisFlag::symmetry, AnalysisFlag::numDistinctApprox",1024,0.05,1.89956e+06
ADD,double,"AnalysisFlag::min, AnalysisFlag::max, AnalysisFlag::mean, AnalysisFlag::sparsity, AnalysisFlag::symmetry, AnalysisFlag::numDistinctApprox",1024,0.05,1.89427e+06
ADD,double,"AnalysisFlag::min, AnalysisFlag::max, AnalysisFlag::mean, AnalysisFlag::sparsity, AnalysisFlag::symmetry, AnalysisFlag::numDistinctApprox",1024,0.05,1.91048e+06
ADD,double,"AnalysisFlag::min, AnalysisFlag::max, AnalysisFlag::mean, AnalysisFlag::sparsity, AnalysisFlag::symmetry, AnalysisFlag::numDistinctApprox",1024,0.05,1.90278e+06
ADD,double,"AnalysisFlag::min, AnalysisFlag::max, AnalysisFlag::mean, AnalysisFlag::sparsity, AnalysisFlag::symmetry, AnalysisFlag::numDistinctApprox",1024,0.05,1.89386e+06
ADD,double,"AnalysisFlag::min, AnalysisFlag::max, AnalysisFlag::mean, AnalysisFlag::sparsity, AnalysisFlag::symmetry, AnalysisFlag::numDistinctApprox",2048,0.05,2.4331e+06
ADD,double,"AnalysisFlag::min, AnalysisFlag::max, AnalysisFlag::mean, AnalysisFlag::sparsity, AnalysisFlag::symmetry, AnalysisFlag::numDistinctApprox",2048,0.05,5.94408e+06
ADD,double,"AnalysisFlag::min, AnalysisFlag::max, AnalysisFlag::mean, AnalysisFlag::sparsity, AnalysisFlag::symmetry, AnalysisFlag::numDistinctApprox",2048,0.05,5.95595e+06
ADD,double,"AnalysisFlag::min, AnalysisFlag::max, AnalysisFlag::mean, AnalysisFlag::sparsity, AnalysisFlag::symmetry, AnalysisFlag::numDistinctApprox",2048,0.05,5.98926e+06
ADD,double,"AnalysisFlag::min, AnalysisFlag::max, AnalysisFlag::mean, AnalysisFlag::sparsity, AnalysisFlag::symmetry, AnalysisFlag::numDistinctApprox",2048,0.05,5.95778e+06
ADD,double,"AnalysisFlag::min, AnalysisFlag::max, AnalysisFlag::mean, AnalysisFlag::sparsity, AnalysisFlag::symmetry, AnalysisFlag::numDistinctApprox",2048,0.05,5.95554e+06
ADD,double,"AnalysisFlag::min, AnalysisFlag::max, AnalysisFlag::mean, AnalysisFlag::sparsity, AnalysisFlag::symmetry, AnalysisFlag::numDistinctApprox",2048,0.05,5.97594e+06
ADD,double,"AnalysisFlag::min, AnalysisFlag::max, AnalysisFlag::mean, AnalysisFlag::sparsity, AnalysisFlag::symmetry, AnalysisFlag::numDistinctApprox",2048,0.05,5.99034e+06
ADD,double,"AnalysisFlag::min, AnalysisFlag::max, AnalysisFlag::mean, AnalysisFlag::sparsity, AnalysisFlag::symmetry, AnalysisFlag::numDistinctApprox",2048,0.05,5.9452e+06
ADD,double,"AnalysisFlag::min, AnalysisFlag::max, AnalysisFlag::mean, AnalysisFlag::sparsity, AnalysisFlag::symmetry, AnalysisFlag::numDistinctApprox",2048,0.05,5.95564e+06
ADD,double,"AnalysisFlag::min, AnalysisFlag::max, AnalysisFlag::mean, AnalysisFlag::sparsity, AnalysisFlag::symmetry, AnalysisFlag::numDistinctApprox",4096,0.05,1.11014e+07
ADD,double,"AnalysisFlag::min, AnalysisFlag::max, AnalysisFlag::mean, AnalysisFlag::sparsity, AnalysisFlag::symmetry, AnalysisFlag::numDistinctApprox",4096,0.05,2.33928e+07
ADD,double,"AnalysisFlag::min, AnalysisFlag::max, AnalysisFlag::mean, AnalysisFlag::sparsity, AnalysisFlag::symmetry, AnalysisFlag::numDistinctApprox",4096,0.05,2.15377e+07
ADD,double,"AnalysisFlag::min, AnalysisFlag::max, AnalysisFlag::mean, AnalysisFlag::sparsity, AnalysisFlag::symmetry, AnalysisFlag::numDistinctApprox",4096,0.05,2.15334e+07
ADD,double,"AnalysisFlag::min, AnalysisFlag::max, AnalysisFlag::mean, AnalysisFlag::sparsity, AnalysisFlag::symmetry, AnalysisFlag::numDistinctApprox",4096,0.05,2.15473e+07
ADD,double,"AnalysisFlag::min, AnalysisFlag::max, AnalysisFlag::mean, AnalysisFlag::sparsity, AnalysisFlag::symmetry, AnalysisFlag::numDistinctApprox",4096,0.05,2.15018e+07
ADD,double,"AnalysisFlag::min, AnalysisFlag::max, AnalysisFlag::mean, AnalysisFlag::sparsity, AnalysisFlag::symmetry, AnalysisFlag::numDistinctApprox",4096,0.05,2.14872e+07
ADD,double,"AnalysisFlag::min, AnalysisFlag::max, AnalysisFlag::mean, AnalysisFlag::sparsity, AnalysisFlag::symmetry, AnalysisFlag::numDistinctApprox",4096,0.05,2.16165e+07
ADD,double,"AnalysisFlag::min, AnalysisFlag::max, AnalysisFlag::mean, AnalysisFlag::sparsity, AnalysisFlag::symmetry, AnalysisFlag::numDistinctApprox",4096,0.05,2.15805e+07
ADD,double,"AnalysisFlag::min, AnalysisFlag::max, AnalysisFlag::mean, AnalysisFlag::sparsity, AnalysisFlag::symmetry, AnalysisFlag::numDistinctApprox",4096,0.05,2.14991e+07
ADD,int64_t,"AnalysisFlag::min, AnalysisFlag::max, AnalysisFlag::mean, AnalysisFlag::sparsity, AnalysisFlag::symmetry, AnalysisFlag::numDistinctApprox",1024,0.05,2.05018e+06
ADD,int64_t,"AnalysisFlag::min, AnalysisFlag::max, AnalysisFlag::mean, AnalysisFlag::sparsity, AnalysisFlag::symmetry, AnalysisFlag::numDistinctApprox",1024,0.05,5.0855e+06
ADD,int64_t,"AnalysisFlag::min, AnalysisFlag::max, AnalysisFlag::mean, AnalysisFlag::sparsity, AnalysisFlag::symmetry, AnalysisFlag::numDistinctApprox",1024,0.05,4.70944e+06
ADD,int64_t,"AnalysisFlag::min, AnalysisFlag::max, AnalysisFlag::mean, AnalysisFlag::sparsity, AnalysisFlag::symmetry, AnalysisFlag::numDistinctApprox",1024,0.05,4.66614e+06
ADD,int64_t,"AnalysisFlag::min, AnalysisFlag::max, AnalysisFlag::mean, AnalysisFlag::sparsity, AnalysisFlag::symmetry, AnalysisFlag::numDistinctApprox",1024,0.05,4.58738e+06
ADD,int64_t,"AnalysisFlag::min, AnalysisFlag::max, AnalysisFlag::mean, AnalysisFlag::sparsity, AnalysisFlag::symmetry, AnalysisFlag::numDistinctApprox",1024,0.05,4.6095e+06
ADD,int64_t,"AnalysisFlag::min, AnalysisFlag::max, AnalysisFlag::mean, AnalysisFlag::sparsity, AnalysisFlag::symmetry, AnalysisFlag::numDistinctApprox",1024,0.05,4.56389e+06
ADD,int64_t,"AnalysisFlag::min, AnalysisFlag::max, AnalysisFlag::mean, AnalysisFlag::sparsity, AnalysisFlag::symmetry, AnalysisFlag::numDistinctApprox",1024,0.05,4.64763e+06
ADD,int64_t,"AnalysisFlag::min, AnalysisFlag::max, AnalysisFlag::mean, AnalysisFlag::sparsity, AnalysisFlag::symmetry, AnalysisFlag::numDistinctApprox",1024,0.05,4.66612e+06
ADD,int64_t,"AnalysisFlag::min, AnalysisFlag::max, AnalysisFlag::mean, AnalysisFlag::sparsity, AnalysisFlag::symmetry, AnalysisFlag::numDistinctApprox",1024,0.05,4.62785e+06
ADD,int64_t,"AnalysisFlag::min, AnalysisFlag::max, AnalysisFlag::mean, AnalysisFlag::sparsity, AnalysisFlag::symmetry, AnalysisFlag::numDistinctApprox",2048,0.05,8.84057e+06
ADD,int64_t,"AnalysisFlag::min, AnalysisFlag::max, AnalysisFlag::mean, AnalysisFlag::sparsity, AnalysisFlag::symmetry, AnalysisFlag::numDistinctApprox",2048,0.05,1.92293e+07
ADD,int64_t,"AnalysisFlag::min, AnalysisFlag::max, AnalysisFlag::mean, AnalysisFlag::sparsity, AnalysisFlag::symmetry, AnalysisFlag::numDistinctApprox",2048,0.05,1.85353e+07
ADD,int64_t,"AnalysisFlag::min, AnalysisFlag::max, AnalysisFlag::mean, AnalysisFlag::sparsity, AnalysisFlag::symmetry, AnalysisFlag::numDistinctApprox",2048,0.05,1.83579e+07
ADD,int64_t,"AnalysisFlag::min, AnalysisFlag::max, AnalysisFlag::mean, AnalysisFlag::sparsity, AnalysisFlag::symmetry, AnalysisFlag::numDistinctApprox",2048,0.05,1.8271e+07
ADD,int64_t,"AnalysisFlag::min, AnalysisFlag::max, AnalysisFlag::mean, AnalysisFlag::sparsity, AnalysisFlag::symmetry, AnalysisFlag::numDistinctApprox",2048,0.05,1.82928e+07
ADD,int64_t,"AnalysisFlag::min, AnalysisFlag::max, AnalysisFlag::mean, AnalysisFlag::sparsity, AnalysisFlag::symmetry, AnalysisFlag::numDistinctApprox",2048,0.05,1.8739e+07
ADD,int64_t,"AnalysisFlag::min, AnalysisFlag::max, AnalysisFlag::mean, AnalysisFlag::sparsity, AnalysisFlag::symmetry, AnalysisFlag::numDistinctApprox",2048,0.05,1.84052e+07
ADD,int64_t,"AnalysisFlag::min, AnalysisFlag::max, AnalysisFlag::mean, AnalysisFlag::sparsity, AnalysisFlag::symmetry, AnalysisFlag::numDistinctApprox",2048,0.05,1.8662e+07
ADD,int64_t,"AnalysisFlag::min, AnalysisFlag::max, AnalysisFlag::mean, AnalysisFlag::sparsity, AnalysisFlag::symmetry, AnalysisFlag::numDistinctApprox",2048,0.05,1.85536e+07
ADD,int64_t,"AnalysisFlag::min, AnalysisFlag::max, AnalysisFlag::mean, AnalysisFlag::sparsity, AnalysisFlag::symmetry, AnalysisFlag::numDistinctApprox",4096,0.05,3.54155e+07
ADD,int64_t,"AnalysisFlag::min, AnalysisFlag::max, AnalysisFlag::mean, AnalysisFlag::sparsity, AnalysisFlag::symmetry, AnalysisFlag::numDistinctApprox",4096,0.05,7.73772e+07
ADD,int64_t,"AnalysisFlag::min, AnalysisFlag::max, AnalysisFlag::mean, AnalysisFlag::sparsity, AnalysisFlag::symmetry, AnalysisFlag::numDistinctApprox",4096,0.05,7.34655e+07
ADD,int64_t,"AnalysisFlag::min, AnalysisFlag::max, AnalysisFlag::mean, AnalysisFlag::sparsity, AnalysisFlag::symmetry, AnalysisFlag::numDistinctApprox",4096,0.05,7.42002e+07
ADD,int64_t,"AnalysisFlag::min, AnalysisFlag::max, AnalysisFlag::mean, AnalysisFlag::sparsity, AnalysisFlag::symmetry, AnalysisFlag::numDistinctApprox",4096,0.05,7.60462e+07
ADD,int64_t,"AnalysisFlag::min, AnalysisFlag::max, AnalysisFlag::mean, AnalysisFlag::sparsity, AnalysisFlag::symmetry, AnalysisFlag::numDistinctApprox",4096,0.05,7.51558e+07
ADD,int64_t,"AnalysisFlag::min, AnalysisFlag::max, AnalysisFlag::mean, AnalysisFlag::sparsity, AnalysisFlag::symmetry, AnalysisFlag::numDistinctApprox",4096,0.05,7.39987e+07
ADD,int64_t,"AnalysisFlag::min, AnalysisFlag::max, AnalysisFlag::mean, AnalysisFlag::sparsity, AnalysisFlag::symmetry, AnalysisFlag::numDistinctApprox",4096,0.05,7.56224e+07
ADD,int64_t,"AnalysisFlag::min, AnalysisFlag::max, AnalysisFlag::mean, AnalysisFlag::sparsity, AnalysisFlag::symmetry, AnalysisFlag::numDistinctApprox",4096,0.05,7.43643e+07
ADD,int64_t,"AnalysisFlag::min, AnalysisFlag::max, AnalysisFlag::mean, AnalysisFlag::sparsity, AnalysisFlag::symmetry, AnalysisFlag::numDistinctApprox",4096,0.05,7.58678e+07
ADD,double,"AnalysisFlag::min, AnalysisFlag::max, AnalysisFlag::mean, AnalysisFlag::sparsity, AnalysisFlag::symmetry, AnalysisFlag::numDistinctApprox",1024,0.1,4.15915e+06
ADD,double,"AnalysisFlag::min, AnalysisFlag::max, AnalysisFlag::mean, AnalysisFlag::sparsity, AnalysisFlag::symmetry, AnalysisFlag::numDistinctApprox",1024,0.1,3.21754e+06
ADD,double,"AnalysisFlag::min, AnalysisFlag::max, AnalysisFlag::mean, AnalysisFlag::sparsity, AnalysisFlag::symmetry, AnalysisFlag::numDistinctApprox",1024,0.1,3.24562e+06
ADD,double,"AnalysisFlag::min, AnalysisFlag::max, AnalysisFlag::mean, AnalysisFlag::sparsity, AnalysisFlag::symmetry, AnalysisFlag::numDistinctApprox",1024,0.1,3.20392e+06
ADD,double,"AnalysisFlag::min, AnalysisFlag::max, AnalysisFlag::mean, AnalysisFlag::sparsity, AnalysisFlag::symmetry, AnalysisFlag::numDistinctApprox",1024,0.1,3.23944e+06
ADD,double,"AnalysisFlag::min, AnalysisFlag::max, AnalysisFlag::mean, AnalysisFlag::sparsity, AnalysisFlag::symmetry, AnalysisFlag::numDistinctApprox",1024,0.1,3.24166e+06
ADD,double,"AnalysisFlag::min, AnalysisFlag::max, AnalysisFlag::mean, AnalysisFlag::sparsity, AnalysisFlag::symmetry, AnalysisFlag::numDistinctApprox",1024,0.1,3.23466e+06
ADD,double,"AnalysisFlag::min, AnalysisFlag::max, AnalysisFlag::mean, AnalysisFlag::sparsity, AnalysisFlag::symmetry, AnalysisFlag::numDistinctApprox",1024,0.1,3.2498e+06
ADD,double,"AnalysisFlag::min, AnalysisFlag::max, AnalysisFlag::mean, AnalysisFlag::sparsity, AnalysisFlag::symmetry, AnalysisFlag::numDistinctApprox",1024,0.1,3.20862e+06
ADD,double,"AnalysisFlag::min, AnalysisFlag::max, AnalysisFlag::mean, AnalysisFlag::sparsity, AnalysisFlag::symmetry, AnalysisFlag::numDistinctApprox",1024,0.1,3.25017e+06
ADD,double,"AnalysisFlag::min, AnalysisFlag::max, AnalysisFlag::mean, AnalysisFlag::sparsity, AnalysisFlag::symmetry, AnalysisFlag::numDistinctApprox",2048,0.1,5.94394e+06
ADD,double,"AnalysisFlag::min, AnalysisFlag::max, AnalysisFlag::mean, AnalysisFlag::sparsity, AnalysisFlag::symmetry, AnalysisFlag::numDistinctApprox",2048,0.1,1.24461e+07
ADD,double,"AnalysisFlag::min, AnalysisFlag::max, AnalysisFlag::mean, AnalysisFlag::sparsity, AnalysisFlag::symmetry, AnalysisFlag::numDistinctApprox",2048,0.1,1.09302e+07
ADD,double,"AnalysisFlag::min, AnalysisFlag::max, AnalysisFlag::mean, AnalysisFlag::sparsity, AnalysisFlag::symmetry, AnalysisFlag::numDistinctApprox",2048,0.1,1.10272e+07
ADD,double,"AnalysisFlag::min, AnalysisFlag::max, AnalysisFlag::mean, AnalysisFlag::sparsity, AnalysisFlag::symmetry, AnalysisFlag::numDistinctApprox",2048,0.1,1.09963e+07
ADD,double,"AnalysisFlag::min, AnalysisFlag::max, AnalysisFlag::mean, AnalysisFlag::sparsity, AnalysisFlag::symmetry, AnalysisFlag::numDistinctApprox",2048,0.1,1.09381e+07
ADD,double,"AnalysisFlag::min, AnalysisFlag::max, AnalysisFlag::mean, AnalysisFlag::sparsity, AnalysisFlag::symmetry, AnalysisFlag::numDistinctApprox",2048,0.1,1.09244e+07
ADD,double,"AnalysisFlag::min, AnalysisFlag::max, AnalysisFlag::mean, AnalysisFlag::sparsity, AnalysisFlag::symmetry, AnalysisFlag::numDistinctApprox",2048,0.1,1.10713e+07
ADD,double,"AnalysisFlag::min, AnalysisFlag::max, AnalysisFlag::mean, AnalysisFlag::sparsity, AnalysisFlag::symmetry, AnalysisFlag::numDistinctApprox",2048,0.1,1.09563e+07
ADD,double,"AnalysisFlag::min, AnalysisFlag::max, AnalysisFlag::mean, AnalysisFlag::sparsity, AnalysisFlag::symmetry, AnalysisFlag::numDistinctApprox",2048,0.1,1.09233e+07
ADD,double,"AnalysisFlag::min, AnalysisFlag::max, AnalysisFlag::mean, AnalysisFlag::sparsity, AnalysisFlag::symmetry, AnalysisFlag::numDistinctApprox",4096,0.1,2.10631e+07
ADD,double,"AnalysisFlag::min, AnalysisFlag::max, AnalysisFlag::mean, AnalysisFlag::sparsity, AnalysisFlag::symmetry, AnalysisFlag::numDistinctApprox",4096,0.1,4.70402e+07
ADD,double,"AnalysisFlag::min, AnalysisFlag::max, AnalysisFlag::mean, AnalysisFlag::sparsity, AnalysisFlag::symmetry, AnalysisFlag::numDistinctApprox",4096,0.1,4.13603e+07
ADD,double,"AnalysisFlag::min, AnalysisFlag::max, AnalysisFlag::mean, AnalysisFlag::sparsity, AnalysisFlag::symmetry, AnalysisFlag::numDistinctApprox",4096,0.1,4.1329e+07
ADD,double,"AnalysisFlag::min, AnalysisFlag::max, AnalysisFlag::mean, AnalysisFlag::sparsity, AnalysisFlag::symmetry, AnalysisFlag::numDistinctApprox",4096,0.1,4.13047e+07
ADD,double,"AnalysisFlag::min, AnalysisFlag::max, AnalysisFlag::mean, AnalysisFlag::sparsity, AnalysisFlag::symmetry, AnalysisFlag::numDistinctApprox",4096,0.1,4.13078e+07
ADD,double,"AnalysisFlag::min, AnalysisFlag::max, AnalysisFlag::mean, AnalysisFlag::sparsity, AnalysisFlag::symmetry, AnalysisFlag::numDistinctApprox",4096,0.1,4.12801e+07
ADD,double,"AnalysisFlag::min, AnalysisFlag::max, AnalysisFlag::mean, AnalysisFlag::sparsity, AnalysisFlag::symmetry, AnalysisFlag::numDistinctApprox",4096,0.1,4.15229e+07
ADD,double,"AnalysisFlag::min, AnalysisFlag::max, AnalysisFlag::mean, AnalysisFlag::sparsity, AnalysisFlag::symmetry, AnalysisFlag::numDistinctApprox",4096,0.1,4.13914e+07
ADD,double,"AnalysisFlag::min, AnalysisFlag::max, AnalysisFlag::mean, AnalysisFlag::sparsity, AnalysisFlag::symmetry, AnalysisFlag::numDistinctApprox",4096,0.1,4.13235e+07
ADD,int64_t,"AnalysisFlag::min, AnalysisFlag::max, AnalysisFlag::mean, AnalysisFlag::sparsity, AnalysisFlag::symmetry, AnalysisFlag::numDistinctApprox",1024,0.1,4.04682e+06
ADD,int64_t,"AnalysisFlag::min, AnalysisFlag::max, AnalysisFlag::mean, AnalysisFlag::sparsity, AnalysisFlag::symmetry, AnalysisFlag::numDistinctApprox",1024,0.1,9.95325e+06
ADD,int64_t,"AnalysisFlag::min, AnalysisFlag::max, AnalysisFlag::mean, AnalysisFlag::sparsity, AnalysisFlag::symmetry, AnalysisFlag::numDistinctApprox",1024,0.1,9.11512e+06
ADD,int64_t,"AnalysisFlag::min, AnalysisFlag::max, AnalysisFlag::mean, AnalysisFlag::sparsity, AnalysisFlag::symmetry, AnalysisFlag::numDistinctApprox",1024,0.1,9.18677e+06
ADD,int64_t,"AnalysisFlag::min, AnalysisFlag::max, AnalysisFlag::mean, AnalysisFlag::sparsity, AnalysisFlag::symmetry, AnalysisFlag::numDistinctApprox",1024,0.1,9.2251e+06
ADD,int64_t,"AnalysisFlag::min, AnalysisFlag::max, AnalysisFlag::mean, AnalysisFlag::sparsity, AnalysisFlag::symmetry, AnalysisFlag::numDistinctApprox",1024,0.1,8.94146e+06
ADD,int64_t,"AnalysisFlag::min, AnalysisFlag::max, AnalysisFlag::mean, AnalysisFlag::sparsity, AnalysisFlag::symmetry, AnalysisFlag::numDistinctApprox",1024,0.1,9.10248e+06
ADD,int64_t,"AnalysisFlag::min, AnalysisFlag::max, AnalysisFlag::mean, AnalysisFlag::sparsity, AnalysisFlag::symmetry, AnalysisFlag::numDistinctApprox",1024,0.1,9.19308e+06
ADD,int64_t,"AnalysisFlag::min, AnalysisFlag::max, AnalysisFlag::mean, AnalysisFlag::sparsity, AnalysisFlag::symmetry, AnalysisFlag::numDistinctApprox",1024,0.1,8.95136e+06
ADD,int64_t,"AnalysisFlag::min, AnalysisFlag::max, AnalysisFlag::mean, AnalysisFlag::sparsity, AnalysisFlag::symmetry, AnalysisFlag::numDistinctApprox",1024,0.1,9.29355e+06
ADD,int64_t,"AnalysisFlag::min, AnalysisFlag::max, AnalysisFlag::mean, AnalysisFlag::sparsity, AnalysisFlag::symmetry, AnalysisFlag::numDistinctApprox",2048,0.1,1.68357e+07
ADD,int64_t,"AnalysisFlag::min, AnalysisFlag::max, AnalysisFlag::mean, AnalysisFlag::sparsity, AnalysisFlag::symmetry, AnalysisFlag::numDistinctApprox",2048,0.1,3.80281e+07
ADD,int64_t,"AnalysisFlag::min, AnalysisFlag::max, AnalysisFlag::mean, AnalysisFlag::sparsity, AnalysisFlag::symmetry, AnalysisFlag::numDistinctApprox",2048,0.1,3.63754e+07
ADD,int64_t,"AnalysisFlag::min, AnalysisFlag::max, AnalysisFlag::mean, AnalysisFlag::sparsity, AnalysisFlag::symmetry, AnalysisFlag::numDistinctApprox",2048,0.1,3.6541e+07
ADD,int64_t,"AnalysisFlag::min, AnalysisFlag::max, AnalysisFlag::mean, AnalysisFlag::sparsity, AnalysisFlag::symmetry, AnalysisFlag::numDistinctApprox",2048,0.1,3.68973e+07
ADD,int64_t,"AnalysisFlag::min, AnalysisFlag::max, AnalysisFlag::mean, AnalysisFlag::sparsity, AnalysisFlag::symmetry, AnalysisFlag::numDistinctApprox",2048,0.1,3.73692e+07
ADD,int64_t,"AnalysisFlag::min, AnalysisFlag::max, AnalysisFlag::mean, AnalysisFlag::sparsity, AnalysisFlag::symmetry, AnalysisFlag::numDistinctApprox",2048,0.1,3.55421e+07
ADD,int64_t,"AnalysisFlag::min, AnalysisFlag::max, AnalysisFlag::mean, AnalysisFlag::sparsity, AnalysisFlag::symmetry, AnalysisFlag::numDistinctApprox",2048,0.1,3.66948e+07
ADD,int64_t,"AnalysisFlag::min, AnalysisFlag::max, AnalysisFlag::mean, AnalysisFlag::sparsity, AnalysisFlag::symmetry, AnalysisFlag::numDistinctApprox",2048,0.1,3.66702e+07
ADD,int64_t,"AnalysisFlag::min, AnalysisFlag::max, AnalysisFlag::mean, AnalysisFlag::sparsity, AnalysisFlag::symmetry, AnalysisFlag::numDistinctApprox",2048,0.1,3.63241e+07
ADD,int64_t,"AnalysisFlag::min, AnalysisFlag::max, AnalysisFlag::mean, AnalysisFlag::sparsity, AnalysisFlag::symmetry, AnalysisFlag::numDistinctApprox",4096,0.1,6.97857e+07
ADD,int64_t,"AnalysisFlag::min, AnalysisFlag::max, AnalysisFlag::mean, AnalysisFlag::sparsity, AnalysisFlag::symmetry, AnalysisFlag::numDistinctApprox",4096,0.1,1.51107e+08
ADD,int64_t,"AnalysisFlag::min, AnalysisFlag::max, AnalysisFlag::mean, AnalysisFlag::sparsity, AnalysisFlag::symmetry, AnalysisFlag::numDistinctApprox",4096,0.1,1.46699e+08
ADD,int64_t,"AnalysisFlag::min, AnalysisFlag::max, AnalysisFlag::mean, AnalysisFlag::sparsity, AnalysisFlag::symmetry, AnalysisFlag::numDistinctApprox",4096,0.1,1.44716e+08
ADD,int64_t,"AnalysisFlag::min, AnalysisFlag::max, AnalysisFlag::mean, AnalysisFlag::sparsity, AnalysisFlag::symmetry, AnalysisFlag::numDistinctApprox",4096,0.1,1.41078e+08
ADD,int64_t,"AnalysisFlag::min, AnalysisFlag::max, AnalysisFlag::mean, AnalysisFlag::sparsity, AnalysisFlag::symmetry, AnalysisFlag::numDistinctApprox",4096,0.1,1.43928e+08
ADD,int64_t,"AnalysisFlag::min, AnalysisFlag::max, AnalysisFlag::mean, AnalysisFlag::sparsity, AnalysisFlag::symmetry, AnalysisFlag::numDistinctApprox",4096,0.1,1.46087e+08
ADD,int64_t,"AnalysisFlag::min, AnalysisFlag::max, AnalysisFlag::mean, AnalysisFlag::sparsity, AnalysisFlag::symmetry, AnalysisFlag::numDistinctApprox",4096,0.1,1.45617e+08
ADD,int64_t,"AnalysisFlag::min, AnalysisFlag::max, AnalysisFlag::mean, AnalysisFlag::sparsity, AnalysisFlag::symmetry, AnalysisFlag::numDistinctApprox",4096,0.1,1.44613e+08
ADD,int64_t,"AnalysisFlag::min, AnalysisFlag::max, AnalysisFlag::mean, AnalysisFlag::sparsity, AnalysisFlag::symmetry, AnalysisFlag::numDistinctApprox",4096,0.1,1.42798e+08
ADD,double,"AnalysisFlag::min, AnalysisFlag::max, AnalysisFlag::mean, AnalysisFlag::sparsity, AnalysisFlag::symmetry, AnalysisFlag::numDistinctApprox",1024,0.2,6.17134e+06
ADD,double,"AnalysisFlag::min, AnalysisFlag::max, AnalysisFlag::mean, AnalysisFlag::sparsity, AnalysisFlag::symmetry, AnalysisFlag::numDistinctApprox",1024,0.2,5.67713e+06
ADD,double,"AnalysisFlag::min, AnalysisFlag::max, AnalysisFlag::mean, AnalysisFlag::sparsity, AnalysisFlag::symmetry, AnalysisFlag::numDistinctApprox",1024,0.2,5.68049e+06
ADD,double,"AnalysisFlag::min, AnalysisFlag::max, AnalysisFlag::mean, AnalysisFlag::sparsity, AnalysisFlag::symmetry, AnalysisFlag::numDistinctApprox",1024,0.2,5.67242e+06
ADD,double,"AnalysisFlag::min, AnalysisFlag::max, AnalysisFlag::mean, AnalysisFlag::sparsity, AnalysisFlag::symmetry, AnalysisFlag::numDistinctApprox",1024,0.2,5.74533e+06
ADD,double,"AnalysisFlag::min, AnalysisFlag::max, AnalysisFlag::mean, AnalysisFlag::sparsity, AnalysisFlag::symmetry, AnalysisFlag::numDistinctApprox",1024,0.2,5.69693e+06
ADD,double,"AnalysisFlag::min, AnalysisFlag::max, AnalysisFlag::mean, AnalysisFlag::sparsity, AnalysisFlag::symmetry, AnalysisFlag::numDistinctApprox",1024,0.2,5.66728e+06
ADD,double,"AnalysisFlag::min, AnalysisFlag::max, AnalysisFlag::mean, AnalysisFlag::sparsity, AnalysisFlag::symmetry, AnalysisFlag::numDistinctApprox",1024,0.2,5.66416e+06
ADD,double,"AnalysisFlag::min, AnalysisFlag::max, AnalysisFlag::mean, AnalysisFlag::sparsity, AnalysisFlag::symmetry, AnalysisFlag::numDistinctApprox",1024,0.2,5.66799e+06
ADD,double,"AnalysisFlag::min, AnalysisFlag::max, AnalysisFlag::mean, AnalysisFlag::sparsity, AnalysisFlag::symmetry, AnalysisFlag::numDistinctApprox",1024,0.2,5.68914e+06
ADD,double,"AnalysisFlag::min, AnalysisFlag::max, AnalysisFlag::mean, AnalysisFlag::sparsity, AnalysisFlag::symmetry, AnalysisFlag::numDistinctApprox",2048,0.2,1.08813e+07
ADD,double,"AnalysisFlag::min, AnalysisFlag::max, AnalysisFlag::mean, AnalysisFlag::sparsity, AnalysisFlag::symmetry, AnalysisFlag::numDistinctApprox",2048,0.2,2.63898e+07
ADD,double,"AnalysisFlag::min, AnalysisFlag::max, AnalysisFlag::mean, AnalysisFlag::sparsity, AnalysisFlag::symmetry, AnalysisFlag::numDistinctApprox",2048,0.2,2.65919e+07
ADD,double,"AnalysisFlag::min, AnalysisFlag::max, AnalysisFlag::mean, AnalysisFlag::sparsity, AnalysisFlag::symmetry, AnalysisFlag::numDistinctApprox",2048,0.2,2.64165e+07
ADD,double,"AnalysisFlag::min, AnalysisFlag::max, AnalysisFlag::mean, AnalysisFlag::sparsity, AnalysisFlag::symmetry, AnalysisFlag::numDistinctApprox",2048,0.2,2.6471e+07
ADD,double,"AnalysisFlag::min, AnalysisFlag::max, AnalysisFlag::mean, AnalysisFlag::sparsity, AnalysisFlag::symmetry, AnalysisFlag::numDistinctApprox",2048,0.2,2.64318e+07
ADD,double,"AnalysisFlag::min, AnalysisFlag::max, AnalysisFlag::mean, AnalysisFlag::sparsity, AnalysisFlag::symmetry, AnalysisFlag::numDistinctApprox",2048,0.2,2.63909e+07
ADD,double,"AnalysisFlag::min, AnalysisFlag::max, AnalysisFlag::mean, AnalysisFlag::sparsity, AnalysisFlag::symmetry, AnalysisFlag::numDistinctApprox",2048,0.2,2.67521e+07
ADD,double,"AnalysisFlag::min, AnalysisFlag::max, AnalysisFlag::mean, AnalysisFlag::sparsity, AnalysisFlag::symmetry, AnalysisFlag::numDistinctApprox",2048,0.2,2.64846e+07
ADD,double,"AnalysisFlag::min, AnalysisFlag::max, AnalysisFlag::mean, AnalysisFlag::sparsity, AnalysisFlag::symmetry, AnalysisFlag::numDistinctApprox",2048,0.2,2.65114e+07
ADD,double,"AnalysisFlag::min, AnalysisFlag::max, AnalysisFlag::mean, AnalysisFlag::sparsity, AnalysisFlag::symmetry, AnalysisFlag::numDistinctApprox",4096,0.2,4.21967e+07
ADD,double,"AnalysisFlag::min, AnalysisFlag::max, AnalysisFlag::mean, AnalysisFlag::sparsity, AnalysisFlag::symmetry, AnalysisFlag::numDistinctApprox",4096,0.2,1.02967e+08
ADD,double,"AnalysisFlag::min, AnalysisFlag::max, AnalysisFlag::mean, AnalysisFlag::sparsity, AnalysisFlag::symmetry, AnalysisFlag::numDistinctApprox",4096,0.2,1.01854e+08
ADD,double,"AnalysisFlag::min, AnalysisFlag::max, AnalysisFlag::mean, AnalysisFlag::sparsity, AnalysisFlag::symmetry, AnalysisFlag::numDistinctApprox",4096,0.2,1.03009e+08
ADD,double,"AnalysisFlag::min, AnalysisFlag::max, AnalysisFlag::mean, AnalysisFlag::sparsity, AnalysisFlag::symmetry, AnalysisFlag::numDistinctApprox",4096,0.2,1.02151e+08
ADD,double,"AnalysisFlag::min, AnalysisFlag::max, AnalysisFlag::mean, AnalysisFlag::sparsity, AnalysisFlag::symmetry, AnalysisFlag::numDistinctApprox",4096,0.2,1.01814e+08
ADD,double,"AnalysisFlag::min, AnalysisFlag::max, AnalysisFlag::mean, AnalysisFlag::sparsity, AnalysisFlag::symmetry, AnalysisFlag::numDistinctApprox",4096,0.2,1.0176e+08
ADD,double,"AnalysisFlag::min, AnalysisFlag::max, AnalysisFlag::mean, AnalysisFlag::sparsity, AnalysisFlag::symmetry, AnalysisFlag::numDistinctApprox",4096,0.2,1.02232e+08
ADD,double,"AnalysisFlag::min, AnalysisFlag::max, AnalysisFlag::mean, AnalysisFlag::sparsity, AnalysisFlag::symmetry, AnalysisFlag::numDistinctApprox",4096,0.2,1.02962e+08
ADD,double,"AnalysisFlag::min, AnalysisFlag::max, AnalysisFlag::mean, AnalysisFlag::sparsity, AnalysisFlag::symmetry, AnalysisFlag::numDistinctApprox",4096,0.2,1.02425e+08
ADD,int64_t,"AnalysisFlag::min, AnalysisFlag::max, AnalysisFlag::mean, AnalysisFlag::sparsity, AnalysisFlag::symmetry, AnalysisFlag::numDistinctApprox",1024,0.2,7.7715e+06
ADD,int64_t,"AnalysisFlag::min, AnalysisFlag::max, AnalysisFlag::mean, AnalysisFlag::sparsity, AnalysisFlag::symmetry, AnalysisFlag::numDistinctApprox",1024,0.2,1.74939e+07
ADD,int64_t,"AnalysisFlag::min, AnalysisFlag::max, AnalysisFlag::mean, AnalysisFlag::sparsity, AnalysisFlag::symmetry, AnalysisFlag::numDistinctApprox",1024,0.2,2.18601e+07
ADD,int64_t,"AnalysisFlag::min, AnalysisFlag::max, AnalysisFlag::mean, AnalysisFlag::sparsity, AnalysisFlag::symmetry, AnalysisFlag::numDistinctApprox",1024,0.2,1.76964e+07
ADD,int64_t,"AnalysisFlag::min, AnalysisFlag::max, AnalysisFlag::mean, AnalysisFlag::sparsity, AnalysisFlag::symmetry, AnalysisFlag::numDistinctApprox",1024,0.2,1.73592e+07
ADD,int64_t,"AnalysisFlag::min, AnalysisFlag::max, AnalysisFlag::mean, AnalysisFlag::sparsity, AnalysisFlag::symmetry, AnalysisFlag::numDistinctApprox",1024,0.2,1.72077e+07
ADD,int64_t,"AnalysisFlag::min, AnalysisFlag::max, AnalysisFlag::mean, AnalysisFlag::sparsity, AnalysisFlag::symmetry, AnalysisFlag::numDistinctApprox",1024,0.2,1.74456e+07
ADD,int64_t,"AnalysisFlag::min, AnalysisFlag::max, AnalysisFlag::mean, AnalysisFlag::sparsity, AnalysisFlag::symmetry, AnalysisFlag::numDistinctApprox",1024,0.2,1.7266e+07
ADD,int64_t,"AnalysisFlag::min, AnalysisFlag::max, AnalysisFlag::mean, AnalysisFlag::sparsity, AnalysisFlag::symmetry, AnalysisFlag::numDistinctApprox",1024,0.2,1.72054e+07
ADD,int64_t,"AnalysisFlag::min, AnalysisFlag::max, AnalysisFlag::mean, AnalysisFlag::sparsity, AnalysisFlag::symmetry, AnalysisFlag::numDistinctApprox",1024,0.2,1.75641e+07
ADD,int64_t,"AnalysisFlag::min, AnalysisFlag::max, AnalysisFlag::mean, AnalysisFlag::sparsity, AnalysisFlag::symmetry, AnalysisFlag::numDistinctApprox",2048,0.2,3.45465e+07
ADD,int64_t,"AnalysisFlag::min, AnalysisFlag::max, AnalysisFlag::mean, AnalysisFlag::sparsity, AnalysisFlag::symmetry, AnalysisFlag::numDistinctApprox",2048,0.2,7.43387e+07
ADD,int64_t,"AnalysisFlag::min, AnalysisFlag::max, AnalysisFlag::mean, AnalysisFlag::sparsity, AnalysisFlag::symmetry, AnalysisFlag::numDistinctApprox",2048,0.2,7.4898e+07
ADD,int64_t,"AnalysisFlag::min, AnalysisFlag::max, AnalysisFlag::mean, AnalysisFlag::sparsity, AnalysisFlag::symmetry, AnalysisFlag::numDistinctApprox",2048,0.2,7.55388e+07
ADD,int64_t,"AnalysisFlag::min, AnalysisFlag::max, AnalysisFlag::mean, AnalysisFlag::sparsity, AnalysisFlag::symmetry, AnalysisFlag::numDistinctApprox",2048,0.2,7.4554e+07
ADD,int64_t,"AnalysisFlag::min, AnalysisFlag::max, AnalysisFlag::mean, AnalysisFlag::sparsity, AnalysisFlag::symmetry, AnalysisFlag::numDistinctApprox",2048,0.2,7.4889e+07
ADD,int64_t,"AnalysisFlag::min, AnalysisFlag::max, AnalysisFlag::mean, AnalysisFlag::sparsity, AnalysisFlag::symmetry, AnalysisFlag::numDistinctApprox",2048,0.2,7.54358e+07
ADD,int64_t,"AnalysisFlag::min, AnalysisFlag::max, AnalysisFlag::mean, AnalysisFlag::sparsity, AnalysisFlag::symmetry, AnalysisFlag::numDistinctApprox",2048,0.2,7.61641e+07
ADD,int64_t,"AnalysisFlag::min, AnalysisFlag::max, AnalysisFlag::mean, AnalysisFlag::sparsity, AnalysisFlag::symmetry, AnalysisFlag::numDistinctApprox",2048,0.2,7.5456e+07
ADD,int64_t,"AnalysisFlag::min, AnalysisFlag::max, AnalysisFlag::mean, AnalysisFlag::sparsity, AnalysisFlag::symmetry, AnalysisFlag::numDistinctApprox",2048,0.2,7.53184e+07
ADD,int64_t,"AnalysisFlag::min, AnalysisFlag::max, AnalysisFlag::mean, AnalysisFlag::sparsity, AnalysisFlag::symmetry, AnalysisFlag::numDistinctApprox",4096,0.2,1.37438e+08
ADD,int64_t,"AnalysisFlag::min, AnalysisFlag::max, AnalysisFlag::mean, AnalysisFlag::sparsity, AnalysisFlag::symmetry, AnalysisFlag::numDistinctApprox",4096,0.2,3.05666e+08
ADD,int64_t,"AnalysisFlag::min, AnalysisFlag::max, AnalysisFlag::mean, AnalysisFlag::sparsity, AnalysisFlag::symmetry, AnalysisFlag::numDistinctApprox",4096,0.2,2.98505e+08
ADD,int64_t,"AnalysisFlag::min, AnalysisFlag::max, AnalysisFlag::mean, AnalysisFlag::sparsity, AnalysisFlag::symmetry, AnalysisFlag::numDistinctApprox",4096,0.2,3.04138e+08
ADD,int64_t,"AnalysisFlag::min, AnalysisFlag::max, AnalysisFlag::mean, AnalysisFlag::sparsity, AnalysisFlag::symmetry, AnalysisFlag::numDistinctApprox",4096,0.2,3.00944e+08
ADD,int64_t,"AnalysisFlag::min, AnalysisFlag::max, AnalysisFlag::mean, AnalysisFlag::sparsity, AnalysisFlag::symmetry, AnalysisFlag::numDistinctApprox",4096,0.2,2.99559e+08
ADD,int64_t,"AnalysisFlag::min, AnalysisFlag::max, AnalysisFlag::mean, AnalysisFlag::sparsity, AnalysisFlag::symmetry, AnalysisFlag::numDistinctApprox",4096,0.2,3.00394e+08
ADD,int64_t,"AnalysisFlag::min, AnalysisFlag::max, AnalysisFlag::mean, AnalysisFlag::sparsity, AnalysisFlag::symmetry, AnalysisFlag::numDistinctApprox",4096,0.2,2.97715e+08
ADD,int64_t,"AnalysisFlag::min, AnalysisFlag::max, AnalysisFlag::mean, AnalysisFlag::sparsity, AnalysisFlag::symmetry, AnalysisFlag::numDistinctApprox",4096,0.2,2.97141e+08
ADD,int64_t,"AnalysisFlag::min, AnalysisFlag::max, AnalysisFlag::mean, AnalysisFlag::sparsity, AnalysisFlag::symmetry, AnalysisFlag::numDistinctApprox",4096,0.2,2.95965e+08
ADD,double,"AnalysisFlag::min, AnalysisFlag::max, AnalysisFlag::mean, AnalysisFlag::sparsity, AnalysisFlag::symmetry, AnalysisFlag::numDistinctApprox",1024,0.25,7.89985e+06
ADD,double,"AnalysisFlag::min, AnalysisFlag::max, AnalysisFlag::mean, AnalysisFlag::sparsity, AnalysisFlag::symmetry, AnalysisFlag::numDistinctApprox",1024,0.25,7.82403e+06
ADD,double,"AnalysisFlag::min, AnalysisFlag::max, AnalysisFlag::mean, AnalysisFlag::sparsity, AnalysisFlag::symmetry, AnalysisFlag::numDistinctApprox",1024,0.25,1.21181e+07
ADD,double,"AnalysisFlag::min, AnalysisFlag::max, AnalysisFlag::mean, AnalysisFlag::sparsity, AnalysisFlag::symmetry, AnalysisFlag::numDistinctApprox",1024,0.25,8.4764e+06
ADD,double,"AnalysisFlag::min, AnalysisFlag::max, AnalysisFlag::mean, AnalysisFlag::sparsity, AnalysisFlag::symmetry, AnalysisFlag::numDistinctApprox",1024,0.25,7.82789e+06
ADD,double,"AnalysisFlag::min, AnalysisFlag::max, AnalysisFlag::mean, AnalysisFlag::sparsity, AnalysisFlag::symmetry, AnalysisFlag::numDistinctApprox",1024,0.25,7.90504e+06
ADD,double,"AnalysisFlag::min, AnalysisFlag::max, AnalysisFlag::mean, AnalysisFlag::sparsity, AnalysisFlag::symmetry, AnalysisFlag::numDistinctApprox",1024,0.25,2.25908e+07
ADD,double,"AnalysisFlag::min, AnalysisFlag::max, AnalysisFlag::mean, AnalysisFlag::sparsity, AnalysisFlag::symmetry, AnalysisFlag::numDistinctApprox",1024,0.25,7.82791e+06
ADD,double,"AnalysisFlag::min, AnalysisFlag::max, AnalysisFlag::mean, AnalysisFlag::sparsity, AnalysisFlag::symmetry, AnalysisFlag::numDistinctApprox",1024,0.25,7.80693e+06
ADD,double,"AnalysisFlag::min, AnalysisFlag::max, AnalysisFlag::mean, AnalysisFlag::sparsity, AnalysisFlag::symmetry, AnalysisFlag::numDistinctApprox",1024,0.25,7.92458e+06
ADD,double,"AnalysisFlag::min, AnalysisFlag::max, AnalysisFlag::mean, AnalysisFlag::sparsity, AnalysisFlag::symmetry, AnalysisFlag::numDistinctApprox",2048,0.25,3.79875e+07
ADD,double,"AnalysisFlag::min, AnalysisFlag::max, AnalysisFlag::mean, AnalysisFlag::sparsity, AnalysisFlag::symmetry, AnalysisFlag::numDistinctApprox",2048,0.25,3.76175e+07
ADD,double,"AnalysisFlag::min, AnalysisFlag::max, AnalysisFlag::mean, AnalysisFlag::sparsity, AnalysisFlag::symmetry, AnalysisFlag::numDistinctApprox",2048,0.25,3.77271e+07
ADD,double,"AnalysisFlag::min, AnalysisFlag::max, AnalysisFlag::mean, AnalysisFlag::sparsity, AnalysisFlag::symmetry, AnalysisFlag::numDistinctApprox",2048,0.25,3.76734e+07
ADD,double,"AnalysisFlag::min, AnalysisFlag::max, AnalysisFlag::mean, AnalysisFlag::sparsity, AnalysisFlag::symmetry, AnalysisFlag::numDistinctApprox",2048,0.25,3.76218e+07
ADD,double,"AnalysisFlag::min, AnalysisFlag::max, AnalysisFlag::mean, AnalysisFlag::sparsity, AnalysisFlag::symmetry, AnalysisFlag::numDistinctApprox",2048,0.25,3.78794e+07
ADD,double,"AnalysisFlag::min, AnalysisFlag::max, AnalysisFlag::mean, AnalysisFlag::sparsity, AnalysisFlag::symmetry, AnalysisFlag::numDistinctApprox",2048,0.25,3.76495e+07
ADD,double,"AnalysisFlag::min, AnalysisFlag::max, AnalysisFlag::mean, AnalysisFlag::sparsity, AnalysisFlag::symmetry, AnalysisFlag::numDistinctApprox",2048,0.25,3.76208e+07
ADD,double,"AnalysisFlag::min, AnalysisFlag::max, AnalysisFlag::mean, AnalysisFlag::sparsity, AnalysisFlag::symmetry, AnalysisFlag::numDistinctApprox",2048,0.25,3.76652e+07
ADD,double,"AnalysisFlag::min, AnalysisFlag::max, AnalysisFlag::mean, AnalysisFlag::sparsity, AnalysisFlag::symmetry, AnalysisFlag::numDistinctApprox",2048,0.25,3.76149e+07
ADD,double,"AnalysisFlag::min, AnalysisFlag::max, AnalysisFlag::mean, AnalysisFlag::sparsity, AnalysisFlag::symmetry, AnalysisFlag::numDistinctApprox",4096,0.25,1.51365e+08
ADD,double,"AnalysisFlag::min, AnalysisFlag::max, AnalysisFlag::mean, AnalysisFlag::sparsity, AnalysisFlag::symmetry, AnalysisFlag::numDistinctApprox",4096,0.25,1.47595e+08
ADD,double,"AnalysisFlag::min, AnalysisFlag::max, AnalysisFlag::mean, AnalysisFlag::sparsity, AnalysisFlag::symmetry, AnalysisFlag::numDistinctApprox",4096,0.25,1.48761e+08
ADD,double,"AnalysisFlag::min, AnalysisFlag::max, AnalysisFlag::mean, AnalysisFlag::sparsity, AnalysisFlag::symmetry, AnalysisFlag::numDistinctApprox",4096,0.25,1.48507e+08
ADD,double,"AnalysisFlag::min, AnalysisFlag::max, AnalysisFlag::mean, AnalysisFlag::sparsity, AnalysisFlag::symmetry, AnalysisFlag::numDistinctApprox",4096,0.25,1.5179e+08
ADD,double,"AnalysisFlag::min, AnalysisFlag::max, AnalysisFlag::mean, AnalysisFlag::sparsity, AnalysisFlag::symmetry, AnalysisFlag::numDistinctApprox",4096,0.25,1.47379e+08
ADD,double,"AnalysisFlag::min, AnalysisFlag::max, AnalysisFlag::mean, AnalysisFlag::sparsity, AnalysisFlag::symmetry, AnalysisFlag::numDistinctApprox",4096,0.25,1.48593e+08
ADD,double,"AnalysisFlag::min, AnalysisFlag::max, AnalysisFlag::mean, AnalysisFlag::sparsity, AnalysisFlag::symmetry, AnalysisFlag::numDistinctApprox",4096,0.25,1.50773e+08
ADD,double,"AnalysisFlag::min, AnalysisFlag::max, AnalysisFlag::mean, AnalysisFlag::sparsity, AnalysisFlag::symmetry, AnalysisFlag::numDistinctApprox",4096,0.25,1.48381e+08
ADD,double,"AnalysisFlag::min, AnalysisFlag::max, AnalysisFlag::mean, AnalysisFlag::sparsity, AnalysisFlag::symmetry, AnalysisFlag::numDistinctApprox",4096,0.25,1.48518e+08
ADD,int64_t,"AnalysisFlag::min, AnalysisFlag::max, AnalysisFlag::mean, AnalysisFlag::sparsity, AnalysisFlag::symmetry, AnalysisFlag::numDistinctApprox",1024,0.25,2.12352e+07
ADD,int64_t,"AnalysisFlag::min, AnalysisFlag::max, AnalysisFlag::mean, AnalysisFlag::sparsity, AnalysisFlag::symmetry, AnalysisFlag::numDistinctApprox",1024,0.25,2.72201e+07
ADD,int64_t,"AnalysisFlag::min, AnalysisFlag::max, AnalysisFlag::mean, AnalysisFlag::sparsity, AnalysisFlag::symmetry, AnalysisFlag::numDistinctApprox",1024,0.25,2.96707e+07
ADD,int64_t,"AnalysisFlag::min, AnalysisFlag::max, AnalysisFlag::mean, AnalysisFlag::sparsity, AnalysisFlag::symmetry, AnalysisFlag::numDistinctApprox",1024,0.25,3.04734e+07
ADD,int64_t,"AnalysisFlag::min, AnalysisFlag::max, AnalysisFlag::mean, AnalysisFlag::sparsity, AnalysisFlag::symmetry, AnalysisFlag::numDistinctApprox",1024,0.25,3.00911e+07
ADD,int64_t,"AnalysisFlag::min, AnalysisFlag::max, AnalysisFlag::mean, AnalysisFlag::sparsity, AnalysisFlag::symmetry, AnalysisFlag::numDistinctApprox",1024,0.25,2.49129e+07
ADD,int64_t,"AnalysisFlag::min, AnalysisFlag::max, AnalysisFlag::mean, AnalysisFlag::sparsity, AnalysisFlag::symmetry, AnalysisFlag::numDistinctApprox",1024,0.25,2.88784e+07
ADD,int64_t,"AnalysisFlag::min, AnalysisFlag::max, AnalysisFlag::mean, AnalysisFlag::sparsity, AnalysisFlag::symmetry, AnalysisFlag::numDistinctApprox",1024,0.25,2.84535e+07
ADD,int64_t,"AnalysisFlag::min, AnalysisFlag::max, AnalysisFlag::mean, AnalysisFlag::sparsity, AnalysisFlag::symmetry, AnalysisFlag::numDistinctApprox",1024,0.25,2.62105e+07
ADD,int64_t,"AnalysisFlag::min, AnalysisFlag::max, AnalysisFlag::mean, AnalysisFlag::sparsity, AnalysisFlag::symmetry, AnalysisFlag::numDistinctApprox",1024,0.25,3.03803e+07
ADD,int64_t,"AnalysisFlag::min, AnalysisFlag::max, AnalysisFlag::mean, AnalysisFlag::sparsity, AnalysisFlag::symmetry, AnalysisFlag::numDistinctApprox",2048,0.25,9.98158e+07
ADD,int64_t,"AnalysisFlag::min, AnalysisFlag::max, AnalysisFlag::mean, AnalysisFlag::sparsity, AnalysisFlag::symmetry, AnalysisFlag::numDistinctApprox",2048,0.25,1.31071e+08
ADD,int64_t,"AnalysisFlag::min, AnalysisFlag::max, AnalysisFlag::mean, AnalysisFlag::sparsity, AnalysisFlag::symmetry, AnalysisFlag::numDistinctApprox",2048,0.25,1.23841e+08
ADD,int64_t,"AnalysisFlag::min, AnalysisFlag::max, AnalysisFlag::mean, AnalysisFlag::sparsity, AnalysisFlag::symmetry, AnalysisFlag::numDistinctApprox",2048,0.25,1.1281e+08
ADD,int64_t,"AnalysisFlag::min, AnalysisFlag::max, AnalysisFlag::mean, AnalysisFlag::sparsity, AnalysisFlag::symmetry, AnalysisFlag::numDistinctApprox",2048,0.25,1.15838e+08
ADD,int64_t,"AnalysisFlag::min, AnalysisFlag::max, AnalysisFlag::mean, AnalysisFlag::sparsity, AnalysisFlag::symmetry, AnalysisFlag::numDistinctApprox",2048,0.25,1.21806e+08
ADD,int64_t,"AnalysisFlag::min, AnalysisFlag::max, AnalysisFlag::mean, AnalysisFlag::sparsity, AnalysisFlag::symmetry, AnalysisFlag::numDistinctApprox",2048,0.25,1.26462e+08
ADD,int64_t,"AnalysisFlag::min, AnalysisFlag::max, AnalysisFlag::mean, AnalysisFlag::sparsity, AnalysisFlag::symmetry, AnalysisFlag::numDistinctApprox",2048,0.25,1.25568e+08
ADD,int64_t,"AnalysisFlag::min, AnalysisFlag::max, AnalysisFlag::mean, AnalysisFlag::sparsity, AnalysisFlag::symmetry, AnalysisFlag::numDistinctApprox",2048,0.25,1.2023e+08
ADD,int64_t,"AnalysisFlag::min, AnalysisFlag::max, AnalysisFlag::mean, AnalysisFlag::sparsity, AnalysisFlag::symmetry, AnalysisFlag::numDistinctApprox",2048,0.25,1.16671e+08
ADD,int64_t,"AnalysisFlag::min, AnalysisFlag::max, AnalysisFlag::mean, AnalysisFlag::sparsity, AnalysisFlag::symmetry, AnalysisFlag::numDistinctApprox",4096,0.25,3.265e+08
ADD,int64_t,"AnalysisFlag::min, AnalysisFlag::max, AnalysisFlag::mean, AnalysisFlag::sparsity, AnalysisFlag::symmetry, AnalysisFlag::numDistinctApprox",4096,0.25,4.85286e+08
ADD,int64_t,"AnalysisFlag::min, AnalysisFlag::max, AnalysisFlag::mean, AnalysisFlag::sparsity, AnalysisFlag::symmetry, AnalysisFlag::numDistinctApprox",4096,0.25,4.74232e+08
ADD,int64_t,"AnalysisFlag::min, AnalysisFlag::max, AnalysisFlag::mean, AnalysisFlag::sparsity, AnalysisFlag::symmetry, AnalysisFlag::numDistinctApprox",4096,0.25,4.96907e+08
ADD,int64_t,"AnalysisFlag::min, AnalysisFlag::max, AnalysisFlag::mean, AnalysisFlag::sparsity, AnalysisFlag::symmetry, AnalysisFlag::numDistinctApprox",4096,0.25,5.21947e+08
ADD,int64_t,"AnalysisFlag::min, AnalysisFlag::max, AnalysisFlag::mean, AnalysisFlag::sparsity, AnalysisFlag::symmetry, AnalysisFlag::numDistinctApprox",4096,0.25,4.93505e+08
ADD,int64_t,"AnalysisFlag::min, AnalysisFlag::max, AnalysisFlag::mean, AnalysisFlag::sparsity, AnalysisFlag::symmetry, AnalysisFlag::numDistinctApprox",4096,0.25,4.89774e+08
ADD,int64_t,"AnalysisFlag::min, AnalysisFlag::max, AnalysisFlag::mean, AnalysisFlag::sparsity, AnalysisFlag::symmetry, AnalysisFlag::numDistinctApprox",4096,0.25,4.54406e+08
ADD,int64_t,"AnalysisFlag::min, AnalysisFlag::max, AnalysisFlag::mean, AnalysisFlag::sparsity, AnalysisFlag::symmetry, AnalysisFlag::numDistinctApprox",4096,0.25,4.75551e+08
ADD,int64_t,"AnalysisFlag::min, AnalysisFlag::max, AnalysisFlag::mean, AnalysisFlag::sparsity, AnalysisFlag::symmetry, AnalysisFlag::numDistinctApprox",4096,0.25,4.89095e+08
ADD,double,"AnalysisFlag::min, AnalysisFlag::max, AnalysisFlag::mean, AnalysisFlag::sparsity, AnalysisFlag::symmetry, AnalysisFlag::numDistinctApprox",1024,1,8.01316e+06
ADD,double,"AnalysisFlag::min, AnalysisFlag::max, AnalysisFlag::mean, AnalysisFlag::sparsity, AnalysisFlag::symmetry, AnalysisFlag::numDistinctApprox",1024,1,7.87022e+06
ADD,double,"AnalysisFlag::min, AnalysisFlag::max, AnalysisFlag::mean, AnalysisFlag::sparsity, AnalysisFlag::symmetry, AnalysisFlag::numDistinctApprox",1024,1,7.8748e+06
ADD,double,"AnalysisFlag::min, AnalysisFlag::max, AnalysisFlag::mean, AnalysisFlag::sparsity, AnalysisFlag::symmetry, AnalysisFlag::numDistinctApprox",1024,1,7.87276e+06
ADD,double,"AnalysisFlag::min, AnalysisFlag::max, AnalysisFlag::mean, AnalysisFlag::sparsity, AnalysisFlag::symmetry, AnalysisFlag::numDistinctApprox",1024,1,7.84323e+06
ADD,double,"AnalysisFlag::min, AnalysisFlag::max, AnalysisFlag::mean, AnalysisFlag::sparsity, AnalysisFlag::symmetry, AnalysisFlag::numDistinctApprox",1024,1,7.90285e+06
ADD,double,"AnalysisFlag::min, AnalysisFlag::max, AnalysisFlag::mean, AnalysisFlag::sparsity, AnalysisFlag::symmetry, AnalysisFlag::numDistinctApprox",1024,1,7.8791e+06
ADD,double,"AnalysisFlag::min, AnalysisFlag::max, AnalysisFlag::mean, AnalysisFlag::sparsity, AnalysisFlag::symmetry, AnalysisFlag::numDistinctApprox",1024,1,7.80561e+06
ADD,double,"AnalysisFlag::min, AnalysisFlag::max, AnalysisFlag::mean, AnalysisFlag::sparsity, AnalysisFlag::symmetry, AnalysisFlag::numDistinctApprox",1024,1,7.85347e+06
ADD,double,"AnalysisFlag::min, AnalysisFlag::max, AnalysisFlag::mean, AnalysisFlag::sparsity, AnalysisFlag::symmetry, AnalysisFlag::numDistinctApprox",1024,1,7.87706e+06
ADD,double,"AnalysisFlag::min, AnalysisFlag::max, AnalysisFlag::mean, AnalysisFlag::sparsity, AnalysisFlag::symmetry, AnalysisFlag::numDistinctApprox",2048,1,3.76752e+07
ADD,double,"AnalysisFlag::min, AnalysisFlag::max, AnalysisFlag::mean, AnalysisFlag::sparsity, AnalysisFlag::symmetry, AnalysisFlag::numDistinctApprox",2048,1,3.76324e+07
ADD,double,"AnalysisFlag::min, AnalysisFlag::max, AnalysisFlag::mean, AnalysisFlag::sparsity, AnalysisFlag::symmetry, AnalysisFlag::numDistinctApprox",2048,1,3.76708e+07
ADD,double,"AnalysisFlag::min, AnalysisFlag::max, AnalysisFlag::mean, AnalysisFlag::sparsity, AnalysisFlag::symmetry, AnalysisFlag::numDistinctApprox",2048,1,3.76491e+07
ADD,double,"AnalysisFlag::min, AnalysisFlag::max, AnalysisFlag::mean, AnalysisFlag::sparsity, AnalysisFlag::symmetry, AnalysisFlag::numDistinctApprox",2048,1,3.76381e+07
ADD,double,"AnalysisFlag::min, AnalysisFlag::max, AnalysisFlag::mean, AnalysisFlag::sparsity, AnalysisFlag::symmetry, AnalysisFlag::numDistinctApprox",2048,1,3.7662e+07
ADD,double,"AnalysisFlag::min, AnalysisFlag::max, AnalysisFlag::mean, AnalysisFlag::sparsity, AnalysisFlag::symmetry, AnalysisFlag::numDistinctApprox",2048,1,3.76374e+07
ADD,double,"AnalysisFlag::min, AnalysisFlag::max, AnalysisFlag::mean, AnalysisFlag::sparsity, AnalysisFlag::symmetry, AnalysisFlag::numDistinctApprox",2048,1,3.76729e+07
ADD,double,"AnalysisFlag::min, AnalysisFlag::max, AnalysisFlag::mean, AnalysisFlag::sparsity, AnalysisFlag::symmetry, AnalysisFlag::numDistinctApprox",2048,1,3.76529e+07
ADD,double,"AnalysisFlag::min, AnalysisFlag::max, AnalysisFlag::mean, AnalysisFlag::sparsity, AnalysisFlag::symmetry, AnalysisFlag::numDistinctApprox",2048,1,3.76291e+07
ADD,double,"AnalysisFlag::min, AnalysisFlag::max, AnalysisFlag::mean, AnalysisFlag::sparsity, AnalysisFlag::symmetry, AnalysisFlag::numDistinctApprox",4096,1,1.5123e+08
ADD,double,"AnalysisFlag::min, AnalysisFlag::max, AnalysisFlag::mean, AnalysisFlag::sparsity, AnalysisFlag::symmetry, AnalysisFlag::numDistinctApprox",4096,1,1.475e+08
ADD,double,"AnalysisFlag::min, AnalysisFlag::max, AnalysisFlag::mean, AnalysisFlag::sparsity, AnalysisFlag::symmetry, AnalysisFlag::numDistinctApprox",4096,1,1.47389e+08
ADD,double,"AnalysisFlag::min, AnalysisFlag::max, AnalysisFlag::mean, AnalysisFlag::sparsity, AnalysisFlag::symmetry, AnalysisFlag::numDistinctApprox",4096,1,1.48593e+08
ADD,double,"AnalysisFlag::min, AnalysisFlag::max, AnalysisFlag::mean, AnalysisFlag::sparsity, AnalysisFlag::symmetry, AnalysisFlag::numDistinctApprox",4096,1,1.47351e+08
ADD,double,"AnalysisFlag::min, AnalysisFlag::max, AnalysisFlag::mean, AnalysisFlag::sparsity, AnalysisFlag::symmetry, AnalysisFlag::numDistinctApprox",4096,1,1.47325e+08
ADD,double,"AnalysisFlag::min, AnalysisFlag::max, AnalysisFlag::mean, AnalysisFlag::sparsity, AnalysisFlag::symmetry, AnalysisFlag::numDistinctApprox",4096,1,1.48544e+08
ADD,double,"AnalysisFlag::min, AnalysisFlag::max, AnalysisFlag::mean, AnalysisFlag::sparsity, AnalysisFlag::symmetry, AnalysisFlag::numDistinctApprox",4096,1,1.47389e+08
ADD,double,"AnalysisFlag::min, AnalysisFlag::max, AnalysisFlag::mean, AnalysisFlag::sparsity, AnalysisFlag::symmetry, AnalysisFlag::numDistinctApprox",4096,1,1.47326e+08
ADD,double,"AnalysisFlag::min, AnalysisFlag::max, AnalysisFlag::mean, AnalysisFlag::sparsity, AnalysisFlag::symmetry, AnalysisFlag::numDistinctApprox",4096,1,1.48711e+08
ADD,int64_t,"AnalysisFlag::min, AnalysisFlag::max, AnalysisFlag::mean, AnalysisFlag::sparsity, AnalysisFlag::symmetry, AnalysisFlag::numDistinctApprox",1024,1,3.73819e+07
ADD,int64_t,"AnalysisFlag::min, AnalysisFlag::max, AnalysisFlag::mean, AnalysisFlag::sparsity, AnalysisFlag::symmetry, AnalysisFlag::numDistinctApprox",1024,1,4.05087e+07
ADD,int64_t,"AnalysisFlag::min, AnalysisFlag::max, AnalysisFlag::mean, AnalysisFlag::sparsity, AnalysisFlag::symmetry, AnalysisFlag::numDistinctApprox",1024,1,4.02044e+07
ADD,int64_t,"AnalysisFlag::min, AnalysisFlag::max, AnalysisFlag::mean, AnalysisFlag::sparsity, AnalysisFlag::symmetry, AnalysisFlag::numDistinctApprox",1024,1,4.06494e+07
ADD,int64_t,"AnalysisFlag::min, AnalysisFlag::max, AnalysisFlag::mean, AnalysisFlag::sparsity, AnalysisFlag::symmetry, AnalysisFlag::numDistinctApprox",1024,1,3.9177e+07
ADD,int64_t,"AnalysisFlag::min, AnalysisFlag::max, AnalysisFlag::mean, AnalysisFlag::sparsity, AnalysisFlag::symmetry, AnalysisFlag::numDistinctApprox",1024,1,4.10984e+07
ADD,int64_t,"AnalysisFlag::min, AnalysisFlag::max, AnalysisFlag::mean, AnalysisFlag::sparsity, AnalysisFlag::symmetry, AnalysisFlag::numDistinctApprox",1024,1,4.07693e+07
ADD,int64_t,"AnalysisFlag::min, AnalysisFlag::max, AnalysisFlag::mean, AnalysisFlag::sparsity, AnalysisFlag::symmetry, AnalysisFlag::numDistinctApprox",1024,1,4.09395e+07
ADD,int64_t,"AnalysisFlag::min, AnalysisFlag::max, AnalysisFlag::mean, AnalysisFlag::sparsity, AnalysisFlag::symmetry, AnalysisFlag::numDistinctApprox",1024,1,4.14269e+07
ADD,int64_t,"AnalysisFlag::min, AnalysisFlag::max, AnalysisFlag::mean, AnalysisFlag::sparsity, AnalysisFlag::symmetry, AnalysisFlag::numDistinctApprox",1024,1,4.02522e+07
ADD,int64_t,"AnalysisFlag::min, AnalysisFlag::max, AnalysisFlag::mean, AnalysisFlag::sparsity, AnalysisFlag::symmetry, AnalysisFlag::numDistinctApprox",2048,1,1.56974e+08
ADD,int64_t,"AnalysisFlag::min, AnalysisFlag::max, AnalysisFlag::mean, AnalysisFlag::sparsity, AnalysisFlag::symmetry, AnalysisFlag::numDistinctApprox",2048,1,1.7369e+08
ADD,int64_t,"AnalysisFlag::min, AnalysisFlag::max, AnalysisFlag::mean, AnalysisFlag::sparsity, AnalysisFlag::symmetry, AnalysisFlag::numDistinctApprox",2048,1,1.67572e+08
ADD,int64_t,"AnalysisFlag::min, AnalysisFlag::max, AnalysisFlag::mean, AnalysisFlag::sparsity, AnalysisFlag::symmetry, AnalysisFlag::numDistinctApprox",2048,1,1.74405e+08
ADD,int64_t,"AnalysisFlag::min, AnalysisFlag::max, AnalysisFlag::mean, AnalysisFlag::sparsity, AnalysisFlag::symmetry, AnalysisFlag::numDistinctApprox",2048,1,1.70237e+08
ADD,int64_t,"AnalysisFlag::min, AnalysisFlag::max, AnalysisFlag::mean, AnalysisFlag::sparsity, AnalysisFlag::symmetry, AnalysisFlag::numDistinctApprox",2048,1,1.71288e+08
ADD,int64_t,"AnalysisFlag::min, AnalysisFlag::max, AnalysisFlag::mean, AnalysisFlag::sparsity, AnalysisFlag::symmetry, AnalysisFlag::numDistinctApprox",2048,1,1.66321e+08
ADD,int64_t,"AnalysisFlag::min, AnalysisFlag::max, AnalysisFlag::mean, AnalysisFlag::sparsity, AnalysisFlag::symmetry, AnalysisFlag::numDistinctApprox",2048,1,1.69892e+08
ADD,int64_t,"AnalysisFlag::min, AnalysisFlag::max, AnalysisFlag::mean, AnalysisFlag::sparsity, AnalysisFlag::symmetry, AnalysisFlag::numDistinctApprox",2048,1,1.6966e+08
ADD,int64_t,"AnalysisFlag::min, AnalysisFlag::max, AnalysisFlag::mean, AnalysisFlag::sparsity, AnalysisFlag::symmetry, AnalysisFlag::numDistinctApprox",2048,1,1.66637e+08
ADD,int64_t,"AnalysisFlag::min, AnalysisFlag::max, AnalysisFlag::mean, AnalysisFlag::sparsity, AnalysisFlag::symmetry, AnalysisFlag::numDistinctApprox",4096,1,6.35005e+08
ADD,int64_t,"AnalysisFlag::min, AnalysisFlag::max, AnalysisFlag::mean, AnalysisFlag::sparsity, AnalysisFlag::symmetry, AnalysisFlag::numDistinctApprox",4096,1,6.76423e+08
ADD,int64_t,"AnalysisFlag::min, AnalysisFlag::max, AnalysisFlag::mean, AnalysisFlag::sparsity, AnalysisFlag::symmetry, AnalysisFlag::numDistinctApprox",4096,1,6.69537e+08
ADD,int64_t,"AnalysisFlag::min, AnalysisFlag::max, AnalysisFlag::mean, AnalysisFlag::sparsity, AnalysisFlag::symmetry, AnalysisFlag::numDistinctApprox",4096,1,6.85466e+08
ADD,int64_t,"AnalysisFlag::min, AnalysisFlag::max, AnalysisFlag::mean, AnalysisFlag::sparsity, AnalysisFlag::symmetry, AnalysisFlag::numDistinctApprox",4096,1,6.73566e+08
ADD,int64_t,"AnalysisFlag::min, AnalysisFlag::max, AnalysisFlag::mean, AnalysisFlag::sparsity, AnalysisFlag::symmetry, AnalysisFlag::numDistinctApprox",4096,1,6.96996e+08
ADD,int64_t,"AnalysisFlag::min, AnalysisFlag::max, AnalysisFlag::mean, AnalysisFlag::sparsity, AnalysisFlag::symmetry, AnalysisFlag::numDistinctApprox",4096,1,6.75566e+08
ADD,int64_t,"AnalysisFlag::min, AnalysisFlag::max, AnalysisFlag::mean, AnalysisFlag::sparsity, AnalysisFlag::symmetry, AnalysisFlag::numDistinctApprox",4096,1,6.8306e+08
ADD,int64_t,"AnalysisFlag::min, AnalysisFlag::max, AnalysisFlag::mean, AnalysisFlag::sparsity, AnalysisFlag::symmetry, AnalysisFlag::numDistinctApprox",4096,1,6.81981e+08
ADD,int64_t,"AnalysisFlag::min, AnalysisFlag::max, AnalysisFlag::mean, AnalysisFlag::sparsity, AnalysisFlag::symmetry, AnalysisFlag::numDistinctApprox",4096,1,6.82504e+08
MUL,double,"AnalysisFlag::min, AnalysisFlag::max, AnalysisFlag::mean, AnalysisFlag::sparsity, AnalysisFlag::symmetry, AnalysisFlag::numDistinctApprox",1024,0.001,201551
MUL,double,"AnalysisFlag::min, AnalysisFlag::max, AnalysisFlag::mean, AnalysisFlag::sparsity, AnalysisFlag::symmetry, AnalysisFlag::numDistinctApprox",1024,0.001,98239
MUL,double,"AnalysisFlag::min, AnalysisFlag::max, AnalysisFlag::mean, AnalysisFlag::sparsity, AnalysisFlag::symmetry, AnalysisFlag::numDistinctApprox",1024,0.001,95241
MUL,double,"AnalysisFlag::min, AnalysisFlag::max, AnalysisFlag::mean, AnalysisFlag::sparsity, AnalysisFlag::symmetry, AnalysisFlag::numDistinctApprox",1024,0.001,95059
MUL,double,"AnalysisFlag::min, AnalysisFlag::max, AnalysisFlag::mean, AnalysisFlag::sparsity, AnalysisFlag::symmetry, AnalysisFlag::numDistinctApprox",1024,0.001,95033
MUL,double,"AnalysisFlag::min, AnalysisFlag::max, AnalysisFlag::mean, AnalysisFlag::sparsity, AnalysisFlag::symmetry, AnalysisFlag::numDistinctApprox",1024,0.001,95046
MUL,double,"AnalysisFlag::min, AnalysisFlag::max, AnalysisFlag::mean, AnalysisFlag::sparsity, AnalysisFlag::symmetry, AnalysisFlag::numDistinctApprox",1024,0.001,94734
MUL,double,"AnalysisFlag::min, AnalysisFlag::max, AnalysisFlag::mean, AnalysisFlag::sparsity, AnalysisFlag::symmetry, AnalysisFlag::numDistinctApprox",1024,0.001,95045
MUL,double,"AnalysisFlag::min, AnalysisFlag::max, AnalysisFlag::mean, AnalysisFlag::sparsity, AnalysisFlag::symmetry, AnalysisFlag::numDistinctApprox",1024,0.001,94973
MUL,double,"AnalysisFlag::min, AnalysisFlag::max, AnalysisFlag::mean, AnalysisFlag::sparsity, AnalysisFlag::symmetry, AnalysisFlag::numDistinctApprox",1024,0.001,94727
MUL,double,"AnalysisFlag::min, AnalysisFlag::max, AnalysisFlag::mean, AnalysisFlag::sparsity, AnalysisFlag::symmetry, AnalysisFlag::numDistinctApprox",2048,0.001,472677
MUL,double,"AnalysisFlag::min, AnalysisFlag::max, AnalysisFlag::mean, AnalysisFlag::sparsity, AnalysisFlag::symmetry, AnalysisFlag::numDistinctApprox",2048,0.001,207774
MUL,double,"AnalysisFlag::min, AnalysisFlag::max, AnalysisFlag::mean, AnalysisFlag::sparsity, AnalysisFlag::symmetry, AnalysisFlag::numDistinctApprox",2048,0.001,204429
MUL,double,"AnalysisFlag::min, AnalysisFlag::max, AnalysisFlag::mean, AnalysisFlag::sparsity, AnalysisFlag::symmetry, AnalysisFlag::numDistinctApprox",2048,0.001,200926
MUL,double,"AnalysisFlag::min, AnalysisFlag::max, AnalysisFlag::mean, AnalysisFlag::sparsity, AnalysisFlag::symmetry, AnalysisFlag::numDistinctApprox",2048,0.001,205074
MUL,double,"AnalysisFlag::min, AnalysisFlag::max, AnalysisFlag::mean, AnalysisFlag::sparsity, AnalysisFlag::symmetry, AnalysisFlag::numDistinctApprox",2048,0.001,203389
MUL,double,"AnalysisFlag::min, AnalysisFlag::max, AnalysisFlag::mean, AnalysisFlag::sparsity, AnalysisFlag::symmetry, AnalysisFlag::numDistinctApprox",2048,0.001,205878
MUL,double,"AnalysisFlag::min, AnalysisFlag::max, AnalysisFlag::mean, AnalysisFlag::sparsity, AnalysisFlag::symmetry, AnalysisFlag::numDistinctApprox",2048,0.001,200533
MUL,double,"AnalysisFlag::min, AnalysisFlag::max, AnalysisFlag::mean, AnalysisFlag::sparsity, AnalysisFlag::symmetry, AnalysisFlag::numDistinctApprox",2048,0.001,197671
MUL,double,"AnalysisFlag::min, AnalysisFlag::max, AnalysisFlag::mean, AnalysisFlag::sparsity, AnalysisFlag::symmetry, AnalysisFlag::numDistinctApprox",2048,0.001,197108
MUL,double,"AnalysisFlag::min, AnalysisFlag::max, AnalysisFlag::mean, AnalysisFlag::sparsity, AnalysisFlag::symmetry, AnalysisFlag::numDistinctApprox",4096,0.001,905230
MUL,double,"AnalysisFlag::min, AnalysisFlag::max, AnalysisFlag::mean, AnalysisFlag::sparsity, AnalysisFlag::symmetry, AnalysisFlag::numDistinctApprox",4096,0.001,475288
MUL,double,"AnalysisFlag::min, AnalysisFlag::max, AnalysisFlag::mean, AnalysisFlag::sparsity, AnalysisFlag::symmetry, AnalysisFlag::numDistinctApprox",4096,0.001,463623
MUL,double,"AnalysisFlag::min, AnalysisFlag::max, AnalysisFlag::mean, AnalysisFlag::sparsity, AnalysisFlag::symmetry, AnalysisFlag::numDistinctApprox",4096,0.001,462669
MUL,double,"AnalysisFlag::min, AnalysisFlag::max, AnalysisFlag::mean, AnalysisFlag::sparsity, AnalysisFlag::symmetry, AnalysisFlag::numDistinctApprox",4096,0.001,461253
MUL,double,"AnalysisFlag::min, AnalysisFlag::max, AnalysisFlag::mean, AnalysisFlag::sparsity, AnalysisFlag::symmetry, AnalysisFlag::numDistinctApprox",4096,0.001,462450
MUL,double,"AnalysisFlag::min, AnalysisFlag::max, AnalysisFlag::mean, AnalysisFlag::sparsity, AnalysisFlag::symmetry, AnalysisFlag::numDistinctApprox",4096,0.001,464426
MUL,double,"AnalysisFlag::min, AnalysisFlag::max, AnalysisFlag::mean, AnalysisFlag::sparsity, AnalysisFlag::symmetry, AnalysisFlag::numDistinctApprox",4096,0.001,470518
MUL,double,"AnalysisFlag::min, AnalysisFlag::max, AnalysisFlag::mean, AnalysisFlag::sparsity, AnalysisFlag::symmetry, AnalysisFlag::numDistinctApprox",4096,0.001,460173
MUL,double,"AnalysisFlag::min, AnalysisFlag::max, AnalysisFlag::mean, AnalysisFlag::sparsity, AnalysisFlag::symmetry, AnalysisFlag::numDistinctApprox",4096,0.001,462006
MUL,int64_t,"AnalysisFlag::min, AnalysisFlag::max, AnalysisFlag::mean, AnalysisFlag::sparsity, AnalysisFlag::symmetry, AnalysisFlag::numDistinctApprox",1024,0.001,130926
MUL,int64_t,"AnalysisFlag::min, AnalysisFlag::max, AnalysisFlag::mean, AnalysisFlag::sparsity, AnalysisFlag::symmetry, AnalysisFlag::numDistinctApprox",1024,0.001,87408
MUL,int64_t,"AnalysisFlag::min, AnalysisFlag::max, AnalysisFlag::mean, AnalysisFlag::sparsity, AnalysisFlag::symmetry, AnalysisFlag::numDistinctApprox",1024,0.001,88255
MUL,int64_t,"AnalysisFlag::min, AnalysisFlag::max, AnalysisFlag::mean, AnalysisFlag::sparsity, AnalysisFlag::symmetry, AnalysisFlag::numDistinctApprox",1024,0.001,87363
MUL,int64_t,"AnalysisFlag::min, AnalysisFlag::max, AnalysisFlag::mean, AnalysisFlag::sparsity, AnalysisFlag::symmetry, AnalysisFlag::numDistinctApprox",1024,0.001,87388
MUL,int64_t,"AnalysisFlag::min, AnalysisFlag::max, AnalysisFlag::mean, AnalysisFlag::sparsity, AnalysisFlag::symmetry, AnalysisFlag::numDistinctApprox",1024,0.001,88866
MUL,int64_t,"AnalysisFlag::min, AnalysisFlag::max, AnalysisFlag::mean, AnalysisFlag::sparsity, AnalysisFlag::symmetry, AnalysisFlag::numDistinctApprox",1024,0.001,88097
MUL,int64_t,"AnalysisFlag::min, AnalysisFlag::max, AnalysisFlag::mean, AnalysisFlag::sparsity, AnalysisFlag::symmetry, AnalysisFlag::numDistinctApprox",1024,0.001,87274
MUL,int64_t,"AnalysisFlag::min, AnalysisFlag::max, AnalysisFlag::mean, AnalysisFlag::sparsity, AnalysisFlag::symmetry, AnalysisFlag::numDistinctApprox",1024,0.001,87615
MUL,int64_t,"AnalysisFlag::min, AnalysisFlag::max, AnalysisFlag::mean, AnalysisFlag::sparsity, AnalysisFlag::symmetry, AnalysisFlag::numDistinctApprox",1024,0.001,88204
MUL,int64_t,"AnalysisFlag::min, AnalysisFlag::max, AnalysisFlag::mean, AnalysisFlag::sparsity, AnalysisFlag::symmetry, AnalysisFlag::numDistinctApprox",2048,0.001,321626
MUL,int64_t,"AnalysisFlag::min, AnalysisFlag::max, AnalysisFlag::mean, AnalysisFlag::sparsity, AnalysisFlag::symmetry, AnalysisFlag::numDistinctApprox",2048,0.001,198871
MUL,int64_t,"AnalysisFlag::min, AnalysisFlag::max, AnalysisFlag::mean, AnalysisFlag::sparsity, AnalysisFlag::symmetry, AnalysisFlag::numDistinctApprox",2048,0.001,195359
MUL,int64_t,"AnalysisFlag::min, AnalysisFlag::max, AnalysisFlag::mean, AnalysisFlag::sparsity, AnalysisFlag::symmetry, AnalysisFlag::numDistinctApprox",2048,0.001,197107
MUL,int64_t,"AnalysisFlag::min, AnalysisFlag::max, AnalysisFlag::mean, AnalysisFlag::sparsity, AnalysisFlag::symmetry, AnalysisFlag::numDistinctApprox",2048,0.001,190087
MUL,int64_t,"AnalysisFlag::min, AnalysisFlag::max, AnalysisFlag::mean, AnalysisFlag::sparsity, AnalysisFlag::symmetry, AnalysisFlag::numDistinctApprox",2048,0.001,192072
MUL,int64_t,"AnalysisFlag::min, AnalysisFlag::max, AnalysisFlag::mean, AnalysisFlag::sparsity, AnalysisFlag::symmetry, AnalysisFlag::numDistinctApprox",2048,0.001,189874
MUL,int64_t,"AnalysisFlag::min, AnalysisFlag::max, AnalysisFlag::mean, AnalysisFlag::sparsity, AnalysisFlag::symmetry, AnalysisFlag::numDistinctApprox",2048,0.001,190951
MUL,int64_t,"AnalysisFlag::min, AnalysisFlag::max, AnalysisFlag::mean, AnalysisFlag::sparsity, AnalysisFlag::symmetry, AnalysisFlag::numDistinctApprox",2048,0.001,189148
MUL,int64_t,"AnalysisFlag::min, AnalysisFlag::max, AnalysisFlag::mean, AnalysisFlag::sparsity, AnalysisFlag::symmetry, AnalysisFlag::numDistinctApprox",2048,0.001,191918
MUL,int64_t,"AnalysisFlag::min, AnalysisFlag::max, AnalysisFlag::mean, AnalysisFlag::sparsity, AnalysisFlag::symmetry, AnalysisFlag::numDistinctApprox",4096,0.001,899058
MUL,int64_t,"AnalysisFlag::min, AnalysisFlag::max, AnalysisFlag::mean, AnalysisFlag::sparsity, AnalysisFlag::symmetry, AnalysisFlag::numDistinctApprox",4096,0.001,456748
MUL,int64_t,"AnalysisFlag::min, AnalysisFlag::max, AnalysisFlag::mean, AnalysisFlag::sparsity, AnalysisFlag::symmetry, AnalysisFlag::numDistinctApprox",4096,0.001,472534
MUL,int64_t,"AnalysisFlag::min, AnalysisFlag::max, AnalysisFlag::mean, AnalysisFlag::sparsity, AnalysisFlag::symmetry, AnalysisFlag::numDistinctApprox",4096,0.001,460373
MUL,int64_t,"AnalysisFlag::min, AnalysisFlag::max, AnalysisFlag::mean, AnalysisFlag::sparsity, AnalysisFlag::symmetry, AnalysisFlag::numDistinctApprox",4096,0.001,460359
MUL,int64_t,"AnalysisFlag::min, AnalysisFlag::max, AnalysisFlag::mean, AnalysisFlag::sparsity, AnalysisFlag::symmetry, AnalysisFlag::numDistinctApprox",4096,0.001,462936
MUL,int64_t,"AnalysisFlag::min, AnalysisFlag::max, AnalysisFlag::mean, AnalysisFlag::sparsity, AnalysisFlag::symmetry, AnalysisFlag::numDistinctApprox",4096,0.001,468283
MUL,int64_t,"AnalysisFlag::min, AnalysisFlag::max, AnalysisFlag::mean, AnalysisFlag::sparsity, AnalysisFlag::symmetry, AnalysisFlag::numDistinctApprox",4096,0.001,454658
MUL,int64_t,"AnalysisFlag::min, AnalysisFlag::max, AnalysisFlag::mean, AnalysisFlag::sparsity, AnalysisFlag::symmetry, AnalysisFlag::numDistinctApprox",4096,0.001,469963
MUL,int64_t,"AnalysisFlag::min, AnalysisFlag::max, AnalysisFlag::mean, AnalysisFlag::sparsity, AnalysisFlag::symmetry, AnalysisFlag::numDistinctApprox",4096,0.001,466318
MUL,double,"AnalysisFlag::min, AnalysisFlag::max, AnalysisFlag::mean, AnalysisFlag::sparsity, AnalysisFlag::symmetry, AnalysisFlag::numDistinctApprox",1024,0.01,481147
MUL,double,"AnalysisFlag::min, AnalysisFlag::max, AnalysisFlag::mean, AnalysisFlag::sparsity, AnalysisFlag::symmetry, AnalysisFlag::numDistinctApprox",1024,0.01,187161
MUL,double,"AnalysisFlag::min, AnalysisFlag::max, AnalysisFlag::mean, AnalysisFlag::sparsity, AnalysisFlag::symmetry, AnalysisFlag::numDistinctApprox",1024,0.01,183979
MUL,double,"AnalysisFlag::min, AnalysisFlag::max, AnalysisFlag::mean, AnalysisFlag::sparsity, AnalysisFlag::symmetry, AnalysisFlag::numDistinctApprox",1024,0.01,186343
MUL,double,"AnalysisFlag::min, AnalysisFlag::max, AnalysisFlag::mean, AnalysisFlag::sparsity, AnalysisFlag::symmetry, AnalysisFlag::numDistinctApprox",1024,0.01,185642
MUL,double,"AnalysisFlag::min, AnalysisFlag::max, AnalysisFlag::mean, AnalysisFlag::sparsity, AnalysisFlag::symmetry, AnalysisFlag::numDistinctApprox",1024,0.01,183621
MUL,double,"AnalysisFlag::min, AnalysisFlag::max, AnalysisFlag::mean, AnalysisFlag::sparsity, AnalysisFlag::symmetry, AnalysisFlag::numDistinctApprox",1024,0.01,187048
MUL,double,"AnalysisFlag::min, AnalysisFlag::max, AnalysisFlag::mean, AnalysisFlag::sparsity, AnalysisFlag::symmetry, AnalysisFlag::numDistinctApprox",1024,0.01,185378
MUL,double,"AnalysisFlag::min, AnalysisFlag::max, AnalysisFlag::mean, AnalysisFlag::sparsity, AnalysisFlag::symmetry, AnalysisFlag::numDistinctApprox",1024,0.01,186255
MUL,double,"AnalysisFlag::min, AnalysisFlag::max, AnalysisFlag::mean, AnalysisFlag::sparsity, AnalysisFlag::symmetry, AnalysisFlag::numDistinctApprox",1024,0.01,186840
MUL,double,"AnalysisFlag::min, AnalysisFlag::max, AnalysisFlag::mean, AnalysisFlag::sparsity, AnalysisFlag::symmetry, AnalysisFlag::numDistinctApprox",2048,0.01,959319
MUL,double,"AnalysisFlag::min, AnalysisFlag::max, AnalysisFlag::mean, AnalysisFlag::sparsity, AnalysisFlag::symmetry, AnalysisFlag::numDistinctApprox",2048,0.01,590308
MUL,double,"AnalysisFlag::min, AnalysisFlag::max, AnalysisFlag::mean, AnalysisFlag::sparsity, AnalysisFlag::symmetry, AnalysisFlag::numDistinctApprox",2048,0.01,586131
MUL,double,"AnalysisFlag::min, AnalysisFlag::max, AnalysisFlag::mean, AnalysisFlag::sparsity, AnalysisFlag::symmetry, AnalysisFlag::numDistinctApprox",2048,0.01,589486
MUL,double,"AnalysisFlag::min, AnalysisFlag::max, AnalysisFlag::mean, AnalysisFlag::sparsity, AnalysisFlag::symmetry, AnalysisFlag::numDistinctApprox",2048,0.01,583391
MUL,double,"AnalysisFlag::min, AnalysisFlag::max, AnalysisFlag::mean, AnalysisFlag::sparsity, AnalysisFlag::symmetry, AnalysisFlag::numDistinctApprox",2048,0.01,584533
MUL,double,"AnalysisFlag::min, AnalysisFlag::max, AnalysisFlag::mean, AnalysisFlag::sparsity, AnalysisFlag::symmetry, AnalysisFlag::numDistinctApprox",2048,0.01,591196
MUL,double,"AnalysisFlag::min, AnalysisFlag::max, AnalysisFlag::mean, AnalysisFlag::sparsity, AnalysisFlag::symmetry, AnalysisFlag::numDistinctApprox",2048,0.01,586181
MUL,double,"AnalysisFlag::min, AnalysisFlag::max, AnalysisFlag::mean, AnalysisFlag::sparsity, AnalysisFlag::symmetry, AnalysisFlag::numDistinctApprox",2048,0.01,596481
MUL,double,"AnalysisFlag::min, AnalysisFlag::max, AnalysisFlag::mean, AnalysisFlag::sparsity, AnalysisFlag::symmetry, AnalysisFlag::numDistinctApprox",2048,0.01,587825
MUL,double,"AnalysisFlag::min, AnalysisFlag::max, AnalysisFlag::mean, AnalysisFlag::sparsity, AnalysisFlag::symmetry, AnalysisFlag::numDistinctApprox",4096,0.01,2.28303e+06
MUL,double,"AnalysisFlag::min, AnalysisFlag::max, AnalysisFlag::mean, AnalysisFlag::sparsity, AnalysisFlag::symmetry, AnalysisFlag::numDistinctApprox",4096,0.01,2.06947e+06
MUL,double,"AnalysisFlag::min, AnalysisFlag::max, AnalysisFlag::mean, AnalysisFlag::sparsity, AnalysisFlag::symmetry, AnalysisFlag::numDistinctApprox",4096,0.01,2.05077e+06
MUL,double,"AnalysisFlag::min, AnalysisFlag::max, AnalysisFlag::mean, AnalysisFlag::sparsity, AnalysisFlag::symmetry, AnalysisFlag::numDistinctApprox",4096,0.01,2.03801e+06
MUL,double,"AnalysisFlag::min, AnalysisFlag::max, AnalysisFlag::mean, AnalysisFlag::sparsity, AnalysisFlag::symmetry, AnalysisFlag::numDistinctApprox",4096,0.01,2.02355e+06
MUL,double,"AnalysisFlag::min, AnalysisFlag::max, AnalysisFlag::mean, AnalysisFlag::sparsity, AnalysisFlag::symmetry, AnalysisFlag::numDistinctApprox",4096,0.01,2.04467e+06
MUL,double,"AnalysisFlag::min, AnalysisFlag::max, AnalysisFlag::mean, AnalysisFlag::sparsity, AnalysisFlag::symmetry, AnalysisFlag::numDistinctApprox",4096,0.01,2.0988e+06
MUL,double,"AnalysisFlag::min, AnalysisFlag::max, AnalysisFlag::mean, AnalysisFlag::sparsity, AnalysisFlag::symmetry, AnalysisFlag::numDistinctApprox",4096,0.01,2.07998e+06
MUL,double,"AnalysisFlag::min, AnalysisFlag::max, AnalysisFlag::mean, AnalysisFlag::sparsity, AnalysisFlag::symmetry, AnalysisFlag::numDistinctApprox",4096,0.01,2.04744e+06
MUL,double,"AnalysisFlag::min, AnalysisFlag::max, AnalysisFlag::mean, AnalysisFlag::sparsity, AnalysisFlag::symmetry, AnalysisFlag::numDistinctApprox",4096,0.01,2.04864e+06
MUL,int64_t,"AnalysisFlag::min, AnalysisFlag::max, AnalysisFlag::mean, AnalysisFlag::sparsity, AnalysisFlag::symmetry, AnalysisFlag::numDistinctApprox",1024,0.01,448266
MUL,int64_t,"AnalysisFlag::min, AnalysisFlag::max, AnalysisFlag::mean, AnalysisFlag::sparsity, AnalysisFlag::symmetry, AnalysisFlag::numDistinctApprox",1024,0.01,183805
MUL,int64_t,"AnalysisFlag::min, AnalysisFlag::max, AnalysisFlag::mean, AnalysisFlag::sparsity, AnalysisFlag::symmetry, AnalysisFlag::numDistinctApprox",1024,0.01,182395
MUL,int64_t,"AnalysisFlag::min, AnalysisFlag::max, AnalysisFlag::mean, AnalysisFlag::sparsity, AnalysisFlag::symmetry, AnalysisFlag::numDistinctApprox",1024,0.01,181329
MUL,int64_t,"AnalysisFlag::min, AnalysisFlag::max, AnalysisFlag::mean, AnalysisFlag::sparsity, AnalysisFlag::symmetry, AnalysisFlag::numDistinctApprox",1024,0.01,179438
MUL,int64_t,"AnalysisFlag::min, AnalysisFlag::max, AnalysisFlag::mean, AnalysisFlag::sparsity, AnalysisFlag::symmetry, AnalysisFlag::numDistinctApprox",1024,0.01,178258
MUL,int64_t,"AnalysisFlag::min, AnalysisFlag::max, AnalysisFlag::mean, AnalysisFlag::sparsity, AnalysisFlag::symmetry, AnalysisFlag::numDistinctApprox",1024,0.01,182307
MUL,int64_t,"AnalysisFlag::min, AnalysisFlag::max, AnalysisFlag::mean, AnalysisFlag::sparsity, AnalysisFlag::symmetry, AnalysisFlag::numDistinctApprox",1024,0.01,180961
MUL,int64_t,"AnalysisFlag::min, AnalysisFlag::max, AnalysisFlag::mean, AnalysisFlag::sparsity, AnalysisFlag::symmetry, AnalysisFlag::numDistinctApprox",1024,0.01,179559
MUL,int64_t,"AnalysisFlag::min, AnalysisFlag::max, AnalysisFlag::mean, AnalysisFlag::sparsity, AnalysisFlag::symmetry, AnalysisFlag::numDistinctApprox",1024,0.01,177419
MUL,int64_t,"AnalysisFlag::min, AnalysisFlag::max, AnalysisFlag::mean, AnalysisFlag::sparsity, AnalysisFlag::symmetry, AnalysisFlag::numDistinctApprox",2048,0.01,1.54417e+06
MUL,int64_t,"AnalysisFlag::min, AnalysisFlag::max, AnalysisFlag::mean, AnalysisFlag::sparsity, AnalysisFlag::symmetry, AnalysisFlag::numDistinctApprox",2048,0.01,561889
MUL,int64_t,"AnalysisFlag::min, AnalysisFlag::max, AnalysisFlag::mean, AnalysisFlag::sparsity, AnalysisFlag::symmetry, AnalysisFlag::numDistinctApprox",2048,0.01,556581
MUL,int64_t,"AnalysisFlag::min, AnalysisFlag::max, AnalysisFlag::mean, AnalysisFlag::sparsity, AnalysisFlag::symmetry, AnalysisFlag::numDistinctApprox",2048,0.01,560011
MUL,int64_t,"AnalysisFlag::min, AnalysisFlag::max, AnalysisFlag::mean, AnalysisFlag::sparsity, AnalysisFlag::symmetry, AnalysisFlag::numDistinctApprox",2048,0.01,558515
MUL,int64_t,"AnalysisFlag::min, AnalysisFlag::max, AnalysisFlag::mean, AnalysisFlag::sparsity, AnalysisFlag::symmetry, AnalysisFlag::numDistinctApprox",2048,0.01,562817
MUL,int64_t,"AnalysisFlag::min, AnalysisFlag::max, AnalysisFlag::mean, AnalysisFlag::sparsity, AnalysisFlag::symmetry, AnalysisFlag::numDistinctApprox",2048,0.01,558732
MUL,int64_t,"AnalysisFlag::min, AnalysisFlag::max, AnalysisFlag::mean, AnalysisFlag::sparsity, AnalysisFlag::symmetry, AnalysisFlag::numDistinctApprox",2048,0.01,561857
MUL,int64_t,"AnalysisFlag::min, AnalysisFlag::max, AnalysisFlag::mean, AnalysisFlag::sparsity, AnalysisFlag::symmetry, AnalysisFlag::numDistinctApprox",2048,0.01,557264
MUL,int64_t,"AnalysisFlag::min, AnalysisFlag::max, AnalysisFlag::mean, AnalysisFlag::sparsity, AnalysisFlag::symmetry, AnalysisFlag::numDistinctApprox",2048,0.01,571707
MUL,int64_t,"AnalysisFlag::min, AnalysisFlag::max, AnalysisFlag::mean, AnalysisFlag::sparsity, AnalysisFlag::symmetry, AnalysisFlag::numDistinctApprox",4096,0.01,6.2462e+06
MUL,int64_t,"AnalysisFlag::min, AnalysisFlag::max, AnalysisFlag::mean, AnalysisFlag::sparsity, AnalysisFlag::symmetry, AnalysisFlag::numDistinctApprox",4096,0.01,1.97342e+06
MUL,int64_t,"AnalysisFlag::min, AnalysisFlag::max, AnalysisFlag::mean, AnalysisFlag::sparsity, AnalysisFlag::symmetry, AnalysisFlag::numDistinctApprox",4096,0.01,1.98708e+06
MUL,int64_t,"AnalysisFlag::min, AnalysisFlag::max, AnalysisFlag::mean, AnalysisFlag::sparsity, AnalysisFlag::symmetry, AnalysisFlag::numDistinctApprox",4096,0.01,1.96108e+06
MUL,int64_t,"AnalysisFlag::min, AnalysisFlag::max, AnalysisFlag::mean, AnalysisFlag::sparsity, AnalysisFlag::symmetry, AnalysisFlag::numDistinctApprox",4096,0.01,1.96173e+06
MUL,int64_t,"AnalysisFlag::min, AnalysisFlag::max, AnalysisFlag::mean, AnalysisFlag::sparsity, AnalysisFlag::symmetry, AnalysisFlag::numDistinctApprox",4096,0.01,1.95072e+06
MUL,int64_t,"AnalysisFlag::min, AnalysisFlag::max, AnalysisFlag::mean, AnalysisFlag::sparsity, AnalysisFlag::symmetry, AnalysisFlag::numDistinctApprox",4096,0.01,1.96779e+06
MUL,int64_t,"AnalysisFlag::min, AnalysisFlag::max, AnalysisFlag::mean, AnalysisFlag::sparsity, AnalysisFlag::symmetry, AnalysisFlag::numDistinctApprox",4096,0.01,1.94188e+06
MUL,int64_t,"AnalysisFlag::min, AnalysisFlag::max, AnalysisFlag::mean, AnalysisFlag::sparsity, AnalysisFlag::symmetry, AnalysisFlag::numDistinctApprox",4096,0.01,1.98578e+06
MUL,int64_t,"AnalysisFlag::min, AnalysisFlag::max, AnalysisFlag::mean, AnalysisFlag::sparsity, AnalysisFlag::symmetry, AnalysisFlag::numDistinctApprox",4096,0.01,1.97245e+06
MUL,double,"AnalysisFlag::min, AnalysisFlag::max, AnalysisFlag::mean, AnalysisFlag::sparsity, AnalysisFlag::symmetry, AnalysisFlag::numDistinctApprox",1024,0.05,966915
MUL,double,"AnalysisFlag::min, AnalysisFlag::max, AnalysisFlag::mean, AnalysisFlag::sparsity, AnalysisFlag::symmetry, AnalysisFlag::numDistinctApprox",1024,0.05,805310
MUL,double,"AnalysisFlag::min, AnalysisFlag::max, AnalysisFlag::mean, AnalysisFlag::sparsity, AnalysisFlag::symmetry, AnalysisFlag::numDistinctApprox",1024,0.05,754580
MUL,double,"AnalysisFlag::min, AnalysisFlag::max, AnalysisFlag::mean, AnalysisFlag::sparsity, AnalysisFlag::symmetry, AnalysisFlag::numDistinctApprox",1024,0.05,772454
MUL,double,"AnalysisFlag::min, AnalysisFlag::max, AnalysisFlag::mean, AnalysisFlag::sparsity, AnalysisFlag::symmetry, AnalysisFlag::numDistinctApprox",1024,0.05,821279
MUL,double,"AnalysisFlag::min, AnalysisFlag::max, AnalysisFlag::mean, AnalysisFlag::sparsity, AnalysisFlag::symmetry, AnalysisFlag::numDistinctApprox",1024,0.05,772212
MUL,double,"AnalysisFlag::min, AnalysisFlag::max, AnalysisFlag::mean, AnalysisFlag::sparsity, AnalysisFlag::symmetry, AnalysisFlag::numDistinctApprox",1024,0.05,765966
MUL,double,"AnalysisFlag::min, AnalysisFlag::max, AnalysisFlag::mean, AnalysisFlag::sparsity, AnalysisFlag::symmetry, AnalysisFlag::numDistinctApprox",1024,0.05,772949
MUL,double,"AnalysisFlag::min, AnalysisFlag::max, AnalysisFlag::mean, AnalysisFlag::sparsity, AnalysisFlag::symmetry, AnalysisFlag::numDistinctApprox",1024,0.05,769382
MUL,double,"AnalysisFlag::min, AnalysisFlag::max, AnalysisFlag::mean, AnalysisFlag::sparsity, AnalysisFlag::symmetry, AnalysisFlag::numDistinctApprox",1024,0.05,763795
MUL,double,"AnalysisFlag::min, AnalysisFlag::max, AnalysisFlag::mean, AnalysisFlag::sparsity, AnalysisFlag::symmetry, AnalysisFlag::numDistinctApprox",2048,0.05,2.38839e+06
MUL,double,"AnalysisFlag::min, AnalysisFlag::max, AnalysisFlag::mean, AnalysisFlag::sparsity, AnalysisFlag::symmetry, AnalysisFlag::numDistinctApprox",2048,0.05,2.52109e+06
MUL,double,"AnalysisFlag::min, AnalysisFlag::max, AnalysisFlag::mean, AnalysisFlag::sparsity, AnalysisFlag::symmetry, AnalysisFlag::numDistinctApprox",2048,0.05,2.54069e+06
MUL,double,"AnalysisFlag::min, AnalysisFlag::max, AnalysisFlag::mean, AnalysisFlag::sparsity, AnalysisFlag::symmetry, AnalysisFlag::numDistinctApprox",2048,0.05,2.51536e+06
MUL,double,"AnalysisFlag::min, AnalysisFlag::max, AnalysisFlag::mean, AnalysisFlag::sparsity, AnalysisFlag::symmetry, AnalysisFlag::numDistinctApprox",2048,0.05,2.53553e+06
MUL,double,"AnalysisFlag::min, AnalysisFlag::max, AnalysisFlag::mean, AnalysisFlag::sparsity, AnalysisFlag::symmetry, AnalysisFlag::numDistinctApprox",2048,0.05,2.57716e+06
MUL,double,"AnalysisFlag::min, AnalysisFlag::max, AnalysisFlag::mean, AnalysisFlag::sparsity, AnalysisFlag::symmetry, AnalysisFlag::numDistinctApprox",2048,0.05,2.48975e+06
MUL,double,"AnalysisFlag::min, AnalysisFlag::max, AnalysisFlag::mean, AnalysisFlag::sparsity, AnalysisFlag::symmetry, AnalysisFlag::numDistinctApprox",2048,0.05,2.54873e+06
MUL,double,"AnalysisFlag::min, AnalysisFlag::max, AnalysisFlag::mean, AnalysisFlag::sparsity, AnalysisFlag::symmetry, AnalysisFlag::numDistinctApprox",2048,0.05,2.5629e+06
MUL,double,"AnalysisFlag::min, AnalysisFlag::max, AnalysisFlag::mean, AnalysisFlag::sparsity, AnalysisFlag::symmetry, AnalysisFlag::numDistinctApprox",2048,0.05,2.52761e+06
MUL,double,"AnalysisFlag::min, AnalysisFlag::max, AnalysisFlag::mean, AnalysisFlag::sparsity, AnalysisFlag::symmetry, AnalysisFlag::numDistinctApprox",4096,0.05,1.0775e+07
MUL,double,"AnalysisFlag::min, AnalysisFlag::max, AnalysisFlag::mean, AnalysisFlag::sparsity, AnalysisFlag::symmetry, AnalysisFlag::numDistinctApprox",4096,0.05,9.21508e+06
MUL,double,"AnalysisFlag::min, AnalysisFlag::max, AnalysisFlag::mean, AnalysisFlag::sparsity, AnalysisFlag::symmetry, AnalysisFlag::numDistinctApprox",4096,0.05,9.25427e+06
MUL,double,"AnalysisFlag::min, AnalysisFlag::max, AnalysisFlag::mean, AnalysisFlag::sparsity, AnalysisFlag::symmetry, AnalysisFlag::numDistinctApprox",4096,0.05,9.20296e+06
MUL,double,"AnalysisFlag::min, AnalysisFlag::max, AnalysisFlag::mean, AnalysisFlag::sparsity, AnalysisFlag::symmetry, AnalysisFlag::numDistinctApprox",4096,0.05,9.18963e+06
MUL,double,"AnalysisFlag::min, AnalysisFlag::max, AnalysisFlag::mean, AnalysisFlag::sparsity, AnalysisFlag::symmetry, AnalysisFlag::numDistinctApprox",4096,0.05,9.15459e+06
MUL,double,"AnalysisFlag::min, AnalysisFlag::max, AnalysisFlag::mean, AnalysisFlag::sparsity, AnalysisFlag::symmetry, AnalysisFlag::numDistinctApprox",4096,0.05,9.20432e+06
MUL,double,"AnalysisFlag::min, AnalysisFlag::max, AnalysisFlag::mean, AnalysisFlag::sparsity, AnalysisFlag::symmetry, AnalysisFlag::numDistinctApprox",4096,0.05,9.13489e+06
MUL,double,"AnalysisFlag::min, AnalysisFlag::max, AnalysisFlag::mean, AnalysisFlag::sparsity, AnalysisFlag::symmetry, AnalysisFlag::numDistinctApprox",4096,0.05,9.17278e+06
MUL,double,"AnalysisFlag::min, AnalysisFlag::max, AnalysisFlag::mean, AnalysisFlag::sparsity, AnalysisFlag::symmetry, AnalysisFlag::numDistinctApprox",4096,0.05,9.12592e+06
MUL,int64_t,"AnalysisFlag::min, AnalysisFlag::max, AnalysisFlag::mean, AnalysisFlag::sparsity, AnalysisFlag::symmetry, AnalysisFlag::numDistinctApprox",1024,0.05,1.91727e+06
MUL,int64_t,"AnalysisFlag::min, AnalysisFlag::max, AnalysisFlag::mean, AnalysisFlag::sparsity, AnalysisFlag::symmetry, AnalysisFlag::numDistinctApprox",1024,0.05,744351
MUL,int64_t,"AnalysisFlag::min, AnalysisFlag::max, AnalysisFlag::mean, AnalysisFlag::sparsity, AnalysisFlag::symmetry, AnalysisFlag::numDistinctApprox",1024,0.05,740434
MUL,int64_t,"AnalysisFlag::min, AnalysisFlag::max, AnalysisFlag::mean, AnalysisFlag::sparsity, AnalysisFlag::symmetry, AnalysisFlag::numDistinctApprox",1024,0.05,750603
MUL,int64_t,"AnalysisFlag::min, AnalysisFlag::max, AnalysisFlag::mean, AnalysisFlag::sparsity, AnalysisFlag::symmetry, AnalysisFlag::numDistinctApprox",1024,0.05,747525
MUL,int64_t,"AnalysisFlag::min, AnalysisFlag::max, AnalysisFlag::mean, AnalysisFlag::sparsity, AnalysisFlag::symmetry, AnalysisFlag::numDistinctApprox",1024,0.05,739138
MUL,int64_t,"AnalysisFlag::min, AnalysisFlag::max, AnalysisFlag::mean, AnalysisFlag::sparsity, AnalysisFlag::symmetry, AnalysisFlag::numDistinctApprox",1024,0.05,738515
MUL,int64_t,"AnalysisFlag::min, AnalysisFlag::max, AnalysisFlag::mean, AnalysisFlag::sparsity, AnalysisFlag::symmetry, AnalysisFlag::numDistinctApprox",1024,0.05,770444
MUL,int64_t,"AnalysisFlag::min, AnalysisFlag::max, AnalysisFlag::mean, AnalysisFlag::sparsity, AnalysisFlag::symmetry, AnalysisFlag::numDistinctApprox",1024,0.05,755471
MUL,int64_t,"AnalysisFlag::min, AnalysisFlag::max, AnalysisFlag::mean, AnalysisFlag::sparsity, AnalysisFlag::symmetry, AnalysisFlag::numDistinctApprox",1024,0.05,771526
MUL,int64_t,"AnalysisFlag::min, AnalysisFlag::max, AnalysisFlag::mean, AnalysisFlag::sparsity, AnalysisFlag::symmetry, AnalysisFlag::numDistinctApprox",2048,0.05,7.31854e+06
MUL,int64_t,"AnalysisFlag::min, AnalysisFlag::max, AnalysisFlag::mean, AnalysisFlag::sparsity, AnalysisFlag::symmetry, AnalysisFlag::numDistinctApprox",2048,0.05,2.53818e+06
MUL,int64_t,"AnalysisFlag::min, AnalysisFlag::max, AnalysisFlag::mean, AnalysisFlag::sparsity, AnalysisFlag::symmetry, AnalysisFlag::numDistinctApprox",2048,0.05,2.58909e+06
MUL,int64_t,"AnalysisFlag::min, AnalysisFlag::max, AnalysisFlag::mean, AnalysisFlag::sparsity, AnalysisFlag::symmetry, AnalysisFlag::numDistinctApprox",2048,0.05,2.55836e+06
MUL,int64_t,"AnalysisFlag::min, AnalysisFlag::max, AnalysisFlag::mean, AnalysisFlag::sparsity, AnalysisFlag::symmetry, AnalysisFlag::numDistinctApprox",2048,0.05,2.57472e+06
MUL,int64_t,"AnalysisFlag::min, AnalysisFlag::max, AnalysisFlag::mean, AnalysisFlag::sparsity, AnalysisFlag::symmetry, AnalysisFlag::numDistinctApprox",2048,0.05,2.59319e+06
MUL,int64_t,"AnalysisFlag::min, AnalysisFlag::max, AnalysisFlag::mean, AnalysisFlag::sparsity, AnalysisFlag::symmetry, AnalysisFlag::numDistinctApprox",2048,0.05,2.57035e+06
MUL,int64_t,"AnalysisFlag::min, AnalysisFlag::max, AnalysisFlag::mean, AnalysisFlag::sparsity, AnalysisFlag::symmetry, AnalysisFlag::numDistinctApprox",2048,0.05,2.56437e+06
MUL,int64_t,"AnalysisFlag::min, AnalysisFlag::max, AnalysisFlag::mean, AnalysisFlag::sparsity, AnalysisFlag::symmetry, AnalysisFlag::numDistinctApprox",2048,0.05,2.58392e+06
MUL,int64_t,"AnalysisFlag::min, AnalysisFlag::max, AnalysisFlag::mean, AnalysisFlag::sparsity, AnalysisFlag::symmetry, AnalysisFlag::numDistinctApprox",2048,0.05,2.5787e+06
MUL,int64_t,"AnalysisFlag::min, AnalysisFlag::max, AnalysisFlag::mean, AnalysisFlag::sparsity, AnalysisFlag::symmetry, AnalysisFlag::numDistinctApprox",4096,0.05,2.73994e+07
MUL,int64_t,"AnalysisFlag::min, AnalysisFlag::max, AnalysisFlag::mean, AnalysisFlag::sparsity, AnalysisFlag::symmetry, AnalysisFlag::numDistinctApprox",4096,0.05,9.68236e+06
MUL,int64_t,"AnalysisFlag::min, AnalysisFlag::max, AnalysisFlag::mean, AnalysisFlag::sparsity, AnalysisFlag::symmetry, AnalysisFlag::numDistinctApprox",4096,0.05,9.53699e+06
MUL,int64_t,"AnalysisFlag::min, AnalysisFlag::max, AnalysisFlag::mean, AnalysisFlag::sparsity, AnalysisFlag::symmetry, AnalysisFlag::numDistinctApprox",4096,0.05,9.59477e+06
MUL,int64_t,"AnalysisFlag::min, AnalysisFlag::max, AnalysisFlag::mean, AnalysisFlag::sparsity, AnalysisFlag::symmetry, AnalysisFlag::numDistinctApprox",4096,0.05,9.51789e+06
MUL,int64_t,"AnalysisFlag::min, AnalysisFlag::max, AnalysisFlag::mean, AnalysisFlag::sparsity, AnalysisFlag::symmetry, AnalysisFlag::numDistinctApprox",4096,0.05,9.62323e+06
MUL,int64_t,"AnalysisFlag::min, AnalysisFlag::max, AnalysisFlag::mean, AnalysisFlag::sparsity, AnalysisFlag::symmetry, AnalysisFlag::numDistinctApprox",4096,0.05,9.51748e+06
MUL,int64_t,"AnalysisFlag::min, AnalysisFlag::max, AnalysisFlag::mean, AnalysisFlag::sparsity, AnalysisFlag::symmetry, AnalysisFlag::numDistinctApprox",4096,0.05,9.59136e+06
MUL,int64_t,"AnalysisFlag::min, AnalysisFlag::max, AnalysisFlag::mean, AnalysisFlag::sparsity, AnalysisFlag::symmetry, AnalysisFlag::numDistinctApprox",4096,0.05,9.49791e+06
MUL,int64_t,"AnalysisFlag::min, AnalysisFlag::max, AnalysisFlag::mean, AnalysisFlag::sparsity, AnalysisFlag::symmetry, AnalysisFlag::numDistinctApprox",4096,0.05,9.56235e+06
MUL,double,"AnalysisFlag::min, AnalysisFlag::max, AnalysisFlag::mean, AnalysisFlag::sparsity, AnalysisFlag::symmetry, AnalysisFlag::numDistinctApprox",1024,0.1,1.45157e+06
MUL,double,"AnalysisFlag::min, AnalysisFlag::max, AnalysisFlag::mean, AnalysisFlag::sparsity, AnalysisFlag::symmetry, AnalysisFlag::numDistinctApprox",1024,0.1,1.48786e+06
MUL,double,"AnalysisFlag::min, AnalysisFlag::max, AnalysisFlag::mean, AnalysisFlag::sparsity, AnalysisFlag::symmetry, AnalysisFlag::numDistinctApprox",1024,0.1,1.48314e+06
MUL,double,"AnalysisFlag::min, AnalysisFlag::max, AnalysisFlag::mean, AnalysisFlag::sparsity, AnalysisFlag::symmetry, AnalysisFlag::numDistinctApprox",1024,0.1,1.47167e+06
MUL,double,"AnalysisFlag::min, AnalysisFlag::max, AnalysisFlag::mean, AnalysisFlag::sparsity, AnalysisFlag::symmetry, AnalysisFlag::numDistinctApprox",1024,0.1,1.45484e+06
MUL,double,"AnalysisFlag::min, AnalysisFlag::max, AnalysisFlag::mean, AnalysisFlag::sparsity, AnalysisFlag::symmetry, AnalysisFlag::numDistinctApprox",1024,0.1,1.47109e+06
MUL,double,"AnalysisFlag::min, AnalysisFlag::max, AnalysisFlag::mean, AnalysisFlag::sparsity, AnalysisFlag::symmetry, AnalysisFlag::numDistinctApprox",1024,0.1,1.46766e+06
MUL,double,"AnalysisFlag::min, AnalysisFlag::max, AnalysisFlag::mean, AnalysisFlag::sparsity, AnalysisFlag::symmetry, AnalysisFlag::numDistinctApprox",1024,0.1,1.44881e+06
MUL,double,"AnalysisFlag::min, AnalysisFlag::max, AnalysisFlag::mean, AnalysisFlag::sparsity, AnalysisFlag::symmetry, AnalysisFlag::numDistinctApprox",1024,0.1,1.4549e+06
MUL,double,"AnalysisFlag::min, AnalysisFlag::max, AnalysisFlag::mean, AnalysisFlag::sparsity, AnalysisFlag::symmetry, AnalysisFlag::numDistinctApprox",1024,0.1,1.46728e+06
MUL,double,"AnalysisFlag::min, AnalysisFlag::max, AnalysisFlag::mean, AnalysisFlag::sparsity, AnalysisFlag::symmetry, AnalysisFlag::numDistinctApprox",2048,0.1,4.05568e+06
MUL,double,"AnalysisFlag::min, AnalysisFlag::max, AnalysisFlag::mean, AnalysisFlag::sparsity, AnalysisFlag::symmetry, AnalysisFlag::numDistinctApprox",2048,0.1,4.85744e+06
MUL,double,"AnalysisFlag::min, AnalysisFlag::max, AnalysisFlag::mean, AnalysisFlag::sparsity, AnalysisFlag::symmetry, AnalysisFlag::numDistinctApprox",2048,0.1,4.91678e+06
MUL,double,"AnalysisFlag::min, AnalysisFlag::max, AnalysisFlag::mean, AnalysisFlag::sparsity, AnalysisFlag::symmetry, AnalysisFlag::numDistinctApprox",2048,0.1,4.9015e+06
MUL,double,"AnalysisFlag::min, AnalysisFlag::max, AnalysisFlag::mean, AnalysisFlag::sparsity, AnalysisFlag::symmetry, AnalysisFlag::numDistinctApprox",2048,0.1,4.88811e+06
MUL,double,"AnalysisFlag::min, AnalysisFlag::max, AnalysisFlag::mean, AnalysisFlag::sparsity, AnalysisFlag::symmetry, AnalysisFlag::numDistinctApprox",2048,0.1,4.85569e+06
MUL,double,"AnalysisFlag::min, AnalysisFlag::max, AnalysisFlag::mean, AnalysisFlag::sparsity, AnalysisFlag::symmetry, AnalysisFlag::numDistinctApprox",2048,0.1,4.91206e+06
MUL,double,"AnalysisFlag::min, AnalysisFlag::max, AnalysisFlag::mean, AnalysisFlag::sparsity, AnalysisFlag::symmetry, AnalysisFlag::numDistinctApprox",2048,0.1,4.8281e+06
MUL,double,"AnalysisFlag::min, AnalysisFlag::max, AnalysisFlag::mean, AnalysisFlag::sparsity, AnalysisFlag::symmetry, AnalysisFlag::numDistinctApprox",2048,0.1,4.85979e+06
MUL,double,"AnalysisFlag::min, AnalysisFlag::max, AnalysisFlag::mean, AnalysisFlag::sparsity, AnalysisFlag::symmetry, AnalysisFlag::numDistinctApprox",2048,0.1,4.8742e+06
MUL,double,"AnalysisFlag::min, AnalysisFlag::max, AnalysisFlag::mean, AnalysisFlag::sparsity, AnalysisFlag::symmetry, AnalysisFlag::numDistinctApprox",4096,0.1,2.0352e+07
MUL,double,"AnalysisFlag::min, AnalysisFlag::max, AnalysisFlag::mean, AnalysisFlag::sparsity, AnalysisFlag::symmetry, AnalysisFlag::numDistinctApprox",4096,0.1,1.81727e+07
MUL,double,"AnalysisFlag::min, AnalysisFlag::max, AnalysisFlag::mean, AnalysisFlag::sparsity, AnalysisFlag::symmetry, AnalysisFlag::numDistinctApprox",4096,0.1,1.83202e+07
MUL,double,"AnalysisFlag::min, AnalysisFlag::max, AnalysisFlag::mean, AnalysisFlag::sparsity, AnalysisFlag::symmetry, AnalysisFlag::numDistinctApprox",4096,0.1,1.82902e+07
MUL,double,"AnalysisFlag::min, AnalysisFlag::max, AnalysisFlag::mean, AnalysisFlag::sparsity, AnalysisFlag::symmetry, AnalysisFlag::numDistinctApprox",4096,0.1,1.83484e+07
MUL,double,"AnalysisFlag::min, AnalysisFlag::max, AnalysisFlag::mean, AnalysisFlag::sparsity, AnalysisFlag::symmetry, AnalysisFlag::numDistinctApprox",4096,0.1,1.81774e+07
MUL,double,"AnalysisFlag::min, AnalysisFlag::max, AnalysisFlag::mean, AnalysisFlag::sparsity, AnalysisFlag::symmetry, AnalysisFlag::numDistinctApprox",4096,0.1,1.82966e+07
MUL,double,"AnalysisFlag::min, AnalysisFlag::max, AnalysisFlag::mean, AnalysisFlag::sparsity, AnalysisFlag::symmetry, AnalysisFlag::numDistinctApprox",4096,0.1,1.81317e+07
MUL,double,"AnalysisFlag::min, AnalysisFlag::max, AnalysisFlag::mean, AnalysisFlag::sparsity, AnalysisFlag::symmetry, AnalysisFlag::numDistinctApprox",4096,0.1,1.82028e+07
MUL,double,"AnalysisFlag::min, AnalysisFlag::max, AnalysisFlag::mean, AnalysisFlag::sparsity, AnalysisFlag::symmetry, AnalysisFlag::numDistinctApprox",4096,0.1,1.82399e+07
MUL,int64_t,"AnalysisFlag::min, AnalysisFlag::max, AnalysisFlag::mean, AnalysisFlag::sparsity, AnalysisFlag::symmetry, AnalysisFlag::numDistinctApprox",1024,0.1,3.79979e+06
MUL,int64_t,"AnalysisFlag::min, AnalysisFlag::max, AnalysisFlag::mean, AnalysisFlag::sparsity, AnalysisFlag::symmetry, AnalysisFlag::numDistinctApprox",1024,0.1,1.63412e+06
MUL,int64_t,"AnalysisFlag::min, AnalysisFlag::max, AnalysisFlag::mean, AnalysisFlag::sparsity, AnalysisFlag::symmetry, AnalysisFlag::numDistinctApprox",1024,0.1,1.5511e+06
MUL,int64_t,"AnalysisFlag::min, AnalysisFlag::max, AnalysisFlag::mean, AnalysisFlag::sparsity, AnalysisFlag::symmetry, AnalysisFlag::numDistinctApprox",1024,0.1,1.56386e+06
MUL,int64_t,"AnalysisFlag::min, AnalysisFlag::max, AnalysisFlag::mean, AnalysisFlag::sparsity, AnalysisFlag::symmetry, AnalysisFlag::numDistinctApprox",1024,0.1,1.53139e+06
MUL,int64_t,"AnalysisFlag::min, AnalysisFlag::max, AnalysisFlag::mean, AnalysisFlag::sparsity, AnalysisFlag::symmetry, AnalysisFlag::numDistinctApprox",1024,0.1,1.56786e+06
MUL,int64_t,"AnalysisFlag::min, AnalysisFlag::max, AnalysisFlag::mean, AnalysisFlag::sparsity, AnalysisFlag::symmetry, AnalysisFlag::numDistinctApprox",1024,0.1,1.53852e+06
MUL,int64_t,"AnalysisFlag::min, AnalysisFlag::max, AnalysisFlag::mean, AnalysisFlag::sparsity, AnalysisFlag::symmetry, AnalysisFlag::numDistinctApprox",1024,0.1,1.57224e+06
MUL,int64_t,"AnalysisFlag::min, AnalysisFlag::max, AnalysisFlag::mean, AnalysisFlag::sparsity, AnalysisFlag::symmetry, AnalysisFlag::numDistinctApprox",1024,0.1,1.56623e+06
MUL,int64_t,"AnalysisFlag::min, AnalysisFlag::max, AnalysisFlag::mean, AnalysisFlag::sparsity, AnalysisFlag::symmetry, AnalysisFlag::numDistinctApprox",1024,0.1,1.52826e+06
MUL,int64_t,"AnalysisFlag::min, AnalysisFlag::max, AnalysisFlag::mean, AnalysisFlag::sparsity, AnalysisFlag::symmetry, AnalysisFlag::numDistinctApprox",2048,0.1,1.63528e+07
MUL,int64_t,"AnalysisFlag::min, AnalysisFlag::max, AnalysisFlag::mean, AnalysisFlag::sparsity, AnalysisFlag::symmetry, AnalysisFlag::numDistinctApprox",2048,0.1,5.42809e+06
MUL,int64_t,"AnalysisFlag::min, AnalysisFlag::max, AnalysisFlag::mean, AnalysisFlag::sparsity, AnalysisFlag::symmetry, AnalysisFlag::numDistinctApprox",2048,0.1,5.40689e+06
MUL,int64_t,"AnalysisFlag::min, AnalysisFlag::max, AnalysisFlag::mean, AnalysisFlag::sparsity, AnalysisFlag::symmetry, AnalysisFlag::numDistinctApprox",2048,0.1,5.42167e+06
MUL,int64_t,"AnalysisFlag::min, AnalysisFlag::max, AnalysisFlag::mean, AnalysisFlag::sparsity, AnalysisFlag::symmetry, AnalysisFlag::numDistinctApprox",2048,0.1,5.40913e+06
MUL,int64_t,"AnalysisFlag::min, AnalysisFlag::max, AnalysisFlag::mean, AnalysisFlag::sparsity, AnalysisFlag::symmetry, AnalysisFlag::numDistinctApprox",2048,0.1,5.42854e+06
MUL,int64_t,"AnalysisFlag::min, AnalysisFlag::max, AnalysisFlag::mean, AnalysisFlag::sparsity, AnalysisFlag::symmetry, AnalysisFlag::numDistinctApprox",2048,0.1,5.43136e+06
MUL,int64_t,"AnalysisFlag::min, AnalysisFlag::max, AnalysisFlag::mean, AnalysisFlag::sparsity, AnalysisFlag::symmetry, AnalysisFlag::numDistinctApprox",2048,0.1,5.48139e+06
MUL,int64_t,"AnalysisFlag::min, AnalysisFlag::max, AnalysisFlag::mean, AnalysisFlag::sparsity, AnalysisFlag::symmetry, AnalysisFlag::numDistinctApprox",2048,0.1,5.60902e+06
MUL,int64_t,"AnalysisFlag::min, AnalysisFlag::max, AnalysisFlag::mean, AnalysisFlag::sparsity, AnalysisFlag::symmetry, AnalysisFlag::numDistinctApprox",2048,0.1,5.5597e+06
MUL,int64_t,"AnalysisFlag::min, AnalysisFlag::max, AnalysisFlag::mean, AnalysisFlag::sparsity, AnalysisFlag::symmetry, AnalysisFlag::numDistinctApprox",4096,0.1,6.36686e+07
MUL,int64_t,"AnalysisFlag::min, AnalysisFlag::max, AnalysisFlag::mean, AnalysisFlag::sparsity, AnalysisFlag::symmetry, AnalysisFlag::numDistinctApprox",4096,0.1,2.11518e+07
MUL,int64_t,"AnalysisFlag::min, AnalysisFlag::max, AnalysisFlag::mean, AnalysisFlag::sparsity, AnalysisFlag::symmetry, AnalysisFlag::numDistinctApprox",4096,0.1,2.10756e+07
MUL,int64_t,"AnalysisFlag::min, AnalysisFlag::max, AnalysisFlag::mean, AnalysisFlag::sparsity, AnalysisFlag::symmetry, AnalysisFlag::numDistinctApprox",4096,0.1,2.09088e+07
MUL,int64_t,"AnalysisFlag::min, AnalysisFlag::max, AnalysisFlag::mean, AnalysisFlag::sparsity, AnalysisFlag::symmetry, AnalysisFlag::numDistinctApprox",4096,0.1,2.08193e+07
MUL,int64_t,"AnalysisFlag::min, AnalysisFlag::max, AnalysisFlag::mean, AnalysisFlag::sparsity, AnalysisFlag::symmetry, AnalysisFlag::numDistinctApprox",4096,0.1,2.1052e+07
MUL,int64_t,"AnalysisFlag::min, AnalysisFlag::max, AnalysisFlag::mean, AnalysisFlag::sparsity, AnalysisFlag::symmetry, AnalysisFlag::numDistinctApprox",4096,0.1,2.10821e+07
MUL,int64_t,"AnalysisFlag::min, AnalysisFlag::max, AnalysisFlag::mean, AnalysisFlag::sparsity, AnalysisFlag::symmetry, AnalysisFlag::numDistinctApprox",4096,0.1,2.11015e+07
MUL,int64_t,"AnalysisFlag::min, AnalysisFlag::max, AnalysisFlag::mean, AnalysisFlag::sparsity, AnalysisFlag::symmetry, AnalysisFlag::numDistinctApprox",4096,0.1,2.12075e+07
MUL,int64_t,"AnalysisFlag::min, AnalysisFlag::max, AnalysisFlag::mean, AnalysisFlag::sparsity, AnalysisFlag::symmetry, AnalysisFlag::numDistinctApprox",4096,0.1,2.09281e+07
MUL,double,"AnalysisFlag::min, AnalysisFlag::max, AnalysisFlag::mean, AnalysisFlag::sparsity, AnalysisFlag::symmetry, AnalysisFlag::numDistinctApprox",1024,0.2,2.33083e+06
MUL,double,"AnalysisFlag::min, AnalysisFlag::max, AnalysisFlag::mean, AnalysisFlag::sparsity, AnalysisFlag::symmetry, AnalysisFlag::numDistinctApprox",1024,0.2,2.99746e+06
MUL,double,"AnalysisFlag::min, AnalysisFlag::max, AnalysisFlag::mean, AnalysisFlag::sparsity, AnalysisFlag::symmetry, AnalysisFlag::numDistinctApprox",1024,0.2,2.80676e+06
MUL,double,"AnalysisFlag::min, AnalysisFlag::max, AnalysisFlag::mean, AnalysisFlag::sparsity, AnalysisFlag::symmetry, AnalysisFlag::numDistinctApprox",1024,0.2,2.83325e+06
MUL,double,"AnalysisFlag::min, AnalysisFlag::max, AnalysisFlag::mean, AnalysisFlag::sparsity, AnalysisFlag::symmetry, AnalysisFlag::numDistinctApprox",1024,0.2,2.8258e+06
MUL,double,"AnalysisFlag::min, AnalysisFlag::max, AnalysisFlag::mean, AnalysisFlag::sparsity, AnalysisFlag::symmetry, AnalysisFlag::numDistinctApprox",1024,0.2,2.79206e+06
MUL,double,"AnalysisFlag::min, AnalysisFlag::max, AnalysisFlag::mean, AnalysisFlag::sparsity, AnalysisFlag::symmetry, AnalysisFlag::numDistinctApprox",1024,0.2,2.82946e+06
MUL,double,"AnalysisFlag::min, AnalysisFlag::max, AnalysisFlag::mean, AnalysisFlag::sparsity, AnalysisFlag::symmetry, AnalysisFlag::numDistinctApprox",1024,0.2,2.79128e+06
MUL,double,"AnalysisFlag::min, AnalysisFlag::max, AnalysisFlag::mean, AnalysisFlag::sparsity, AnalysisFlag::symmetry, AnalysisFlag::numDistinctApprox",1024,0.2,2.79089e+06
MUL,double,"AnalysisFlag::min, AnalysisFlag::max, AnalysisFlag::mean, AnalysisFlag::sparsity, AnalysisFlag::symmetry, AnalysisFlag::numDistinctApprox",1024,0.2,2.77707e+06
MUL,double,"AnalysisFlag::min, AnalysisFlag::max, AnalysisFlag::mean, AnalysisFlag::sparsity, AnalysisFlag::symmetry, AnalysisFlag::numDistinctApprox",2048,0.2,1.05672e+07
MUL,double,"AnalysisFlag::min, AnalysisFlag::max, AnalysisFlag::mean, AnalysisFlag::sparsity, AnalysisFlag::symmetry, AnalysisFlag::numDistinctApprox",2048,0.2,9.95128e+06
MUL,double,"AnalysisFlag::min, AnalysisFlag::max, AnalysisFlag::mean, AnalysisFlag::sparsity, AnalysisFlag::symmetry, AnalysisFlag::numDistinctApprox",2048,0.2,9.85525e+06
MUL,double,"AnalysisFlag::min, AnalysisFlag::max, AnalysisFlag::mean, AnalysisFlag::sparsity, AnalysisFlag::symmetry, AnalysisFlag::numDistinctApprox",2048,0.2,9.84645e+06
MUL,double,"AnalysisFlag::min, AnalysisFlag::max, AnalysisFlag::mean, AnalysisFlag::sparsity, AnalysisFlag::symmetry, AnalysisFlag::numDistinctApprox",2048,0.2,9.82166e+06
MUL,double,"AnalysisFlag::min, AnalysisFlag::max, AnalysisFlag::mean, AnalysisFlag::sparsity, AnalysisFlag::symmetry, AnalysisFlag::numDistinctApprox",2048,0.2,9.89349e+06
MUL,double,"AnalysisFlag::min, AnalysisFlag::max, AnalysisFlag::mean, AnalysisFlag::sparsity, AnalysisFlag::symmetry, AnalysisFlag::numDistinctApprox",2048,0.2,9.88708e+06
MUL,double,"AnalysisFlag::min, AnalysisFlag::max, AnalysisFlag::mean, AnalysisFlag::sparsity, AnalysisFlag::symmetry, AnalysisFlag::numDistinctApprox",2048,0.2,9.86253e+06
MUL,double,"AnalysisFlag::min, AnalysisFlag::max, AnalysisFlag::mean, AnalysisFlag::sparsity, AnalysisFlag::symmetry, AnalysisFlag::numDistinctApprox",2048,0.2,9.928e+06
MUL,double,"AnalysisFlag::min, AnalysisFlag::max, AnalysisFlag::mean, AnalysisFlag::sparsity, AnalysisFlag::symmetry, AnalysisFlag::numDistinctApprox",2048,0.2,9.83117e+06
MUL,double,"AnalysisFlag::min, AnalysisFlag::max, AnalysisFlag::mean, AnalysisFlag::sparsity, AnalysisFlag::symmetry, AnalysisFlag::numDistinctApprox",4096,0.2,3.97162e+07
MUL,double,"AnalysisFlag::min, AnalysisFlag::max, AnalysisFlag::mean, AnalysisFlag::sparsity, AnalysisFlag::symmetry, AnalysisFlag::numDistinctApprox",4096,0.2,3.73777e+07
MUL,double,"AnalysisFlag::min, AnalysisFlag::max, AnalysisFlag::mean, AnalysisFlag::sparsity, AnalysisFlag::symmetry, AnalysisFlag::numDistinctApprox",4096,0.2,3.76161e+07
MUL,double,"AnalysisFlag::min, AnalysisFlag::max, AnalysisFlag::mean, AnalysisFlag::sparsity, AnalysisFlag::symmetry, AnalysisFlag::numDistinctApprox",4096,0.2,3.7716e+07
MUL,double,"AnalysisFlag::min, AnalysisFlag::max, AnalysisFlag::mean, AnalysisFlag::sparsity, AnalysisFlag::symmetry, AnalysisFlag::numDistinctApprox",4096,0.2,3.75046e+07
MUL,double,"AnalysisFlag::min, AnalysisFlag::max, AnalysisFlag::mean, AnalysisFlag::sparsity, AnalysisFlag::symmetry, AnalysisFlag::numDistinctApprox",4096,0.2,3.76396e+07
MUL,double,"AnalysisFlag::min, AnalysisFlag::max, AnalysisFlag::mean, AnalysisFlag::sparsity, AnalysisFlag::symmetry, AnalysisFlag::numDistinctApprox",4096,0.2,3.77242e+07
MUL,double,"AnalysisFlag::min, AnalysisFlag::max, AnalysisFlag::mean, AnalysisFlag::sparsity, AnalysisFlag::symmetry, AnalysisFlag::numDistinctApprox",4096,0.2,3.752e+07
MUL,double,"AnalysisFlag::min, AnalysisFlag::max, AnalysisFlag::mean, AnalysisFlag::sparsity, AnalysisFlag::symmetry, AnalysisFlag::numDistinctApprox",4096,0.2,3.7469e+07
MUL,double,"AnalysisFlag::min, AnalysisFlag::max, AnalysisFlag::mean, AnalysisFlag::sparsity, AnalysisFlag::symmetry, AnalysisFlag::numDistinctApprox",4096,0.2,3.75671e+07
MUL,int64_t,"AnalysisFlag::min, AnalysisFlag::max, AnalysisFlag::mean, AnalysisFlag::sparsity, AnalysisFlag::symmetry, AnalysisFlag::numDistinctApprox",1024,0.2,6.9768e+06
MUL,int64_t,"AnalysisFlag::min, AnalysisFlag::max, AnalysisFlag::mean, AnalysisFlag::sparsity, AnalysisFlag::symmetry, AnalysisFlag::numDistinctApprox",1024,0.2,3.63951e+06
MUL,int64_t,"AnalysisFlag::min, AnalysisFlag::max, AnalysisFlag::mean, AnalysisFlag::sparsity, AnalysisFlag::symmetry, AnalysisFlag::numDistinctApprox",1024,0.2,3.45851e+06
MUL,int64_t,"AnalysisFlag::min, AnalysisFlag::max, AnalysisFlag::mean, AnalysisFlag::sparsity, AnalysisFlag::symmetry, AnalysisFlag::numDistinctApprox",1024,0.2,3.40992e+06
MUL,int64_t,"AnalysisFlag::min, AnalysisFlag::max, AnalysisFlag::mean, AnalysisFlag::sparsity, AnalysisFlag::symmetry, AnalysisFlag::numDistinctApprox",1024,0.2,3.50229e+06
MUL,int64_t,"AnalysisFlag::min, AnalysisFlag::max, AnalysisFlag::mean, AnalysisFlag::sparsity, AnalysisFlag::symmetry, AnalysisFlag::numDistinctApprox",1024,0.2,3.49937e+06
MUL,int64_t,"AnalysisFlag::min, AnalysisFlag::max, AnalysisFlag::mean, AnalysisFlag::sparsity, AnalysisFlag::symmetry, AnalysisFlag::numDistinctApprox",1024,0.2,3.49907e+06
MUL,int64_t,"AnalysisFlag::min, AnalysisFlag::max, AnalysisFlag::mean, AnalysisFlag::sparsity, AnalysisFlag::symmetry, AnalysisFlag::numDistinctApprox",1024,0.2,3.42355e+06
MUL,int64_t,"AnalysisFlag::min, AnalysisFlag::max, AnalysisFlag::mean, AnalysisFlag::sparsity, AnalysisFlag::symmetry, AnalysisFlag::numDistinctApprox",1024,0.2,3.45368e+06
MUL,int64_t,"AnalysisFlag::min, AnalysisFlag::max, AnalysisFlag::mean, AnalysisFlag::sparsity, AnalysisFlag::symmetry, AnalysisFlag::numDistinctApprox",1024,0.2,3.4447e+06
MUL,int64_t,"AnalysisFlag::min, AnalysisFlag::max, AnalysisFlag::mean, AnalysisFlag::sparsity, AnalysisFlag::symmetry, AnalysisFlag::numDistinctApprox",2048,0.2,3.16083e+07
MUL,int64_t,"AnalysisFlag::min, AnalysisFlag::max, AnalysisFlag::mean, AnalysisFlag::sparsity, AnalysisFlag::symmetry, AnalysisFlag::numDistinctApprox",2048,0.2,1.30945e+07
MUL,int64_t,"AnalysisFlag::min, AnalysisFlag::max, AnalysisFlag::mean, AnalysisFlag::sparsity, AnalysisFlag::symmetry, AnalysisFlag::numDistinctApprox",2048,0.2,1.27686e+07
MUL,int64_t,"AnalysisFlag::min, AnalysisFlag::max, AnalysisFlag::mean, AnalysisFlag::sparsity, AnalysisFlag::symmetry, AnalysisFlag::numDistinctApprox",2048,0.2,1.29142e+07
MUL,int64_t,"AnalysisFlag::min, AnalysisFlag::max, AnalysisFlag::mean, AnalysisFlag::sparsity, AnalysisFlag::symmetry, AnalysisFlag::numDistinctApprox",2048,0.2,1.27466e+07
MUL,int64_t,"AnalysisFlag::min, AnalysisFlag::max, AnalysisFlag::mean, AnalysisFlag::sparsity, AnalysisFlag::symmetry, AnalysisFlag::numDistinctApprox",2048,0.2,1.29358e+07
MUL,int64_t,"AnalysisFlag::min, AnalysisFlag::max, AnalysisFlag::mean, AnalysisFlag::sparsity, AnalysisFlag::symmetry, AnalysisFlag::numDistinctApprox",2048,0.2,1.27439e+07
MUL,int64_t,"AnalysisFlag::min, AnalysisFlag::max, AnalysisFlag::mean, AnalysisFlag::sparsity, AnalysisFlag::symmetry, AnalysisFlag::numDistinctApprox",2048,0.2,1.29433e+07
MUL,int64_t,"AnalysisFlag::min, AnalysisFlag::max, AnalysisFlag::mean, AnalysisFlag::sparsity, AnalysisFlag::symmetry, AnalysisFlag::numDistinctApprox",2048,0.2,1.28618e+07
MUL,int64_t,"AnalysisFlag::min, AnalysisFlag::max, AnalysisFlag::mean, AnalysisFlag::sparsity, AnalysisFlag::symmetry, AnalysisFlag::numDistinctApprox",2048,0.2,1.28626e+07
MUL,int64_t,"AnalysisFlag::min, AnalysisFlag::max, AnalysisFlag::mean, AnalysisFlag::sparsity, AnalysisFlag::symmetry, AnalysisFlag::numDistinctApprox",4096,0.2,1.30126e+08
MUL,int64_t,"AnalysisFlag::min, AnalysisFlag::max, AnalysisFlag::mean, AnalysisFlag::sparsity, AnalysisFlag::symmetry, AnalysisFlag::numDistinctApprox",4096,0.2,5.01565e+07
MUL,int64_t,"AnalysisFlag::min, AnalysisFlag::max, AnalysisFlag::mean, AnalysisFlag::sparsity, AnalysisFlag::symmetry, AnalysisFlag::numDistinctApprox",4096,0.2,5.00446e+07
MUL,int64_t,"AnalysisFlag::min, AnalysisFlag::max, AnalysisFlag::mean, AnalysisFlag::sparsity, AnalysisFlag::symmetry, AnalysisFlag::numDistinctApprox",4096,0.2,5.03286e+07
MUL,int64_t,"AnalysisFlag::min, AnalysisFlag::max, AnalysisFlag::mean, AnalysisFlag::sparsity, AnalysisFlag::symmetry, AnalysisFlag::numDistinctApprox",4096,0.2,4.99757e+07
MUL,int64_t,"AnalysisFlag::min, AnalysisFlag::max, AnalysisFlag::mean, AnalysisFlag::sparsity, AnalysisFlag::symmetry, AnalysisFlag::numDistinctApprox",4096,0.2,5.02902e+07
MUL,int64_t,"AnalysisFlag::min, AnalysisFlag::max, AnalysisFlag::mean, AnalysisFlag::sparsity, AnalysisFlag::symmetry, AnalysisFlag::numDistinctApprox",4096,0.2,5.02494e+07
MUL,int64_t,"AnalysisFlag::min, AnalysisFlag::max, AnalysisFlag::mean, AnalysisFlag::sparsity, AnalysisFlag::symmetry, AnalysisFlag::numDistinctApprox",4096,0.2,5.04305e+07
MUL,int64_t,"AnalysisFlag::min, AnalysisFlag::max, AnalysisFlag::mean, AnalysisFlag::sparsity, AnalysisFlag::symmetry, AnalysisFlag::numDistinctApprox",4096,0.2,5.01603e+07
MUL,int64_t,"AnalysisFlag::min, AnalysisFlag::max, AnalysisFlag::mean, AnalysisFlag::sparsity, AnalysisFlag::symmetry, AnalysisFlag::numDistinctApprox",4096,0.2,5.04038e+07
MUL,double,"AnalysisFlag::min, AnalysisFlag::max, AnalysisFlag::mean, AnalysisFlag::sparsity, AnalysisFlag::symmetry, AnalysisFlag::numDistinctApprox",1024,0.25,7.82311e+06
MUL,double,"AnalysisFlag::min, AnalysisFlag::max, AnalysisFlag::mean, AnalysisFlag::sparsity, AnalysisFlag::symmetry, AnalysisFlag::numDistinctApprox",1024,0.25,1.29951e+07
MUL,double,"AnalysisFlag::min, AnalysisFlag::max, AnalysisFlag::mean, AnalysisFlag::sparsity, AnalysisFlag::symmetry, AnalysisFlag::numDistinctApprox",1024,0.25,1.51664e+07
MUL,double,"AnalysisFlag::min, AnalysisFlag::max, AnalysisFlag::mean, AnalysisFlag::sparsity, AnalysisFlag::symmetry, AnalysisFlag::numDistinctApprox",1024,0.25,1.15518e+07
MUL,double,"AnalysisFlag::min, AnalysisFlag::max, AnalysisFlag::mean, AnalysisFlag::sparsity, AnalysisFlag::symmetry, AnalysisFlag::numDistinctApprox",1024,0.25,1.09407e+07
MUL,double,"AnalysisFlag::min, AnalysisFlag::max, AnalysisFlag::mean, AnalysisFlag::sparsity, AnalysisFlag::symmetry, AnalysisFlag::numDistinctApprox",1024,0.25,9.54257e+06
MUL,double,"AnalysisFlag::min, AnalysisFlag::max, AnalysisFlag::mean, AnalysisFlag::sparsity, AnalysisFlag::symmetry, AnalysisFlag::numDistinctApprox",1024,0.25,9.81403e+06
MUL,double,"AnalysisFlag::min, AnalysisFlag::max, AnalysisFlag::mean, AnalysisFlag::sparsity, AnalysisFlag::symmetry, AnalysisFlag::numDistinctApprox",1024,0.25,1.01249e+07
MUL,double,"AnalysisFlag::min, AnalysisFlag::max, AnalysisFlag::mean, AnalysisFlag::sparsity, AnalysisFlag::symmetry, AnalysisFlag::numDistinctApprox",1024,0.25,1.09685e+07
MUL,double,"AnalysisFlag::min, AnalysisFlag::max, AnalysisFlag::mean, AnalysisFlag::sparsity, AnalysisFlag::symmetry, AnalysisFlag::numDistinctApprox",1024,0.25,1.0322e+07
MUL,double,"AnalysisFlag::min, AnalysisFlag::max, AnalysisFlag::mean, AnalysisFlag::sparsity, AnalysisFlag::symmetry, AnalysisFlag::numDistinctApprox",2048,0.25,4.73737e+07
MUL,double,"AnalysisFlag::min, AnalysisFlag::max, AnalysisFlag::mean, AnalysisFlag::sparsity, AnalysisFlag::symmetry, AnalysisFlag::numDistinctApprox",2048,0.25,4.80991e+07
MUL,double,"AnalysisFlag::min, AnalysisFlag::max, AnalysisFlag::mean, AnalysisFlag::sparsity, AnalysisFlag::symmetry, AnalysisFlag::numDistinctApprox",2048,0.25,4.53416e+07
MUL,double,"AnalysisFlag::min, AnalysisFlag::max, AnalysisFlag::mean, AnalysisFlag::sparsity, AnalysisFlag::symmetry, AnalysisFlag::numDistinctApprox",2048,0.25,4.62801e+07
MUL,double,"AnalysisFlag::min, AnalysisFlag::max, AnalysisFlag::mean, AnalysisFlag::sparsity, AnalysisFlag::symmetry, AnalysisFlag::numDistinctApprox",2048,0.25,4.63028e+07
MUL,double,"AnalysisFlag::min, AnalysisFlag::max, AnalysisFlag::mean, AnalysisFlag::sparsity, AnalysisFlag::symmetry, AnalysisFlag::numDistinctApprox",2048,0.25,5.04442e+07
MUL,double,"AnalysisFlag::min, AnalysisFlag::max, AnalysisFlag::mean, AnalysisFlag::sparsity, AnalysisFlag::symmetry, AnalysisFlag::numDistinctApprox",2048,0.25,4.53402e+07
MUL,double,"AnalysisFlag::min, AnalysisFlag::max, AnalysisFlag::mean, AnalysisFlag::sparsity, AnalysisFlag::symmetry, AnalysisFlag::numDistinctApprox",2048,0.25,4.53512e+07
MUL,double,"AnalysisFlag::min, AnalysisFlag::max, AnalysisFlag::mean, AnalysisFlag::sparsity, AnalysisFlag::symmetry, AnalysisFlag::numDistinctApprox",2048,0.25,4.61356e+07
MUL,double,"AnalysisFlag::min, AnalysisFlag::max, AnalysisFlag::mean, AnalysisFlag::sparsity, AnalysisFlag::symmetry, AnalysisFlag::numDistinctApprox",2048,0.25,5.4114e+07
MUL,double,"AnalysisFlag::min, AnalysisFlag::max, AnalysisFlag::mean, AnalysisFlag::sparsity, AnalysisFlag::symmetry, AnalysisFlag::numDistinctApprox",4096,0.25,1.81103e+08
MUL,double,"AnalysisFlag::min, AnalysisFlag::max, AnalysisFlag::mean, AnalysisFlag::sparsity, AnalysisFlag::symmetry, AnalysisFlag::numDistinctApprox",4096,0.25,1.78176e+08
MUL,double,"AnalysisFlag::min, AnalysisFlag::max, AnalysisFlag::mean, AnalysisFlag::sparsity, AnalysisFlag::symmetry, AnalysisFlag::numDistinctApprox",4096,0.25,1.78081e+08
MUL,double,"AnalysisFlag::min, AnalysisFlag::max, AnalysisFlag::mean, AnalysisFlag::sparsity, AnalysisFlag::symmetry, AnalysisFlag::numDistinctApprox",4096,0.25,2.03391e+08
MUL,double,"AnalysisFlag::min, AnalysisFlag::max, AnalysisFlag::mean, AnalysisFlag::sparsity, AnalysisFlag::symmetry, AnalysisFlag::numDistinctApprox",4096,0.25,1.7913e+08
MUL,double,"AnalysisFlag::min, AnalysisFlag::max, AnalysisFlag::mean, AnalysisFlag::sparsity, AnalysisFlag::symmetry, AnalysisFlag::numDistinctApprox",4096,0.25,1.79042e+08
MUL,double,"AnalysisFlag::min, AnalysisFlag::max, AnalysisFlag::mean, AnalysisFlag::sparsity, AnalysisFlag::symmetry, AnalysisFlag::numDistinctApprox",4096,0.25,1.78737e+08
MUL,double,"AnalysisFlag::min, AnalysisFlag::max, AnalysisFlag::mean, AnalysisFlag::sparsity, AnalysisFlag::symmetry, AnalysisFlag::numDistinctApprox",4096,0.25,1.78372e+08
MUL,double,"AnalysisFlag::min, AnalysisFlag::max, AnalysisFlag::mean, AnalysisFlag::sparsity, AnalysisFlag::symmetry, AnalysisFlag::numDistinctApprox",4096,0.25,1.79041e+08
MUL,double,"AnalysisFlag::min, AnalysisFlag::max, AnalysisFlag::mean, AnalysisFlag::sparsity, AnalysisFlag::symmetry, AnalysisFlag::numDistinctApprox",4096,0.25,1.78436e+08
MUL,int64_t,"AnalysisFlag::min, AnalysisFlag::max, AnalysisFlag::mean, AnalysisFlag::sparsity, AnalysisFlag::symmetry, AnalysisFlag::numDistinctApprox",1024,0.25,2.49247e+07
MUL,int64_t,"AnalysisFlag::min, AnalysisFlag::max, AnalysisFlag::mean, AnalysisFlag::sparsity, AnalysisFlag::symmetry, AnalysisFlag::numDistinctApprox",1024,0.25,1.12764e+07
MUL,int64_t,"AnalysisFlag::min, AnalysisFlag::max, AnalysisFlag::mean, AnalysisFlag::sparsity, AnalysisFlag::symmetry, AnalysisFlag::numDistinctApprox",1024,0.25,1.12506e+07
MUL,int64_t,"AnalysisFlag::min, AnalysisFlag::max, AnalysisFlag::mean, AnalysisFlag::sparsity, AnalysisFlag::symmetry, AnalysisFlag::numDistinctApprox",1024,0.25,1.11872e+07
MUL,int64_t,"AnalysisFlag::min, AnalysisFlag::max, AnalysisFlag::mean, AnalysisFlag::sparsity, AnalysisFlag::symmetry, AnalysisFlag::numDistinctApprox",1024,0.25,1.12556e+07
MUL,int64_t,"AnalysisFlag::min, AnalysisFlag::max, AnalysisFlag::mean, AnalysisFlag::sparsity, AnalysisFlag::symmetry, AnalysisFlag::numDistinctApprox",1024,0.25,1.14103e+07
MUL,int64_t,"AnalysisFlag::min, AnalysisFlag::max, AnalysisFlag::mean, AnalysisFlag::sparsity, AnalysisFlag::symmetry, AnalysisFlag::numDistinctApprox",1024,0.25,2.27682e+07
MUL,int64_t,"AnalysisFlag::min, AnalysisFlag::max, AnalysisFlag::mean, AnalysisFlag::sparsity, AnalysisFlag::symmetry, AnalysisFlag::numDistinctApprox",1024,0.25,1.13642e+07
MUL,int64_t,"AnalysisFlag::min, AnalysisFlag::max, AnalysisFlag::mean, AnalysisFlag::sparsity, AnalysisFlag::symmetry, AnalysisFlag::numDistinctApprox",1024,0.25,1.12212e+07
MUL,int64_t,"AnalysisFlag::min, AnalysisFlag::max, AnalysisFlag::mean, AnalysisFlag::sparsity, AnalysisFlag::symmetry, AnalysisFlag::numDistinctApprox",1024,0.25,2.7384e+07
MUL,int64_t,"AnalysisFlag::min, AnalysisFlag::max, AnalysisFlag::mean, AnalysisFlag::sparsity, AnalysisFlag::symmetry, AnalysisFlag::numDistinctApprox",2048,0.25,8.77995e+07
MUL,int64_t,"AnalysisFlag::min, AnalysisFlag::max, AnalysisFlag::mean, AnalysisFlag::sparsity, AnalysisFlag::symmetry, AnalysisFlag::numDistinctApprox",2048,0.25,1.18522e+08
MUL,int64_t,"AnalysisFlag::min, AnalysisFlag::max, AnalysisFlag::mean, AnalysisFlag::sparsity, AnalysisFlag::symmetry, AnalysisFlag::numDistinctApprox",2048,0.25,1.20869e+08
MUL,int64_t,"AnalysisFlag::min, AnalysisFlag::max, AnalysisFlag::mean, AnalysisFlag::sparsity, AnalysisFlag::symmetry, AnalysisFlag::numDistinctApprox",2048,0.25,5.11555e+07
MUL,int64_t,"AnalysisFlag::min, AnalysisFlag::max, AnalysisFlag::mean, AnalysisFlag::sparsity, AnalysisFlag::symmetry, AnalysisFlag::numDistinctApprox",2048,0.25,5.0993e+07
MUL,int64_t,"AnalysisFlag::min, AnalysisFlag::max, AnalysisFlag::mean, AnalysisFlag::sparsity, AnalysisFlag::symmetry, AnalysisFlag::numDistinctApprox",2048,0.25,5.08296e+07
MUL,int64_t,"AnalysisFlag::min, AnalysisFlag::max, AnalysisFlag::mean, AnalysisFlag::sparsity, AnalysisFlag::symmetry, AnalysisFlag::numDistinctApprox",2048,0.25,5.09998e+07
MUL,int64_t,"AnalysisFlag::min, AnalysisFlag::max, AnalysisFlag::mean, AnalysisFlag::sparsity, AnalysisFlag::symmetry, AnalysisFlag::numDistinctApprox",2048,0.25,5.11268e+07
MUL,int64_t,"AnalysisFlag::min, AnalysisFlag::max, AnalysisFlag::mean, AnalysisFlag::sparsity, AnalysisFlag::symmetry, AnalysisFlag::numDistinctApprox",2048,0.25,5.15336e+07
MUL,int64_t,"AnalysisFlag::min, AnalysisFlag::max, AnalysisFlag::mean, AnalysisFlag::sparsity, AnalysisFlag::symmetry, AnalysisFlag::numDistinctApprox",2048,0.25,5.29068e+07
MUL,int64_t,"AnalysisFlag::min, AnalysisFlag::max, AnalysisFlag::mean, AnalysisFlag::sparsity, AnalysisFlag::symmetry, AnalysisFlag::numDistinctApprox",4096,0.25,4.07891e+08
MUL,int64_t,"AnalysisFlag::min, AnalysisFlag::max, AnalysisFlag::mean, AnalysisFlag::sparsity, AnalysisFlag::symmetry, AnalysisFlag::numDistinctApprox",4096,0.25,2.00812e+08
MUL,int64_t,"AnalysisFlag::min, AnalysisFlag::max, AnalysisFlag::mean, AnalysisFlag::sparsity, AnalysisFlag::symmetry, AnalysisFlag::numDistinctApprox",4096,0.25,2.03418e+08
MUL,int64_t,"AnalysisFlag::min, AnalysisFlag::max, AnalysisFlag::mean, AnalysisFlag::sparsity, AnalysisFlag::symmetry, AnalysisFlag::numDistinctApprox",4096,0.25,2.02645e+08
MUL,int64_t,"AnalysisFlag::min, AnalysisFlag::max, AnalysisFlag::mean, AnalysisFlag::sparsity, AnalysisFlag::symmetry, AnalysisFlag::numDistinctApprox",4096,0.25,1.95641e+08
MUL,int64_t,"AnalysisFlag::min, AnalysisFlag::max, AnalysisFlag::mean, AnalysisFlag::sparsity, AnalysisFlag::symmetry, AnalysisFlag::numDistinctApprox",4096,0.25,2.05059e+08
MUL,int64_t,"AnalysisFlag::min, AnalysisFlag::max, AnalysisFlag::mean, AnalysisFlag::sparsity, AnalysisFlag::symmetry, AnalysisFlag::numDistinctApprox",4096,0.25,2.04774e+08
MUL,int64_t,"AnalysisFlag::min, AnalysisFlag::max, AnalysisFlag::mean, AnalysisFlag::sparsity, AnalysisFlag::symmetry, AnalysisFlag::numDistinctApprox",4096,0.25,4.169e+08
MUL,int64_t,"AnalysisFlag::min, AnalysisFlag::max, AnalysisFlag::mean, AnalysisFlag::sparsity, AnalysisFlag::symmetry, AnalysisFlag::numDistinctApprox",4096,0.25,2.05323e+08
MUL,int64_t,"AnalysisFlag::min, AnalysisFlag::max, AnalysisFlag::mean, AnalysisFlag::sparsity, AnalysisFlag::symmetry, AnalysisFlag::numDistinctApprox",4096,0.25,1.98807e+08
MUL,double,"AnalysisFlag::min, AnalysisFlag::max, AnalysisFlag::mean, AnalysisFlag::sparsity, AnalysisFlag::symmetry, AnalysisFlag::numDistinctApprox",1024,1,9.51646e+06
MUL,double,"AnalysisFlag::min, AnalysisFlag::max, AnalysisFlag::mean, AnalysisFlag::sparsity, AnalysisFlag::symmetry, AnalysisFlag::numDistinctApprox",1024,1,9.46813e+06
MUL,double,"AnalysisFlag::min, AnalysisFlag::max, AnalysisFlag::mean, AnalysisFlag::sparsity, AnalysisFlag::symmetry, AnalysisFlag::numDistinctApprox",1024,1,9.53503e+06
MUL,double,"AnalysisFlag::min, AnalysisFlag::max, AnalysisFlag::mean, AnalysisFlag::sparsity, AnalysisFlag::symmetry, AnalysisFlag::numDistinctApprox",1024,1,9.53002e+06
MUL,double,"AnalysisFlag::min, AnalysisFlag::max, AnalysisFlag::mean, AnalysisFlag::sparsity, AnalysisFlag::symmetry, AnalysisFlag::numDistinctApprox",1024,1,9.50444e+06
MUL,double,"AnalysisFlag::min, AnalysisFlag::max, AnalysisFlag::mean, AnalysisFlag::sparsity, AnalysisFlag::symmetry, AnalysisFlag::numDistinctApprox",1024,1,9.49787e+06
MUL,double,"AnalysisFlag::min, AnalysisFlag::max, AnalysisFlag::mean, AnalysisFlag::sparsity, AnalysisFlag::symmetry, AnalysisFlag::numDistinctApprox",1024,1,9.50735e+06
MUL,double,"AnalysisFlag::min, AnalysisFlag::max, AnalysisFlag::mean, AnalysisFlag::sparsity, AnalysisFlag::symmetry, AnalysisFlag::numDistinctApprox",1024,1,9.54778e+06
MUL,double,"AnalysisFlag::min, AnalysisFlag::max, AnalysisFlag::mean, AnalysisFlag::sparsity, AnalysisFlag::symmetry, AnalysisFlag::numDistinctApprox",1024,1,9.56598e+06
MUL,double,"AnalysisFlag::min, AnalysisFlag::max, AnalysisFlag::mean, AnalysisFlag::sparsity, AnalysisFlag::symmetry, AnalysisFlag::numDistinctApprox",1024,1,9.56878e+06
MUL,double,"AnalysisFlag::min, AnalysisFlag::max, AnalysisFlag::mean, AnalysisFlag::sparsity, AnalysisFlag::symmetry, AnalysisFlag::numDistinctApprox",2048,1,4.52549e+07
MUL,double,"AnalysisFlag::min, AnalysisFlag::max, AnalysisFlag::mean, AnalysisFlag::sparsity, AnalysisFlag::symmetry, AnalysisFlag::numDistinctApprox",2048,1,4.51974e+07
MUL,double,"AnalysisFlag::min, AnalysisFlag::max, AnalysisFlag::mean, AnalysisFlag::sparsity, AnalysisFlag::symmetry, AnalysisFlag::numDistinctApprox",2048,1,4.52278e+07
MUL,double,"AnalysisFlag::min, AnalysisFlag::max, AnalysisFlag::mean, AnalysisFlag::sparsity, AnalysisFlag::symmetry, AnalysisFlag::numDistinctApprox",2048,1,4.52008e+07
MUL,double,"AnalysisFlag::min, AnalysisFlag::max, AnalysisFlag::mean, AnalysisFlag::sparsity, AnalysisFlag::symmetry, AnalysisFlag::numDistinctApprox",2048,1,4.52348e+07
MUL,double,"AnalysisFlag::min, AnalysisFlag::max, AnalysisFlag::mean, AnalysisFlag::sparsity, AnalysisFlag::symmetry, AnalysisFlag::numDistinctApprox",2048,1,4.52019e+07
MUL,double,"AnalysisFlag::min, AnalysisFlag::max, AnalysisFlag::mean, AnalysisFlag::sparsity, AnalysisFlag::symmetry, AnalysisFlag::numDistinctApprox",2048,1,4.52455e+07
MUL,double,"AnalysisFlag::min, AnalysisFlag::max, AnalysisFlag::mean, AnalysisFlag::sparsity, AnalysisFlag::symmetry, AnalysisFlag::numDistinctApprox",2048,1,4.51581e+07
MUL,double,"AnalysisFlag::min, AnalysisFlag::max, AnalysisFlag::mean, AnalysisFlag::sparsity, AnalysisFlag::symmetry, AnalysisFlag::numDistinctApprox",2048,1,4.52072e+07
MUL,double,"AnalysisFlag::min, AnalysisFlag::max, AnalysisFlag::mean, AnalysisFlag::sparsity, AnalysisFlag::symmetry, AnalysisFlag::numDistinctApprox",2048,1,4.51925e+07
MUL,double,"AnalysisFlag::min, AnalysisFlag::max, AnalysisFlag::mean, AnalysisFlag::sparsity, AnalysisFlag::symmetry, AnalysisFlag::numDistinctApprox",4096,1,1.79959e+08
MUL,double,"AnalysisFlag::min, AnalysisFlag::max, AnalysisFlag::mean, AnalysisFlag::sparsity, AnalysisFlag::symmetry, AnalysisFlag::numDistinctApprox",4096,1,1.77683e+08
MUL,double,"AnalysisFlag::min, AnalysisFlag::max, AnalysisFlag::mean, AnalysisFlag::sparsity, AnalysisFlag::symmetry, AnalysisFlag::numDistinctApprox",4096,1,1.76744e+08
MUL,double,"AnalysisFlag::min, AnalysisFlag::max, AnalysisFlag::mean, AnalysisFlag::sparsity, AnalysisFlag::symmetry, AnalysisFlag::numDistinctApprox",4096,1,1.76797e+08
MUL,double,"AnalysisFlag::min, AnalysisFlag::max, AnalysisFlag::mean, AnalysisFlag::sparsity, AnalysisFlag::symmetry, AnalysisFlag::numDistinctApprox",4096,1,1.77755e+08
MUL,double,"AnalysisFlag::min, AnalysisFlag::max, AnalysisFlag::mean, AnalysisFlag::sparsity, AnalysisFlag::symmetry, AnalysisFlag::numDistinctApprox",4096,1,1.76891e+08
MUL,double,"AnalysisFlag::min, AnalysisFlag::max, AnalysisFlag::mean, AnalysisFlag::sparsity, AnalysisFlag::symmetry, AnalysisFlag::numDistinctApprox",4096,1,1.77816e+08
MUL,double,"AnalysisFlag::min, AnalysisFlag::max, AnalysisFlag::mean, AnalysisFlag::sparsity, AnalysisFlag::symmetry, AnalysisFlag::numDistinctApprox",4096,1,1.76815e+08
MUL,double,"AnalysisFlag::min, AnalysisFlag::max, AnalysisFlag::mean, AnalysisFlag::sparsity, AnalysisFlag::symmetry, AnalysisFlag::numDistinctApprox",4096,1,1.78021e+08
MUL,double,"AnalysisFlag::min, AnalysisFlag::max, AnalysisFlag::mean, AnalysisFlag::sparsity, AnalysisFlag::symmetry, AnalysisFlag::numDistinctApprox",4096,1,1.76885e+08
MUL,int64_t,"AnalysisFlag::min, AnalysisFlag::max, AnalysisFlag::mean, AnalysisFlag::sparsity, AnalysisFlag::symmetry, AnalysisFlag::numDistinctApprox",1024,1,4.13184e+07
MUL,int64_t,"AnalysisFlag::min, AnalysisFlag::max, AnalysisFlag::mean, AnalysisFlag::sparsity, AnalysisFlag::symmetry, AnalysisFlag::numDistinctApprox",1024,1,3.31815e+07
MUL,int64_t,"AnalysisFlag::min, AnalysisFlag::max, AnalysisFlag::mean, AnalysisFlag::sparsity, AnalysisFlag::symmetry, AnalysisFlag::numDistinctApprox",1024,1,3.28247e+07
MUL,int64_t,"AnalysisFlag::min, AnalysisFlag::max, AnalysisFlag::mean, AnalysisFlag::sparsity, AnalysisFlag::symmetry, AnalysisFlag::numDistinctApprox",1024,1,3.3652e+07
MUL,int64_t,"AnalysisFlag::min, AnalysisFlag::max, AnalysisFlag::mean, AnalysisFlag::sparsity, AnalysisFlag::symmetry, AnalysisFlag::numDistinctApprox",1024,1,3.3107e+07
MUL,int64_t,"AnalysisFlag::min, AnalysisFlag::max, AnalysisFlag::mean, AnalysisFlag::sparsity, AnalysisFlag::symmetry, AnalysisFlag::numDistinctApprox",1024,1,3.28588e+07
MUL,int64_t,"AnalysisFlag::min, AnalysisFlag::max, AnalysisFlag::mean, AnalysisFlag::sparsity, AnalysisFlag::symmetry, AnalysisFlag::numDistinctApprox",1024,1,3.27276e+07
MUL,int64_t,"AnalysisFlag::min, AnalysisFlag::max, AnalysisFlag::mean, AnalysisFlag::sparsity, AnalysisFlag::symmetry, AnalysisFlag::numDistinctApprox",1024,1,3.35028e+07
MUL,int64_t,"AnalysisFlag::min, AnalysisFlag::max, AnalysisFlag::mean, AnalysisFlag::sparsity, AnalysisFlag::symmetry, AnalysisFlag::numDistinctApprox",1024,1,3.29453e+07
MUL,int64_t,"AnalysisFlag::min, AnalysisFlag::max, AnalysisFlag::mean, AnalysisFlag::sparsity, AnalysisFlag::symmetry, AnalysisFlag::numDistinctApprox",1024,1,3.33747e+07
MUL,int64_t,"AnalysisFlag::min, AnalysisFlag::max, AnalysisFlag::mean, AnalysisFlag::sparsity, AnalysisFlag::symmetry, AnalysisFlag::numDistinctApprox",2048,1,1.77158e+08
MUL,int64_t,"AnalysisFlag::min, AnalysisFlag::max, AnalysisFlag::mean, AnalysisFlag::sparsity, AnalysisFlag::symmetry, AnalysisFlag::numDistinctApprox",2048,1,1.41966e+08
MUL,int64_t,"AnalysisFlag::min, AnalysisFlag::max, AnalysisFlag::mean, AnalysisFlag::sparsity, AnalysisFlag::symmetry, AnalysisFlag::numDistinctApprox",2048,1,1.42747e+08
MUL,int64_t,"AnalysisFlag::min, AnalysisFlag::max, AnalysisFlag::mean, AnalysisFlag::sparsity, AnalysisFlag::symmetry, AnalysisFlag::numDistinctApprox",2048,1,1.42071e+08
MUL,int64_t,"AnalysisFlag::min, AnalysisFlag::max, AnalysisFlag::mean, AnalysisFlag::sparsity, AnalysisFlag::symmetry, AnalysisFlag::numDistinctApprox",2048,1,1.43984e+08
MUL,int64_t,"AnalysisFlag::min, AnalysisFlag::max, AnalysisFlag::mean, AnalysisFlag::sparsity, AnalysisFlag::symmetry, AnalysisFlag::numDistinctApprox",2048,1,1.42061e+08
MUL,int64_t,"AnalysisFlag::min, AnalysisFlag::max, AnalysisFlag::mean, AnalysisFlag::sparsity, AnalysisFlag::symmetry, AnalysisFlag::numDistinctApprox",2048,1,1.39286e+08
MUL,int64_t,"AnalysisFlag::min, AnalysisFlag::max, AnalysisFlag::mean, AnalysisFlag::sparsity, AnalysisFlag::symmetry, AnalysisFlag::numDistinctApprox",2048,1,1.40868e+08
MUL,int64_t,"AnalysisFlag::min, AnalysisFlag::max, AnalysisFlag::mean, AnalysisFlag::sparsity, AnalysisFlag::symmetry, AnalysisFlag::numDistinctApprox",2048,1,1.3992e+08
MUL,int64_t,"AnalysisFlag::min, AnalysisFlag::max, AnalysisFlag::mean, AnalysisFlag::sparsity, AnalysisFlag::symmetry, AnalysisFlag::numDistinctApprox",2048,1,1.45458e+08
MUL,int64_t,"AnalysisFlag::min, AnalysisFlag::max, AnalysisFlag::mean, AnalysisFlag::sparsity, AnalysisFlag::symmetry, AnalysisFlag::numDistinctApprox",4096,1,7.01833e+08
MUL,int64_t,"AnalysisFlag::min, AnalysisFlag::max, AnalysisFlag::mean, AnalysisFlag::sparsity, AnalysisFlag::symmetry, AnalysisFlag::numDistinctApprox",4096,1,5.70355e+08
MUL,int64_t,"AnalysisFlag::min, AnalysisFlag::max, AnalysisFlag::mean, AnalysisFlag::sparsity, AnalysisFlag::symmetry, AnalysisFlag::numDistinctApprox",4096,1,5.67819e+08
MUL,int64_t,"AnalysisFlag::min, AnalysisFlag::max, AnalysisFlag::mean, AnalysisFlag::sparsity, AnalysisFlag::symmetry, AnalysisFlag::numDistinctApprox",4096,1,5.60274e+08
MUL,int64_t,"AnalysisFlag::min, AnalysisFlag::max, AnalysisFlag::mean, AnalysisFlag::sparsity, AnalysisFlag::symmetry, AnalysisFlag::numDistinctApprox",4096,1,5.69572e+08
MUL,int64_t,"AnalysisFlag::min, AnalysisFlag::max, AnalysisFlag::mean, AnalysisFlag::sparsity, AnalysisFlag::symmetry, AnalysisFlag::numDistinctApprox",4096,1,5.63153e+08
MUL,int64_t,"AnalysisFlag::min, AnalysisFlag::max, AnalysisFlag::mean, AnalysisFlag::sparsity, AnalysisFlag::symmetry, AnalysisFlag::numDistinctApprox",4096,1,5.70236e+08
MUL,int64_t,"AnalysisFlag::min, AnalysisFlag::max, AnalysisFlag::mean, AnalysisFlag::sparsity, AnalysisFlag::symmetry, AnalysisFlag::numDistinctApprox",4096,1,5.75778e+08
MUL,int64_t,"AnalysisFlag::min, AnalysisFlag::max, AnalysisFlag::mean, AnalysisFlag::sparsity, AnalysisFlag::symmetry, AnalysisFlag::numDistinctApprox",4096,1,5.59397e+08
MUL,int64_t,"AnalysisFlag::min, AnalysisFlag::max, AnalysisFlag::mean, AnalysisFlag::sparsity, AnalysisFlag::symmetry, AnalysisFlag::numDistinctApprox",4096,1,5.70824e+08
