mode,op,element_type,analysis,n,sparsity,seed,time_ns,select-matrix-repr
vectorized,Add,double,,1024,0.001,0,75,True
naive,Add,double,,1024,0.001,0,42440,True
vectorized,Add,double,,1024,0.001,1,63,True
naive,Add,double,,1024,0.001,1,49403,True
vectorized,Add,double,,1024,0.001,2,73,True
naive,Add,double,,1024,0.001,2,50405,True
vectorized,Add,double,,1024,0.001,3,71,True
naive,Add,double,,1024,0.001,3,50735,True
vectorized,Add,double,,1024,0.001,4,73,True
naive,Add,double,,1024,0.001,4,50899,True
vectorized,Add,double,,1024,0.001,5,74,True
naive,Add,double,,1024,0.001,5,49563,True
vectorized,Add,double,,1024,0.001,6,64,True
naive,Add,double,,1024,0.001,6,49131,True
vectorized,Add,double,,1024,0.001,7,78,True
naive,Add,double,,1024,0.001,7,49244,True
vectorized,Add,double,,1024,0.001,8,72,True
naive,Add,double,,1024,0.001,8,48687,True
vectorized,Add,double,,1024,0.001,9,77,True
naive,Add,double,,1024,0.001,9,49090,True
vectorized,Add,double,,1024,0.01,0,65,True
naive,Add,double,,1024,0.01,0,151246,True
vectorized,Add,double,,1024,0.01,1,66,True
naive,Add,double,,1024,0.01,1,283902,True
vectorized,Add,double,,1024,0.01,2,80,True
naive,Add,double,,1024,0.01,2,285253,True
vectorized,Add,double,,1024,0.01,3,87,True
naive,Add,double,,1024,0.01,3,287260,True
vectorized,Add,double,,1024,0.01,4,81,True
naive,Add,double,,1024,0.01,4,283830,True
vectorized,Add,double,,1024,0.01,5,77,True
naive,Add,double,,1024,0.01,5,287151,True
vectorized,Add,double,,1024,0.01,6,78,True
naive,Add,double,,1024,0.01,6,284277,True
vectorized,Add,double,,1024,0.01,7,82,True
naive,Add,double,,1024,0.01,7,286790,True
vectorized,Add,double,,1024,0.01,8,71,True
naive,Add,double,,1024,0.01,8,286156,True
vectorized,Add,double,,1024,0.01,9,75,True
naive,Add,double,,1024,0.01,9,291138,True
vectorized,Add,double,,1024,0.05,0,81,True
naive,Add,double,,1024,0.05,0,620543,True
vectorized,Add,double,,1024,0.05,1,74,True
naive,Add,double,,1024,0.05,1,1365121,True
vectorized,Add,double,,1024,0.05,2,92,True
naive,Add,double,,1024,0.05,2,1429986,True
vectorized,Add,double,,1024,0.05,3,80,True
naive,Add,double,,1024,0.05,3,1360002,True
vectorized,Add,double,,1024,0.05,4,96,True
naive,Add,double,,1024,0.05,4,1166721,True
vectorized,Add,double,,1024,0.05,5,81,True
naive,Add,double,,1024,0.05,5,1339902,True
vectorized,Add,double,,1024,0.05,6,71,True
naive,Add,double,,1024,0.05,6,1342763,True
vectorized,Add,double,,1024,0.05,7,87,True
naive,Add,double,,1024,0.05,7,1331256,True
vectorized,Add,double,,1024,0.05,8,82,True
naive,Add,double,,1024,0.05,8,1336655,True
vectorized,Add,double,,1024,0.05,9,82,True
naive,Add,double,,1024,0.05,9,1341622,True
vectorized,Add,double,,1024,0.1,0,67,True
naive,Add,double,,1024,0.1,0,1212907,True
vectorized,Add,double,,1024,0.1,1,78,True
naive,Add,double,,1024,0.1,1,2675901,True
vectorized,Add,double,,1024,0.1,2,67,True
naive,Add,double,,1024,0.1,2,2716157,True
vectorized,Add,double,,1024,0.1,3,70,True
naive,Add,double,,1024,0.1,3,2635463,True
vectorized,Add,double,,1024,0.1,4,85,True
naive,Add,double,,1024,0.1,4,2645155,True
vectorized,Add,double,,1024,0.1,5,104,True
naive,Add,double,,1024,0.1,5,2645082,True
vectorized,Add,double,,1024,0.1,6,105,True
naive,Add,double,,1024,0.1,6,2678757,True
vectorized,Add,double,,1024,0.1,7,73,True
naive,Add,double,,1024,0.1,7,2628997,True
vectorized,Add,double,,1024,0.1,8,85,True
naive,Add,double,,1024,0.1,8,2620898,True
vectorized,Add,double,,1024,0.1,9,72,True
naive,Add,double,,1024,0.1,9,2675925,True
vectorized,Add,double,,1024,0.2,0,60,False
naive,Add,double,,1024,0.2,0,3740105,False
vectorized,Add,double,,1024,0.2,1,56,False
naive,Add,double,,1024,0.2,1,3559595,False
vectorized,Add,double,,1024,0.2,2,56,False
naive,Add,double,,1024,0.2,2,3543964,False
vectorized,Add,double,,1024,0.2,3,48,False
naive,Add,double,,1024,0.2,3,3546292,False
vectorized,Add,double,,1024,0.2,4,48,False
naive,Add,double,,1024,0.2,4,3576467,False
vectorized,Add,double,,1024,0.2,5,59,False
naive,Add,double,,1024,0.2,5,3582190,False
vectorized,Add,double,,1024,0.2,6,47,False
naive,Add,double,,1024,0.2,6,3554161,False
vectorized,Add,double,,1024,0.2,7,56,False
naive,Add,double,,1024,0.2,7,3663852,False
vectorized,Add,double,,1024,0.2,8,72,False
naive,Add,double,,1024,0.2,8,3831805,False
vectorized,Add,double,,1024,0.2,9,56,False
naive,Add,double,,1024,0.2,9,3570233,False
vectorized,Add,double,,1024,0.25,0,88,True
naive,Add,double,,1024,0.25,0,3723164,True
vectorized,Add,double,,1024,0.25,1,51,True
naive,Add,double,,1024,0.25,1,3780252,True
vectorized,Add,double,,1024,0.25,2,57,True
naive,Add,double,,1024,0.25,2,3907185,True
vectorized,Add,double,,1024,0.25,3,173,True
naive,Add,double,,1024,0.25,3,3752160,True
vectorized,Add,double,,1024,0.25,4,59,True
naive,Add,double,,1024,0.25,4,3740651,True
vectorized,Add,double,,1024,0.25,5,57,True
naive,Add,double,,1024,0.25,5,3658660,True
vectorized,Add,double,,1024,0.25,6,60,True
naive,Add,double,,1024,0.25,6,3766439,True
vectorized,Add,double,,1024,0.25,7,49,True
naive,Add,double,,1024,0.25,7,3575447,True
vectorized,Add,double,,1024,0.25,8,57,True
naive,Add,double,,1024,0.25,8,3915877,True
vectorized,Add,double,,1024,0.25,9,60,True
naive,Add,double,,1024,0.25,9,3577296,True
vectorized,Add,double,,1024,1.0,0,93,True
naive,Add,double,,1024,1.0,0,5284672,True
vectorized,Add,double,,1024,1.0,1,72,True
naive,Add,double,,1024,1.0,1,5087834,True
vectorized,Add,double,,1024,1.0,2,63,True
naive,Add,double,,1024,1.0,2,4879962,True
vectorized,Add,double,,1024,1.0,3,74,True
naive,Add,double,,1024,1.0,3,4873667,True
vectorized,Add,double,,1024,1.0,4,74,True
naive,Add,double,,1024,1.0,4,4889399,True
vectorized,Add,double,,1024,1.0,5,69,True
naive,Add,double,,1024,1.0,5,4885053,True
vectorized,Add,double,,1024,1.0,6,67,True
naive,Add,double,,1024,1.0,6,4879440,True
vectorized,Add,double,,1024,1.0,7,71,True
naive,Add,double,,1024,1.0,7,4887149,True
vectorized,Add,double,,1024,1.0,8,108,True
naive,Add,double,,1024,1.0,8,4876898,True
vectorized,Add,double,,1024,1.0,9,94,True
naive,Add,double,,1024,1.0,9,5194245,True
vectorized,Add,double,,2048,0.001,0,172,True
naive,Add,double,,2048,0.001,0,100002,True
vectorized,Add,double,,2048,0.001,1,67,True
naive,Add,double,,2048,0.001,1,133567,True
vectorized,Add,double,,2048,0.001,2,67,True
naive,Add,double,,2048,0.001,2,135721,True
vectorized,Add,double,,2048,0.001,3,73,True
naive,Add,double,,2048,0.001,3,134739,True
vectorized,Add,double,,2048,0.001,4,78,True
naive,Add,double,,2048,0.001,4,146093,True
vectorized,Add,double,,2048,0.001,5,77,True
naive,Add,double,,2048,0.001,5,119125,True
vectorized,Add,double,,2048,0.001,6,63,True
naive,Add,double,,2048,0.001,6,144488,True
vectorized,Add,double,,2048,0.001,7,67,True
naive,Add,double,,2048,0.001,7,136147,True
vectorized,Add,double,,2048,0.001,8,78,True
naive,Add,double,,2048,0.001,8,133893,True
vectorized,Add,double,,2048,0.001,9,63,True
naive,Add,double,,2048,0.001,9,136954,True
vectorized,Add,double,,2048,0.01,0,126,True
naive,Add,double,,2048,0.01,0,500595,True
vectorized,Add,double,,2048,0.01,1,80,True
naive,Add,double,,2048,0.01,1,1050433,True
vectorized,Add,double,,2048,0.01,2,66,True
naive,Add,double,,2048,0.01,2,1044500,True
vectorized,Add,double,,2048,0.01,3,79,True
naive,Add,double,,2048,0.01,3,1062765,True
vectorized,Add,double,,2048,0.01,4,92,True
naive,Add,double,,2048,0.01,4,1043507,True
vectorized,Add,double,,2048,0.01,5,141,True
naive,Add,double,,2048,0.01,5,1045248,True
vectorized,Add,double,,2048,0.01,6,76,True
naive,Add,double,,2048,0.01,6,1076041,True
vectorized,Add,double,,2048,0.01,7,71,True
naive,Add,double,,2048,0.01,7,1084319,True
vectorized,Add,double,,2048,0.01,8,79,True
naive,Add,double,,2048,0.01,8,1087296,True
vectorized,Add,double,,2048,0.01,9,78,True
naive,Add,double,,2048,0.01,9,1043742,True
vectorized,Add,double,,2048,0.05,0,56,True
naive,Add,double,,2048,0.05,0,1577908,True
vectorized,Add,double,,2048,0.05,1,62,True
naive,Add,double,,2048,0.05,1,4033894,True
vectorized,Add,double,,2048,0.05,2,78,True
naive,Add,double,,2048,0.05,2,4200004,True
vectorized,Add,double,,2048,0.05,3,69,True
naive,Add,double,,2048,0.05,3,4429594,True
vectorized,Add,double,,2048,0.05,4,49,True
naive,Add,double,,2048,0.05,4,3985375,True
vectorized,Add,double,,2048,0.05,5,69,True
naive,Add,double,,2048,0.05,5,4351771,True
vectorized,Add,double,,2048,0.05,6,57,True
naive,Add,double,,2048,0.05,6,3930282,True
vectorized,Add,double,,2048,0.05,7,56,True
naive,Add,double,,2048,0.05,7,3966461,True
vectorized,Add,double,,2048,0.05,8,58,True
naive,Add,double,,2048,0.05,8,4167847,True
vectorized,Add,double,,2048,0.05,9,56,True
naive,Add,double,,2048,0.05,9,4304499,True
vectorized,Add,double,,2048,0.1,0,79,True
naive,Add,double,,2048,0.1,0,3164367,True
vectorized,Add,double,,2048,0.1,1,56,True
naive,Add,double,,2048,0.1,1,7894181,True
vectorized,Add,double,,2048,0.1,2,68,True
naive,Add,double,,2048,0.1,2,8205701,True
vectorized,Add,double,,2048,0.1,3,67,True
naive,Add,double,,2048,0.1,3,7805211,True
vectorized,Add,double,,2048,0.1,4,67,True
naive,Add,double,,2048,0.1,4,8298332,True
vectorized,Add,double,,2048,0.1,5,69,True
naive,Add,double,,2048,0.1,5,8243694,True
vectorized,Add,double,,2048,0.1,6,78,True
naive,Add,double,,2048,0.1,6,8195973,True
vectorized,Add,double,,2048,0.1,7,84,True
naive,Add,double,,2048,0.1,7,7738807,True
vectorized,Add,double,,2048,0.1,8,67,True
naive,Add,double,,2048,0.1,8,7885097,True
vectorized,Add,double,,2048,0.1,9,81,True
naive,Add,double,,2048,0.1,9,8208102,True
vectorized,Add,double,,2048,0.2,0,60,False
naive,Add,double,,2048,0.2,0,15330088,False
vectorized,Add,double,,2048,0.2,1,56,False
naive,Add,double,,2048,0.2,1,15521076,False
vectorized,Add,double,,2048,0.2,2,63,False
naive,Add,double,,2048,0.2,2,14343578,False
vectorized,Add,double,,2048,0.2,3,48,False
naive,Add,double,,2048,0.2,3,15240748,False
vectorized,Add,double,,2048,0.2,4,69,False
naive,Add,double,,2048,0.2,4,15527724,False
vectorized,Add,double,,2048,0.2,5,48,False
naive,Add,double,,2048,0.2,5,14450322,False
vectorized,Add,double,,2048,0.2,6,48,False
naive,Add,double,,2048,0.2,6,15302650,False
vectorized,Add,double,,2048,0.2,7,58,False
naive,Add,double,,2048,0.2,7,15329209,False
vectorized,Add,double,,2048,0.2,8,60,False
naive,Add,double,,2048,0.2,8,14408706,False
vectorized,Add,double,,2048,0.2,9,58,False
naive,Add,double,,2048,0.2,9,14813495,False
vectorized,Add,double,,2048,0.25,0,65,True
naive,Add,double,,2048,0.25,0,15312290,True
vectorized,Add,double,,2048,0.25,1,56,True
naive,Add,double,,2048,0.25,1,15366964,True
vectorized,Add,double,,2048,0.25,2,48,True
naive,Add,double,,2048,0.25,2,15358032,True
vectorized,Add,double,,2048,0.25,3,48,True
naive,Add,double,,2048,0.25,3,15399284,True
vectorized,Add,double,,2048,0.25,4,58,True
naive,Add,double,,2048,0.25,4,15404729,True
vectorized,Add,double,,2048,0.25,5,58,True
naive,Add,double,,2048,0.25,5,14830966,True
vectorized,Add,double,,2048,0.25,6,57,True
naive,Add,double,,2048,0.25,6,15359904,True
vectorized,Add,double,,2048,0.25,7,49,True
naive,Add,double,,2048,0.25,7,15349839,True
vectorized,Add,double,,2048,0.25,8,58,True
naive,Add,double,,2048,0.25,8,15367850,True
vectorized,Add,double,,2048,0.25,9,48,True
naive,Add,double,,2048,0.25,9,14407353,True
vectorized,Add,double,,2048,1.0,0,138,True
naive,Add,double,,2048,1.0,0,14496628,True
vectorized,Add,double,,2048,1.0,1,56,True
naive,Add,double,,2048,1.0,1,15147504,True
vectorized,Add,double,,2048,1.0,2,57,True
naive,Add,double,,2048,1.0,2,15574533,True
vectorized,Add,double,,2048,1.0,3,58,True
naive,Add,double,,2048,1.0,3,15419852,True
vectorized,Add,double,,2048,1.0,4,59,True
naive,Add,double,,2048,1.0,4,14523064,True
vectorized,Add,double,,2048,1.0,5,55,True
naive,Add,double,,2048,1.0,5,14798356,True
vectorized,Add,double,,2048,1.0,6,48,True
naive,Add,double,,2048,1.0,6,15611948,True
vectorized,Add,double,,2048,1.0,7,57,True
naive,Add,double,,2048,1.0,7,14499579,True
vectorized,Add,double,,2048,1.0,8,49,True
naive,Add,double,,2048,1.0,8,15216465,True
vectorized,Add,double,,2048,1.0,9,57,True
naive,Add,double,,2048,1.0,9,14531286,True
vectorized,Add,double,,4096,0.001,0,70,True
naive,Add,double,,4096,0.001,0,305476,True
vectorized,Add,double,,4096,0.001,1,98,True
naive,Add,double,,4096,0.001,1,517872,True
vectorized,Add,double,,4096,0.001,2,67,True
naive,Add,double,,4096,0.001,2,514388,True
vectorized,Add,double,,4096,0.001,3,74,True
naive,Add,double,,4096,0.001,3,520501,True
vectorized,Add,double,,4096,0.001,4,75,True
naive,Add,double,,4096,0.001,4,497913,True
vectorized,Add,double,,4096,0.001,5,89,True
naive,Add,double,,4096,0.001,5,500282,True
vectorized,Add,double,,4096,0.001,6,80,True
naive,Add,double,,4096,0.001,6,497528,True
vectorized,Add,double,,4096,0.001,7,73,True
naive,Add,double,,4096,0.001,7,509083,True
vectorized,Add,double,,4096,0.001,8,73,True
naive,Add,double,,4096,0.001,8,500379,True
vectorized,Add,double,,4096,0.001,9,72,True
naive,Add,double,,4096,0.001,9,501951,True
vectorized,Add,double,,4096,0.01,0,78,True
naive,Add,double,,4096,0.01,0,2028031,True
vectorized,Add,double,,4096,0.01,1,83,True
naive,Add,double,,4096,0.01,1,4321566,True
vectorized,Add,double,,4096,0.01,2,73,True
naive,Add,double,,4096,0.01,2,4308426,True
vectorized,Add,double,,4096,0.01,3,125,True
naive,Add,double,,4096,0.01,3,4320219,True
vectorized,Add,double,,4096,0.01,4,72,True
naive,Add,double,,4096,0.01,4,4345798,True
vectorized,Add,double,,4096,0.01,5,75,True
naive,Add,double,,4096,0.01,5,4365167,True
vectorized,Add,double,,4096,0.01,6,71,True
naive,Add,double,,4096,0.01,6,4325838,True
vectorized,Add,double,,4096,0.01,7,100,True
naive,Add,double,,4096,0.01,7,4362359,True
vectorized,Add,double,,4096,0.01,8,112,True
naive,Add,double,,4096,0.01,8,4339340,True
vectorized,Add,double,,4096,0.01,9,78,True
naive,Add,double,,4096,0.01,9,4339586,True
vectorized,Add,double,,4096,0.05,0,138,True
naive,Add,double,,4096,0.05,0,5882819,True
vectorized,Add,double,,4096,0.05,1,176,True
naive,Add,double,,4096,0.05,1,16952723,True
vectorized,Add,double,,4096,0.05,2,70,True
naive,Add,double,,4096,0.05,2,16451799,True
vectorized,Add,double,,4096,0.05,3,83,True
naive,Add,double,,4096,0.05,3,15614545,True
vectorized,Add,double,,4096,0.05,4,83,True
naive,Add,double,,4096,0.05,4,16651183,True
vectorized,Add,double,,4096,0.05,5,65,True
naive,Add,double,,4096,0.05,5,15977004,True
vectorized,Add,double,,4096,0.05,6,58,True
naive,Add,double,,4096,0.05,6,16455381,True
vectorized,Add,double,,4096,0.05,7,84,True
naive,Add,double,,4096,0.05,7,15606678,True
vectorized,Add,double,,4096,0.05,8,65,True
naive,Add,double,,4096,0.05,8,16411300,True
vectorized,Add,double,,4096,0.05,9,58,True
naive,Add,double,,4096,0.05,9,15957837,True
vectorized,Add,double,,4096,0.1,0,50,True
naive,Add,double,,4096,0.1,0,12185537,True
vectorized,Add,double,,4096,0.1,1,83,True
naive,Add,double,,4096,0.1,1,32510586,True
vectorized,Add,double,,4096,0.1,2,56,True
naive,Add,double,,4096,0.1,2,32471839,True
vectorized,Add,double,,4096,0.1,3,47,True
naive,Add,double,,4096,0.1,3,31068650,True
vectorized,Add,double,,4096,0.1,4,81,True
naive,Add,double,,4096,0.1,4,31180845,True
vectorized,Add,double,,4096,0.1,5,71,True
naive,Add,double,,4096,0.1,5,32456837,True
vectorized,Add,double,,4096,0.1,6,55,True
naive,Add,double,,4096,0.1,6,32866173,True
vectorized,Add,double,,4096,0.1,7,58,True
naive,Add,double,,4096,0.1,7,33082370,True
vectorized,Add,double,,4096,0.1,8,68,True
naive,Add,double,,4096,0.1,8,31677268,True
vectorized,Add,double,,4096,0.1,9,70,True
naive,Add,double,,4096,0.1,9,32548237,True
vectorized,Add,double,,4096,0.2,0,56,False
naive,Add,double,,4096,0.2,0,61488315,False
vectorized,Add,double,,4096,0.2,1,56,False
naive,Add,double,,4096,0.2,1,59008838,False
vectorized,Add,double,,4096,0.2,2,58,False
naive,Add,double,,4096,0.2,2,61555618,False
vectorized,Add,double,,4096,0.2,3,58,False
naive,Add,double,,4096,0.2,3,59168878,False
vectorized,Add,double,,4096,0.2,4,57,False
naive,Add,double,,4096,0.2,4,61439765,False
vectorized,Add,double,,4096,0.2,5,47,False
naive,Add,double,,4096,0.2,5,60014836,False
vectorized,Add,double,,4096,0.2,6,48,False
naive,Add,double,,4096,0.2,6,61521607,False
vectorized,Add,double,,4096,0.2,7,48,False
naive,Add,double,,4096,0.2,7,62229529,False
vectorized,Add,double,,4096,0.2,8,55,False
naive,Add,double,,4096,0.2,8,61753725,False
vectorized,Add,double,,4096,0.2,9,59,False
naive,Add,double,,4096,0.2,9,61962148,False
vectorized,Add,double,,4096,0.25,0,94,True
naive,Add,double,,4096,0.25,0,59069638,True
vectorized,Add,double,,4096,0.25,1,48,True
naive,Add,double,,4096,0.25,1,61532549,True
vectorized,Add,double,,4096,0.25,2,56,True
naive,Add,double,,4096,0.25,2,64407636,True
vectorized,Add,double,,4096,0.25,3,60,True
naive,Add,double,,4096,0.25,3,60373606,True
vectorized,Add,double,,4096,0.25,4,49,True
naive,Add,double,,4096,0.25,4,63359439,True
vectorized,Add,double,,4096,0.25,5,47,True
naive,Add,double,,4096,0.25,5,58458996,True
vectorized,Add,double,,4096,0.25,6,57,True
naive,Add,double,,4096,0.25,6,61975770,True
vectorized,Add,double,,4096,0.25,7,49,True
naive,Add,double,,4096,0.25,7,61977271,True
vectorized,Add,double,,4096,0.25,8,49,True
naive,Add,double,,4096,0.25,8,61947932,True
vectorized,Add,double,,4096,0.25,9,58,True
naive,Add,double,,4096,0.25,9,59350600,True
vectorized,Add,double,,4096,1.0,0,54,True
naive,Add,double,,4096,1.0,0,62379110,True
vectorized,Add,double,,4096,1.0,1,56,True
naive,Add,double,,4096,1.0,1,61790668,True
vectorized,Add,double,,4096,1.0,2,58,True
naive,Add,double,,4096,1.0,2,61717459,True
vectorized,Add,double,,4096,1.0,3,55,True
naive,Add,double,,4096,1.0,3,61707401,True
vectorized,Add,double,,4096,1.0,4,56,True
naive,Add,double,,4096,1.0,4,62008637,True
vectorized,Add,double,,4096,1.0,5,57,True
naive,Add,double,,4096,1.0,5,61737131,True
vectorized,Add,double,,4096,1.0,6,55,True
naive,Add,double,,4096,1.0,6,62354610,True
vectorized,Add,double,,4096,1.0,7,57,True
naive,Add,double,,4096,1.0,7,62797162,True
vectorized,Add,double,,4096,1.0,8,57,True
naive,Add,double,,4096,1.0,8,61581531,True
vectorized,Add,double,,4096,1.0,9,73,True
naive,Add,double,,4096,1.0,9,60861199,True
vectorized,Add,double,symmetry,1024,0.001,0,21374444,False
naive,Add,double,symmetry,1024,0.001,0,15523354,False
vectorized,Add,double,symmetry,1024,0.001,1,22452431,False
naive,Add,double,symmetry,1024,0.001,1,14858672,False
vectorized,Add,double,symmetry,1024,0.001,2,23144370,False
naive,Add,double,symmetry,1024,0.001,2,14952884,False
vectorized,Add,double,symmetry,1024,0.001,3,22342214,False
naive,Add,double,symmetry,1024,0.001,3,14510847,False
vectorized,Add,double,symmetry,1024,0.001,4,19601746,False
naive,Add,double,symmetry,1024,0.001,4,14378954,False
vectorized,Add,double,symmetry,1024,0.001,5,20887489,False
naive,Add,double,symmetry,1024,0.001,5,14676656,False
vectorized,Add,double,symmetry,1024,0.001,6,21209663,False
naive,Add,double,symmetry,1024,0.001,6,14842169,False
vectorized,Add,double,symmetry,1024,0.001,7,22471486,False
naive,Add,double,symmetry,1024,0.001,7,14873038,False
vectorized,Add,double,symmetry,1024,0.001,8,23287789,False
naive,Add,double,symmetry,1024,0.001,8,14482456,False
vectorized,Add,double,symmetry,1024,0.001,9,22246377,False
naive,Add,double,symmetry,1024,0.001,9,14759385,False
vectorized,Add,double,symmetry,1024,0.01,0,22478793,False
naive,Add,double,symmetry,1024,0.01,0,14414734,False
vectorized,Add,double,symmetry,1024,0.01,1,23092863,False
naive,Add,double,symmetry,1024,0.01,1,13558916,False
vectorized,Add,double,symmetry,1024,0.01,2,22149352,False
naive,Add,double,symmetry,1024,0.01,2,14517406,False
vectorized,Add,double,symmetry,1024,0.01,3,22687086,False
naive,Add,double,symmetry,1024,0.01,3,15160014,False
vectorized,Add,double,symmetry,1024,0.01,4,20157947,False
naive,Add,double,symmetry,1024,0.01,4,15042084,False
vectorized,Add,double,symmetry,1024,0.01,5,20284915,False
naive,Add,double,symmetry,1024,0.01,5,14644237,False
vectorized,Add,double,symmetry,1024,0.01,6,21421516,False
naive,Add,double,symmetry,1024,0.01,6,14711278,False
vectorized,Add,double,symmetry,1024,0.01,7,23317823,False
naive,Add,double,symmetry,1024,0.01,7,15038993,False
vectorized,Add,double,symmetry,1024,0.01,8,22031376,False
naive,Add,double,symmetry,1024,0.01,8,15217044,False
vectorized,Add,double,symmetry,1024,0.01,9,22718123,False
naive,Add,double,symmetry,1024,0.01,9,16030706,False
vectorized,Add,double,symmetry,1024,0.05,0,23627698,False
naive,Add,double,symmetry,1024,0.05,0,15415385,False
vectorized,Add,double,symmetry,1024,0.05,1,22552404,False
naive,Add,double,symmetry,1024,0.05,1,15640342,False
vectorized,Add,double,symmetry,1024,0.05,2,23286267,False
naive,Add,double,symmetry,1024,0.05,2,15044755,False
vectorized,Add,double,symmetry,1024,0.05,3,22755333,False
naive,Add,double,symmetry,1024,0.05,3,15630005,False
vectorized,Add,double,symmetry,1024,0.05,4,21100445,False
naive,Add,double,symmetry,1024,0.05,4,15576950,False
vectorized,Add,double,symmetry,1024,0.05,5,23993574,False
naive,Add,double,symmetry,1024,0.05,5,15631974,False
vectorized,Add,double,symmetry,1024,0.05,6,21810333,False
naive,Add,double,symmetry,1024,0.05,6,15158857,False
vectorized,Add,double,symmetry,1024,0.05,7,23687402,False
naive,Add,double,symmetry,1024,0.05,7,15592303,False
vectorized,Add,double,symmetry,1024,0.05,8,22410760,False
naive,Add,double,symmetry,1024,0.05,8,15820081,False
vectorized,Add,double,symmetry,1024,0.05,9,21561728,False
naive,Add,double,symmetry,1024,0.05,9,15274406,False
vectorized,Add,double,symmetry,1024,0.1,0,22312217,False
naive,Add,double,symmetry,1024,0.1,0,15128354,False
vectorized,Add,double,symmetry,1024,0.1,1,25056367,False
naive,Add,double,symmetry,1024,0.1,1,16393919,False
vectorized,Add,double,symmetry,1024,0.1,2,25515453,False
naive,Add,double,symmetry,1024,0.1,2,16783630,False
vectorized,Add,double,symmetry,1024,0.1,3,22031531,False
naive,Add,double,symmetry,1024,0.1,3,16511684,False
vectorized,Add,double,symmetry,1024,0.1,4,25819874,False
naive,Add,double,symmetry,1024,0.1,4,17133256,False
vectorized,Add,double,symmetry,1024,0.1,5,22012305,False
naive,Add,double,symmetry,1024,0.1,5,16597385,False
vectorized,Add,double,symmetry,1024,0.1,6,25464937,False
naive,Add,double,symmetry,1024,0.1,6,16195974,False
vectorized,Add,double,symmetry,1024,0.1,7,22984088,False
naive,Add,double,symmetry,1024,0.1,7,16665282,False
vectorized,Add,double,symmetry,1024,0.1,8,25135688,False
naive,Add,double,symmetry,1024,0.1,8,16593213,False
vectorized,Add,double,symmetry,1024,0.1,9,23907988,False
naive,Add,double,symmetry,1024,0.1,9,16668076,False
vectorized,Add,double,symmetry,1024,0.2,0,24741799,False
naive,Add,double,symmetry,1024,0.2,0,16496140,False
vectorized,Add,double,symmetry,1024,0.2,1,24767054,False
naive,Add,double,symmetry,1024,0.2,1,17460579,False
vectorized,Add,double,symmetry,1024,0.2,2,25632716,False
naive,Add,double,symmetry,1024,0.2,2,17103508,False
vectorized,Add,double,symmetry,1024,0.2,3,22658659,False
naive,Add,double,symmetry,1024,0.2,3,17219099,False
vectorized,Add,double,symmetry,1024,0.2,4,24363584,False
naive,Add,double,symmetry,1024,0.2,4,16899583,False
vectorized,Add,double,symmetry,1024,0.2,5,27310105,False
naive,Add,double,symmetry,1024,0.2,5,17509049,False
vectorized,Add,double,symmetry,1024,0.2,6,26071048,False
naive,Add,double,symmetry,1024,0.2,6,16975834,False
vectorized,Add,double,symmetry,1024,0.2,7,25274252,False
naive,Add,double,symmetry,1024,0.2,7,17265853,False
vectorized,Add,double,symmetry,1024,0.2,8,26155670,False
naive,Add,double,symmetry,1024,0.2,8,16762426,False
vectorized,Add,double,symmetry,1024,0.2,9,26885220,False
naive,Add,double,symmetry,1024,0.2,9,16800124,False
vectorized,Add,double,symmetry,1024,0.25,0,29608968,True
naive,Add,double,symmetry,1024,0.25,0,17148331,True
vectorized,Add,double,symmetry,1024,0.25,1,25502035,True
naive,Add,double,symmetry,1024,0.25,1,16365289,True
vectorized,Add,double,symmetry,1024,0.25,2,24507247,True
naive,Add,double,symmetry,1024,0.25,2,16361717,True
vectorized,Add,double,symmetry,1024,0.25,3,28970145,True
naive,Add,double,symmetry,1024,0.25,3,16201918,True
vectorized,Add,double,symmetry,1024,0.25,4,24451785,True
naive,Add,double,symmetry,1024,0.25,4,16589305,True
vectorized,Add,double,symmetry,1024,0.25,5,24344926,True
naive,Add,double,symmetry,1024,0.25,5,16429364,True
vectorized,Add,double,symmetry,1024,0.25,6,24576340,True
naive,Add,double,symmetry,1024,0.25,6,16232598,True
vectorized,Add,double,symmetry,1024,0.25,7,25084253,True
naive,Add,double,symmetry,1024,0.25,7,16650706,True
vectorized,Add,double,symmetry,1024,0.25,8,23847561,True
naive,Add,double,symmetry,1024,0.25,8,16330313,True
vectorized,Add,double,symmetry,1024,0.25,9,21171144,True
naive,Add,double,symmetry,1024,0.25,9,16422079,True
vectorized,Add,double,symmetry,1024,1.0,0,20342253,True
naive,Add,double,symmetry,1024,1.0,0,17100149,True
vectorized,Add,double,symmetry,1024,1.0,1,19961465,True
naive,Add,double,symmetry,1024,1.0,1,17257863,True
vectorized,Add,double,symmetry,1024,1.0,2,20532797,True
naive,Add,double,symmetry,1024,1.0,2,17145797,True
vectorized,Add,double,symmetry,1024,1.0,3,20560520,True
naive,Add,double,symmetry,1024,1.0,3,16996700,True
vectorized,Add,double,symmetry,1024,1.0,4,20451220,True
naive,Add,double,symmetry,1024,1.0,4,17049068,True
vectorized,Add,double,symmetry,1024,1.0,5,20237905,True
naive,Add,double,symmetry,1024,1.0,5,17234726,True
vectorized,Add,double,symmetry,1024,1.0,6,20711476,True
naive,Add,double,symmetry,1024,1.0,6,17121976,True
vectorized,Add,double,symmetry,1024,1.0,7,20105131,True
naive,Add,double,symmetry,1024,1.0,7,17041430,True
vectorized,Add,double,symmetry,1024,1.0,8,20136886,True
naive,Add,double,symmetry,1024,1.0,8,17103108,True
vectorized,Add,double,symmetry,1024,1.0,9,20863394,True
naive,Add,double,symmetry,1024,1.0,9,17201870,True
vectorized,Add,double,symmetry,2048,0.001,0,70339710,False
naive,Add,double,symmetry,2048,0.001,0,56389916,False
vectorized,Add,double,symmetry,2048,0.001,1,62936036,False
naive,Add,double,symmetry,2048,0.001,1,56738549,False
vectorized,Add,double,symmetry,2048,0.001,2,62561552,False
naive,Add,double,symmetry,2048,0.001,2,55449382,False
vectorized,Add,double,symmetry,2048,0.001,3,65429879,False
naive,Add,double,symmetry,2048,0.001,3,56392322,False
vectorized,Add,double,symmetry,2048,0.001,4,63337542,False
naive,Add,double,symmetry,2048,0.001,4,55763330,False
vectorized,Add,double,symmetry,2048,0.001,5,86307704,False
naive,Add,double,symmetry,2048,0.001,5,55822319,False
vectorized,Add,double,symmetry,2048,0.001,6,70268043,False
naive,Add,double,symmetry,2048,0.001,6,55532764,False
vectorized,Add,double,symmetry,2048,0.001,7,64662650,False
naive,Add,double,symmetry,2048,0.001,7,56517619,False
vectorized,Add,double,symmetry,2048,0.001,8,65634952,False
naive,Add,double,symmetry,2048,0.001,8,56599607,False
vectorized,Add,double,symmetry,2048,0.001,9,74368145,False
naive,Add,double,symmetry,2048,0.001,9,56833228,False
vectorized,Add,double,symmetry,2048,0.01,0,79412537,False
naive,Add,double,symmetry,2048,0.01,0,57272478,False
vectorized,Add,double,symmetry,2048,0.01,1,74337272,False
naive,Add,double,symmetry,2048,0.01,1,57034963,False
vectorized,Add,double,symmetry,2048,0.01,2,66451049,False
naive,Add,double,symmetry,2048,0.01,2,57875457,False
vectorized,Add,double,symmetry,2048,0.01,3,70662839,False
naive,Add,double,symmetry,2048,0.01,3,57807842,False
vectorized,Add,double,symmetry,2048,0.01,4,80078849,False
naive,Add,double,symmetry,2048,0.01,4,57084871,False
vectorized,Add,double,symmetry,2048,0.01,5,65784999,False
naive,Add,double,symmetry,2048,0.01,5,57810217,False
vectorized,Add,double,symmetry,2048,0.01,6,78387597,False
naive,Add,double,symmetry,2048,0.01,6,56803558,False
vectorized,Add,double,symmetry,2048,0.01,7,64342342,False
naive,Add,double,symmetry,2048,0.01,7,57858175,False
vectorized,Add,double,symmetry,2048,0.01,8,76518729,False
naive,Add,double,symmetry,2048,0.01,8,57677487,False
vectorized,Add,double,symmetry,2048,0.01,9,64836134,False
naive,Add,double,symmetry,2048,0.01,9,57318521,False
vectorized,Add,double,symmetry,2048,0.05,0,69524347,False
naive,Add,double,symmetry,2048,0.05,0,58920241,False
vectorized,Add,double,symmetry,2048,0.05,1,72477196,False
naive,Add,double,symmetry,2048,0.05,1,62967130,False
vectorized,Add,double,symmetry,2048,0.05,2,74679438,False
naive,Add,double,symmetry,2048,0.05,2,62407318,False
vectorized,Add,double,symmetry,2048,0.05,3,70980107,False
naive,Add,double,symmetry,2048,0.05,3,62018677,False
vectorized,Add,double,symmetry,2048,0.05,4,78065390,False
naive,Add,double,symmetry,2048,0.05,4,63240535,False
vectorized,Add,double,symmetry,2048,0.05,5,73749048,False
naive,Add,double,symmetry,2048,0.05,5,63178651,False
vectorized,Add,double,symmetry,2048,0.05,6,70116081,False
naive,Add,double,symmetry,2048,0.05,6,61879192,False
vectorized,Add,double,symmetry,2048,0.05,7,69716884,False
naive,Add,double,symmetry,2048,0.05,7,61985783,False
vectorized,Add,double,symmetry,2048,0.05,8,84730809,False
naive,Add,double,symmetry,2048,0.05,8,62180159,False
vectorized,Add,double,symmetry,2048,0.05,9,71087607,False
naive,Add,double,symmetry,2048,0.05,9,62142322,False
vectorized,Add,double,symmetry,2048,0.1,0,73043034,False
naive,Add,double,symmetry,2048,0.1,0,63297980,False
vectorized,Add,double,symmetry,2048,0.1,1,82429474,False
naive,Add,double,symmetry,2048,0.1,1,68797347,False
vectorized,Add,double,symmetry,2048,0.1,2,79694806,False
naive,Add,double,symmetry,2048,0.1,2,68168285,False
vectorized,Add,double,symmetry,2048,0.1,3,79524409,False
naive,Add,double,symmetry,2048,0.1,3,67594697,False
vectorized,Add,double,symmetry,2048,0.1,4,86293400,False
naive,Add,double,symmetry,2048,0.1,4,68289629,False
vectorized,Add,double,symmetry,2048,0.1,5,74966210,False
naive,Add,double,symmetry,2048,0.1,5,68226196,False
vectorized,Add,double,symmetry,2048,0.1,6,84086271,False
naive,Add,double,symmetry,2048,0.1,6,67556424,False
vectorized,Add,double,symmetry,2048,0.1,7,74713742,False
naive,Add,double,symmetry,2048,0.1,7,70963421,False
vectorized,Add,double,symmetry,2048,0.1,8,83106164,False
naive,Add,double,symmetry,2048,0.1,8,68884162,False
vectorized,Add,double,symmetry,2048,0.1,9,73853052,False
naive,Add,double,symmetry,2048,0.1,9,67681131,False
vectorized,Add,double,symmetry,2048,0.2,0,75656167,False
naive,Add,double,symmetry,2048,0.2,0,68481932,False
vectorized,Add,double,symmetry,2048,0.2,1,81366574,False
naive,Add,double,symmetry,2048,0.2,1,71647253,False
vectorized,Add,double,symmetry,2048,0.2,2,77316008,False
naive,Add,double,symmetry,2048,0.2,2,70823127,False
vectorized,Add,double,symmetry,2048,0.2,3,77574042,False
naive,Add,double,symmetry,2048,0.2,3,73045810,False
vectorized,Add,double,symmetry,2048,0.2,4,78415932,False
naive,Add,double,symmetry,2048,0.2,4,71708983,False
vectorized,Add,double,symmetry,2048,0.2,5,76293197,False
naive,Add,double,symmetry,2048,0.2,5,69935582,False
vectorized,Add,double,symmetry,2048,0.2,6,82626776,False
naive,Add,double,symmetry,2048,0.2,6,70896940,False
vectorized,Add,double,symmetry,2048,0.2,7,83606731,False
naive,Add,double,symmetry,2048,0.2,7,71561644,False
vectorized,Add,double,symmetry,2048,0.2,8,91542115,False
naive,Add,double,symmetry,2048,0.2,8,70166070,False
vectorized,Add,double,symmetry,2048,0.2,9,78537511,False
naive,Add,double,symmetry,2048,0.2,9,70965946,False
vectorized,Add,double,symmetry,2048,0.25,0,83732131,True
naive,Add,double,symmetry,2048,0.25,0,71211868,True
vectorized,Add,double,symmetry,2048,0.25,1,86301730,True
naive,Add,double,symmetry,2048,0.25,1,68771425,True
vectorized,Add,double,symmetry,2048,0.25,2,75296292,True
naive,Add,double,symmetry,2048,0.25,2,69037717,True
vectorized,Add,double,symmetry,2048,0.25,3,88742451,True
naive,Add,double,symmetry,2048,0.25,3,68790146,True
vectorized,Add,double,symmetry,2048,0.25,4,84046388,True
naive,Add,double,symmetry,2048,0.25,4,68815846,True
vectorized,Add,double,symmetry,2048,0.25,5,81313307,True
naive,Add,double,symmetry,2048,0.25,5,69310021,True
vectorized,Add,double,symmetry,2048,0.25,6,75469389,True
naive,Add,double,symmetry,2048,0.25,6,67872223,True
vectorized,Add,double,symmetry,2048,0.25,7,73859273,True
naive,Add,double,symmetry,2048,0.25,7,67670002,True
vectorized,Add,double,symmetry,2048,0.25,8,78845865,True
naive,Add,double,symmetry,2048,0.25,8,69210633,True
vectorized,Add,double,symmetry,2048,0.25,9,76376493,True
naive,Add,double,symmetry,2048,0.25,9,69016873,True
vectorized,Add,double,symmetry,2048,1.0,0,73800589,True
naive,Add,double,symmetry,2048,1.0,0,56496279,True
vectorized,Add,double,symmetry,2048,1.0,1,64744451,True
naive,Add,double,symmetry,2048,1.0,1,58145850,True
vectorized,Add,double,symmetry,2048,1.0,2,68127483,True
naive,Add,double,symmetry,2048,1.0,2,57823675,True
vectorized,Add,double,symmetry,2048,1.0,3,67707808,True
naive,Add,double,symmetry,2048,1.0,3,57813427,True
vectorized,Add,double,symmetry,2048,1.0,4,69877326,True
naive,Add,double,symmetry,2048,1.0,4,56409662,True
vectorized,Add,double,symmetry,2048,1.0,5,72721586,True
naive,Add,double,symmetry,2048,1.0,5,57201533,True
vectorized,Add,double,symmetry,2048,1.0,6,68415377,True
naive,Add,double,symmetry,2048,1.0,6,58623745,True
vectorized,Add,double,symmetry,2048,1.0,7,71286540,True
naive,Add,double,symmetry,2048,1.0,7,56262295,True
vectorized,Add,double,symmetry,2048,1.0,8,68695612,True
naive,Add,double,symmetry,2048,1.0,8,58280476,True
vectorized,Add,double,symmetry,2048,1.0,9,70814072,True
naive,Add,double,symmetry,2048,1.0,9,57147914,True
vectorized,Add,double,symmetry,4096,0.001,0,249462737,False
naive,Add,double,symmetry,4096,0.001,0,245004017,False
vectorized,Add,double,symmetry,4096,0.001,1,242035643,False
naive,Add,double,symmetry,4096,0.001,1,244577405,False
vectorized,Add,double,symmetry,4096,0.001,2,237074951,False
naive,Add,double,symmetry,4096,0.001,2,245452747,False
vectorized,Add,double,symmetry,4096,0.001,3,244541112,False
naive,Add,double,symmetry,4096,0.001,3,247076215,False
vectorized,Add,double,symmetry,4096,0.001,4,243690457,False
naive,Add,double,symmetry,4096,0.001,4,246489062,False
vectorized,Add,double,symmetry,4096,0.001,5,235598627,False
naive,Add,double,symmetry,4096,0.001,5,245393759,False
vectorized,Add,double,symmetry,4096,0.001,6,239970531,False
naive,Add,double,symmetry,4096,0.001,6,244592455,False
vectorized,Add,double,symmetry,4096,0.001,7,248002649,False
naive,Add,double,symmetry,4096,0.001,7,245086163,False
vectorized,Add,double,symmetry,4096,0.001,8,236042591,False
naive,Add,double,symmetry,4096,0.001,8,244656144,False
vectorized,Add,double,symmetry,4096,0.001,9,250748901,False
naive,Add,double,symmetry,4096,0.001,9,251147625,False
vectorized,Add,double,symmetry,4096,0.01,0,267198564,False
naive,Add,double,symmetry,4096,0.01,0,248484061,False
vectorized,Add,double,symmetry,4096,0.01,1,246426681,False
naive,Add,double,symmetry,4096,0.01,1,253162932,False
vectorized,Add,double,symmetry,4096,0.01,2,261740800,False
naive,Add,double,symmetry,4096,0.01,2,250934641,False
vectorized,Add,double,symmetry,4096,0.01,3,263688596,False
naive,Add,double,symmetry,4096,0.01,3,255968455,False
vectorized,Add,double,symmetry,4096,0.01,4,257513268,False
naive,Add,double,symmetry,4096,0.01,4,251194448,False
vectorized,Add,double,symmetry,4096,0.01,5,253556605,False
naive,Add,double,symmetry,4096,0.01,5,252074080,False
vectorized,Add,double,symmetry,4096,0.01,6,248952057,False
naive,Add,double,symmetry,4096,0.01,6,249608221,False
vectorized,Add,double,symmetry,4096,0.01,7,264291718,False
naive,Add,double,symmetry,4096,0.01,7,252637080,False
vectorized,Add,double,symmetry,4096,0.01,8,247981686,False
naive,Add,double,symmetry,4096,0.01,8,252897638,False
vectorized,Add,double,symmetry,4096,0.01,9,242471844,False
naive,Add,double,symmetry,4096,0.01,9,251024392,False
vectorized,Add,double,symmetry,4096,0.05,0,250266122,False
naive,Add,double,symmetry,4096,0.05,0,259515749,False
vectorized,Add,double,symmetry,4096,0.05,1,274797949,False
naive,Add,double,symmetry,4096,0.05,1,273589089,False
vectorized,Add,double,symmetry,4096,0.05,2,275392151,False
naive,Add,double,symmetry,4096,0.05,2,275507194,False
vectorized,Add,double,symmetry,4096,0.05,3,267052505,False
naive,Add,double,symmetry,4096,0.05,3,272827492,False
vectorized,Add,double,symmetry,4096,0.05,4,278892425,False
naive,Add,double,symmetry,4096,0.05,4,272193819,False
vectorized,Add,double,symmetry,4096,0.05,5,283549354,False
naive,Add,double,symmetry,4096,0.05,5,273171442,False
vectorized,Add,double,symmetry,4096,0.05,6,267365558,False
naive,Add,double,symmetry,4096,0.05,6,270879328,False
vectorized,Add,double,symmetry,4096,0.05,7,268546662,False
naive,Add,double,symmetry,4096,0.05,7,279495263,False
vectorized,Add,double,symmetry,4096,0.05,8,290242969,False
naive,Add,double,symmetry,4096,0.05,8,280591094,False
vectorized,Add,double,symmetry,4096,0.05,9,274716507,False
naive,Add,double,symmetry,4096,0.05,9,274736844,False
vectorized,Add,double,symmetry,4096,0.1,0,268451608,False
naive,Add,double,symmetry,4096,0.1,0,274682939,False
vectorized,Add,double,symmetry,4096,0.1,1,298862775,False
naive,Add,double,symmetry,4096,0.1,1,295000093,False
vectorized,Add,double,symmetry,4096,0.1,2,315107416,False
naive,Add,double,symmetry,4096,0.1,2,297275244,False
vectorized,Add,double,symmetry,4096,0.1,3,280622141,False
naive,Add,double,symmetry,4096,0.1,3,303010257,False
vectorized,Add,double,symmetry,4096,0.1,4,304263097,False
naive,Add,double,symmetry,4096,0.1,4,295079637,False
vectorized,Add,double,symmetry,4096,0.1,5,288613897,False
naive,Add,double,symmetry,4096,0.1,5,295242911,False
vectorized,Add,double,symmetry,4096,0.1,6,287852271,False
naive,Add,double,symmetry,4096,0.1,6,293050376,False
vectorized,Add,double,symmetry,4096,0.1,7,287305987,False
naive,Add,double,symmetry,4096,0.1,7,300270782,False
vectorized,Add,double,symmetry,4096,0.1,8,296184151,False
naive,Add,double,symmetry,4096,0.1,8,294486964,False
vectorized,Add,double,symmetry,4096,0.1,9,283521754,False
naive,Add,double,symmetry,4096,0.1,9,297868286,False
vectorized,Add,double,symmetry,4096,0.2,0,290543633,False
naive,Add,double,symmetry,4096,0.2,0,296286876,False
vectorized,Add,double,symmetry,4096,0.2,1,302904519,False
naive,Add,double,symmetry,4096,0.2,1,304128900,False
vectorized,Add,double,symmetry,4096,0.2,2,307462688,False
naive,Add,double,symmetry,4096,0.2,2,317944758,False
vectorized,Add,double,symmetry,4096,0.2,3,331022290,False
naive,Add,double,symmetry,4096,0.2,3,309129362,False
vectorized,Add,double,symmetry,4096,0.2,4,299411025,False
naive,Add,double,symmetry,4096,0.2,4,304398851,False
vectorized,Add,double,symmetry,4096,0.2,5,293667235,False
naive,Add,double,symmetry,4096,0.2,5,306384578,False
vectorized,Add,double,symmetry,4096,0.2,6,304587112,False
naive,Add,double,symmetry,4096,0.2,6,304941847,False
vectorized,Add,double,symmetry,4096,0.2,7,320052363,False
naive,Add,double,symmetry,4096,0.2,7,303064697,False
vectorized,Add,double,symmetry,4096,0.2,8,325907387,False
naive,Add,double,symmetry,4096,0.2,8,303409069,False
vectorized,Add,double,symmetry,4096,0.2,9,294808533,False
naive,Add,double,symmetry,4096,0.2,9,302529552,False
vectorized,Add,double,symmetry,4096,0.25,0,306795504,True
naive,Add,double,symmetry,4096,0.25,0,303242165,True
vectorized,Add,double,symmetry,4096,0.25,1,289706819,True
naive,Add,double,symmetry,4096,0.25,1,295797823,True
vectorized,Add,double,symmetry,4096,0.25,2,280980240,True
naive,Add,double,symmetry,4096,0.25,2,295478645,True
vectorized,Add,double,symmetry,4096,0.25,3,286149405,True
naive,Add,double,symmetry,4096,0.25,3,302202831,True
vectorized,Add,double,symmetry,4096,0.25,4,305303715,True
naive,Add,double,symmetry,4096,0.25,4,291850262,True
vectorized,Add,double,symmetry,4096,0.25,5,298844213,True
naive,Add,double,symmetry,4096,0.25,5,295870395,True
vectorized,Add,double,symmetry,4096,0.25,6,304600992,True
naive,Add,double,symmetry,4096,0.25,6,297695171,True
vectorized,Add,double,symmetry,4096,0.25,7,283521673,True
naive,Add,double,symmetry,4096,0.25,7,295621857,True
vectorized,Add,double,symmetry,4096,0.25,8,303913199,True
naive,Add,double,symmetry,4096,0.25,8,294477419,True
vectorized,Add,double,symmetry,4096,0.25,9,291860905,True
naive,Add,double,symmetry,4096,0.25,9,297449171,True
vectorized,Add,double,symmetry,4096,1.0,0,240751255,True
naive,Add,double,symmetry,4096,1.0,0,249321946,True
vectorized,Add,double,symmetry,4096,1.0,1,265469762,True
naive,Add,double,symmetry,4096,1.0,1,252130563,True
vectorized,Add,double,symmetry,4096,1.0,2,256877505,True
naive,Add,double,symmetry,4096,1.0,2,250673391,True
vectorized,Add,double,symmetry,4096,1.0,3,239036655,True
naive,Add,double,symmetry,4096,1.0,3,251293912,True
vectorized,Add,double,symmetry,4096,1.0,4,262954373,True
naive,Add,double,symmetry,4096,1.0,4,253296665,True
vectorized,Add,double,symmetry,4096,1.0,5,242394008,True
naive,Add,double,symmetry,4096,1.0,5,248763025,True
vectorized,Add,double,symmetry,4096,1.0,6,258747262,True
naive,Add,double,symmetry,4096,1.0,6,247865956,True
vectorized,Add,double,symmetry,4096,1.0,7,262071518,True
naive,Add,double,symmetry,4096,1.0,7,248480641,True
vectorized,Add,double,symmetry,4096,1.0,8,243644939,True
naive,Add,double,symmetry,4096,1.0,8,244841832,True
vectorized,Add,double,symmetry,4096,1.0,9,239021741,True
naive,Add,double,symmetry,4096,1.0,9,248887379,True
vectorized,Add,double,mean,1024,0.001,0,4383384,True
naive,Add,double,mean,1024,0.001,0,43348,True
vectorized,Add,double,mean,1024,0.001,1,4447662,True
naive,Add,double,mean,1024,0.001,1,53022,True
vectorized,Add,double,mean,1024,0.001,2,4387865,True
naive,Add,double,mean,1024,0.001,2,51555,True
vectorized,Add,double,mean,1024,0.001,3,4463146,True
naive,Add,double,mean,1024,0.001,3,50875,True
vectorized,Add,double,mean,1024,0.001,4,4395440,True
naive,Add,double,mean,1024,0.001,4,50389,True
vectorized,Add,double,mean,1024,0.001,5,4380293,True
naive,Add,double,mean,1024,0.001,5,50976,True
vectorized,Add,double,mean,1024,0.001,6,4398073,True
naive,Add,double,mean,1024,0.001,6,50784,True
vectorized,Add,double,mean,1024,0.001,7,4428021,True
naive,Add,double,mean,1024,0.001,7,49837,True
vectorized,Add,double,mean,1024,0.001,8,4404339,True
naive,Add,double,mean,1024,0.001,8,51545,True
vectorized,Add,double,mean,1024,0.001,9,4401160,True
naive,Add,double,mean,1024,0.001,9,50686,True
vectorized,Add,double,mean,1024,0.01,0,4742550,True
naive,Add,double,mean,1024,0.01,0,157989,True
vectorized,Add,double,mean,1024,0.01,1,4987518,True
naive,Add,double,mean,1024,0.01,1,291384,True
vectorized,Add,double,mean,1024,0.01,2,4956434,True
naive,Add,double,mean,1024,0.01,2,289243,True
vectorized,Add,double,mean,1024,0.01,3,4958365,True
naive,Add,double,mean,1024,0.01,3,290066,True
vectorized,Add,double,mean,1024,0.01,4,4963590,True
naive,Add,double,mean,1024,0.01,4,287230,True
vectorized,Add,double,mean,1024,0.01,5,4944820,True
naive,Add,double,mean,1024,0.01,5,295057,True
vectorized,Add,double,mean,1024,0.01,6,4967971,True
naive,Add,double,mean,1024,0.01,6,288478,True
vectorized,Add,double,mean,1024,0.01,7,4943637,True
naive,Add,double,mean,1024,0.01,7,291318,True
vectorized,Add,double,mean,1024,0.01,8,4989320,True
naive,Add,double,mean,1024,0.01,8,289037,True
vectorized,Add,double,mean,1024,0.01,9,4960608,True
naive,Add,double,mean,1024,0.01,9,291897,True
vectorized,Add,double,mean,1024,0.05,0,6314076,True
naive,Add,double,mean,1024,0.05,0,678314,True
vectorized,Add,double,mean,1024,0.05,1,7470354,True
naive,Add,double,mean,1024,0.05,1,1471980,True
vectorized,Add,double,mean,1024,0.05,2,7409202,True
naive,Add,double,mean,1024,0.05,2,1444844,True
vectorized,Add,double,mean,1024,0.05,3,7456192,True
naive,Add,double,mean,1024,0.05,3,1432506,True
vectorized,Add,double,mean,1024,0.05,4,7415425,True
naive,Add,double,mean,1024,0.05,4,1450058,True
vectorized,Add,double,mean,1024,0.05,5,7532268,True
naive,Add,double,mean,1024,0.05,5,1442075,True
vectorized,Add,double,mean,1024,0.05,6,7554468,True
naive,Add,double,mean,1024,0.05,6,1477041,True
vectorized,Add,double,mean,1024,0.05,7,7461658,True
naive,Add,double,mean,1024,0.05,7,1222118,True
vectorized,Add,double,mean,1024,0.05,8,7630894,True
naive,Add,double,mean,1024,0.05,8,1474942,True
vectorized,Add,double,mean,1024,0.05,9,7505976,True
naive,Add,double,mean,1024,0.05,9,1480801,True
vectorized,Add,double,mean,1024,0.1,0,7943216,True
naive,Add,double,mean,1024,0.1,0,1319818,True
vectorized,Add,double,mean,1024,0.1,1,10192198,True
naive,Add,double,mean,1024,0.1,1,2816333,True
vectorized,Add,double,mean,1024,0.1,2,10217466,True
naive,Add,double,mean,1024,0.1,2,2834301,True
vectorized,Add,double,mean,1024,0.1,3,10063780,True
naive,Add,double,mean,1024,0.1,3,2812944,True
vectorized,Add,double,mean,1024,0.1,4,10250221,True
naive,Add,double,mean,1024,0.1,4,2856760,True
vectorized,Add,double,mean,1024,0.1,5,10250811,True
naive,Add,double,mean,1024,0.1,5,2833699,True
vectorized,Add,double,mean,1024,0.1,6,10290036,True
naive,Add,double,mean,1024,0.1,6,2833646,True
vectorized,Add,double,mean,1024,0.1,7,10160743,True
naive,Add,double,mean,1024,0.1,7,2792579,True
vectorized,Add,double,mean,1024,0.1,8,10026205,True
naive,Add,double,mean,1024,0.1,8,2813651,True
vectorized,Add,double,mean,1024,0.1,9,10222022,True
naive,Add,double,mean,1024,0.1,9,2826122,True
vectorized,Add,double,mean,1024,0.2,0,12635984,False
naive,Add,double,mean,1024,0.2,0,4229545,False
vectorized,Add,double,mean,1024,0.2,1,12606528,False
naive,Add,double,mean,1024,0.2,1,4203091,False
vectorized,Add,double,mean,1024,0.2,2,12821552,False
naive,Add,double,mean,1024,0.2,2,4165974,False
vectorized,Add,double,mean,1024,0.2,3,13301689,False
naive,Add,double,mean,1024,0.2,3,4196275,False
vectorized,Add,double,mean,1024,0.2,4,13156609,False
naive,Add,double,mean,1024,0.2,4,4164380,False
vectorized,Add,double,mean,1024,0.2,5,12642264,False
naive,Add,double,mean,1024,0.2,5,4206836,False
vectorized,Add,double,mean,1024,0.2,6,12328869,False
naive,Add,double,mean,1024,0.2,6,4181148,False
vectorized,Add,double,mean,1024,0.2,7,12228838,False
naive,Add,double,mean,1024,0.2,7,4562307,False
vectorized,Add,double,mean,1024,0.2,8,12893639,False
naive,Add,double,mean,1024,0.2,8,4201943,False
vectorized,Add,double,mean,1024,0.2,9,12745198,False
naive,Add,double,mean,1024,0.2,9,4204564,False
vectorized,Add,double,mean,1024,0.25,0,12914767,True
naive,Add,double,mean,1024,0.25,0,4594622,True
vectorized,Add,double,mean,1024,0.25,1,11948788,True
naive,Add,double,mean,1024,0.25,1,4335288,True
vectorized,Add,double,mean,1024,0.25,2,12964129,True
naive,Add,double,mean,1024,0.25,2,4316567,True
vectorized,Add,double,mean,1024,0.25,3,12296856,True
naive,Add,double,mean,1024,0.25,3,4171673,True
vectorized,Add,double,mean,1024,0.25,4,12676974,True
naive,Add,double,mean,1024,0.25,4,4736844,True
vectorized,Add,double,mean,1024,0.25,5,12527995,True
naive,Add,double,mean,1024,0.25,5,4185547,True
vectorized,Add,double,mean,1024,0.25,6,12726419,True
naive,Add,double,mean,1024,0.25,6,4503759,True
vectorized,Add,double,mean,1024,0.25,7,11795700,True
naive,Add,double,mean,1024,0.25,7,4376305,True
vectorized,Add,double,mean,1024,0.25,8,12051459,True
naive,Add,double,mean,1024,0.25,8,4195328,True
vectorized,Add,double,mean,1024,0.25,9,11633788,True
naive,Add,double,mean,1024,0.25,9,4180967,True
vectorized,Add,double,mean,1024,1.0,0,10833752,True
naive,Add,double,mean,1024,1.0,0,5544956,True
vectorized,Add,double,mean,1024,1.0,1,11477661,True
naive,Add,double,mean,1024,1.0,1,5553989,True
vectorized,Add,double,mean,1024,1.0,2,10721081,True
naive,Add,double,mean,1024,1.0,2,5535541,True
vectorized,Add,double,mean,1024,1.0,3,11293781,True
naive,Add,double,mean,1024,1.0,3,5656484,True
vectorized,Add,double,mean,1024,1.0,4,11386048,True
naive,Add,double,mean,1024,1.0,4,5576456,True
vectorized,Add,double,mean,1024,1.0,5,11459702,True
naive,Add,double,mean,1024,1.0,5,5187073,True
vectorized,Add,double,mean,1024,1.0,6,10676068,True
naive,Add,double,mean,1024,1.0,6,5616867,True
vectorized,Add,double,mean,1024,1.0,7,10785975,True
naive,Add,double,mean,1024,1.0,7,5545098,True
vectorized,Add,double,mean,1024,1.0,8,11031442,True
naive,Add,double,mean,1024,1.0,8,5573994,True
vectorized,Add,double,mean,1024,1.0,9,10774006,True
naive,Add,double,mean,1024,1.0,9,5543679,True
vectorized,Add,double,mean,2048,0.001,0,5275239,True
naive,Add,double,mean,2048,0.001,0,104065,True
vectorized,Add,double,mean,2048,0.001,1,5385587,True
naive,Add,double,mean,2048,0.001,1,148145,True
vectorized,Add,double,mean,2048,0.001,2,5401382,True
naive,Add,double,mean,2048,0.001,2,139164,True
vectorized,Add,double,mean,2048,0.001,3,5365619,True
naive,Add,double,mean,2048,0.001,3,147721,True
vectorized,Add,double,mean,2048,0.001,4,5368281,True
naive,Add,double,mean,2048,0.001,4,137249,True
vectorized,Add,double,mean,2048,0.001,5,5369401,True
naive,Add,double,mean,2048,0.001,5,148939,True
vectorized,Add,double,mean,2048,0.001,6,5385478,True
naive,Add,double,mean,2048,0.001,6,149594,True
vectorized,Add,double,mean,2048,0.001,7,5361050,True
naive,Add,double,mean,2048,0.001,7,136088,True
vectorized,Add,double,mean,2048,0.001,8,5389332,True
naive,Add,double,mean,2048,0.001,8,158861,True
vectorized,Add,double,mean,2048,0.001,9,5320302,True
naive,Add,double,mean,2048,0.001,9,136796,True
vectorized,Add,double,mean,2048,0.01,0,6841784,True
naive,Add,double,mean,2048,0.01,0,591347,True
vectorized,Add,double,mean,2048,0.01,1,7735667,True
naive,Add,double,mean,2048,0.01,1,1168214,True
vectorized,Add,double,mean,2048,0.01,2,6866407,True
naive,Add,double,mean,2048,0.01,2,1159692,True
vectorized,Add,double,mean,2048,0.01,3,7638551,True
naive,Add,double,mean,2048,0.01,3,1182385,True
vectorized,Add,double,mean,2048,0.01,4,7669448,True
naive,Add,double,mean,2048,0.01,4,1191433,True
vectorized,Add,double,mean,2048,0.01,5,7637147,True
naive,Add,double,mean,2048,0.01,5,1172758,True
vectorized,Add,double,mean,2048,0.01,6,7605326,True
naive,Add,double,mean,2048,0.01,6,2836851,True
vectorized,Add,double,mean,2048,0.01,7,7636432,True
naive,Add,double,mean,2048,0.01,7,1163294,True
vectorized,Add,double,mean,2048,0.01,8,7603196,True
naive,Add,double,mean,2048,0.01,8,1196009,True
vectorized,Add,double,mean,2048,0.01,9,7612583,True
naive,Add,double,mean,2048,0.01,9,1185007,True
vectorized,Add,double,mean,2048,0.05,0,13021677,True
naive,Add,double,mean,2048,0.05,0,2074355,True
vectorized,Add,double,mean,2048,0.05,1,18143092,True
naive,Add,double,mean,2048,0.05,1,4442325,True
vectorized,Add,double,mean,2048,0.05,2,18252427,True
naive,Add,double,mean,2048,0.05,2,4861617,True
vectorized,Add,double,mean,2048,0.05,3,18365752,True
naive,Add,double,mean,2048,0.05,3,4567625,True
vectorized,Add,double,mean,2048,0.05,4,18928210,True
naive,Add,double,mean,2048,0.05,4,4390018,True
vectorized,Add,double,mean,2048,0.05,5,18510414,True
naive,Add,double,mean,2048,0.05,5,4408517,True
vectorized,Add,double,mean,2048,0.05,6,18956168,True
naive,Add,double,mean,2048,0.05,6,4466010,True
vectorized,Add,double,mean,2048,0.05,7,18230104,True
naive,Add,double,mean,2048,0.05,7,4332997,True
vectorized,Add,double,mean,2048,0.05,8,16846163,True
naive,Add,double,mean,2048,0.05,8,4779061,True
vectorized,Add,double,mean,2048,0.05,9,18646544,True
naive,Add,double,mean,2048,0.05,9,4366445,True
vectorized,Add,double,mean,2048,0.1,0,20654860,True
naive,Add,double,mean,2048,0.1,0,3452931,True
vectorized,Add,double,mean,2048,0.1,1,35909748,True
naive,Add,double,mean,2048,0.1,1,8643757,True
vectorized,Add,double,mean,2048,0.1,2,30950968,True
naive,Add,double,mean,2048,0.1,2,8334567,True
vectorized,Add,double,mean,2048,0.1,3,28239316,True
naive,Add,double,mean,2048,0.1,3,8654994,True
vectorized,Add,double,mean,2048,0.1,4,28244948,True
naive,Add,double,mean,2048,0.1,4,8299416,True
vectorized,Add,double,mean,2048,0.1,5,31680652,True
naive,Add,double,mean,2048,0.1,5,8276427,True
vectorized,Add,double,mean,2048,0.1,6,27607317,True
naive,Add,double,mean,2048,0.1,6,8602598,True
vectorized,Add,double,mean,2048,0.1,7,32763466,True
naive,Add,double,mean,2048,0.1,7,8467194,True
vectorized,Add,double,mean,2048,0.1,8,27262265,True
naive,Add,double,mean,2048,0.1,8,8678405,True
vectorized,Add,double,mean,2048,0.1,9,27441278,True
naive,Add,double,mean,2048,0.1,9,8304824,True
vectorized,Add,double,mean,2048,0.2,0,31099030,False
naive,Add,double,mean,2048,0.2,0,17921897,False
vectorized,Add,double,mean,2048,0.2,1,39744415,False
naive,Add,double,mean,2048,0.2,1,18018870,False
vectorized,Add,double,mean,2048,0.2,2,29990962,False
naive,Add,double,mean,2048,0.2,2,18071706,False
vectorized,Add,double,mean,2048,0.2,3,38415135,False
naive,Add,double,mean,2048,0.2,3,17637279,False
vectorized,Add,double,mean,2048,0.2,4,29450666,False
naive,Add,double,mean,2048,0.2,4,17727023,False
vectorized,Add,double,mean,2048,0.2,5,39604628,False
naive,Add,double,mean,2048,0.2,5,17915807,False
vectorized,Add,double,mean,2048,0.2,6,39057890,False
naive,Add,double,mean,2048,0.2,6,17674766,False
vectorized,Add,double,mean,2048,0.2,7,29162434,False
naive,Add,double,mean,2048,0.2,7,18102429,False
vectorized,Add,double,mean,2048,0.2,8,28630555,False
naive,Add,double,mean,2048,0.2,8,17955324,False
vectorized,Add,double,mean,2048,0.2,9,39176828,False
naive,Add,double,mean,2048,0.2,9,17882251,False
vectorized,Add,double,mean,2048,0.25,0,38156291,True
naive,Add,double,mean,2048,0.25,0,16948590,True
vectorized,Add,double,mean,2048,0.25,1,29449199,True
naive,Add,double,mean,2048,0.25,1,17981366,True
vectorized,Add,double,mean,2048,0.25,2,38231646,True
naive,Add,double,mean,2048,0.25,2,17003368,True
vectorized,Add,double,mean,2048,0.25,3,38308551,True
naive,Add,double,mean,2048,0.25,3,18016118,True
vectorized,Add,double,mean,2048,0.25,4,29290607,True
naive,Add,double,mean,2048,0.25,4,17017283,True
vectorized,Add,double,mean,2048,0.25,5,39985931,True
naive,Add,double,mean,2048,0.25,5,17990869,True
vectorized,Add,double,mean,2048,0.25,6,36946354,True
naive,Add,double,mean,2048,0.25,6,17800059,True
vectorized,Add,double,mean,2048,0.25,7,33864497,True
naive,Add,double,mean,2048,0.25,7,18117618,True
vectorized,Add,double,mean,2048,0.25,8,39105767,True
naive,Add,double,mean,2048,0.25,8,18324140,True
vectorized,Add,double,mean,2048,0.25,9,30894960,True
naive,Add,double,mean,2048,0.25,9,17041329,True
vectorized,Add,double,mean,2048,1.0,0,37412176,True
naive,Add,double,mean,2048,1.0,0,18011553,True
vectorized,Add,double,mean,2048,1.0,1,38247362,True
naive,Add,double,mean,2048,1.0,1,17158294,True
vectorized,Add,double,mean,2048,1.0,2,37766002,True
naive,Add,double,mean,2048,1.0,2,18396411,True
vectorized,Add,double,mean,2048,1.0,3,38957658,True
naive,Add,double,mean,2048,1.0,3,17937418,True
vectorized,Add,double,mean,2048,1.0,4,37254521,True
naive,Add,double,mean,2048,1.0,4,18007917,True
vectorized,Add,double,mean,2048,1.0,5,37194834,True
naive,Add,double,mean,2048,1.0,5,18535651,True
vectorized,Add,double,mean,2048,1.0,6,37484500,True
naive,Add,double,mean,2048,1.0,6,18050340,True
vectorized,Add,double,mean,2048,1.0,7,27570839,True
naive,Add,double,mean,2048,1.0,7,17994644,True
vectorized,Add,double,mean,2048,1.0,8,29201692,True
naive,Add,double,mean,2048,1.0,8,17978378,True
vectorized,Add,double,mean,2048,1.0,9,36965803,True
naive,Add,double,mean,2048,1.0,9,17830174,True
vectorized,Add,double,mean,4096,0.001,0,10696931,True
naive,Add,double,mean,4096,0.001,0,309268,True
vectorized,Add,double,mean,4096,0.001,1,10892204,True
naive,Add,double,mean,4096,0.001,1,506451,True
vectorized,Add,double,mean,4096,0.001,2,10776679,True
naive,Add,double,mean,4096,0.001,2,503845,True
vectorized,Add,double,mean,4096,0.001,3,10864469,True
naive,Add,double,mean,4096,0.001,3,507278,True
vectorized,Add,double,mean,4096,0.001,4,11034843,True
naive,Add,double,mean,4096,0.001,4,507109,True
vectorized,Add,double,mean,4096,0.001,5,10805602,True
naive,Add,double,mean,4096,0.001,5,509468,True
vectorized,Add,double,mean,4096,0.001,6,10827825,True
naive,Add,double,mean,4096,0.001,6,508547,True
vectorized,Add,double,mean,4096,0.001,7,10818753,True
naive,Add,double,mean,4096,0.001,7,503513,True
vectorized,Add,double,mean,4096,0.001,8,10875811,True
naive,Add,double,mean,4096,0.001,8,509775,True
vectorized,Add,double,mean,4096,0.001,9,10794210,True
naive,Add,double,mean,4096,0.001,9,506471,True
vectorized,Add,double,mean,4096,0.01,0,15914730,True
naive,Add,double,mean,4096,0.01,0,1764965,True
vectorized,Add,double,mean,4096,0.01,1,18400563,True
naive,Add,double,mean,4096,0.01,1,4636589,True
vectorized,Add,double,mean,4096,0.01,2,18223500,True
naive,Add,double,mean,4096,0.01,2,4276976,True
vectorized,Add,double,mean,4096,0.01,3,18101077,True
naive,Add,double,mean,4096,0.01,3,4654529,True
vectorized,Add,double,mean,4096,0.01,4,18547274,True
naive,Add,double,mean,4096,0.01,4,4645376,True
vectorized,Add,double,mean,4096,0.01,5,19029371,True
naive,Add,double,mean,4096,0.01,5,4833999,True
vectorized,Add,double,mean,4096,0.01,6,18744794,True
naive,Add,double,mean,4096,0.01,6,4639004,True
vectorized,Add,double,mean,4096,0.01,7,18906475,True
naive,Add,double,mean,4096,0.01,7,4668321,True
vectorized,Add,double,mean,4096,0.01,8,18867309,True
naive,Add,double,mean,4096,0.01,8,4826530,True
vectorized,Add,double,mean,4096,0.01,9,18768411,True
naive,Add,double,mean,4096,0.01,9,4809485,True
vectorized,Add,double,mean,4096,0.05,0,44943323,True
naive,Add,double,mean,4096,0.05,0,6512543,True
vectorized,Add,double,mean,4096,0.05,1,50414602,True
naive,Add,double,mean,4096,0.05,1,16848417,True
vectorized,Add,double,mean,4096,0.05,2,59733828,True
naive,Add,double,mean,4096,0.05,2,16857375,True
vectorized,Add,double,mean,4096,0.05,3,54386193,True
naive,Add,double,mean,4096,0.05,3,16781456,True
vectorized,Add,double,mean,4096,0.05,4,49410337,True
naive,Add,double,mean,4096,0.05,4,16829631,True
vectorized,Add,double,mean,4096,0.05,5,52201481,True
naive,Add,double,mean,4096,0.05,5,16849981,True
vectorized,Add,double,mean,4096,0.05,6,62254800,True
naive,Add,double,mean,4096,0.05,6,16822775,True
vectorized,Add,double,mean,4096,0.05,7,52546045,True
naive,Add,double,mean,4096,0.05,7,17706991,True
vectorized,Add,double,mean,4096,0.05,8,56816998,True
naive,Add,double,mean,4096,0.05,8,17664894,True
vectorized,Add,double,mean,4096,0.05,9,62964470,True
naive,Add,double,mean,4096,0.05,9,17210975,True
vectorized,Add,double,mean,4096,0.1,0,66933850,True
naive,Add,double,mean,4096,0.1,0,13673265,True
vectorized,Add,double,mean,4096,0.1,1,86909582,True
naive,Add,double,mean,4096,0.1,1,33285956,True
vectorized,Add,double,mean,4096,0.1,2,90034501,True
naive,Add,double,mean,4096,0.1,2,33241813,True
vectorized,Add,double,mean,4096,0.1,3,87026544,True
naive,Add,double,mean,4096,0.1,3,33150241,True
vectorized,Add,double,mean,4096,0.1,4,94722889,True
naive,Add,double,mean,4096,0.1,4,33253136,True
vectorized,Add,double,mean,4096,0.1,5,92072461,True
naive,Add,double,mean,4096,0.1,5,33238365,True
vectorized,Add,double,mean,4096,0.1,6,88248907,True
naive,Add,double,mean,4096,0.1,6,35072130,True
vectorized,Add,double,mean,4096,0.1,7,85963210,True
naive,Add,double,mean,4096,0.1,7,35019100,True
vectorized,Add,double,mean,4096,0.1,8,85048362,True
naive,Add,double,mean,4096,0.1,8,34997264,True
vectorized,Add,double,mean,4096,0.1,9,98102588,True
naive,Add,double,mean,4096,0.1,9,33225753,True
vectorized,Add,double,mean,4096,0.2,0,98371520,False
naive,Add,double,mean,4096,0.2,0,73594866,False
vectorized,Add,double,mean,4096,0.2,1,98195011,False
naive,Add,double,mean,4096,0.2,1,75732515,False
vectorized,Add,double,mean,4096,0.2,2,105707620,False
naive,Add,double,mean,4096,0.2,2,73089403,False
vectorized,Add,double,mean,4096,0.2,3,97070962,False
naive,Add,double,mean,4096,0.2,3,72898481,False
vectorized,Add,double,mean,4096,0.2,4,104268439,False
naive,Add,double,mean,4096,0.2,4,72870743,False
vectorized,Add,double,mean,4096,0.2,5,111047983,False
naive,Add,double,mean,4096,0.2,5,72787108,False
vectorized,Add,double,mean,4096,0.2,6,97048742,False
naive,Add,double,mean,4096,0.2,6,72974996,False
vectorized,Add,double,mean,4096,0.2,7,97711048,False
naive,Add,double,mean,4096,0.2,7,72165754,False
vectorized,Add,double,mean,4096,0.2,8,99473857,False
naive,Add,double,mean,4096,0.2,8,73153354,False
vectorized,Add,double,mean,4096,0.2,9,100838073,False
naive,Add,double,mean,4096,0.2,9,72876322,False
vectorized,Add,double,mean,4096,0.25,0,126598692,True
naive,Add,double,mean,4096,0.25,0,73073050,True
vectorized,Add,double,mean,4096,0.25,1,111241050,True
naive,Add,double,mean,4096,0.25,1,73245485,True
vectorized,Add,double,mean,4096,0.25,2,103767790,True
naive,Add,double,mean,4096,0.25,2,72877631,True
vectorized,Add,double,mean,4096,0.25,3,96439714,True
naive,Add,double,mean,4096,0.25,3,73003804,True
vectorized,Add,double,mean,4096,0.25,4,97999586,True
naive,Add,double,mean,4096,0.25,4,72804399,True
vectorized,Add,double,mean,4096,0.25,5,93917415,True
naive,Add,double,mean,4096,0.25,5,72721725,True
vectorized,Add,double,mean,4096,0.25,6,108468946,True
naive,Add,double,mean,4096,0.25,6,72746983,True
vectorized,Add,double,mean,4096,0.25,7,98704568,True
naive,Add,double,mean,4096,0.25,7,72658520,True
vectorized,Add,double,mean,4096,0.25,8,91030841,True
naive,Add,double,mean,4096,0.25,8,73083180,True
vectorized,Add,double,mean,4096,0.25,9,104947351,True
naive,Add,double,mean,4096,0.25,9,71720729,True
vectorized,Add,double,mean,4096,1.0,0,102385605,True
naive,Add,double,mean,4096,1.0,0,75625043,True
vectorized,Add,double,mean,4096,1.0,1,110347625,True
naive,Add,double,mean,4096,1.0,1,73027140,True
vectorized,Add,double,mean,4096,1.0,2,103406824,True
naive,Add,double,mean,4096,1.0,2,71324687,True
vectorized,Add,double,mean,4096,1.0,3,104038414,True
naive,Add,double,mean,4096,1.0,3,71314109,True
vectorized,Add,double,mean,4096,1.0,4,102407349,True
naive,Add,double,mean,4096,1.0,4,74574292,True
vectorized,Add,double,mean,4096,1.0,5,103974369,True
naive,Add,double,mean,4096,1.0,5,71427644,True
vectorized,Add,double,mean,4096,1.0,6,94087385,True
naive,Add,double,mean,4096,1.0,6,71648548,True
vectorized,Add,double,mean,4096,1.0,7,96831633,True
naive,Add,double,mean,4096,1.0,7,71790895,True
vectorized,Add,double,mean,4096,1.0,8,97190565,True
naive,Add,double,mean,4096,1.0,8,73715519,True
vectorized,Add,double,mean,4096,1.0,9,105481402,True
naive,Add,double,mean,4096,1.0,9,72998520,True
vectorized,Add,double,min,1024,0.001,0,5361920,True
naive,Add,double,min,1024,0.001,0,42685,True
vectorized,Add,double,min,1024,0.001,1,4334450,True
naive,Add,double,min,1024,0.001,1,45267,True
vectorized,Add,double,min,1024,0.001,2,4315011,True
naive,Add,double,min,1024,0.001,2,47062,True
vectorized,Add,double,min,1024,0.001,3,4325838,True
naive,Add,double,min,1024,0.001,3,50644,True
vectorized,Add,double,min,1024,0.001,4,4339910,True
naive,Add,double,min,1024,0.001,4,52002,True
vectorized,Add,double,min,1024,0.001,5,4354730,True
naive,Add,double,min,1024,0.001,5,51167,True
vectorized,Add,double,min,1024,0.001,6,4287039,True
naive,Add,double,min,1024,0.001,6,50911,True
vectorized,Add,double,min,1024,0.001,7,4339550,True
naive,Add,double,min,1024,0.001,7,52325,True
vectorized,Add,double,min,1024,0.001,8,4364517,True
naive,Add,double,min,1024,0.001,8,51969,True
vectorized,Add,double,min,1024,0.001,9,4343495,True
naive,Add,double,min,1024,0.001,9,50607,True
vectorized,Add,double,min,1024,0.01,0,4438904,True
naive,Add,double,min,1024,0.01,0,154807,True
vectorized,Add,double,min,1024,0.01,1,4506401,True
naive,Add,double,min,1024,0.01,1,292371,True
vectorized,Add,double,min,1024,0.01,2,4492580,True
naive,Add,double,min,1024,0.01,2,256673,True
vectorized,Add,double,min,1024,0.01,3,4491280,True
naive,Add,double,min,1024,0.01,3,290671,True
vectorized,Add,double,min,1024,0.01,4,4494384,True
naive,Add,double,min,1024,0.01,4,290055,True
vectorized,Add,double,min,1024,0.01,5,4463347,True
naive,Add,double,min,1024,0.01,5,291905,True
vectorized,Add,double,min,1024,0.01,6,4499078,True
naive,Add,double,min,1024,0.01,6,297476,True
vectorized,Add,double,min,1024,0.01,7,4488359,True
naive,Add,double,min,1024,0.01,7,290790,True
vectorized,Add,double,min,1024,0.01,8,4117115,True
naive,Add,double,min,1024,0.01,8,288947,True
vectorized,Add,double,min,1024,0.01,9,4586808,True
naive,Add,double,min,1024,0.01,9,292537,True
vectorized,Add,double,min,1024,0.05,0,4681663,True
naive,Add,double,min,1024,0.05,0,695838,True
vectorized,Add,double,min,1024,0.05,1,5125305,True
naive,Add,double,min,1024,0.05,1,1441735,True
vectorized,Add,double,min,1024,0.05,2,5159650,True
naive,Add,double,min,1024,0.05,2,1456132,True
vectorized,Add,double,min,1024,0.05,3,5179135,True
naive,Add,double,min,1024,0.05,3,1459900,True
vectorized,Add,double,min,1024,0.05,4,5209022,True
naive,Add,double,min,1024,0.05,4,1499309,True
vectorized,Add,double,min,1024,0.05,5,5209237,True
naive,Add,double,min,1024,0.05,5,1439251,True
vectorized,Add,double,min,1024,0.05,6,5261478,True
naive,Add,double,min,1024,0.05,6,1456014,True
vectorized,Add,double,min,1024,0.05,7,5165708,True
naive,Add,double,min,1024,0.05,7,1444278,True
vectorized,Add,double,min,1024,0.05,8,5173469,True
naive,Add,double,min,1024,0.05,8,1478976,True
vectorized,Add,double,min,1024,0.05,9,5207404,True
naive,Add,double,min,1024,0.05,9,1474756,True
vectorized,Add,double,min,1024,0.1,0,4912848,True
naive,Add,double,min,1024,0.1,0,1375898,True
vectorized,Add,double,min,1024,0.1,1,6019015,True
naive,Add,double,min,1024,0.1,1,2932711,True
vectorized,Add,double,min,1024,0.1,2,6014663,True
naive,Add,double,min,1024,0.1,2,2882938,True
vectorized,Add,double,min,1024,0.1,3,5766726,True
naive,Add,double,min,1024,0.1,3,2844543,True
vectorized,Add,double,min,1024,0.1,4,6005169,True
naive,Add,double,min,1024,0.1,4,2878916,True
vectorized,Add,double,min,1024,0.1,5,5970876,True
naive,Add,double,min,1024,0.1,5,2846875,True
vectorized,Add,double,min,1024,0.1,6,5993952,True
naive,Add,double,min,1024,0.1,6,2862749,True
vectorized,Add,double,min,1024,0.1,7,6035403,True
naive,Add,double,min,1024,0.1,7,2819111,True
vectorized,Add,double,min,1024,0.1,8,5967498,True
naive,Add,double,min,1024,0.1,8,2820295,True
vectorized,Add,double,min,1024,0.1,9,6073944,True
naive,Add,double,min,1024,0.1,9,2808812,True
vectorized,Add,double,min,1024,0.2,0,8531888,False
naive,Add,double,min,1024,0.2,0,4247779,False
vectorized,Add,double,min,1024,0.2,1,8222994,False
naive,Add,double,min,1024,0.2,1,4344924,False
vectorized,Add,double,min,1024,0.2,2,8281152,False
naive,Add,double,min,1024,0.2,2,4254830,False
vectorized,Add,double,min,1024,0.2,3,8267687,False
naive,Add,double,min,1024,0.2,3,4252749,False
vectorized,Add,double,min,1024,0.2,4,8386005,False
naive,Add,double,min,1024,0.2,4,4675733,False
vectorized,Add,double,min,1024,0.2,5,7846171,False
naive,Add,double,min,1024,0.2,5,4301622,False
vectorized,Add,double,min,1024,0.2,6,8524478,False
naive,Add,double,min,1024,0.2,6,4262983,False
vectorized,Add,double,min,1024,0.2,7,8322013,False
naive,Add,double,min,1024,0.2,7,4346592,False
vectorized,Add,double,min,1024,0.2,8,8766048,False
naive,Add,double,min,1024,0.2,8,4260999,False
vectorized,Add,double,min,1024,0.2,9,8697669,False
naive,Add,double,min,1024,0.2,9,4247353,False
vectorized,Add,double,min,1024,0.25,0,8556796,True
naive,Add,double,min,1024,0.25,0,4271046,True
vectorized,Add,double,min,1024,0.25,1,7869752,True
naive,Add,double,min,1024,0.25,1,4250126,True
vectorized,Add,double,min,1024,0.25,2,9154125,True
naive,Add,double,min,1024,0.25,2,4437457,True
vectorized,Add,double,min,1024,0.25,3,8080960,True
naive,Add,double,min,1024,0.25,3,4389321,True
vectorized,Add,double,min,1024,0.25,4,7877065,True
naive,Add,double,min,1024,0.25,4,4406834,True
vectorized,Add,double,min,1024,0.25,5,8762510,True
naive,Add,double,min,1024,0.25,5,4281687,True
vectorized,Add,double,min,1024,0.25,6,8847319,True
naive,Add,double,min,1024,0.25,6,4857762,True
vectorized,Add,double,min,1024,0.25,7,8675476,True
naive,Add,double,min,1024,0.25,7,4427489,True
vectorized,Add,double,min,1024,0.25,8,8627375,True
naive,Add,double,min,1024,0.25,8,4267704,True
vectorized,Add,double,min,1024,0.25,9,8299587,True
naive,Add,double,min,1024,0.25,9,4651054,True
vectorized,Add,double,min,1024,1.0,0,7418837,True
naive,Add,double,min,1024,1.0,0,5607500,True
vectorized,Add,double,min,1024,1.0,1,7428815,True
naive,Add,double,min,1024,1.0,1,5759469,True
vectorized,Add,double,min,1024,1.0,2,7295697,True
naive,Add,double,min,1024,1.0,2,5619484,True
vectorized,Add,double,min,1024,1.0,3,7501729,True
naive,Add,double,min,1024,1.0,3,5629933,True
vectorized,Add,double,min,1024,1.0,4,7412218,True
naive,Add,double,min,1024,1.0,4,5810530,True
vectorized,Add,double,min,1024,1.0,5,7410782,True
naive,Add,double,min,1024,1.0,5,5639209,True
vectorized,Add,double,min,1024,1.0,6,7339397,True
naive,Add,double,min,1024,1.0,6,5698849,True
vectorized,Add,double,min,1024,1.0,7,7519616,True
naive,Add,double,min,1024,1.0,7,5713539,True
vectorized,Add,double,min,1024,1.0,8,7578679,True
naive,Add,double,min,1024,1.0,8,5932762,True
vectorized,Add,double,min,1024,1.0,9,7030959,True
naive,Add,double,min,1024,1.0,9,5682416,True
vectorized,Add,double,min,2048,0.001,0,4860120,True
naive,Add,double,min,2048,0.001,0,111688,True
vectorized,Add,double,min,2048,0.001,1,5004854,True
naive,Add,double,min,2048,0.001,1,136656,True
vectorized,Add,double,min,2048,0.001,2,4912086,True
naive,Add,double,min,2048,0.001,2,158015,True
vectorized,Add,double,min,2048,0.001,3,4917879,True
naive,Add,double,min,2048,0.001,3,149541,True
vectorized,Add,double,min,2048,0.001,4,4948242,True
naive,Add,double,min,2048,0.001,4,136771,True
vectorized,Add,double,min,2048,0.001,5,5227494,True
naive,Add,double,min,2048,0.001,5,146337,True
vectorized,Add,double,min,2048,0.001,6,4930901,True
naive,Add,double,min,2048,0.001,6,150340,True
vectorized,Add,double,min,2048,0.001,7,4980029,True
naive,Add,double,min,2048,0.001,7,149928,True
vectorized,Add,double,min,2048,0.001,8,4949924,True
naive,Add,double,min,2048,0.001,8,137924,True
vectorized,Add,double,min,2048,0.001,9,4936121,True
naive,Add,double,min,2048,0.001,9,139205,True
vectorized,Add,double,min,2048,0.01,0,5167206,True
naive,Add,double,min,2048,0.01,0,576652,True
vectorized,Add,double,min,2048,0.01,1,5488714,True
naive,Add,double,min,2048,0.01,1,1203792,True
vectorized,Add,double,min,2048,0.01,2,5478111,True
naive,Add,double,min,2048,0.01,2,1249032,True
vectorized,Add,double,min,2048,0.01,3,5510031,True
naive,Add,double,min,2048,0.01,3,1210875,True
vectorized,Add,double,min,2048,0.01,4,5508578,True
naive,Add,double,min,2048,0.01,4,1036281,True
vectorized,Add,double,min,2048,0.01,5,5540811,True
naive,Add,double,min,2048,0.01,5,1182739,True
vectorized,Add,double,min,2048,0.01,6,5460324,True
naive,Add,double,min,2048,0.01,6,1246086,True
vectorized,Add,double,min,2048,0.01,7,5505239,True
naive,Add,double,min,2048,0.01,7,1177593,True
vectorized,Add,double,min,2048,0.01,8,5555858,True
naive,Add,double,min,2048,0.01,8,1216748,True
vectorized,Add,double,min,2048,0.01,9,5515867,True
naive,Add,double,min,2048,0.01,9,1182931,True
vectorized,Add,double,min,2048,0.05,0,6701772,True
naive,Add,double,min,2048,0.05,0,1766836,True
vectorized,Add,double,min,2048,0.05,1,8478999,True
naive,Add,double,min,2048,0.05,1,4229626,True
vectorized,Add,double,min,2048,0.05,2,8902626,True
naive,Add,double,min,2048,0.05,2,4622616,True
vectorized,Add,double,min,2048,0.05,3,8789524,True
naive,Add,double,min,2048,0.05,3,4249581,True
vectorized,Add,double,min,2048,0.05,4,8234523,True
naive,Add,double,min,2048,0.05,4,4438577,True
vectorized,Add,double,min,2048,0.05,5,8853608,True
naive,Add,double,min,2048,0.05,5,4496084,True
vectorized,Add,double,min,2048,0.05,6,9311200,True
naive,Add,double,min,2048,0.05,6,4438425,True
vectorized,Add,double,min,2048,0.05,7,8968485,True
naive,Add,double,min,2048,0.05,7,4228754,True
vectorized,Add,double,min,2048,0.05,8,9038511,True
naive,Add,double,min,2048,0.05,8,4429209,True
vectorized,Add,double,min,2048,0.05,9,9060528,True
naive,Add,double,min,2048,0.05,9,4357269,True
vectorized,Add,double,min,2048,0.1,0,8176322,True
naive,Add,double,min,2048,0.1,0,3245681,True
vectorized,Add,double,min,2048,0.1,1,11651239,True
naive,Add,double,min,2048,0.1,1,8315275,True
vectorized,Add,double,min,2048,0.1,2,11202837,True
naive,Add,double,min,2048,0.1,2,8760979,True
vectorized,Add,double,min,2048,0.1,3,12024336,True
naive,Add,double,min,2048,0.1,3,8311660,True
vectorized,Add,double,min,2048,0.1,4,11950918,True
naive,Add,double,min,2048,0.1,4,8713785,True
vectorized,Add,double,min,2048,0.1,5,11048896,True
naive,Add,double,min,2048,0.1,5,8317345,True
vectorized,Add,double,min,2048,0.1,6,12233828,True
naive,Add,double,min,2048,0.1,6,8366336,True
vectorized,Add,double,min,2048,0.1,7,11534336,True
naive,Add,double,min,2048,0.1,7,8792378,True
vectorized,Add,double,min,2048,0.1,8,11893669,True
naive,Add,double,min,2048,0.1,8,8878682,True
vectorized,Add,double,min,2048,0.1,9,11942704,True
naive,Add,double,min,2048,0.1,9,8421497,True
vectorized,Add,double,min,2048,0.2,0,19265803,False
naive,Add,double,min,2048,0.2,0,18296838,False
vectorized,Add,double,min,2048,0.2,1,17128449,False
naive,Add,double,min,2048,0.2,1,18283662,False
vectorized,Add,double,min,2048,0.2,2,17517171,False
naive,Add,double,min,2048,0.2,2,18397018,False
vectorized,Add,double,min,2048,0.2,3,17697033,False
naive,Add,double,min,2048,0.2,3,19019973,False
vectorized,Add,double,min,2048,0.2,4,17236179,False
naive,Add,double,min,2048,0.2,4,18616342,False
vectorized,Add,double,min,2048,0.2,5,19429663,False
naive,Add,double,min,2048,0.2,5,18149133,False
vectorized,Add,double,min,2048,0.2,6,19619983,False
naive,Add,double,min,2048,0.2,6,18325316,False
vectorized,Add,double,min,2048,0.2,7,19408050,False
naive,Add,double,min,2048,0.2,7,18428025,False
vectorized,Add,double,min,2048,0.2,8,18612399,False
naive,Add,double,min,2048,0.2,8,18236365,False
vectorized,Add,double,min,2048,0.2,9,19447006,False
naive,Add,double,min,2048,0.2,9,18471494,False
vectorized,Add,double,min,2048,0.25,0,19157005,True
naive,Add,double,min,2048,0.25,0,18251042,True
vectorized,Add,double,min,2048,0.25,1,16969700,True
naive,Add,double,min,2048,0.25,1,17323283,True
vectorized,Add,double,min,2048,0.25,2,16902434,True
naive,Add,double,min,2048,0.25,2,18213093,True
vectorized,Add,double,min,2048,0.25,3,18817265,True
naive,Add,double,min,2048,0.25,3,18224892,True
vectorized,Add,double,min,2048,0.25,4,16523413,True
naive,Add,double,min,2048,0.25,4,17306926,True
vectorized,Add,double,min,2048,0.25,5,17870701,True
naive,Add,double,min,2048,0.25,5,19005333,True
vectorized,Add,double,min,2048,0.25,6,17892326,True
naive,Add,double,min,2048,0.25,6,18166745,True
vectorized,Add,double,min,2048,0.25,7,19039431,True
naive,Add,double,min,2048,0.25,7,18481173,True
vectorized,Add,double,min,2048,0.25,8,17885145,True
naive,Add,double,min,2048,0.25,8,18318307,True
vectorized,Add,double,min,2048,0.25,9,17917814,True
naive,Add,double,min,2048,0.25,9,18471469,True
vectorized,Add,double,min,2048,1.0,0,19235511,True
naive,Add,double,min,2048,1.0,0,17810189,True
vectorized,Add,double,min,2048,1.0,1,15971506,True
naive,Add,double,min,2048,1.0,1,18021966,True
vectorized,Add,double,min,2048,1.0,2,17462352,True
naive,Add,double,min,2048,1.0,2,17547347,True
vectorized,Add,double,min,2048,1.0,3,18606228,True
naive,Add,double,min,2048,1.0,3,18252278,True
vectorized,Add,double,min,2048,1.0,4,17786910,True
naive,Add,double,min,2048,1.0,4,17252815,True
vectorized,Add,double,min,2048,1.0,5,15865427,True
naive,Add,double,min,2048,1.0,5,17461822,True
vectorized,Add,double,min,2048,1.0,6,18688977,True
naive,Add,double,min,2048,1.0,6,18306575,True
vectorized,Add,double,min,2048,1.0,7,19232761,True
naive,Add,double,min,2048,1.0,7,17442799,True
vectorized,Add,double,min,2048,1.0,8,18279567,True
naive,Add,double,min,2048,1.0,8,17561441,True
vectorized,Add,double,min,2048,1.0,9,17694116,True
naive,Add,double,min,2048,1.0,9,18265997,True
vectorized,Add,double,min,4096,0.001,0,8380403,True
naive,Add,double,min,4096,0.001,0,307414,True
vectorized,Add,double,min,4096,0.001,1,8610344,True
naive,Add,double,min,4096,0.001,1,513411,True
vectorized,Add,double,min,4096,0.001,2,8503552,True
naive,Add,double,min,4096,0.001,2,513033,True
vectorized,Add,double,min,4096,0.001,3,8557373,True
naive,Add,double,min,4096,0.001,3,512899,True
vectorized,Add,double,min,4096,0.001,4,8503480,True
naive,Add,double,min,4096,0.001,4,509802,True
vectorized,Add,double,min,4096,0.001,5,8530700,True
naive,Add,double,min,4096,0.001,5,509343,True
vectorized,Add,double,min,4096,0.001,6,8498065,True
naive,Add,double,min,4096,0.001,6,511196,True
vectorized,Add,double,min,4096,0.001,7,8501510,True
naive,Add,double,min,4096,0.001,7,510271,True
vectorized,Add,double,min,4096,0.001,8,8485557,True
naive,Add,double,min,4096,0.001,8,506217,True
vectorized,Add,double,min,4096,0.001,9,8599484,True
naive,Add,double,min,4096,0.001,9,509399,True
vectorized,Add,double,min,4096,0.01,0,9611405,True
naive,Add,double,min,4096,0.01,0,2198800,True
vectorized,Add,double,min,4096,0.01,1,10995853,True
naive,Add,double,min,4096,0.01,1,4652186,True
vectorized,Add,double,min,4096,0.01,2,11038762,True
naive,Add,double,min,4096,0.01,2,4940040,True
vectorized,Add,double,min,4096,0.01,3,10890843,True
naive,Add,double,min,4096,0.01,3,4677312,True
vectorized,Add,double,min,4096,0.01,4,10989211,True
naive,Add,double,min,4096,0.01,4,4683096,True
vectorized,Add,double,min,4096,0.01,5,10767135,True
naive,Add,double,min,4096,0.01,5,4670627,True
vectorized,Add,double,min,4096,0.01,6,11022249,True
naive,Add,double,min,4096,0.01,6,4671831,True
vectorized,Add,double,min,4096,0.01,7,11028372,True
naive,Add,double,min,4096,0.01,7,4683425,True
vectorized,Add,double,min,4096,0.01,8,11095431,True
naive,Add,double,min,4096,0.01,8,4667953,True
vectorized,Add,double,min,4096,0.01,9,11112820,True
naive,Add,double,min,4096,0.01,9,4673090,True
vectorized,Add,double,min,4096,0.05,0,14650838,True
naive,Add,double,min,4096,0.05,0,6712154,True
vectorized,Add,double,min,4096,0.05,1,21211859,True
naive,Add,double,min,4096,0.05,1,17842200,True
vectorized,Add,double,min,4096,0.05,2,21042997,True
naive,Add,double,min,4096,0.05,2,17770618,True
vectorized,Add,double,min,4096,0.05,3,20297476,True
naive,Add,double,min,4096,0.05,3,17701564,True
vectorized,Add,double,min,4096,0.05,4,19922294,True
naive,Add,double,min,4096,0.05,4,18032186,True
vectorized,Add,double,min,4096,0.05,5,20407032,True
naive,Add,double,min,4096,0.05,5,17983822,True
vectorized,Add,double,min,4096,0.05,6,20046076,True
naive,Add,double,min,4096,0.05,6,18019199,True
vectorized,Add,double,min,4096,0.05,7,19501198,True
naive,Add,double,min,4096,0.05,7,17735762,True
vectorized,Add,double,min,4096,0.05,8,20359433,True
naive,Add,double,min,4096,0.05,8,17686823,True
vectorized,Add,double,min,4096,0.05,9,20674455,True
naive,Add,double,min,4096,0.05,9,17808326,True
vectorized,Add,double,min,4096,0.1,0,17848411,True
naive,Add,double,min,4096,0.1,0,14041580,True
vectorized,Add,double,min,4096,0.1,1,29729145,True
naive,Add,double,min,4096,0.1,1,35047576,True
vectorized,Add,double,min,4096,0.1,2,31205331,True
naive,Add,double,min,4096,0.1,2,35237377,True
vectorized,Add,double,min,4096,0.1,3,32834160,True
naive,Add,double,min,4096,0.1,3,35405991,True
vectorized,Add,double,min,4096,0.1,4,33194813,True
naive,Add,double,min,4096,0.1,4,35338734,True
vectorized,Add,double,min,4096,0.1,5,30327345,True
naive,Add,double,min,4096,0.1,5,35081545,True
vectorized,Add,double,min,4096,0.1,6,31131317,True
naive,Add,double,min,4096,0.1,6,35537594,True
vectorized,Add,double,min,4096,0.1,7,30824220,True
naive,Add,double,min,4096,0.1,7,34282455,True
vectorized,Add,double,min,4096,0.1,8,29192862,True
naive,Add,double,min,4096,0.1,8,33931843,True
vectorized,Add,double,min,4096,0.1,9,31593842,True
naive,Add,double,min,4096,0.1,9,35184272,True
vectorized,Add,double,min,4096,0.2,0,51613227,False
naive,Add,double,min,4096,0.2,0,79096301,False
vectorized,Add,double,min,4096,0.2,1,51355799,False
naive,Add,double,min,4096,0.2,1,73555320,False
vectorized,Add,double,min,4096,0.2,2,52248782,False
naive,Add,double,min,4096,0.2,2,70983457,False
vectorized,Add,double,min,4096,0.2,3,50807137,False
naive,Add,double,min,4096,0.2,3,77822544,False
vectorized,Add,double,min,4096,0.2,4,51549105,False
naive,Add,double,min,4096,0.2,4,73617225,False
vectorized,Add,double,min,4096,0.2,5,48071466,False
naive,Add,double,min,4096,0.2,5,73764059,False
vectorized,Add,double,min,4096,0.2,6,52502774,False
naive,Add,double,min,4096,0.2,6,73645833,False
vectorized,Add,double,min,4096,0.2,7,52348760,False
naive,Add,double,min,4096,0.2,7,73710856,False
vectorized,Add,double,min,4096,0.2,8,58484862,False
naive,Add,double,min,4096,0.2,8,71559447,False
vectorized,Add,double,min,4096,0.2,9,52536772,False
naive,Add,double,min,4096,0.2,9,72641829,False
vectorized,Add,double,min,4096,0.25,0,54192398,True
naive,Add,double,min,4096,0.25,0,73454047,True
vectorized,Add,double,min,4096,0.25,1,52851749,True
naive,Add,double,min,4096,0.25,1,76408269,True
vectorized,Add,double,min,4096,0.25,2,44243407,True
naive,Add,double,min,4096,0.25,2,73963063,True
vectorized,Add,double,min,4096,0.25,3,53820141,True
naive,Add,double,min,4096,0.25,3,73491658,True
vectorized,Add,double,min,4096,0.25,4,55633952,True
naive,Add,double,min,4096,0.25,4,72721890,True
vectorized,Add,double,min,4096,0.25,5,50500158,True
naive,Add,double,min,4096,0.25,5,71029848,True
vectorized,Add,double,min,4096,0.25,6,51548315,True
naive,Add,double,min,4096,0.25,6,71661801,True
vectorized,Add,double,min,4096,0.25,7,43422136,True
naive,Add,double,min,4096,0.25,7,73918161,True
vectorized,Add,double,min,4096,0.25,8,57910667,True
naive,Add,double,min,4096,0.25,8,74126061,True
vectorized,Add,double,min,4096,0.25,9,44345453,True
naive,Add,double,min,4096,0.25,9,73555123,True
vectorized,Add,double,min,4096,1.0,0,51672390,True
naive,Add,double,min,4096,1.0,0,73897204,True
vectorized,Add,double,min,4096,1.0,1,51816600,True
naive,Add,double,min,4096,1.0,1,72079350,True
vectorized,Add,double,min,4096,1.0,2,63577648,True
naive,Add,double,min,4096,1.0,2,73456206,True
vectorized,Add,double,min,4096,1.0,3,52644921,True
naive,Add,double,min,4096,1.0,3,73397751,True
vectorized,Add,double,min,4096,1.0,4,51642468,True
naive,Add,double,min,4096,1.0,4,73672689,True
vectorized,Add,double,min,4096,1.0,5,54908030,True
naive,Add,double,min,4096,1.0,5,73236117,True
vectorized,Add,double,min,4096,1.0,6,52183572,True
naive,Add,double,min,4096,1.0,6,73529853,True
vectorized,Add,double,min,4096,1.0,7,59523171,True
naive,Add,double,min,4096,1.0,7,73603603,True
vectorized,Add,double,min,4096,1.0,8,45770436,True
naive,Add,double,min,4096,1.0,8,73454710,True
vectorized,Add,double,min,4096,1.0,9,48708808,True
naive,Add,double,min,4096,1.0,9,73537390,True
vectorized,Add,double,max,1024,0.001,0,4301155,True
naive,Add,double,max,1024,0.001,0,43635,True
vectorized,Add,double,max,1024,0.001,1,4341554,True
naive,Add,double,max,1024,0.001,1,51495,True
vectorized,Add,double,max,1024,0.001,2,4308460,True
naive,Add,double,max,1024,0.001,2,51727,True
vectorized,Add,double,max,1024,0.001,3,4325241,True
naive,Add,double,max,1024,0.001,3,51998,True
vectorized,Add,double,max,1024,0.001,4,4340734,True
naive,Add,double,max,1024,0.001,4,51262,True
vectorized,Add,double,max,1024,0.001,5,4324408,True
naive,Add,double,max,1024,0.001,5,50766,True
vectorized,Add,double,max,1024,0.001,6,4308291,True
naive,Add,double,max,1024,0.001,6,51855,True
vectorized,Add,double,max,1024,0.001,7,4293966,True
naive,Add,double,max,1024,0.001,7,51308,True
vectorized,Add,double,max,1024,0.001,8,4342368,True
naive,Add,double,max,1024,0.001,8,50320,True
vectorized,Add,double,max,1024,0.001,9,4297044,True
naive,Add,double,max,1024,0.001,9,51081,True
vectorized,Add,double,max,1024,0.01,0,4400215,True
naive,Add,double,max,1024,0.01,0,154204,True
vectorized,Add,double,max,1024,0.01,1,4542259,True
naive,Add,double,max,1024,0.01,1,291317,True
vectorized,Add,double,max,1024,0.01,2,4485459,True
naive,Add,double,max,1024,0.01,2,293685,True
vectorized,Add,double,max,1024,0.01,3,4500718,True
naive,Add,double,max,1024,0.01,3,293664,True
vectorized,Add,double,max,1024,0.01,4,4506217,True
naive,Add,double,max,1024,0.01,4,292342,True
vectorized,Add,double,max,1024,0.01,5,4486699,True
naive,Add,double,max,1024,0.01,5,292321,True
vectorized,Add,double,max,1024,0.01,6,4501265,True
naive,Add,double,max,1024,0.01,6,294355,True
vectorized,Add,double,max,1024,0.01,7,4488202,True
naive,Add,double,max,1024,0.01,7,291426,True
vectorized,Add,double,max,1024,0.01,8,4502645,True
naive,Add,double,max,1024,0.01,8,292020,True
vectorized,Add,double,max,1024,0.01,9,4475706,True
naive,Add,double,max,1024,0.01,9,293650,True
vectorized,Add,double,max,1024,0.05,0,4716088,True
naive,Add,double,max,1024,0.05,0,726001,True
vectorized,Add,double,max,1024,0.05,1,5182531,True
naive,Add,double,max,1024,0.05,1,1441849,True
vectorized,Add,double,max,1024,0.05,2,5187490,True
naive,Add,double,max,1024,0.05,2,1488643,True
vectorized,Add,double,max,1024,0.05,3,5163101,True
naive,Add,double,max,1024,0.05,3,1236286,True
vectorized,Add,double,max,1024,0.05,4,5174660,True
naive,Add,double,max,1024,0.05,4,1443894,True
vectorized,Add,double,max,1024,0.05,5,5230611,True
naive,Add,double,max,1024,0.05,5,1457721,True
vectorized,Add,double,max,1024,0.05,6,5151058,True
naive,Add,double,max,1024,0.05,6,1435558,True
vectorized,Add,double,max,1024,0.05,7,5155336,True
naive,Add,double,max,1024,0.05,7,1441428,True
vectorized,Add,double,max,1024,0.05,8,5141312,True
naive,Add,double,max,1024,0.05,8,1439927,True
vectorized,Add,double,max,1024,0.05,9,5175119,True
naive,Add,double,max,1024,0.05,9,1435023,True
vectorized,Add,double,max,1024,0.1,0,5098872,True
naive,Add,double,max,1024,0.1,0,1350605,True
vectorized,Add,double,max,1024,0.1,1,5996325,True
naive,Add,double,max,1024,0.1,1,2859526,True
vectorized,Add,double,max,1024,0.1,2,6025711,True
naive,Add,double,max,1024,0.1,2,2856221,True
vectorized,Add,double,max,1024,0.1,3,5974800,True
naive,Add,double,max,1024,0.1,3,2830026,True
vectorized,Add,double,max,1024,0.1,4,6008762,True
naive,Add,double,max,1024,0.1,4,2818889,True
vectorized,Add,double,max,1024,0.1,5,6126667,True
naive,Add,double,max,1024,0.1,5,2837990,True
vectorized,Add,double,max,1024,0.1,6,6060772,True
naive,Add,double,max,1024,0.1,6,2826779,True
vectorized,Add,double,max,1024,0.1,7,5965519,True
naive,Add,double,max,1024,0.1,7,2827375,True
vectorized,Add,double,max,1024,0.1,8,5927473,True
naive,Add,double,max,1024,0.1,8,2965799,True
vectorized,Add,double,max,1024,0.1,9,5985622,True
naive,Add,double,max,1024,0.1,9,2845954,True
vectorized,Add,double,max,1024,0.2,0,8674112,False
naive,Add,double,max,1024,0.2,0,4364288,False
vectorized,Add,double,max,1024,0.2,1,8031285,False
naive,Add,double,max,1024,0.2,1,4265120,False
vectorized,Add,double,max,1024,0.2,2,8170665,False
naive,Add,double,max,1024,0.2,2,4417150,False
vectorized,Add,double,max,1024,0.2,3,8349824,False
naive,Add,double,max,1024,0.2,3,4236231,False
vectorized,Add,double,max,1024,0.2,4,8667031,False
naive,Add,double,max,1024,0.2,4,4253529,False
vectorized,Add,double,max,1024,0.2,5,8066966,False
naive,Add,double,max,1024,0.2,5,4301377,False
vectorized,Add,double,max,1024,0.2,6,8761505,False
naive,Add,double,max,1024,0.2,6,4379699,False
vectorized,Add,double,max,1024,0.2,7,8170127,False
naive,Add,double,max,1024,0.2,7,4546474,False
vectorized,Add,double,max,1024,0.2,8,8502657,False
naive,Add,double,max,1024,0.2,8,4286585,False
vectorized,Add,double,max,1024,0.2,9,8615687,False
naive,Add,double,max,1024,0.2,9,4344518,False
vectorized,Add,double,max,1024,0.25,0,9079585,True
naive,Add,double,max,1024,0.25,0,4243342,True
vectorized,Add,double,max,1024,0.25,1,8530226,True
naive,Add,double,max,1024,0.25,1,4282961,True
vectorized,Add,double,max,1024,0.25,2,8768264,True
naive,Add,double,max,1024,0.25,2,4246315,True
vectorized,Add,double,max,1024,0.25,3,8331330,True
naive,Add,double,max,1024,0.25,3,4705107,True
vectorized,Add,double,max,1024,0.25,4,8724731,True
naive,Add,double,max,1024,0.25,4,4317836,True
vectorized,Add,double,max,1024,0.25,5,8070070,True
naive,Add,double,max,1024,0.25,5,4423879,True
vectorized,Add,double,max,1024,0.25,6,8898378,True
naive,Add,double,max,1024,0.25,6,4243753,True
vectorized,Add,double,max,1024,0.25,7,7989077,True
naive,Add,double,max,1024,0.25,7,4270563,True
vectorized,Add,double,max,1024,0.25,8,8416431,True
naive,Add,double,max,1024,0.25,8,4267649,True
vectorized,Add,double,max,1024,0.25,9,8159437,True
naive,Add,double,max,1024,0.25,9,4245918,True
vectorized,Add,double,max,1024,1.0,0,7344283,True
naive,Add,double,max,1024,1.0,0,5762355,True
vectorized,Add,double,max,1024,1.0,1,7476298,True
naive,Add,double,max,1024,1.0,1,5860287,True
vectorized,Add,double,max,1024,1.0,2,7044402,True
naive,Add,double,max,1024,1.0,2,5645029,True
vectorized,Add,double,max,1024,1.0,3,7044598,True
naive,Add,double,max,1024,1.0,3,5666951,True
vectorized,Add,double,max,1024,1.0,4,6968921,True
naive,Add,double,max,1024,1.0,4,5633302,True
vectorized,Add,double,max,1024,1.0,5,7072438,True
naive,Add,double,max,1024,1.0,5,5659293,True
vectorized,Add,double,max,1024,1.0,6,7031290,True
naive,Add,double,max,1024,1.0,6,5655023,True
vectorized,Add,double,max,1024,1.0,7,7130545,True
naive,Add,double,max,1024,1.0,7,5754586,True
vectorized,Add,double,max,1024,1.0,8,7470585,True
naive,Add,double,max,1024,1.0,8,5630968,True
vectorized,Add,double,max,1024,1.0,9,7601225,True
naive,Add,double,max,1024,1.0,9,5728925,True
vectorized,Add,double,max,2048,0.001,0,4895999,True
naive,Add,double,max,2048,0.001,0,101679,True
vectorized,Add,double,max,2048,0.001,1,4928092,True
naive,Add,double,max,2048,0.001,1,145725,True
vectorized,Add,double,max,2048,0.001,2,4905856,True
naive,Add,double,max,2048,0.001,2,148893,True
vectorized,Add,double,max,2048,0.001,3,4922674,True
naive,Add,double,max,2048,0.001,3,138794,True
vectorized,Add,double,max,2048,0.001,4,4976476,True
naive,Add,double,max,2048,0.001,4,140348,True
vectorized,Add,double,max,2048,0.001,5,5024127,True
naive,Add,double,max,2048,0.001,5,147607,True
vectorized,Add,double,max,2048,0.001,6,4388342,True
naive,Add,double,max,2048,0.001,6,145816,True
vectorized,Add,double,max,2048,0.001,7,4964808,True
naive,Add,double,max,2048,0.001,7,136233,True
vectorized,Add,double,max,2048,0.001,8,4974063,True
naive,Add,double,max,2048,0.001,8,138071,True
vectorized,Add,double,max,2048,0.001,9,4961098,True
naive,Add,double,max,2048,0.001,9,147453,True
vectorized,Add,double,max,2048,0.01,0,5188600,True
naive,Add,double,max,2048,0.01,0,570391,True
vectorized,Add,double,max,2048,0.01,1,5491921,True
naive,Add,double,max,2048,0.01,1,1279233,True
vectorized,Add,double,max,2048,0.01,2,5538037,True
naive,Add,double,max,2048,0.01,2,1219508,True
vectorized,Add,double,max,2048,0.01,3,5546707,True
naive,Add,double,max,2048,0.01,3,1240198,True
vectorized,Add,double,max,2048,0.01,4,5501222,True
naive,Add,double,max,2048,0.01,4,1230586,True
vectorized,Add,double,max,2048,0.01,5,5483672,True
naive,Add,double,max,2048,0.01,5,1211416,True
vectorized,Add,double,max,2048,0.01,6,5524539,True
naive,Add,double,max,2048,0.01,6,1185813,True
vectorized,Add,double,max,2048,0.01,7,5297003,True
naive,Add,double,max,2048,0.01,7,1193086,True
vectorized,Add,double,max,2048,0.01,8,5573342,True
naive,Add,double,max,2048,0.01,8,1170595,True
vectorized,Add,double,max,2048,0.01,9,5513956,True
naive,Add,double,max,2048,0.01,9,1171415,True
vectorized,Add,double,max,2048,0.05,0,6866907,True
naive,Add,double,max,2048,0.05,0,1698837,True
vectorized,Add,double,max,2048,0.05,1,8580291,True
naive,Add,double,max,2048,0.05,1,4995021,True
vectorized,Add,double,max,2048,0.05,2,8717920,True
naive,Add,double,max,2048,0.05,2,4813344,True
vectorized,Add,double,max,2048,0.05,3,8588394,True
naive,Add,double,max,2048,0.05,3,4288283,True
vectorized,Add,double,max,2048,0.05,4,8521162,True
naive,Add,double,max,2048,0.05,4,4684119,True
vectorized,Add,double,max,2048,0.05,5,8874323,True
naive,Add,double,max,2048,0.05,5,4233284,True
vectorized,Add,double,max,2048,0.05,6,8543956,True
naive,Add,double,max,2048,0.05,6,4437919,True
vectorized,Add,double,max,2048,0.05,7,8955946,True
naive,Add,double,max,2048,0.05,7,4213862,True
vectorized,Add,double,max,2048,0.05,8,8681717,True
naive,Add,double,max,2048,0.05,8,4399840,True
vectorized,Add,double,max,2048,0.05,9,8450654,True
naive,Add,double,max,2048,0.05,9,4469351,True
vectorized,Add,double,max,2048,0.1,0,8567969,True
naive,Add,double,max,2048,0.1,0,3307639,True
vectorized,Add,double,max,2048,0.1,1,12128621,True
naive,Add,double,max,2048,0.1,1,9034241,True
vectorized,Add,double,max,2048,0.1,2,11825390,True
naive,Add,double,max,2048,0.1,2,8769656,True
vectorized,Add,double,max,2048,0.1,3,11333231,True
naive,Add,double,max,2048,0.1,3,8602662,True
vectorized,Add,double,max,2048,0.1,4,11908492,True
naive,Add,double,max,2048,0.1,4,8559251,True
vectorized,Add,double,max,2048,0.1,5,11872084,True
naive,Add,double,max,2048,0.1,5,8329597,True
vectorized,Add,double,max,2048,0.1,6,11616620,True
naive,Add,double,max,2048,0.1,6,8869735,True
vectorized,Add,double,max,2048,0.1,7,11830237,True
naive,Add,double,max,2048,0.1,7,8842091,True
vectorized,Add,double,max,2048,0.1,8,11482874,True
naive,Add,double,max,2048,0.1,8,8547187,True
vectorized,Add,double,max,2048,0.1,9,11963688,True
naive,Add,double,max,2048,0.1,9,8781684,True
vectorized,Add,double,max,2048,0.2,0,15568374,False
naive,Add,double,max,2048,0.2,0,18147469,False
vectorized,Add,double,max,2048,0.2,1,17599446,False
naive,Add,double,max,2048,0.2,1,18403082,False
vectorized,Add,double,max,2048,0.2,2,18079417,False
naive,Add,double,max,2048,0.2,2,18248124,False
vectorized,Add,double,max,2048,0.2,3,19343764,False
naive,Add,double,max,2048,0.2,3,18325541,False
vectorized,Add,double,max,2048,0.2,4,17281190,False
naive,Add,double,max,2048,0.2,4,18204015,False
vectorized,Add,double,max,2048,0.2,5,18601860,False
naive,Add,double,max,2048,0.2,5,18261375,False
vectorized,Add,double,max,2048,0.2,6,19245320,False
naive,Add,double,max,2048,0.2,6,18214790,False
vectorized,Add,double,max,2048,0.2,7,18882749,False
naive,Add,double,max,2048,0.2,7,17986812,False
vectorized,Add,double,max,2048,0.2,8,19738323,False
naive,Add,double,max,2048,0.2,8,17992364,False
vectorized,Add,double,max,2048,0.2,9,19348447,False
naive,Add,double,max,2048,0.2,9,18157232,False
vectorized,Add,double,max,2048,0.25,0,17378855,True
naive,Add,double,max,2048,0.25,0,18294181,True
vectorized,Add,double,max,2048,0.25,1,17489801,True
naive,Add,double,max,2048,0.25,1,18221933,True
vectorized,Add,double,max,2048,0.25,2,16407035,True
naive,Add,double,max,2048,0.25,2,17237533,True
vectorized,Add,double,max,2048,0.25,3,16834569,True
naive,Add,double,max,2048,0.25,3,17231642,True
vectorized,Add,double,max,2048,0.25,4,19312438,True
naive,Add,double,max,2048,0.25,4,18229919,True
vectorized,Add,double,max,2048,0.25,5,19429616,True
naive,Add,double,max,2048,0.25,5,18085043,True
vectorized,Add,double,max,2048,0.25,6,17339868,True
naive,Add,double,max,2048,0.25,6,18274555,True
vectorized,Add,double,max,2048,0.25,7,18945855,True
naive,Add,double,max,2048,0.25,7,17323232,True
vectorized,Add,double,max,2048,0.25,8,17960614,True
naive,Add,double,max,2048,0.25,8,17961704,True
vectorized,Add,double,max,2048,0.25,9,14804671,True
naive,Add,double,max,2048,0.25,9,17254909,True
vectorized,Add,double,max,2048,1.0,0,18873652,True
naive,Add,double,max,2048,1.0,0,17364358,True
vectorized,Add,double,max,2048,1.0,1,17444417,True
naive,Add,double,max,2048,1.0,1,17440346,True
vectorized,Add,double,max,2048,1.0,2,19201623,True
naive,Add,double,max,2048,1.0,2,17397228,True
vectorized,Add,double,max,2048,1.0,3,16820036,True
naive,Add,double,max,2048,1.0,3,17410407,True
vectorized,Add,double,max,2048,1.0,4,17028747,True
naive,Add,double,max,2048,1.0,4,17530269,True
vectorized,Add,double,max,2048,1.0,5,18777257,True
naive,Add,double,max,2048,1.0,5,18400451,True
vectorized,Add,double,max,2048,1.0,6,16913772,True
naive,Add,double,max,2048,1.0,6,18121638,True
vectorized,Add,double,max,2048,1.0,7,17846004,True
naive,Add,double,max,2048,1.0,7,17482577,True
vectorized,Add,double,max,2048,1.0,8,19659897,True
naive,Add,double,max,2048,1.0,8,18257550,True
vectorized,Add,double,max,2048,1.0,9,18531560,True
naive,Add,double,max,2048,1.0,9,18283296,True
vectorized,Add,double,max,4096,0.001,0,8390810,True
naive,Add,double,max,4096,0.001,0,312198,True
vectorized,Add,double,max,4096,0.001,1,8583298,True
naive,Add,double,max,4096,0.001,1,509988,True
vectorized,Add,double,max,4096,0.001,2,8536932,True
naive,Add,double,max,4096,0.001,2,517565,True
vectorized,Add,double,max,4096,0.001,3,8481836,True
naive,Add,double,max,4096,0.001,3,510019,True
vectorized,Add,double,max,4096,0.001,4,8531406,True
naive,Add,double,max,4096,0.001,4,512086,True
vectorized,Add,double,max,4096,0.001,5,8504973,True
naive,Add,double,max,4096,0.001,5,512209,True
vectorized,Add,double,max,4096,0.001,6,8546600,True
naive,Add,double,max,4096,0.001,6,507549,True
vectorized,Add,double,max,4096,0.001,7,9153193,True
naive,Add,double,max,4096,0.001,7,525976,True
vectorized,Add,double,max,4096,0.001,8,8513950,True
naive,Add,double,max,4096,0.001,8,510391,True
vectorized,Add,double,max,4096,0.001,9,8504704,True
naive,Add,double,max,4096,0.001,9,510554,True
vectorized,Add,double,max,4096,0.01,0,9480831,True
naive,Add,double,max,4096,0.01,0,1864375,True
vectorized,Add,double,max,4096,0.01,1,10949900,True
naive,Add,double,max,4096,0.01,1,4672460,True
vectorized,Add,double,max,4096,0.01,2,11051527,True
naive,Add,double,max,4096,0.01,2,4776485,True
vectorized,Add,double,max,4096,0.01,3,10977440,True
naive,Add,double,max,4096,0.01,3,4699276,True
vectorized,Add,double,max,4096,0.01,4,11170189,True
naive,Add,double,max,4096,0.01,4,3963198,True
vectorized,Add,double,max,4096,0.01,5,10969868,True
naive,Add,double,max,4096,0.01,5,4658122,True
vectorized,Add,double,max,4096,0.01,6,10864968,True
naive,Add,double,max,4096,0.01,6,4695498,True
vectorized,Add,double,max,4096,0.01,7,11120691,True
naive,Add,double,max,4096,0.01,7,4687308,True
vectorized,Add,double,max,4096,0.01,8,10942494,True
naive,Add,double,max,4096,0.01,8,4669636,True
vectorized,Add,double,max,4096,0.01,9,10942344,True
naive,Add,double,max,4096,0.01,9,4834027,True
vectorized,Add,double,max,4096,0.05,0,13646591,True
naive,Add,double,max,4096,0.05,0,6767024,True
vectorized,Add,double,max,4096,0.05,1,19462777,True
naive,Add,double,max,4096,0.05,1,17684361,True
vectorized,Add,double,max,4096,0.05,2,20770516,True
naive,Add,double,max,4096,0.05,2,17971328,True
vectorized,Add,double,max,4096,0.05,3,19910727,True
naive,Add,double,max,4096,0.05,3,17015787,True
vectorized,Add,double,max,4096,0.05,4,21473181,True
naive,Add,double,max,4096,0.05,4,16950152,True
vectorized,Add,double,max,4096,0.05,5,19634647,True
naive,Add,double,max,4096,0.05,5,17763218,True
vectorized,Add,double,max,4096,0.05,6,20333330,True
naive,Add,double,max,4096,0.05,6,17912759,True
vectorized,Add,double,max,4096,0.05,7,20553433,True
naive,Add,double,max,4096,0.05,7,17907831,True
vectorized,Add,double,max,4096,0.05,8,20399712,True
naive,Add,double,max,4096,0.05,8,17656988,True
vectorized,Add,double,max,4096,0.05,9,19541029,True
naive,Add,double,max,4096,0.05,9,17046680,True
vectorized,Add,double,max,4096,0.1,0,18192012,True
naive,Add,double,max,4096,0.1,0,13235616,True
vectorized,Add,double,max,4096,0.1,1,32322084,True
naive,Add,double,max,4096,0.1,1,35153307,True
vectorized,Add,double,max,4096,0.1,2,33751636,True
naive,Add,double,max,4096,0.1,2,35297472,True
vectorized,Add,double,max,4096,0.1,3,32935078,True
naive,Add,double,max,4096,0.1,3,35114766,True
vectorized,Add,double,max,4096,0.1,4,33096250,True
naive,Add,double,max,4096,0.1,4,35282081,True
vectorized,Add,double,max,4096,0.1,5,32508533,True
naive,Add,double,max,4096,0.1,5,34906246,True
vectorized,Add,double,max,4096,0.1,6,30733637,True
naive,Add,double,max,4096,0.1,6,35069357,True
vectorized,Add,double,max,4096,0.1,7,32059916,True
naive,Add,double,max,4096,0.1,7,35163490,True
vectorized,Add,double,max,4096,0.1,8,30267702,True
naive,Add,double,max,4096,0.1,8,35159225,True
vectorized,Add,double,max,4096,0.1,9,31976992,True
naive,Add,double,max,4096,0.1,9,33448872,True
vectorized,Add,double,max,4096,0.2,0,46453288,False
naive,Add,double,max,4096,0.2,0,73942592,False
vectorized,Add,double,max,4096,0.2,1,42923751,False
naive,Add,double,max,4096,0.2,1,73867029,False
vectorized,Add,double,max,4096,0.2,2,54843900,False
naive,Add,double,max,4096,0.2,2,73537359,False
vectorized,Add,double,max,4096,0.2,3,60818074,False
naive,Add,double,max,4096,0.2,3,73394219,False
vectorized,Add,double,max,4096,0.2,4,55856091,False
naive,Add,double,max,4096,0.2,4,73815460,False
vectorized,Add,double,max,4096,0.2,5,47768075,False
naive,Add,double,max,4096,0.2,5,73426704,False
vectorized,Add,double,max,4096,0.2,6,51782517,False
naive,Add,double,max,4096,0.2,6,71994916,False
vectorized,Add,double,max,4096,0.2,7,45854011,False
naive,Add,double,max,4096,0.2,7,76147640,False
vectorized,Add,double,max,4096,0.2,8,48709729,False
naive,Add,double,max,4096,0.2,8,73670479,False
vectorized,Add,double,max,4096,0.2,9,60433720,False
naive,Add,double,max,4096,0.2,9,73674736,False
vectorized,Add,double,max,4096,0.25,0,50709976,True
naive,Add,double,max,4096,0.25,0,71442052,True
vectorized,Add,double,max,4096,0.25,1,53549159,True
naive,Add,double,max,4096,0.25,1,74456146,True
vectorized,Add,double,max,4096,0.25,2,49267939,True
naive,Add,double,max,4096,0.25,2,74065854,True
vectorized,Add,double,max,4096,0.25,3,60821368,True
naive,Add,double,max,4096,0.25,3,78431999,True
vectorized,Add,double,max,4096,0.25,4,47763605,True
naive,Add,double,max,4096,0.25,4,74221431,True
vectorized,Add,double,max,4096,0.25,5,43995767,True
naive,Add,double,max,4096,0.25,5,74106496,True
vectorized,Add,double,max,4096,0.25,6,61216587,True
naive,Add,double,max,4096,0.25,6,73742762,True
vectorized,Add,double,max,4096,0.25,7,52383047,True
naive,Add,double,max,4096,0.25,7,73990176,True
vectorized,Add,double,max,4096,0.25,8,52779107,True
naive,Add,double,max,4096,0.25,8,74134533,True
vectorized,Add,double,max,4096,0.25,9,50946611,True
naive,Add,double,max,4096,0.25,9,73477095,True
vectorized,Add,double,max,4096,1.0,0,46015487,True
naive,Add,double,max,4096,1.0,0,76310599,True
vectorized,Add,double,max,4096,1.0,1,53257889,True
naive,Add,double,max,4096,1.0,1,74081101,True
vectorized,Add,double,max,4096,1.0,2,47399090,True
naive,Add,double,max,4096,1.0,2,73646546,True
vectorized,Add,double,max,4096,1.0,3,48228110,True
naive,Add,double,max,4096,1.0,3,76214967,True
vectorized,Add,double,max,4096,1.0,4,55544830,True
naive,Add,double,max,4096,1.0,4,73487104,True
vectorized,Add,double,max,4096,1.0,5,49759860,True
naive,Add,double,max,4096,1.0,5,71067765,True
vectorized,Add,double,max,4096,1.0,6,51567037,True
naive,Add,double,max,4096,1.0,6,72607773,True
vectorized,Add,double,max,4096,1.0,7,50382511,True
naive,Add,double,max,4096,1.0,7,73363223,True
vectorized,Add,double,max,4096,1.0,8,47394167,True
naive,Add,double,max,4096,1.0,8,73564381,True
vectorized,Add,double,max,4096,1.0,9,60176087,True
naive,Add,double,max,4096,1.0,9,74383215,True
vectorized,Add,double,min max mean symmetry,1024,0.001,0,24106553,False
naive,Add,double,min max mean symmetry,1024,0.001,0,15558941,False
vectorized,Add,double,min max mean symmetry,1024,0.001,1,23661290,False
naive,Add,double,min max mean symmetry,1024,0.001,1,14674672,False
vectorized,Add,double,min max mean symmetry,1024,0.001,2,23813634,False
naive,Add,double,min max mean symmetry,1024,0.001,2,15528958,False
vectorized,Add,double,min max mean symmetry,1024,0.001,3,23735785,False
naive,Add,double,min max mean symmetry,1024,0.001,3,16062155,False
vectorized,Add,double,min max mean symmetry,1024,0.001,4,24010739,False
naive,Add,double,min max mean symmetry,1024,0.001,4,15469468,False
vectorized,Add,double,min max mean symmetry,1024,0.001,5,24256655,False
naive,Add,double,min max mean symmetry,1024,0.001,5,15630488,False
vectorized,Add,double,min max mean symmetry,1024,0.001,6,23671989,False
naive,Add,double,min max mean symmetry,1024,0.001,6,16012814,False
vectorized,Add,double,min max mean symmetry,1024,0.001,7,23846697,False
naive,Add,double,min max mean symmetry,1024,0.001,7,15313743,False
vectorized,Add,double,min max mean symmetry,1024,0.001,8,23215758,False
naive,Add,double,min max mean symmetry,1024,0.001,8,15479068,False
vectorized,Add,double,min max mean symmetry,1024,0.001,9,23276982,False
naive,Add,double,min max mean symmetry,1024,0.001,9,15767218,False
vectorized,Add,double,min max mean symmetry,1024,0.01,0,22496153,False
naive,Add,double,min max mean symmetry,1024,0.01,0,15351529,False
vectorized,Add,double,min max mean symmetry,1024,0.01,1,23003053,False
naive,Add,double,min max mean symmetry,1024,0.01,1,15180222,False
vectorized,Add,double,min max mean symmetry,1024,0.01,2,24289070,False
naive,Add,double,min max mean symmetry,1024,0.01,2,15638302,False
vectorized,Add,double,min max mean symmetry,1024,0.01,3,21049414,False
naive,Add,double,min max mean symmetry,1024,0.01,3,15491747,False
vectorized,Add,double,min max mean symmetry,1024,0.01,4,24364139,False
naive,Add,double,min max mean symmetry,1024,0.01,4,15643883,False
vectorized,Add,double,min max mean symmetry,1024,0.01,5,24467055,False
naive,Add,double,min max mean symmetry,1024,0.01,5,15517071,False
vectorized,Add,double,min max mean symmetry,1024,0.01,6,23902291,False
naive,Add,double,min max mean symmetry,1024,0.01,6,15235951,False
vectorized,Add,double,min max mean symmetry,1024,0.01,7,23807127,False
naive,Add,double,min max mean symmetry,1024,0.01,7,15386386,False
vectorized,Add,double,min max mean symmetry,1024,0.01,8,24642190,False
naive,Add,double,min max mean symmetry,1024,0.01,8,14763913,False
vectorized,Add,double,min max mean symmetry,1024,0.01,9,24373643,False
naive,Add,double,min max mean symmetry,1024,0.01,9,15832374,False
vectorized,Add,double,min max mean symmetry,1024,0.05,0,24164234,False
naive,Add,double,min max mean symmetry,1024,0.05,0,15563145,False
vectorized,Add,double,min max mean symmetry,1024,0.05,1,25636574,False
naive,Add,double,min max mean symmetry,1024,0.05,1,16419397,False
vectorized,Add,double,min max mean symmetry,1024,0.05,2,25879391,False
naive,Add,double,min max mean symmetry,1024,0.05,2,16681781,False
vectorized,Add,double,min max mean symmetry,1024,0.05,3,25754117,False
naive,Add,double,min max mean symmetry,1024,0.05,3,16196618,False
vectorized,Add,double,min max mean symmetry,1024,0.05,4,26091575,False
naive,Add,double,min max mean symmetry,1024,0.05,4,16130602,False
vectorized,Add,double,min max mean symmetry,1024,0.05,5,24808661,False
naive,Add,double,min max mean symmetry,1024,0.05,5,16352980,False
vectorized,Add,double,min max mean symmetry,1024,0.05,6,24844930,False
naive,Add,double,min max mean symmetry,1024,0.05,6,17463094,False
vectorized,Add,double,min max mean symmetry,1024,0.05,7,24808388,False
naive,Add,double,min max mean symmetry,1024,0.05,7,16436629,False
vectorized,Add,double,min max mean symmetry,1024,0.05,8,25321116,False
naive,Add,double,min max mean symmetry,1024,0.05,8,17032042,False
vectorized,Add,double,min max mean symmetry,1024,0.05,9,24019957,False
naive,Add,double,min max mean symmetry,1024,0.05,9,16611256,False
vectorized,Add,double,min max mean symmetry,1024,0.1,0,25466723,False
naive,Add,double,min max mean symmetry,1024,0.1,0,15883260,False
vectorized,Add,double,min max mean symmetry,1024,0.1,1,26889486,False
naive,Add,double,min max mean symmetry,1024,0.1,1,17304767,False
vectorized,Add,double,min max mean symmetry,1024,0.1,2,26578919,False
naive,Add,double,min max mean symmetry,1024,0.1,2,17223941,False
vectorized,Add,double,min max mean symmetry,1024,0.1,3,27791880,False
naive,Add,double,min max mean symmetry,1024,0.1,3,17324937,False
vectorized,Add,double,min max mean symmetry,1024,0.1,4,26598239,False
naive,Add,double,min max mean symmetry,1024,0.1,4,17548006,False
vectorized,Add,double,min max mean symmetry,1024,0.1,5,25519059,False
naive,Add,double,min max mean symmetry,1024,0.1,5,17111296,False
vectorized,Add,double,min max mean symmetry,1024,0.1,6,26864052,False
naive,Add,double,min max mean symmetry,1024,0.1,6,17190218,False
vectorized,Add,double,min max mean symmetry,1024,0.1,7,26920572,False
naive,Add,double,min max mean symmetry,1024,0.1,7,17283635,False
vectorized,Add,double,min max mean symmetry,1024,0.1,8,26502648,False
naive,Add,double,min max mean symmetry,1024,0.1,8,17456260,False
vectorized,Add,double,min max mean symmetry,1024,0.1,9,26793234,False
naive,Add,double,min max mean symmetry,1024,0.1,9,17441345,False
vectorized,Add,double,min max mean symmetry,1024,0.2,0,26863597,False
naive,Add,double,min max mean symmetry,1024,0.2,0,17191736,False
vectorized,Add,double,min max mean symmetry,1024,0.2,1,28635150,False
naive,Add,double,min max mean symmetry,1024,0.2,1,17726425,False
vectorized,Add,double,min max mean symmetry,1024,0.2,2,27804100,False
naive,Add,double,min max mean symmetry,1024,0.2,2,17686845,False
vectorized,Add,double,min max mean symmetry,1024,0.2,3,27259343,False
naive,Add,double,min max mean symmetry,1024,0.2,3,18257499,False
vectorized,Add,double,min max mean symmetry,1024,0.2,4,27121750,False
naive,Add,double,min max mean symmetry,1024,0.2,4,17900975,False
vectorized,Add,double,min max mean symmetry,1024,0.2,5,26706313,False
naive,Add,double,min max mean symmetry,1024,0.2,5,17691464,False
vectorized,Add,double,min max mean symmetry,1024,0.2,6,24676102,False
naive,Add,double,min max mean symmetry,1024,0.2,6,17634940,False
vectorized,Add,double,min max mean symmetry,1024,0.2,7,26628707,False
naive,Add,double,min max mean symmetry,1024,0.2,7,17809684,False
vectorized,Add,double,min max mean symmetry,1024,0.2,8,27163207,False
naive,Add,double,min max mean symmetry,1024,0.2,8,17715227,False
vectorized,Add,double,min max mean symmetry,1024,0.2,9,27672524,False
naive,Add,double,min max mean symmetry,1024,0.2,9,17894246,False
vectorized,Add,double,min max mean symmetry,1024,0.25,0,28204902,True
naive,Add,double,min max mean symmetry,1024,0.25,0,17936751,True
vectorized,Add,double,min max mean symmetry,1024,0.25,1,26192832,True
naive,Add,double,min max mean symmetry,1024,0.25,1,17623196,True
vectorized,Add,double,min max mean symmetry,1024,0.25,2,25974034,True
naive,Add,double,min max mean symmetry,1024,0.25,2,17273169,True
vectorized,Add,double,min max mean symmetry,1024,0.25,3,26010034,True
naive,Add,double,min max mean symmetry,1024,0.25,3,17178509,True
vectorized,Add,double,min max mean symmetry,1024,0.25,4,24563110,True
naive,Add,double,min max mean symmetry,1024,0.25,4,17226356,True
vectorized,Add,double,min max mean symmetry,1024,0.25,5,26107795,True
naive,Add,double,min max mean symmetry,1024,0.25,5,17343993,True
vectorized,Add,double,min max mean symmetry,1024,0.25,6,26419019,True
naive,Add,double,min max mean symmetry,1024,0.25,6,17421250,True
vectorized,Add,double,min max mean symmetry,1024,0.25,7,26136346,True
naive,Add,double,min max mean symmetry,1024,0.25,7,17384973,True
vectorized,Add,double,min max mean symmetry,1024,0.25,8,26771309,True
naive,Add,double,min max mean symmetry,1024,0.25,8,17190501,True
vectorized,Add,double,min max mean symmetry,1024,0.25,9,26369610,True
naive,Add,double,min max mean symmetry,1024,0.25,9,17402576,True
vectorized,Add,double,min max mean symmetry,1024,1.0,0,22382399,True
naive,Add,double,min max mean symmetry,1024,1.0,0,19018710,True
vectorized,Add,double,min max mean symmetry,1024,1.0,1,21796915,True
naive,Add,double,min max mean symmetry,1024,1.0,1,18995067,True
vectorized,Add,double,min max mean symmetry,1024,1.0,2,22805250,True
naive,Add,double,min max mean symmetry,1024,1.0,2,19082644,True
vectorized,Add,double,min max mean symmetry,1024,1.0,3,22145596,True
naive,Add,double,min max mean symmetry,1024,1.0,3,19033964,True
vectorized,Add,double,min max mean symmetry,1024,1.0,4,21887892,True
naive,Add,double,min max mean symmetry,1024,1.0,4,19026142,True
vectorized,Add,double,min max mean symmetry,1024,1.0,5,22145045,True
naive,Add,double,min max mean symmetry,1024,1.0,5,19302693,True
vectorized,Add,double,min max mean symmetry,1024,1.0,6,22355502,True
naive,Add,double,min max mean symmetry,1024,1.0,6,19245013,True
vectorized,Add,double,min max mean symmetry,1024,1.0,7,21954281,True
naive,Add,double,min max mean symmetry,1024,1.0,7,19135025,True
vectorized,Add,double,min max mean symmetry,1024,1.0,8,21852675,True
naive,Add,double,min max mean symmetry,1024,1.0,8,18874181,True
vectorized,Add,double,min max mean symmetry,1024,1.0,9,21490727,True
naive,Add,double,min max mean symmetry,1024,1.0,9,19125390,True
vectorized,Add,double,min max mean symmetry,2048,0.001,0,70316138,False
naive,Add,double,min max mean symmetry,2048,0.001,0,60929697,False
vectorized,Add,double,min max mean symmetry,2048,0.001,1,80188089,False
naive,Add,double,min max mean symmetry,2048,0.001,1,62102351,False
vectorized,Add,double,min max mean symmetry,2048,0.001,2,70283649,False
naive,Add,double,min max mean symmetry,2048,0.001,2,61821513,False
vectorized,Add,double,min max mean symmetry,2048,0.001,3,83117015,False
naive,Add,double,min max mean symmetry,2048,0.001,3,60949212,False
vectorized,Add,double,min max mean symmetry,2048,0.001,4,76630755,False
naive,Add,double,min max mean symmetry,2048,0.001,4,60911826,False
vectorized,Add,double,min max mean symmetry,2048,0.001,5,75597351,False
naive,Add,double,min max mean symmetry,2048,0.001,5,61253214,False
vectorized,Add,double,min max mean symmetry,2048,0.001,6,71294693,False
naive,Add,double,min max mean symmetry,2048,0.001,6,61808403,False
vectorized,Add,double,min max mean symmetry,2048,0.001,7,70306265,False
naive,Add,double,min max mean symmetry,2048,0.001,7,61979129,False
vectorized,Add,double,min max mean symmetry,2048,0.001,8,70221673,False
naive,Add,double,min max mean symmetry,2048,0.001,8,62169558,False
vectorized,Add,double,min max mean symmetry,2048,0.001,9,68889728,False
naive,Add,double,min max mean symmetry,2048,0.001,9,61648680,False
vectorized,Add,double,min max mean symmetry,2048,0.01,0,68338172,False
naive,Add,double,min max mean symmetry,2048,0.01,0,61798551,False
vectorized,Add,double,min max mean symmetry,2048,0.01,1,68941965,False
naive,Add,double,min max mean symmetry,2048,0.01,1,62518312,False
vectorized,Add,double,min max mean symmetry,2048,0.01,2,77545199,False
naive,Add,double,min max mean symmetry,2048,0.01,2,63098671,False
vectorized,Add,double,min max mean symmetry,2048,0.01,3,82568883,False
naive,Add,double,min max mean symmetry,2048,0.01,3,63174072,False
vectorized,Add,double,min max mean symmetry,2048,0.01,4,83159275,False
naive,Add,double,min max mean symmetry,2048,0.01,4,62744894,False
vectorized,Add,double,min max mean symmetry,2048,0.01,5,75790832,False
naive,Add,double,min max mean symmetry,2048,0.01,5,63282263,False
vectorized,Add,double,min max mean symmetry,2048,0.01,6,78674283,False
naive,Add,double,min max mean symmetry,2048,0.01,6,63845929,False
vectorized,Add,double,min max mean symmetry,2048,0.01,7,81689627,False
naive,Add,double,min max mean symmetry,2048,0.01,7,63287938,False
vectorized,Add,double,min max mean symmetry,2048,0.01,8,69633023,False
naive,Add,double,min max mean symmetry,2048,0.01,8,62613292,False
vectorized,Add,double,min max mean symmetry,2048,0.01,9,84332707,False
naive,Add,double,min max mean symmetry,2048,0.01,9,62477269,False
vectorized,Add,double,min max mean symmetry,2048,0.05,0,72146658,False
naive,Add,double,min max mean symmetry,2048,0.05,0,64632115,False
vectorized,Add,double,min max mean symmetry,2048,0.05,1,91185845,False
naive,Add,double,min max mean symmetry,2048,0.05,1,67942329,False
vectorized,Add,double,min max mean symmetry,2048,0.05,2,74337336,False
naive,Add,double,min max mean symmetry,2048,0.05,2,68932143,False
vectorized,Add,double,min max mean symmetry,2048,0.05,3,83999823,False
naive,Add,double,min max mean symmetry,2048,0.05,3,68086975,False
vectorized,Add,double,min max mean symmetry,2048,0.05,4,88894418,False
naive,Add,double,min max mean symmetry,2048,0.05,4,68035887,False
vectorized,Add,double,min max mean symmetry,2048,0.05,5,75281382,False
naive,Add,double,min max mean symmetry,2048,0.05,5,71071850,False
vectorized,Add,double,min max mean symmetry,2048,0.05,6,75328351,False
naive,Add,double,min max mean symmetry,2048,0.05,6,67460658,False
vectorized,Add,double,min max mean symmetry,2048,0.05,7,73371239,False
naive,Add,double,min max mean symmetry,2048,0.05,7,67604491,False
vectorized,Add,double,min max mean symmetry,2048,0.05,8,80152965,False
naive,Add,double,min max mean symmetry,2048,0.05,8,71412060,False
vectorized,Add,double,min max mean symmetry,2048,0.05,9,77277114,False
naive,Add,double,min max mean symmetry,2048,0.05,9,68258741,False
vectorized,Add,double,min max mean symmetry,2048,0.1,0,75933801,False
naive,Add,double,min max mean symmetry,2048,0.1,0,69307625,False
vectorized,Add,double,min max mean symmetry,2048,0.1,1,78888489,False
naive,Add,double,min max mean symmetry,2048,0.1,1,73400408,False
vectorized,Add,double,min max mean symmetry,2048,0.1,2,80363444,False
naive,Add,double,min max mean symmetry,2048,0.1,2,80459620,False
vectorized,Add,double,min max mean symmetry,2048,0.1,3,95134368,False
naive,Add,double,min max mean symmetry,2048,0.1,3,73890618,False
vectorized,Add,double,min max mean symmetry,2048,0.1,4,91597354,False
naive,Add,double,min max mean symmetry,2048,0.1,4,77535054,False
vectorized,Add,double,min max mean symmetry,2048,0.1,5,81263377,False
naive,Add,double,min max mean symmetry,2048,0.1,5,79631329,False
vectorized,Add,double,min max mean symmetry,2048,0.1,6,80516697,False
naive,Add,double,min max mean symmetry,2048,0.1,6,73802978,False
vectorized,Add,double,min max mean symmetry,2048,0.1,7,87333638,False
naive,Add,double,min max mean symmetry,2048,0.1,7,77191640,False
vectorized,Add,double,min max mean symmetry,2048,0.1,8,80642039,False
naive,Add,double,min max mean symmetry,2048,0.1,8,79463225,False
vectorized,Add,double,min max mean symmetry,2048,0.1,9,79875609,False
naive,Add,double,min max mean symmetry,2048,0.1,9,73678221,False
vectorized,Add,double,min max mean symmetry,2048,0.2,0,93000927,False
naive,Add,double,min max mean symmetry,2048,0.2,0,77444168,False
vectorized,Add,double,min max mean symmetry,2048,0.2,1,96762318,False
naive,Add,double,min max mean symmetry,2048,0.2,1,77007582,False
vectorized,Add,double,min max mean symmetry,2048,0.2,2,81932521,False
naive,Add,double,min max mean symmetry,2048,0.2,2,79035757,False
vectorized,Add,double,min max mean symmetry,2048,0.2,3,86730964,False
naive,Add,double,min max mean symmetry,2048,0.2,3,80604414,False
vectorized,Add,double,min max mean symmetry,2048,0.2,4,82205900,False
naive,Add,double,min max mean symmetry,2048,0.2,4,75340206,False
vectorized,Add,double,min max mean symmetry,2048,0.2,5,96351840,False
naive,Add,double,min max mean symmetry,2048,0.2,5,76147504,False
vectorized,Add,double,min max mean symmetry,2048,0.2,6,89035580,False
naive,Add,double,min max mean symmetry,2048,0.2,6,76476476,False
vectorized,Add,double,min max mean symmetry,2048,0.2,7,90804075,False
naive,Add,double,min max mean symmetry,2048,0.2,7,76515412,False
vectorized,Add,double,min max mean symmetry,2048,0.2,8,82604481,False
naive,Add,double,min max mean symmetry,2048,0.2,8,75536135,False
vectorized,Add,double,min max mean symmetry,2048,0.2,9,82407149,False
naive,Add,double,min max mean symmetry,2048,0.2,9,79270894,False
vectorized,Add,double,min max mean symmetry,2048,0.25,0,85508014,True
naive,Add,double,min max mean symmetry,2048,0.25,0,79700736,True
vectorized,Add,double,min max mean symmetry,2048,0.25,1,84410850,True
naive,Add,double,min max mean symmetry,2048,0.25,1,74006606,True
vectorized,Add,double,min max mean symmetry,2048,0.25,2,85832985,True
naive,Add,double,min max mean symmetry,2048,0.25,2,76419866,True
vectorized,Add,double,min max mean symmetry,2048,0.25,3,84612143,True
naive,Add,double,min max mean symmetry,2048,0.25,3,74393300,True
vectorized,Add,double,min max mean symmetry,2048,0.25,4,87733497,True
naive,Add,double,min max mean symmetry,2048,0.25,4,77215578,True
vectorized,Add,double,min max mean symmetry,2048,0.25,5,85355554,True
naive,Add,double,min max mean symmetry,2048,0.25,5,76881583,True
vectorized,Add,double,min max mean symmetry,2048,0.25,6,89331718,True
naive,Add,double,min max mean symmetry,2048,0.25,6,74041431,True
vectorized,Add,double,min max mean symmetry,2048,0.25,7,90883348,True
naive,Add,double,min max mean symmetry,2048,0.25,7,73394858,True
vectorized,Add,double,min max mean symmetry,2048,0.25,8,96955855,True
naive,Add,double,min max mean symmetry,2048,0.25,8,74211678,True
vectorized,Add,double,min max mean symmetry,2048,0.25,9,80915126,True
naive,Add,double,min max mean symmetry,2048,0.25,9,76899078,True
vectorized,Add,double,min max mean symmetry,2048,1.0,0,75311599,True
naive,Add,double,min max mean symmetry,2048,1.0,0,61818763,True
vectorized,Add,double,min max mean symmetry,2048,1.0,1,75345095,True
naive,Add,double,min max mean symmetry,2048,1.0,1,62868002,True
vectorized,Add,double,min max mean symmetry,2048,1.0,2,86060093,True
naive,Add,double,min max mean symmetry,2048,1.0,2,62333075,True
vectorized,Add,double,min max mean symmetry,2048,1.0,3,76509016,True
naive,Add,double,min max mean symmetry,2048,1.0,3,61920509,True
vectorized,Add,double,min max mean symmetry,2048,1.0,4,75897456,True
naive,Add,double,min max mean symmetry,2048,1.0,4,62765797,True
vectorized,Add,double,min max mean symmetry,2048,1.0,5,76972155,True
naive,Add,double,min max mean symmetry,2048,1.0,5,61945555,True
vectorized,Add,double,min max mean symmetry,2048,1.0,6,76502788,True
naive,Add,double,min max mean symmetry,2048,1.0,6,63071894,True
vectorized,Add,double,min max mean symmetry,2048,1.0,7,73660796,True
naive,Add,double,min max mean symmetry,2048,1.0,7,64354686,True
vectorized,Add,double,min max mean symmetry,2048,1.0,8,75634769,True
naive,Add,double,min max mean symmetry,2048,1.0,8,62720553,True
vectorized,Add,double,min max mean symmetry,2048,1.0,9,78127407,True
naive,Add,double,min max mean symmetry,2048,1.0,9,62670788,True
vectorized,Add,double,min max mean symmetry,4096,0.001,0,269918353,False
naive,Add,double,min max mean symmetry,4096,0.001,0,268483334,False
vectorized,Add,double,min max mean symmetry,4096,0.001,1,270574013,False
naive,Add,double,min max mean symmetry,4096,0.001,1,269304675,False
vectorized,Add,double,min max mean symmetry,4096,0.001,2,279327602,False
naive,Add,double,min max mean symmetry,4096,0.001,2,267983545,False
vectorized,Add,double,min max mean symmetry,4096,0.001,3,264304606,False
naive,Add,double,min max mean symmetry,4096,0.001,3,268456368,False
vectorized,Add,double,min max mean symmetry,4096,0.001,4,269619579,False
naive,Add,double,min max mean symmetry,4096,0.001,4,267563194,False
vectorized,Add,double,min max mean symmetry,4096,0.001,5,283899842,False
naive,Add,double,min max mean symmetry,4096,0.001,5,270744228,False
vectorized,Add,double,min max mean symmetry,4096,0.001,6,266347251,False
naive,Add,double,min max mean symmetry,4096,0.001,6,272374253,False
vectorized,Add,double,min max mean symmetry,4096,0.001,7,264063930,False
naive,Add,double,min max mean symmetry,4096,0.001,7,270546141,False
vectorized,Add,double,min max mean symmetry,4096,0.001,8,261540043,False
naive,Add,double,min max mean symmetry,4096,0.001,8,270699480,False
vectorized,Add,double,min max mean symmetry,4096,0.001,9,263073966,False
naive,Add,double,min max mean symmetry,4096,0.001,9,269305715,False
vectorized,Add,double,min max mean symmetry,4096,0.01,0,256982863,False
naive,Add,double,min max mean symmetry,4096,0.01,0,270288372,False
vectorized,Add,double,min max mean symmetry,4096,0.01,1,261801117,False
naive,Add,double,min max mean symmetry,4096,0.01,1,274100760,False
vectorized,Add,double,min max mean symmetry,4096,0.01,2,281632213,False
naive,Add,double,min max mean symmetry,4096,0.01,2,280765783,False
vectorized,Add,double,min max mean symmetry,4096,0.01,3,276278985,False
naive,Add,double,min max mean symmetry,4096,0.01,3,276980779,False
vectorized,Add,double,min max mean symmetry,4096,0.01,4,276166423,False
naive,Add,double,min max mean symmetry,4096,0.01,4,276614004,False
vectorized,Add,double,min max mean symmetry,4096,0.01,5,257665990,False
naive,Add,double,min max mean symmetry,4096,0.01,5,274318116,False
vectorized,Add,double,min max mean symmetry,4096,0.01,6,258895010,False
naive,Add,double,min max mean symmetry,4096,0.01,6,273531792,False
vectorized,Add,double,min max mean symmetry,4096,0.01,7,269324550,False
naive,Add,double,min max mean symmetry,4096,0.01,7,282693857,False
vectorized,Add,double,min max mean symmetry,4096,0.01,8,278894845,False
naive,Add,double,min max mean symmetry,4096,0.01,8,282204341,False
vectorized,Add,double,min max mean symmetry,4096,0.01,9,273236157,False
naive,Add,double,min max mean symmetry,4096,0.01,9,273719554,False
vectorized,Add,double,min max mean symmetry,4096,0.05,0,277943355,False
naive,Add,double,min max mean symmetry,4096,0.05,0,292863003,False
vectorized,Add,double,min max mean symmetry,4096,0.05,1,288582580,False
naive,Add,double,min max mean symmetry,4096,0.05,1,294926299,False
vectorized,Add,double,min max mean symmetry,4096,0.05,2,295232866,False
naive,Add,double,min max mean symmetry,4096,0.05,2,296163966,False
vectorized,Add,double,min max mean symmetry,4096,0.05,3,280264273,False
naive,Add,double,min max mean symmetry,4096,0.05,3,295404418,False
vectorized,Add,double,min max mean symmetry,4096,0.05,4,286652654,False
naive,Add,double,min max mean symmetry,4096,0.05,4,297075907,False
vectorized,Add,double,min max mean symmetry,4096,0.05,5,280303785,False
naive,Add,double,min max mean symmetry,4096,0.05,5,295817514,False
vectorized,Add,double,min max mean symmetry,4096,0.05,6,288516374,False
naive,Add,double,min max mean symmetry,4096,0.05,6,294585132,False
vectorized,Add,double,min max mean symmetry,4096,0.05,7,293622906,False
naive,Add,double,min max mean symmetry,4096,0.05,7,297073580,False
vectorized,Add,double,min max mean symmetry,4096,0.05,8,287435345,False
naive,Add,double,min max mean symmetry,4096,0.05,8,306536958,False
vectorized,Add,double,min max mean symmetry,4096,0.05,9,283472268,False
naive,Add,double,min max mean symmetry,4096,0.05,9,294936274,False
vectorized,Add,double,min max mean symmetry,4096,0.1,0,294577383,False
naive,Add,double,min max mean symmetry,4096,0.1,0,305074098,False
vectorized,Add,double,min max mean symmetry,4096,0.1,1,330525362,False
naive,Add,double,min max mean symmetry,4096,0.1,1,329506770,False
vectorized,Add,double,min max mean symmetry,4096,0.1,2,305413132,False
naive,Add,double,min max mean symmetry,4096,0.1,2,327920514,False
vectorized,Add,double,min max mean symmetry,4096,0.1,3,316178468,False
naive,Add,double,min max mean symmetry,4096,0.1,3,319451678,False
vectorized,Add,double,min max mean symmetry,4096,0.1,4,303045447,False
naive,Add,double,min max mean symmetry,4096,0.1,4,317279766,False
vectorized,Add,double,min max mean symmetry,4096,0.1,5,301307089,False
naive,Add,double,min max mean symmetry,4096,0.1,5,319019198,False
vectorized,Add,double,min max mean symmetry,4096,0.1,6,301450385,False
naive,Add,double,min max mean symmetry,4096,0.1,6,326770226,False
vectorized,Add,double,min max mean symmetry,4096,0.1,7,303888086,False
naive,Add,double,min max mean symmetry,4096,0.1,7,317673717,False
vectorized,Add,double,min max mean symmetry,4096,0.1,8,307362360,False
naive,Add,double,min max mean symmetry,4096,0.1,8,317626278,False
vectorized,Add,double,min max mean symmetry,4096,0.1,9,324136544,False
naive,Add,double,min max mean symmetry,4096,0.1,9,318442005,False
vectorized,Add,double,min max mean symmetry,4096,0.2,0,310404484,False
naive,Add,double,min max mean symmetry,4096,0.2,0,330203724,False
vectorized,Add,double,min max mean symmetry,4096,0.2,1,313862384,False
naive,Add,double,min max mean symmetry,4096,0.2,1,326194638,False
vectorized,Add,double,min max mean symmetry,4096,0.2,2,324429728,False
naive,Add,double,min max mean symmetry,4096,0.2,2,333243949,False
vectorized,Add,double,min max mean symmetry,4096,0.2,3,317958927,False
naive,Add,double,min max mean symmetry,4096,0.2,3,340683690,False
vectorized,Add,double,min max mean symmetry,4096,0.2,4,324244380,False
naive,Add,double,min max mean symmetry,4096,0.2,4,328208118,False
vectorized,Add,double,min max mean symmetry,4096,0.2,5,319517736,False
naive,Add,double,min max mean symmetry,4096,0.2,5,325275616,False
vectorized,Add,double,min max mean symmetry,4096,0.2,6,307294860,False
naive,Add,double,min max mean symmetry,4096,0.2,6,325653008,False
vectorized,Add,double,min max mean symmetry,4096,0.2,7,318536590,False
naive,Add,double,min max mean symmetry,4096,0.2,7,327824370,False
vectorized,Add,double,min max mean symmetry,4096,0.2,8,323212700,False
naive,Add,double,min max mean symmetry,4096,0.2,8,338522135,False
vectorized,Add,double,min max mean symmetry,4096,0.2,9,319221277,False
naive,Add,double,min max mean symmetry,4096,0.2,9,328379294,False
vectorized,Add,double,min max mean symmetry,4096,0.25,0,311901009,True
naive,Add,double,min max mean symmetry,4096,0.25,0,325165108,True
vectorized,Add,double,min max mean symmetry,4096,0.25,1,311485136,True
naive,Add,double,min max mean symmetry,4096,0.25,1,318703264,True
vectorized,Add,double,min max mean symmetry,4096,0.25,2,318451049,True
naive,Add,double,min max mean symmetry,4096,0.25,2,317119583,True
vectorized,Add,double,min max mean symmetry,4096,0.25,3,310803745,True
naive,Add,double,min max mean symmetry,4096,0.25,3,329720207,True
vectorized,Add,double,min max mean symmetry,4096,0.25,4,315141051,True
naive,Add,double,min max mean symmetry,4096,0.25,4,331280868,True
vectorized,Add,double,min max mean symmetry,4096,0.25,5,304327544,True
naive,Add,double,min max mean symmetry,4096,0.25,5,317449672,True
vectorized,Add,double,min max mean symmetry,4096,0.25,6,316127118,True
naive,Add,double,min max mean symmetry,4096,0.25,6,316214115,True
vectorized,Add,double,min max mean symmetry,4096,0.25,7,321672675,True
naive,Add,double,min max mean symmetry,4096,0.25,7,316803284,True
vectorized,Add,double,min max mean symmetry,4096,0.25,8,324825780,True
naive,Add,double,min max mean symmetry,4096,0.25,8,317690403,True
vectorized,Add,double,min max mean symmetry,4096,0.25,9,301909954,True
naive,Add,double,min max mean symmetry,4096,0.25,9,318703664,True
vectorized,Add,double,min max mean symmetry,4096,1.0,0,271187760,True
naive,Add,double,min max mean symmetry,4096,1.0,0,270536800,True
vectorized,Add,double,min max mean symmetry,4096,1.0,1,274432985,True
naive,Add,double,min max mean symmetry,4096,1.0,1,269989495,True
vectorized,Add,double,min max mean symmetry,4096,1.0,2,257437942,True
naive,Add,double,min max mean symmetry,4096,1.0,2,271916726,True
vectorized,Add,double,min max mean symmetry,4096,1.0,3,270781754,True
naive,Add,double,min max mean symmetry,4096,1.0,3,271051653,True
vectorized,Add,double,min max mean symmetry,4096,1.0,4,262110304,True
naive,Add,double,min max mean symmetry,4096,1.0,4,269783261,True
vectorized,Add,double,min max mean symmetry,4096,1.0,5,267770092,True
naive,Add,double,min max mean symmetry,4096,1.0,5,270269290,True
vectorized,Add,double,min max mean symmetry,4096,1.0,6,268250064,True
naive,Add,double,min max mean symmetry,4096,1.0,6,272658425,True
vectorized,Add,double,min max mean symmetry,4096,1.0,7,266031200,True
naive,Add,double,min max mean symmetry,4096,1.0,7,271589203,True
vectorized,Add,double,min max mean symmetry,4096,1.0,8,262904951,True
naive,Add,double,min max mean symmetry,4096,1.0,8,270471747,True
vectorized,Add,double,min max mean symmetry,4096,1.0,9,266050692,True
naive,Add,double,min max mean symmetry,4096,1.0,9,271944833,True
vectorized,Add,double,min max,1024,0.001,0,4406915,True
naive,Add,double,min max,1024,0.001,0,44100,True
vectorized,Add,double,min max,1024,0.001,1,4429052,True
naive,Add,double,min max,1024,0.001,1,52511,True
vectorized,Add,double,min max,1024,0.001,2,4427752,True
naive,Add,double,min max,1024,0.001,2,51928,True
vectorized,Add,double,min max,1024,0.001,3,4668492,True
naive,Add,double,min max,1024,0.001,3,52655,True
vectorized,Add,double,min max,1024,0.001,4,4418413,True
naive,Add,double,min max,1024,0.001,4,52637,True
vectorized,Add,double,min max,1024,0.001,5,4434566,True
naive,Add,double,min max,1024,0.001,5,52471,True
vectorized,Add,double,min max,1024,0.001,6,4398377,True
naive,Add,double,min max,1024,0.001,6,53037,True
vectorized,Add,double,min max,1024,0.001,7,4420605,True
naive,Add,double,min max,1024,0.001,7,55924,True
vectorized,Add,double,min max,1024,0.001,8,4414572,True
naive,Add,double,min max,1024,0.001,8,51353,True
vectorized,Add,double,min max,1024,0.001,9,4455851,True
naive,Add,double,min max,1024,0.001,9,53030,True
vectorized,Add,double,min max,1024,0.01,0,4534938,True
naive,Add,double,min max,1024,0.01,0,160166,True
vectorized,Add,double,min max,1024,0.01,1,4799082,True
naive,Add,double,min max,1024,0.01,1,297977,True
vectorized,Add,double,min max,1024,0.01,2,4634705,True
naive,Add,double,min max,1024,0.01,2,297069,True
vectorized,Add,double,min max,1024,0.01,3,4632970,True
naive,Add,double,min max,1024,0.01,3,297196,True
vectorized,Add,double,min max,1024,0.01,4,4600329,True
naive,Add,double,min max,1024,0.01,4,295650,True
vectorized,Add,double,min max,1024,0.01,5,4631122,True
naive,Add,double,min max,1024,0.01,5,299056,True
vectorized,Add,double,min max,1024,0.01,6,4615954,True
naive,Add,double,min max,1024,0.01,6,300536,True
vectorized,Add,double,min max,1024,0.01,7,4616211,True
naive,Add,double,min max,1024,0.01,7,301181,True
vectorized,Add,double,min max,1024,0.01,8,4151625,True
naive,Add,double,min max,1024,0.01,8,297541,True
vectorized,Add,double,min max,1024,0.01,9,4600486,True
naive,Add,double,min max,1024,0.01,9,297597,True
vectorized,Add,double,min max,1024,0.05,0,4902760,True
naive,Add,double,min max,1024,0.05,0,701802,True
vectorized,Add,double,min max,1024,0.05,1,5337708,True
naive,Add,double,min max,1024,0.05,1,1484575,True
vectorized,Add,double,min max,1024,0.05,2,5410484,True
naive,Add,double,min max,1024,0.05,2,1499626,True
vectorized,Add,double,min max,1024,0.05,3,5421137,True
naive,Add,double,min max,1024,0.05,3,1460101,True
vectorized,Add,double,min max,1024,0.05,4,5423100,True
naive,Add,double,min max,1024,0.05,4,1510514,True
vectorized,Add,double,min max,1024,0.05,5,5379935,True
naive,Add,double,min max,1024,0.05,5,1529403,True
vectorized,Add,double,min max,1024,0.05,6,5374104,True
naive,Add,double,min max,1024,0.05,6,1464483,True
vectorized,Add,double,min max,1024,0.05,7,5354504,True
naive,Add,double,min max,1024,0.05,7,1481581,True
vectorized,Add,double,min max,1024,0.05,8,5345190,True
naive,Add,double,min max,1024,0.05,8,1504181,True
vectorized,Add,double,min max,1024,0.05,9,5381626,True
naive,Add,double,min max,1024,0.05,9,1472609,True
vectorized,Add,double,min max,1024,0.1,0,5205852,True
naive,Add,double,min max,1024,0.1,0,1367560,True
vectorized,Add,double,min max,1024,0.1,1,6352513,True
naive,Add,double,min max,1024,0.1,1,2940141,True
vectorized,Add,double,min max,1024,0.1,2,6224658,True
naive,Add,double,min max,1024,0.1,2,2892434,True
vectorized,Add,double,min max,1024,0.1,3,6336723,True
naive,Add,double,min max,1024,0.1,3,2993391,True
vectorized,Add,double,min max,1024,0.1,4,6240290,True
naive,Add,double,min max,1024,0.1,4,2932647,True
vectorized,Add,double,min max,1024,0.1,5,6206454,True
naive,Add,double,min max,1024,0.1,5,2889979,True
vectorized,Add,double,min max,1024,0.1,6,6165845,True
naive,Add,double,min max,1024,0.1,6,2916994,True
vectorized,Add,double,min max,1024,0.1,7,6200018,True
naive,Add,double,min max,1024,0.1,7,2878759,True
vectorized,Add,double,min max,1024,0.1,8,6245259,True
naive,Add,double,min max,1024,0.1,8,2908814,True
vectorized,Add,double,min max,1024,0.1,9,6249056,True
naive,Add,double,min max,1024,0.1,9,2917417,True
vectorized,Add,double,min max,1024,0.2,0,8724443,False
naive,Add,double,min max,1024,0.2,0,4736136,False
vectorized,Add,double,min max,1024,0.2,1,9061584,False
naive,Add,double,min max,1024,0.2,1,4600309,False
vectorized,Add,double,min max,1024,0.2,2,8934254,False
naive,Add,double,min max,1024,0.2,2,4642504,False
vectorized,Add,double,min max,1024,0.2,3,8263561,False
naive,Add,double,min max,1024,0.2,3,4742725,False
vectorized,Add,double,min max,1024,0.2,4,8826499,False
naive,Add,double,min max,1024,0.2,4,4819895,False
vectorized,Add,double,min max,1024,0.2,5,8722452,False
naive,Add,double,min max,1024,0.2,5,4642673,False
vectorized,Add,double,min max,1024,0.2,6,8660542,False
naive,Add,double,min max,1024,0.2,6,4670866,False
vectorized,Add,double,min max,1024,0.2,7,8347458,False
naive,Add,double,min max,1024,0.2,7,4610985,False
vectorized,Add,double,min max,1024,0.2,8,8254239,False
naive,Add,double,min max,1024,0.2,8,4644494,False
vectorized,Add,double,min max,1024,0.2,9,8707403,False
naive,Add,double,min max,1024,0.2,9,4768568,False
vectorized,Add,double,min max,1024,0.25,0,9109474,True
naive,Add,double,min max,1024,0.25,0,5224363,True
vectorized,Add,double,min max,1024,0.25,1,8369629,True
naive,Add,double,min max,1024,0.25,1,4898293,True
vectorized,Add,double,min max,1024,0.25,2,9302743,True
naive,Add,double,min max,1024,0.25,2,4624157,True
vectorized,Add,double,min max,1024,0.25,3,8557022,True
naive,Add,double,min max,1024,0.25,3,4570949,True
vectorized,Add,double,min max,1024,0.25,4,9466195,True
naive,Add,double,min max,1024,0.25,4,4613865,True
vectorized,Add,double,min max,1024,0.25,5,8337177,True
naive,Add,double,min max,1024,0.25,5,4706923,True
vectorized,Add,double,min max,1024,0.25,6,8892531,True
naive,Add,double,min max,1024,0.25,6,4604953,True
vectorized,Add,double,min max,1024,0.25,7,8974787,True
naive,Add,double,min max,1024,0.25,7,4623829,True
vectorized,Add,double,min max,1024,0.25,8,8347156,True
naive,Add,double,min max,1024,0.25,8,4600593,True
vectorized,Add,double,min max,1024,0.25,9,7959226,True
naive,Add,double,min max,1024,0.25,9,4824429,True
vectorized,Add,double,min max,1024,1.0,0,7834365,True
naive,Add,double,min max,1024,1.0,0,5991925,True
vectorized,Add,double,min max,1024,1.0,1,7406886,True
naive,Add,double,min max,1024,1.0,1,5963851,True
vectorized,Add,double,min max,1024,1.0,2,7341124,True
naive,Add,double,min max,1024,1.0,2,5954412,True
vectorized,Add,double,min max,1024,1.0,3,7696388,True
naive,Add,double,min max,1024,1.0,3,6255432,True
vectorized,Add,double,min max,1024,1.0,4,7838770,True
naive,Add,double,min max,1024,1.0,4,5990963,True
vectorized,Add,double,min max,1024,1.0,5,7508447,True
naive,Add,double,min max,1024,1.0,5,6016646,True
vectorized,Add,double,min max,1024,1.0,6,7428945,True
naive,Add,double,min max,1024,1.0,6,6007036,True
vectorized,Add,double,min max,1024,1.0,7,7746166,True
naive,Add,double,min max,1024,1.0,7,5944695,True
vectorized,Add,double,min max,1024,1.0,8,7857600,True
naive,Add,double,min max,1024,1.0,8,6041953,True
vectorized,Add,double,min max,1024,1.0,9,7117383,True
naive,Add,double,min max,1024,1.0,9,6133652,True
vectorized,Add,double,min max,2048,0.001,0,5256271,True
naive,Add,double,min max,2048,0.001,0,108559,True
vectorized,Add,double,min max,2048,0.001,1,4675466,True
naive,Add,double,min max,2048,0.001,1,151628,True
vectorized,Add,double,min max,2048,0.001,2,5326153,True
naive,Add,double,min max,2048,0.001,2,160240,True
vectorized,Add,double,min max,2048,0.001,3,5316244,True
naive,Add,double,min max,2048,0.001,3,152666,True
vectorized,Add,double,min max,2048,0.001,4,5302252,True
naive,Add,double,min max,2048,0.001,4,156296,True
vectorized,Add,double,min max,2048,0.001,5,5353975,True
naive,Add,double,min max,2048,0.001,5,151796,True
vectorized,Add,double,min max,2048,0.001,6,5287760,True
naive,Add,double,min max,2048,0.001,6,152108,True
vectorized,Add,double,min max,2048,0.001,7,5287724,True
naive,Add,double,min max,2048,0.001,7,128374,True
vectorized,Add,double,min max,2048,0.001,8,5297861,True
naive,Add,double,min max,2048,0.001,8,158342,True
vectorized,Add,double,min max,2048,0.001,9,5341832,True
naive,Add,double,min max,2048,0.001,9,158576,True
vectorized,Add,double,min max,2048,0.01,0,5607998,True
naive,Add,double,min max,2048,0.01,0,587574,True
vectorized,Add,double,min max,2048,0.01,1,5942574,True
naive,Add,double,min max,2048,0.01,1,1205348,True
vectorized,Add,double,min max,2048,0.01,2,5936186,True
naive,Add,double,min max,2048,0.01,2,1240028,True
vectorized,Add,double,min max,2048,0.01,3,5980696,True
naive,Add,double,min max,2048,0.01,3,1196524,True
vectorized,Add,double,min max,2048,0.01,4,5959304,True
naive,Add,double,min max,2048,0.01,4,1232701,True
vectorized,Add,double,min max,2048,0.01,5,6018096,True
naive,Add,double,min max,2048,0.01,5,1245285,True
vectorized,Add,double,min max,2048,0.01,6,5949764,True
naive,Add,double,min max,2048,0.01,6,1208715,True
vectorized,Add,double,min max,2048,0.01,7,5955626,True
naive,Add,double,min max,2048,0.01,7,1228221,True
vectorized,Add,double,min max,2048,0.01,8,5607746,True
naive,Add,double,min max,2048,0.01,8,1202030,True
vectorized,Add,double,min max,2048,0.01,9,5939258,True
naive,Add,double,min max,2048,0.01,9,1199197,True
vectorized,Add,double,min max,2048,0.05,0,7514954,True
naive,Add,double,min max,2048,0.05,0,1839502,True
vectorized,Add,double,min max,2048,0.05,1,9690864,True
naive,Add,double,min max,2048,0.05,1,4495905,True
vectorized,Add,double,min max,2048,0.05,2,9317416,True
naive,Add,double,min max,2048,0.05,2,5140637,True
vectorized,Add,double,min max,2048,0.05,3,8950765,True
naive,Add,double,min max,2048,0.05,3,4595612,True
vectorized,Add,double,min max,2048,0.05,4,9438443,True
naive,Add,double,min max,2048,0.05,4,5157672,True
vectorized,Add,double,min max,2048,0.05,5,9628035,True
naive,Add,double,min max,2048,0.05,5,4393116,True
vectorized,Add,double,min max,2048,0.05,6,9214208,True
naive,Add,double,min max,2048,0.05,6,5066672,True
vectorized,Add,double,min max,2048,0.05,7,9505496,True
naive,Add,double,min max,2048,0.05,7,4743356,True
vectorized,Add,double,min max,2048,0.05,8,9451652,True
naive,Add,double,min max,2048,0.05,8,4398360,True
vectorized,Add,double,min max,2048,0.05,9,8921749,True
naive,Add,double,min max,2048,0.05,9,4630571,True
vectorized,Add,double,min max,2048,0.1,0,8558445,True
naive,Add,double,min max,2048,0.1,0,3574431,True
vectorized,Add,double,min max,2048,0.1,1,11728515,True
naive,Add,double,min max,2048,0.1,1,8883385,True
vectorized,Add,double,min max,2048,0.1,2,12650502,True
naive,Add,double,min max,2048,0.1,2,9010474,True
vectorized,Add,double,min max,2048,0.1,3,12367118,True
naive,Add,double,min max,2048,0.1,3,8577380,True
vectorized,Add,double,min max,2048,0.1,4,12255768,True
naive,Add,double,min max,2048,0.1,4,9160165,True
vectorized,Add,double,min max,2048,0.1,5,12776040,True
naive,Add,double,min max,2048,0.1,5,8743251,True
vectorized,Add,double,min max,2048,0.1,6,12298893,True
naive,Add,double,min max,2048,0.1,6,8537920,True
vectorized,Add,double,min max,2048,0.1,7,11937077,True
naive,Add,double,min max,2048,0.1,7,8976587,True
vectorized,Add,double,min max,2048,0.1,8,13030042,True
naive,Add,double,min max,2048,0.1,8,8821926,True
vectorized,Add,double,min max,2048,0.1,9,11941180,True
naive,Add,double,min max,2048,0.1,9,9027864,True
vectorized,Add,double,min max,2048,0.2,0,20568346,False
naive,Add,double,min max,2048,0.2,0,20294864,False
vectorized,Add,double,min max,2048,0.2,1,18320648,False
naive,Add,double,min max,2048,0.2,1,20237340,False
vectorized,Add,double,min max,2048,0.2,2,17830510,False
naive,Add,double,min max,2048,0.2,2,20260011,False
vectorized,Add,double,min max,2048,0.2,3,20986873,False
naive,Add,double,min max,2048,0.2,3,20345236,False
vectorized,Add,double,min max,2048,0.2,4,18767270,False
naive,Add,double,min max,2048,0.2,4,20221934,False
vectorized,Add,double,min max,2048,0.2,5,20183456,False
naive,Add,double,min max,2048,0.2,5,19196623,False
vectorized,Add,double,min max,2048,0.2,6,20234497,False
naive,Add,double,min max,2048,0.2,6,20222164,False
vectorized,Add,double,min max,2048,0.2,7,19040149,False
naive,Add,double,min max,2048,0.2,7,19588602,False
vectorized,Add,double,min max,2048,0.2,8,18465547,False
naive,Add,double,min max,2048,0.2,8,19254493,False
vectorized,Add,double,min max,2048,0.2,9,18426003,False
naive,Add,double,min max,2048,0.2,9,19212793,False
vectorized,Add,double,min max,2048,0.25,0,19058345,True
naive,Add,double,min max,2048,0.25,0,21691968,True
vectorized,Add,double,min max,2048,0.25,1,20519650,True
naive,Add,double,min max,2048,0.25,1,20305735,True
vectorized,Add,double,min max,2048,0.25,2,17488028,True
naive,Add,double,min max,2048,0.25,2,20253993,True
vectorized,Add,double,min max,2048,0.25,3,19630723,True
naive,Add,double,min max,2048,0.25,3,20178217,True
vectorized,Add,double,min max,2048,0.25,4,19447291,True
naive,Add,double,min max,2048,0.25,4,20329171,True
vectorized,Add,double,min max,2048,0.25,5,18106179,True
naive,Add,double,min max,2048,0.25,5,20177583,True
vectorized,Add,double,min max,2048,0.25,6,19217117,True
naive,Add,double,min max,2048,0.25,6,19239120,True
vectorized,Add,double,min max,2048,0.25,7,20290460,True
naive,Add,double,min max,2048,0.25,7,20373429,True
vectorized,Add,double,min max,2048,0.25,8,20324093,True
naive,Add,double,min max,2048,0.25,8,20314065,True
vectorized,Add,double,min max,2048,0.25,9,18278987,True
naive,Add,double,min max,2048,0.25,9,20187519,True
vectorized,Add,double,min max,2048,1.0,0,20320951,True
naive,Add,double,min max,2048,1.0,0,19363099,True
vectorized,Add,double,min max,2048,1.0,1,19609201,True
naive,Add,double,min max,2048,1.0,1,19296801,True
vectorized,Add,double,min max,2048,1.0,2,19736009,True
naive,Add,double,min max,2048,1.0,2,19338383,True
vectorized,Add,double,min max,2048,1.0,3,20087812,True
naive,Add,double,min max,2048,1.0,3,19377370,True
vectorized,Add,double,min max,2048,1.0,4,20027989,True
naive,Add,double,min max,2048,1.0,4,22256911,True
vectorized,Add,double,min max,2048,1.0,5,18557374,True
naive,Add,double,min max,2048,1.0,5,19391502,True
vectorized,Add,double,min max,2048,1.0,6,20634447,True
naive,Add,double,min max,2048,1.0,6,20282053,True
vectorized,Add,double,min max,2048,1.0,7,17833501,True
naive,Add,double,min max,2048,1.0,7,20911038,True
vectorized,Add,double,min max,2048,1.0,8,20915909,True
naive,Add,double,min max,2048,1.0,8,19450720,True
vectorized,Add,double,min max,2048,1.0,9,20610981,True
naive,Add,double,min max,2048,1.0,9,20278736,True
vectorized,Add,double,min max,4096,0.001,0,10624882,True
naive,Add,double,min max,4096,0.001,0,311666,True
vectorized,Add,double,min max,4096,0.001,1,10709266,True
naive,Add,double,min max,4096,0.001,1,523858,True
vectorized,Add,double,min max,4096,0.001,2,10739932,True
naive,Add,double,min max,4096,0.001,2,522043,True
vectorized,Add,double,min max,4096,0.001,3,10729393,True
naive,Add,double,min max,4096,0.001,3,521456,True
vectorized,Add,double,min max,4096,0.001,4,10748856,True
naive,Add,double,min max,4096,0.001,4,522916,True
vectorized,Add,double,min max,4096,0.001,5,10735023,True
naive,Add,double,min max,4096,0.001,5,521787,True
vectorized,Add,double,min max,4096,0.001,6,10744479,True
naive,Add,double,min max,4096,0.001,6,517879,True
vectorized,Add,double,min max,4096,0.001,7,8864416,True
naive,Add,double,min max,4096,0.001,7,516002,True
vectorized,Add,double,min max,4096,0.001,8,10782358,True
naive,Add,double,min max,4096,0.001,8,521032,True
vectorized,Add,double,min max,4096,0.001,9,10723986,True
naive,Add,double,min max,4096,0.001,9,518339,True
vectorized,Add,double,min max,4096,0.01,0,11656569,True
naive,Add,double,min max,4096,0.01,0,1482764,True
vectorized,Add,double,min max,4096,0.01,1,13116663,True
naive,Add,double,min max,4096,0.01,1,4788906,True
vectorized,Add,double,min max,4096,0.01,2,12773928,True
naive,Add,double,min max,4096,0.01,2,4770777,True
vectorized,Add,double,min max,4096,0.01,3,12703998,True
naive,Add,double,min max,4096,0.01,3,5043266,True
vectorized,Add,double,min max,4096,0.01,4,12609739,True
naive,Add,double,min max,4096,0.01,4,4772807,True
vectorized,Add,double,min max,4096,0.01,5,12425351,True
naive,Add,double,min max,4096,0.01,5,4009878,True
vectorized,Add,double,min max,4096,0.01,6,12454530,True
naive,Add,double,min max,4096,0.01,6,3560632,True
vectorized,Add,double,min max,4096,0.01,7,12727835,True
naive,Add,double,min max,4096,0.01,7,4765141,True
vectorized,Add,double,min max,4096,0.01,8,12541888,True
naive,Add,double,min max,4096,0.01,8,3820660,True
vectorized,Add,double,min max,4096,0.01,9,12997810,True
naive,Add,double,min max,4096,0.01,9,4784354,True
vectorized,Add,double,min max,4096,0.05,0,15762903,True
naive,Add,double,min max,4096,0.05,0,6967427,True
vectorized,Add,double,min max,4096,0.05,1,22819889,True
naive,Add,double,min max,4096,0.05,1,18433874,True
vectorized,Add,double,min max,4096,0.05,2,22488379,True
naive,Add,double,min max,4096,0.05,2,19019495,True
vectorized,Add,double,min max,4096,0.05,3,22723432,True
naive,Add,double,min max,4096,0.05,3,18280032,True
vectorized,Add,double,min max,4096,0.05,4,22843323,True
naive,Add,double,min max,4096,0.05,4,18492426,True
vectorized,Add,double,min max,4096,0.05,5,21947089,True
naive,Add,double,min max,4096,0.05,5,18488849,True
vectorized,Add,double,min max,4096,0.05,6,22850654,True
naive,Add,double,min max,4096,0.05,6,18330607,True
vectorized,Add,double,min max,4096,0.05,7,23094713,True
naive,Add,double,min max,4096,0.05,7,18386512,True
vectorized,Add,double,min max,4096,0.05,8,22316106,True
naive,Add,double,min max,4096,0.05,8,18137410,True
vectorized,Add,double,min max,4096,0.05,9,21696651,True
naive,Add,double,min max,4096,0.05,9,18307636,True
vectorized,Add,double,min max,4096,0.1,0,19136355,True
naive,Add,double,min max,4096,0.1,0,14490787,True
vectorized,Add,double,min max,4096,0.1,1,31853745,True
naive,Add,double,min max,4096,0.1,1,36544255,True
vectorized,Add,double,min max,4096,0.1,2,32019516,True
naive,Add,double,min max,4096,0.1,2,36689439,True
vectorized,Add,double,min max,4096,0.1,3,35619241,True
naive,Add,double,min max,4096,0.1,3,37237115,True
vectorized,Add,double,min max,4096,0.1,4,33969765,True
naive,Add,double,min max,4096,0.1,4,36679964,True
vectorized,Add,double,min max,4096,0.1,5,32919273,True
naive,Add,double,min max,4096,0.1,5,38021277,True
vectorized,Add,double,min max,4096,0.1,6,33046424,True
naive,Add,double,min max,4096,0.1,6,34993518,True
vectorized,Add,double,min max,4096,0.1,7,32932861,True
naive,Add,double,min max,4096,0.1,7,35024658,True
vectorized,Add,double,min max,4096,0.1,8,31928192,True
naive,Add,double,min max,4096,0.1,8,35980698,True
vectorized,Add,double,min max,4096,0.1,9,34310368,True
naive,Add,double,min max,4096,0.1,9,35732075,True
vectorized,Add,double,min max,4096,0.2,0,54488165,False
naive,Add,double,min max,4096,0.2,0,81412703,False
vectorized,Add,double,min max,4096,0.2,1,52637142,False
naive,Add,double,min max,4096,0.2,1,81413099,False
vectorized,Add,double,min max,4096,0.2,2,54678324,False
naive,Add,double,min max,4096,0.2,2,82399679,False
vectorized,Add,double,min max,4096,0.2,3,52410002,False
naive,Add,double,min max,4096,0.2,3,81710690,False
vectorized,Add,double,min max,4096,0.2,4,57009013,False
naive,Add,double,min max,4096,0.2,4,82029059,False
vectorized,Add,double,min max,4096,0.2,5,64452341,False
naive,Add,double,min max,4096,0.2,5,81473730,False
vectorized,Add,double,min max,4096,0.2,6,63861469,False
naive,Add,double,min max,4096,0.2,6,90429197,False
vectorized,Add,double,min max,4096,0.2,7,59231925,False
naive,Add,double,min max,4096,0.2,7,81208872,False
vectorized,Add,double,min max,4096,0.2,8,57291227,False
naive,Add,double,min max,4096,0.2,8,81148823,False
vectorized,Add,double,min max,4096,0.2,9,59521032,False
naive,Add,double,min max,4096,0.2,9,81140046,False
vectorized,Add,double,min max,4096,0.25,0,58040161,True
naive,Add,double,min max,4096,0.25,0,81426504,True
vectorized,Add,double,min max,4096,0.25,1,51611350,True
naive,Add,double,min max,4096,0.25,1,80949062,True
vectorized,Add,double,min max,4096,0.25,2,54275643,True
naive,Add,double,min max,4096,0.25,2,82808938,True
vectorized,Add,double,min max,4096,0.25,3,50984532,True
naive,Add,double,min max,4096,0.25,3,81465134,True
vectorized,Add,double,min max,4096,0.25,4,58109948,True
naive,Add,double,min max,4096,0.25,4,81541711,True
vectorized,Add,double,min max,4096,0.25,5,64222821,True
naive,Add,double,min max,4096,0.25,5,82057090,True
vectorized,Add,double,min max,4096,0.25,6,63570990,True
naive,Add,double,min max,4096,0.25,6,83173758,True
vectorized,Add,double,min max,4096,0.25,7,64494769,True
naive,Add,double,min max,4096,0.25,7,81468252,True
vectorized,Add,double,min max,4096,0.25,8,52385824,True
naive,Add,double,min max,4096,0.25,8,81362431,True
vectorized,Add,double,min max,4096,0.25,9,60166354,True
naive,Add,double,min max,4096,0.25,9,81640477,True
vectorized,Add,double,min max,4096,1.0,0,55077933,True
naive,Add,double,min max,4096,1.0,0,81539873,True
vectorized,Add,double,min max,4096,1.0,1,61159878,True
naive,Add,double,min max,4096,1.0,1,79311095,True
vectorized,Add,double,min max,4096,1.0,2,60196170,True
naive,Add,double,min max,4096,1.0,2,80495700,True
vectorized,Add,double,min max,4096,1.0,3,50239784,True
naive,Add,double,min max,4096,1.0,3,81096218,True
vectorized,Add,double,min max,4096,1.0,4,54987692,True
naive,Add,double,min max,4096,1.0,4,79647020,True
vectorized,Add,double,min max,4096,1.0,5,56438306,True
naive,Add,double,min max,4096,1.0,5,81292784,True
vectorized,Add,double,min max,4096,1.0,6,63762303,True
naive,Add,double,min max,4096,1.0,6,79797738,True
vectorized,Add,double,min max,4096,1.0,7,55452561,True
naive,Add,double,min max,4096,1.0,7,81152571,True
vectorized,Add,double,min max,4096,1.0,8,56387329,True
naive,Add,double,min max,4096,1.0,8,81202008,True
vectorized,Add,double,min max,4096,1.0,9,50972161,True
naive,Add,double,min max,4096,1.0,9,81506351,True
vectorized,Mul,double,,1024,0.001,0,68,True
naive,Mul,double,,1024,0.001,0,31864,True
vectorized,Mul,double,,1024,0.001,1,66,True
naive,Mul,double,,1024,0.001,1,33626,True
vectorized,Mul,double,,1024,0.001,2,67,True
naive,Mul,double,,1024,0.001,2,33029,True
vectorized,Mul,double,,1024,0.001,3,69,True
naive,Mul,double,,1024,0.001,3,33251,True
vectorized,Mul,double,,1024,0.001,4,69,True
naive,Mul,double,,1024,0.001,4,32957,True
vectorized,Mul,double,,1024,0.001,5,70,True
naive,Mul,double,,1024,0.001,5,33135,True
vectorized,Mul,double,,1024,0.001,6,88,True
naive,Mul,double,,1024,0.001,6,32019,True
vectorized,Mul,double,,1024,0.001,7,72,True
naive,Mul,double,,1024,0.001,7,32559,True
vectorized,Mul,double,,1024,0.001,8,72,True
naive,Mul,double,,1024,0.001,8,33306,True
vectorized,Mul,double,,1024,0.001,9,69,True
naive,Mul,double,,1024,0.001,9,33326,True
vectorized,Mul,double,,1024,0.01,0,83,True
naive,Mul,double,,1024,0.01,0,117882,True
vectorized,Mul,double,,1024,0.01,1,68,True
naive,Mul,double,,1024,0.01,1,132994,True
vectorized,Mul,double,,1024,0.01,2,74,True
naive,Mul,double,,1024,0.01,2,131992,True
vectorized,Mul,double,,1024,0.01,3,64,True
naive,Mul,double,,1024,0.01,3,132557,True
vectorized,Mul,double,,1024,0.01,4,81,True
naive,Mul,double,,1024,0.01,4,128942,True
vectorized,Mul,double,,1024,0.01,5,72,True
naive,Mul,double,,1024,0.01,5,131069,True
vectorized,Mul,double,,1024,0.01,6,67,True
naive,Mul,double,,1024,0.01,6,130127,True
vectorized,Mul,double,,1024,0.01,7,66,True
naive,Mul,double,,1024,0.01,7,128946,True
vectorized,Mul,double,,1024,0.01,8,132,True
naive,Mul,double,,1024,0.01,8,128798,True
vectorized,Mul,double,,1024,0.01,9,77,True
naive,Mul,double,,1024,0.01,9,132102,True
vectorized,Mul,double,,1024,0.05,0,72,True
naive,Mul,double,,1024,0.05,0,433461,True
vectorized,Mul,double,,1024,0.05,1,69,True
naive,Mul,double,,1024,0.05,1,577723,True
vectorized,Mul,double,,1024,0.05,2,74,True
naive,Mul,double,,1024,0.05,2,559432,True
vectorized,Mul,double,,1024,0.05,3,67,True
naive,Mul,double,,1024,0.05,3,591677,True
vectorized,Mul,double,,1024,0.05,4,74,True
naive,Mul,double,,1024,0.05,4,601222,True
vectorized,Mul,double,,1024,0.05,5,74,True
naive,Mul,double,,1024,0.05,5,601301,True
vectorized,Mul,double,,1024,0.05,6,76,True
naive,Mul,double,,1024,0.05,6,558029,True
vectorized,Mul,double,,1024,0.05,7,68,True
naive,Mul,double,,1024,0.05,7,593823,True
vectorized,Mul,double,,1024,0.05,8,106,True
naive,Mul,double,,1024,0.05,8,609388,True
vectorized,Mul,double,,1024,0.05,9,66,True
naive,Mul,double,,1024,0.05,9,601768,True
vectorized,Mul,double,,1024,0.1,0,70,True
naive,Mul,double,,1024,0.1,0,985365,True
vectorized,Mul,double,,1024,0.1,1,76,True
naive,Mul,double,,1024,0.1,1,1313322,True
vectorized,Mul,double,,1024,0.1,2,82,True
naive,Mul,double,,1024,0.1,2,1314544,True
vectorized,Mul,double,,1024,0.1,3,75,True
naive,Mul,double,,1024,0.1,3,1305054,True
vectorized,Mul,double,,1024,0.1,4,78,True
naive,Mul,double,,1024,0.1,4,1337840,True
vectorized,Mul,double,,1024,0.1,5,75,True
naive,Mul,double,,1024,0.1,5,1339629,True
vectorized,Mul,double,,1024,0.1,6,81,True
naive,Mul,double,,1024,0.1,6,1326963,True
vectorized,Mul,double,,1024,0.1,7,73,True
naive,Mul,double,,1024,0.1,7,1310702,True
vectorized,Mul,double,,1024,0.1,8,88,True
naive,Mul,double,,1024,0.1,8,1323663,True
vectorized,Mul,double,,1024,0.1,9,114,True
naive,Mul,double,,1024,0.1,9,1334023,True
vectorized,Mul,double,,1024,0.2,0,104,True
naive,Mul,double,,1024,0.2,0,1400009,True
vectorized,Mul,double,,1024,0.2,1,78,True
naive,Mul,double,,1024,0.2,1,2233506,True
vectorized,Mul,double,,1024,0.2,2,69,True
naive,Mul,double,,1024,0.2,2,2240446,True
vectorized,Mul,double,,1024,0.2,3,72,True
naive,Mul,double,,1024,0.2,3,2259627,True
vectorized,Mul,double,,1024,0.2,4,80,True
naive,Mul,double,,1024,0.2,4,2237531,True
vectorized,Mul,double,,1024,0.2,5,57,True
naive,Mul,double,,1024,0.2,5,2238185,True
vectorized,Mul,double,,1024,0.2,6,72,True
naive,Mul,double,,1024,0.2,6,2265213,True
vectorized,Mul,double,,1024,0.2,7,61,True
naive,Mul,double,,1024,0.2,7,2265745,True
vectorized,Mul,double,,1024,0.2,8,83,True
naive,Mul,double,,1024,0.2,8,2222013,True
vectorized,Mul,double,,1024,0.2,9,73,True
naive,Mul,double,,1024,0.2,9,2312754,True
vectorized,Mul,double,,1024,0.25,0,49,False
naive,Mul,double,,1024,0.25,0,3571596,False
vectorized,Mul,double,,1024,0.25,1,56,False
naive,Mul,double,,1024,0.25,1,3678267,False
vectorized,Mul,double,,1024,0.25,2,68,False
naive,Mul,double,,1024,0.25,2,3550392,False
vectorized,Mul,double,,1024,0.25,3,71,False
naive,Mul,double,,1024,0.25,3,4056495,False
vectorized,Mul,double,,1024,0.25,4,64,False
naive,Mul,double,,1024,0.25,4,3555111,False
vectorized,Mul,double,,1024,0.25,5,57,False
naive,Mul,double,,1024,0.25,5,3576554,False
vectorized,Mul,double,,1024,0.25,6,71,False
naive,Mul,double,,1024,0.25,6,3746031,False
vectorized,Mul,double,,1024,0.25,7,63,False
naive,Mul,double,,1024,0.25,7,3563924,False
vectorized,Mul,double,,1024,0.25,8,134,False
naive,Mul,double,,1024,0.25,8,3550655,False
vectorized,Mul,double,,1024,0.25,9,101,False
naive,Mul,double,,1024,0.25,9,3541783,False
vectorized,Mul,double,,1024,1.0,0,68,True
naive,Mul,double,,1024,1.0,0,4860895,True
vectorized,Mul,double,,1024,1.0,1,69,True
naive,Mul,double,,1024,1.0,1,4875608,True
vectorized,Mul,double,,1024,1.0,2,82,True
naive,Mul,double,,1024,1.0,2,4902679,True
vectorized,Mul,double,,1024,1.0,3,66,True
naive,Mul,double,,1024,1.0,3,4898574,True
vectorized,Mul,double,,1024,1.0,4,76,True
naive,Mul,double,,1024,1.0,4,4915352,True
vectorized,Mul,double,,1024,1.0,5,68,True
naive,Mul,double,,1024,1.0,5,4884417,True
vectorized,Mul,double,,1024,1.0,6,66,True
naive,Mul,double,,1024,1.0,6,4867349,True
vectorized,Mul,double,,1024,1.0,7,72,True
naive,Mul,double,,1024,1.0,7,4886038,True
vectorized,Mul,double,,1024,1.0,8,80,True
naive,Mul,double,,1024,1.0,8,4896352,True
vectorized,Mul,double,,1024,1.0,9,68,True
naive,Mul,double,,1024,1.0,9,4863489,True
vectorized,Mul,double,,2048,0.001,0,81,True
naive,Mul,double,,2048,0.001,0,58725,True
vectorized,Mul,double,,2048,0.001,1,64,True
naive,Mul,double,,2048,0.001,1,75139,True
vectorized,Mul,double,,2048,0.001,2,70,True
naive,Mul,double,,2048,0.001,2,74265,True
vectorized,Mul,double,,2048,0.001,3,74,True
naive,Mul,double,,2048,0.001,3,76572,True
vectorized,Mul,double,,2048,0.001,4,77,True
naive,Mul,double,,2048,0.001,4,72186,True
vectorized,Mul,double,,2048,0.001,5,64,True
naive,Mul,double,,2048,0.001,5,71926,True
vectorized,Mul,double,,2048,0.001,6,89,True
naive,Mul,double,,2048,0.001,6,64125,True
vectorized,Mul,double,,2048,0.001,7,68,True
naive,Mul,double,,2048,0.001,7,78186,True
vectorized,Mul,double,,2048,0.001,8,65,True
naive,Mul,double,,2048,0.001,8,73198,True
vectorized,Mul,double,,2048,0.001,9,73,True
naive,Mul,double,,2048,0.001,9,72321,True
vectorized,Mul,double,,2048,0.01,0,107,True
naive,Mul,double,,2048,0.01,0,369694,True
vectorized,Mul,double,,2048,0.01,1,69,True
naive,Mul,double,,2048,0.01,1,450023,True
vectorized,Mul,double,,2048,0.01,2,178,True
naive,Mul,double,,2048,0.01,2,379523,True
vectorized,Mul,double,,2048,0.01,3,68,True
naive,Mul,double,,2048,0.01,3,449512,True
vectorized,Mul,double,,2048,0.01,4,80,True
naive,Mul,double,,2048,0.01,4,449630,True
vectorized,Mul,double,,2048,0.01,5,84,True
naive,Mul,double,,2048,0.01,5,470318,True
vectorized,Mul,double,,2048,0.01,6,104,True
naive,Mul,double,,2048,0.01,6,448735,True
vectorized,Mul,double,,2048,0.01,7,74,True
naive,Mul,double,,2048,0.01,7,447569,True
vectorized,Mul,double,,2048,0.01,8,68,True
naive,Mul,double,,2048,0.01,8,455349,True
vectorized,Mul,double,,2048,0.01,9,79,True
naive,Mul,double,,2048,0.01,9,462429,True
vectorized,Mul,double,,2048,0.05,0,48,True
naive,Mul,double,,2048,0.05,0,1392423,True
vectorized,Mul,double,,2048,0.05,1,56,True
naive,Mul,double,,2048,0.05,1,2095786,True
vectorized,Mul,double,,2048,0.05,2,77,True
naive,Mul,double,,2048,0.05,2,2300683,True
vectorized,Mul,double,,2048,0.05,3,104,True
naive,Mul,double,,2048,0.05,3,2106049,True
vectorized,Mul,double,,2048,0.05,4,48,True
naive,Mul,double,,2048,0.05,4,2272062,True
vectorized,Mul,double,,2048,0.05,5,49,True
naive,Mul,double,,2048,0.05,5,2114949,True
vectorized,Mul,double,,2048,0.05,6,48,True
naive,Mul,double,,2048,0.05,6,2080752,True
vectorized,Mul,double,,2048,0.05,7,77,True
naive,Mul,double,,2048,0.05,7,2098442,True
vectorized,Mul,double,,2048,0.05,8,73,True
naive,Mul,double,,2048,0.05,8,2135720,True
vectorized,Mul,double,,2048,0.05,9,58,True
naive,Mul,double,,2048,0.05,9,2118360,True
vectorized,Mul,double,,2048,0.1,0,68,True
naive,Mul,double,,2048,0.1,0,2863998,True
vectorized,Mul,double,,2048,0.1,1,57,True
naive,Mul,double,,2048,0.1,1,4190561,True
vectorized,Mul,double,,2048,0.1,2,75,True
naive,Mul,double,,2048,0.1,2,4228927,True
vectorized,Mul,double,,2048,0.1,3,67,True
naive,Mul,double,,2048,0.1,3,4284002,True
vectorized,Mul,double,,2048,0.1,4,82,True
naive,Mul,double,,2048,0.1,4,4220282,True
vectorized,Mul,double,,2048,0.1,5,47,True
naive,Mul,double,,2048,0.1,5,4206339,True
vectorized,Mul,double,,2048,0.1,6,52,True
naive,Mul,double,,2048,0.1,6,4256586,True
vectorized,Mul,double,,2048,0.1,7,57,True
naive,Mul,double,,2048,0.1,7,4220094,True
vectorized,Mul,double,,2048,0.1,8,67,True
naive,Mul,double,,2048,0.1,8,4217811,True
vectorized,Mul,double,,2048,0.1,9,69,True
naive,Mul,double,,2048,0.1,9,4252826,True
vectorized,Mul,double,,2048,0.2,0,84,True
naive,Mul,double,,2048,0.2,0,5545933,True
vectorized,Mul,double,,2048,0.2,1,74,True
naive,Mul,double,,2048,0.2,1,8762522,True
vectorized,Mul,double,,2048,0.2,2,69,True
naive,Mul,double,,2048,0.2,2,8851621,True
vectorized,Mul,double,,2048,0.2,3,59,True
naive,Mul,double,,2048,0.2,3,8640143,True
vectorized,Mul,double,,2048,0.2,4,56,True
naive,Mul,double,,2048,0.2,4,8738198,True
vectorized,Mul,double,,2048,0.2,5,48,True
naive,Mul,double,,2048,0.2,5,8754161,True
vectorized,Mul,double,,2048,0.2,6,66,True
naive,Mul,double,,2048,0.2,6,8797532,True
vectorized,Mul,double,,2048,0.2,7,84,True
naive,Mul,double,,2048,0.2,7,8799675,True
vectorized,Mul,double,,2048,0.2,8,58,True
naive,Mul,double,,2048,0.2,8,8801952,True
vectorized,Mul,double,,2048,0.2,9,65,True
naive,Mul,double,,2048,0.2,9,8715458,True
vectorized,Mul,double,,2048,0.25,0,47,False
naive,Mul,double,,2048,0.25,0,15743787,False
vectorized,Mul,double,,2048,0.25,1,63,False
naive,Mul,double,,2048,0.25,1,15403927,False
vectorized,Mul,double,,2048,0.25,2,60,False
naive,Mul,double,,2048,0.25,2,15327336,False
vectorized,Mul,double,,2048,0.25,3,56,False
naive,Mul,double,,2048,0.25,3,15386815,False
vectorized,Mul,double,,2048,0.25,4,57,False
naive,Mul,double,,2048,0.25,4,14248886,False
vectorized,Mul,double,,2048,0.25,5,49,False
naive,Mul,double,,2048,0.25,5,15299706,False
vectorized,Mul,double,,2048,0.25,6,49,False
naive,Mul,double,,2048,0.25,6,15515821,False
vectorized,Mul,double,,2048,0.25,7,48,False
naive,Mul,double,,2048,0.25,7,15323483,False
vectorized,Mul,double,,2048,0.25,8,58,False
naive,Mul,double,,2048,0.25,8,15337171,False
vectorized,Mul,double,,2048,0.25,9,58,False
naive,Mul,double,,2048,0.25,9,15332390,False
vectorized,Mul,double,,2048,1.0,0,62,True
naive,Mul,double,,2048,1.0,0,15486801,True
vectorized,Mul,double,,2048,1.0,1,59,True
naive,Mul,double,,2048,1.0,1,15432578,True
vectorized,Mul,double,,2048,1.0,2,61,True
naive,Mul,double,,2048,1.0,2,14495285,True
vectorized,Mul,double,,2048,1.0,3,56,True
naive,Mul,double,,2048,1.0,3,15467535,True
vectorized,Mul,double,,2048,1.0,4,48,True
naive,Mul,double,,2048,1.0,4,14467937,True
vectorized,Mul,double,,2048,1.0,5,55,True
naive,Mul,double,,2048,1.0,5,14723376,True
vectorized,Mul,double,,2048,1.0,6,60,True
naive,Mul,double,,2048,1.0,6,15450181,True
vectorized,Mul,double,,2048,1.0,7,56,True
naive,Mul,double,,2048,1.0,7,15527730,True
vectorized,Mul,double,,2048,1.0,8,63,True
naive,Mul,double,,2048,1.0,8,15152035,True
vectorized,Mul,double,,2048,1.0,9,62,True
naive,Mul,double,,2048,1.0,9,14751560,True
vectorized,Mul,double,,4096,0.001,0,78,True
naive,Mul,double,,4096,0.001,0,214939,True
vectorized,Mul,double,,4096,0.001,1,86,True
naive,Mul,double,,4096,0.001,1,218674,True
vectorized,Mul,double,,4096,0.001,2,62,True
naive,Mul,double,,4096,0.001,2,215278,True
vectorized,Mul,double,,4096,0.001,3,79,True
naive,Mul,double,,4096,0.001,3,222820,True
vectorized,Mul,double,,4096,0.001,4,68,True
naive,Mul,double,,4096,0.001,4,217131,True
vectorized,Mul,double,,4096,0.001,5,72,True
naive,Mul,double,,4096,0.001,5,221521,True
vectorized,Mul,double,,4096,0.001,6,75,True
naive,Mul,double,,4096,0.001,6,219771,True
vectorized,Mul,double,,4096,0.001,7,78,True
naive,Mul,double,,4096,0.001,7,219517,True
vectorized,Mul,double,,4096,0.001,8,75,True
naive,Mul,double,,4096,0.001,8,214320,True
vectorized,Mul,double,,4096,0.001,9,74,True
naive,Mul,double,,4096,0.001,9,219168,True
vectorized,Mul,double,,4096,0.01,0,70,True
naive,Mul,double,,4096,0.01,0,1645975,True
vectorized,Mul,double,,4096,0.01,1,109,True
naive,Mul,double,,4096,0.01,1,2023122,True
vectorized,Mul,double,,4096,0.01,2,64,True
naive,Mul,double,,4096,0.01,2,2025268,True
vectorized,Mul,double,,4096,0.01,3,67,True
naive,Mul,double,,4096,0.01,3,2048648,True
vectorized,Mul,double,,4096,0.01,4,154,True
naive,Mul,double,,4096,0.01,4,2041340,True
vectorized,Mul,double,,4096,0.01,5,81,True
naive,Mul,double,,4096,0.01,5,2036207,True
vectorized,Mul,double,,4096,0.01,6,80,True
naive,Mul,double,,4096,0.01,6,2044887,True
vectorized,Mul,double,,4096,0.01,7,83,True
naive,Mul,double,,4096,0.01,7,2034112,True
vectorized,Mul,double,,4096,0.01,8,75,True
naive,Mul,double,,4096,0.01,8,2032612,True
vectorized,Mul,double,,4096,0.01,9,74,True
naive,Mul,double,,4096,0.01,9,2030650,True
vectorized,Mul,double,,4096,0.05,0,68,True
naive,Mul,double,,4096,0.05,0,5310844,True
vectorized,Mul,double,,4096,0.05,1,70,True
naive,Mul,double,,4096,0.05,1,8316582,True
vectorized,Mul,double,,4096,0.05,2,68,True
naive,Mul,double,,4096,0.05,2,8299354,True
vectorized,Mul,double,,4096,0.05,3,69,True
naive,Mul,double,,4096,0.05,3,8305650,True
vectorized,Mul,double,,4096,0.05,4,73,True
naive,Mul,double,,4096,0.05,4,8320788,True
vectorized,Mul,double,,4096,0.05,5,79,True
naive,Mul,double,,4096,0.05,5,8301653,True
vectorized,Mul,double,,4096,0.05,6,85,True
naive,Mul,double,,4096,0.05,6,8272787,True
vectorized,Mul,double,,4096,0.05,7,57,True
naive,Mul,double,,4096,0.05,7,8323656,True
vectorized,Mul,double,,4096,0.05,8,77,True
naive,Mul,double,,4096,0.05,8,8268598,True
vectorized,Mul,double,,4096,0.05,9,73,True
naive,Mul,double,,4096,0.05,9,8431266,True
vectorized,Mul,double,,4096,0.1,0,69,True
naive,Mul,double,,4096,0.1,0,11094696,True
vectorized,Mul,double,,4096,0.1,1,131,True
naive,Mul,double,,4096,0.1,1,16991646,True
vectorized,Mul,double,,4096,0.1,2,60,True
naive,Mul,double,,4096,0.1,2,17356583,True
vectorized,Mul,double,,4096,0.1,3,59,True
naive,Mul,double,,4096,0.1,3,16937885,True
vectorized,Mul,double,,4096,0.1,4,68,True
naive,Mul,double,,4096,0.1,4,17200295,True
vectorized,Mul,double,,4096,0.1,5,66,True
naive,Mul,double,,4096,0.1,5,17110448,True
vectorized,Mul,double,,4096,0.1,6,57,True
naive,Mul,double,,4096,0.1,6,17146192,True
vectorized,Mul,double,,4096,0.1,7,71,True
naive,Mul,double,,4096,0.1,7,16992467,True
vectorized,Mul,double,,4096,0.1,8,71,True
naive,Mul,double,,4096,0.1,8,16950929,True
vectorized,Mul,double,,4096,0.1,9,60,True
naive,Mul,double,,4096,0.1,9,17280842,True
vectorized,Mul,double,,4096,0.2,0,67,True
naive,Mul,double,,4096,0.2,0,22339643,True
vectorized,Mul,double,,4096,0.2,1,58,True
naive,Mul,double,,4096,0.2,1,35927405,True
vectorized,Mul,double,,4096,0.2,2,68,True
naive,Mul,double,,4096,0.2,2,35747522,True
vectorized,Mul,double,,4096,0.2,3,70,True
naive,Mul,double,,4096,0.2,3,35753928,True
vectorized,Mul,double,,4096,0.2,4,59,True
naive,Mul,double,,4096,0.2,4,35842814,True
vectorized,Mul,double,,4096,0.2,5,69,True
naive,Mul,double,,4096,0.2,5,35986869,True
vectorized,Mul,double,,4096,0.2,6,69,True
naive,Mul,double,,4096,0.2,6,35811366,True
vectorized,Mul,double,,4096,0.2,7,57,True
naive,Mul,double,,4096,0.2,7,35812812,True
vectorized,Mul,double,,4096,0.2,8,72,True
naive,Mul,double,,4096,0.2,8,36123625,True
vectorized,Mul,double,,4096,0.2,9,58,True
naive,Mul,double,,4096,0.2,9,35603087,True
vectorized,Mul,double,,4096,0.25,0,56,False
naive,Mul,double,,4096,0.25,0,61934136,False
vectorized,Mul,double,,4096,0.25,1,57,False
naive,Mul,double,,4096,0.25,1,61968401,False
vectorized,Mul,double,,4096,0.25,2,49,False
naive,Mul,double,,4096,0.25,2,61792605,False
vectorized,Mul,double,,4096,0.25,3,57,False
naive,Mul,double,,4096,0.25,3,61954631,False
vectorized,Mul,double,,4096,0.25,4,58,False
naive,Mul,double,,4096,0.25,4,59534351,False
vectorized,Mul,double,,4096,0.25,5,49,False
naive,Mul,double,,4096,0.25,5,59294812,False
vectorized,Mul,double,,4096,0.25,6,48,False
naive,Mul,double,,4096,0.25,6,61019349,False
vectorized,Mul,double,,4096,0.25,7,48,False
naive,Mul,double,,4096,0.25,7,61850466,False
vectorized,Mul,double,,4096,0.25,8,48,False
naive,Mul,double,,4096,0.25,8,58987070,False
vectorized,Mul,double,,4096,0.25,9,56,False
naive,Mul,double,,4096,0.25,9,61839803,False
vectorized,Mul,double,,4096,1.0,0,57,True
naive,Mul,double,,4096,1.0,0,61665152,True
vectorized,Mul,double,,4096,1.0,1,60,True
naive,Mul,double,,4096,1.0,1,61623436,True
vectorized,Mul,double,,4096,1.0,2,59,True
naive,Mul,double,,4096,1.0,2,61727606,True
vectorized,Mul,double,,4096,1.0,3,50,True
naive,Mul,double,,4096,1.0,3,59311373,True
vectorized,Mul,double,,4096,1.0,4,58,True
naive,Mul,double,,4096,1.0,4,60390166,True
vectorized,Mul,double,,4096,1.0,5,60,True
naive,Mul,double,,4096,1.0,5,58879191,True
vectorized,Mul,double,,4096,1.0,6,60,True
naive,Mul,double,,4096,1.0,6,60006431,True
vectorized,Mul,double,,4096,1.0,7,57,True
naive,Mul,double,,4096,1.0,7,61889905,True
vectorized,Mul,double,,4096,1.0,8,45,True
naive,Mul,double,,4096,1.0,8,61733037,True
vectorized,Mul,double,,4096,1.0,9,56,True
naive,Mul,double,,4096,1.0,9,61698587,True
vectorized,Mul,double,symmetry,1024,0.001,0,19561859,False
naive,Mul,double,symmetry,1024,0.001,0,14630602,False
vectorized,Mul,double,symmetry,1024,0.001,1,23457602,False
naive,Mul,double,symmetry,1024,0.001,1,14637176,False
vectorized,Mul,double,symmetry,1024,0.001,2,22250415,False
naive,Mul,double,symmetry,1024,0.001,2,14839444,False
vectorized,Mul,double,symmetry,1024,0.001,3,21422404,False
naive,Mul,double,symmetry,1024,0.001,3,14732799,False
vectorized,Mul,double,symmetry,1024,0.001,4,22446968,False
naive,Mul,double,symmetry,1024,0.001,4,14664172,False
vectorized,Mul,double,symmetry,1024,0.001,5,22431207,False
naive,Mul,double,symmetry,1024,0.001,5,14980946,False
vectorized,Mul,double,symmetry,1024,0.001,6,22565601,False
naive,Mul,double,symmetry,1024,0.001,6,14543205,False
vectorized,Mul,double,symmetry,1024,0.001,7,23100601,False
naive,Mul,double,symmetry,1024,0.001,7,14581159,False
vectorized,Mul,double,symmetry,1024,0.001,8,19652680,False
naive,Mul,double,symmetry,1024,0.001,8,13157076,False
vectorized,Mul,double,symmetry,1024,0.001,9,22021703,False
naive,Mul,double,symmetry,1024,0.001,9,14091839,False
vectorized,Mul,double,symmetry,1024,0.01,0,22955630,False
naive,Mul,double,symmetry,1024,0.01,0,14937927,False
vectorized,Mul,double,symmetry,1024,0.01,1,22359379,False
naive,Mul,double,symmetry,1024,0.01,1,14649861,False
vectorized,Mul,double,symmetry,1024,0.01,2,22678830,False
naive,Mul,double,symmetry,1024,0.01,2,15029497,False
vectorized,Mul,double,symmetry,1024,0.01,3,22727642,False
naive,Mul,double,symmetry,1024,0.01,3,14493483,False
vectorized,Mul,double,symmetry,1024,0.01,4,22959473,False
naive,Mul,double,symmetry,1024,0.01,4,13809598,False
vectorized,Mul,double,symmetry,1024,0.01,5,22915133,False
naive,Mul,double,symmetry,1024,0.01,5,15902117,False
vectorized,Mul,double,symmetry,1024,0.01,6,21617944,False
naive,Mul,double,symmetry,1024,0.01,6,14691551,False
vectorized,Mul,double,symmetry,1024,0.01,7,22115263,False
naive,Mul,double,symmetry,1024,0.01,7,14599473,False
vectorized,Mul,double,symmetry,1024,0.01,8,22642392,False
naive,Mul,double,symmetry,1024,0.01,8,14499755,False
vectorized,Mul,double,symmetry,1024,0.01,9,23081725,False
naive,Mul,double,symmetry,1024,0.01,9,14590540,False
vectorized,Mul,double,symmetry,1024,0.05,0,22411623,False
naive,Mul,double,symmetry,1024,0.05,0,14938038,False
vectorized,Mul,double,symmetry,1024,0.05,1,20210440,False
naive,Mul,double,symmetry,1024,0.05,1,13244665,False
vectorized,Mul,double,symmetry,1024,0.05,2,19653338,False
naive,Mul,double,symmetry,1024,0.05,2,13514824,False
vectorized,Mul,double,symmetry,1024,0.05,3,21939481,False
naive,Mul,double,symmetry,1024,0.05,3,14414533,False
vectorized,Mul,double,symmetry,1024,0.05,4,22377151,False
naive,Mul,double,symmetry,1024,0.05,4,13861313,False
vectorized,Mul,double,symmetry,1024,0.05,5,22528433,False
naive,Mul,double,symmetry,1024,0.05,5,14054519,False
vectorized,Mul,double,symmetry,1024,0.05,6,20984937,False
naive,Mul,double,symmetry,1024,0.05,6,14018107,False
vectorized,Mul,double,symmetry,1024,0.05,7,21692027,False
naive,Mul,double,symmetry,1024,0.05,7,14387866,False
vectorized,Mul,double,symmetry,1024,0.05,8,22531162,False
naive,Mul,double,symmetry,1024,0.05,8,14293446,False
vectorized,Mul,double,symmetry,1024,0.05,9,23994930,False
naive,Mul,double,symmetry,1024,0.05,9,14081063,False
vectorized,Mul,double,symmetry,1024,0.1,0,21964948,False
naive,Mul,double,symmetry,1024,0.1,0,15167437,False
vectorized,Mul,double,symmetry,1024,0.1,1,22570600,False
naive,Mul,double,symmetry,1024,0.1,1,13810085,False
vectorized,Mul,double,symmetry,1024,0.1,2,22108867,False
naive,Mul,double,symmetry,1024,0.1,2,13420558,False
vectorized,Mul,double,symmetry,1024,0.1,3,20601394,False
naive,Mul,double,symmetry,1024,0.1,3,13669652,False
vectorized,Mul,double,symmetry,1024,0.1,4,21155061,False
naive,Mul,double,symmetry,1024,0.1,4,13550135,False
vectorized,Mul,double,symmetry,1024,0.1,5,22948664,False
naive,Mul,double,symmetry,1024,0.1,5,13422668,False
vectorized,Mul,double,symmetry,1024,0.1,6,22665407,False
naive,Mul,double,symmetry,1024,0.1,6,13607383,False
vectorized,Mul,double,symmetry,1024,0.1,7,21823933,False
naive,Mul,double,symmetry,1024,0.1,7,13647907,False
vectorized,Mul,double,symmetry,1024,0.1,8,21919335,False
naive,Mul,double,symmetry,1024,0.1,8,13582228,False
vectorized,Mul,double,symmetry,1024,0.1,9,22647249,False
naive,Mul,double,symmetry,1024,0.1,9,13880642,False
vectorized,Mul,double,symmetry,1024,0.2,0,26186360,False
naive,Mul,double,symmetry,1024,0.2,0,16589642,False
vectorized,Mul,double,symmetry,1024,0.2,1,22537592,False
naive,Mul,double,symmetry,1024,0.2,1,13990996,False
vectorized,Mul,double,symmetry,1024,0.2,2,23273906,False
naive,Mul,double,symmetry,1024,0.2,2,14199761,False
vectorized,Mul,double,symmetry,1024,0.2,3,22681790,False
naive,Mul,double,symmetry,1024,0.2,3,14317670,False
vectorized,Mul,double,symmetry,1024,0.2,4,22591259,False
naive,Mul,double,symmetry,1024,0.2,4,14225570,False
vectorized,Mul,double,symmetry,1024,0.2,5,21232350,False
naive,Mul,double,symmetry,1024,0.2,5,14509303,False
vectorized,Mul,double,symmetry,1024,0.2,6,22295711,False
naive,Mul,double,symmetry,1024,0.2,6,14587411,False
vectorized,Mul,double,symmetry,1024,0.2,7,22231717,False
naive,Mul,double,symmetry,1024,0.2,7,14461167,False
vectorized,Mul,double,symmetry,1024,0.2,8,23079295,False
naive,Mul,double,symmetry,1024,0.2,8,14477579,False
vectorized,Mul,double,symmetry,1024,0.2,9,22903507,False
naive,Mul,double,symmetry,1024,0.2,9,14048659,False
vectorized,Mul,double,symmetry,1024,0.25,0,22404019,False
naive,Mul,double,symmetry,1024,0.25,0,16899148,False
vectorized,Mul,double,symmetry,1024,0.25,1,23588168,False
naive,Mul,double,symmetry,1024,0.25,1,14622221,False
vectorized,Mul,double,symmetry,1024,0.25,2,23040362,False
naive,Mul,double,symmetry,1024,0.25,2,14454313,False
vectorized,Mul,double,symmetry,1024,0.25,3,21498829,False
naive,Mul,double,symmetry,1024,0.25,3,14673971,False
vectorized,Mul,double,symmetry,1024,0.25,4,23997792,False
naive,Mul,double,symmetry,1024,0.25,4,14504203,False
vectorized,Mul,double,symmetry,1024,0.25,5,23420013,False
naive,Mul,double,symmetry,1024,0.25,5,14512043,False
vectorized,Mul,double,symmetry,1024,0.25,6,23235108,False
naive,Mul,double,symmetry,1024,0.25,6,14524255,False
vectorized,Mul,double,symmetry,1024,0.25,7,23173467,False
naive,Mul,double,symmetry,1024,0.25,7,14616784,False
vectorized,Mul,double,symmetry,1024,0.25,8,24350640,False
naive,Mul,double,symmetry,1024,0.25,8,14570881,False
vectorized,Mul,double,symmetry,1024,0.25,9,24431213,False
naive,Mul,double,symmetry,1024,0.25,9,14366829,False
vectorized,Mul,double,symmetry,1024,1.0,0,20468630,True
naive,Mul,double,symmetry,1024,1.0,0,17011212,True
vectorized,Mul,double,symmetry,1024,1.0,1,20617938,True
naive,Mul,double,symmetry,1024,1.0,1,17074668,True
vectorized,Mul,double,symmetry,1024,1.0,2,20374836,True
naive,Mul,double,symmetry,1024,1.0,2,17159384,True
vectorized,Mul,double,symmetry,1024,1.0,3,20823126,True
naive,Mul,double,symmetry,1024,1.0,3,17207809,True
vectorized,Mul,double,symmetry,1024,1.0,4,20364246,True
naive,Mul,double,symmetry,1024,1.0,4,17154913,True
vectorized,Mul,double,symmetry,1024,1.0,5,20735406,True
naive,Mul,double,symmetry,1024,1.0,5,17313068,True
vectorized,Mul,double,symmetry,1024,1.0,6,20553714,True
naive,Mul,double,symmetry,1024,1.0,6,17045832,True
vectorized,Mul,double,symmetry,1024,1.0,7,20464098,True
naive,Mul,double,symmetry,1024,1.0,7,17182738,True
vectorized,Mul,double,symmetry,1024,1.0,8,20774457,True
naive,Mul,double,symmetry,1024,1.0,8,17723476,True
vectorized,Mul,double,symmetry,1024,1.0,9,20691335,True
naive,Mul,double,symmetry,1024,1.0,9,17005426,True
vectorized,Mul,double,symmetry,2048,0.001,0,64856759,False
naive,Mul,double,symmetry,2048,0.001,0,58531454,False
vectorized,Mul,double,symmetry,2048,0.001,1,64637035,False
naive,Mul,double,symmetry,2048,0.001,1,57450920,False
vectorized,Mul,double,symmetry,2048,0.001,2,64598014,False
naive,Mul,double,symmetry,2048,0.001,2,58976188,False
vectorized,Mul,double,symmetry,2048,0.001,3,63072373,False
naive,Mul,double,symmetry,2048,0.001,3,56102790,False
vectorized,Mul,double,symmetry,2048,0.001,4,65383456,False
naive,Mul,double,symmetry,2048,0.001,4,55945822,False
vectorized,Mul,double,symmetry,2048,0.001,5,65398189,False
naive,Mul,double,symmetry,2048,0.001,5,56889045,False
vectorized,Mul,double,symmetry,2048,0.001,6,71925078,False
naive,Mul,double,symmetry,2048,0.001,6,56811218,False
vectorized,Mul,double,symmetry,2048,0.001,7,81143688,False
naive,Mul,double,symmetry,2048,0.001,7,57389085,False
vectorized,Mul,double,symmetry,2048,0.001,8,74874316,False
naive,Mul,double,symmetry,2048,0.001,8,55909480,False
vectorized,Mul,double,symmetry,2048,0.001,9,64841416,False
naive,Mul,double,symmetry,2048,0.001,9,56464191,False
vectorized,Mul,double,symmetry,2048,0.01,0,80085249,False
naive,Mul,double,symmetry,2048,0.01,0,56241684,False
vectorized,Mul,double,symmetry,2048,0.01,1,79312898,False
naive,Mul,double,symmetry,2048,0.01,1,56355267,False
vectorized,Mul,double,symmetry,2048,0.01,2,78133059,False
naive,Mul,double,symmetry,2048,0.01,2,56474368,False
vectorized,Mul,double,symmetry,2048,0.01,3,64254863,False
naive,Mul,double,symmetry,2048,0.01,3,55373318,False
vectorized,Mul,double,symmetry,2048,0.01,4,65887755,False
naive,Mul,double,symmetry,2048,0.01,4,55877823,False
vectorized,Mul,double,symmetry,2048,0.01,5,70080184,False
naive,Mul,double,symmetry,2048,0.01,5,56204112,False
vectorized,Mul,double,symmetry,2048,0.01,6,65395808,False
naive,Mul,double,symmetry,2048,0.01,6,55598586,False
vectorized,Mul,double,symmetry,2048,0.01,7,77915915,False
naive,Mul,double,symmetry,2048,0.01,7,57117960,False
vectorized,Mul,double,symmetry,2048,0.01,8,63552154,False
naive,Mul,double,symmetry,2048,0.01,8,55750417,False
vectorized,Mul,double,symmetry,2048,0.01,9,73173409,False
naive,Mul,double,symmetry,2048,0.01,9,59987162,False
vectorized,Mul,double,symmetry,2048,0.05,0,74193890,False
naive,Mul,double,symmetry,2048,0.05,0,59835518,False
vectorized,Mul,double,symmetry,2048,0.05,1,63562538,False
naive,Mul,double,symmetry,2048,0.05,1,56531358,False
vectorized,Mul,double,symmetry,2048,0.05,2,65739145,False
naive,Mul,double,symmetry,2048,0.05,2,55481541,False
vectorized,Mul,double,symmetry,2048,0.05,3,78414914,False
naive,Mul,double,symmetry,2048,0.05,3,55715529,False
vectorized,Mul,double,symmetry,2048,0.05,4,71605741,False
naive,Mul,double,symmetry,2048,0.05,4,56637487,False
vectorized,Mul,double,symmetry,2048,0.05,5,79375009,False
naive,Mul,double,symmetry,2048,0.05,5,55717409,False
vectorized,Mul,double,symmetry,2048,0.05,6,78743372,False
naive,Mul,double,symmetry,2048,0.05,6,55377866,False
vectorized,Mul,double,symmetry,2048,0.05,7,67850356,False
naive,Mul,double,symmetry,2048,0.05,7,56021863,False
vectorized,Mul,double,symmetry,2048,0.05,8,86296765,False
naive,Mul,double,symmetry,2048,0.05,8,56843697,False
vectorized,Mul,double,symmetry,2048,0.05,9,63193161,False
naive,Mul,double,symmetry,2048,0.05,9,57044864,False
vectorized,Mul,double,symmetry,2048,0.1,0,70284615,False
naive,Mul,double,symmetry,2048,0.1,0,62740046,False
vectorized,Mul,double,symmetry,2048,0.1,1,71783777,False
naive,Mul,double,symmetry,2048,0.1,1,58984678,False
vectorized,Mul,double,symmetry,2048,0.1,2,66939990,False
naive,Mul,double,symmetry,2048,0.1,2,56756277,False
vectorized,Mul,double,symmetry,2048,0.1,3,75305234,False
naive,Mul,double,symmetry,2048,0.1,3,56733150,False
vectorized,Mul,double,symmetry,2048,0.1,4,72277975,False
naive,Mul,double,symmetry,2048,0.1,4,56670838,False
vectorized,Mul,double,symmetry,2048,0.1,5,64299750,False
naive,Mul,double,symmetry,2048,0.1,5,56843972,False
vectorized,Mul,double,symmetry,2048,0.1,6,74624655,False
naive,Mul,double,symmetry,2048,0.1,6,56908030,False
vectorized,Mul,double,symmetry,2048,0.1,7,81171090,False
naive,Mul,double,symmetry,2048,0.1,7,56585133,False
vectorized,Mul,double,symmetry,2048,0.1,8,64248148,False
naive,Mul,double,symmetry,2048,0.1,8,57745432,False
vectorized,Mul,double,symmetry,2048,0.1,9,68704128,False
naive,Mul,double,symmetry,2048,0.1,9,57205602,False
vectorized,Mul,double,symmetry,2048,0.2,0,81943473,False
naive,Mul,double,symmetry,2048,0.2,0,69451167,False
vectorized,Mul,double,symmetry,2048,0.2,1,66558602,False
naive,Mul,double,symmetry,2048,0.2,1,59883045,False
vectorized,Mul,double,symmetry,2048,0.2,2,81204407,False
naive,Mul,double,symmetry,2048,0.2,2,58585133,False
vectorized,Mul,double,symmetry,2048,0.2,3,71604180,False
naive,Mul,double,symmetry,2048,0.2,3,58970183,False
vectorized,Mul,double,symmetry,2048,0.2,4,73827398,False
naive,Mul,double,symmetry,2048,0.2,4,59574382,False
vectorized,Mul,double,symmetry,2048,0.2,5,82701214,False
naive,Mul,double,symmetry,2048,0.2,5,58462179,False
vectorized,Mul,double,symmetry,2048,0.2,6,71809995,False
naive,Mul,double,symmetry,2048,0.2,6,59328058,False
vectorized,Mul,double,symmetry,2048,0.2,7,70266260,False
naive,Mul,double,symmetry,2048,0.2,7,59349732,False
vectorized,Mul,double,symmetry,2048,0.2,8,72136617,False
naive,Mul,double,symmetry,2048,0.2,8,59690389,False
vectorized,Mul,double,symmetry,2048,0.2,9,81828990,False
naive,Mul,double,symmetry,2048,0.2,9,59773772,False
vectorized,Mul,double,symmetry,2048,0.25,0,80599050,False
naive,Mul,double,symmetry,2048,0.25,0,71321685,False
vectorized,Mul,double,symmetry,2048,0.25,1,68158919,False
naive,Mul,double,symmetry,2048,0.25,1,59786932,False
vectorized,Mul,double,symmetry,2048,0.25,2,66301886,False
naive,Mul,double,symmetry,2048,0.25,2,61329566,False
vectorized,Mul,double,symmetry,2048,0.25,3,67235895,False
naive,Mul,double,symmetry,2048,0.25,3,61178812,False
vectorized,Mul,double,symmetry,2048,0.25,4,66463000,False
naive,Mul,double,symmetry,2048,0.25,4,60318737,False
vectorized,Mul,double,symmetry,2048,0.25,5,84331391,False
naive,Mul,double,symmetry,2048,0.25,5,61142958,False
vectorized,Mul,double,symmetry,2048,0.25,6,67521406,False
naive,Mul,double,symmetry,2048,0.25,6,60198200,False
vectorized,Mul,double,symmetry,2048,0.25,7,83142894,False
naive,Mul,double,symmetry,2048,0.25,7,60855519,False
vectorized,Mul,double,symmetry,2048,0.25,8,83460988,False
naive,Mul,double,symmetry,2048,0.25,8,61024376,False
vectorized,Mul,double,symmetry,2048,0.25,9,71431745,False
naive,Mul,double,symmetry,2048,0.25,9,61501098,False
vectorized,Mul,double,symmetry,2048,1.0,0,69623939,True
naive,Mul,double,symmetry,2048,1.0,0,57493625,True
vectorized,Mul,double,symmetry,2048,1.0,1,78673260,True
naive,Mul,double,symmetry,2048,1.0,1,56701321,True
vectorized,Mul,double,symmetry,2048,1.0,2,73804479,True
naive,Mul,double,symmetry,2048,1.0,2,57163187,True
vectorized,Mul,double,symmetry,2048,1.0,3,71903486,True
naive,Mul,double,symmetry,2048,1.0,3,57143292,True
vectorized,Mul,double,symmetry,2048,1.0,4,70346929,True
naive,Mul,double,symmetry,2048,1.0,4,56161760,True
vectorized,Mul,double,symmetry,2048,1.0,5,67855070,True
naive,Mul,double,symmetry,2048,1.0,5,56569509,True
vectorized,Mul,double,symmetry,2048,1.0,6,71116008,True
naive,Mul,double,symmetry,2048,1.0,6,57080616,True
vectorized,Mul,double,symmetry,2048,1.0,7,65234186,True
naive,Mul,double,symmetry,2048,1.0,7,56727872,True
vectorized,Mul,double,symmetry,2048,1.0,8,68127392,True
naive,Mul,double,symmetry,2048,1.0,8,57132862,True
vectorized,Mul,double,symmetry,2048,1.0,9,70545926,True
naive,Mul,double,symmetry,2048,1.0,9,56827843,True
vectorized,Mul,double,symmetry,4096,0.001,0,250402581,False
naive,Mul,double,symmetry,4096,0.001,0,245420379,False
vectorized,Mul,double,symmetry,4096,0.001,1,242234963,False
naive,Mul,double,symmetry,4096,0.001,1,245622590,False
vectorized,Mul,double,symmetry,4096,0.001,2,258042351,False
naive,Mul,double,symmetry,4096,0.001,2,252383987,False
vectorized,Mul,double,symmetry,4096,0.001,3,241286352,False
naive,Mul,double,symmetry,4096,0.001,3,246561163,False
vectorized,Mul,double,symmetry,4096,0.001,4,243995558,False
naive,Mul,double,symmetry,4096,0.001,4,252630451,False
vectorized,Mul,double,symmetry,4096,0.001,5,241800312,False
naive,Mul,double,symmetry,4096,0.001,5,244872223,False
vectorized,Mul,double,symmetry,4096,0.001,6,242236433,False
naive,Mul,double,symmetry,4096,0.001,6,252762950,False
vectorized,Mul,double,symmetry,4096,0.001,7,254547719,False
naive,Mul,double,symmetry,4096,0.001,7,249003667,False
vectorized,Mul,double,symmetry,4096,0.001,8,246309747,False
naive,Mul,double,symmetry,4096,0.001,8,244509412,False
vectorized,Mul,double,symmetry,4096,0.001,9,248592496,False
naive,Mul,double,symmetry,4096,0.001,9,254523332,False
vectorized,Mul,double,symmetry,4096,0.01,0,251485015,False
naive,Mul,double,symmetry,4096,0.01,0,251012068,False
vectorized,Mul,double,symmetry,4096,0.01,1,250186504,False
naive,Mul,double,symmetry,4096,0.01,1,244807754,False
vectorized,Mul,double,symmetry,4096,0.01,2,251636666,False
naive,Mul,double,symmetry,4096,0.01,2,246040731,False
vectorized,Mul,double,symmetry,4096,0.01,3,264323685,False
naive,Mul,double,symmetry,4096,0.01,3,244583956,False
vectorized,Mul,double,symmetry,4096,0.01,4,252355441,False
naive,Mul,double,symmetry,4096,0.01,4,251544170,False
vectorized,Mul,double,symmetry,4096,0.01,5,250760067,False
naive,Mul,double,symmetry,4096,0.01,5,245528371,False
vectorized,Mul,double,symmetry,4096,0.01,6,244979075,False
naive,Mul,double,symmetry,4096,0.01,6,245480748,False
vectorized,Mul,double,symmetry,4096,0.01,7,261829497,False
naive,Mul,double,symmetry,4096,0.01,7,247984064,False
vectorized,Mul,double,symmetry,4096,0.01,8,233304033,False
naive,Mul,double,symmetry,4096,0.01,8,244590571,False
vectorized,Mul,double,symmetry,4096,0.01,9,260463493,False
naive,Mul,double,symmetry,4096,0.01,9,244258200,False
vectorized,Mul,double,symmetry,4096,0.05,0,268257593,False
naive,Mul,double,symmetry,4096,0.05,0,259662418,False
vectorized,Mul,double,symmetry,4096,0.05,1,252307401,False
naive,Mul,double,symmetry,4096,0.05,1,247464893,False
vectorized,Mul,double,symmetry,4096,0.05,2,246909486,False
naive,Mul,double,symmetry,4096,0.05,2,246145372,False
vectorized,Mul,double,symmetry,4096,0.05,3,259862978,False
naive,Mul,double,symmetry,4096,0.05,3,251981608,False
vectorized,Mul,double,symmetry,4096,0.05,4,242697115,False
naive,Mul,double,symmetry,4096,0.05,4,247116970,False
vectorized,Mul,double,symmetry,4096,0.05,5,242542852,False
naive,Mul,double,symmetry,4096,0.05,5,243220855,False
vectorized,Mul,double,symmetry,4096,0.05,6,260660560,False
naive,Mul,double,symmetry,4096,0.05,6,244273944,False
vectorized,Mul,double,symmetry,4096,0.05,7,237389423,False
naive,Mul,double,symmetry,4096,0.05,7,245569816,False
vectorized,Mul,double,symmetry,4096,0.05,8,248809577,False
naive,Mul,double,symmetry,4096,0.05,8,251252557,False
vectorized,Mul,double,symmetry,4096,0.05,9,254751746,False
naive,Mul,double,symmetry,4096,0.05,9,245622940,False
vectorized,Mul,double,symmetry,4096,0.1,0,260425072,False
naive,Mul,double,symmetry,4096,0.1,0,276243238,False
vectorized,Mul,double,symmetry,4096,0.1,1,244279181,False
naive,Mul,double,symmetry,4096,0.1,1,252005764,False
vectorized,Mul,double,symmetry,4096,0.1,2,236321104,False
naive,Mul,double,symmetry,4096,0.1,2,256988922,False
vectorized,Mul,double,symmetry,4096,0.1,3,238737133,False
naive,Mul,double,symmetry,4096,0.1,3,255893460,False
vectorized,Mul,double,symmetry,4096,0.1,4,246169361,False
naive,Mul,double,symmetry,4096,0.1,4,250892872,False
vectorized,Mul,double,symmetry,4096,0.1,5,278536205,False
naive,Mul,double,symmetry,4096,0.1,5,255724987,False
vectorized,Mul,double,symmetry,4096,0.1,6,254002358,False
naive,Mul,double,symmetry,4096,0.1,6,248338218,False
vectorized,Mul,double,symmetry,4096,0.1,7,254920982,False
naive,Mul,double,symmetry,4096,0.1,7,252480137,False
vectorized,Mul,double,symmetry,4096,0.1,8,258597251,False
naive,Mul,double,symmetry,4096,0.1,8,256506751,False
vectorized,Mul,double,symmetry,4096,0.1,9,242204441,False
naive,Mul,double,symmetry,4096,0.1,9,250207613,False
vectorized,Mul,double,symmetry,4096,0.2,0,284796411,False
naive,Mul,double,symmetry,4096,0.2,0,298962184,False
vectorized,Mul,double,symmetry,4096,0.2,1,256409562,False
naive,Mul,double,symmetry,4096,0.2,1,259372662,False
vectorized,Mul,double,symmetry,4096,0.2,2,275922418,False
naive,Mul,double,symmetry,4096,0.2,2,260760188,False
vectorized,Mul,double,symmetry,4096,0.2,3,247846511,False
naive,Mul,double,symmetry,4096,0.2,3,258763663,False
vectorized,Mul,double,symmetry,4096,0.2,4,243521041,False
naive,Mul,double,symmetry,4096,0.2,4,259283127,False
vectorized,Mul,double,symmetry,4096,0.2,5,246724395,False
naive,Mul,double,symmetry,4096,0.2,5,257100104,False
vectorized,Mul,double,symmetry,4096,0.2,6,264372915,False
naive,Mul,double,symmetry,4096,0.2,6,258529733,False
vectorized,Mul,double,symmetry,4096,0.2,7,244976791,False
naive,Mul,double,symmetry,4096,0.2,7,260431682,False
vectorized,Mul,double,symmetry,4096,0.2,8,258602683,False
naive,Mul,double,symmetry,4096,0.2,8,259377654,False
vectorized,Mul,double,symmetry,4096,0.2,9,255269095,False
naive,Mul,double,symmetry,4096,0.2,9,258599199,False
vectorized,Mul,double,symmetry,4096,0.25,0,301398677,False
naive,Mul,double,symmetry,4096,0.25,0,304064856,False
vectorized,Mul,double,symmetry,4096,0.25,1,267234472,False
naive,Mul,double,symmetry,4096,0.25,1,267172203,False
vectorized,Mul,double,symmetry,4096,0.25,2,268432701,False
naive,Mul,double,symmetry,4096,0.25,2,266390482,False
vectorized,Mul,double,symmetry,4096,0.25,3,265143020,False
naive,Mul,double,symmetry,4096,0.25,3,265920748,False
vectorized,Mul,double,symmetry,4096,0.25,4,256039346,False
naive,Mul,double,symmetry,4096,0.25,4,265887537,False
vectorized,Mul,double,symmetry,4096,0.25,5,272848427,False
naive,Mul,double,symmetry,4096,0.25,5,266972394,False
vectorized,Mul,double,symmetry,4096,0.25,6,300513847,False
naive,Mul,double,symmetry,4096,0.25,6,269606825,False
vectorized,Mul,double,symmetry,4096,0.25,7,277968215,False
naive,Mul,double,symmetry,4096,0.25,7,265264116,False
vectorized,Mul,double,symmetry,4096,0.25,8,290843652,False
naive,Mul,double,symmetry,4096,0.25,8,264745503,False
vectorized,Mul,double,symmetry,4096,0.25,9,263856545,False
naive,Mul,double,symmetry,4096,0.25,9,262347458,False
vectorized,Mul,double,symmetry,4096,1.0,0,263810027,True
naive,Mul,double,symmetry,4096,1.0,0,248006710,True
vectorized,Mul,double,symmetry,4096,1.0,1,239714311,True
naive,Mul,double,symmetry,4096,1.0,1,248929905,True
vectorized,Mul,double,symmetry,4096,1.0,2,277948498,True
naive,Mul,double,symmetry,4096,1.0,2,246762534,True
vectorized,Mul,double,symmetry,4096,1.0,3,269671052,True
naive,Mul,double,symmetry,4096,1.0,3,249267768,True
vectorized,Mul,double,symmetry,4096,1.0,4,243560609,True
naive,Mul,double,symmetry,4096,1.0,4,255569829,True
vectorized,Mul,double,symmetry,4096,1.0,5,253153876,True
naive,Mul,double,symmetry,4096,1.0,5,249840617,True
vectorized,Mul,double,symmetry,4096,1.0,6,260068530,True
naive,Mul,double,symmetry,4096,1.0,6,248784469,True
vectorized,Mul,double,symmetry,4096,1.0,7,253547324,True
naive,Mul,double,symmetry,4096,1.0,7,247562090,True
vectorized,Mul,double,symmetry,4096,1.0,8,250896047,True
naive,Mul,double,symmetry,4096,1.0,8,248233149,True
vectorized,Mul,double,symmetry,4096,1.0,9,252755270,True
naive,Mul,double,symmetry,4096,1.0,9,246066036,True
vectorized,Mul,double,mean,1024,0.001,0,4346377,True
naive,Mul,double,mean,1024,0.001,0,33777,True
vectorized,Mul,double,mean,1024,0.001,1,4315438,True
naive,Mul,double,mean,1024,0.001,1,33863,True
vectorized,Mul,double,mean,1024,0.001,2,4331787,True
naive,Mul,double,mean,1024,0.001,2,33504,True
vectorized,Mul,double,mean,1024,0.001,3,4338926,True
naive,Mul,double,mean,1024,0.001,3,33304,True
vectorized,Mul,double,mean,1024,0.001,4,4334600,True
naive,Mul,double,mean,1024,0.001,4,34689,True
vectorized,Mul,double,mean,1024,0.001,5,4311403,True
naive,Mul,double,mean,1024,0.001,5,34023,True
vectorized,Mul,double,mean,1024,0.001,6,4352349,True
naive,Mul,double,mean,1024,0.001,6,33312,True
vectorized,Mul,double,mean,1024,0.001,7,4327399,True
naive,Mul,double,mean,1024,0.001,7,33876,True
vectorized,Mul,double,mean,1024,0.001,8,4139410,True
naive,Mul,double,mean,1024,0.001,8,30317,True
vectorized,Mul,double,mean,1024,0.001,9,4357783,True
naive,Mul,double,mean,1024,0.001,9,33650,True
vectorized,Mul,double,mean,1024,0.01,0,4629550,True
naive,Mul,double,mean,1024,0.01,0,118052,True
vectorized,Mul,double,mean,1024,0.01,1,4477621,True
naive,Mul,double,mean,1024,0.01,1,132979,True
vectorized,Mul,double,mean,1024,0.01,2,4516367,True
naive,Mul,double,mean,1024,0.01,2,130685,True
vectorized,Mul,double,mean,1024,0.01,3,4518397,True
naive,Mul,double,mean,1024,0.01,3,132748,True
vectorized,Mul,double,mean,1024,0.01,4,4502398,True
naive,Mul,double,mean,1024,0.01,4,132448,True
vectorized,Mul,double,mean,1024,0.01,5,4523553,True
naive,Mul,double,mean,1024,0.01,5,132651,True
vectorized,Mul,double,mean,1024,0.01,6,4522197,True
naive,Mul,double,mean,1024,0.01,6,131036,True
vectorized,Mul,double,mean,1024,0.01,7,4513683,True
naive,Mul,double,mean,1024,0.01,7,131671,True
vectorized,Mul,double,mean,1024,0.01,8,4553585,True
naive,Mul,double,mean,1024,0.01,8,132554,True
vectorized,Mul,double,mean,1024,0.01,9,4540046,True
naive,Mul,double,mean,1024,0.01,9,132131,True
vectorized,Mul,double,mean,1024,0.05,0,5745088,True
naive,Mul,double,mean,1024,0.05,0,569062,True
vectorized,Mul,double,mean,1024,0.05,1,5480575,True
naive,Mul,double,mean,1024,0.05,1,623807,True
vectorized,Mul,double,mean,1024,0.05,2,5436863,True
naive,Mul,double,mean,1024,0.05,2,624247,True
vectorized,Mul,double,mean,1024,0.05,3,5426193,True
naive,Mul,double,mean,1024,0.05,3,673761,True
vectorized,Mul,double,mean,1024,0.05,4,5492285,True
naive,Mul,double,mean,1024,0.05,4,654454,True
vectorized,Mul,double,mean,1024,0.05,5,5487125,True
naive,Mul,double,mean,1024,0.05,5,646265,True
vectorized,Mul,double,mean,1024,0.05,6,5497853,True
naive,Mul,double,mean,1024,0.05,6,627143,True
vectorized,Mul,double,mean,1024,0.05,7,5520874,True
naive,Mul,double,mean,1024,0.05,7,528447,True
vectorized,Mul,double,mean,1024,0.05,8,5440171,True
naive,Mul,double,mean,1024,0.05,8,529409,True
vectorized,Mul,double,mean,1024,0.05,9,5439354,True
naive,Mul,double,mean,1024,0.05,9,646617,True
vectorized,Mul,double,mean,1024,0.1,0,7069309,True
naive,Mul,double,mean,1024,0.1,0,1113120,True
vectorized,Mul,double,mean,1024,0.1,1,6681179,True
naive,Mul,double,mean,1024,0.1,1,1303007,True
vectorized,Mul,double,mean,1024,0.1,2,6642265,True
naive,Mul,double,mean,1024,0.1,2,1369700,True
vectorized,Mul,double,mean,1024,0.1,3,6575304,True
naive,Mul,double,mean,1024,0.1,3,1360482,True
vectorized,Mul,double,mean,1024,0.1,4,6555020,True
naive,Mul,double,mean,1024,0.1,4,1318049,True
vectorized,Mul,double,mean,1024,0.1,5,6575649,True
naive,Mul,double,mean,1024,0.1,5,1323478,True
vectorized,Mul,double,mean,1024,0.1,6,6550302,True
naive,Mul,double,mean,1024,0.1,6,1369514,True
vectorized,Mul,double,mean,1024,0.1,7,6632416,True
naive,Mul,double,mean,1024,0.1,7,1325820,True
vectorized,Mul,double,mean,1024,0.1,8,6697455,True
naive,Mul,double,mean,1024,0.1,8,1357987,True
vectorized,Mul,double,mean,1024,0.1,9,6603337,True
naive,Mul,double,mean,1024,0.1,9,1354222,True
vectorized,Mul,double,mean,1024,0.2,0,10745761,True
naive,Mul,double,mean,1024,0.2,0,1678214,True
vectorized,Mul,double,mean,1024,0.2,1,8718383,True
naive,Mul,double,mean,1024,0.2,1,2256873,True
vectorized,Mul,double,mean,1024,0.2,2,9618297,True
naive,Mul,double,mean,1024,0.2,2,2251300,True
vectorized,Mul,double,mean,1024,0.2,3,9568644,True
naive,Mul,double,mean,1024,0.2,3,2255490,True
vectorized,Mul,double,mean,1024,0.2,4,8049459,True
naive,Mul,double,mean,1024,0.2,4,2345428,True
vectorized,Mul,double,mean,1024,0.2,5,9236042,True
naive,Mul,double,mean,1024,0.2,5,2264087,True
vectorized,Mul,double,mean,1024,0.2,6,9143631,True
naive,Mul,double,mean,1024,0.2,6,2259190,True
vectorized,Mul,double,mean,1024,0.2,7,9518009,True
naive,Mul,double,mean,1024,0.2,7,2234517,True
vectorized,Mul,double,mean,1024,0.2,8,9242287,True
naive,Mul,double,mean,1024,0.2,8,2258832,True
vectorized,Mul,double,mean,1024,0.2,9,8269421,True
naive,Mul,double,mean,1024,0.2,9,2280288,True
vectorized,Mul,double,mean,1024,0.25,0,12212354,False
naive,Mul,double,mean,1024,0.25,0,4176847,False
vectorized,Mul,double,mean,1024,0.25,1,12171008,False
naive,Mul,double,mean,1024,0.25,1,4148909,False
vectorized,Mul,double,mean,1024,0.25,2,11845423,False
naive,Mul,double,mean,1024,0.25,2,4608984,False
vectorized,Mul,double,mean,1024,0.25,3,13161539,False
naive,Mul,double,mean,1024,0.25,3,4195191,False
vectorized,Mul,double,mean,1024,0.25,4,11823372,False
naive,Mul,double,mean,1024,0.25,4,4216407,False
vectorized,Mul,double,mean,1024,0.25,5,12930036,False
naive,Mul,double,mean,1024,0.25,5,4198876,False
vectorized,Mul,double,mean,1024,0.25,6,12301368,False
naive,Mul,double,mean,1024,0.25,6,4183659,False
vectorized,Mul,double,mean,1024,0.25,7,12715418,False
naive,Mul,double,mean,1024,0.25,7,4199285,False
vectorized,Mul,double,mean,1024,0.25,8,12442831,False
naive,Mul,double,mean,1024,0.25,8,4184609,False
vectorized,Mul,double,mean,1024,0.25,9,11960736,False
naive,Mul,double,mean,1024,0.25,9,4596178,False
vectorized,Mul,double,mean,1024,1.0,0,11253020,True
naive,Mul,double,mean,1024,1.0,0,5776811,True
vectorized,Mul,double,mean,1024,1.0,1,10745678,True
naive,Mul,double,mean,1024,1.0,1,5553081,True
vectorized,Mul,double,mean,1024,1.0,2,10716687,True
naive,Mul,double,mean,1024,1.0,2,5573537,True
vectorized,Mul,double,mean,1024,1.0,3,10985886,True
naive,Mul,double,mean,1024,1.0,3,5543489,True
vectorized,Mul,double,mean,1024,1.0,4,11311283,True
naive,Mul,double,mean,1024,1.0,4,5699314,True
vectorized,Mul,double,mean,1024,1.0,5,11383566,True
naive,Mul,double,mean,1024,1.0,5,5676084,True
vectorized,Mul,double,mean,1024,1.0,6,11295328,True
naive,Mul,double,mean,1024,1.0,6,5738048,True
vectorized,Mul,double,mean,1024,1.0,7,10762575,True
naive,Mul,double,mean,1024,1.0,7,5558684,True
vectorized,Mul,double,mean,1024,1.0,8,10766971,True
naive,Mul,double,mean,1024,1.0,8,5576143,True
vectorized,Mul,double,mean,1024,1.0,9,10689572,True
naive,Mul,double,mean,1024,1.0,9,5511551,True
vectorized,Mul,double,mean,2048,0.001,0,5163354,True
naive,Mul,double,mean,2048,0.001,0,68123,True
vectorized,Mul,double,mean,2048,0.001,1,5077341,True
naive,Mul,double,mean,2048,0.001,1,73684,True
vectorized,Mul,double,mean,2048,0.001,2,5072630,True
naive,Mul,double,mean,2048,0.001,2,75958,True
vectorized,Mul,double,mean,2048,0.001,3,5090675,True
naive,Mul,double,mean,2048,0.001,3,75234,True
vectorized,Mul,double,mean,2048,0.001,4,5100497,True
naive,Mul,double,mean,2048,0.001,4,76155,True
vectorized,Mul,double,mean,2048,0.001,5,5161491,True
naive,Mul,double,mean,2048,0.001,5,73380,True
vectorized,Mul,double,mean,2048,0.001,6,5078942,True
naive,Mul,double,mean,2048,0.001,6,73923,True
vectorized,Mul,double,mean,2048,0.001,7,5097798,True
naive,Mul,double,mean,2048,0.001,7,72030,True
vectorized,Mul,double,mean,2048,0.001,8,5097200,True
naive,Mul,double,mean,2048,0.001,8,73713,True
vectorized,Mul,double,mean,2048,0.001,9,5100307,True
naive,Mul,double,mean,2048,0.001,9,77181,True
vectorized,Mul,double,mean,2048,0.01,0,6208508,True
naive,Mul,double,mean,2048,0.01,0,466874,True
vectorized,Mul,double,mean,2048,0.01,1,5861042,True
naive,Mul,double,mean,2048,0.01,1,521701,True
vectorized,Mul,double,mean,2048,0.01,2,5852069,True
naive,Mul,double,mean,2048,0.01,2,418271,True
vectorized,Mul,double,mean,2048,0.01,3,5835005,True
naive,Mul,double,mean,2048,0.01,3,533435,True
vectorized,Mul,double,mean,2048,0.01,4,5865771,True
naive,Mul,double,mean,2048,0.01,4,532088,True
vectorized,Mul,double,mean,2048,0.01,5,5876095,True
naive,Mul,double,mean,2048,0.01,5,498481,True
vectorized,Mul,double,mean,2048,0.01,6,5849516,True
naive,Mul,double,mean,2048,0.01,6,534581,True
vectorized,Mul,double,mean,2048,0.01,7,5881017,True
naive,Mul,double,mean,2048,0.01,7,508075,True
vectorized,Mul,double,mean,2048,0.01,8,5871631,True
naive,Mul,double,mean,2048,0.01,8,499440,True
vectorized,Mul,double,mean,2048,0.01,9,5861151,True
naive,Mul,double,mean,2048,0.01,9,500492,True
vectorized,Mul,double,mean,2048,0.05,0,11906234,True
naive,Mul,double,mean,2048,0.05,0,1977379,True
vectorized,Mul,double,mean,2048,0.05,1,9962301,True
naive,Mul,double,mean,2048,0.05,1,2087852,True
vectorized,Mul,double,mean,2048,0.05,2,10328323,True
naive,Mul,double,mean,2048,0.05,2,2210122,True
vectorized,Mul,double,mean,2048,0.05,3,9894685,True
naive,Mul,double,mean,2048,0.05,3,2177264,True
vectorized,Mul,double,mean,2048,0.05,4,10077762,True
naive,Mul,double,mean,2048,0.05,4,2119634,True
vectorized,Mul,double,mean,2048,0.05,5,9079478,True
naive,Mul,double,mean,2048,0.05,5,2130934,True
vectorized,Mul,double,mean,2048,0.05,6,10091076,True
naive,Mul,double,mean,2048,0.05,6,2325314,True
vectorized,Mul,double,mean,2048,0.05,7,10091613,True
naive,Mul,double,mean,2048,0.05,7,2115586,True
vectorized,Mul,double,mean,2048,0.05,8,10457372,True
naive,Mul,double,mean,2048,0.05,8,2109591,True
vectorized,Mul,double,mean,2048,0.05,9,9984074,True
naive,Mul,double,mean,2048,0.05,9,2169497,True
vectorized,Mul,double,mean,2048,0.1,0,18113539,True
naive,Mul,double,mean,2048,0.1,0,3104057,True
vectorized,Mul,double,mean,2048,0.1,1,13951031,True
naive,Mul,double,mean,2048,0.1,1,4211825,True
vectorized,Mul,double,mean,2048,0.1,2,14256906,True
naive,Mul,double,mean,2048,0.1,2,4207262,True
vectorized,Mul,double,mean,2048,0.1,3,14180937,True
naive,Mul,double,mean,2048,0.1,3,4252655,True
vectorized,Mul,double,mean,2048,0.1,4,13491141,True
naive,Mul,double,mean,2048,0.1,4,4417716,True
vectorized,Mul,double,mean,2048,0.1,5,15366467,True
naive,Mul,double,mean,2048,0.1,5,4265473,True
vectorized,Mul,double,mean,2048,0.1,6,14300037,True
naive,Mul,double,mean,2048,0.1,6,4254382,True
vectorized,Mul,double,mean,2048,0.1,7,13024237,True
naive,Mul,double,mean,2048,0.1,7,4273692,True
vectorized,Mul,double,mean,2048,0.1,8,14771903,True
naive,Mul,double,mean,2048,0.1,8,4270885,True
vectorized,Mul,double,mean,2048,0.1,9,14692967,True
naive,Mul,double,mean,2048,0.1,9,4251220,True
vectorized,Mul,double,mean,2048,0.2,0,26137548,True
naive,Mul,double,mean,2048,0.2,0,6338757,True
vectorized,Mul,double,mean,2048,0.2,1,22094041,True
naive,Mul,double,mean,2048,0.2,1,9225961,True
vectorized,Mul,double,mean,2048,0.2,2,20976998,True
naive,Mul,double,mean,2048,0.2,2,8957847,True
vectorized,Mul,double,mean,2048,0.2,3,21223233,True
naive,Mul,double,mean,2048,0.2,3,8942064,True
vectorized,Mul,double,mean,2048,0.2,4,20812514,True
naive,Mul,double,mean,2048,0.2,4,8922136,True
vectorized,Mul,double,mean,2048,0.2,5,20247112,True
naive,Mul,double,mean,2048,0.2,5,8895792,True
vectorized,Mul,double,mean,2048,0.2,6,24168220,True
naive,Mul,double,mean,2048,0.2,6,8885051,True
vectorized,Mul,double,mean,2048,0.2,7,21156837,True
naive,Mul,double,mean,2048,0.2,7,9211464,True
vectorized,Mul,double,mean,2048,0.2,8,20757221,True
naive,Mul,double,mean,2048,0.2,8,8981650,True
vectorized,Mul,double,mean,2048,0.2,9,21086605,True
naive,Mul,double,mean,2048,0.2,9,8790018,True
vectorized,Mul,double,mean,2048,0.25,0,29445128,False
naive,Mul,double,mean,2048,0.25,0,17967449,False
vectorized,Mul,double,mean,2048,0.25,1,29362580,False
naive,Mul,double,mean,2048,0.25,1,17992950,False
vectorized,Mul,double,mean,2048,0.25,2,31618909,False
naive,Mul,double,mean,2048,0.25,2,17917005,False
vectorized,Mul,double,mean,2048,0.25,3,32800025,False
naive,Mul,double,mean,2048,0.25,3,17906260,False
vectorized,Mul,double,mean,2048,0.25,4,29939390,False
naive,Mul,double,mean,2048,0.25,4,17876588,False
vectorized,Mul,double,mean,2048,0.25,5,30064332,False
naive,Mul,double,mean,2048,0.25,5,17895830,False
vectorized,Mul,double,mean,2048,0.25,6,28664537,False
naive,Mul,double,mean,2048,0.25,6,17891693,False
vectorized,Mul,double,mean,2048,0.25,7,34914306,False
naive,Mul,double,mean,2048,0.25,7,16973224,False
vectorized,Mul,double,mean,2048,0.25,8,28446751,False
naive,Mul,double,mean,2048,0.25,8,17933419,False
vectorized,Mul,double,mean,2048,0.25,9,40045800,False
naive,Mul,double,mean,2048,0.25,9,17013654,False
vectorized,Mul,double,mean,2048,1.0,0,34507131,True
naive,Mul,double,mean,2048,1.0,0,17900778,True
vectorized,Mul,double,mean,2048,1.0,1,32753129,True
naive,Mul,double,mean,2048,1.0,1,17977233,True
vectorized,Mul,double,mean,2048,1.0,2,38905282,True
naive,Mul,double,mean,2048,1.0,2,17934281,True
vectorized,Mul,double,mean,2048,1.0,3,37532393,True
naive,Mul,double,mean,2048,1.0,3,17162331,True
vectorized,Mul,double,mean,2048,1.0,4,28206555,True
naive,Mul,double,mean,2048,1.0,4,17249067,True
vectorized,Mul,double,mean,2048,1.0,5,37311312,True
naive,Mul,double,mean,2048,1.0,5,17048787,True
vectorized,Mul,double,mean,2048,1.0,6,38131748,True
naive,Mul,double,mean,2048,1.0,6,17161063,True
vectorized,Mul,double,mean,2048,1.0,7,37478407,True
naive,Mul,double,mean,2048,1.0,7,18514747,True
vectorized,Mul,double,mean,2048,1.0,8,36976019,True
naive,Mul,double,mean,2048,1.0,8,18651090,True
vectorized,Mul,double,mean,2048,1.0,9,29506441,True
naive,Mul,double,mean,2048,1.0,9,17129719,True
vectorized,Mul,double,mean,4096,0.001,0,10196184,True
naive,Mul,double,mean,4096,0.001,0,220185,True
vectorized,Mul,double,mean,4096,0.001,1,9959418,True
naive,Mul,double,mean,4096,0.001,1,218891,True
vectorized,Mul,double,mean,4096,0.001,2,9961646,True
naive,Mul,double,mean,4096,0.001,2,217229,True
vectorized,Mul,double,mean,4096,0.001,3,9935366,True
naive,Mul,double,mean,4096,0.001,3,219776,True
vectorized,Mul,double,mean,4096,0.001,4,10153762,True
naive,Mul,double,mean,4096,0.001,4,218723,True
vectorized,Mul,double,mean,4096,0.001,5,9953610,True
naive,Mul,double,mean,4096,0.001,5,220535,True
vectorized,Mul,double,mean,4096,0.001,6,9969300,True
naive,Mul,double,mean,4096,0.001,6,216194,True
vectorized,Mul,double,mean,4096,0.001,7,9932871,True
naive,Mul,double,mean,4096,0.001,7,216148,True
vectorized,Mul,double,mean,4096,0.001,8,10019544,True
naive,Mul,double,mean,4096,0.001,8,217017,True
vectorized,Mul,double,mean,4096,0.001,9,9933592,True
naive,Mul,double,mean,4096,0.001,9,220744,True
vectorized,Mul,double,mean,4096,0.01,0,13962366,True
naive,Mul,double,mean,4096,0.01,0,1844362,True
vectorized,Mul,double,mean,4096,0.01,1,13122528,True
naive,Mul,double,mean,4096,0.01,1,2070851,True
vectorized,Mul,double,mean,4096,0.01,2,13175195,True
naive,Mul,double,mean,4096,0.01,2,2029806,True
vectorized,Mul,double,mean,4096,0.01,3,13257212,True
naive,Mul,double,mean,4096,0.01,3,2103259,True
vectorized,Mul,double,mean,4096,0.01,4,13111911,True
naive,Mul,double,mean,4096,0.01,4,2041992,True
vectorized,Mul,double,mean,4096,0.01,5,12292103,True
naive,Mul,double,mean,4096,0.01,5,2041912,True
vectorized,Mul,double,mean,4096,0.01,6,13052623,True
naive,Mul,double,mean,4096,0.01,6,2091313,True
vectorized,Mul,double,mean,4096,0.01,7,13383044,True
naive,Mul,double,mean,4096,0.01,7,2077376,True
vectorized,Mul,double,mean,4096,0.01,8,13173540,True
naive,Mul,double,mean,4096,0.01,8,2065699,True
vectorized,Mul,double,mean,4096,0.01,9,12967496,True
naive,Mul,double,mean,4096,0.01,9,1635065,True
vectorized,Mul,double,mean,4096,0.05,0,37242788,True
naive,Mul,double,mean,4096,0.05,0,6211435,True
vectorized,Mul,double,mean,4096,0.05,1,24498395,True
naive,Mul,double,mean,4096,0.05,1,8254771,True
vectorized,Mul,double,mean,4096,0.05,2,25244098,True
naive,Mul,double,mean,4096,0.05,2,8447918,True
vectorized,Mul,double,mean,4096,0.05,3,28623447,True
naive,Mul,double,mean,4096,0.05,3,8609191,True
vectorized,Mul,double,mean,4096,0.05,4,28947118,True
naive,Mul,double,mean,4096,0.05,4,8435625,True
vectorized,Mul,double,mean,4096,0.05,5,30719173,True
naive,Mul,double,mean,4096,0.05,5,8342372,True
vectorized,Mul,double,mean,4096,0.05,6,27810268,True
naive,Mul,double,mean,4096,0.05,6,8318988,True
vectorized,Mul,double,mean,4096,0.05,7,24449886,True
naive,Mul,double,mean,4096,0.05,7,8243836,True
vectorized,Mul,double,mean,4096,0.05,8,28296392,True
naive,Mul,double,mean,4096,0.05,8,8299268,True
vectorized,Mul,double,mean,4096,0.05,9,25183245,True
naive,Mul,double,mean,4096,0.05,9,8397260,True
vectorized,Mul,double,mean,4096,0.1,0,45816929,True
naive,Mul,double,mean,4096,0.1,0,13093481,True
vectorized,Mul,double,mean,4096,0.1,1,42519085,True
naive,Mul,double,mean,4096,0.1,1,17199440,True
vectorized,Mul,double,mean,4096,0.1,2,38619206,True
naive,Mul,double,mean,4096,0.1,2,17257210,True
vectorized,Mul,double,mean,4096,0.1,3,39822052,True
naive,Mul,double,mean,4096,0.1,3,17180515,True
vectorized,Mul,double,mean,4096,0.1,4,40137427,True
naive,Mul,double,mean,4096,0.1,4,17556791,True
vectorized,Mul,double,mean,4096,0.1,5,39119155,True
naive,Mul,double,mean,4096,0.1,5,17356099,True
vectorized,Mul,double,mean,4096,0.1,6,41306207,True
naive,Mul,double,mean,4096,0.1,6,17438555,True
vectorized,Mul,double,mean,4096,0.1,7,45294089,True
naive,Mul,double,mean,4096,0.1,7,17228192,True
vectorized,Mul,double,mean,4096,0.1,8,50250059,True
naive,Mul,double,mean,4096,0.1,8,17011539,True
vectorized,Mul,double,mean,4096,0.1,9,41196530,True
naive,Mul,double,mean,4096,0.1,9,17387315,True
vectorized,Mul,double,mean,4096,0.2,0,83814050,True
naive,Mul,double,mean,4096,0.2,0,25071830,True
vectorized,Mul,double,mean,4096,0.2,1,70613367,True
naive,Mul,double,mean,4096,0.2,1,36481356,True
vectorized,Mul,double,mean,4096,0.2,2,69484849,True
naive,Mul,double,mean,4096,0.2,2,36573654,True
vectorized,Mul,double,mean,4096,0.2,3,67333757,True
naive,Mul,double,mean,4096,0.2,3,36514781,True
vectorized,Mul,double,mean,4096,0.2,4,72539713,True
naive,Mul,double,mean,4096,0.2,4,36924679,True
vectorized,Mul,double,mean,4096,0.2,5,68146308,True
naive,Mul,double,mean,4096,0.2,5,36858273,True
vectorized,Mul,double,mean,4096,0.2,6,67660170,True
naive,Mul,double,mean,4096,0.2,6,36419912,True
vectorized,Mul,double,mean,4096,0.2,7,70095289,True
naive,Mul,double,mean,4096,0.2,7,36588273,True
vectorized,Mul,double,mean,4096,0.2,8,67146402,True
naive,Mul,double,mean,4096,0.2,8,36870691,True
vectorized,Mul,double,mean,4096,0.2,9,67861702,True
naive,Mul,double,mean,4096,0.2,9,36276241,True
vectorized,Mul,double,mean,4096,0.25,0,102747471,False
naive,Mul,double,mean,4096,0.25,0,73459518,False
vectorized,Mul,double,mean,4096,0.25,1,96576315,False
naive,Mul,double,mean,4096,0.25,1,73012997,False
vectorized,Mul,double,mean,4096,0.25,2,99112456,False
naive,Mul,double,mean,4096,0.25,2,75434884,False
vectorized,Mul,double,mean,4096,0.25,3,103074740,False
naive,Mul,double,mean,4096,0.25,3,72793830,False
vectorized,Mul,double,mean,4096,0.25,4,106631025,False
naive,Mul,double,mean,4096,0.25,4,73359055,False
vectorized,Mul,double,mean,4096,0.25,5,104240198,False
naive,Mul,double,mean,4096,0.25,5,73475076,False
vectorized,Mul,double,mean,4096,0.25,6,109422022,False
naive,Mul,double,mean,4096,0.25,6,73409237,False
vectorized,Mul,double,mean,4096,0.25,7,99352235,False
naive,Mul,double,mean,4096,0.25,7,74109468,False
vectorized,Mul,double,mean,4096,0.25,8,101330794,False
naive,Mul,double,mean,4096,0.25,8,75624520,False
vectorized,Mul,double,mean,4096,0.25,9,95574445,False
naive,Mul,double,mean,4096,0.25,9,72842374,False
vectorized,Mul,double,mean,4096,1.0,0,106317833,True
naive,Mul,double,mean,4096,1.0,0,73044553,True
vectorized,Mul,double,mean,4096,1.0,1,92661824,True
naive,Mul,double,mean,4096,1.0,1,71642153,True
vectorized,Mul,double,mean,4096,1.0,2,101704581,True
naive,Mul,double,mean,4096,1.0,2,73072117,True
vectorized,Mul,double,mean,4096,1.0,3,102082660,True
naive,Mul,double,mean,4096,1.0,3,71947791,True
vectorized,Mul,double,mean,4096,1.0,4,104076409,True
naive,Mul,double,mean,4096,1.0,4,72881545,True
vectorized,Mul,double,mean,4096,1.0,5,98583857,True
naive,Mul,double,mean,4096,1.0,5,71523532,True
vectorized,Mul,double,mean,4096,1.0,6,97725113,True
naive,Mul,double,mean,4096,1.0,6,75188223,True
vectorized,Mul,double,mean,4096,1.0,7,103102491,True
naive,Mul,double,mean,4096,1.0,7,69998951,True
vectorized,Mul,double,mean,4096,1.0,8,100848768,True
naive,Mul,double,mean,4096,1.0,8,70061440,True
vectorized,Mul,double,mean,4096,1.0,9,92899005,True
naive,Mul,double,mean,4096,1.0,9,70813681,True
vectorized,Mul,double,min,1024,0.001,0,4284099,True
naive,Mul,double,min,1024,0.001,0,33830,True
vectorized,Mul,double,min,1024,0.001,1,4324639,True
naive,Mul,double,min,1024,0.001,1,33848,True
vectorized,Mul,double,min,1024,0.001,2,4287019,True
naive,Mul,double,min,1024,0.001,2,33806,True
vectorized,Mul,double,min,1024,0.001,3,4325595,True
naive,Mul,double,min,1024,0.001,3,33912,True
vectorized,Mul,double,min,1024,0.001,4,4292844,True
naive,Mul,double,min,1024,0.001,4,38176,True
vectorized,Mul,double,min,1024,0.001,5,4355910,True
naive,Mul,double,min,1024,0.001,5,33862,True
vectorized,Mul,double,min,1024,0.001,6,4322380,True
naive,Mul,double,min,1024,0.001,6,34614,True
vectorized,Mul,double,min,1024,0.001,7,4328996,True
naive,Mul,double,min,1024,0.001,7,33597,True
vectorized,Mul,double,min,1024,0.001,8,4295784,True
naive,Mul,double,min,1024,0.001,8,33815,True
vectorized,Mul,double,min,1024,0.001,9,4319599,True
naive,Mul,double,min,1024,0.001,9,33806,True
vectorized,Mul,double,min,1024,0.01,0,4355344,True
naive,Mul,double,min,1024,0.01,0,120225,True
vectorized,Mul,double,min,1024,0.01,1,4490992,True
naive,Mul,double,min,1024,0.01,1,113488,True
vectorized,Mul,double,min,1024,0.01,2,4425562,True
naive,Mul,double,min,1024,0.01,2,131137,True
vectorized,Mul,double,min,1024,0.01,3,4413259,True
naive,Mul,double,min,1024,0.01,3,130890,True
vectorized,Mul,double,min,1024,0.01,4,4410471,True
naive,Mul,double,min,1024,0.01,4,130904,True
vectorized,Mul,double,min,1024,0.01,5,4418219,True
naive,Mul,double,min,1024,0.01,5,132565,True
vectorized,Mul,double,min,1024,0.01,6,4425580,True
naive,Mul,double,min,1024,0.01,6,131142,True
vectorized,Mul,double,min,1024,0.01,7,4440105,True
naive,Mul,double,min,1024,0.01,7,131879,True
vectorized,Mul,double,min,1024,0.01,8,4473504,True
naive,Mul,double,min,1024,0.01,8,131813,True
vectorized,Mul,double,min,1024,0.01,9,4436692,True
naive,Mul,double,min,1024,0.01,9,131674,True
vectorized,Mul,double,min,1024,0.05,0,4575721,True
naive,Mul,double,min,1024,0.05,0,545625,True
vectorized,Mul,double,min,1024,0.05,1,4959402,True
naive,Mul,double,min,1024,0.05,1,622164,True
vectorized,Mul,double,min,1024,0.05,2,5029252,True
naive,Mul,double,min,1024,0.05,2,658391,True
vectorized,Mul,double,min,1024,0.05,3,4514653,True
naive,Mul,double,min,1024,0.05,3,634722,True
vectorized,Mul,double,min,1024,0.05,4,4998786,True
naive,Mul,double,min,1024,0.05,4,630673,True
vectorized,Mul,double,min,1024,0.05,5,5003738,True
naive,Mul,double,min,1024,0.05,5,680455,True
vectorized,Mul,double,min,1024,0.05,6,5103278,True
naive,Mul,double,min,1024,0.05,6,623227,True
vectorized,Mul,double,min,1024,0.05,7,5034858,True
naive,Mul,double,min,1024,0.05,7,676179,True
vectorized,Mul,double,min,1024,0.05,8,4948724,True
naive,Mul,double,min,1024,0.05,8,636191,True
vectorized,Mul,double,min,1024,0.05,9,4960446,True
naive,Mul,double,min,1024,0.05,9,646024,True
vectorized,Mul,double,min,1024,0.1,0,4893316,True
naive,Mul,double,min,1024,0.1,0,1134717,True
vectorized,Mul,double,min,1024,0.1,1,5706209,True
naive,Mul,double,min,1024,0.1,1,1331190,True
vectorized,Mul,double,min,1024,0.1,2,5650251,True
naive,Mul,double,min,1024,0.1,2,1359698,True
vectorized,Mul,double,min,1024,0.1,3,5939510,True
naive,Mul,double,min,1024,0.1,3,1343098,True
vectorized,Mul,double,min,1024,0.1,4,4991655,True
naive,Mul,double,min,1024,0.1,4,1346685,True
vectorized,Mul,double,min,1024,0.1,5,5726905,True
naive,Mul,double,min,1024,0.1,5,1345780,True
vectorized,Mul,double,min,1024,0.1,6,5655519,True
naive,Mul,double,min,1024,0.1,6,1333896,True
vectorized,Mul,double,min,1024,0.1,7,5701864,True
naive,Mul,double,min,1024,0.1,7,1332498,True
vectorized,Mul,double,min,1024,0.1,8,5948165,True
naive,Mul,double,min,1024,0.1,8,1327606,True
vectorized,Mul,double,min,1024,0.1,9,5637941,True
naive,Mul,double,min,1024,0.1,9,1351460,True
vectorized,Mul,double,min,1024,0.2,0,6362736,True
naive,Mul,double,min,1024,0.2,0,1498312,True
vectorized,Mul,double,min,1024,0.2,1,8081238,True
naive,Mul,double,min,1024,0.2,1,2257228,True
vectorized,Mul,double,min,1024,0.2,2,7732196,True
naive,Mul,double,min,1024,0.2,2,2262287,True
vectorized,Mul,double,min,1024,0.2,3,7836649,True
naive,Mul,double,min,1024,0.2,3,2338412,True
vectorized,Mul,double,min,1024,0.2,4,7615764,True
naive,Mul,double,min,1024,0.2,4,2277038,True
vectorized,Mul,double,min,1024,0.2,5,7875191,True
naive,Mul,double,min,1024,0.2,5,2287710,True
vectorized,Mul,double,min,1024,0.2,6,7706748,True
naive,Mul,double,min,1024,0.2,6,2263919,True
vectorized,Mul,double,min,1024,0.2,7,7904162,True
naive,Mul,double,min,1024,0.2,7,2307953,True
vectorized,Mul,double,min,1024,0.2,8,7576292,True
naive,Mul,double,min,1024,0.2,8,2372405,True
vectorized,Mul,double,min,1024,0.2,9,7255301,True
naive,Mul,double,min,1024,0.2,9,2264849,True
vectorized,Mul,double,min,1024,0.25,0,8633476,False
naive,Mul,double,min,1024,0.25,0,4450265,False
vectorized,Mul,double,min,1024,0.25,1,8099236,False
naive,Mul,double,min,1024,0.25,1,4316243,False
vectorized,Mul,double,min,1024,0.25,2,8670643,False
naive,Mul,double,min,1024,0.25,2,4246915,False
vectorized,Mul,double,min,1024,0.25,3,8122362,False
naive,Mul,double,min,1024,0.25,3,4297316,False
vectorized,Mul,double,min,1024,0.25,4,8328888,False
naive,Mul,double,min,1024,0.25,4,4272550,False
vectorized,Mul,double,min,1024,0.25,5,8381112,False
naive,Mul,double,min,1024,0.25,5,4353284,False
vectorized,Mul,double,min,1024,0.25,6,7977534,False
naive,Mul,double,min,1024,0.25,6,4271882,False
vectorized,Mul,double,min,1024,0.25,7,8058473,False
naive,Mul,double,min,1024,0.25,7,4251864,False
vectorized,Mul,double,min,1024,0.25,8,7973936,False
naive,Mul,double,min,1024,0.25,8,4511204,False
vectorized,Mul,double,min,1024,0.25,9,7745057,False
naive,Mul,double,min,1024,0.25,9,4585681,False
vectorized,Mul,double,min,1024,1.0,0,7463952,True
naive,Mul,double,min,1024,1.0,0,5766942,True
vectorized,Mul,double,min,1024,1.0,1,7060437,True
naive,Mul,double,min,1024,1.0,1,5599981,True
vectorized,Mul,double,min,1024,1.0,2,7025498,True
naive,Mul,double,min,1024,1.0,2,5638561,True
vectorized,Mul,double,min,1024,1.0,3,7228741,True
naive,Mul,double,min,1024,1.0,3,5783145,True
vectorized,Mul,double,min,1024,1.0,4,7412596,True
naive,Mul,double,min,1024,1.0,4,5634927,True
vectorized,Mul,double,min,1024,1.0,5,7020993,True
naive,Mul,double,min,1024,1.0,5,5631418,True
vectorized,Mul,double,min,1024,1.0,6,7386783,True
naive,Mul,double,min,1024,1.0,6,5640688,True
vectorized,Mul,double,min,1024,1.0,7,7018532,True
naive,Mul,double,min,1024,1.0,7,5625122,True
vectorized,Mul,double,min,1024,1.0,8,7437149,True
naive,Mul,double,min,1024,1.0,8,5943046,True
vectorized,Mul,double,min,1024,1.0,9,7036687,True
naive,Mul,double,min,1024,1.0,9,5603065,True
vectorized,Mul,double,min,2048,0.001,0,4842341,True
naive,Mul,double,min,2048,0.001,0,61390,True
vectorized,Mul,double,min,2048,0.001,1,4854052,True
naive,Mul,double,min,2048,0.001,1,72048,True
vectorized,Mul,double,min,2048,0.001,2,4867277,True
naive,Mul,double,min,2048,0.001,2,76385,True
vectorized,Mul,double,min,2048,0.001,3,4874940,True
naive,Mul,double,min,2048,0.001,3,73148,True
vectorized,Mul,double,min,2048,0.001,4,4872457,True
naive,Mul,double,min,2048,0.001,4,72361,True
vectorized,Mul,double,min,2048,0.001,5,4882505,True
naive,Mul,double,min,2048,0.001,5,72586,True
vectorized,Mul,double,min,2048,0.001,6,4873320,True
naive,Mul,double,min,2048,0.001,6,64453,True
vectorized,Mul,double,min,2048,0.001,7,4851425,True
naive,Mul,double,min,2048,0.001,7,72613,True
vectorized,Mul,double,min,2048,0.001,8,4878515,True
naive,Mul,double,min,2048,0.001,8,81891,True
vectorized,Mul,double,min,2048,0.001,9,4850991,True
naive,Mul,double,min,2048,0.001,9,72967,True
vectorized,Mul,double,min,2048,0.01,0,5021191,True
naive,Mul,double,min,2048,0.01,0,465689,True
vectorized,Mul,double,min,2048,0.01,1,5267690,True
naive,Mul,double,min,2048,0.01,1,424211,True
vectorized,Mul,double,min,2048,0.01,2,5287863,True
naive,Mul,double,min,2048,0.01,2,503353,True
vectorized,Mul,double,min,2048,0.01,3,5317189,True
naive,Mul,double,min,2048,0.01,3,515746,True
vectorized,Mul,double,min,2048,0.01,4,5319911,True
naive,Mul,double,min,2048,0.01,4,501143,True
vectorized,Mul,double,min,2048,0.01,5,5388584,True
naive,Mul,double,min,2048,0.01,5,497776,True
vectorized,Mul,double,min,2048,0.01,6,5298477,True
naive,Mul,double,min,2048,0.01,6,497315,True
vectorized,Mul,double,min,2048,0.01,7,5287268,True
naive,Mul,double,min,2048,0.01,7,501764,True
vectorized,Mul,double,min,2048,0.01,8,5321654,True
naive,Mul,double,min,2048,0.01,8,539194,True
vectorized,Mul,double,min,2048,0.01,9,5300675,True
naive,Mul,double,min,2048,0.01,9,503339,True
vectorized,Mul,double,min,2048,0.05,0,6791961,True
naive,Mul,double,min,2048,0.05,0,1604867,True
vectorized,Mul,double,min,2048,0.05,1,8071169,True
naive,Mul,double,min,2048,0.05,1,2240499,True
vectorized,Mul,double,min,2048,0.05,2,8438210,True
naive,Mul,double,min,2048,0.05,2,2330099,True
vectorized,Mul,double,min,2048,0.05,3,7884624,True
naive,Mul,double,min,2048,0.05,3,2176046,True
vectorized,Mul,double,min,2048,0.05,4,8025250,True
naive,Mul,double,min,2048,0.05,4,2437997,True
vectorized,Mul,double,min,2048,0.05,5,7823160,True
naive,Mul,double,min,2048,0.05,5,2131186,True
vectorized,Mul,double,min,2048,0.05,6,7718776,True
naive,Mul,double,min,2048,0.05,6,2181157,True
vectorized,Mul,double,min,2048,0.05,7,8210169,True
naive,Mul,double,min,2048,0.05,7,2074558,True
vectorized,Mul,double,min,2048,0.05,8,8435188,True
naive,Mul,double,min,2048,0.05,8,2122032,True
vectorized,Mul,double,min,2048,0.05,9,7824503,True
naive,Mul,double,min,2048,0.05,9,2079619,True
vectorized,Mul,double,min,2048,0.1,0,7992097,True
naive,Mul,double,min,2048,0.1,0,3264696,True
vectorized,Mul,double,min,2048,0.1,1,10642148,True
naive,Mul,double,min,2048,0.1,1,4257377,True
vectorized,Mul,double,min,2048,0.1,2,10641976,True
naive,Mul,double,min,2048,0.1,2,4268114,True
vectorized,Mul,double,min,2048,0.1,3,11082207,True
naive,Mul,double,min,2048,0.1,3,4279957,True
vectorized,Mul,double,min,2048,0.1,4,10294738,True
naive,Mul,double,min,2048,0.1,4,4283001,True
vectorized,Mul,double,min,2048,0.1,5,10767577,True
naive,Mul,double,min,2048,0.1,5,4247662,True
vectorized,Mul,double,min,2048,0.1,6,10427273,True
naive,Mul,double,min,2048,0.1,6,4226894,True
vectorized,Mul,double,min,2048,0.1,7,10616624,True
naive,Mul,double,min,2048,0.1,7,4217388,True
vectorized,Mul,double,min,2048,0.1,8,10309505,True
naive,Mul,double,min,2048,0.1,8,4267684,True
vectorized,Mul,double,min,2048,0.1,9,10698573,True
naive,Mul,double,min,2048,0.1,9,4269330,True
vectorized,Mul,double,min,2048,0.2,0,10116750,True
naive,Mul,double,min,2048,0.2,0,6306122,True
vectorized,Mul,double,min,2048,0.2,1,15538988,True
naive,Mul,double,min,2048,0.2,1,8827295,True
vectorized,Mul,double,min,2048,0.2,2,15640273,True
naive,Mul,double,min,2048,0.2,2,8889302,True
vectorized,Mul,double,min,2048,0.2,3,15534070,True
naive,Mul,double,min,2048,0.2,3,8894330,True
vectorized,Mul,double,min,2048,0.2,4,15398235,True
naive,Mul,double,min,2048,0.2,4,9158745,True
vectorized,Mul,double,min,2048,0.2,5,16340957,True
naive,Mul,double,min,2048,0.2,5,8947378,True
vectorized,Mul,double,min,2048,0.2,6,15783646,True
naive,Mul,double,min,2048,0.2,6,8777183,True
vectorized,Mul,double,min,2048,0.2,7,16226075,True
naive,Mul,double,min,2048,0.2,7,8838794,True
vectorized,Mul,double,min,2048,0.2,8,15653322,True
naive,Mul,double,min,2048,0.2,8,9012688,True
vectorized,Mul,double,min,2048,0.2,9,15008596,True
naive,Mul,double,min,2048,0.2,9,8847378,True
vectorized,Mul,double,min,2048,0.25,0,17401237,False
naive,Mul,double,min,2048,0.25,0,18177127,False
vectorized,Mul,double,min,2048,0.25,1,19121477,False
naive,Mul,double,min,2048,0.25,1,18277535,False
vectorized,Mul,double,min,2048,0.25,2,17467724,False
naive,Mul,double,min,2048,0.25,2,18229402,False
vectorized,Mul,double,min,2048,0.25,3,18212483,False
naive,Mul,double,min,2048,0.25,3,18223975,False
vectorized,Mul,double,min,2048,0.25,4,16779309,False
naive,Mul,double,min,2048,0.25,4,17267997,False
vectorized,Mul,double,min,2048,0.25,5,19698819,False
naive,Mul,double,min,2048,0.25,5,18295955,False
vectorized,Mul,double,min,2048,0.25,6,17890432,False
naive,Mul,double,min,2048,0.25,6,17264466,False
vectorized,Mul,double,min,2048,0.25,7,16824325,False
naive,Mul,double,min,2048,0.25,7,17294638,False
vectorized,Mul,double,min,2048,0.25,8,17648362,False
naive,Mul,double,min,2048,0.25,8,17224358,False
vectorized,Mul,double,min,2048,0.25,9,18107865,False
naive,Mul,double,min,2048,0.25,9,18255575,False
vectorized,Mul,double,min,2048,1.0,0,18557173,True
naive,Mul,double,min,2048,1.0,0,19699006,True
vectorized,Mul,double,min,2048,1.0,1,17567890,True
naive,Mul,double,min,2048,1.0,1,18118575,True
vectorized,Mul,double,min,2048,1.0,2,19173391,True
naive,Mul,double,min,2048,1.0,2,17348986,True
vectorized,Mul,double,min,2048,1.0,3,19220449,True
naive,Mul,double,min,2048,1.0,3,18530425,True
vectorized,Mul,double,min,2048,1.0,4,19301131,True
naive,Mul,double,min,2048,1.0,4,19093645,True
vectorized,Mul,double,min,2048,1.0,5,19161223,True
naive,Mul,double,min,2048,1.0,5,18152395,True
vectorized,Mul,double,min,2048,1.0,6,18847716,True
naive,Mul,double,min,2048,1.0,6,18201334,True
vectorized,Mul,double,min,2048,1.0,7,19334802,True
naive,Mul,double,min,2048,1.0,7,17470511,True
vectorized,Mul,double,min,2048,1.0,8,18561488,True
naive,Mul,double,min,2048,1.0,8,17331558,True
vectorized,Mul,double,min,2048,1.0,9,19311483,True
naive,Mul,double,min,2048,1.0,9,17366417,True
vectorized,Mul,double,min,4096,0.001,0,8266106,True
naive,Mul,double,min,4096,0.001,0,219406,True
vectorized,Mul,double,min,4096,0.001,1,8295772,True
naive,Mul,double,min,4096,0.001,1,222068,True
vectorized,Mul,double,min,4096,0.001,2,8296780,True
naive,Mul,double,min,4096,0.001,2,216423,True
vectorized,Mul,double,min,4096,0.001,3,8264554,True
naive,Mul,double,min,4096,0.001,3,217957,True
vectorized,Mul,double,min,4096,0.001,4,8302515,True
naive,Mul,double,min,4096,0.001,4,217429,True
vectorized,Mul,double,min,4096,0.001,5,8347848,True
naive,Mul,double,min,4096,0.001,5,220874,True
vectorized,Mul,double,min,4096,0.001,6,8297095,True
naive,Mul,double,min,4096,0.001,6,216742,True
vectorized,Mul,double,min,4096,0.001,7,8352419,True
naive,Mul,double,min,4096,0.001,7,219517,True
vectorized,Mul,double,min,4096,0.001,8,8351371,True
naive,Mul,double,min,4096,0.001,8,214756,True
vectorized,Mul,double,min,4096,0.001,9,8298828,True
naive,Mul,double,min,4096,0.001,9,218029,True
vectorized,Mul,double,min,4096,0.01,0,7664027,True
naive,Mul,double,min,4096,0.01,0,1844007,True
vectorized,Mul,double,min,4096,0.01,1,10307992,True
naive,Mul,double,min,4096,0.01,1,1622926,True
vectorized,Mul,double,min,4096,0.01,2,10456076,True
naive,Mul,double,min,4096,0.01,2,2069541,True
vectorized,Mul,double,min,4096,0.01,3,10474969,True
naive,Mul,double,min,4096,0.01,3,2021451,True
vectorized,Mul,double,min,4096,0.01,4,10346048,True
naive,Mul,double,min,4096,0.01,4,2033581,True
vectorized,Mul,double,min,4096,0.01,5,10444979,True
naive,Mul,double,min,4096,0.01,5,2026517,True
vectorized,Mul,double,min,4096,0.01,6,10448889,True
naive,Mul,double,min,4096,0.01,6,2082270,True
vectorized,Mul,double,min,4096,0.01,7,10384616,True
naive,Mul,double,min,4096,0.01,7,2029196,True
vectorized,Mul,double,min,4096,0.01,8,10431079,True
naive,Mul,double,min,4096,0.01,8,2073002,True
vectorized,Mul,double,min,4096,0.01,9,10436413,True
naive,Mul,double,min,4096,0.01,9,2044814,True
vectorized,Mul,double,min,4096,0.05,0,12548932,True
naive,Mul,double,min,4096,0.05,0,5961419,True
vectorized,Mul,double,min,4096,0.05,1,18486615,True
naive,Mul,double,min,4096,0.05,1,8268839,True
vectorized,Mul,double,min,4096,0.05,2,17961135,True
naive,Mul,double,min,4096,0.05,2,8460719,True
vectorized,Mul,double,min,4096,0.05,3,18114953,True
naive,Mul,double,min,4096,0.05,3,8334730,True
vectorized,Mul,double,min,4096,0.05,4,18009313,True
naive,Mul,double,min,4096,0.05,4,8333977,True
vectorized,Mul,double,min,4096,0.05,5,17993834,True
naive,Mul,double,min,4096,0.05,5,8333004,True
vectorized,Mul,double,min,4096,0.05,6,17673340,True
naive,Mul,double,min,4096,0.05,6,8377826,True
vectorized,Mul,double,min,4096,0.05,7,17734958,True
naive,Mul,double,min,4096,0.05,7,8422880,True
vectorized,Mul,double,min,4096,0.05,8,17023981,True
naive,Mul,double,min,4096,0.05,8,8285654,True
vectorized,Mul,double,min,4096,0.05,9,18155002,True
naive,Mul,double,min,4096,0.05,9,8359336,True
vectorized,Mul,double,min,4096,0.1,0,17418647,True
naive,Mul,double,min,4096,0.1,0,12721337,True
vectorized,Mul,double,min,4096,0.1,1,26571186,True
naive,Mul,double,min,4096,0.1,1,17171357,True
vectorized,Mul,double,min,4096,0.1,2,27075478,True
naive,Mul,double,min,4096,0.1,2,17054367,True
vectorized,Mul,double,min,4096,0.1,3,27667670,True
naive,Mul,double,min,4096,0.1,3,17289785,True
vectorized,Mul,double,min,4096,0.1,4,27757969,True
naive,Mul,double,min,4096,0.1,4,17500049,True
vectorized,Mul,double,min,4096,0.1,5,27334635,True
naive,Mul,double,min,4096,0.1,5,17139168,True
vectorized,Mul,double,min,4096,0.1,6,27348285,True
naive,Mul,double,min,4096,0.1,6,17819543,True
vectorized,Mul,double,min,4096,0.1,7,26550918,True
naive,Mul,double,min,4096,0.1,7,17128316,True
vectorized,Mul,double,min,4096,0.1,8,27277214,True
naive,Mul,double,min,4096,0.1,8,17683055,True
vectorized,Mul,double,min,4096,0.1,9,25306996,True
naive,Mul,double,min,4096,0.1,9,17187413,True
vectorized,Mul,double,min,4096,0.2,0,22649748,True
naive,Mul,double,min,4096,0.2,0,25364535,True
vectorized,Mul,double,min,4096,0.2,1,42522405,True
naive,Mul,double,min,4096,0.2,1,36364247,True
vectorized,Mul,double,min,4096,0.2,2,45170681,True
naive,Mul,double,min,4096,0.2,2,36651316,True
vectorized,Mul,double,min,4096,0.2,3,44266628,True
naive,Mul,double,min,4096,0.2,3,38738580,True
vectorized,Mul,double,min,4096,0.2,4,46716951,True
naive,Mul,double,min,4096,0.2,4,36322211,True
vectorized,Mul,double,min,4096,0.2,5,44285676,True
naive,Mul,double,min,4096,0.2,5,37001448,True
vectorized,Mul,double,min,4096,0.2,6,47358867,True
naive,Mul,double,min,4096,0.2,6,36562632,True
vectorized,Mul,double,min,4096,0.2,7,44919077,True
naive,Mul,double,min,4096,0.2,7,36828178,True
vectorized,Mul,double,min,4096,0.2,8,44769630,True
naive,Mul,double,min,4096,0.2,8,36227767,True
vectorized,Mul,double,min,4096,0.2,9,44106916,True
naive,Mul,double,min,4096,0.2,9,36805006,True
vectorized,Mul,double,min,4096,0.25,0,50262703,False
naive,Mul,double,min,4096,0.25,0,74145123,False
vectorized,Mul,double,min,4096,0.25,1,48309303,False
naive,Mul,double,min,4096,0.25,1,71667740,False
vectorized,Mul,double,min,4096,0.25,2,60599144,False
naive,Mul,double,min,4096,0.25,2,73650124,False
vectorized,Mul,double,min,4096,0.25,3,49622226,False
naive,Mul,double,min,4096,0.25,3,72662199,False
vectorized,Mul,double,min,4096,0.25,4,47201184,False
naive,Mul,double,min,4096,0.25,4,72448398,False
vectorized,Mul,double,min,4096,0.25,5,54162917,False
naive,Mul,double,min,4096,0.25,5,73576798,False
vectorized,Mul,double,min,4096,0.25,6,45110072,False
naive,Mul,double,min,4096,0.25,6,73548751,False
vectorized,Mul,double,min,4096,0.25,7,52237776,False
naive,Mul,double,min,4096,0.25,7,72754622,False
vectorized,Mul,double,min,4096,0.25,8,47331234,False
naive,Mul,double,min,4096,0.25,8,73999716,False
vectorized,Mul,double,min,4096,0.25,9,48736154,False
naive,Mul,double,min,4096,0.25,9,71267280,False
vectorized,Mul,double,min,4096,1.0,0,51975514,True
naive,Mul,double,min,4096,1.0,0,73662594,True
vectorized,Mul,double,min,4096,1.0,1,47390394,True
naive,Mul,double,min,4096,1.0,1,71045755,True
vectorized,Mul,double,min,4096,1.0,2,54304381,True
naive,Mul,double,min,4096,1.0,2,74540124,True
vectorized,Mul,double,min,4096,1.0,3,55530048,True
naive,Mul,double,min,4096,1.0,3,73493880,True
vectorized,Mul,double,min,4096,1.0,4,54312135,True
naive,Mul,double,min,4096,1.0,4,74362075,True
vectorized,Mul,double,min,4096,1.0,5,51938131,True
naive,Mul,double,min,4096,1.0,5,73507830,True
vectorized,Mul,double,min,4096,1.0,6,51507081,True
naive,Mul,double,min,4096,1.0,6,71952320,True
vectorized,Mul,double,min,4096,1.0,7,54326506,True
naive,Mul,double,min,4096,1.0,7,72493924,True
vectorized,Mul,double,min,4096,1.0,8,50255747,True
naive,Mul,double,min,4096,1.0,8,75023621,True
vectorized,Mul,double,min,4096,1.0,9,46217062,True
naive,Mul,double,min,4096,1.0,9,74347009,True
vectorized,Mul,double,max,1024,0.001,0,4304509,True
naive,Mul,double,max,1024,0.001,0,34220,True
vectorized,Mul,double,max,1024,0.001,1,4301386,True
naive,Mul,double,max,1024,0.001,1,33767,True
vectorized,Mul,double,max,1024,0.001,2,4302702,True
naive,Mul,double,max,1024,0.001,2,33922,True
vectorized,Mul,double,max,1024,0.001,3,4307176,True
naive,Mul,double,max,1024,0.001,3,33537,True
vectorized,Mul,double,max,1024,0.001,4,4293624,True
naive,Mul,double,max,1024,0.001,4,34128,True
vectorized,Mul,double,max,1024,0.001,5,4276307,True
naive,Mul,double,max,1024,0.001,5,34296,True
vectorized,Mul,double,max,1024,0.001,6,4187994,True
naive,Mul,double,max,1024,0.001,6,33845,True
vectorized,Mul,double,max,1024,0.001,7,4291349,True
naive,Mul,double,max,1024,0.001,7,33604,True
vectorized,Mul,double,max,1024,0.001,8,4286167,True
naive,Mul,double,max,1024,0.001,8,34963,True
vectorized,Mul,double,max,1024,0.001,9,4288236,True
naive,Mul,double,max,1024,0.001,9,33308,True
vectorized,Mul,double,max,1024,0.01,0,4369814,True
naive,Mul,double,max,1024,0.01,0,121251,True
vectorized,Mul,double,max,1024,0.01,1,4464946,True
naive,Mul,double,max,1024,0.01,1,131440,True
vectorized,Mul,double,max,1024,0.01,2,4403612,True
naive,Mul,double,max,1024,0.01,2,131759,True
vectorized,Mul,double,max,1024,0.01,3,4425627,True
naive,Mul,double,max,1024,0.01,3,130909,True
vectorized,Mul,double,max,1024,0.01,4,4419396,True
naive,Mul,double,max,1024,0.01,4,132112,True
vectorized,Mul,double,max,1024,0.01,5,4425518,True
naive,Mul,double,max,1024,0.01,5,134550,True
vectorized,Mul,double,max,1024,0.01,6,4496402,True
naive,Mul,double,max,1024,0.01,6,135283,True
vectorized,Mul,double,max,1024,0.01,7,4409031,True
naive,Mul,double,max,1024,0.01,7,132469,True
vectorized,Mul,double,max,1024,0.01,8,4412674,True
naive,Mul,double,max,1024,0.01,8,131776,True
vectorized,Mul,double,max,1024,0.01,9,4399807,True
naive,Mul,double,max,1024,0.01,9,133821,True
vectorized,Mul,double,max,1024,0.05,0,4676709,True
naive,Mul,double,max,1024,0.05,0,553964,True
vectorized,Mul,double,max,1024,0.05,1,5015673,True
naive,Mul,double,max,1024,0.05,1,664810,True
vectorized,Mul,double,max,1024,0.05,2,4974642,True
naive,Mul,double,max,1024,0.05,2,626833,True
vectorized,Mul,double,max,1024,0.05,3,4966769,True
naive,Mul,double,max,1024,0.05,3,647217,True
vectorized,Mul,double,max,1024,0.05,4,5037718,True
naive,Mul,double,max,1024,0.05,4,628052,True
vectorized,Mul,double,max,1024,0.05,5,4975282,True
naive,Mul,double,max,1024,0.05,5,626267,True
vectorized,Mul,double,max,1024,0.05,6,4994696,True
naive,Mul,double,max,1024,0.05,6,624352,True
vectorized,Mul,double,max,1024,0.05,7,4977956,True
naive,Mul,double,max,1024,0.05,7,626713,True
vectorized,Mul,double,max,1024,0.05,8,4973337,True
naive,Mul,double,max,1024,0.05,8,626928,True
vectorized,Mul,double,max,1024,0.05,9,4991362,True
naive,Mul,double,max,1024,0.05,9,645627,True
vectorized,Mul,double,max,1024,0.1,0,4859549,True
naive,Mul,double,max,1024,0.1,0,1134487,True
vectorized,Mul,double,max,1024,0.1,1,5678838,True
naive,Mul,double,max,1024,0.1,1,1373126,True
vectorized,Mul,double,max,1024,0.1,2,5616251,True
naive,Mul,double,max,1024,0.1,2,1328948,True
vectorized,Mul,double,max,1024,0.1,3,5621707,True
naive,Mul,double,max,1024,0.1,3,1340800,True
vectorized,Mul,double,max,1024,0.1,4,5604145,True
naive,Mul,double,max,1024,0.1,4,1360037,True
vectorized,Mul,double,max,1024,0.1,5,5617624,True
naive,Mul,double,max,1024,0.1,5,1305427,True
vectorized,Mul,double,max,1024,0.1,6,5618113,True
naive,Mul,double,max,1024,0.1,6,1365144,True
vectorized,Mul,double,max,1024,0.1,7,5676651,True
naive,Mul,double,max,1024,0.1,7,1336302,True
vectorized,Mul,double,max,1024,0.1,8,5707166,True
naive,Mul,double,max,1024,0.1,8,1438054,True
vectorized,Mul,double,max,1024,0.1,9,5672992,True
naive,Mul,double,max,1024,0.1,9,1352494,True
vectorized,Mul,double,max,1024,0.2,0,6529475,True
naive,Mul,double,max,1024,0.2,0,1576357,True
vectorized,Mul,double,max,1024,0.2,1,7841681,True
naive,Mul,double,max,1024,0.2,1,2265324,True
vectorized,Mul,double,max,1024,0.2,2,8300930,True
naive,Mul,double,max,1024,0.2,2,2281243,True
vectorized,Mul,double,max,1024,0.2,3,7390792,True
naive,Mul,double,max,1024,0.2,3,2258707,True
vectorized,Mul,double,max,1024,0.2,4,8316871,True
naive,Mul,double,max,1024,0.2,4,2256854,True
vectorized,Mul,double,max,1024,0.2,5,7678032,True
naive,Mul,double,max,1024,0.2,5,2275730,True
vectorized,Mul,double,max,1024,0.2,6,7487612,True
naive,Mul,double,max,1024,0.2,6,2386516,True
vectorized,Mul,double,max,1024,0.2,7,8021459,True
naive,Mul,double,max,1024,0.2,7,2264261,True
vectorized,Mul,double,max,1024,0.2,8,7403079,True
naive,Mul,double,max,1024,0.2,8,2253153,True
vectorized,Mul,double,max,1024,0.2,9,7847061,True
naive,Mul,double,max,1024,0.2,9,2251847,True
vectorized,Mul,double,max,1024,0.25,0,8405793,False
naive,Mul,double,max,1024,0.25,0,4265308,False
vectorized,Mul,double,max,1024,0.25,1,8658569,False
naive,Mul,double,max,1024,0.25,1,4263961,False
vectorized,Mul,double,max,1024,0.25,2,8001178,False
naive,Mul,double,max,1024,0.25,2,4309019,False
vectorized,Mul,double,max,1024,0.25,3,7579649,False
naive,Mul,double,max,1024,0.25,3,4289813,False
vectorized,Mul,double,max,1024,0.25,4,8024831,False
naive,Mul,double,max,1024,0.25,4,4276485,False
vectorized,Mul,double,max,1024,0.25,5,8554986,False
naive,Mul,double,max,1024,0.25,5,4264297,False
vectorized,Mul,double,max,1024,0.25,6,8184939,False
naive,Mul,double,max,1024,0.25,6,4266383,False
vectorized,Mul,double,max,1024,0.25,7,8719550,False
naive,Mul,double,max,1024,0.25,7,4423875,False
vectorized,Mul,double,max,1024,0.25,8,8276576,False
naive,Mul,double,max,1024,0.25,8,4272486,False
vectorized,Mul,double,max,1024,0.25,9,8494650,False
naive,Mul,double,max,1024,0.25,9,4442836,False
vectorized,Mul,double,max,1024,1.0,0,7429782,True
naive,Mul,double,max,1024,1.0,0,5635880,True
vectorized,Mul,double,max,1024,1.0,1,7423601,True
naive,Mul,double,max,1024,1.0,1,5688117,True
vectorized,Mul,double,max,1024,1.0,2,7546115,True
naive,Mul,double,max,1024,1.0,2,5751308,True
vectorized,Mul,double,max,1024,1.0,3,7168480,True
naive,Mul,double,max,1024,1.0,3,5763187,True
vectorized,Mul,double,max,1024,1.0,4,7391405,True
naive,Mul,double,max,1024,1.0,4,5613754,True
vectorized,Mul,double,max,1024,1.0,5,7338548,True
naive,Mul,double,max,1024,1.0,5,5664512,True
vectorized,Mul,double,max,1024,1.0,6,7415777,True
naive,Mul,double,max,1024,1.0,6,5639052,True
vectorized,Mul,double,max,1024,1.0,7,7440942,True
naive,Mul,double,max,1024,1.0,7,5745423,True
vectorized,Mul,double,max,1024,1.0,8,7048945,True
naive,Mul,double,max,1024,1.0,8,5864273,True
vectorized,Mul,double,max,1024,1.0,9,7108223,True
naive,Mul,double,max,1024,1.0,9,5801737,True
vectorized,Mul,double,max,2048,0.001,0,4835777,True
naive,Mul,double,max,2048,0.001,0,70278,True
vectorized,Mul,double,max,2048,0.001,1,4867410,True
naive,Mul,double,max,2048,0.001,1,75647,True
vectorized,Mul,double,max,2048,0.001,2,4856776,True
naive,Mul,double,max,2048,0.001,2,73571,True
vectorized,Mul,double,max,2048,0.001,3,4840929,True
naive,Mul,double,max,2048,0.001,3,73752,True
vectorized,Mul,double,max,2048,0.001,4,4906986,True
naive,Mul,double,max,2048,0.001,4,72810,True
vectorized,Mul,double,max,2048,0.001,5,4882087,True
naive,Mul,double,max,2048,0.001,5,77414,True
vectorized,Mul,double,max,2048,0.001,6,4913469,True
naive,Mul,double,max,2048,0.001,6,73606,True
vectorized,Mul,double,max,2048,0.001,7,4842380,True
naive,Mul,double,max,2048,0.001,7,73294,True
vectorized,Mul,double,max,2048,0.001,8,4862128,True
naive,Mul,double,max,2048,0.001,8,76337,True
vectorized,Mul,double,max,2048,0.001,9,4878394,True
naive,Mul,double,max,2048,0.001,9,75372,True
vectorized,Mul,double,max,2048,0.01,0,5072535,True
naive,Mul,double,max,2048,0.01,0,485395,True
vectorized,Mul,double,max,2048,0.01,1,5314496,True
naive,Mul,double,max,2048,0.01,1,497394,True
vectorized,Mul,double,max,2048,0.01,2,5281742,True
naive,Mul,double,max,2048,0.01,2,494551,True
vectorized,Mul,double,max,2048,0.01,3,5277264,True
naive,Mul,double,max,2048,0.01,3,549632,True
vectorized,Mul,double,max,2048,0.01,4,5267544,True
naive,Mul,double,max,2048,0.01,4,511027,True
vectorized,Mul,double,max,2048,0.01,5,5294085,True
naive,Mul,double,max,2048,0.01,5,524404,True
vectorized,Mul,double,max,2048,0.01,6,5308442,True
naive,Mul,double,max,2048,0.01,6,494478,True
vectorized,Mul,double,max,2048,0.01,7,5287778,True
naive,Mul,double,max,2048,0.01,7,510583,True
vectorized,Mul,double,max,2048,0.01,8,5297650,True
naive,Mul,double,max,2048,0.01,8,517348,True
vectorized,Mul,double,max,2048,0.01,9,5307429,True
naive,Mul,double,max,2048,0.01,9,497794,True
vectorized,Mul,double,max,2048,0.05,0,7356218,True
naive,Mul,double,max,2048,0.05,0,1530270,True
vectorized,Mul,double,max,2048,0.05,1,6959970,True
naive,Mul,double,max,2048,0.05,1,2475295,True
vectorized,Mul,double,max,2048,0.05,2,7958850,True
naive,Mul,double,max,2048,0.05,2,2128833,True
vectorized,Mul,double,max,2048,0.05,3,8566031,True
naive,Mul,double,max,2048,0.05,3,2122360,True
vectorized,Mul,double,max,2048,0.05,4,8835390,True
naive,Mul,double,max,2048,0.05,4,2128364,True
vectorized,Mul,double,max,2048,0.05,5,8257929,True
naive,Mul,double,max,2048,0.05,5,2135502,True
vectorized,Mul,double,max,2048,0.05,6,7583384,True
naive,Mul,double,max,2048,0.05,6,2306965,True
vectorized,Mul,double,max,2048,0.05,7,8450066,True
naive,Mul,double,max,2048,0.05,7,2117764,True
vectorized,Mul,double,max,2048,0.05,8,8078830,True
naive,Mul,double,max,2048,0.05,8,2207886,True
vectorized,Mul,double,max,2048,0.05,9,8072911,True
naive,Mul,double,max,2048,0.05,9,2235353,True
vectorized,Mul,double,max,2048,0.1,0,7877209,True
naive,Mul,double,max,2048,0.1,0,2980229,True
vectorized,Mul,double,max,2048,0.1,1,9945715,True
naive,Mul,double,max,2048,0.1,1,4240632,True
vectorized,Mul,double,max,2048,0.1,2,10939194,True
naive,Mul,double,max,2048,0.1,2,4307221,True
vectorized,Mul,double,max,2048,0.1,3,10907558,True
naive,Mul,double,max,2048,0.1,3,4236161,True
vectorized,Mul,double,max,2048,0.1,4,10182849,True
naive,Mul,double,max,2048,0.1,4,4240128,True
vectorized,Mul,double,max,2048,0.1,5,10703011,True
naive,Mul,double,max,2048,0.1,5,4374104,True
vectorized,Mul,double,max,2048,0.1,6,10730360,True
naive,Mul,double,max,2048,0.1,6,4228855,True
vectorized,Mul,double,max,2048,0.1,7,10149469,True
naive,Mul,double,max,2048,0.1,7,4319296,True
vectorized,Mul,double,max,2048,0.1,8,9964898,True
naive,Mul,double,max,2048,0.1,8,4300704,True
vectorized,Mul,double,max,2048,0.1,9,10840154,True
naive,Mul,double,max,2048,0.1,9,4222496,True
vectorized,Mul,double,max,2048,0.2,0,9610700,True
naive,Mul,double,max,2048,0.2,0,6198390,True
vectorized,Mul,double,max,2048,0.2,1,15875581,True
naive,Mul,double,max,2048,0.2,1,8830616,True
vectorized,Mul,double,max,2048,0.2,2,15349436,True
naive,Mul,double,max,2048,0.2,2,8811955,True
vectorized,Mul,double,max,2048,0.2,3,15999148,True
naive,Mul,double,max,2048,0.2,3,8930093,True
vectorized,Mul,double,max,2048,0.2,4,15372443,True
naive,Mul,double,max,2048,0.2,4,9213686,True
vectorized,Mul,double,max,2048,0.2,5,15430770,True
naive,Mul,double,max,2048,0.2,5,8944748,True
vectorized,Mul,double,max,2048,0.2,6,15463735,True
naive,Mul,double,max,2048,0.2,6,9164517,True
vectorized,Mul,double,max,2048,0.2,7,15020794,True
naive,Mul,double,max,2048,0.2,7,8974633,True
vectorized,Mul,double,max,2048,0.2,8,14980548,True
naive,Mul,double,max,2048,0.2,8,8903735,True
vectorized,Mul,double,max,2048,0.2,9,15156717,True
naive,Mul,double,max,2048,0.2,9,8861158,True
vectorized,Mul,double,max,2048,0.25,0,18976650,False
naive,Mul,double,max,2048,0.25,0,18365589,False
vectorized,Mul,double,max,2048,0.25,1,14838021,False
naive,Mul,double,max,2048,0.25,1,18239467,False
vectorized,Mul,double,max,2048,0.25,2,17613022,False
naive,Mul,double,max,2048,0.25,2,18202186,False
vectorized,Mul,double,max,2048,0.25,3,17627378,False
naive,Mul,double,max,2048,0.25,3,18405098,False
vectorized,Mul,double,max,2048,0.25,4,19348179,False
naive,Mul,double,max,2048,0.25,4,18281791,False
vectorized,Mul,double,max,2048,0.25,5,17098836,False
naive,Mul,double,max,2048,0.25,5,18167106,False
vectorized,Mul,double,max,2048,0.25,6,17641620,False
naive,Mul,double,max,2048,0.25,6,18216315,False
vectorized,Mul,double,max,2048,0.25,7,17942259,False
naive,Mul,double,max,2048,0.25,7,17754224,False
vectorized,Mul,double,max,2048,0.25,8,17561312,False
naive,Mul,double,max,2048,0.25,8,17296379,False
vectorized,Mul,double,max,2048,0.25,9,18947927,False
naive,Mul,double,max,2048,0.25,9,18255780,False
vectorized,Mul,double,max,2048,1.0,0,17682700,True
naive,Mul,double,max,2048,1.0,0,18211787,True
vectorized,Mul,double,max,2048,1.0,1,18571236,True
naive,Mul,double,max,2048,1.0,1,18196037,True
vectorized,Mul,double,max,2048,1.0,2,18219752,True
naive,Mul,double,max,2048,1.0,2,18220228,True
vectorized,Mul,double,max,2048,1.0,3,19414774,True
naive,Mul,double,max,2048,1.0,3,17411555,True
vectorized,Mul,double,max,2048,1.0,4,18856503,True
naive,Mul,double,max,2048,1.0,4,17434897,True
vectorized,Mul,double,max,2048,1.0,5,18885099,True
naive,Mul,double,max,2048,1.0,5,18327796,True
vectorized,Mul,double,max,2048,1.0,6,18837075,True
naive,Mul,double,max,2048,1.0,6,18430611,True
vectorized,Mul,double,max,2048,1.0,7,19338715,True
naive,Mul,double,max,2048,1.0,7,17355981,True
vectorized,Mul,double,max,2048,1.0,8,18769687,True
naive,Mul,double,max,2048,1.0,8,17446693,True
vectorized,Mul,double,max,2048,1.0,9,18434856,True
naive,Mul,double,max,2048,1.0,9,18463380,True
vectorized,Mul,double,max,4096,0.001,0,8242937,True
naive,Mul,double,max,4096,0.001,0,220046,True
vectorized,Mul,double,max,4096,0.001,1,8279204,True
naive,Mul,double,max,4096,0.001,1,221330,True
vectorized,Mul,double,max,4096,0.001,2,8278159,True
naive,Mul,double,max,4096,0.001,2,217813,True
vectorized,Mul,double,max,4096,0.001,3,8290946,True
naive,Mul,double,max,4096,0.001,3,217177,True
vectorized,Mul,double,max,4096,0.001,4,8326136,True
naive,Mul,double,max,4096,0.001,4,219751,True
vectorized,Mul,double,max,4096,0.001,5,8288669,True
naive,Mul,double,max,4096,0.001,5,218421,True
vectorized,Mul,double,max,4096,0.001,6,8275402,True
naive,Mul,double,max,4096,0.001,6,218148,True
vectorized,Mul,double,max,4096,0.001,7,8293338,True
naive,Mul,double,max,4096,0.001,7,214728,True
vectorized,Mul,double,max,4096,0.001,8,8275496,True
naive,Mul,double,max,4096,0.001,8,216766,True
vectorized,Mul,double,max,4096,0.001,9,8291529,True
naive,Mul,double,max,4096,0.001,9,221078,True
vectorized,Mul,double,max,4096,0.01,0,9231811,True
naive,Mul,double,max,4096,0.01,0,1829263,True
vectorized,Mul,double,max,4096,0.01,1,10340943,True
naive,Mul,double,max,4096,0.01,1,2053383,True
vectorized,Mul,double,max,4096,0.01,2,10286195,True
naive,Mul,double,max,4096,0.01,2,2053077,True
vectorized,Mul,double,max,4096,0.01,3,10286234,True
naive,Mul,double,max,4096,0.01,3,2048937,True
vectorized,Mul,double,max,4096,0.01,4,10348070,True
naive,Mul,double,max,4096,0.01,4,2055285,True
vectorized,Mul,double,max,4096,0.01,5,10315337,True
naive,Mul,double,max,4096,0.01,5,2037228,True
vectorized,Mul,double,max,4096,0.01,6,10397469,True
naive,Mul,double,max,4096,0.01,6,2031320,True
vectorized,Mul,double,max,4096,0.01,7,10463639,True
naive,Mul,double,max,4096,0.01,7,2059400,True
vectorized,Mul,double,max,4096,0.01,8,13382979,True
naive,Mul,double,max,4096,0.01,8,2057436,True
vectorized,Mul,double,max,4096,0.01,9,10249339,True
naive,Mul,double,max,4096,0.01,9,2083809,True
vectorized,Mul,double,max,4096,0.05,0,12187105,True
naive,Mul,double,max,4096,0.05,0,6179506,True
vectorized,Mul,double,max,4096,0.05,1,18098020,True
naive,Mul,double,max,4096,0.05,1,8378640,True
vectorized,Mul,double,max,4096,0.05,2,18142023,True
naive,Mul,double,max,4096,0.05,2,8380682,True
vectorized,Mul,double,max,4096,0.05,3,17765785,True
naive,Mul,double,max,4096,0.05,3,8320244,True
vectorized,Mul,double,max,4096,0.05,4,18888387,True
naive,Mul,double,max,4096,0.05,4,8277644,True
vectorized,Mul,double,max,4096,0.05,5,17392984,True
naive,Mul,double,max,4096,0.05,5,8726121,True
vectorized,Mul,double,max,4096,0.05,6,16732531,True
naive,Mul,double,max,4096,0.05,6,8300681,True
vectorized,Mul,double,max,4096,0.05,7,17224558,True
naive,Mul,double,max,4096,0.05,7,8354349,True
vectorized,Mul,double,max,4096,0.05,8,17944426,True
naive,Mul,double,max,4096,0.05,8,8503559,True
vectorized,Mul,double,max,4096,0.05,9,17796641,True
naive,Mul,double,max,4096,0.05,9,8429876,True
vectorized,Mul,double,max,4096,0.1,0,15319153,True
naive,Mul,double,max,4096,0.1,0,13751454,True
vectorized,Mul,double,max,4096,0.1,1,29085551,True
naive,Mul,double,max,4096,0.1,1,17063733,True
vectorized,Mul,double,max,4096,0.1,2,27832063,True
naive,Mul,double,max,4096,0.1,2,17333015,True
vectorized,Mul,double,max,4096,0.1,3,26019111,True
naive,Mul,double,max,4096,0.1,3,17254424,True
vectorized,Mul,double,max,4096,0.1,4,26502087,True
naive,Mul,double,max,4096,0.1,4,17332076,True
vectorized,Mul,double,max,4096,0.1,5,28055113,True
naive,Mul,double,max,4096,0.1,5,17389077,True
vectorized,Mul,double,max,4096,0.1,6,26361713,True
naive,Mul,double,max,4096,0.1,6,17048508,True
vectorized,Mul,double,max,4096,0.1,7,27308226,True
naive,Mul,double,max,4096,0.1,7,17370256,True
vectorized,Mul,double,max,4096,0.1,8,27139888,True
naive,Mul,double,max,4096,0.1,8,17438136,True
vectorized,Mul,double,max,4096,0.1,9,28726282,True
naive,Mul,double,max,4096,0.1,9,17182417,True
vectorized,Mul,double,max,4096,0.2,0,26326506,True
naive,Mul,double,max,4096,0.2,0,25634887,True
vectorized,Mul,double,max,4096,0.2,1,44690875,True
naive,Mul,double,max,4096,0.2,1,37145556,True
vectorized,Mul,double,max,4096,0.2,2,45267096,True
naive,Mul,double,max,4096,0.2,2,36749317,True
vectorized,Mul,double,max,4096,0.2,3,43271035,True
naive,Mul,double,max,4096,0.2,3,36551045,True
vectorized,Mul,double,max,4096,0.2,4,45055158,True
naive,Mul,double,max,4096,0.2,4,36390199,True
vectorized,Mul,double,max,4096,0.2,5,44114726,True
naive,Mul,double,max,4096,0.2,5,36164229,True
vectorized,Mul,double,max,4096,0.2,6,45506905,True
naive,Mul,double,max,4096,0.2,6,36304527,True
vectorized,Mul,double,max,4096,0.2,7,45225503,True
naive,Mul,double,max,4096,0.2,7,36344653,True
vectorized,Mul,double,max,4096,0.2,8,46168242,True
naive,Mul,double,max,4096,0.2,8,36272994,True
vectorized,Mul,double,max,4096,0.2,9,43894587,True
naive,Mul,double,max,4096,0.2,9,36404712,True
vectorized,Mul,double,max,4096,0.25,0,61360285,False
naive,Mul,double,max,4096,0.25,0,73876595,False
vectorized,Mul,double,max,4096,0.25,1,45286874,False
naive,Mul,double,max,4096,0.25,1,73481746,False
vectorized,Mul,double,max,4096,0.25,2,46591613,False
naive,Mul,double,max,4096,0.25,2,76398925,False
vectorized,Mul,double,max,4096,0.25,3,47120816,False
naive,Mul,double,max,4096,0.25,3,73696981,False
vectorized,Mul,double,max,4096,0.25,4,51160629,False
naive,Mul,double,max,4096,0.25,4,77116453,False
vectorized,Mul,double,max,4096,0.25,5,49203871,False
naive,Mul,double,max,4096,0.25,5,74114583,False
vectorized,Mul,double,max,4096,0.25,6,48418555,False
naive,Mul,double,max,4096,0.25,6,73554094,False
vectorized,Mul,double,max,4096,0.25,7,51675129,False
naive,Mul,double,max,4096,0.25,7,71177582,False
vectorized,Mul,double,max,4096,0.25,8,51597873,False
naive,Mul,double,max,4096,0.25,8,74004065,False
vectorized,Mul,double,max,4096,0.25,9,50200133,False
naive,Mul,double,max,4096,0.25,9,73537615,False
vectorized,Mul,double,max,4096,1.0,0,52693671,True
naive,Mul,double,max,4096,1.0,0,75966615,True
vectorized,Mul,double,max,4096,1.0,1,47835348,True
naive,Mul,double,max,4096,1.0,1,77160462,True
vectorized,Mul,double,max,4096,1.0,2,49092137,True
naive,Mul,double,max,4096,1.0,2,73591980,True
vectorized,Mul,double,max,4096,1.0,3,49999107,True
naive,Mul,double,max,4096,1.0,3,71806785,True
vectorized,Mul,double,max,4096,1.0,4,44158356,True
naive,Mul,double,max,4096,1.0,4,73977436,True
vectorized,Mul,double,max,4096,1.0,5,58324786,True
naive,Mul,double,max,4096,1.0,5,74251974,True
vectorized,Mul,double,max,4096,1.0,6,55367494,True
naive,Mul,double,max,4096,1.0,6,73680788,True
vectorized,Mul,double,max,4096,1.0,7,50850506,True
naive,Mul,double,max,4096,1.0,7,71302233,True
vectorized,Mul,double,max,4096,1.0,8,53925329,True
naive,Mul,double,max,4096,1.0,8,74021319,True
vectorized,Mul,double,max,4096,1.0,9,45544805,True
naive,Mul,double,max,4096,1.0,9,73936496,True
vectorized,Mul,double,min max mean symmetry,1024,0.001,0,22634510,False
naive,Mul,double,min max mean symmetry,1024,0.001,0,15835001,False
vectorized,Mul,double,min max mean symmetry,1024,0.001,1,22742182,False
naive,Mul,double,min max mean symmetry,1024,0.001,1,15301098,False
vectorized,Mul,double,min max mean symmetry,1024,0.001,2,23746038,False
naive,Mul,double,min max mean symmetry,1024,0.001,2,15688555,False
vectorized,Mul,double,min max mean symmetry,1024,0.001,3,23642029,False
naive,Mul,double,min max mean symmetry,1024,0.001,3,15294619,False
vectorized,Mul,double,min max mean symmetry,1024,0.001,4,24515800,False
naive,Mul,double,min max mean symmetry,1024,0.001,4,15620181,False
vectorized,Mul,double,min max mean symmetry,1024,0.001,5,22831491,False
naive,Mul,double,min max mean symmetry,1024,0.001,5,15332800,False
vectorized,Mul,double,min max mean symmetry,1024,0.001,6,24154124,False
naive,Mul,double,min max mean symmetry,1024,0.001,6,15390522,False
vectorized,Mul,double,min max mean symmetry,1024,0.001,7,23877835,False
naive,Mul,double,min max mean symmetry,1024,0.001,7,15535336,False
vectorized,Mul,double,min max mean symmetry,1024,0.001,8,24097301,False
naive,Mul,double,min max mean symmetry,1024,0.001,8,15684916,False
vectorized,Mul,double,min max mean symmetry,1024,0.001,9,24166418,False
naive,Mul,double,min max mean symmetry,1024,0.001,9,15903777,False
vectorized,Mul,double,min max mean symmetry,1024,0.01,0,23640587,False
naive,Mul,double,min max mean symmetry,1024,0.01,0,16174647,False
vectorized,Mul,double,min max mean symmetry,1024,0.01,1,23169073,False
naive,Mul,double,min max mean symmetry,1024,0.01,1,15017913,False
vectorized,Mul,double,min max mean symmetry,1024,0.01,2,24420981,False
naive,Mul,double,min max mean symmetry,1024,0.01,2,15251584,False
vectorized,Mul,double,min max mean symmetry,1024,0.01,3,24902584,False
naive,Mul,double,min max mean symmetry,1024,0.01,3,15596867,False
vectorized,Mul,double,min max mean symmetry,1024,0.01,4,24103039,False
naive,Mul,double,min max mean symmetry,1024,0.01,4,15181026,False
vectorized,Mul,double,min max mean symmetry,1024,0.01,5,25205624,False
naive,Mul,double,min max mean symmetry,1024,0.01,5,14803144,False
vectorized,Mul,double,min max mean symmetry,1024,0.01,6,23828820,False
naive,Mul,double,min max mean symmetry,1024,0.01,6,15677563,False
vectorized,Mul,double,min max mean symmetry,1024,0.01,7,24139370,False
naive,Mul,double,min max mean symmetry,1024,0.01,7,15561464,False
vectorized,Mul,double,min max mean symmetry,1024,0.01,8,23902644,False
naive,Mul,double,min max mean symmetry,1024,0.01,8,16281209,False
vectorized,Mul,double,min max mean symmetry,1024,0.01,9,22783290,False
naive,Mul,double,min max mean symmetry,1024,0.01,9,15458209,False
vectorized,Mul,double,min max mean symmetry,1024,0.05,0,23536761,False
naive,Mul,double,min max mean symmetry,1024,0.05,0,16018189,False
vectorized,Mul,double,min max mean symmetry,1024,0.05,1,22314660,False
naive,Mul,double,min max mean symmetry,1024,0.05,1,14584583,False
vectorized,Mul,double,min max mean symmetry,1024,0.05,2,24480287,False
naive,Mul,double,min max mean symmetry,1024,0.05,2,14628316,False
vectorized,Mul,double,min max mean symmetry,1024,0.05,3,22893450,False
naive,Mul,double,min max mean symmetry,1024,0.05,3,15777219,False
vectorized,Mul,double,min max mean symmetry,1024,0.05,4,23928563,False
naive,Mul,double,min max mean symmetry,1024,0.05,4,15237326,False
vectorized,Mul,double,min max mean symmetry,1024,0.05,5,23421137,False
naive,Mul,double,min max mean symmetry,1024,0.05,5,14655071,False
vectorized,Mul,double,min max mean symmetry,1024,0.05,6,23270895,False
naive,Mul,double,min max mean symmetry,1024,0.05,6,14669576,False
vectorized,Mul,double,min max mean symmetry,1024,0.05,7,24605666,False
naive,Mul,double,min max mean symmetry,1024,0.05,7,14604097,False
vectorized,Mul,double,min max mean symmetry,1024,0.05,8,22464381,False
naive,Mul,double,min max mean symmetry,1024,0.05,8,15263424,False
vectorized,Mul,double,min max mean symmetry,1024,0.05,9,24211738,False
naive,Mul,double,min max mean symmetry,1024,0.05,9,15086356,False
vectorized,Mul,double,min max mean symmetry,1024,0.1,0,25170360,False
naive,Mul,double,min max mean symmetry,1024,0.1,0,15893430,False
vectorized,Mul,double,min max mean symmetry,1024,0.1,1,23804471,False
naive,Mul,double,min max mean symmetry,1024,0.1,1,15323533,False
vectorized,Mul,double,min max mean symmetry,1024,0.1,2,24271806,False
naive,Mul,double,min max mean symmetry,1024,0.1,2,14418990,False
vectorized,Mul,double,min max mean symmetry,1024,0.1,3,25405721,False
naive,Mul,double,min max mean symmetry,1024,0.1,3,19401662,False
vectorized,Mul,double,min max mean symmetry,1024,0.1,4,23888252,False
naive,Mul,double,min max mean symmetry,1024,0.1,4,14289452,False
vectorized,Mul,double,min max mean symmetry,1024,0.1,5,23144900,False
naive,Mul,double,min max mean symmetry,1024,0.1,5,14699897,False
vectorized,Mul,double,min max mean symmetry,1024,0.1,6,23320590,False
naive,Mul,double,min max mean symmetry,1024,0.1,6,14309877,False
vectorized,Mul,double,min max mean symmetry,1024,0.1,7,22799177,False
naive,Mul,double,min max mean symmetry,1024,0.1,7,14291399,False
vectorized,Mul,double,min max mean symmetry,1024,0.1,8,23663920,False
naive,Mul,double,min max mean symmetry,1024,0.1,8,14475868,False
vectorized,Mul,double,min max mean symmetry,1024,0.1,9,24386406,False
naive,Mul,double,min max mean symmetry,1024,0.1,9,15025047,False
vectorized,Mul,double,min max mean symmetry,1024,0.2,0,26929113,False
naive,Mul,double,min max mean symmetry,1024,0.2,0,17531806,False
vectorized,Mul,double,min max mean symmetry,1024,0.2,1,23895281,False
naive,Mul,double,min max mean symmetry,1024,0.2,1,14823227,False
vectorized,Mul,double,min max mean symmetry,1024,0.2,2,22677943,False
naive,Mul,double,min max mean symmetry,1024,0.2,2,15374267,False
vectorized,Mul,double,min max mean symmetry,1024,0.2,3,24523216,False
naive,Mul,double,min max mean symmetry,1024,0.2,3,14986739,False
vectorized,Mul,double,min max mean symmetry,1024,0.2,4,24556966,False
naive,Mul,double,min max mean symmetry,1024,0.2,4,15070685,False
vectorized,Mul,double,min max mean symmetry,1024,0.2,5,24379655,False
naive,Mul,double,min max mean symmetry,1024,0.2,5,15192817,False
vectorized,Mul,double,min max mean symmetry,1024,0.2,6,23958045,False
naive,Mul,double,min max mean symmetry,1024,0.2,6,14986665,False
vectorized,Mul,double,min max mean symmetry,1024,0.2,7,24339313,False
naive,Mul,double,min max mean symmetry,1024,0.2,7,15131528,False
vectorized,Mul,double,min max mean symmetry,1024,0.2,8,24648852,False
naive,Mul,double,min max mean symmetry,1024,0.2,8,14882693,False
vectorized,Mul,double,min max mean symmetry,1024,0.2,9,24458305,False
naive,Mul,double,min max mean symmetry,1024,0.2,9,15502391,False
vectorized,Mul,double,min max mean symmetry,1024,0.25,0,31137977,False
naive,Mul,double,min max mean symmetry,1024,0.25,0,18183591,False
vectorized,Mul,double,min max mean symmetry,1024,0.25,1,24582347,False
naive,Mul,double,min max mean symmetry,1024,0.25,1,15746835,False
vectorized,Mul,double,min max mean symmetry,1024,0.25,2,24898693,False
naive,Mul,double,min max mean symmetry,1024,0.25,2,15148172,False
vectorized,Mul,double,min max mean symmetry,1024,0.25,3,24772334,False
naive,Mul,double,min max mean symmetry,1024,0.25,3,15446168,False
vectorized,Mul,double,min max mean symmetry,1024,0.25,4,25103359,False
naive,Mul,double,min max mean symmetry,1024,0.25,4,15167960,False
vectorized,Mul,double,min max mean symmetry,1024,0.25,5,24764237,False
naive,Mul,double,min max mean symmetry,1024,0.25,5,15468026,False
vectorized,Mul,double,min max mean symmetry,1024,0.25,6,24440816,False
naive,Mul,double,min max mean symmetry,1024,0.25,6,15399830,False
vectorized,Mul,double,min max mean symmetry,1024,0.25,7,24354172,False
naive,Mul,double,min max mean symmetry,1024,0.25,7,15271415,False
vectorized,Mul,double,min max mean symmetry,1024,0.25,8,24867679,False
naive,Mul,double,min max mean symmetry,1024,0.25,8,15556329,False
vectorized,Mul,double,min max mean symmetry,1024,0.25,9,24070537,False
naive,Mul,double,min max mean symmetry,1024,0.25,9,15530203,False
vectorized,Mul,double,min max mean symmetry,1024,1.0,0,22167137,True
naive,Mul,double,min max mean symmetry,1024,1.0,0,19480698,True
vectorized,Mul,double,min max mean symmetry,1024,1.0,1,22454394,True
naive,Mul,double,min max mean symmetry,1024,1.0,1,18949622,True
vectorized,Mul,double,min max mean symmetry,1024,1.0,2,21874707,True
naive,Mul,double,min max mean symmetry,1024,1.0,2,19221404,True
vectorized,Mul,double,min max mean symmetry,1024,1.0,3,22088943,True
naive,Mul,double,min max mean symmetry,1024,1.0,3,19041203,True
vectorized,Mul,double,min max mean symmetry,1024,1.0,4,22086322,True
naive,Mul,double,min max mean symmetry,1024,1.0,4,19183263,True
vectorized,Mul,double,min max mean symmetry,1024,1.0,5,20084572,True
naive,Mul,double,min max mean symmetry,1024,1.0,5,19226258,True
vectorized,Mul,double,min max mean symmetry,1024,1.0,6,21544623,True
naive,Mul,double,min max mean symmetry,1024,1.0,6,19138006,True
vectorized,Mul,double,min max mean symmetry,1024,1.0,7,22690649,True
naive,Mul,double,min max mean symmetry,1024,1.0,7,19151985,True
vectorized,Mul,double,min max mean symmetry,1024,1.0,8,22178665,True
naive,Mul,double,min max mean symmetry,1024,1.0,8,19081215,True
vectorized,Mul,double,min max mean symmetry,1024,1.0,9,22111241,True
naive,Mul,double,min max mean symmetry,1024,1.0,9,19304496,True
vectorized,Mul,double,min max mean symmetry,2048,0.001,0,67554970,False
naive,Mul,double,min max mean symmetry,2048,0.001,0,61711557,False
vectorized,Mul,double,min max mean symmetry,2048,0.001,1,69597807,False
naive,Mul,double,min max mean symmetry,2048,0.001,1,61235779,False
vectorized,Mul,double,min max mean symmetry,2048,0.001,2,68560790,False
naive,Mul,double,min max mean symmetry,2048,0.001,2,61525568,False
vectorized,Mul,double,min max mean symmetry,2048,0.001,3,84745898,False
naive,Mul,double,min max mean symmetry,2048,0.001,3,61165209,False
vectorized,Mul,double,min max mean symmetry,2048,0.001,4,87543745,False
naive,Mul,double,min max mean symmetry,2048,0.001,4,62158518,False
vectorized,Mul,double,min max mean symmetry,2048,0.001,5,69316986,False
naive,Mul,double,min max mean symmetry,2048,0.001,5,61672663,False
vectorized,Mul,double,min max mean symmetry,2048,0.001,6,71173590,False
naive,Mul,double,min max mean symmetry,2048,0.001,6,61906708,False
vectorized,Mul,double,min max mean symmetry,2048,0.001,7,73075176,False
naive,Mul,double,min max mean symmetry,2048,0.001,7,61187215,False
vectorized,Mul,double,min max mean symmetry,2048,0.001,8,80004484,False
naive,Mul,double,min max mean symmetry,2048,0.001,8,62033826,False
vectorized,Mul,double,min max mean symmetry,2048,0.001,9,85123302,False
naive,Mul,double,min max mean symmetry,2048,0.001,9,60764848,False
vectorized,Mul,double,min max mean symmetry,2048,0.01,0,85110166,False
naive,Mul,double,min max mean symmetry,2048,0.01,0,61474028,False
vectorized,Mul,double,min max mean symmetry,2048,0.01,1,70325642,False
naive,Mul,double,min max mean symmetry,2048,0.01,1,60649677,False
vectorized,Mul,double,min max mean symmetry,2048,0.01,2,85198192,False
naive,Mul,double,min max mean symmetry,2048,0.01,2,63078832,False
vectorized,Mul,double,min max mean symmetry,2048,0.01,3,77712826,False
naive,Mul,double,min max mean symmetry,2048,0.01,3,61594291,False
vectorized,Mul,double,min max mean symmetry,2048,0.01,4,74859737,False
naive,Mul,double,min max mean symmetry,2048,0.01,4,61339500,False
vectorized,Mul,double,min max mean symmetry,2048,0.01,5,84347037,False
naive,Mul,double,min max mean symmetry,2048,0.01,5,60680944,False
vectorized,Mul,double,min max mean symmetry,2048,0.01,6,81243599,False
naive,Mul,double,min max mean symmetry,2048,0.01,6,61159658,False
vectorized,Mul,double,min max mean symmetry,2048,0.01,7,69590399,False
naive,Mul,double,min max mean symmetry,2048,0.01,7,60639632,False
vectorized,Mul,double,min max mean symmetry,2048,0.01,8,83613201,False
naive,Mul,double,min max mean symmetry,2048,0.01,8,60764626,False
vectorized,Mul,double,min max mean symmetry,2048,0.01,9,79350515,False
naive,Mul,double,min max mean symmetry,2048,0.01,9,61505319,False
vectorized,Mul,double,min max mean symmetry,2048,0.05,0,71903914,False
naive,Mul,double,min max mean symmetry,2048,0.05,0,65236951,False
vectorized,Mul,double,min max mean symmetry,2048,0.05,1,70158430,False
naive,Mul,double,min max mean symmetry,2048,0.05,1,60780179,False
vectorized,Mul,double,min max mean symmetry,2048,0.05,2,71906242,False
naive,Mul,double,min max mean symmetry,2048,0.05,2,60806449,False
vectorized,Mul,double,min max mean symmetry,2048,0.05,3,69103039,False
naive,Mul,double,min max mean symmetry,2048,0.05,3,61755142,False
vectorized,Mul,double,min max mean symmetry,2048,0.05,4,68897232,False
naive,Mul,double,min max mean symmetry,2048,0.05,4,61299789,False
vectorized,Mul,double,min max mean symmetry,2048,0.05,5,84977362,False
naive,Mul,double,min max mean symmetry,2048,0.05,5,61876891,False
vectorized,Mul,double,min max mean symmetry,2048,0.05,6,70226877,False
naive,Mul,double,min max mean symmetry,2048,0.05,6,61845859,False
vectorized,Mul,double,min max mean symmetry,2048,0.05,7,80498695,False
naive,Mul,double,min max mean symmetry,2048,0.05,7,61897631,False
vectorized,Mul,double,min max mean symmetry,2048,0.05,8,69614937,False
naive,Mul,double,min max mean symmetry,2048,0.05,8,62120309,False
vectorized,Mul,double,min max mean symmetry,2048,0.05,9,70809637,False
naive,Mul,double,min max mean symmetry,2048,0.05,9,61926656,False
vectorized,Mul,double,min max mean symmetry,2048,0.1,0,75371323,False
naive,Mul,double,min max mean symmetry,2048,0.1,0,68711600,False
vectorized,Mul,double,min max mean symmetry,2048,0.1,1,71722307,False
naive,Mul,double,min max mean symmetry,2048,0.1,1,61915882,False
vectorized,Mul,double,min max mean symmetry,2048,0.1,2,76898690,False
naive,Mul,double,min max mean symmetry,2048,0.1,2,62902408,False
vectorized,Mul,double,min max mean symmetry,2048,0.1,3,86903894,False
naive,Mul,double,min max mean symmetry,2048,0.1,3,65139069,False
vectorized,Mul,double,min max mean symmetry,2048,0.1,4,76700359,False
naive,Mul,double,min max mean symmetry,2048,0.1,4,62317658,False
vectorized,Mul,double,min max mean symmetry,2048,0.1,5,85283164,False
naive,Mul,double,min max mean symmetry,2048,0.1,5,63955802,False
vectorized,Mul,double,min max mean symmetry,2048,0.1,6,76913379,False
naive,Mul,double,min max mean symmetry,2048,0.1,6,61783633,False
vectorized,Mul,double,min max mean symmetry,2048,0.1,7,81415117,False
naive,Mul,double,min max mean symmetry,2048,0.1,7,61604027,False
vectorized,Mul,double,min max mean symmetry,2048,0.1,8,69743961,False
naive,Mul,double,min max mean symmetry,2048,0.1,8,65311102,False
vectorized,Mul,double,min max mean symmetry,2048,0.1,9,84046924,False
naive,Mul,double,min max mean symmetry,2048,0.1,9,62721782,False
vectorized,Mul,double,min max mean symmetry,2048,0.2,0,97188890,False
naive,Mul,double,min max mean symmetry,2048,0.2,0,73599455,False
vectorized,Mul,double,min max mean symmetry,2048,0.2,1,78623633,False
naive,Mul,double,min max mean symmetry,2048,0.2,1,64997595,False
vectorized,Mul,double,min max mean symmetry,2048,0.2,2,86885426,False
naive,Mul,double,min max mean symmetry,2048,0.2,2,64796116,False
vectorized,Mul,double,min max mean symmetry,2048,0.2,3,74526754,False
naive,Mul,double,min max mean symmetry,2048,0.2,3,64675895,False
vectorized,Mul,double,min max mean symmetry,2048,0.2,4,78194754,False
naive,Mul,double,min max mean symmetry,2048,0.2,4,65209306,False
vectorized,Mul,double,min max mean symmetry,2048,0.2,5,71481547,False
naive,Mul,double,min max mean symmetry,2048,0.2,5,64827517,False
vectorized,Mul,double,min max mean symmetry,2048,0.2,6,80207941,False
naive,Mul,double,min max mean symmetry,2048,0.2,6,65364436,False
vectorized,Mul,double,min max mean symmetry,2048,0.2,7,70935455,False
naive,Mul,double,min max mean symmetry,2048,0.2,7,63817905,False
vectorized,Mul,double,min max mean symmetry,2048,0.2,8,73660607,False
naive,Mul,double,min max mean symmetry,2048,0.2,8,63943526,False
vectorized,Mul,double,min max mean symmetry,2048,0.2,9,86795811,False
naive,Mul,double,min max mean symmetry,2048,0.2,9,65068622,False
vectorized,Mul,double,min max mean symmetry,2048,0.25,0,84790429,False
naive,Mul,double,min max mean symmetry,2048,0.25,0,76669095,False
vectorized,Mul,double,min max mean symmetry,2048,0.25,1,88161554,False
naive,Mul,double,min max mean symmetry,2048,0.25,1,65745810,False
vectorized,Mul,double,min max mean symmetry,2048,0.25,2,84692559,False
naive,Mul,double,min max mean symmetry,2048,0.25,2,66532754,False
vectorized,Mul,double,min max mean symmetry,2048,0.25,3,86918447,False
naive,Mul,double,min max mean symmetry,2048,0.25,3,65680289,False
vectorized,Mul,double,min max mean symmetry,2048,0.25,4,74055088,False
naive,Mul,double,min max mean symmetry,2048,0.25,4,66466815,False
vectorized,Mul,double,min max mean symmetry,2048,0.25,5,82816544,False
naive,Mul,double,min max mean symmetry,2048,0.25,5,65457185,False
vectorized,Mul,double,min max mean symmetry,2048,0.25,6,86960641,False
naive,Mul,double,min max mean symmetry,2048,0.25,6,66819721,False
vectorized,Mul,double,min max mean symmetry,2048,0.25,7,87599576,False
naive,Mul,double,min max mean symmetry,2048,0.25,7,69478526,False
vectorized,Mul,double,min max mean symmetry,2048,0.25,8,85670361,False
naive,Mul,double,min max mean symmetry,2048,0.25,8,67150778,False
vectorized,Mul,double,min max mean symmetry,2048,0.25,9,78569785,False
naive,Mul,double,min max mean symmetry,2048,0.25,9,66476809,False
vectorized,Mul,double,min max mean symmetry,2048,1.0,0,68656237,True
naive,Mul,double,min max mean symmetry,2048,1.0,0,61705289,True
vectorized,Mul,double,min max mean symmetry,2048,1.0,1,76865575,True
naive,Mul,double,min max mean symmetry,2048,1.0,1,62477117,True
vectorized,Mul,double,min max mean symmetry,2048,1.0,2,76871559,True
naive,Mul,double,min max mean symmetry,2048,1.0,2,68108973,True
vectorized,Mul,double,min max mean symmetry,2048,1.0,3,74774113,True
naive,Mul,double,min max mean symmetry,2048,1.0,3,63253790,True
vectorized,Mul,double,min max mean symmetry,2048,1.0,4,75918626,True
naive,Mul,double,min max mean symmetry,2048,1.0,4,63266549,True
vectorized,Mul,double,min max mean symmetry,2048,1.0,5,77806717,True
naive,Mul,double,min max mean symmetry,2048,1.0,5,63122847,True
vectorized,Mul,double,min max mean symmetry,2048,1.0,6,85133926,True
naive,Mul,double,min max mean symmetry,2048,1.0,6,62006341,True
vectorized,Mul,double,min max mean symmetry,2048,1.0,7,78849552,True
naive,Mul,double,min max mean symmetry,2048,1.0,7,63101614,True
vectorized,Mul,double,min max mean symmetry,2048,1.0,8,76297121,True
naive,Mul,double,min max mean symmetry,2048,1.0,8,63189730,True
vectorized,Mul,double,min max mean symmetry,2048,1.0,9,73982605,True
naive,Mul,double,min max mean symmetry,2048,1.0,9,61924426,True
vectorized,Mul,double,min max mean symmetry,4096,0.001,0,275399031,False
naive,Mul,double,min max mean symmetry,4096,0.001,0,271283785,False
vectorized,Mul,double,min max mean symmetry,4096,0.001,1,268662610,False
naive,Mul,double,min max mean symmetry,4096,0.001,1,268623763,False
vectorized,Mul,double,min max mean symmetry,4096,0.001,2,250199072,False
naive,Mul,double,min max mean symmetry,4096,0.001,2,266479703,False
vectorized,Mul,double,min max mean symmetry,4096,0.001,3,277085735,False
naive,Mul,double,min max mean symmetry,4096,0.001,3,267470879,False
vectorized,Mul,double,min max mean symmetry,4096,0.001,4,258358239,False
naive,Mul,double,min max mean symmetry,4096,0.001,4,267513419,False
vectorized,Mul,double,min max mean symmetry,4096,0.001,5,281655544,False
naive,Mul,double,min max mean symmetry,4096,0.001,5,266759111,False
vectorized,Mul,double,min max mean symmetry,4096,0.001,6,285741355,False
naive,Mul,double,min max mean symmetry,4096,0.001,6,280365688,False
vectorized,Mul,double,min max mean symmetry,4096,0.001,7,260360736,False
naive,Mul,double,min max mean symmetry,4096,0.001,7,276909957,False
vectorized,Mul,double,min max mean symmetry,4096,0.001,8,254621034,False
naive,Mul,double,min max mean symmetry,4096,0.001,8,269052535,False
vectorized,Mul,double,min max mean symmetry,4096,0.001,9,261722575,False
naive,Mul,double,min max mean symmetry,4096,0.001,9,273493197,False
vectorized,Mul,double,min max mean symmetry,4096,0.01,0,257447266,False
naive,Mul,double,min max mean symmetry,4096,0.01,0,271090145,False
vectorized,Mul,double,min max mean symmetry,4096,0.01,1,263120353,False
naive,Mul,double,min max mean symmetry,4096,0.01,1,267093271,False
vectorized,Mul,double,min max mean symmetry,4096,0.01,2,262748223,False
naive,Mul,double,min max mean symmetry,4096,0.01,2,279396381,False
vectorized,Mul,double,min max mean symmetry,4096,0.01,3,268056761,False
naive,Mul,double,min max mean symmetry,4096,0.01,3,277292845,False
vectorized,Mul,double,min max mean symmetry,4096,0.01,4,254249255,False
naive,Mul,double,min max mean symmetry,4096,0.01,4,267432718,False
vectorized,Mul,double,min max mean symmetry,4096,0.01,5,273041638,False
naive,Mul,double,min max mean symmetry,4096,0.01,5,271342911,False
vectorized,Mul,double,min max mean symmetry,4096,0.01,6,272997869,False
naive,Mul,double,min max mean symmetry,4096,0.01,6,267316164,False
vectorized,Mul,double,min max mean symmetry,4096,0.01,7,252703749,False
naive,Mul,double,min max mean symmetry,4096,0.01,7,270554202,False
vectorized,Mul,double,min max mean symmetry,4096,0.01,8,268691071,False
naive,Mul,double,min max mean symmetry,4096,0.01,8,268361249,False
vectorized,Mul,double,min max mean symmetry,4096,0.01,9,260147933,False
naive,Mul,double,min max mean symmetry,4096,0.01,9,268528364,False
vectorized,Mul,double,min max mean symmetry,4096,0.05,0,284005121,False
naive,Mul,double,min max mean symmetry,4096,0.05,0,298431211,False
vectorized,Mul,double,min max mean symmetry,4096,0.05,1,256989917,False
naive,Mul,double,min max mean symmetry,4096,0.05,1,268532056,False
vectorized,Mul,double,min max mean symmetry,4096,0.05,2,263927670,False
naive,Mul,double,min max mean symmetry,4096,0.05,2,268006755,False
vectorized,Mul,double,min max mean symmetry,4096,0.05,3,266827531,False
naive,Mul,double,min max mean symmetry,4096,0.05,3,268296459,False
vectorized,Mul,double,min max mean symmetry,4096,0.05,4,262804277,False
naive,Mul,double,min max mean symmetry,4096,0.05,4,267517910,False
vectorized,Mul,double,min max mean symmetry,4096,0.05,5,267656099,False
naive,Mul,double,min max mean symmetry,4096,0.05,5,269737687,False
vectorized,Mul,double,min max mean symmetry,4096,0.05,6,260150747,False
naive,Mul,double,min max mean symmetry,4096,0.05,6,269823118,False
vectorized,Mul,double,min max mean symmetry,4096,0.05,7,263312348,False
naive,Mul,double,min max mean symmetry,4096,0.05,7,277993762,False
vectorized,Mul,double,min max mean symmetry,4096,0.05,8,264939542,False
naive,Mul,double,min max mean symmetry,4096,0.05,8,270343627,False
vectorized,Mul,double,min max mean symmetry,4096,0.05,9,272065843,False
naive,Mul,double,min max mean symmetry,4096,0.05,9,268678850,False
vectorized,Mul,double,min max mean symmetry,4096,0.1,0,298010914,False
naive,Mul,double,min max mean symmetry,4096,0.1,0,297475877,False
vectorized,Mul,double,min max mean symmetry,4096,0.1,1,276310137,False
naive,Mul,double,min max mean symmetry,4096,0.1,1,272372077,False
vectorized,Mul,double,min max mean symmetry,4096,0.1,2,258221392,False
naive,Mul,double,min max mean symmetry,4096,0.1,2,271328156,False
vectorized,Mul,double,min max mean symmetry,4096,0.1,3,258093098,False
naive,Mul,double,min max mean symmetry,4096,0.1,3,272174676,False
vectorized,Mul,double,min max mean symmetry,4096,0.1,4,261064938,False
naive,Mul,double,min max mean symmetry,4096,0.1,4,274870172,False
vectorized,Mul,double,min max mean symmetry,4096,0.1,5,259053600,False
naive,Mul,double,min max mean symmetry,4096,0.1,5,271355479,False
vectorized,Mul,double,min max mean symmetry,4096,0.1,6,264604676,False
naive,Mul,double,min max mean symmetry,4096,0.1,6,274522195,False
vectorized,Mul,double,min max mean symmetry,4096,0.1,7,255047015,False
naive,Mul,double,min max mean symmetry,4096,0.1,7,271432110,False
vectorized,Mul,double,min max mean symmetry,4096,0.1,8,285449713,False
naive,Mul,double,min max mean symmetry,4096,0.1,8,272907455,False
vectorized,Mul,double,min max mean symmetry,4096,0.1,9,265060441,False
naive,Mul,double,min max mean symmetry,4096,0.1,9,268885600,False
vectorized,Mul,double,min max mean symmetry,4096,0.2,0,315755932,False
naive,Mul,double,min max mean symmetry,4096,0.2,0,317223171,False
vectorized,Mul,double,min max mean symmetry,4096,0.2,1,288466102,False
naive,Mul,double,min max mean symmetry,4096,0.2,1,280578898,False
vectorized,Mul,double,min max mean symmetry,4096,0.2,2,272662868,False
naive,Mul,double,min max mean symmetry,4096,0.2,2,280860678,False
vectorized,Mul,double,min max mean symmetry,4096,0.2,3,274472076,False
naive,Mul,double,min max mean symmetry,4096,0.2,3,278594048,False
vectorized,Mul,double,min max mean symmetry,4096,0.2,4,277689864,False
naive,Mul,double,min max mean symmetry,4096,0.2,4,278033397,False
vectorized,Mul,double,min max mean symmetry,4096,0.2,5,287152989,False
naive,Mul,double,min max mean symmetry,4096,0.2,5,279908483,False
vectorized,Mul,double,min max mean symmetry,4096,0.2,6,274639887,False
naive,Mul,double,min max mean symmetry,4096,0.2,6,279800553,False
vectorized,Mul,double,min max mean symmetry,4096,0.2,7,275485831,False
naive,Mul,double,min max mean symmetry,4096,0.2,7,278121120,False
vectorized,Mul,double,min max mean symmetry,4096,0.2,8,270199074,False
naive,Mul,double,min max mean symmetry,4096,0.2,8,282118032,False
vectorized,Mul,double,min max mean symmetry,4096,0.2,9,273943421,False
naive,Mul,double,min max mean symmetry,4096,0.2,9,280232956,False
vectorized,Mul,double,min max mean symmetry,4096,0.25,0,337482121,False
naive,Mul,double,min max mean symmetry,4096,0.25,0,327129921,False
vectorized,Mul,double,min max mean symmetry,4096,0.25,1,282605207,False
naive,Mul,double,min max mean symmetry,4096,0.25,1,288119226,False
vectorized,Mul,double,min max mean symmetry,4096,0.25,2,283277434,False
naive,Mul,double,min max mean symmetry,4096,0.25,2,287821948,False
vectorized,Mul,double,min max mean symmetry,4096,0.25,3,284424412,False
naive,Mul,double,min max mean symmetry,4096,0.25,3,293290173,False
vectorized,Mul,double,min max mean symmetry,4096,0.25,4,283110991,False
naive,Mul,double,min max mean symmetry,4096,0.25,4,286151293,False
vectorized,Mul,double,min max mean symmetry,4096,0.25,5,278879171,False
naive,Mul,double,min max mean symmetry,4096,0.25,5,299042577,False
vectorized,Mul,double,min max mean symmetry,4096,0.25,6,272592448,False
naive,Mul,double,min max mean symmetry,4096,0.25,6,292531058,False
vectorized,Mul,double,min max mean symmetry,4096,0.25,7,292220534,False
naive,Mul,double,min max mean symmetry,4096,0.25,7,289902885,False
vectorized,Mul,double,min max mean symmetry,4096,0.25,8,283976688,False
naive,Mul,double,min max mean symmetry,4096,0.25,8,287018452,False
vectorized,Mul,double,min max mean symmetry,4096,0.25,9,278537715,False
naive,Mul,double,min max mean symmetry,4096,0.25,9,295751591,False
vectorized,Mul,double,min max mean symmetry,4096,1.0,0,267836734,True
naive,Mul,double,min max mean symmetry,4096,1.0,0,282001684,True
vectorized,Mul,double,min max mean symmetry,4096,1.0,1,270803073,True
naive,Mul,double,min max mean symmetry,4096,1.0,1,282382502,True
vectorized,Mul,double,min max mean symmetry,4096,1.0,2,272584368,True
naive,Mul,double,min max mean symmetry,4096,1.0,2,270729401,True
vectorized,Mul,double,min max mean symmetry,4096,1.0,3,265319904,True
naive,Mul,double,min max mean symmetry,4096,1.0,3,270345346,True
vectorized,Mul,double,min max mean symmetry,4096,1.0,4,254701151,True
naive,Mul,double,min max mean symmetry,4096,1.0,4,281143900,True
vectorized,Mul,double,min max mean symmetry,4096,1.0,5,274217652,True
naive,Mul,double,min max mean symmetry,4096,1.0,5,270461841,True
vectorized,Mul,double,min max mean symmetry,4096,1.0,6,278137030,True
naive,Mul,double,min max mean symmetry,4096,1.0,6,269465791,True
vectorized,Mul,double,min max mean symmetry,4096,1.0,7,267685230,True
naive,Mul,double,min max mean symmetry,4096,1.0,7,268207428,True
vectorized,Mul,double,min max mean symmetry,4096,1.0,8,264050480,True
naive,Mul,double,min max mean symmetry,4096,1.0,8,269764972,True
vectorized,Mul,double,min max mean symmetry,4096,1.0,9,251858908,True
naive,Mul,double,min max mean symmetry,4096,1.0,9,269413590,True
vectorized,Mul,double,min max,1024,0.001,0,4414259,True
naive,Mul,double,min max,1024,0.001,0,34441,True
vectorized,Mul,double,min max,1024,0.001,1,4460195,True
naive,Mul,double,min max,1024,0.001,1,34474,True
vectorized,Mul,double,min max,1024,0.001,2,4401233,True
naive,Mul,double,min max,1024,0.001,2,35069,True
vectorized,Mul,double,min max,1024,0.001,3,4390192,True
naive,Mul,double,min max,1024,0.001,3,34381,True
vectorized,Mul,double,min max,1024,0.001,4,4457030,True
naive,Mul,double,min max,1024,0.001,4,34013,True
vectorized,Mul,double,min max,1024,0.001,5,4383800,True
naive,Mul,double,min max,1024,0.001,5,34594,True
vectorized,Mul,double,min max,1024,0.001,6,4370481,True
naive,Mul,double,min max,1024,0.001,6,34465,True
vectorized,Mul,double,min max,1024,0.001,7,4383453,True
naive,Mul,double,min max,1024,0.001,7,33913,True
vectorized,Mul,double,min max,1024,0.001,8,4374897,True
naive,Mul,double,min max,1024,0.001,8,34274,True
vectorized,Mul,double,min max,1024,0.001,9,4402176,True
naive,Mul,double,min max,1024,0.001,9,34672,True
vectorized,Mul,double,min max,1024,0.01,0,4466617,True
naive,Mul,double,min max,1024,0.01,0,121287,True
vectorized,Mul,double,min max,1024,0.01,1,4606803,True
naive,Mul,double,min max,1024,0.01,1,131692,True
vectorized,Mul,double,min max,1024,0.01,2,4506710,True
naive,Mul,double,min max,1024,0.01,2,131054,True
vectorized,Mul,double,min max,1024,0.01,3,4574990,True
naive,Mul,double,min max,1024,0.01,3,132139,True
vectorized,Mul,double,min max,1024,0.01,4,4522378,True
naive,Mul,double,min max,1024,0.01,4,133706,True
vectorized,Mul,double,min max,1024,0.01,5,4519006,True
naive,Mul,double,min max,1024,0.01,5,131327,True
vectorized,Mul,double,min max,1024,0.01,6,4511971,True
naive,Mul,double,min max,1024,0.01,6,131811,True
vectorized,Mul,double,min max,1024,0.01,7,4494714,True
naive,Mul,double,min max,1024,0.01,7,132265,True
vectorized,Mul,double,min max,1024,0.01,8,4549081,True
naive,Mul,double,min max,1024,0.01,8,133397,True
vectorized,Mul,double,min max,1024,0.01,9,4511185,True
naive,Mul,double,min max,1024,0.01,9,133371,True
vectorized,Mul,double,min max,1024,0.05,0,4937662,True
naive,Mul,double,min max,1024,0.05,0,577054,True
vectorized,Mul,double,min max,1024,0.05,1,5169085,True
naive,Mul,double,min max,1024,0.05,1,625034,True
vectorized,Mul,double,min max,1024,0.05,2,5189139,True
naive,Mul,double,min max,1024,0.05,2,624591,True
vectorized,Mul,double,min max,1024,0.05,3,5193743,True
naive,Mul,double,min max,1024,0.05,3,627294,True
vectorized,Mul,double,min max,1024,0.05,4,5217079,True
naive,Mul,double,min max,1024,0.05,4,664757,True
vectorized,Mul,double,min max,1024,0.05,5,5146983,True
naive,Mul,double,min max,1024,0.05,5,531993,True
vectorized,Mul,double,min max,1024,0.05,6,5121005,True
naive,Mul,double,min max,1024,0.05,6,632902,True
vectorized,Mul,double,min max,1024,0.05,7,5160815,True
naive,Mul,double,min max,1024,0.05,7,665217,True
vectorized,Mul,double,min max,1024,0.05,8,5203540,True
naive,Mul,double,min max,1024,0.05,8,652674,True
vectorized,Mul,double,min max,1024,0.05,9,5100142,True
naive,Mul,double,min max,1024,0.05,9,624294,True
vectorized,Mul,double,min max,1024,0.1,0,5048884,True
naive,Mul,double,min max,1024,0.1,0,1176042,True
vectorized,Mul,double,min max,1024,0.1,1,5800985,True
naive,Mul,double,min max,1024,0.1,1,1341291,True
vectorized,Mul,double,min max,1024,0.1,2,5777165,True
naive,Mul,double,min max,1024,0.1,2,1376181,True
vectorized,Mul,double,min max,1024,0.1,3,5848999,True
naive,Mul,double,min max,1024,0.1,3,1365304,True
vectorized,Mul,double,min max,1024,0.1,4,5850409,True
naive,Mul,double,min max,1024,0.1,4,1353331,True
vectorized,Mul,double,min max,1024,0.1,5,5863600,True
naive,Mul,double,min max,1024,0.1,5,1382322,True
vectorized,Mul,double,min max,1024,0.1,6,5844642,True
naive,Mul,double,min max,1024,0.1,6,1324500,True
vectorized,Mul,double,min max,1024,0.1,7,5833803,True
naive,Mul,double,min max,1024,0.1,7,1346284,True
vectorized,Mul,double,min max,1024,0.1,8,5732381,True
naive,Mul,double,min max,1024,0.1,8,1345873,True
vectorized,Mul,double,min max,1024,0.1,9,5728274,True
naive,Mul,double,min max,1024,0.1,9,1358477,True
vectorized,Mul,double,min max,1024,0.2,0,6885005,True
naive,Mul,double,min max,1024,0.2,0,1536357,True
vectorized,Mul,double,min max,1024,0.2,1,7496815,True
naive,Mul,double,min max,1024,0.2,1,2306488,True
vectorized,Mul,double,min max,1024,0.2,2,7956424,True
naive,Mul,double,min max,1024,0.2,2,2493035,True
vectorized,Mul,double,min max,1024,0.2,3,8228545,True
naive,Mul,double,min max,1024,0.2,3,2293849,True
vectorized,Mul,double,min max,1024,0.2,4,7985278,True
naive,Mul,double,min max,1024,0.2,4,2309736,True
vectorized,Mul,double,min max,1024,0.2,5,8300261,True
naive,Mul,double,min max,1024,0.2,5,2307615,True
vectorized,Mul,double,min max,1024,0.2,6,7571549,True
naive,Mul,double,min max,1024,0.2,6,2307834,True
vectorized,Mul,double,min max,1024,0.2,7,7628557,True
naive,Mul,double,min max,1024,0.2,7,2343931,True
vectorized,Mul,double,min max,1024,0.2,8,7419705,True
naive,Mul,double,min max,1024,0.2,8,2261458,True
vectorized,Mul,double,min max,1024,0.2,9,7825356,True
naive,Mul,double,min max,1024,0.2,9,2319326,True
vectorized,Mul,double,min max,1024,0.25,0,9056713,False
naive,Mul,double,min max,1024,0.25,0,4615369,False
vectorized,Mul,double,min max,1024,0.25,1,8222282,False
naive,Mul,double,min max,1024,0.25,1,4663196,False
vectorized,Mul,double,min max,1024,0.25,2,8595013,False
naive,Mul,double,min max,1024,0.25,2,4698836,False
vectorized,Mul,double,min max,1024,0.25,3,8135031,False
naive,Mul,double,min max,1024,0.25,3,4791496,False
vectorized,Mul,double,min max,1024,0.25,4,8771015,False
naive,Mul,double,min max,1024,0.25,4,4826224,False
vectorized,Mul,double,min max,1024,0.25,5,8292799,False
naive,Mul,double,min max,1024,0.25,5,4876817,False
vectorized,Mul,double,min max,1024,0.25,6,8681666,False
naive,Mul,double,min max,1024,0.25,6,5091317,False
vectorized,Mul,double,min max,1024,0.25,7,7924527,False
naive,Mul,double,min max,1024,0.25,7,4824771,False
vectorized,Mul,double,min max,1024,0.25,8,9631488,False
naive,Mul,double,min max,1024,0.25,8,5072755,False
vectorized,Mul,double,min max,1024,0.25,9,8729648,False
naive,Mul,double,min max,1024,0.25,9,4647534,False
vectorized,Mul,double,min max,1024,1.0,0,7848233,True
naive,Mul,double,min max,1024,1.0,0,5943144,True
vectorized,Mul,double,min max,1024,1.0,1,7733581,True
naive,Mul,double,min max,1024,1.0,1,6130891,True
vectorized,Mul,double,min max,1024,1.0,2,7856861,True
naive,Mul,double,min max,1024,1.0,2,5983968,True
vectorized,Mul,double,min max,1024,1.0,3,7410188,True
naive,Mul,double,min max,1024,1.0,3,6031137,True
vectorized,Mul,double,min max,1024,1.0,4,7803916,True
naive,Mul,double,min max,1024,1.0,4,5525074,True
vectorized,Mul,double,min max,1024,1.0,5,7431713,True
naive,Mul,double,min max,1024,1.0,5,6162226,True
vectorized,Mul,double,min max,1024,1.0,6,7119268,True
naive,Mul,double,min max,1024,1.0,6,5966491,True
vectorized,Mul,double,min max,1024,1.0,7,7400818,True
naive,Mul,double,min max,1024,1.0,7,6063396,True
vectorized,Mul,double,min max,1024,1.0,8,7449979,True
naive,Mul,double,min max,1024,1.0,8,6014464,True
vectorized,Mul,double,min max,1024,1.0,9,7392156,True
naive,Mul,double,min max,1024,1.0,9,5992431,True
vectorized,Mul,double,min max,2048,0.001,0,5040259,True
naive,Mul,double,min max,2048,0.001,0,79676,True
vectorized,Mul,double,min max,2048,0.001,1,5233166,True
naive,Mul,double,min max,2048,0.001,1,77462,True
vectorized,Mul,double,min max,2048,0.001,2,5201264,True
naive,Mul,double,min max,2048,0.001,2,77924,True
vectorized,Mul,double,min max,2048,0.001,3,5221291,True
naive,Mul,double,min max,2048,0.001,3,78597,True
vectorized,Mul,double,min max,2048,0.001,4,5222620,True
naive,Mul,double,min max,2048,0.001,4,76409,True
vectorized,Mul,double,min max,2048,0.001,5,5227186,True
naive,Mul,double,min max,2048,0.001,5,78573,True
vectorized,Mul,double,min max,2048,0.001,6,5219735,True
naive,Mul,double,min max,2048,0.001,6,77137,True
vectorized,Mul,double,min max,2048,0.001,7,5226301,True
naive,Mul,double,min max,2048,0.001,7,76702,True
vectorized,Mul,double,min max,2048,0.001,8,5195671,True
naive,Mul,double,min max,2048,0.001,8,69242,True
vectorized,Mul,double,min max,2048,0.001,9,5553561,True
naive,Mul,double,min max,2048,0.001,9,71797,True
vectorized,Mul,double,min max,2048,0.01,0,5456653,True
naive,Mul,double,min max,2048,0.01,0,483664,True
vectorized,Mul,double,min max,2048,0.01,1,5737236,True
naive,Mul,double,min max,2048,0.01,1,545947,True
vectorized,Mul,double,min max,2048,0.01,2,5685387,True
naive,Mul,double,min max,2048,0.01,2,500671,True
vectorized,Mul,double,min max,2048,0.01,3,5690613,True
naive,Mul,double,min max,2048,0.01,3,504694,True
vectorized,Mul,double,min max,2048,0.01,4,5693442,True
naive,Mul,double,min max,2048,0.01,4,500034,True
vectorized,Mul,double,min max,2048,0.01,5,5713426,True
naive,Mul,double,min max,2048,0.01,5,500097,True
vectorized,Mul,double,min max,2048,0.01,6,5266332,True
naive,Mul,double,min max,2048,0.01,6,500717,True
vectorized,Mul,double,min max,2048,0.01,7,5669830,True
naive,Mul,double,min max,2048,0.01,7,553966,True
vectorized,Mul,double,min max,2048,0.01,8,5703140,True
naive,Mul,double,min max,2048,0.01,8,497379,True
vectorized,Mul,double,min max,2048,0.01,9,5241913,True
naive,Mul,double,min max,2048,0.01,9,502840,True
vectorized,Mul,double,min max,2048,0.05,0,7292632,True
naive,Mul,double,min max,2048,0.05,0,1589936,True
vectorized,Mul,double,min max,2048,0.05,1,8212760,True
naive,Mul,double,min max,2048,0.05,1,2108629,True
vectorized,Mul,double,min max,2048,0.05,2,8497403,True
naive,Mul,double,min max,2048,0.05,2,2133589,True
vectorized,Mul,double,min max,2048,0.05,3,8697412,True
naive,Mul,double,min max,2048,0.05,3,2134895,True
vectorized,Mul,double,min max,2048,0.05,4,7207846,True
naive,Mul,double,min max,2048,0.05,4,2197310,True
vectorized,Mul,double,min max,2048,0.05,5,8797925,True
naive,Mul,double,min max,2048,0.05,5,2118925,True
vectorized,Mul,double,min max,2048,0.05,6,8636980,True
naive,Mul,double,min max,2048,0.05,6,2108446,True
vectorized,Mul,double,min max,2048,0.05,7,8349317,True
naive,Mul,double,min max,2048,0.05,7,2152991,True
vectorized,Mul,double,min max,2048,0.05,8,8268662,True
naive,Mul,double,min max,2048,0.05,8,2224154,True
vectorized,Mul,double,min max,2048,0.05,9,8720475,True
naive,Mul,double,min max,2048,0.05,9,2148264,True
vectorized,Mul,double,min max,2048,0.1,0,8440247,True
naive,Mul,double,min max,2048,0.1,0,3251103,True
vectorized,Mul,double,min max,2048,0.1,1,10738232,True
naive,Mul,double,min max,2048,0.1,1,4385805,True
vectorized,Mul,double,min max,2048,0.1,2,11431745,True
naive,Mul,double,min max,2048,0.1,2,4317351,True
vectorized,Mul,double,min max,2048,0.1,3,10646673,True
naive,Mul,double,min max,2048,0.1,3,4215743,True
vectorized,Mul,double,min max,2048,0.1,4,10541467,True
naive,Mul,double,min max,2048,0.1,4,4311484,True
vectorized,Mul,double,min max,2048,0.1,5,10646892,True
naive,Mul,double,min max,2048,0.1,5,4389930,True
vectorized,Mul,double,min max,2048,0.1,6,10880917,True
naive,Mul,double,min max,2048,0.1,6,4267082,True
vectorized,Mul,double,min max,2048,0.1,7,10551849,True
naive,Mul,double,min max,2048,0.1,7,4380911,True
vectorized,Mul,double,min max,2048,0.1,8,11002603,True
naive,Mul,double,min max,2048,0.1,8,4240949,True
vectorized,Mul,double,min max,2048,0.1,9,10848791,True
naive,Mul,double,min max,2048,0.1,9,4332124,True
vectorized,Mul,double,min max,2048,0.2,0,9850830,True
naive,Mul,double,min max,2048,0.2,0,6561756,True
vectorized,Mul,double,min max,2048,0.2,1,16694595,True
naive,Mul,double,min max,2048,0.2,1,8841586,True
vectorized,Mul,double,min max,2048,0.2,2,15244260,True
naive,Mul,double,min max,2048,0.2,2,8902598,True
vectorized,Mul,double,min max,2048,0.2,3,16138473,True
naive,Mul,double,min max,2048,0.2,3,9212865,True
vectorized,Mul,double,min max,2048,0.2,4,15211726,True
naive,Mul,double,min max,2048,0.2,4,8952630,True
vectorized,Mul,double,min max,2048,0.2,5,15065529,True
naive,Mul,double,min max,2048,0.2,5,8953130,True
vectorized,Mul,double,min max,2048,0.2,6,15639123,True
naive,Mul,double,min max,2048,0.2,6,8897397,True
vectorized,Mul,double,min max,2048,0.2,7,15366453,True
naive,Mul,double,min max,2048,0.2,7,8969410,True
vectorized,Mul,double,min max,2048,0.2,8,15764946,True
naive,Mul,double,min max,2048,0.2,8,8869784,True
vectorized,Mul,double,min max,2048,0.2,9,15235625,True
naive,Mul,double,min max,2048,0.2,9,8914040,True
vectorized,Mul,double,min max,2048,0.25,0,20427495,False
naive,Mul,double,min max,2048,0.25,0,21499299,False
vectorized,Mul,double,min max,2048,0.25,1,19033448,False
naive,Mul,double,min max,2048,0.25,1,20233083,False
vectorized,Mul,double,min max,2048,0.25,2,20894182,False
naive,Mul,double,min max,2048,0.25,2,20313493,False
vectorized,Mul,double,min max,2048,0.25,3,19977765,False
naive,Mul,double,min max,2048,0.25,3,19200715,False
vectorized,Mul,double,min max,2048,0.25,4,18571691,False
naive,Mul,double,min max,2048,0.25,4,20272579,False
vectorized,Mul,double,min max,2048,0.25,5,18110817,False
naive,Mul,double,min max,2048,0.25,5,19288498,False
vectorized,Mul,double,min max,2048,0.25,6,20310569,False
naive,Mul,double,min max,2048,0.25,6,20306684,False
vectorized,Mul,double,min max,2048,0.25,7,16921311,False
naive,Mul,double,min max,2048,0.25,7,19376575,False
vectorized,Mul,double,min max,2048,0.25,8,20477041,False
naive,Mul,double,min max,2048,0.25,8,20263591,False
vectorized,Mul,double,min max,2048,0.25,9,18471095,False
naive,Mul,double,min max,2048,0.25,9,20239443,False
vectorized,Mul,double,min max,2048,1.0,0,20238215,True
naive,Mul,double,min max,2048,1.0,0,20342385,True
vectorized,Mul,double,min max,2048,1.0,1,17342110,True
naive,Mul,double,min max,2048,1.0,1,20173859,True
vectorized,Mul,double,min max,2048,1.0,2,19587250,True
naive,Mul,double,min max,2048,1.0,2,20284380,True
vectorized,Mul,double,min max,2048,1.0,3,19743454,True
naive,Mul,double,min max,2048,1.0,3,19358657,True
vectorized,Mul,double,min max,2048,1.0,4,19578732,True
naive,Mul,double,min max,2048,1.0,4,19722379,True
vectorized,Mul,double,min max,2048,1.0,5,20203953,True
naive,Mul,double,min max,2048,1.0,5,20462762,True
vectorized,Mul,double,min max,2048,1.0,6,20190111,True
naive,Mul,double,min max,2048,1.0,6,20430252,True
vectorized,Mul,double,min max,2048,1.0,7,18694312,True
naive,Mul,double,min max,2048,1.0,7,20227620,True
vectorized,Mul,double,min max,2048,1.0,8,18815276,True
naive,Mul,double,min max,2048,1.0,8,21169233,True
vectorized,Mul,double,min max,2048,1.0,9,18222760,True
naive,Mul,double,min max,2048,1.0,9,20433021,True
vectorized,Mul,double,min max,4096,0.001,0,10447695,True
naive,Mul,double,min max,4096,0.001,0,225090,True
vectorized,Mul,double,min max,4096,0.001,1,10477348,True
naive,Mul,double,min max,4096,0.001,1,218871,True
vectorized,Mul,double,min max,4096,0.001,2,10481248,True
naive,Mul,double,min max,4096,0.001,2,216496,True
vectorized,Mul,double,min max,4096,0.001,3,10473929,True
naive,Mul,double,min max,4096,0.001,3,218328,True
vectorized,Mul,double,min max,4096,0.001,4,10455078,True
naive,Mul,double,min max,4096,0.001,4,215007,True
vectorized,Mul,double,min max,4096,0.001,5,10454237,True
naive,Mul,double,min max,4096,0.001,5,218509,True
vectorized,Mul,double,min max,4096,0.001,6,10486268,True
naive,Mul,double,min max,4096,0.001,6,217223,True
vectorized,Mul,double,min max,4096,0.001,7,10464560,True
naive,Mul,double,min max,4096,0.001,7,221411,True
vectorized,Mul,double,min max,4096,0.001,8,10448686,True
naive,Mul,double,min max,4096,0.001,8,216135,True
vectorized,Mul,double,min max,4096,0.001,9,10461859,True
naive,Mul,double,min max,4096,0.001,9,218721,True
vectorized,Mul,double,min max,4096,0.01,0,11239199,True
naive,Mul,double,min max,4096,0.01,0,1892549,True
vectorized,Mul,double,min max,4096,0.01,1,12203505,True
naive,Mul,double,min max,4096,0.01,1,2081573,True
vectorized,Mul,double,min max,4096,0.01,2,11938614,True
naive,Mul,double,min max,4096,0.01,2,1645289,True
vectorized,Mul,double,min max,4096,0.01,3,10184254,True
naive,Mul,double,min max,4096,0.01,3,2024369,True
vectorized,Mul,double,min max,4096,0.01,4,11592125,True
naive,Mul,double,min max,4096,0.01,4,2064226,True
vectorized,Mul,double,min max,4096,0.01,5,10329118,True
naive,Mul,double,min max,4096,0.01,5,1648783,True
vectorized,Mul,double,min max,4096,0.01,6,12162826,True
naive,Mul,double,min max,4096,0.01,6,2044331,True
vectorized,Mul,double,min max,4096,0.01,7,12166482,True
naive,Mul,double,min max,4096,0.01,7,2074767,True
vectorized,Mul,double,min max,4096,0.01,8,12133638,True
naive,Mul,double,min max,4096,0.01,8,2043441,True
vectorized,Mul,double,min max,4096,0.01,9,11884820,True
naive,Mul,double,min max,4096,0.01,9,2054007,True
vectorized,Mul,double,min max,4096,0.05,0,14050208,True
naive,Mul,double,min max,4096,0.05,0,6373822,True
vectorized,Mul,double,min max,4096,0.05,1,19476736,True
naive,Mul,double,min max,4096,0.05,1,8335050,True
vectorized,Mul,double,min max,4096,0.05,2,20192168,True
naive,Mul,double,min max,4096,0.05,2,8316973,True
vectorized,Mul,double,min max,4096,0.05,3,21312869,True
naive,Mul,double,min max,4096,0.05,3,8370204,True
vectorized,Mul,double,min max,4096,0.05,4,20005603,True
naive,Mul,double,min max,4096,0.05,4,8361611,True
vectorized,Mul,double,min max,4096,0.05,5,20874736,True
naive,Mul,double,min max,4096,0.05,5,8377557,True
vectorized,Mul,double,min max,4096,0.05,6,19093351,True
naive,Mul,double,min max,4096,0.05,6,8334576,True
vectorized,Mul,double,min max,4096,0.05,7,19953202,True
naive,Mul,double,min max,4096,0.05,7,8327651,True
vectorized,Mul,double,min max,4096,0.05,8,20143330,True
naive,Mul,double,min max,4096,0.05,8,8337798,True
vectorized,Mul,double,min max,4096,0.05,9,18987634,True
naive,Mul,double,min max,4096,0.05,9,8437377,True
vectorized,Mul,double,min max,4096,0.1,0,19080091,True
naive,Mul,double,min max,4096,0.1,0,13355224,True
vectorized,Mul,double,min max,4096,0.1,1,28885504,True
naive,Mul,double,min max,4096,0.1,1,17194040,True
vectorized,Mul,double,min max,4096,0.1,2,27732668,True
naive,Mul,double,min max,4096,0.1,2,17281893,True
vectorized,Mul,double,min max,4096,0.1,3,27223007,True
naive,Mul,double,min max,4096,0.1,3,17270333,True
vectorized,Mul,double,min max,4096,0.1,4,31572753,True
naive,Mul,double,min max,4096,0.1,4,17284250,True
vectorized,Mul,double,min max,4096,0.1,5,28174442,True
naive,Mul,double,min max,4096,0.1,5,17276014,True
vectorized,Mul,double,min max,4096,0.1,6,29738306,True
naive,Mul,double,min max,4096,0.1,6,17602156,True
vectorized,Mul,double,min max,4096,0.1,7,29361064,True
naive,Mul,double,min max,4096,0.1,7,17557066,True
vectorized,Mul,double,min max,4096,0.1,8,29260235,True
naive,Mul,double,min max,4096,0.1,8,17855466,True
vectorized,Mul,double,min max,4096,0.1,9,27885667,True
naive,Mul,double,min max,4096,0.1,9,17211598,True
vectorized,Mul,double,min max,4096,0.2,0,29868184,True
naive,Mul,double,min max,4096,0.2,0,27356088,True
vectorized,Mul,double,min max,4096,0.2,1,45466373,True
naive,Mul,double,min max,4096,0.2,1,37099991,True
vectorized,Mul,double,min max,4096,0.2,2,46392089,True
naive,Mul,double,min max,4096,0.2,2,37086348,True
vectorized,Mul,double,min max,4096,0.2,3,46266930,True
naive,Mul,double,min max,4096,0.2,3,36723727,True
vectorized,Mul,double,min max,4096,0.2,4,44747609,True
naive,Mul,double,min max,4096,0.2,4,37477923,True
vectorized,Mul,double,min max,4096,0.2,5,46051035,True
naive,Mul,double,min max,4096,0.2,5,37306213,True
vectorized,Mul,double,min max,4096,0.2,6,44887734,True
naive,Mul,double,min max,4096,0.2,6,37050313,True
vectorized,Mul,double,min max,4096,0.2,7,47014339,True
naive,Mul,double,min max,4096,0.2,7,37181598,True
vectorized,Mul,double,min max,4096,0.2,8,48280357,True
naive,Mul,double,min max,4096,0.2,8,37382657,True
vectorized,Mul,double,min max,4096,0.2,9,47755714,True
naive,Mul,double,min max,4096,0.2,9,36787965,True
vectorized,Mul,double,min max,4096,0.25,0,54915268,False
naive,Mul,double,min max,4096,0.25,0,81304139,False
vectorized,Mul,double,min max,4096,0.25,1,64136952,False
naive,Mul,double,min max,4096,0.25,1,81353944,False
vectorized,Mul,double,min max,4096,0.25,2,52667511,False
naive,Mul,double,min max,4096,0.25,2,81389196,False
vectorized,Mul,double,min max,4096,0.25,3,53759373,False
naive,Mul,double,min max,4096,0.25,3,81425030,False
vectorized,Mul,double,min max,4096,0.25,4,51282075,False
naive,Mul,double,min max,4096,0.25,4,81263087,False
vectorized,Mul,double,min max,4096,0.25,5,66500970,False
naive,Mul,double,min max,4096,0.25,5,79263760,False
vectorized,Mul,double,min max,4096,0.25,6,57064713,False
naive,Mul,double,min max,4096,0.25,6,81575388,False
vectorized,Mul,double,min max,4096,0.25,7,57477385,False
naive,Mul,double,min max,4096,0.25,7,81122210,False
vectorized,Mul,double,min max,4096,0.25,8,58743094,False
naive,Mul,double,min max,4096,0.25,8,81273272,False
vectorized,Mul,double,min max,4096,0.25,9,53199600,False
naive,Mul,double,min max,4096,0.25,9,81569651,False
vectorized,Mul,double,min max,4096,1.0,0,55919393,True
naive,Mul,double,min max,4096,1.0,0,81115138,True
vectorized,Mul,double,min max,4096,1.0,1,58450590,True
naive,Mul,double,min max,4096,1.0,1,82402612,True
vectorized,Mul,double,min max,4096,1.0,2,51765487,True
naive,Mul,double,min max,4096,1.0,2,81244996,True
vectorized,Mul,double,min max,4096,1.0,3,55986018,True
naive,Mul,double,min max,4096,1.0,3,79858616,True
vectorized,Mul,double,min max,4096,1.0,4,61247247,True
naive,Mul,double,min max,4096,1.0,4,78992893,True
vectorized,Mul,double,min max,4096,1.0,5,65058455,True
naive,Mul,double,min max,4096,1.0,5,81328127,True
vectorized,Mul,double,min max,4096,1.0,6,63780397,True
naive,Mul,double,min max,4096,1.0,6,81371667,True
vectorized,Mul,double,min max,4096,1.0,7,63404588,True
naive,Mul,double,min max,4096,1.0,7,85676083,True
vectorized,Mul,double,min max,4096,1.0,8,59977972,True
naive,Mul,double,min max,4096,1.0,8,85046766,True
vectorized,Mul,double,min max,4096,1.0,9,52049810,True
naive,Mul,double,min max,4096,1.0,9,81122537,True
vectorized,Add,int64_t,,1024,0.001,0,12033931,False
naive,Add,int64_t,,1024,0.001,0,4896228,False
vectorized,Add,int64_t,,1024,0.001,1,11826270,False
naive,Add,int64_t,,1024,0.001,1,4593792,False
vectorized,Add,int64_t,,1024,0.001,2,12807151,False
naive,Add,int64_t,,1024,0.001,2,4280770,False
vectorized,Add,int64_t,,1024,0.001,3,12514028,False
naive,Add,int64_t,,1024,0.001,3,5096713,False
vectorized,Add,int64_t,,1024,0.001,4,12264306,False
naive,Add,int64_t,,1024,0.001,4,4858375,False
vectorized,Add,int64_t,,1024,0.001,5,12609582,False
naive,Add,int64_t,,1024,0.001,5,4685832,False
vectorized,Add,int64_t,,1024,0.001,6,11843394,False
naive,Add,int64_t,,1024,0.001,6,4759838,False
vectorized,Add,int64_t,,1024,0.001,7,11722477,False
naive,Add,int64_t,,1024,0.001,7,4790708,False
vectorized,Add,int64_t,,1024,0.001,8,12089230,False
naive,Add,int64_t,,1024,0.001,8,4559784,False
vectorized,Add,int64_t,,1024,0.001,9,12148026,False
naive,Add,int64_t,,1024,0.001,9,4740398,False
vectorized,Add,int64_t,,1024,0.01,0,10192005,False
naive,Add,int64_t,,1024,0.01,0,4369873,False
vectorized,Add,int64_t,,1024,0.01,1,11721264,False
naive,Add,int64_t,,1024,0.01,1,4566783,False
vectorized,Add,int64_t,,1024,0.01,2,11882163,False
naive,Add,int64_t,,1024,0.01,2,4366107,False
vectorized,Add,int64_t,,1024,0.01,3,11406167,False
naive,Add,int64_t,,1024,0.01,3,3901176,False
vectorized,Add,int64_t,,1024,0.01,4,11637927,False
naive,Add,int64_t,,1024,0.01,4,3431216,False
vectorized,Add,int64_t,,1024,0.01,5,12180331,False
naive,Add,int64_t,,1024,0.01,5,4570030,False
vectorized,Add,int64_t,,1024,0.01,6,11537373,False
naive,Add,int64_t,,1024,0.01,6,4581222,False
vectorized,Add,int64_t,,1024,0.01,7,11970447,False
naive,Add,int64_t,,1024,0.01,7,4613655,False
vectorized,Add,int64_t,,1024,0.01,8,11486348,False
naive,Add,int64_t,,1024,0.01,8,4421408,False
vectorized,Add,int64_t,,1024,0.01,9,11399419,False
naive,Add,int64_t,,1024,0.01,9,4430030,False
vectorized,Add,int64_t,,1024,0.05,0,11917899,False
naive,Add,int64_t,,1024,0.05,0,4198952,False
vectorized,Add,int64_t,,1024,0.05,1,11885127,False
naive,Add,int64_t,,1024,0.05,1,4118325,False
vectorized,Add,int64_t,,1024,0.05,2,11114428,False
naive,Add,int64_t,,1024,0.05,2,4256585,False
vectorized,Add,int64_t,,1024,0.05,3,11292316,False
naive,Add,int64_t,,1024,0.05,3,4029665,False
vectorized,Add,int64_t,,1024,0.05,4,11730726,False
naive,Add,int64_t,,1024,0.05,4,3768655,False
vectorized,Add,int64_t,,1024,0.05,5,11835705,False
naive,Add,int64_t,,1024,0.05,5,4222797,False
vectorized,Add,int64_t,,1024,0.05,6,11698206,False
naive,Add,int64_t,,1024,0.05,6,4129085,False
vectorized,Add,int64_t,,1024,0.05,7,11799506,False
naive,Add,int64_t,,1024,0.05,7,4046445,False
vectorized,Add,int64_t,,1024,0.05,8,10601011,False
naive,Add,int64_t,,1024,0.05,8,3484782,False
vectorized,Add,int64_t,,1024,0.05,9,11041988,False
naive,Add,int64_t,,1024,0.05,9,4220810,False
vectorized,Add,int64_t,,1024,0.1,0,11230437,False
naive,Add,int64_t,,1024,0.1,0,3852222,False
vectorized,Add,int64_t,,1024,0.1,1,11241595,False
naive,Add,int64_t,,1024,0.1,1,3620679,False
vectorized,Add,int64_t,,1024,0.1,2,11009589,False
naive,Add,int64_t,,1024,0.1,2,3583626,False
vectorized,Add,int64_t,,1024,0.1,3,10743163,False
naive,Add,int64_t,,1024,0.1,3,3592004,False
vectorized,Add,int64_t,,1024,0.1,4,11532075,False
naive,Add,int64_t,,1024,0.1,4,3539095,False
vectorized,Add,int64_t,,1024,0.1,5,10989666,False
naive,Add,int64_t,,1024,0.1,5,3530626,False
vectorized,Add,int64_t,,1024,0.1,6,11630156,False
naive,Add,int64_t,,1024,0.1,6,3549857,False
vectorized,Add,int64_t,,1024,0.1,7,11137102,False
naive,Add,int64_t,,1024,0.1,7,3540941,False
vectorized,Add,int64_t,,1024,0.1,8,11426509,False
naive,Add,int64_t,,1024,0.1,8,3560741,False
vectorized,Add,int64_t,,1024,0.1,9,11283371,False
naive,Add,int64_t,,1024,0.1,9,3577499,False
vectorized,Add,int64_t,,1024,0.2,0,11070663,False
naive,Add,int64_t,,1024,0.2,0,3686600,False
vectorized,Add,int64_t,,1024,0.2,1,11354887,False
naive,Add,int64_t,,1024,0.2,1,3630686,False
vectorized,Add,int64_t,,1024,0.2,2,11318440,False
naive,Add,int64_t,,1024,0.2,2,3594102,False
vectorized,Add,int64_t,,1024,0.2,3,12440340,False
naive,Add,int64_t,,1024,0.2,3,3582457,False
vectorized,Add,int64_t,,1024,0.2,4,10986668,False
naive,Add,int64_t,,1024,0.2,4,3800540,False
vectorized,Add,int64_t,,1024,0.2,5,11505494,False
naive,Add,int64_t,,1024,0.2,5,3547347,False
vectorized,Add,int64_t,,1024,0.2,6,11886659,False
naive,Add,int64_t,,1024,0.2,6,3877908,False
vectorized,Add,int64_t,,1024,0.2,7,11335553,False
naive,Add,int64_t,,1024,0.2,7,3764528,False
vectorized,Add,int64_t,,1024,0.2,8,11150792,False
naive,Add,int64_t,,1024,0.2,8,3702037,False
vectorized,Add,int64_t,,1024,0.2,9,10915701,False
naive,Add,int64_t,,1024,0.2,9,3554564,False
vectorized,Add,int64_t,,1024,0.25,0,11273058,True
naive,Add,int64_t,,1024,0.25,0,3679502,True
vectorized,Add,int64_t,,1024,0.25,1,11294428,True
naive,Add,int64_t,,1024,0.25,1,3960835,True
vectorized,Add,int64_t,,1024,0.25,2,11641763,True
naive,Add,int64_t,,1024,0.25,2,3556879,True
vectorized,Add,int64_t,,1024,0.25,3,10986793,True
naive,Add,int64_t,,1024,0.25,3,3804627,True
vectorized,Add,int64_t,,1024,0.25,4,11722982,True
naive,Add,int64_t,,1024,0.25,4,3728439,True
vectorized,Add,int64_t,,1024,0.25,5,11262304,True
naive,Add,int64_t,,1024,0.25,5,3771571,True
vectorized,Add,int64_t,,1024,0.25,6,11061627,True
naive,Add,int64_t,,1024,0.25,6,3552114,True
vectorized,Add,int64_t,,1024,0.25,7,12142321,True
naive,Add,int64_t,,1024,0.25,7,3741007,True
vectorized,Add,int64_t,,1024,0.25,8,11120934,True
naive,Add,int64_t,,1024,0.25,8,3802777,True
vectorized,Add,int64_t,,1024,0.25,9,11642702,True
naive,Add,int64_t,,1024,0.25,9,3758279,True
vectorized,Add,int64_t,,1024,1.0,0,10299369,True
naive,Add,int64_t,,1024,1.0,0,4995555,True
vectorized,Add,int64_t,,1024,1.0,1,10054240,True
naive,Add,int64_t,,1024,1.0,1,5250360,True
vectorized,Add,int64_t,,1024,1.0,2,9911484,True
naive,Add,int64_t,,1024,1.0,2,4833192,True
vectorized,Add,int64_t,,1024,1.0,3,9974230,True
naive,Add,int64_t,,1024,1.0,3,4868044,True
vectorized,Add,int64_t,,1024,1.0,4,10407742,True
naive,Add,int64_t,,1024,1.0,4,4844743,True
vectorized,Add,int64_t,,1024,1.0,5,10229268,True
naive,Add,int64_t,,1024,1.0,5,4828759,True
vectorized,Add,int64_t,,1024,1.0,6,10181918,True
naive,Add,int64_t,,1024,1.0,6,5022048,True
vectorized,Add,int64_t,,1024,1.0,7,10246780,True
naive,Add,int64_t,,1024,1.0,7,4841167,True
vectorized,Add,int64_t,,1024,1.0,8,10219411,True
naive,Add,int64_t,,1024,1.0,8,4822991,True
vectorized,Add,int64_t,,1024,1.0,9,10132073,True
naive,Add,int64_t,,1024,1.0,9,4843013,True
vectorized,Add,int64_t,,2048,0.001,0,26370384,False
naive,Add,int64_t,,2048,0.001,0,14955198,False
vectorized,Add,int64_t,,2048,0.001,1,26019840,False
naive,Add,int64_t,,2048,0.001,1,14926470,False
vectorized,Add,int64_t,,2048,0.001,2,33300330,False
naive,Add,int64_t,,2048,0.001,2,14853962,False
vectorized,Add,int64_t,,2048,0.001,3,31864889,False
naive,Add,int64_t,,2048,0.001,3,13954255,False
vectorized,Add,int64_t,,2048,0.001,4,25883701,False
naive,Add,int64_t,,2048,0.001,4,14890770,False
vectorized,Add,int64_t,,2048,0.001,5,25403800,False
naive,Add,int64_t,,2048,0.001,5,15212718,False
vectorized,Add,int64_t,,2048,0.001,6,31743673,False
naive,Add,int64_t,,2048,0.001,6,13947461,False
vectorized,Add,int64_t,,2048,0.001,7,25923028,False
naive,Add,int64_t,,2048,0.001,7,14455682,False
vectorized,Add,int64_t,,2048,0.001,8,25518120,False
naive,Add,int64_t,,2048,0.001,8,15008784,False
vectorized,Add,int64_t,,2048,0.001,9,26659011,False
naive,Add,int64_t,,2048,0.001,9,13997407,False
vectorized,Add,int64_t,,2048,0.01,0,26408666,False
naive,Add,int64_t,,2048,0.01,0,13932718,False
vectorized,Add,int64_t,,2048,0.01,1,25620425,False
naive,Add,int64_t,,2048,0.01,1,15014257,False
vectorized,Add,int64_t,,2048,0.01,2,30336884,False
naive,Add,int64_t,,2048,0.01,2,14965815,False
vectorized,Add,int64_t,,2048,0.01,3,29104312,False
naive,Add,int64_t,,2048,0.01,3,14923525,False
vectorized,Add,int64_t,,2048,0.01,4,28844843,False
naive,Add,int64_t,,2048,0.01,4,13977789,False
vectorized,Add,int64_t,,2048,0.01,5,26153207,False
naive,Add,int64_t,,2048,0.01,5,15022022,False
vectorized,Add,int64_t,,2048,0.01,6,31825854,False
naive,Add,int64_t,,2048,0.01,6,14006060,False
vectorized,Add,int64_t,,2048,0.01,7,26746057,False
naive,Add,int64_t,,2048,0.01,7,13945742,False
vectorized,Add,int64_t,,2048,0.01,8,26723639,False
naive,Add,int64_t,,2048,0.01,8,14758799,False
vectorized,Add,int64_t,,2048,0.01,9,33008355,False
naive,Add,int64_t,,2048,0.01,9,14893093,False
vectorized,Add,int64_t,,2048,0.05,0,31984571,False
naive,Add,int64_t,,2048,0.05,0,13989111,False
vectorized,Add,int64_t,,2048,0.05,1,30161156,False
naive,Add,int64_t,,2048,0.05,1,15140328,False
vectorized,Add,int64_t,,2048,0.05,2,31839848,False
naive,Add,int64_t,,2048,0.05,2,14990742,False
vectorized,Add,int64_t,,2048,0.05,3,26084879,False
naive,Add,int64_t,,2048,0.05,3,14443055,False
vectorized,Add,int64_t,,2048,0.05,4,25496374,False
naive,Add,int64_t,,2048,0.05,4,14928076,False
vectorized,Add,int64_t,,2048,0.05,5,31810329,False
naive,Add,int64_t,,2048,0.05,5,14912973,False
vectorized,Add,int64_t,,2048,0.05,6,32591065,False
naive,Add,int64_t,,2048,0.05,6,14966071,False
vectorized,Add,int64_t,,2048,0.05,7,32128412,False
naive,Add,int64_t,,2048,0.05,7,15017402,False
vectorized,Add,int64_t,,2048,0.05,8,27014122,False
naive,Add,int64_t,,2048,0.05,8,15036426,False
vectorized,Add,int64_t,,2048,0.05,9,33085815,False
naive,Add,int64_t,,2048,0.05,9,15071754,False
vectorized,Add,int64_t,,2048,0.1,0,25449006,False
naive,Add,int64_t,,2048,0.1,0,14938918,False
vectorized,Add,int64_t,,2048,0.1,1,26170435,False
naive,Add,int64_t,,2048,0.1,1,13960198,False
vectorized,Add,int64_t,,2048,0.1,2,31204455,False
naive,Add,int64_t,,2048,0.1,2,13960161,False
vectorized,Add,int64_t,,2048,0.1,3,32526133,False
naive,Add,int64_t,,2048,0.1,3,14001617,False
vectorized,Add,int64_t,,2048,0.1,4,33320930,False
naive,Add,int64_t,,2048,0.1,4,15040262,False
vectorized,Add,int64_t,,2048,0.1,5,30941640,False
naive,Add,int64_t,,2048,0.1,5,14994843,False
vectorized,Add,int64_t,,2048,0.1,6,33222533,False
naive,Add,int64_t,,2048,0.1,6,15250430,False
vectorized,Add,int64_t,,2048,0.1,7,25669770,False
naive,Add,int64_t,,2048,0.1,7,15066450,False
vectorized,Add,int64_t,,2048,0.1,8,32127733,False
naive,Add,int64_t,,2048,0.1,8,14995596,False
vectorized,Add,int64_t,,2048,0.1,9,26390120,False
naive,Add,int64_t,,2048,0.1,9,14963736,False
vectorized,Add,int64_t,,2048,0.2,0,29955625,False
naive,Add,int64_t,,2048,0.2,0,15034045,False
vectorized,Add,int64_t,,2048,0.2,1,29251180,False
naive,Add,int64_t,,2048,0.2,1,15027980,False
vectorized,Add,int64_t,,2048,0.2,2,26035713,False
naive,Add,int64_t,,2048,0.2,2,13953438,False
vectorized,Add,int64_t,,2048,0.2,3,27238236,False
naive,Add,int64_t,,2048,0.2,3,14750055,False
vectorized,Add,int64_t,,2048,0.2,4,28067654,False
naive,Add,int64_t,,2048,0.2,4,14031386,False
vectorized,Add,int64_t,,2048,0.2,5,26765187,False
naive,Add,int64_t,,2048,0.2,5,15064949,False
vectorized,Add,int64_t,,2048,0.2,6,25784511,False
naive,Add,int64_t,,2048,0.2,6,15067868,False
vectorized,Add,int64_t,,2048,0.2,7,22765499,False
naive,Add,int64_t,,2048,0.2,7,15353867,False
vectorized,Add,int64_t,,2048,0.2,8,24195890,False
naive,Add,int64_t,,2048,0.2,8,15252515,False
vectorized,Add,int64_t,,2048,0.2,9,31811910,False
naive,Add,int64_t,,2048,0.2,9,14217421,False
vectorized,Add,int64_t,,2048,0.25,0,25742462,True
naive,Add,int64_t,,2048,0.25,0,14005983,True
vectorized,Add,int64_t,,2048,0.25,1,26784961,True
naive,Add,int64_t,,2048,0.25,1,15051203,True
vectorized,Add,int64_t,,2048,0.25,2,32286498,True
naive,Add,int64_t,,2048,0.25,2,14928682,True
vectorized,Add,int64_t,,2048,0.25,3,32132851,True
naive,Add,int64_t,,2048,0.25,3,13983810,True
vectorized,Add,int64_t,,2048,0.25,4,26376432,True
naive,Add,int64_t,,2048,0.25,4,15081699,True
vectorized,Add,int64_t,,2048,0.25,5,26310056,True
naive,Add,int64_t,,2048,0.25,5,15009238,True
vectorized,Add,int64_t,,2048,0.25,6,29992560,True
naive,Add,int64_t,,2048,0.25,6,15298001,True
vectorized,Add,int64_t,,2048,0.25,7,26392237,True
naive,Add,int64_t,,2048,0.25,7,14042410,True
vectorized,Add,int64_t,,2048,0.25,8,25745823,True
naive,Add,int64_t,,2048,0.25,8,15038019,True
vectorized,Add,int64_t,,2048,0.25,9,32678054,True
naive,Add,int64_t,,2048,0.25,9,14462601,True
vectorized,Add,int64_t,,2048,1.0,0,32072742,True
naive,Add,int64_t,,2048,1.0,0,14823496,True
vectorized,Add,int64_t,,2048,1.0,1,31724813,True
naive,Add,int64_t,,2048,1.0,1,15340866,True
vectorized,Add,int64_t,,2048,1.0,2,31440460,True
naive,Add,int64_t,,2048,1.0,2,14999721,True
vectorized,Add,int64_t,,2048,1.0,3,31062247,True
naive,Add,int64_t,,2048,1.0,3,15057281,True
vectorized,Add,int64_t,,2048,1.0,4,31590809,True
naive,Add,int64_t,,2048,1.0,4,15021410,True
vectorized,Add,int64_t,,2048,1.0,5,31401164,True
naive,Add,int64_t,,2048,1.0,5,15420764,True
vectorized,Add,int64_t,,2048,1.0,6,31106089,True
naive,Add,int64_t,,2048,1.0,6,14706230,True
vectorized,Add,int64_t,,2048,1.0,7,25322154,True
naive,Add,int64_t,,2048,1.0,7,15104379,True
vectorized,Add,int64_t,,2048,1.0,8,31926418,True
naive,Add,int64_t,,2048,1.0,8,15022891,True
vectorized,Add,int64_t,,2048,1.0,9,31668206,True
naive,Add,int64_t,,2048,1.0,9,14066062,True
vectorized,Add,int64_t,,4096,0.001,0,81501885,False
naive,Add,int64_t,,4096,0.001,0,59877793,False
vectorized,Add,int64_t,,4096,0.001,1,83067520,False
naive,Add,int64_t,,4096,0.001,1,60568406,False
vectorized,Add,int64_t,,4096,0.001,2,84040191,False
naive,Add,int64_t,,4096,0.001,2,59725240,False
vectorized,Add,int64_t,,4096,0.001,3,81920516,False
naive,Add,int64_t,,4096,0.001,3,59998623,False
vectorized,Add,int64_t,,4096,0.001,4,92131009,False
naive,Add,int64_t,,4096,0.001,4,60253909,False
vectorized,Add,int64_t,,4096,0.001,5,91889032,False
naive,Add,int64_t,,4096,0.001,5,60254857,False
vectorized,Add,int64_t,,4096,0.001,6,88201987,False
naive,Add,int64_t,,4096,0.001,6,57960583,False
vectorized,Add,int64_t,,4096,0.001,7,84169468,False
naive,Add,int64_t,,4096,0.001,7,60513469,False
vectorized,Add,int64_t,,4096,0.001,8,80674898,False
naive,Add,int64_t,,4096,0.001,8,60835002,False
vectorized,Add,int64_t,,4096,0.001,9,84019524,False
naive,Add,int64_t,,4096,0.001,9,58237675,False
vectorized,Add,int64_t,,4096,0.01,0,86658021,False
naive,Add,int64_t,,4096,0.01,0,59868104,False
vectorized,Add,int64_t,,4096,0.01,1,86990994,False
naive,Add,int64_t,,4096,0.01,1,60481841,False
vectorized,Add,int64_t,,4096,0.01,2,87830968,False
naive,Add,int64_t,,4096,0.01,2,60057994,False
vectorized,Add,int64_t,,4096,0.01,3,83137807,False
naive,Add,int64_t,,4096,0.01,3,58141576,False
vectorized,Add,int64_t,,4096,0.01,4,85654741,False
naive,Add,int64_t,,4096,0.01,4,60580279,False
vectorized,Add,int64_t,,4096,0.01,5,87104796,False
naive,Add,int64_t,,4096,0.01,5,60102892,False
vectorized,Add,int64_t,,4096,0.01,6,84419450,False
naive,Add,int64_t,,4096,0.01,6,60498648,False
vectorized,Add,int64_t,,4096,0.01,7,89624938,False
naive,Add,int64_t,,4096,0.01,7,60337189,False
vectorized,Add,int64_t,,4096,0.01,8,92473663,False
naive,Add,int64_t,,4096,0.01,8,60225327,False
vectorized,Add,int64_t,,4096,0.01,9,77658250,False
naive,Add,int64_t,,4096,0.01,9,60260751,False
vectorized,Add,int64_t,,4096,0.05,0,82584571,False
naive,Add,int64_t,,4096,0.05,0,62317471,False
vectorized,Add,int64_t,,4096,0.05,1,77831574,False
naive,Add,int64_t,,4096,0.05,1,60221002,False
vectorized,Add,int64_t,,4096,0.05,2,82760828,False
naive,Add,int64_t,,4096,0.05,2,60190566,False
vectorized,Add,int64_t,,4096,0.05,3,81552236,False
naive,Add,int64_t,,4096,0.05,3,60080179,False
vectorized,Add,int64_t,,4096,0.05,4,87871137,False
naive,Add,int64_t,,4096,0.05,4,59233582,False
vectorized,Add,int64_t,,4096,0.05,5,81590120,False
naive,Add,int64_t,,4096,0.05,5,60344929,False
vectorized,Add,int64_t,,4096,0.05,6,99431722,False
naive,Add,int64_t,,4096,0.05,6,60171222,False
vectorized,Add,int64_t,,4096,0.05,7,88103811,False
naive,Add,int64_t,,4096,0.05,7,59357473,False
vectorized,Add,int64_t,,4096,0.05,8,83014852,False
naive,Add,int64_t,,4096,0.05,8,60175719,False
vectorized,Add,int64_t,,4096,0.05,9,88274284,False
naive,Add,int64_t,,4096,0.05,9,60261881,False
vectorized,Add,int64_t,,4096,0.1,0,79930651,False
naive,Add,int64_t,,4096,0.1,0,60270676,False
vectorized,Add,int64_t,,4096,0.1,1,86400664,False
naive,Add,int64_t,,4096,0.1,1,63262544,False
vectorized,Add,int64_t,,4096,0.1,2,87383985,False
naive,Add,int64_t,,4096,0.1,2,60376096,False
vectorized,Add,int64_t,,4096,0.1,3,79790433,False
naive,Add,int64_t,,4096,0.1,3,60096486,False
vectorized,Add,int64_t,,4096,0.1,4,91619892,False
naive,Add,int64_t,,4096,0.1,4,60306205,False
vectorized,Add,int64_t,,4096,0.1,5,84324276,False
naive,Add,int64_t,,4096,0.1,5,57936965,False
vectorized,Add,int64_t,,4096,0.1,6,85430813,False
naive,Add,int64_t,,4096,0.1,6,60250449,False
vectorized,Add,int64_t,,4096,0.1,7,82223996,False
naive,Add,int64_t,,4096,0.1,7,60442420,False
vectorized,Add,int64_t,,4096,0.1,8,83980683,False
naive,Add,int64_t,,4096,0.1,8,60001853,False
vectorized,Add,int64_t,,4096,0.1,9,92753813,False
naive,Add,int64_t,,4096,0.1,9,57299797,False
vectorized,Add,int64_t,,4096,0.2,0,94939759,False
naive,Add,int64_t,,4096,0.2,0,57967138,False
vectorized,Add,int64_t,,4096,0.2,1,90832763,False
naive,Add,int64_t,,4096,0.2,1,60392181,False
vectorized,Add,int64_t,,4096,0.2,2,84882810,False
naive,Add,int64_t,,4096,0.2,2,57987928,False
vectorized,Add,int64_t,,4096,0.2,3,91938080,False
naive,Add,int64_t,,4096,0.2,3,60417121,False
vectorized,Add,int64_t,,4096,0.2,4,80316180,False
naive,Add,int64_t,,4096,0.2,4,60241486,False
vectorized,Add,int64_t,,4096,0.2,5,93466968,False
naive,Add,int64_t,,4096,0.2,5,59970599,False
vectorized,Add,int64_t,,4096,0.2,6,86335309,False
naive,Add,int64_t,,4096,0.2,6,60240570,False
vectorized,Add,int64_t,,4096,0.2,7,82769246,False
naive,Add,int64_t,,4096,0.2,7,57101333,False
vectorized,Add,int64_t,,4096,0.2,8,91754264,False
naive,Add,int64_t,,4096,0.2,8,57432733,False
vectorized,Add,int64_t,,4096,0.2,9,85448877,False
naive,Add,int64_t,,4096,0.2,9,60062940,False
vectorized,Add,int64_t,,4096,0.25,0,89527723,True
naive,Add,int64_t,,4096,0.25,0,60294007,True
vectorized,Add,int64_t,,4096,0.25,1,83416350,True
naive,Add,int64_t,,4096,0.25,1,58978771,True
vectorized,Add,int64_t,,4096,0.25,2,79056427,True
naive,Add,int64_t,,4096,0.25,2,59852966,True
vectorized,Add,int64_t,,4096,0.25,3,93518964,True
naive,Add,int64_t,,4096,0.25,3,58797510,True
vectorized,Add,int64_t,,4096,0.25,4,84793050,True
naive,Add,int64_t,,4096,0.25,4,60185058,True
vectorized,Add,int64_t,,4096,0.25,5,77911960,True
naive,Add,int64_t,,4096,0.25,5,60661468,True
vectorized,Add,int64_t,,4096,0.25,6,86130263,True
naive,Add,int64_t,,4096,0.25,6,60458940,True
vectorized,Add,int64_t,,4096,0.25,7,88125945,True
naive,Add,int64_t,,4096,0.25,7,63439145,True
vectorized,Add,int64_t,,4096,0.25,8,89269332,True
naive,Add,int64_t,,4096,0.25,8,60081976,True
vectorized,Add,int64_t,,4096,0.25,9,88739380,True
naive,Add,int64_t,,4096,0.25,9,59998827,True
vectorized,Add,int64_t,,4096,1.0,0,91462854,True
naive,Add,int64_t,,4096,1.0,0,60103541,True
vectorized,Add,int64_t,,4096,1.0,1,82865208,True
naive,Add,int64_t,,4096,1.0,1,60225266,True
vectorized,Add,int64_t,,4096,1.0,2,90370118,True
naive,Add,int64_t,,4096,1.0,2,60355331,True
vectorized,Add,int64_t,,4096,1.0,3,81846169,True
naive,Add,int64_t,,4096,1.0,3,63155072,True
vectorized,Add,int64_t,,4096,1.0,4,82017962,True
naive,Add,int64_t,,4096,1.0,4,60179515,True
vectorized,Add,int64_t,,4096,1.0,5,83810776,True
naive,Add,int64_t,,4096,1.0,5,60304763,True
vectorized,Add,int64_t,,4096,1.0,6,86796560,True
naive,Add,int64_t,,4096,1.0,6,63627070,True
vectorized,Add,int64_t,,4096,1.0,7,79864308,True
naive,Add,int64_t,,4096,1.0,7,63243402,True
vectorized,Add,int64_t,,4096,1.0,8,81633757,True
naive,Add,int64_t,,4096,1.0,8,60535506,True
vectorized,Add,int64_t,,4096,1.0,9,84732506,True
naive,Add,int64_t,,4096,1.0,9,60042267,True
vectorized,Add,int64_t,symmetry,1024,0.001,0,22564285,False
naive,Add,int64_t,symmetry,1024,0.001,0,15189108,False
vectorized,Add,int64_t,symmetry,1024,0.001,1,22258676,False
naive,Add,int64_t,symmetry,1024,0.001,1,14672365,False
vectorized,Add,int64_t,symmetry,1024,0.001,2,21592652,False
naive,Add,int64_t,symmetry,1024,0.001,2,14596060,False
vectorized,Add,int64_t,symmetry,1024,0.001,3,22216536,False
naive,Add,int64_t,symmetry,1024,0.001,3,14312356,False
vectorized,Add,int64_t,symmetry,1024,0.001,4,21625063,False
naive,Add,int64_t,symmetry,1024,0.001,4,14510930,False
vectorized,Add,int64_t,symmetry,1024,0.001,5,22801462,False
naive,Add,int64_t,symmetry,1024,0.001,5,15016486,False
vectorized,Add,int64_t,symmetry,1024,0.001,6,21517355,False
naive,Add,int64_t,symmetry,1024,0.001,6,14503315,False
vectorized,Add,int64_t,symmetry,1024,0.001,7,22270913,False
naive,Add,int64_t,symmetry,1024,0.001,7,14448341,False
vectorized,Add,int64_t,symmetry,1024,0.001,8,22363512,False
naive,Add,int64_t,symmetry,1024,0.001,8,13845011,False
vectorized,Add,int64_t,symmetry,1024,0.001,9,21584878,False
naive,Add,int64_t,symmetry,1024,0.001,9,13800100,False
vectorized,Add,int64_t,symmetry,1024,0.01,0,22449507,False
naive,Add,int64_t,symmetry,1024,0.01,0,14544244,False
vectorized,Add,int64_t,symmetry,1024,0.01,1,21879591,False
naive,Add,int64_t,symmetry,1024,0.01,1,14386459,False
vectorized,Add,int64_t,symmetry,1024,0.01,2,22840116,False
naive,Add,int64_t,symmetry,1024,0.01,2,14837646,False
vectorized,Add,int64_t,symmetry,1024,0.01,3,23187915,False
naive,Add,int64_t,symmetry,1024,0.01,3,15315684,False
vectorized,Add,int64_t,symmetry,1024,0.01,4,22291652,False
naive,Add,int64_t,symmetry,1024,0.01,4,14115490,False
vectorized,Add,int64_t,symmetry,1024,0.01,5,22505067,False
naive,Add,int64_t,symmetry,1024,0.01,5,15289145,False
vectorized,Add,int64_t,symmetry,1024,0.01,6,22316370,False
naive,Add,int64_t,symmetry,1024,0.01,6,14100832,False
vectorized,Add,int64_t,symmetry,1024,0.01,7,22241804,False
naive,Add,int64_t,symmetry,1024,0.01,7,14201788,False
vectorized,Add,int64_t,symmetry,1024,0.01,8,22345393,False
naive,Add,int64_t,symmetry,1024,0.01,8,14098229,False
vectorized,Add,int64_t,symmetry,1024,0.01,9,22431912,False
naive,Add,int64_t,symmetry,1024,0.01,9,13608251,False
vectorized,Add,int64_t,symmetry,1024,0.05,0,21465712,False
naive,Add,int64_t,symmetry,1024,0.05,0,13541230,False
vectorized,Add,int64_t,symmetry,1024,0.05,1,21179224,False
naive,Add,int64_t,symmetry,1024,0.05,1,13558595,False
vectorized,Add,int64_t,symmetry,1024,0.05,2,20056342,False
naive,Add,int64_t,symmetry,1024,0.05,2,13793583,False
vectorized,Add,int64_t,symmetry,1024,0.05,3,21622535,False
naive,Add,int64_t,symmetry,1024,0.05,3,13653263,False
vectorized,Add,int64_t,symmetry,1024,0.05,4,22058808,False
naive,Add,int64_t,symmetry,1024,0.05,4,13569923,False
vectorized,Add,int64_t,symmetry,1024,0.05,5,22215837,False
naive,Add,int64_t,symmetry,1024,0.05,5,13713770,False
vectorized,Add,int64_t,symmetry,1024,0.05,6,22871536,False
naive,Add,int64_t,symmetry,1024,0.05,6,13699074,False
vectorized,Add,int64_t,symmetry,1024,0.05,7,23146307,False
naive,Add,int64_t,symmetry,1024,0.05,7,13549411,False
vectorized,Add,int64_t,symmetry,1024,0.05,8,21973750,False
naive,Add,int64_t,symmetry,1024,0.05,8,14715067,False
vectorized,Add,int64_t,symmetry,1024,0.05,9,21654192,False
naive,Add,int64_t,symmetry,1024,0.05,9,14618776,False
vectorized,Add,int64_t,symmetry,1024,0.1,0,21863747,False
naive,Add,int64_t,symmetry,1024,0.1,0,13194029,False
vectorized,Add,int64_t,symmetry,1024,0.1,1,21899652,False
naive,Add,int64_t,symmetry,1024,0.1,1,13288009,False
vectorized,Add,int64_t,symmetry,1024,0.1,2,20533164,False
naive,Add,int64_t,symmetry,1024,0.1,2,13360919,False
vectorized,Add,int64_t,symmetry,1024,0.1,3,22060437,False
naive,Add,int64_t,symmetry,1024,0.1,3,14013510,False
vectorized,Add,int64_t,symmetry,1024,0.1,4,22527805,False
naive,Add,int64_t,symmetry,1024,0.1,4,13320856,False
vectorized,Add,int64_t,symmetry,1024,0.1,5,22177389,False
naive,Add,int64_t,symmetry,1024,0.1,5,13225925,False
vectorized,Add,int64_t,symmetry,1024,0.1,6,22483428,False
naive,Add,int64_t,symmetry,1024,0.1,6,13540551,False
vectorized,Add,int64_t,symmetry,1024,0.1,7,23032318,False
naive,Add,int64_t,symmetry,1024,0.1,7,13444226,False
vectorized,Add,int64_t,symmetry,1024,0.1,8,21779748,False
naive,Add,int64_t,symmetry,1024,0.1,8,13361930,False
vectorized,Add,int64_t,symmetry,1024,0.1,9,21828393,False
naive,Add,int64_t,symmetry,1024,0.1,9,13527189,False
vectorized,Add,int64_t,symmetry,1024,0.2,0,22090056,False
naive,Add,int64_t,symmetry,1024,0.2,0,13492539,False
vectorized,Add,int64_t,symmetry,1024,0.2,1,21780250,False
naive,Add,int64_t,symmetry,1024,0.2,1,13678442,False
vectorized,Add,int64_t,symmetry,1024,0.2,2,21353975,False
naive,Add,int64_t,symmetry,1024,0.2,2,13289526,False
vectorized,Add,int64_t,symmetry,1024,0.2,3,22533619,False
naive,Add,int64_t,symmetry,1024,0.2,3,13573527,False
vectorized,Add,int64_t,symmetry,1024,0.2,4,21592105,False
naive,Add,int64_t,symmetry,1024,0.2,4,14041559,False
vectorized,Add,int64_t,symmetry,1024,0.2,5,22228332,False
naive,Add,int64_t,symmetry,1024,0.2,5,13401582,False
vectorized,Add,int64_t,symmetry,1024,0.2,6,21430504,False
naive,Add,int64_t,symmetry,1024,0.2,6,13234152,False
vectorized,Add,int64_t,symmetry,1024,0.2,7,20191672,False
naive,Add,int64_t,symmetry,1024,0.2,7,13222150,False
vectorized,Add,int64_t,symmetry,1024,0.2,8,22452880,False
naive,Add,int64_t,symmetry,1024,0.2,8,13680794,False
vectorized,Add,int64_t,symmetry,1024,0.2,9,22890295,False
naive,Add,int64_t,symmetry,1024,0.2,9,13606047,False
vectorized,Add,int64_t,symmetry,1024,0.25,0,21872858,True
naive,Add,int64_t,symmetry,1024,0.25,0,13416355,True
vectorized,Add,int64_t,symmetry,1024,0.25,1,19242495,True
naive,Add,int64_t,symmetry,1024,0.25,1,13278312,True
vectorized,Add,int64_t,symmetry,1024,0.25,2,21678020,True
naive,Add,int64_t,symmetry,1024,0.25,2,13148686,True
vectorized,Add,int64_t,symmetry,1024,0.25,3,22268934,True
naive,Add,int64_t,symmetry,1024,0.25,3,13822198,True
vectorized,Add,int64_t,symmetry,1024,0.25,4,21986894,True
naive,Add,int64_t,symmetry,1024,0.25,4,13338131,True
vectorized,Add,int64_t,symmetry,1024,0.25,5,21797452,True
naive,Add,int64_t,symmetry,1024,0.25,5,13419947,True
vectorized,Add,int64_t,symmetry,1024,0.25,6,20255211,True
naive,Add,int64_t,symmetry,1024,0.25,6,13497504,True
vectorized,Add,int64_t,symmetry,1024,0.25,7,22968496,True
naive,Add,int64_t,symmetry,1024,0.25,7,13169558,True
vectorized,Add,int64_t,symmetry,1024,0.25,8,21315032,True
naive,Add,int64_t,symmetry,1024,0.25,8,13464276,True
vectorized,Add,int64_t,symmetry,1024,0.25,9,21796747,True
naive,Add,int64_t,symmetry,1024,0.25,9,13293351,True
vectorized,Add,int64_t,symmetry,1024,1.0,0,20043151,True
naive,Add,int64_t,symmetry,1024,1.0,0,16545912,True
vectorized,Add,int64_t,symmetry,1024,1.0,1,20152629,True
naive,Add,int64_t,symmetry,1024,1.0,1,16709023,True
vectorized,Add,int64_t,symmetry,1024,1.0,2,19701238,True
naive,Add,int64_t,symmetry,1024,1.0,2,16593228,True
vectorized,Add,int64_t,symmetry,1024,1.0,3,20052444,True
naive,Add,int64_t,symmetry,1024,1.0,3,16882219,True
vectorized,Add,int64_t,symmetry,1024,1.0,4,19470953,True
naive,Add,int64_t,symmetry,1024,1.0,4,16576223,True
vectorized,Add,int64_t,symmetry,1024,1.0,5,19702011,True
naive,Add,int64_t,symmetry,1024,1.0,5,16688979,True
vectorized,Add,int64_t,symmetry,1024,1.0,6,19865382,True
naive,Add,int64_t,symmetry,1024,1.0,6,16650504,True
vectorized,Add,int64_t,symmetry,1024,1.0,7,20019448,True
naive,Add,int64_t,symmetry,1024,1.0,7,16786720,True
vectorized,Add,int64_t,symmetry,1024,1.0,8,19772088,True
naive,Add,int64_t,symmetry,1024,1.0,8,13451195,True
vectorized,Add,int64_t,symmetry,1024,1.0,9,19503347,True
naive,Add,int64_t,symmetry,1024,1.0,9,16730236,True
vectorized,Add,int64_t,symmetry,2048,0.001,0,62208170,False
naive,Add,int64_t,symmetry,2048,0.001,0,55665640,False
vectorized,Add,int64_t,symmetry,2048,0.001,1,62272289,False
naive,Add,int64_t,symmetry,2048,0.001,1,55520297,False
vectorized,Add,int64_t,symmetry,2048,0.001,2,65234443,False
naive,Add,int64_t,symmetry,2048,0.001,2,57281750,False
vectorized,Add,int64_t,symmetry,2048,0.001,3,64871680,False
naive,Add,int64_t,symmetry,2048,0.001,3,54948583,False
vectorized,Add,int64_t,symmetry,2048,0.001,4,64416851,False
naive,Add,int64_t,symmetry,2048,0.001,4,55858641,False
vectorized,Add,int64_t,symmetry,2048,0.001,5,62752256,False
naive,Add,int64_t,symmetry,2048,0.001,5,54373268,False
vectorized,Add,int64_t,symmetry,2048,0.001,6,64192916,False
naive,Add,int64_t,symmetry,2048,0.001,6,55435548,False
vectorized,Add,int64_t,symmetry,2048,0.001,7,64299790,False
naive,Add,int64_t,symmetry,2048,0.001,7,54641893,False
vectorized,Add,int64_t,symmetry,2048,0.001,8,65007765,False
naive,Add,int64_t,symmetry,2048,0.001,8,55525178,False
vectorized,Add,int64_t,symmetry,2048,0.001,9,62833084,False
naive,Add,int64_t,symmetry,2048,0.001,9,55071516,False
vectorized,Add,int64_t,symmetry,2048,0.01,0,62961363,False
naive,Add,int64_t,symmetry,2048,0.01,0,55518093,False
vectorized,Add,int64_t,symmetry,2048,0.01,1,63747908,False
naive,Add,int64_t,symmetry,2048,0.01,1,55093416,False
vectorized,Add,int64_t,symmetry,2048,0.01,2,61965963,False
naive,Add,int64_t,symmetry,2048,0.01,2,55637134,False
vectorized,Add,int64_t,symmetry,2048,0.01,3,77281657,False
naive,Add,int64_t,symmetry,2048,0.01,3,55180402,False
vectorized,Add,int64_t,symmetry,2048,0.01,4,62703351,False
naive,Add,int64_t,symmetry,2048,0.01,4,54549717,False
vectorized,Add,int64_t,symmetry,2048,0.01,5,60949882,False
naive,Add,int64_t,symmetry,2048,0.01,5,55835102,False
vectorized,Add,int64_t,symmetry,2048,0.01,6,60857436,False
naive,Add,int64_t,symmetry,2048,0.01,6,55860694,False
vectorized,Add,int64_t,symmetry,2048,0.01,7,63941053,False
naive,Add,int64_t,symmetry,2048,0.01,7,57853195,False
vectorized,Add,int64_t,symmetry,2048,0.01,8,59631485,False
naive,Add,int64_t,symmetry,2048,0.01,8,55344273,False
vectorized,Add,int64_t,symmetry,2048,0.01,9,64038278,False
naive,Add,int64_t,symmetry,2048,0.01,9,54330166,False
vectorized,Add,int64_t,symmetry,2048,0.05,0,67857511,False
naive,Add,int64_t,symmetry,2048,0.05,0,55036369,False
vectorized,Add,int64_t,symmetry,2048,0.05,1,63579695,False
naive,Add,int64_t,symmetry,2048,0.05,1,55453792,False
vectorized,Add,int64_t,symmetry,2048,0.05,2,62788759,False
naive,Add,int64_t,symmetry,2048,0.05,2,54758709,False
vectorized,Add,int64_t,symmetry,2048,0.05,3,63347684,False
naive,Add,int64_t,symmetry,2048,0.05,3,55599707,False
vectorized,Add,int64_t,symmetry,2048,0.05,4,63273640,False
naive,Add,int64_t,symmetry,2048,0.05,4,58114224,False
vectorized,Add,int64_t,symmetry,2048,0.05,5,64912048,False
naive,Add,int64_t,symmetry,2048,0.05,5,55272133,False
vectorized,Add,int64_t,symmetry,2048,0.05,6,63035384,False
naive,Add,int64_t,symmetry,2048,0.05,6,56123977,False
vectorized,Add,int64_t,symmetry,2048,0.05,7,62307449,False
naive,Add,int64_t,symmetry,2048,0.05,7,55104532,False
vectorized,Add,int64_t,symmetry,2048,0.05,8,62001951,False
naive,Add,int64_t,symmetry,2048,0.05,8,57634469,False
vectorized,Add,int64_t,symmetry,2048,0.05,9,62074975,False
naive,Add,int64_t,symmetry,2048,0.05,9,54648123,False
vectorized,Add,int64_t,symmetry,2048,0.1,0,70333280,False
naive,Add,int64_t,symmetry,2048,0.1,0,55614698,False
vectorized,Add,int64_t,symmetry,2048,0.1,1,63525429,False
naive,Add,int64_t,symmetry,2048,0.1,1,54441567,False
vectorized,Add,int64_t,symmetry,2048,0.1,2,63637479,False
naive,Add,int64_t,symmetry,2048,0.1,2,56048693,False
vectorized,Add,int64_t,symmetry,2048,0.1,3,70682508,False
naive,Add,int64_t,symmetry,2048,0.1,3,55659634,False
vectorized,Add,int64_t,symmetry,2048,0.1,4,67000659,False
naive,Add,int64_t,symmetry,2048,0.1,4,54930899,False
vectorized,Add,int64_t,symmetry,2048,0.1,5,64029204,False
naive,Add,int64_t,symmetry,2048,0.1,5,55785737,False
vectorized,Add,int64_t,symmetry,2048,0.1,6,65441838,False
naive,Add,int64_t,symmetry,2048,0.1,6,54579450,False
vectorized,Add,int64_t,symmetry,2048,0.1,7,63521829,False
naive,Add,int64_t,symmetry,2048,0.1,7,56134804,False
vectorized,Add,int64_t,symmetry,2048,0.1,8,63807704,False
naive,Add,int64_t,symmetry,2048,0.1,8,55400814,False
vectorized,Add,int64_t,symmetry,2048,0.1,9,63840308,False
naive,Add,int64_t,symmetry,2048,0.1,9,54571804,False
vectorized,Add,int64_t,symmetry,2048,0.2,0,70612362,False
naive,Add,int64_t,symmetry,2048,0.2,0,58337246,False
vectorized,Add,int64_t,symmetry,2048,0.2,1,64017007,False
naive,Add,int64_t,symmetry,2048,0.2,1,56988615,False
vectorized,Add,int64_t,symmetry,2048,0.2,2,64912009,False
naive,Add,int64_t,symmetry,2048,0.2,2,59046094,False
vectorized,Add,int64_t,symmetry,2048,0.2,3,58732605,False
naive,Add,int64_t,symmetry,2048,0.2,3,54485250,False
vectorized,Add,int64_t,symmetry,2048,0.2,4,75939548,False
naive,Add,int64_t,symmetry,2048,0.2,4,54440033,False
vectorized,Add,int64_t,symmetry,2048,0.2,5,73028323,False
naive,Add,int64_t,symmetry,2048,0.2,5,55474059,False
vectorized,Add,int64_t,symmetry,2048,0.2,6,61759211,False
naive,Add,int64_t,symmetry,2048,0.2,6,55056143,False
vectorized,Add,int64_t,symmetry,2048,0.2,7,63730618,False
naive,Add,int64_t,symmetry,2048,0.2,7,56122187,False
vectorized,Add,int64_t,symmetry,2048,0.2,8,66526565,False
naive,Add,int64_t,symmetry,2048,0.2,8,55504208,False
vectorized,Add,int64_t,symmetry,2048,0.2,9,63044559,False
naive,Add,int64_t,symmetry,2048,0.2,9,58142965,False
vectorized,Add,int64_t,symmetry,2048,0.25,0,65552001,True
naive,Add,int64_t,symmetry,2048,0.25,0,56098165,True
vectorized,Add,int64_t,symmetry,2048,0.25,1,76902120,True
naive,Add,int64_t,symmetry,2048,0.25,1,55089545,True
vectorized,Add,int64_t,symmetry,2048,0.25,2,63534377,True
naive,Add,int64_t,symmetry,2048,0.25,2,55566768,True
vectorized,Add,int64_t,symmetry,2048,0.25,3,62621073,True
naive,Add,int64_t,symmetry,2048,0.25,3,55477946,True
vectorized,Add,int64_t,symmetry,2048,0.25,4,74393255,True
naive,Add,int64_t,symmetry,2048,0.25,4,55150918,True
vectorized,Add,int64_t,symmetry,2048,0.25,5,67514475,True
naive,Add,int64_t,symmetry,2048,0.25,5,55478680,True
vectorized,Add,int64_t,symmetry,2048,0.25,6,63837791,True
naive,Add,int64_t,symmetry,2048,0.25,6,55089185,True
vectorized,Add,int64_t,symmetry,2048,0.25,7,63683968,True
naive,Add,int64_t,symmetry,2048,0.25,7,55771872,True
vectorized,Add,int64_t,symmetry,2048,0.25,8,61316012,True
naive,Add,int64_t,symmetry,2048,0.25,8,54717473,True
vectorized,Add,int64_t,symmetry,2048,0.25,9,67419381,True
naive,Add,int64_t,symmetry,2048,0.25,9,55109307,True
vectorized,Add,int64_t,symmetry,2048,1.0,0,61574315,True
naive,Add,int64_t,symmetry,2048,1.0,0,54975938,True
vectorized,Add,int64_t,symmetry,2048,1.0,1,64760306,True
naive,Add,int64_t,symmetry,2048,1.0,1,54928482,True
vectorized,Add,int64_t,symmetry,2048,1.0,2,62080564,True
naive,Add,int64_t,symmetry,2048,1.0,2,55167862,True
vectorized,Add,int64_t,symmetry,2048,1.0,3,60259043,True
naive,Add,int64_t,symmetry,2048,1.0,3,55486991,True
vectorized,Add,int64_t,symmetry,2048,1.0,4,61814244,True
naive,Add,int64_t,symmetry,2048,1.0,4,55104008,True
vectorized,Add,int64_t,symmetry,2048,1.0,5,70692655,True
naive,Add,int64_t,symmetry,2048,1.0,5,56612629,True
vectorized,Add,int64_t,symmetry,2048,1.0,6,60408467,True
naive,Add,int64_t,symmetry,2048,1.0,6,55751669,True
vectorized,Add,int64_t,symmetry,2048,1.0,7,65641833,True
naive,Add,int64_t,symmetry,2048,1.0,7,58621735,True
vectorized,Add,int64_t,symmetry,2048,1.0,8,71399665,True
naive,Add,int64_t,symmetry,2048,1.0,8,56151952,True
vectorized,Add,int64_t,symmetry,2048,1.0,9,63351103,True
naive,Add,int64_t,symmetry,2048,1.0,9,54420014,True
vectorized,Add,int64_t,symmetry,4096,0.001,0,241267315,False
naive,Add,int64_t,symmetry,4096,0.001,0,250436232,False
vectorized,Add,int64_t,symmetry,4096,0.001,1,242046976,False
naive,Add,int64_t,symmetry,4096,0.001,1,250982701,False
vectorized,Add,int64_t,symmetry,4096,0.001,2,255521727,False
naive,Add,int64_t,symmetry,4096,0.001,2,240872972,False
vectorized,Add,int64_t,symmetry,4096,0.001,3,233557341,False
naive,Add,int64_t,symmetry,4096,0.001,3,240551350,False
vectorized,Add,int64_t,symmetry,4096,0.001,4,243791065,False
naive,Add,int64_t,symmetry,4096,0.001,4,251034751,False
vectorized,Add,int64_t,symmetry,4096,0.001,5,259178009,False
naive,Add,int64_t,symmetry,4096,0.001,5,254819832,False
vectorized,Add,int64_t,symmetry,4096,0.001,6,237051547,False
naive,Add,int64_t,symmetry,4096,0.001,6,242451087,False
vectorized,Add,int64_t,symmetry,4096,0.001,7,236797553,False
naive,Add,int64_t,symmetry,4096,0.001,7,240193292,False
vectorized,Add,int64_t,symmetry,4096,0.001,8,241553177,False
naive,Add,int64_t,symmetry,4096,0.001,8,241916385,False
vectorized,Add,int64_t,symmetry,4096,0.001,9,254385298,False
naive,Add,int64_t,symmetry,4096,0.001,9,239829577,False
vectorized,Add,int64_t,symmetry,4096,0.01,0,226878210,False
naive,Add,int64_t,symmetry,4096,0.01,0,247769027,False
vectorized,Add,int64_t,symmetry,4096,0.01,1,237559614,False
naive,Add,int64_t,symmetry,4096,0.01,1,241330634,False
vectorized,Add,int64_t,symmetry,4096,0.01,2,234775946,False
naive,Add,int64_t,symmetry,4096,0.01,2,244674776,False
vectorized,Add,int64_t,symmetry,4096,0.01,3,295163110,False
naive,Add,int64_t,symmetry,4096,0.01,3,274920837,False
vectorized,Add,int64_t,symmetry,4096,0.01,4,302239354,False
naive,Add,int64_t,symmetry,4096,0.01,4,275759607,False
vectorized,Add,int64_t,symmetry,4096,0.01,5,270483908,False
naive,Add,int64_t,symmetry,4096,0.01,5,306867623,False
vectorized,Add,int64_t,symmetry,4096,0.01,6,288013151,False
naive,Add,int64_t,symmetry,4096,0.01,6,269679417,False
vectorized,Add,int64_t,symmetry,4096,0.01,7,239446669,False
naive,Add,int64_t,symmetry,4096,0.01,7,250251851,False
vectorized,Add,int64_t,symmetry,4096,0.01,8,254711457,False
naive,Add,int64_t,symmetry,4096,0.01,8,250165553,False
vectorized,Add,int64_t,symmetry,4096,0.01,9,240199460,False
naive,Add,int64_t,symmetry,4096,0.01,9,250523973,False
vectorized,Add,int64_t,symmetry,4096,0.05,0,255172866,False
naive,Add,int64_t,symmetry,4096,0.05,0,240859002,False
vectorized,Add,int64_t,symmetry,4096,0.05,1,234280336,False
naive,Add,int64_t,symmetry,4096,0.05,1,251748843,False
vectorized,Add,int64_t,symmetry,4096,0.05,2,242727588,False
naive,Add,int64_t,symmetry,4096,0.05,2,242399599,False
vectorized,Add,int64_t,symmetry,4096,0.05,3,241501732,False
naive,Add,int64_t,symmetry,4096,0.05,3,241277032,False
vectorized,Add,int64_t,symmetry,4096,0.05,4,246212377,False
naive,Add,int64_t,symmetry,4096,0.05,4,243291570,False
vectorized,Add,int64_t,symmetry,4096,0.05,5,230153398,False
naive,Add,int64_t,symmetry,4096,0.05,5,241471557,False
vectorized,Add,int64_t,symmetry,4096,0.05,6,252771854,False
naive,Add,int64_t,symmetry,4096,0.05,6,241308257,False
vectorized,Add,int64_t,symmetry,4096,0.05,7,238599935,False
naive,Add,int64_t,symmetry,4096,0.05,7,241297661,False
vectorized,Add,int64_t,symmetry,4096,0.05,8,260919910,False
naive,Add,int64_t,symmetry,4096,0.05,8,241560430,False
vectorized,Add,int64_t,symmetry,4096,0.05,9,252277678,False
naive,Add,int64_t,symmetry,4096,0.05,9,255847110,False
vectorized,Add,int64_t,symmetry,4096,0.1,0,240000956,False
naive,Add,int64_t,symmetry,4096,0.1,0,237579328,False
vectorized,Add,int64_t,symmetry,4096,0.1,1,237266950,False
naive,Add,int64_t,symmetry,4096,0.1,1,238081326,False
vectorized,Add,int64_t,symmetry,4096,0.1,2,242613721,False
naive,Add,int64_t,symmetry,4096,0.1,2,252568663,False
vectorized,Add,int64_t,symmetry,4096,0.1,3,251966391,False
naive,Add,int64_t,symmetry,4096,0.1,3,241129467,False
vectorized,Add,int64_t,symmetry,4096,0.1,4,236801319,False
naive,Add,int64_t,symmetry,4096,0.1,4,242780696,False
vectorized,Add,int64_t,symmetry,4096,0.1,5,231946385,False
naive,Add,int64_t,symmetry,4096,0.1,5,241025842,False
vectorized,Add,int64_t,symmetry,4096,0.1,6,249491588,False
naive,Add,int64_t,symmetry,4096,0.1,6,240801400,False
vectorized,Add,int64_t,symmetry,4096,0.1,7,230296618,False
naive,Add,int64_t,symmetry,4096,0.1,7,251022852,False
vectorized,Add,int64_t,symmetry,4096,0.1,8,244432720,False
naive,Add,int64_t,symmetry,4096,0.1,8,240305808,False
vectorized,Add,int64_t,symmetry,4096,0.1,9,242373449,False
naive,Add,int64_t,symmetry,4096,0.1,9,241907532,False
vectorized,Add,int64_t,symmetry,4096,0.2,0,244553551,False
naive,Add,int64_t,symmetry,4096,0.2,0,238230386,False
vectorized,Add,int64_t,symmetry,4096,0.2,1,258006275,False
naive,Add,int64_t,symmetry,4096,0.2,1,250309281,False
vectorized,Add,int64_t,symmetry,4096,0.2,2,238540292,False
naive,Add,int64_t,symmetry,4096,0.2,2,244009254,False
vectorized,Add,int64_t,symmetry,4096,0.2,3,231335066,False
naive,Add,int64_t,symmetry,4096,0.2,3,252337226,False
vectorized,Add,int64_t,symmetry,4096,0.2,4,240754768,False
naive,Add,int64_t,symmetry,4096,0.2,4,252222667,False
vectorized,Add,int64_t,symmetry,4096,0.2,5,246050966,False
naive,Add,int64_t,symmetry,4096,0.2,5,241522432,False
vectorized,Add,int64_t,symmetry,4096,0.2,6,248385190,False
naive,Add,int64_t,symmetry,4096,0.2,6,251440086,False
vectorized,Add,int64_t,symmetry,4096,0.2,7,269639708,False
naive,Add,int64_t,symmetry,4096,0.2,7,240799439,False
vectorized,Add,int64_t,symmetry,4096,0.2,8,249711250,False
naive,Add,int64_t,symmetry,4096,0.2,8,250968527,False
vectorized,Add,int64_t,symmetry,4096,0.2,9,247308469,False
naive,Add,int64_t,symmetry,4096,0.2,9,242356907,False
vectorized,Add,int64_t,symmetry,4096,0.25,0,240892221,True
naive,Add,int64_t,symmetry,4096,0.25,0,252233603,True
vectorized,Add,int64_t,symmetry,4096,0.25,1,240788014,True
naive,Add,int64_t,symmetry,4096,0.25,1,242473723,True
vectorized,Add,int64_t,symmetry,4096,0.25,2,257253938,True
naive,Add,int64_t,symmetry,4096,0.25,2,241245375,True
vectorized,Add,int64_t,symmetry,4096,0.25,3,248741584,True
naive,Add,int64_t,symmetry,4096,0.25,3,243504315,True
vectorized,Add,int64_t,symmetry,4096,0.25,4,252825069,True
naive,Add,int64_t,symmetry,4096,0.25,4,241590948,True
vectorized,Add,int64_t,symmetry,4096,0.25,5,266983756,True
naive,Add,int64_t,symmetry,4096,0.25,5,243643166,True
vectorized,Add,int64_t,symmetry,4096,0.25,6,242297993,True
naive,Add,int64_t,symmetry,4096,0.25,6,241538621,True
vectorized,Add,int64_t,symmetry,4096,0.25,7,241184294,True
naive,Add,int64_t,symmetry,4096,0.25,7,242546755,True
vectorized,Add,int64_t,symmetry,4096,0.25,8,256949557,True
naive,Add,int64_t,symmetry,4096,0.25,8,238900612,True
vectorized,Add,int64_t,symmetry,4096,0.25,9,240627791,True
naive,Add,int64_t,symmetry,4096,0.25,9,241821164,True
vectorized,Add,int64_t,symmetry,4096,1.0,0,236049310,True
naive,Add,int64_t,symmetry,4096,1.0,0,241912205,True
vectorized,Add,int64_t,symmetry,4096,1.0,1,254878047,True
naive,Add,int64_t,symmetry,4096,1.0,1,241115646,True
vectorized,Add,int64_t,symmetry,4096,1.0,2,245385098,True
naive,Add,int64_t,symmetry,4096,1.0,2,239152310,True
vectorized,Add,int64_t,symmetry,4096,1.0,3,248677170,True
naive,Add,int64_t,symmetry,4096,1.0,3,241956214,True
vectorized,Add,int64_t,symmetry,4096,1.0,4,263471389,True
naive,Add,int64_t,symmetry,4096,1.0,4,239589621,True
vectorized,Add,int64_t,symmetry,4096,1.0,5,252203152,True
naive,Add,int64_t,symmetry,4096,1.0,5,242649655,True
vectorized,Add,int64_t,symmetry,4096,1.0,6,237595932,True
naive,Add,int64_t,symmetry,4096,1.0,6,236731745,True
vectorized,Add,int64_t,symmetry,4096,1.0,7,245108281,True
naive,Add,int64_t,symmetry,4096,1.0,7,249375166,True
vectorized,Add,int64_t,symmetry,4096,1.0,8,242920279,True
naive,Add,int64_t,symmetry,4096,1.0,8,242031502,True
vectorized,Add,int64_t,symmetry,4096,1.0,9,235129158,True
naive,Add,int64_t,symmetry,4096,1.0,9,240960930,True
vectorized,Add,int64_t,mean,1024,0.001,0,16233394,False
naive,Add,int64_t,mean,1024,0.001,0,7515655,False
vectorized,Add,int64_t,mean,1024,0.001,1,15236563,False
naive,Add,int64_t,mean,1024,0.001,1,7624659,False
vectorized,Add,int64_t,mean,1024,0.001,2,16185970,False
naive,Add,int64_t,mean,1024,0.001,2,7599906,False
vectorized,Add,int64_t,mean,1024,0.001,3,16223082,False
naive,Add,int64_t,mean,1024,0.001,3,7646512,False
vectorized,Add,int64_t,mean,1024,0.001,4,15223106,False
naive,Add,int64_t,mean,1024,0.001,4,7515543,False
vectorized,Add,int64_t,mean,1024,0.001,5,16730343,False
naive,Add,int64_t,mean,1024,0.001,5,7316477,False
vectorized,Add,int64_t,mean,1024,0.001,6,15626850,False
naive,Add,int64_t,mean,1024,0.001,6,7686879,False
vectorized,Add,int64_t,mean,1024,0.001,7,15439625,False
naive,Add,int64_t,mean,1024,0.001,7,7148998,False
vectorized,Add,int64_t,mean,1024,0.001,8,14509653,False
naive,Add,int64_t,mean,1024,0.001,8,8006351,False
vectorized,Add,int64_t,mean,1024,0.001,9,14608522,False
naive,Add,int64_t,mean,1024,0.001,9,7610271,False
vectorized,Add,int64_t,mean,1024,0.01,0,15422406,False
naive,Add,int64_t,mean,1024,0.01,0,7973937,False
vectorized,Add,int64_t,mean,1024,0.01,1,14897138,False
naive,Add,int64_t,mean,1024,0.01,1,6481700,False
vectorized,Add,int64_t,mean,1024,0.01,2,15143430,False
naive,Add,int64_t,mean,1024,0.01,2,8036304,False
vectorized,Add,int64_t,mean,1024,0.01,3,15341813,False
naive,Add,int64_t,mean,1024,0.01,3,7990886,False
vectorized,Add,int64_t,mean,1024,0.01,4,15119438,False
naive,Add,int64_t,mean,1024,0.01,4,7318194,False
vectorized,Add,int64_t,mean,1024,0.01,5,15658349,False
naive,Add,int64_t,mean,1024,0.01,5,8119008,False
vectorized,Add,int64_t,mean,1024,0.01,6,16218045,False
naive,Add,int64_t,mean,1024,0.01,6,6567864,False
vectorized,Add,int64_t,mean,1024,0.01,7,16076518,False
naive,Add,int64_t,mean,1024,0.01,7,7481690,False
vectorized,Add,int64_t,mean,1024,0.01,8,15259410,False
naive,Add,int64_t,mean,1024,0.01,8,7086806,False
vectorized,Add,int64_t,mean,1024,0.01,9,18115167,False
naive,Add,int64_t,mean,1024,0.01,9,8066715,False
vectorized,Add,int64_t,mean,1024,0.05,0,14732156,False
naive,Add,int64_t,mean,1024,0.05,0,6895722,False
vectorized,Add,int64_t,mean,1024,0.05,1,15162265,False
naive,Add,int64_t,mean,1024,0.05,1,6598992,False
vectorized,Add,int64_t,mean,1024,0.05,2,14855412,False
naive,Add,int64_t,mean,1024,0.05,2,6879429,False
vectorized,Add,int64_t,mean,1024,0.05,3,15527352,False
naive,Add,int64_t,mean,1024,0.05,3,6740436,False
vectorized,Add,int64_t,mean,1024,0.05,4,15076694,False
naive,Add,int64_t,mean,1024,0.05,4,6775708,False
vectorized,Add,int64_t,mean,1024,0.05,5,14902437,False
naive,Add,int64_t,mean,1024,0.05,5,6915723,False
vectorized,Add,int64_t,mean,1024,0.05,6,14479217,False
naive,Add,int64_t,mean,1024,0.05,6,6684860,False
vectorized,Add,int64_t,mean,1024,0.05,7,14986906,False
naive,Add,int64_t,mean,1024,0.05,7,6798073,False
vectorized,Add,int64_t,mean,1024,0.05,8,15092134,False
naive,Add,int64_t,mean,1024,0.05,8,6365609,False
vectorized,Add,int64_t,mean,1024,0.05,9,14130273,False
naive,Add,int64_t,mean,1024,0.05,9,6626871,False
vectorized,Add,int64_t,mean,1024,0.1,0,15737988,False
naive,Add,int64_t,mean,1024,0.1,0,6267866,False
vectorized,Add,int64_t,mean,1024,0.1,1,14942462,False
naive,Add,int64_t,mean,1024,0.1,1,6257764,False
vectorized,Add,int64_t,mean,1024,0.1,2,15224996,False
naive,Add,int64_t,mean,1024,0.1,2,6285571,False
vectorized,Add,int64_t,mean,1024,0.1,3,15008083,False
naive,Add,int64_t,mean,1024,0.1,3,6772427,False
vectorized,Add,int64_t,mean,1024,0.1,4,15836759,False
naive,Add,int64_t,mean,1024,0.1,4,6276933,False
vectorized,Add,int64_t,mean,1024,0.1,5,14907019,False
naive,Add,int64_t,mean,1024,0.1,5,6501565,False
vectorized,Add,int64_t,mean,1024,0.1,6,14715649,False
naive,Add,int64_t,mean,1024,0.1,6,6332390,False
vectorized,Add,int64_t,mean,1024,0.1,7,15174742,False
naive,Add,int64_t,mean,1024,0.1,7,6494526,False
vectorized,Add,int64_t,mean,1024,0.1,8,14892504,False
naive,Add,int64_t,mean,1024,0.1,8,6275866,False
vectorized,Add,int64_t,mean,1024,0.1,9,14904886,False
naive,Add,int64_t,mean,1024,0.1,9,6277419,False
vectorized,Add,int64_t,mean,1024,0.2,0,14105579,False
naive,Add,int64_t,mean,1024,0.2,0,6212193,False
vectorized,Add,int64_t,mean,1024,0.2,1,15355737,False
naive,Add,int64_t,mean,1024,0.2,1,6187233,False
vectorized,Add,int64_t,mean,1024,0.2,2,15335882,False
naive,Add,int64_t,mean,1024,0.2,2,6270483,False
vectorized,Add,int64_t,mean,1024,0.2,3,14652173,False
naive,Add,int64_t,mean,1024,0.2,3,6360930,False
vectorized,Add,int64_t,mean,1024,0.2,4,15251779,False
naive,Add,int64_t,mean,1024,0.2,4,6344909,False
vectorized,Add,int64_t,mean,1024,0.2,5,14675910,False
naive,Add,int64_t,mean,1024,0.2,5,6426843,False
vectorized,Add,int64_t,mean,1024,0.2,6,14600206,False
naive,Add,int64_t,mean,1024,0.2,6,6297601,False
vectorized,Add,int64_t,mean,1024,0.2,7,15215221,False
naive,Add,int64_t,mean,1024,0.2,7,6514263,False
vectorized,Add,int64_t,mean,1024,0.2,8,15479217,False
naive,Add,int64_t,mean,1024,0.2,8,6412913,False
vectorized,Add,int64_t,mean,1024,0.2,9,14703269,False
naive,Add,int64_t,mean,1024,0.2,9,6666132,False
vectorized,Add,int64_t,mean,1024,0.25,0,14327287,True
naive,Add,int64_t,mean,1024,0.25,0,6490268,True
vectorized,Add,int64_t,mean,1024,0.25,1,15248916,True
naive,Add,int64_t,mean,1024,0.25,1,6195885,True
vectorized,Add,int64_t,mean,1024,0.25,2,15296797,True
naive,Add,int64_t,mean,1024,0.25,2,6357156,True
vectorized,Add,int64_t,mean,1024,0.25,3,14838353,True
naive,Add,int64_t,mean,1024,0.25,3,6551528,True
vectorized,Add,int64_t,mean,1024,0.25,4,17336114,True
naive,Add,int64_t,mean,1024,0.25,4,6190782,True
vectorized,Add,int64_t,mean,1024,0.25,5,13933085,True
naive,Add,int64_t,mean,1024,0.25,5,6197251,True
vectorized,Add,int64_t,mean,1024,0.25,6,14597987,True
naive,Add,int64_t,mean,1024,0.25,6,6601707,True
vectorized,Add,int64_t,mean,1024,0.25,7,14339986,True
naive,Add,int64_t,mean,1024,0.25,7,6345139,True
vectorized,Add,int64_t,mean,1024,0.25,8,14613556,True
naive,Add,int64_t,mean,1024,0.25,8,6429424,True
vectorized,Add,int64_t,mean,1024,0.25,9,15666144,True
naive,Add,int64_t,mean,1024,0.25,9,6434834,True
vectorized,Add,int64_t,mean,1024,1.0,0,13588778,True
naive,Add,int64_t,mean,1024,1.0,0,8937810,True
vectorized,Add,int64_t,mean,1024,1.0,1,13725954,True
naive,Add,int64_t,mean,1024,1.0,1,8756916,True
vectorized,Add,int64_t,mean,1024,1.0,2,13811898,True
naive,Add,int64_t,mean,1024,1.0,2,8536343,True
vectorized,Add,int64_t,mean,1024,1.0,3,13691120,True
naive,Add,int64_t,mean,1024,1.0,3,8696661,True
vectorized,Add,int64_t,mean,1024,1.0,4,13858100,True
naive,Add,int64_t,mean,1024,1.0,4,8592837,True
vectorized,Add,int64_t,mean,1024,1.0,5,13781045,True
naive,Add,int64_t,mean,1024,1.0,5,8569472,True
vectorized,Add,int64_t,mean,1024,1.0,6,13491574,True
naive,Add,int64_t,mean,1024,1.0,6,8853949,True
vectorized,Add,int64_t,mean,1024,1.0,7,13853672,True
naive,Add,int64_t,mean,1024,1.0,7,8653063,True
vectorized,Add,int64_t,mean,1024,1.0,8,13639103,True
naive,Add,int64_t,mean,1024,1.0,8,8576614,True
vectorized,Add,int64_t,mean,1024,1.0,9,13720159,True
naive,Add,int64_t,mean,1024,1.0,9,8598407,True
vectorized,Add,int64_t,mean,2048,0.001,0,49698812,False
naive,Add,int64_t,mean,2048,0.001,0,28022554,False
vectorized,Add,int64_t,mean,2048,0.001,1,45334497,False
naive,Add,int64_t,mean,2048,0.001,1,27969390,False
vectorized,Add,int64_t,mean,2048,0.001,2,50046009,False
naive,Add,int64_t,mean,2048,0.001,2,26821494,False
vectorized,Add,int64_t,mean,2048,0.001,3,40677002,False
naive,Add,int64_t,mean,2048,0.001,3,27827126,False
vectorized,Add,int64_t,mean,2048,0.001,4,45352646,False
naive,Add,int64_t,mean,2048,0.001,4,29330245,False
vectorized,Add,int64_t,mean,2048,0.001,5,39212868,False
naive,Add,int64_t,mean,2048,0.001,5,27759921,False
vectorized,Add,int64_t,mean,2048,0.001,6,39717507,False
naive,Add,int64_t,mean,2048,0.001,6,27737971,False
vectorized,Add,int64_t,mean,2048,0.001,7,49208894,False
naive,Add,int64_t,mean,2048,0.001,7,27513337,False
vectorized,Add,int64_t,mean,2048,0.001,8,38673728,False
naive,Add,int64_t,mean,2048,0.001,8,27687279,False
vectorized,Add,int64_t,mean,2048,0.001,9,49586617,False
naive,Add,int64_t,mean,2048,0.001,9,28081287,False
vectorized,Add,int64_t,mean,2048,0.01,0,40294412,False
naive,Add,int64_t,mean,2048,0.01,0,26890933,False
vectorized,Add,int64_t,mean,2048,0.01,1,49508630,False
naive,Add,int64_t,mean,2048,0.01,1,27863238,False
vectorized,Add,int64_t,mean,2048,0.01,2,42808982,False
naive,Add,int64_t,mean,2048,0.01,2,27175927,False
vectorized,Add,int64_t,mean,2048,0.01,3,46180172,False
naive,Add,int64_t,mean,2048,0.01,3,27934627,False
vectorized,Add,int64_t,mean,2048,0.01,4,45663995,False
naive,Add,int64_t,mean,2048,0.01,4,27956965,False
vectorized,Add,int64_t,mean,2048,0.01,5,39828355,False
naive,Add,int64_t,mean,2048,0.01,5,26935464,False
vectorized,Add,int64_t,mean,2048,0.01,6,39517090,False
naive,Add,int64_t,mean,2048,0.01,6,28138983,False
vectorized,Add,int64_t,mean,2048,0.01,7,50640680,False
naive,Add,int64_t,mean,2048,0.01,7,27896402,False
vectorized,Add,int64_t,mean,2048,0.01,8,43143367,False
naive,Add,int64_t,mean,2048,0.01,8,26875424,False
vectorized,Add,int64_t,mean,2048,0.01,9,50776255,False
naive,Add,int64_t,mean,2048,0.01,9,26914600,False
vectorized,Add,int64_t,mean,2048,0.05,0,44698852,False
naive,Add,int64_t,mean,2048,0.05,0,28875310,False
vectorized,Add,int64_t,mean,2048,0.05,1,49474198,False
naive,Add,int64_t,mean,2048,0.05,1,27993100,False
vectorized,Add,int64_t,mean,2048,0.05,2,48633043,False
naive,Add,int64_t,mean,2048,0.05,2,27946187,False
vectorized,Add,int64_t,mean,2048,0.05,3,39523460,False
naive,Add,int64_t,mean,2048,0.05,3,27932319,False
vectorized,Add,int64_t,mean,2048,0.05,4,49959501,False
naive,Add,int64_t,mean,2048,0.05,4,29571318,False
vectorized,Add,int64_t,mean,2048,0.05,5,49966966,False
naive,Add,int64_t,mean,2048,0.05,5,27174463,False
vectorized,Add,int64_t,mean,2048,0.05,6,45937198,False
naive,Add,int64_t,mean,2048,0.05,6,26987825,False
vectorized,Add,int64_t,mean,2048,0.05,7,39056069,False
naive,Add,int64_t,mean,2048,0.05,7,26951694,False
vectorized,Add,int64_t,mean,2048,0.05,8,40164549,False
naive,Add,int64_t,mean,2048,0.05,8,27998030,False
vectorized,Add,int64_t,mean,2048,0.05,9,40733350,False
naive,Add,int64_t,mean,2048,0.05,9,27142823,False
vectorized,Add,int64_t,mean,2048,0.1,0,40967394,False
naive,Add,int64_t,mean,2048,0.1,0,27488395,False
vectorized,Add,int64_t,mean,2048,0.1,1,41548854,False
naive,Add,int64_t,mean,2048,0.1,1,26910978,False
vectorized,Add,int64_t,mean,2048,0.1,2,40075890,False
naive,Add,int64_t,mean,2048,0.1,2,26994010,False
vectorized,Add,int64_t,mean,2048,0.1,3,45559450,False
naive,Add,int64_t,mean,2048,0.1,3,27859650,False
vectorized,Add,int64_t,mean,2048,0.1,4,40443638,False
naive,Add,int64_t,mean,2048,0.1,4,28016760,False
vectorized,Add,int64_t,mean,2048,0.1,5,42452918,False
naive,Add,int64_t,mean,2048,0.1,5,27974925,False
vectorized,Add,int64_t,mean,2048,0.1,6,46155975,False
naive,Add,int64_t,mean,2048,0.1,6,27910314,False
vectorized,Add,int64_t,mean,2048,0.1,7,48681271,False
naive,Add,int64_t,mean,2048,0.1,7,28036073,False
vectorized,Add,int64_t,mean,2048,0.1,8,39472815,False
naive,Add,int64_t,mean,2048,0.1,8,28033184,False
vectorized,Add,int64_t,mean,2048,0.1,9,43479222,False
naive,Add,int64_t,mean,2048,0.1,9,27031101,False
vectorized,Add,int64_t,mean,2048,0.2,0,40235975,False
naive,Add,int64_t,mean,2048,0.2,0,27990715,False
vectorized,Add,int64_t,mean,2048,0.2,1,47093348,False
naive,Add,int64_t,mean,2048,0.2,1,27954638,False
vectorized,Add,int64_t,mean,2048,0.2,2,43275908,False
naive,Add,int64_t,mean,2048,0.2,2,27986108,False
vectorized,Add,int64_t,mean,2048,0.2,3,44188896,False
naive,Add,int64_t,mean,2048,0.2,3,28952832,False
vectorized,Add,int64_t,mean,2048,0.2,4,43135666,False
naive,Add,int64_t,mean,2048,0.2,4,26917334,False
vectorized,Add,int64_t,mean,2048,0.2,5,39483964,False
naive,Add,int64_t,mean,2048,0.2,5,27949849,False
vectorized,Add,int64_t,mean,2048,0.2,6,40976365,False
naive,Add,int64_t,mean,2048,0.2,6,27504792,False
vectorized,Add,int64_t,mean,2048,0.2,7,40085742,False
naive,Add,int64_t,mean,2048,0.2,7,27125120,False
vectorized,Add,int64_t,mean,2048,0.2,8,48745561,False
naive,Add,int64_t,mean,2048,0.2,8,28751857,False
vectorized,Add,int64_t,mean,2048,0.2,9,45588785,False
naive,Add,int64_t,mean,2048,0.2,9,27892064,False
vectorized,Add,int64_t,mean,2048,0.25,0,48597131,True
naive,Add,int64_t,mean,2048,0.25,0,27470548,True
vectorized,Add,int64_t,mean,2048,0.25,1,39918483,True
naive,Add,int64_t,mean,2048,0.25,1,28043820,True
vectorized,Add,int64_t,mean,2048,0.25,2,48698924,True
naive,Add,int64_t,mean,2048,0.25,2,27751768,True
vectorized,Add,int64_t,mean,2048,0.25,3,50701538,True
naive,Add,int64_t,mean,2048,0.25,3,27958308,True
vectorized,Add,int64_t,mean,2048,0.25,4,50162691,True
naive,Add,int64_t,mean,2048,0.25,4,27985905,True
vectorized,Add,int64_t,mean,2048,0.25,5,41009827,True
naive,Add,int64_t,mean,2048,0.25,5,28088435,True
vectorized,Add,int64_t,mean,2048,0.25,6,39083604,True
naive,Add,int64_t,mean,2048,0.25,6,27790784,True
vectorized,Add,int64_t,mean,2048,0.25,7,41334340,True
naive,Add,int64_t,mean,2048,0.25,7,27104835,True
vectorized,Add,int64_t,mean,2048,0.25,8,41319654,True
naive,Add,int64_t,mean,2048,0.25,8,28025949,True
vectorized,Add,int64_t,mean,2048,0.25,9,46285866,True
naive,Add,int64_t,mean,2048,0.25,9,27086913,True
vectorized,Add,int64_t,mean,2048,1.0,0,50266213,True
naive,Add,int64_t,mean,2048,1.0,0,27902971,True
vectorized,Add,int64_t,mean,2048,1.0,1,48584865,True
naive,Add,int64_t,mean,2048,1.0,1,30158995,True
vectorized,Add,int64_t,mean,2048,1.0,2,49197527,True
naive,Add,int64_t,mean,2048,1.0,2,27968305,True
vectorized,Add,int64_t,mean,2048,1.0,3,48523334,True
naive,Add,int64_t,mean,2048,1.0,3,27455429,True
vectorized,Add,int64_t,mean,2048,1.0,4,48851755,True
naive,Add,int64_t,mean,2048,1.0,4,27228072,True
vectorized,Add,int64_t,mean,2048,1.0,5,49358806,True
naive,Add,int64_t,mean,2048,1.0,5,27958162,True
vectorized,Add,int64_t,mean,2048,1.0,6,42309163,True
naive,Add,int64_t,mean,2048,1.0,6,28078496,True
vectorized,Add,int64_t,mean,2048,1.0,7,50028501,True
naive,Add,int64_t,mean,2048,1.0,7,27000294,True
vectorized,Add,int64_t,mean,2048,1.0,8,39703290,True
naive,Add,int64_t,mean,2048,1.0,8,27726467,True
vectorized,Add,int64_t,mean,2048,1.0,9,39761763,True
naive,Add,int64_t,mean,2048,1.0,9,28046703,True
vectorized,Add,int64_t,mean,4096,0.001,0,136997205,False
naive,Add,int64_t,mean,4096,0.001,0,113217016,False
vectorized,Add,int64_t,mean,4096,0.001,1,145481783,False
naive,Add,int64_t,mean,4096,0.001,1,113118461,False
vectorized,Add,int64_t,mean,4096,0.001,2,139961096,False
naive,Add,int64_t,mean,4096,0.001,2,113128113,False
vectorized,Add,int64_t,mean,4096,0.001,3,152169403,False
naive,Add,int64_t,mean,4096,0.001,3,114064450,False
vectorized,Add,int64_t,mean,4096,0.001,4,150399946,False
naive,Add,int64_t,mean,4096,0.001,4,110530175,False
vectorized,Add,int64_t,mean,4096,0.001,5,151168439,False
naive,Add,int64_t,mean,4096,0.001,5,123928606,False
vectorized,Add,int64_t,mean,4096,0.001,6,144277020,False
naive,Add,int64_t,mean,4096,0.001,6,112629613,False
vectorized,Add,int64_t,mean,4096,0.001,7,140506504,False
naive,Add,int64_t,mean,4096,0.001,7,111635678,False
vectorized,Add,int64_t,mean,4096,0.001,8,150384824,False
naive,Add,int64_t,mean,4096,0.001,8,112824376,False
vectorized,Add,int64_t,mean,4096,0.001,9,144109668,False
naive,Add,int64_t,mean,4096,0.001,9,112553972,False
vectorized,Add,int64_t,mean,4096,0.01,0,151277431,False
naive,Add,int64_t,mean,4096,0.01,0,110335577,False
vectorized,Add,int64_t,mean,4096,0.01,1,156181786,False
naive,Add,int64_t,mean,4096,0.01,1,117912213,False
vectorized,Add,int64_t,mean,4096,0.01,2,148519253,False
naive,Add,int64_t,mean,4096,0.01,2,110166047,False
vectorized,Add,int64_t,mean,4096,0.01,3,153120549,False
naive,Add,int64_t,mean,4096,0.01,3,110250560,False
vectorized,Add,int64_t,mean,4096,0.01,4,137233739,False
naive,Add,int64_t,mean,4096,0.01,4,113320700,False
vectorized,Add,int64_t,mean,4096,0.01,5,154736674,False
naive,Add,int64_t,mean,4096,0.01,5,110788096,False
vectorized,Add,int64_t,mean,4096,0.01,6,148108153,False
naive,Add,int64_t,mean,4096,0.01,6,112458686,False
vectorized,Add,int64_t,mean,4096,0.01,7,144452083,False
naive,Add,int64_t,mean,4096,0.01,7,110093789,False
vectorized,Add,int64_t,mean,4096,0.01,8,140129993,False
naive,Add,int64_t,mean,4096,0.01,8,120132828,False
vectorized,Add,int64_t,mean,4096,0.01,9,142272427,False
naive,Add,int64_t,mean,4096,0.01,9,113272380,False
vectorized,Add,int64_t,mean,4096,0.05,0,149208635,False
naive,Add,int64_t,mean,4096,0.05,0,110904891,False
vectorized,Add,int64_t,mean,4096,0.05,1,148303312,False
naive,Add,int64_t,mean,4096,0.05,1,110388157,False
vectorized,Add,int64_t,mean,4096,0.05,2,143094534,False
naive,Add,int64_t,mean,4096,0.05,2,111638883,False
vectorized,Add,int64_t,mean,4096,0.05,3,152068978,False
naive,Add,int64_t,mean,4096,0.05,3,112797703,False
vectorized,Add,int64_t,mean,4096,0.05,4,146062589,False
naive,Add,int64_t,mean,4096,0.05,4,114015068,False
vectorized,Add,int64_t,mean,4096,0.05,5,143895060,False
naive,Add,int64_t,mean,4096,0.05,5,111957763,False
vectorized,Add,int64_t,mean,4096,0.05,6,137677850,False
naive,Add,int64_t,mean,4096,0.05,6,110639779,False
vectorized,Add,int64_t,mean,4096,0.05,7,154568503,False
naive,Add,int64_t,mean,4096,0.05,7,119834662,False
vectorized,Add,int64_t,mean,4096,0.05,8,143256994,False
naive,Add,int64_t,mean,4096,0.05,8,112873731,False
vectorized,Add,int64_t,mean,4096,0.05,9,136919419,False
naive,Add,int64_t,mean,4096,0.05,9,112604370,False
vectorized,Add,int64_t,mean,4096,0.1,0,147608871,False
naive,Add,int64_t,mean,4096,0.1,0,112748249,False
vectorized,Add,int64_t,mean,4096,0.1,1,146587016,False
naive,Add,int64_t,mean,4096,0.1,1,111082332,False
vectorized,Add,int64_t,mean,4096,0.1,2,139074102,False
naive,Add,int64_t,mean,4096,0.1,2,112985818,False
vectorized,Add,int64_t,mean,4096,0.1,3,147948808,False
naive,Add,int64_t,mean,4096,0.1,3,111104622,False
vectorized,Add,int64_t,mean,4096,0.1,4,151638513,False
naive,Add,int64_t,mean,4096,0.1,4,111943823,False
vectorized,Add,int64_t,mean,4096,0.1,5,144666788,False
naive,Add,int64_t,mean,4096,0.1,5,113751628,False
vectorized,Add,int64_t,mean,4096,0.1,6,134991608,False
naive,Add,int64_t,mean,4096,0.1,6,112502194,False
vectorized,Add,int64_t,mean,4096,0.1,7,143681500,False
naive,Add,int64_t,mean,4096,0.1,7,109599631,False
vectorized,Add,int64_t,mean,4096,0.1,8,142840740,False
naive,Add,int64_t,mean,4096,0.1,8,113042755,False
vectorized,Add,int64_t,mean,4096,0.1,9,148794965,False
naive,Add,int64_t,mean,4096,0.1,9,113040800,False
vectorized,Add,int64_t,mean,4096,0.2,0,142978557,False
naive,Add,int64_t,mean,4096,0.2,0,111659474,False
vectorized,Add,int64_t,mean,4096,0.2,1,148668442,False
naive,Add,int64_t,mean,4096,0.2,1,110077387,False
vectorized,Add,int64_t,mean,4096,0.2,2,150521510,False
naive,Add,int64_t,mean,4096,0.2,2,113824911,False
vectorized,Add,int64_t,mean,4096,0.2,3,155922724,False
naive,Add,int64_t,mean,4096,0.2,3,110384596,False
vectorized,Add,int64_t,mean,4096,0.2,4,144231653,False
naive,Add,int64_t,mean,4096,0.2,4,112435899,False
vectorized,Add,int64_t,mean,4096,0.2,5,143623726,False
naive,Add,int64_t,mean,4096,0.2,5,114466851,False
vectorized,Add,int64_t,mean,4096,0.2,6,171150076,False
naive,Add,int64_t,mean,4096,0.2,6,111427468,False
vectorized,Add,int64_t,mean,4096,0.2,7,147054333,False
naive,Add,int64_t,mean,4096,0.2,7,110580450,False
vectorized,Add,int64_t,mean,4096,0.2,8,143087113,False
naive,Add,int64_t,mean,4096,0.2,8,114308627,False
vectorized,Add,int64_t,mean,4096,0.2,9,137206582,False
naive,Add,int64_t,mean,4096,0.2,9,113970607,False
vectorized,Add,int64_t,mean,4096,0.25,0,146429436,True
naive,Add,int64_t,mean,4096,0.25,0,109784452,True
vectorized,Add,int64_t,mean,4096,0.25,1,140385099,True
naive,Add,int64_t,mean,4096,0.25,1,109101913,True
vectorized,Add,int64_t,mean,4096,0.25,2,143118284,True
naive,Add,int64_t,mean,4096,0.25,2,110769373,True
vectorized,Add,int64_t,mean,4096,0.25,3,146352638,True
naive,Add,int64_t,mean,4096,0.25,3,112688381,True
vectorized,Add,int64_t,mean,4096,0.25,4,155315561,True
naive,Add,int64_t,mean,4096,0.25,4,110500401,True
vectorized,Add,int64_t,mean,4096,0.25,5,132472184,True
naive,Add,int64_t,mean,4096,0.25,5,110530435,True
vectorized,Add,int64_t,mean,4096,0.25,6,149132279,True
naive,Add,int64_t,mean,4096,0.25,6,113100178,True
vectorized,Add,int64_t,mean,4096,0.25,7,145669699,True
naive,Add,int64_t,mean,4096,0.25,7,119173739,True
vectorized,Add,int64_t,mean,4096,0.25,8,154087258,True
naive,Add,int64_t,mean,4096,0.25,8,113823950,True
vectorized,Add,int64_t,mean,4096,0.25,9,143175939,True
naive,Add,int64_t,mean,4096,0.25,9,113649254,True
vectorized,Add,int64_t,mean,4096,1.0,0,141408307,True
naive,Add,int64_t,mean,4096,1.0,0,113159950,True
vectorized,Add,int64_t,mean,4096,1.0,1,143249214,True
naive,Add,int64_t,mean,4096,1.0,1,109643602,True
vectorized,Add,int64_t,mean,4096,1.0,2,152301735,True
naive,Add,int64_t,mean,4096,1.0,2,112834075,True
vectorized,Add,int64_t,mean,4096,1.0,3,137175633,True
naive,Add,int64_t,mean,4096,1.0,3,111520051,True
vectorized,Add,int64_t,mean,4096,1.0,4,149182284,True
naive,Add,int64_t,mean,4096,1.0,4,111756888,True
vectorized,Add,int64_t,mean,4096,1.0,5,140535545,True
naive,Add,int64_t,mean,4096,1.0,5,112384608,True
vectorized,Add,int64_t,mean,4096,1.0,6,154891162,True
naive,Add,int64_t,mean,4096,1.0,6,112453114,True
vectorized,Add,int64_t,mean,4096,1.0,7,149597422,True
naive,Add,int64_t,mean,4096,1.0,7,113158008,True
vectorized,Add,int64_t,mean,4096,1.0,8,138124845,True
naive,Add,int64_t,mean,4096,1.0,8,110687748,True
vectorized,Add,int64_t,mean,4096,1.0,9,148829430,True
naive,Add,int64_t,mean,4096,1.0,9,114010408,True
vectorized,Add,int64_t,min,1024,0.001,0,8871401,False
naive,Add,int64_t,min,1024,0.001,0,5572093,False
vectorized,Add,int64_t,min,1024,0.001,1,8254543,False
naive,Add,int64_t,min,1024,0.001,1,5476685,False
vectorized,Add,int64_t,min,1024,0.001,2,8999007,False
naive,Add,int64_t,min,1024,0.001,2,5876626,False
vectorized,Add,int64_t,min,1024,0.001,3,9377192,False
naive,Add,int64_t,min,1024,0.001,3,5461266,False
vectorized,Add,int64_t,min,1024,0.001,4,8254616,False
naive,Add,int64_t,min,1024,0.001,4,5509949,False
vectorized,Add,int64_t,min,1024,0.001,5,9048471,False
naive,Add,int64_t,min,1024,0.001,5,5431000,False
vectorized,Add,int64_t,min,1024,0.001,6,8001828,False
naive,Add,int64_t,min,1024,0.001,6,5473190,False
vectorized,Add,int64_t,min,1024,0.001,7,8577898,False
naive,Add,int64_t,min,1024,0.001,7,5392551,False
vectorized,Add,int64_t,min,1024,0.001,8,8824113,False
naive,Add,int64_t,min,1024,0.001,8,5587939,False
vectorized,Add,int64_t,min,1024,0.001,9,8344966,False
naive,Add,int64_t,min,1024,0.001,9,5621211,False
vectorized,Add,int64_t,min,1024,0.01,0,9193738,False
naive,Add,int64_t,min,1024,0.01,0,5370043,False
vectorized,Add,int64_t,min,1024,0.01,1,8590750,False
naive,Add,int64_t,min,1024,0.01,1,5169048,False
vectorized,Add,int64_t,min,1024,0.01,2,9015630,False
naive,Add,int64_t,min,1024,0.01,2,5156804,False
vectorized,Add,int64_t,min,1024,0.01,3,8150972,False
naive,Add,int64_t,min,1024,0.01,3,4138032,False
vectorized,Add,int64_t,min,1024,0.01,4,8825282,False
naive,Add,int64_t,min,1024,0.01,4,5100839,False
vectorized,Add,int64_t,min,1024,0.01,5,8751207,False
naive,Add,int64_t,min,1024,0.01,5,5192641,False
vectorized,Add,int64_t,min,1024,0.01,6,8842134,False
naive,Add,int64_t,min,1024,0.01,6,5279883,False
vectorized,Add,int64_t,min,1024,0.01,7,8894830,False
naive,Add,int64_t,min,1024,0.01,7,5083742,False
vectorized,Add,int64_t,min,1024,0.01,8,8730311,False
naive,Add,int64_t,min,1024,0.01,8,5347117,False
vectorized,Add,int64_t,min,1024,0.01,9,8786342,False
naive,Add,int64_t,min,1024,0.01,9,4671967,False
vectorized,Add,int64_t,min,1024,0.05,0,8228064,False
naive,Add,int64_t,min,1024,0.05,0,4776101,False
vectorized,Add,int64_t,min,1024,0.05,1,8109819,False
naive,Add,int64_t,min,1024,0.05,1,4674745,False
vectorized,Add,int64_t,min,1024,0.05,2,8334522,False
naive,Add,int64_t,min,1024,0.05,2,4736001,False
vectorized,Add,int64_t,min,1024,0.05,3,8292195,False
naive,Add,int64_t,min,1024,0.05,3,5686797,False
vectorized,Add,int64_t,min,1024,0.05,4,8260537,False
naive,Add,int64_t,min,1024,0.05,4,4394008,False
vectorized,Add,int64_t,min,1024,0.05,5,8418980,False
naive,Add,int64_t,min,1024,0.05,5,4816145,False
vectorized,Add,int64_t,min,1024,0.05,6,7846208,False
naive,Add,int64_t,min,1024,0.05,6,4722029,False
vectorized,Add,int64_t,min,1024,0.05,7,8254799,False
naive,Add,int64_t,min,1024,0.05,7,4394308,False
vectorized,Add,int64_t,min,1024,0.05,8,8415265,False
naive,Add,int64_t,min,1024,0.05,8,4967144,False
vectorized,Add,int64_t,min,1024,0.05,9,8208281,False
naive,Add,int64_t,min,1024,0.05,9,4757087,False
vectorized,Add,int64_t,min,1024,0.1,0,8091449,False
naive,Add,int64_t,min,1024,0.1,0,4389827,False
vectorized,Add,int64_t,min,1024,0.1,1,8406806,False
naive,Add,int64_t,min,1024,0.1,1,4283863,False
vectorized,Add,int64_t,min,1024,0.1,2,7411234,False
naive,Add,int64_t,min,1024,0.1,2,4261866,False
vectorized,Add,int64_t,min,1024,0.1,3,8343771,False
naive,Add,int64_t,min,1024,0.1,3,4308369,False
vectorized,Add,int64_t,min,1024,0.1,4,8288642,False
naive,Add,int64_t,min,1024,0.1,4,4283306,False
vectorized,Add,int64_t,min,1024,0.1,5,7857972,False
naive,Add,int64_t,min,1024,0.1,5,4242411,False
vectorized,Add,int64_t,min,1024,0.1,6,7664786,False
naive,Add,int64_t,min,1024,0.1,6,4246726,False
vectorized,Add,int64_t,min,1024,0.1,7,8231904,False
naive,Add,int64_t,min,1024,0.1,7,4848725,False
vectorized,Add,int64_t,min,1024,0.1,8,9153194,False
naive,Add,int64_t,min,1024,0.1,8,4416417,False
vectorized,Add,int64_t,min,1024,0.1,9,7843970,False
naive,Add,int64_t,min,1024,0.1,9,4372280,False
vectorized,Add,int64_t,min,1024,0.2,0,7857639,False
naive,Add,int64_t,min,1024,0.2,0,4436378,False
vectorized,Add,int64_t,min,1024,0.2,1,8350747,False
naive,Add,int64_t,min,1024,0.2,1,4329609,False
vectorized,Add,int64_t,min,1024,0.2,2,7770936,False
naive,Add,int64_t,min,1024,0.2,2,4253605,False
vectorized,Add,int64_t,min,1024,0.2,3,7656624,False
naive,Add,int64_t,min,1024,0.2,3,4281918,False
vectorized,Add,int64_t,min,1024,0.2,4,7735761,False
naive,Add,int64_t,min,1024,0.2,4,4436053,False
vectorized,Add,int64_t,min,1024,0.2,5,8120243,False
naive,Add,int64_t,min,1024,0.2,5,4233601,False
vectorized,Add,int64_t,min,1024,0.2,6,8480469,False
naive,Add,int64_t,min,1024,0.2,6,4250998,False
vectorized,Add,int64_t,min,1024,0.2,7,8252459,False
naive,Add,int64_t,min,1024,0.2,7,4506734,False
vectorized,Add,int64_t,min,1024,0.2,8,8855368,False
naive,Add,int64_t,min,1024,0.2,8,4341324,False
vectorized,Add,int64_t,min,1024,0.2,9,7924786,False
naive,Add,int64_t,min,1024,0.2,9,4411612,False
vectorized,Add,int64_t,min,1024,0.25,0,8635305,True
naive,Add,int64_t,min,1024,0.25,0,4255513,True
vectorized,Add,int64_t,min,1024,0.25,1,8079263,True
naive,Add,int64_t,min,1024,0.25,1,4262053,True
vectorized,Add,int64_t,min,1024,0.25,2,8305100,True
naive,Add,int64_t,min,1024,0.25,2,4441779,True
vectorized,Add,int64_t,min,1024,0.25,3,8654178,True
naive,Add,int64_t,min,1024,0.25,3,4223144,True
vectorized,Add,int64_t,min,1024,0.25,4,8650719,True
naive,Add,int64_t,min,1024,0.25,4,4265391,True
vectorized,Add,int64_t,min,1024,0.25,5,7999372,True
naive,Add,int64_t,min,1024,0.25,5,4512705,True
vectorized,Add,int64_t,min,1024,0.25,6,7972549,True
naive,Add,int64_t,min,1024,0.25,6,4256510,True
vectorized,Add,int64_t,min,1024,0.25,7,8673280,True
naive,Add,int64_t,min,1024,0.25,7,4398570,True
vectorized,Add,int64_t,min,1024,0.25,8,8934263,True
naive,Add,int64_t,min,1024,0.25,8,4291310,True
vectorized,Add,int64_t,min,1024,0.25,9,8029869,True
naive,Add,int64_t,min,1024,0.25,9,4418878,True
vectorized,Add,int64_t,min,1024,1.0,0,7138494,True
naive,Add,int64_t,min,1024,1.0,0,5659675,True
vectorized,Add,int64_t,min,1024,1.0,1,7377221,True
naive,Add,int64_t,min,1024,1.0,1,5651629,True
vectorized,Add,int64_t,min,1024,1.0,2,7283604,True
naive,Add,int64_t,min,1024,1.0,2,5692734,True
vectorized,Add,int64_t,min,1024,1.0,3,7432886,True
naive,Add,int64_t,min,1024,1.0,3,5774583,True
vectorized,Add,int64_t,min,1024,1.0,4,7268018,True
naive,Add,int64_t,min,1024,1.0,4,5723538,True
vectorized,Add,int64_t,min,1024,1.0,5,7394836,True
naive,Add,int64_t,min,1024,1.0,5,5823051,True
vectorized,Add,int64_t,min,1024,1.0,6,7061289,True
naive,Add,int64_t,min,1024,1.0,6,5857165,True
vectorized,Add,int64_t,min,1024,1.0,7,7320415,True
naive,Add,int64_t,min,1024,1.0,7,5649008,True
vectorized,Add,int64_t,min,1024,1.0,8,7411595,True
naive,Add,int64_t,min,1024,1.0,8,5909875,True
vectorized,Add,int64_t,min,1024,1.0,9,7262620,True
naive,Add,int64_t,min,1024,1.0,9,5831680,True
vectorized,Add,int64_t,min,2048,0.001,0,16344062,False
naive,Add,int64_t,min,2048,0.001,0,17717948,False
vectorized,Add,int64_t,min,2048,0.001,1,16680493,False
naive,Add,int64_t,min,2048,0.001,1,17067660,False
vectorized,Add,int64_t,min,2048,0.001,2,19000390,False
naive,Add,int64_t,min,2048,0.001,2,17987314,False
vectorized,Add,int64_t,min,2048,0.001,3,17449053,False
naive,Add,int64_t,min,2048,0.001,3,17692004,False
vectorized,Add,int64_t,min,2048,0.001,4,19271431,False
naive,Add,int64_t,min,2048,0.001,4,17642441,False
vectorized,Add,int64_t,min,2048,0.001,5,17932277,False
naive,Add,int64_t,min,2048,0.001,5,17713810,False
vectorized,Add,int64_t,min,2048,0.001,6,17024336,False
naive,Add,int64_t,min,2048,0.001,6,17930030,False
vectorized,Add,int64_t,min,2048,0.001,7,19655244,False
naive,Add,int64_t,min,2048,0.001,7,18985736,False
vectorized,Add,int64_t,min,2048,0.001,8,16845648,False
naive,Add,int64_t,min,2048,0.001,8,17707914,False
vectorized,Add,int64_t,min,2048,0.001,9,18731532,False
naive,Add,int64_t,min,2048,0.001,9,16886202,False
vectorized,Add,int64_t,min,2048,0.01,0,18852706,False
naive,Add,int64_t,min,2048,0.01,0,17721238,False
vectorized,Add,int64_t,min,2048,0.01,1,19137789,False
naive,Add,int64_t,min,2048,0.01,1,17887380,False
vectorized,Add,int64_t,min,2048,0.01,2,16597870,False
naive,Add,int64_t,min,2048,0.01,2,16892128,False
vectorized,Add,int64_t,min,2048,0.01,3,17117713,False
naive,Add,int64_t,min,2048,0.01,3,17698808,False
vectorized,Add,int64_t,min,2048,0.01,4,19702859,False
naive,Add,int64_t,min,2048,0.01,4,16980422,False
vectorized,Add,int64_t,min,2048,0.01,5,18650817,False
naive,Add,int64_t,min,2048,0.01,5,19123807,False
vectorized,Add,int64_t,min,2048,0.01,6,17075200,False
naive,Add,int64_t,min,2048,0.01,6,16931995,False
vectorized,Add,int64_t,min,2048,0.01,7,16988524,False
naive,Add,int64_t,min,2048,0.01,7,17297361,False
vectorized,Add,int64_t,min,2048,0.01,8,16619801,False
naive,Add,int64_t,min,2048,0.01,8,16897049,False
vectorized,Add,int64_t,min,2048,0.01,9,19128495,False
naive,Add,int64_t,min,2048,0.01,9,19310277,False
vectorized,Add,int64_t,min,2048,0.05,0,17440881,False
naive,Add,int64_t,min,2048,0.05,0,17758332,False
vectorized,Add,int64_t,min,2048,0.05,1,20211558,False
naive,Add,int64_t,min,2048,0.05,1,16870626,False
vectorized,Add,int64_t,min,2048,0.05,2,17066264,False
naive,Add,int64_t,min,2048,0.05,2,16858914,False
vectorized,Add,int64_t,min,2048,0.05,3,18154054,False
naive,Add,int64_t,min,2048,0.05,3,17782773,False
vectorized,Add,int64_t,min,2048,0.05,4,18977126,False
naive,Add,int64_t,min,2048,0.05,4,17861973,False
vectorized,Add,int64_t,min,2048,0.05,5,19494014,False
naive,Add,int64_t,min,2048,0.05,5,18035948,False
vectorized,Add,int64_t,min,2048,0.05,6,17332558,False
naive,Add,int64_t,min,2048,0.05,6,16985711,False
vectorized,Add,int64_t,min,2048,0.05,7,17271001,False
naive,Add,int64_t,min,2048,0.05,7,16885654,False
vectorized,Add,int64_t,min,2048,0.05,8,19964665,False
naive,Add,int64_t,min,2048,0.05,8,17840829,False
vectorized,Add,int64_t,min,2048,0.05,9,18944198,False
naive,Add,int64_t,min,2048,0.05,9,16903566,False
vectorized,Add,int64_t,min,2048,0.1,0,16703197,False
naive,Add,int64_t,min,2048,0.1,0,17883114,False
vectorized,Add,int64_t,min,2048,0.1,1,16439265,False
naive,Add,int64_t,min,2048,0.1,1,16911034,False
vectorized,Add,int64_t,min,2048,0.1,2,17147470,False
naive,Add,int64_t,min,2048,0.1,2,18225696,False
vectorized,Add,int64_t,min,2048,0.1,3,16981524,False
naive,Add,int64_t,min,2048,0.1,3,16962130,False
vectorized,Add,int64_t,min,2048,0.1,4,19769629,False
naive,Add,int64_t,min,2048,0.1,4,18126180,False
vectorized,Add,int64_t,min,2048,0.1,5,16805070,False
naive,Add,int64_t,min,2048,0.1,5,17054787,False
vectorized,Add,int64_t,min,2048,0.1,6,18748489,False
naive,Add,int64_t,min,2048,0.1,6,18049058,False
vectorized,Add,int64_t,min,2048,0.1,7,17555456,False
naive,Add,int64_t,min,2048,0.1,7,16937863,False
vectorized,Add,int64_t,min,2048,0.1,8,17403248,False
naive,Add,int64_t,min,2048,0.1,8,17892054,False
vectorized,Add,int64_t,min,2048,0.1,9,18116473,False
naive,Add,int64_t,min,2048,0.1,9,17859398,False
vectorized,Add,int64_t,min,2048,0.2,0,18113333,False
naive,Add,int64_t,min,2048,0.2,0,17964401,False
vectorized,Add,int64_t,min,2048,0.2,1,17047190,False
naive,Add,int64_t,min,2048,0.2,1,17866768,False
vectorized,Add,int64_t,min,2048,0.2,2,17879108,False
naive,Add,int64_t,min,2048,0.2,2,17827287,False
vectorized,Add,int64_t,min,2048,0.2,3,17186872,False
naive,Add,int64_t,min,2048,0.2,3,17961508,False
vectorized,Add,int64_t,min,2048,0.2,4,17532633,False
naive,Add,int64_t,min,2048,0.2,4,16896452,False
vectorized,Add,int64_t,min,2048,0.2,5,19804466,False
naive,Add,int64_t,min,2048,0.2,5,18143067,False
vectorized,Add,int64_t,min,2048,0.2,6,17251713,False
naive,Add,int64_t,min,2048,0.2,6,17001856,False
vectorized,Add,int64_t,min,2048,0.2,7,19403987,False
naive,Add,int64_t,min,2048,0.2,7,17871019,False
vectorized,Add,int64_t,min,2048,0.2,8,16466952,False
naive,Add,int64_t,min,2048,0.2,8,17878427,False
vectorized,Add,int64_t,min,2048,0.2,9,19365905,False
naive,Add,int64_t,min,2048,0.2,9,18555451,False
vectorized,Add,int64_t,min,2048,0.25,0,17611758,True
naive,Add,int64_t,min,2048,0.25,0,17916239,True
vectorized,Add,int64_t,min,2048,0.25,1,16839465,True
naive,Add,int64_t,min,2048,0.25,1,17756794,True
vectorized,Add,int64_t,min,2048,0.25,2,17361466,True
naive,Add,int64_t,min,2048,0.25,2,19081448,True
vectorized,Add,int64_t,min,2048,0.25,3,17249399,True
naive,Add,int64_t,min,2048,0.25,3,17944036,True
vectorized,Add,int64_t,min,2048,0.25,4,19467315,True
naive,Add,int64_t,min,2048,0.25,4,18241999,True
vectorized,Add,int64_t,min,2048,0.25,5,17637759,True
naive,Add,int64_t,min,2048,0.25,5,16910646,True
vectorized,Add,int64_t,min,2048,0.25,6,16856189,True
naive,Add,int64_t,min,2048,0.25,6,17946990,True
vectorized,Add,int64_t,min,2048,0.25,7,16996117,True
naive,Add,int64_t,min,2048,0.25,7,17847819,True
vectorized,Add,int64_t,min,2048,0.25,8,19615730,True
naive,Add,int64_t,min,2048,0.25,8,16905643,True
vectorized,Add,int64_t,min,2048,0.25,9,17157536,True
naive,Add,int64_t,min,2048,0.25,9,19209764,True
vectorized,Add,int64_t,min,2048,1.0,0,16651782,True
naive,Add,int64_t,min,2048,1.0,0,18016781,True
vectorized,Add,int64_t,min,2048,1.0,1,16313081,True
naive,Add,int64_t,min,2048,1.0,1,17894751,True
vectorized,Add,int64_t,min,2048,1.0,2,18683124,True
naive,Add,int64_t,min,2048,1.0,2,17868165,True
vectorized,Add,int64_t,min,2048,1.0,3,19038003,True
naive,Add,int64_t,min,2048,1.0,3,16987775,True
vectorized,Add,int64_t,min,2048,1.0,4,21279111,True
naive,Add,int64_t,min,2048,1.0,4,18009620,True
vectorized,Add,int64_t,min,2048,1.0,5,18695302,True
naive,Add,int64_t,min,2048,1.0,5,18349758,True
vectorized,Add,int64_t,min,2048,1.0,6,19164971,True
naive,Add,int64_t,min,2048,1.0,6,17820367,True
vectorized,Add,int64_t,min,2048,1.0,7,18722722,True
naive,Add,int64_t,min,2048,1.0,7,17815850,True
vectorized,Add,int64_t,min,2048,1.0,8,17364103,True
naive,Add,int64_t,min,2048,1.0,8,17971566,True
vectorized,Add,int64_t,min,2048,1.0,9,17367097,True
naive,Add,int64_t,min,2048,1.0,9,16944297,True
vectorized,Add,int64_t,min,4096,0.001,0,48105791,False
naive,Add,int64_t,min,4096,0.001,0,71883941,False
vectorized,Add,int64_t,min,4096,0.001,1,49895701,False
naive,Add,int64_t,min,4096,0.001,1,72037255,False
vectorized,Add,int64_t,min,4096,0.001,2,57515091,False
naive,Add,int64_t,min,4096,0.001,2,72774828,False
vectorized,Add,int64_t,min,4096,0.001,3,55043111,False
naive,Add,int64_t,min,4096,0.001,3,69397165,False
vectorized,Add,int64_t,min,4096,0.001,4,49181455,False
naive,Add,int64_t,min,4096,0.001,4,71913309,False
vectorized,Add,int64_t,min,4096,0.001,5,50448929,False
naive,Add,int64_t,min,4096,0.001,5,71996147,False
vectorized,Add,int64_t,min,4096,0.001,6,44376296,False
naive,Add,int64_t,min,4096,0.001,6,71839013,False
vectorized,Add,int64_t,min,4096,0.001,7,46346052,False
naive,Add,int64_t,min,4096,0.001,7,80718905,False
vectorized,Add,int64_t,min,4096,0.001,8,46235585,False
naive,Add,int64_t,min,4096,0.001,8,77583798,False
vectorized,Add,int64_t,min,4096,0.001,9,49352602,False
naive,Add,int64_t,min,4096,0.001,9,71896383,False
vectorized,Add,int64_t,min,4096,0.01,0,51179989,False
naive,Add,int64_t,min,4096,0.01,0,76722801,False
vectorized,Add,int64_t,min,4096,0.01,1,50338245,False
naive,Add,int64_t,min,4096,0.01,1,72310335,False
vectorized,Add,int64_t,min,4096,0.01,2,41868173,False
naive,Add,int64_t,min,4096,0.01,2,72318592,False
vectorized,Add,int64_t,min,4096,0.01,3,45951386,False
naive,Add,int64_t,min,4096,0.01,3,69187827,False
vectorized,Add,int64_t,min,4096,0.01,4,47243716,False
naive,Add,int64_t,min,4096,0.01,4,72267573,False
vectorized,Add,int64_t,min,4096,0.01,5,48934526,False
naive,Add,int64_t,min,4096,0.01,5,69686889,False
vectorized,Add,int64_t,min,4096,0.01,6,46321781,False
naive,Add,int64_t,min,4096,0.01,6,69918519,False
vectorized,Add,int64_t,min,4096,0.01,7,46823701,False
naive,Add,int64_t,min,4096,0.01,7,70064131,False
vectorized,Add,int64_t,min,4096,0.01,8,44373929,False
naive,Add,int64_t,min,4096,0.01,8,73419565,False
vectorized,Add,int64_t,min,4096,0.01,9,43101030,False
naive,Add,int64_t,min,4096,0.01,9,71613310,False
vectorized,Add,int64_t,min,4096,0.05,0,54054127,False
naive,Add,int64_t,min,4096,0.05,0,72026491,False
vectorized,Add,int64_t,min,4096,0.05,1,49470892,False
naive,Add,int64_t,min,4096,0.05,1,75118874,False
vectorized,Add,int64_t,min,4096,0.05,2,39173093,False
naive,Add,int64_t,min,4096,0.05,2,71984620,False
vectorized,Add,int64_t,min,4096,0.05,3,61056187,False
naive,Add,int64_t,min,4096,0.05,3,72131252,False
vectorized,Add,int64_t,min,4096,0.05,4,48856142,False
naive,Add,int64_t,min,4096,0.05,4,68997589,False
vectorized,Add,int64_t,min,4096,0.05,5,45920461,False
naive,Add,int64_t,min,4096,0.05,5,69299798,False
vectorized,Add,int64_t,min,4096,0.05,6,42741686,False
naive,Add,int64_t,min,4096,0.05,6,72788324,False
vectorized,Add,int64_t,min,4096,0.05,7,43961649,False
naive,Add,int64_t,min,4096,0.05,7,71888701,False
vectorized,Add,int64_t,min,4096,0.05,8,39894725,False
naive,Add,int64_t,min,4096,0.05,8,72540012,False
vectorized,Add,int64_t,min,4096,0.05,9,50375526,False
naive,Add,int64_t,min,4096,0.05,9,72392296,False
vectorized,Add,int64_t,min,4096,0.1,0,51960534,False
naive,Add,int64_t,min,4096,0.1,0,77890206,False
vectorized,Add,int64_t,min,4096,0.1,1,50530887,False
naive,Add,int64_t,min,4096,0.1,1,69033492,False
vectorized,Add,int64_t,min,4096,0.1,2,40666549,False
naive,Add,int64_t,min,4096,0.1,2,70085581,False
vectorized,Add,int64_t,min,4096,0.1,3,51471066,False
naive,Add,int64_t,min,4096,0.1,3,72612794,False
vectorized,Add,int64_t,min,4096,0.1,4,45424145,False
naive,Add,int64_t,min,4096,0.1,4,71980332,False
vectorized,Add,int64_t,min,4096,0.1,5,47139428,False
naive,Add,int64_t,min,4096,0.1,5,72926337,False
vectorized,Add,int64_t,min,4096,0.1,6,41843289,False
naive,Add,int64_t,min,4096,0.1,6,72284488,False
vectorized,Add,int64_t,min,4096,0.1,7,48448398,False
naive,Add,int64_t,min,4096,0.1,7,71930407,False
vectorized,Add,int64_t,min,4096,0.1,8,44135784,False
naive,Add,int64_t,min,4096,0.1,8,71866017,False
vectorized,Add,int64_t,min,4096,0.1,9,49799793,False
naive,Add,int64_t,min,4096,0.1,9,70224525,False
vectorized,Add,int64_t,min,4096,0.2,0,47894194,False
naive,Add,int64_t,min,4096,0.2,0,72110025,False
vectorized,Add,int64_t,min,4096,0.2,1,42898629,False
naive,Add,int64_t,min,4096,0.2,1,72396326,False
vectorized,Add,int64_t,min,4096,0.2,2,51200155,False
naive,Add,int64_t,min,4096,0.2,2,75387936,False
vectorized,Add,int64_t,min,4096,0.2,3,53085141,False
naive,Add,int64_t,min,4096,0.2,3,69278498,False
vectorized,Add,int64_t,min,4096,0.2,4,42192837,False
naive,Add,int64_t,min,4096,0.2,4,69403382,False
vectorized,Add,int64_t,min,4096,0.2,5,52509110,False
naive,Add,int64_t,min,4096,0.2,5,72293269,False
vectorized,Add,int64_t,min,4096,0.2,6,41905296,False
naive,Add,int64_t,min,4096,0.2,6,72007883,False
vectorized,Add,int64_t,min,4096,0.2,7,46418872,False
naive,Add,int64_t,min,4096,0.2,7,71990927,False
vectorized,Add,int64_t,min,4096,0.2,8,50508589,False
naive,Add,int64_t,min,4096,0.2,8,71708920,False
vectorized,Add,int64_t,min,4096,0.2,9,49027258,False
naive,Add,int64_t,min,4096,0.2,9,69580262,False
vectorized,Add,int64_t,min,4096,0.25,0,49730700,True
naive,Add,int64_t,min,4096,0.25,0,72167311,True
vectorized,Add,int64_t,min,4096,0.25,1,49158388,True
naive,Add,int64_t,min,4096,0.25,1,70289019,True
vectorized,Add,int64_t,min,4096,0.25,2,46774812,True
naive,Add,int64_t,min,4096,0.25,2,77742857,True
vectorized,Add,int64_t,min,4096,0.25,3,63303394,True
naive,Add,int64_t,min,4096,0.25,3,71994239,True
vectorized,Add,int64_t,min,4096,0.25,4,40258639,True
naive,Add,int64_t,min,4096,0.25,4,76935234,True
vectorized,Add,int64_t,min,4096,0.25,5,40493716,True
naive,Add,int64_t,min,4096,0.25,5,72071323,True
vectorized,Add,int64_t,min,4096,0.25,6,44769966,True
naive,Add,int64_t,min,4096,0.25,6,71967495,True
vectorized,Add,int64_t,min,4096,0.25,7,48222971,True
naive,Add,int64_t,min,4096,0.25,7,69316705,True
vectorized,Add,int64_t,min,4096,0.25,8,50251975,True
naive,Add,int64_t,min,4096,0.25,8,71957158,True
vectorized,Add,int64_t,min,4096,0.25,9,45436352,True
naive,Add,int64_t,min,4096,0.25,9,73123273,True
vectorized,Add,int64_t,min,4096,1.0,0,48776354,True
naive,Add,int64_t,min,4096,1.0,0,71786534,True
vectorized,Add,int64_t,min,4096,1.0,1,52125248,True
naive,Add,int64_t,min,4096,1.0,1,71865499,True
vectorized,Add,int64_t,min,4096,1.0,2,48162594,True
naive,Add,int64_t,min,4096,1.0,2,73191267,True
vectorized,Add,int64_t,min,4096,1.0,3,49381968,True
naive,Add,int64_t,min,4096,1.0,3,77577424,True
vectorized,Add,int64_t,min,4096,1.0,4,42228595,True
naive,Add,int64_t,min,4096,1.0,4,72256904,True
vectorized,Add,int64_t,min,4096,1.0,5,48766644,True
naive,Add,int64_t,min,4096,1.0,5,69181180,True
vectorized,Add,int64_t,min,4096,1.0,6,56472957,True
naive,Add,int64_t,min,4096,1.0,6,71128413,True
vectorized,Add,int64_t,min,4096,1.0,7,49719966,True
naive,Add,int64_t,min,4096,1.0,7,76067034,True
vectorized,Add,int64_t,min,4096,1.0,8,49276892,True
naive,Add,int64_t,min,4096,1.0,8,69057673,True
vectorized,Add,int64_t,min,4096,1.0,9,51057038,True
naive,Add,int64_t,min,4096,1.0,9,71836715,True
vectorized,Add,int64_t,max,1024,0.001,0,8387984,False
naive,Add,int64_t,max,1024,0.001,0,5438361,False
vectorized,Add,int64_t,max,1024,0.001,1,9301211,False
naive,Add,int64_t,max,1024,0.001,1,5247454,False
vectorized,Add,int64_t,max,1024,0.001,2,9023434,False
naive,Add,int64_t,max,1024,0.001,2,4936818,False
vectorized,Add,int64_t,max,1024,0.001,3,8507286,False
naive,Add,int64_t,max,1024,0.001,3,5549231,False
vectorized,Add,int64_t,max,1024,0.001,4,9186173,False
naive,Add,int64_t,max,1024,0.001,4,5522559,False
vectorized,Add,int64_t,max,1024,0.001,5,8542984,False
naive,Add,int64_t,max,1024,0.001,5,5963611,False
vectorized,Add,int64_t,max,1024,0.001,6,9442946,False
naive,Add,int64_t,max,1024,0.001,6,5238345,False
vectorized,Add,int64_t,max,1024,0.001,7,9003466,False
naive,Add,int64_t,max,1024,0.001,7,5308188,False
vectorized,Add,int64_t,max,1024,0.001,8,9256321,False
naive,Add,int64_t,max,1024,0.001,8,5465753,False
vectorized,Add,int64_t,max,1024,0.001,9,8493870,False
naive,Add,int64_t,max,1024,0.001,9,4265911,False
vectorized,Add,int64_t,max,1024,0.01,0,9384088,False
naive,Add,int64_t,max,1024,0.01,0,5776361,False
vectorized,Add,int64_t,max,1024,0.01,1,8696082,False
naive,Add,int64_t,max,1024,0.01,1,5095948,False
vectorized,Add,int64_t,max,1024,0.01,2,8929554,False
naive,Add,int64_t,max,1024,0.01,2,4434772,False
vectorized,Add,int64_t,max,1024,0.01,3,8217454,False
naive,Add,int64_t,max,1024,0.01,3,5258872,False
vectorized,Add,int64_t,max,1024,0.01,4,8809508,False
naive,Add,int64_t,max,1024,0.01,4,5074859,False
vectorized,Add,int64_t,max,1024,0.01,5,8275893,False
naive,Add,int64_t,max,1024,0.01,5,5256756,False
vectorized,Add,int64_t,max,1024,0.01,6,9118346,False
naive,Add,int64_t,max,1024,0.01,6,5062799,False
vectorized,Add,int64_t,max,1024,0.01,7,9059243,False
naive,Add,int64_t,max,1024,0.01,7,5079930,False
vectorized,Add,int64_t,max,1024,0.01,8,7840013,False
naive,Add,int64_t,max,1024,0.01,8,5317677,False
vectorized,Add,int64_t,max,1024,0.01,9,8904227,False
naive,Add,int64_t,max,1024,0.01,9,5409479,False
vectorized,Add,int64_t,max,1024,0.05,0,8081178,False
naive,Add,int64_t,max,1024,0.05,0,4820901,False
vectorized,Add,int64_t,max,1024,0.05,1,8084074,False
naive,Add,int64_t,max,1024,0.05,1,4682269,False
vectorized,Add,int64_t,max,1024,0.05,2,8371273,False
naive,Add,int64_t,max,1024,0.05,2,4853304,False
vectorized,Add,int64_t,max,1024,0.05,3,8643772,False
naive,Add,int64_t,max,1024,0.05,3,4661092,False
vectorized,Add,int64_t,max,1024,0.05,4,8236156,False
naive,Add,int64_t,max,1024,0.05,4,4693275,False
vectorized,Add,int64_t,max,1024,0.05,5,7934675,False
naive,Add,int64_t,max,1024,0.05,5,4911991,False
vectorized,Add,int64_t,max,1024,0.05,6,7965627,False
naive,Add,int64_t,max,1024,0.05,6,4712386,False
vectorized,Add,int64_t,max,1024,0.05,7,8260744,False
naive,Add,int64_t,max,1024,0.05,7,4867185,False
vectorized,Add,int64_t,max,1024,0.05,8,8477324,False
naive,Add,int64_t,max,1024,0.05,8,4883667,False
vectorized,Add,int64_t,max,1024,0.05,9,8744930,False
naive,Add,int64_t,max,1024,0.05,9,4529479,False
vectorized,Add,int64_t,max,1024,0.1,0,7624193,False
naive,Add,int64_t,max,1024,0.1,0,4329247,False
vectorized,Add,int64_t,max,1024,0.1,1,7980543,False
naive,Add,int64_t,max,1024,0.1,1,4286166,False
vectorized,Add,int64_t,max,1024,0.1,2,8771507,False
naive,Add,int64_t,max,1024,0.1,2,4365945,False
vectorized,Add,int64_t,max,1024,0.1,3,8048311,False
naive,Add,int64_t,max,1024,0.1,3,4534707,False
vectorized,Add,int64_t,max,1024,0.1,4,7946593,False
naive,Add,int64_t,max,1024,0.1,4,4322184,False
vectorized,Add,int64_t,max,1024,0.1,5,8554943,False
naive,Add,int64_t,max,1024,0.1,5,4434047,False
vectorized,Add,int64_t,max,1024,0.1,6,8261729,False
naive,Add,int64_t,max,1024,0.1,6,4251784,False
vectorized,Add,int64_t,max,1024,0.1,7,7909693,False
naive,Add,int64_t,max,1024,0.1,7,4617357,False
vectorized,Add,int64_t,max,1024,0.1,8,8186861,False
naive,Add,int64_t,max,1024,0.1,8,4732386,False
vectorized,Add,int64_t,max,1024,0.1,9,8286136,False
naive,Add,int64_t,max,1024,0.1,9,4278965,False
vectorized,Add,int64_t,max,1024,0.2,0,7733001,False
naive,Add,int64_t,max,1024,0.2,0,4363923,False
vectorized,Add,int64_t,max,1024,0.2,1,8058049,False
naive,Add,int64_t,max,1024,0.2,1,4656020,False
vectorized,Add,int64_t,max,1024,0.2,2,8194657,False
naive,Add,int64_t,max,1024,0.2,2,4372674,False
vectorized,Add,int64_t,max,1024,0.2,3,8645894,False
naive,Add,int64_t,max,1024,0.2,3,4354435,False
vectorized,Add,int64_t,max,1024,0.2,4,8072383,False
naive,Add,int64_t,max,1024,0.2,4,4468910,False
vectorized,Add,int64_t,max,1024,0.2,5,8070462,False
naive,Add,int64_t,max,1024,0.2,5,4244169,False
vectorized,Add,int64_t,max,1024,0.2,6,8161260,False
naive,Add,int64_t,max,1024,0.2,6,4467746,False
vectorized,Add,int64_t,max,1024,0.2,7,8615991,False
naive,Add,int64_t,max,1024,0.2,7,4341661,False
vectorized,Add,int64_t,max,1024,0.2,8,8033713,False
naive,Add,int64_t,max,1024,0.2,8,4485017,False
vectorized,Add,int64_t,max,1024,0.2,9,7641314,False
naive,Add,int64_t,max,1024,0.2,9,4411572,False
vectorized,Add,int64_t,max,1024,0.25,0,7990533,True
naive,Add,int64_t,max,1024,0.25,0,4280371,True
vectorized,Add,int64_t,max,1024,0.25,1,7908100,True
naive,Add,int64_t,max,1024,0.25,1,4373024,True
vectorized,Add,int64_t,max,1024,0.25,2,8491888,True
naive,Add,int64_t,max,1024,0.25,2,4392271,True
vectorized,Add,int64_t,max,1024,0.25,3,8663302,True
naive,Add,int64_t,max,1024,0.25,3,4426678,True
vectorized,Add,int64_t,max,1024,0.25,4,8500916,True
naive,Add,int64_t,max,1024,0.25,4,5087064,True
vectorized,Add,int64_t,max,1024,0.25,5,7969430,True
naive,Add,int64_t,max,1024,0.25,5,4381015,True
vectorized,Add,int64_t,max,1024,0.25,6,8005565,True
naive,Add,int64_t,max,1024,0.25,6,4245873,True
vectorized,Add,int64_t,max,1024,0.25,7,7764667,True
naive,Add,int64_t,max,1024,0.25,7,4272144,True
vectorized,Add,int64_t,max,1024,0.25,8,8007440,True
naive,Add,int64_t,max,1024,0.25,8,4343531,True
vectorized,Add,int64_t,max,1024,0.25,9,8903368,True
naive,Add,int64_t,max,1024,0.25,9,4274292,True
vectorized,Add,int64_t,max,1024,1.0,0,7298910,True
naive,Add,int64_t,max,1024,1.0,0,5632763,True
vectorized,Add,int64_t,max,1024,1.0,1,6958345,True
naive,Add,int64_t,max,1024,1.0,1,5212148,True
vectorized,Add,int64_t,max,1024,1.0,2,6989499,True
naive,Add,int64_t,max,1024,1.0,2,5664940,True
vectorized,Add,int64_t,max,1024,1.0,3,6963713,True
naive,Add,int64_t,max,1024,1.0,3,5774129,True
vectorized,Add,int64_t,max,1024,1.0,4,7156590,True
naive,Add,int64_t,max,1024,1.0,4,5797260,True
vectorized,Add,int64_t,max,1024,1.0,5,7388163,True
naive,Add,int64_t,max,1024,1.0,5,5964452,True
vectorized,Add,int64_t,max,1024,1.0,6,7362842,True
naive,Add,int64_t,max,1024,1.0,6,5649711,True
vectorized,Add,int64_t,max,1024,1.0,7,7419397,True
naive,Add,int64_t,max,1024,1.0,7,5656586,True
vectorized,Add,int64_t,max,1024,1.0,8,7423578,True
naive,Add,int64_t,max,1024,1.0,8,5960484,True
vectorized,Add,int64_t,max,1024,1.0,9,7433822,True
naive,Add,int64_t,max,1024,1.0,9,5826106,True
vectorized,Add,int64_t,max,2048,0.001,0,17480698,False
naive,Add,int64_t,max,2048,0.001,0,17814870,False
vectorized,Add,int64_t,max,2048,0.001,1,17096144,False
naive,Add,int64_t,max,2048,0.001,1,17963091,False
vectorized,Add,int64_t,max,2048,0.001,2,19435004,False
naive,Add,int64_t,max,2048,0.001,2,17805057,False
vectorized,Add,int64_t,max,2048,0.001,3,18158890,False
naive,Add,int64_t,max,2048,0.001,3,18803027,False
vectorized,Add,int64_t,max,2048,0.001,4,19882708,False
naive,Add,int64_t,max,2048,0.001,4,17736213,False
vectorized,Add,int64_t,max,2048,0.001,5,19466339,False
naive,Add,int64_t,max,2048,0.001,5,16913987,False
vectorized,Add,int64_t,max,2048,0.001,6,17794086,False
naive,Add,int64_t,max,2048,0.001,6,17793236,False
vectorized,Add,int64_t,max,2048,0.001,7,16726384,False
naive,Add,int64_t,max,2048,0.001,7,16838374,False
vectorized,Add,int64_t,max,2048,0.001,8,19715176,False
naive,Add,int64_t,max,2048,0.001,8,16925475,False
vectorized,Add,int64_t,max,2048,0.001,9,18694414,False
naive,Add,int64_t,max,2048,0.001,9,17641529,False
vectorized,Add,int64_t,max,2048,0.01,0,16107873,False
naive,Add,int64_t,max,2048,0.01,0,17735797,False
vectorized,Add,int64_t,max,2048,0.01,1,18916827,False
naive,Add,int64_t,max,2048,0.01,1,17764447,False
vectorized,Add,int64_t,max,2048,0.01,2,19600164,False
naive,Add,int64_t,max,2048,0.01,2,16947074,False
vectorized,Add,int64_t,max,2048,0.01,3,19327677,False
naive,Add,int64_t,max,2048,0.01,3,17732994,False
vectorized,Add,int64_t,max,2048,0.01,4,16409508,False
naive,Add,int64_t,max,2048,0.01,4,17772375,False
vectorized,Add,int64_t,max,2048,0.01,5,19568106,False
naive,Add,int64_t,max,2048,0.01,5,17557875,False
vectorized,Add,int64_t,max,2048,0.01,6,17233929,False
naive,Add,int64_t,max,2048,0.01,6,17871881,False
vectorized,Add,int64_t,max,2048,0.01,7,17472272,False
naive,Add,int64_t,max,2048,0.01,7,17858644,False
vectorized,Add,int64_t,max,2048,0.01,8,17032860,False
naive,Add,int64_t,max,2048,0.01,8,17809317,False
vectorized,Add,int64_t,max,2048,0.01,9,17371696,False
naive,Add,int64_t,max,2048,0.01,9,16879396,False
vectorized,Add,int64_t,max,2048,0.05,0,19628855,False
naive,Add,int64_t,max,2048,0.05,0,17637428,False
vectorized,Add,int64_t,max,2048,0.05,1,17659999,False
naive,Add,int64_t,max,2048,0.05,1,16992651,False
vectorized,Add,int64_t,max,2048,0.05,2,17675111,False
naive,Add,int64_t,max,2048,0.05,2,17765275,False
vectorized,Add,int64_t,max,2048,0.05,3,16503543,False
naive,Add,int64_t,max,2048,0.05,3,17864551,False
vectorized,Add,int64_t,max,2048,0.05,4,17380251,False
naive,Add,int64_t,max,2048,0.05,4,17754427,False
vectorized,Add,int64_t,max,2048,0.05,5,17344092,False
naive,Add,int64_t,max,2048,0.05,5,16970945,False
vectorized,Add,int64_t,max,2048,0.05,6,16398146,False
naive,Add,int64_t,max,2048,0.05,6,17737386,False
vectorized,Add,int64_t,max,2048,0.05,7,18822341,False
naive,Add,int64_t,max,2048,0.05,7,17330673,False
vectorized,Add,int64_t,max,2048,0.05,8,16885783,False
naive,Add,int64_t,max,2048,0.05,8,18055766,False
vectorized,Add,int64_t,max,2048,0.05,9,16244462,False
naive,Add,int64_t,max,2048,0.05,9,17828314,False
vectorized,Add,int64_t,max,2048,0.1,0,16584408,False
naive,Add,int64_t,max,2048,0.1,0,16900637,False
vectorized,Add,int64_t,max,2048,0.1,1,16190067,False
naive,Add,int64_t,max,2048,0.1,1,16885977,False
vectorized,Add,int64_t,max,2048,0.1,2,18152625,False
naive,Add,int64_t,max,2048,0.1,2,17793264,False
vectorized,Add,int64_t,max,2048,0.1,3,19555083,False
naive,Add,int64_t,max,2048,0.1,3,18281571,False
vectorized,Add,int64_t,max,2048,0.1,4,16410831,False
naive,Add,int64_t,max,2048,0.1,4,17750028,False
vectorized,Add,int64_t,max,2048,0.1,5,17058515,False
naive,Add,int64_t,max,2048,0.1,5,17936524,False
vectorized,Add,int64_t,max,2048,0.1,6,19360915,False
naive,Add,int64_t,max,2048,0.1,6,17855595,False
vectorized,Add,int64_t,max,2048,0.1,7,16482901,False
naive,Add,int64_t,max,2048,0.1,7,17867066,False
vectorized,Add,int64_t,max,2048,0.1,8,18853428,False
naive,Add,int64_t,max,2048,0.1,8,16908870,False
vectorized,Add,int64_t,max,2048,0.1,9,17733237,False
naive,Add,int64_t,max,2048,0.1,9,17820281,False
vectorized,Add,int64_t,max,2048,0.2,0,18864868,False
naive,Add,int64_t,max,2048,0.2,0,18126228,False
vectorized,Add,int64_t,max,2048,0.2,1,20043627,False
naive,Add,int64_t,max,2048,0.2,1,18123283,False
vectorized,Add,int64_t,max,2048,0.2,2,16863405,False
naive,Add,int64_t,max,2048,0.2,2,17857711,False
vectorized,Add,int64_t,max,2048,0.2,3,19773691,False
naive,Add,int64_t,max,2048,0.2,3,17104445,False
vectorized,Add,int64_t,max,2048,0.2,4,18076775,False
naive,Add,int64_t,max,2048,0.2,4,17330503,False
vectorized,Add,int64_t,max,2048,0.2,5,17396305,False
naive,Add,int64_t,max,2048,0.2,5,18026262,False
vectorized,Add,int64_t,max,2048,0.2,6,16678145,False
naive,Add,int64_t,max,2048,0.2,6,17806809,False
vectorized,Add,int64_t,max,2048,0.2,7,17140544,False
naive,Add,int64_t,max,2048,0.2,7,17933149,False
vectorized,Add,int64_t,max,2048,0.2,8,16590333,False
naive,Add,int64_t,max,2048,0.2,8,16950909,False
vectorized,Add,int64_t,max,2048,0.2,9,19616036,False
naive,Add,int64_t,max,2048,0.2,9,16949839,False
vectorized,Add,int64_t,max,2048,0.25,0,17102067,True
naive,Add,int64_t,max,2048,0.25,0,18096489,True
vectorized,Add,int64_t,max,2048,0.25,1,16326495,True
naive,Add,int64_t,max,2048,0.25,1,19219147,True
vectorized,Add,int64_t,max,2048,0.25,2,17640992,True
naive,Add,int64_t,max,2048,0.25,2,18412655,True
vectorized,Add,int64_t,max,2048,0.25,3,17395929,True
naive,Add,int64_t,max,2048,0.25,3,18311872,True
vectorized,Add,int64_t,max,2048,0.25,4,19697119,True
naive,Add,int64_t,max,2048,0.25,4,17635783,True
vectorized,Add,int64_t,max,2048,0.25,5,17425614,True
naive,Add,int64_t,max,2048,0.25,5,17922257,True
vectorized,Add,int64_t,max,2048,0.25,6,17236488,True
naive,Add,int64_t,max,2048,0.25,6,17872005,True
vectorized,Add,int64_t,max,2048,0.25,7,19619091,True
naive,Add,int64_t,max,2048,0.25,7,18209354,True
vectorized,Add,int64_t,max,2048,0.25,8,17388262,True
naive,Add,int64_t,max,2048,0.25,8,17907415,True
vectorized,Add,int64_t,max,2048,0.25,9,19762931,True
naive,Add,int64_t,max,2048,0.25,9,17908703,True
vectorized,Add,int64_t,max,2048,1.0,0,19821191,True
naive,Add,int64_t,max,2048,1.0,0,19034256,True
vectorized,Add,int64_t,max,2048,1.0,1,18682488,True
naive,Add,int64_t,max,2048,1.0,1,17750172,True
vectorized,Add,int64_t,max,2048,1.0,2,16596977,True
naive,Add,int64_t,max,2048,1.0,2,17894866,True
vectorized,Add,int64_t,max,2048,1.0,3,18805676,True
naive,Add,int64_t,max,2048,1.0,3,18018007,True
vectorized,Add,int64_t,max,2048,1.0,4,16890992,True
naive,Add,int64_t,max,2048,1.0,4,16946137,True
vectorized,Add,int64_t,max,2048,1.0,5,16404293,True
naive,Add,int64_t,max,2048,1.0,5,18102504,True
vectorized,Add,int64_t,max,2048,1.0,6,19164432,True
naive,Add,int64_t,max,2048,1.0,6,18087140,True
vectorized,Add,int64_t,max,2048,1.0,7,17456657,True
naive,Add,int64_t,max,2048,1.0,7,17898096,True
vectorized,Add,int64_t,max,2048,1.0,8,16503519,True
naive,Add,int64_t,max,2048,1.0,8,17888610,True
vectorized,Add,int64_t,max,2048,1.0,9,19388804,True
naive,Add,int64_t,max,2048,1.0,9,17859780,True
vectorized,Add,int64_t,max,4096,0.001,0,46029347,False
naive,Add,int64_t,max,4096,0.001,0,71941377,False
vectorized,Add,int64_t,max,4096,0.001,1,52143431,False
naive,Add,int64_t,max,4096,0.001,1,71402693,False
vectorized,Add,int64_t,max,4096,0.001,2,60710561,False
naive,Add,int64_t,max,4096,0.001,2,72286445,False
vectorized,Add,int64_t,max,4096,0.001,3,61286813,False
naive,Add,int64_t,max,4096,0.001,3,71974696,False
vectorized,Add,int64_t,max,4096,0.001,4,49178584,False
naive,Add,int64_t,max,4096,0.001,4,77589090,False
vectorized,Add,int64_t,max,4096,0.001,5,50897945,False
naive,Add,int64_t,max,4096,0.001,5,71262476,False
vectorized,Add,int64_t,max,4096,0.001,6,42879585,False
naive,Add,int64_t,max,4096,0.001,6,71836682,False
vectorized,Add,int64_t,max,4096,0.001,7,50892947,False
naive,Add,int64_t,max,4096,0.001,7,72199292,False
vectorized,Add,int64_t,max,4096,0.001,8,53513121,False
naive,Add,int64_t,max,4096,0.001,8,71811299,False
vectorized,Add,int64_t,max,4096,0.001,9,50252962,False
naive,Add,int64_t,max,4096,0.001,9,72247397,False
vectorized,Add,int64_t,max,4096,0.01,0,50287243,False
naive,Add,int64_t,max,4096,0.01,0,70096934,False
vectorized,Add,int64_t,max,4096,0.01,1,52571603,False
naive,Add,int64_t,max,4096,0.01,1,69476736,False
vectorized,Add,int64_t,max,4096,0.01,2,45656059,False
naive,Add,int64_t,max,4096,0.01,2,72816497,False
vectorized,Add,int64_t,max,4096,0.01,3,48685498,False
naive,Add,int64_t,max,4096,0.01,3,72127945,False
vectorized,Add,int64_t,max,4096,0.01,4,62956792,False
naive,Add,int64_t,max,4096,0.01,4,71721867,False
vectorized,Add,int64_t,max,4096,0.01,5,50498684,False
naive,Add,int64_t,max,4096,0.01,5,71273782,False
vectorized,Add,int64_t,max,4096,0.01,6,50970831,False
naive,Add,int64_t,max,4096,0.01,6,72482079,False
vectorized,Add,int64_t,max,4096,0.01,7,52813049,False
naive,Add,int64_t,max,4096,0.01,7,71639815,False
vectorized,Add,int64_t,max,4096,0.01,8,50219956,False
naive,Add,int64_t,max,4096,0.01,8,70317388,False
vectorized,Add,int64_t,max,4096,0.01,9,47358555,False
naive,Add,int64_t,max,4096,0.01,9,72321542,False
vectorized,Add,int64_t,max,4096,0.05,0,47560848,False
naive,Add,int64_t,max,4096,0.05,0,71294414,False
vectorized,Add,int64_t,max,4096,0.05,1,48121792,False
naive,Add,int64_t,max,4096,0.05,1,69780860,False
vectorized,Add,int64_t,max,4096,0.05,2,49877588,False
naive,Add,int64_t,max,4096,0.05,2,69202384,False
vectorized,Add,int64_t,max,4096,0.05,3,46866738,False
naive,Add,int64_t,max,4096,0.05,3,77876458,False
vectorized,Add,int64_t,max,4096,0.05,4,48997469,False
naive,Add,int64_t,max,4096,0.05,4,70307243,False
vectorized,Add,int64_t,max,4096,0.05,5,50084798,False
naive,Add,int64_t,max,4096,0.05,5,69594154,False
vectorized,Add,int64_t,max,4096,0.05,6,50217941,False
naive,Add,int64_t,max,4096,0.05,6,69337318,False
vectorized,Add,int64_t,max,4096,0.05,7,48587197,False
naive,Add,int64_t,max,4096,0.05,7,71832858,False
vectorized,Add,int64_t,max,4096,0.05,8,50419639,False
naive,Add,int64_t,max,4096,0.05,8,72141939,False
vectorized,Add,int64_t,max,4096,0.05,9,50752618,False
naive,Add,int64_t,max,4096,0.05,9,71987348,False
vectorized,Add,int64_t,max,4096,0.1,0,46475582,False
naive,Add,int64_t,max,4096,0.1,0,71708341,False
vectorized,Add,int64_t,max,4096,0.1,1,45947500,False
naive,Add,int64_t,max,4096,0.1,1,68658463,False
vectorized,Add,int64_t,max,4096,0.1,2,49104876,False
naive,Add,int64_t,max,4096,0.1,2,71941450,False
vectorized,Add,int64_t,max,4096,0.1,3,51139374,False
naive,Add,int64_t,max,4096,0.1,3,72151212,False
vectorized,Add,int64_t,max,4096,0.1,4,43310120,False
naive,Add,int64_t,max,4096,0.1,4,69220467,False
vectorized,Add,int64_t,max,4096,0.1,5,49562852,False
naive,Add,int64_t,max,4096,0.1,5,76153469,False
vectorized,Add,int64_t,max,4096,0.1,6,52738759,False
naive,Add,int64_t,max,4096,0.1,6,71267790,False
vectorized,Add,int64_t,max,4096,0.1,7,52226585,False
naive,Add,int64_t,max,4096,0.1,7,70029321,False
vectorized,Add,int64_t,max,4096,0.1,8,53549884,False
naive,Add,int64_t,max,4096,0.1,8,71853702,False
vectorized,Add,int64_t,max,4096,0.1,9,51400772,False
naive,Add,int64_t,max,4096,0.1,9,71836948,False
vectorized,Add,int64_t,max,4096,0.2,0,60589992,False
naive,Add,int64_t,max,4096,0.2,0,71691687,False
vectorized,Add,int64_t,max,4096,0.2,1,50125726,False
naive,Add,int64_t,max,4096,0.2,1,72121456,False
vectorized,Add,int64_t,max,4096,0.2,2,50847256,False
naive,Add,int64_t,max,4096,0.2,2,71935930,False
vectorized,Add,int64_t,max,4096,0.2,3,52785710,False
naive,Add,int64_t,max,4096,0.2,3,71588020,False
vectorized,Add,int64_t,max,4096,0.2,4,50764030,False
naive,Add,int64_t,max,4096,0.2,4,75193198,False
vectorized,Add,int64_t,max,4096,0.2,5,47331367,False
naive,Add,int64_t,max,4096,0.2,5,72085775,False
vectorized,Add,int64_t,max,4096,0.2,6,46736086,False
naive,Add,int64_t,max,4096,0.2,6,75800910,False
vectorized,Add,int64_t,max,4096,0.2,7,40179367,False
naive,Add,int64_t,max,4096,0.2,7,71937068,False
vectorized,Add,int64_t,max,4096,0.2,8,51412676,False
naive,Add,int64_t,max,4096,0.2,8,73641060,False
vectorized,Add,int64_t,max,4096,0.2,9,54163535,False
naive,Add,int64_t,max,4096,0.2,9,71860043,False
vectorized,Add,int64_t,max,4096,0.25,0,46512469,True
naive,Add,int64_t,max,4096,0.25,0,71927789,True
vectorized,Add,int64_t,max,4096,0.25,1,51008388,True
naive,Add,int64_t,max,4096,0.25,1,72017939,True
vectorized,Add,int64_t,max,4096,0.25,2,47364501,True
naive,Add,int64_t,max,4096,0.25,2,72452150,True
vectorized,Add,int64_t,max,4096,0.25,3,50008103,True
naive,Add,int64_t,max,4096,0.25,3,71921030,True
vectorized,Add,int64_t,max,4096,0.25,4,45008617,True
naive,Add,int64_t,max,4096,0.25,4,72169403,True
vectorized,Add,int64_t,max,4096,0.25,5,46322463,True
naive,Add,int64_t,max,4096,0.25,5,70014303,True
vectorized,Add,int64_t,max,4096,0.25,6,51275144,True
naive,Add,int64_t,max,4096,0.25,6,69214105,True
vectorized,Add,int64_t,max,4096,0.25,7,56110982,True
naive,Add,int64_t,max,4096,0.25,7,71872149,True
vectorized,Add,int64_t,max,4096,0.25,8,50746136,True
naive,Add,int64_t,max,4096,0.25,8,72044133,True
vectorized,Add,int64_t,max,4096,0.25,9,62044920,True
naive,Add,int64_t,max,4096,0.25,9,71892801,True
vectorized,Add,int64_t,max,4096,1.0,0,56071376,True
naive,Add,int64_t,max,4096,1.0,0,71792496,True
vectorized,Add,int64_t,max,4096,1.0,1,62295149,True
naive,Add,int64_t,max,4096,1.0,1,69345597,True
vectorized,Add,int64_t,max,4096,1.0,2,50950020,True
naive,Add,int64_t,max,4096,1.0,2,71925832,True
vectorized,Add,int64_t,max,4096,1.0,3,50803325,True
naive,Add,int64_t,max,4096,1.0,3,71619801,True
vectorized,Add,int64_t,max,4096,1.0,4,53886788,True
naive,Add,int64_t,max,4096,1.0,4,72655150,True
vectorized,Add,int64_t,max,4096,1.0,5,52847277,True
naive,Add,int64_t,max,4096,1.0,5,72179675,True
vectorized,Add,int64_t,max,4096,1.0,6,50972607,True
naive,Add,int64_t,max,4096,1.0,6,71830606,True
vectorized,Add,int64_t,max,4096,1.0,7,48454885,True
naive,Add,int64_t,max,4096,1.0,7,71681085,True
vectorized,Add,int64_t,max,4096,1.0,8,54113137,True
naive,Add,int64_t,max,4096,1.0,8,69139027,True
vectorized,Add,int64_t,max,4096,1.0,9,47782806,True
naive,Add,int64_t,max,4096,1.0,9,71849399,True
vectorized,Add,int64_t,min max mean symmetry,1024,0.001,0,25644068,False
naive,Add,int64_t,min max mean symmetry,1024,0.001,0,15035697,False
vectorized,Add,int64_t,min max mean symmetry,1024,0.001,1,27088899,False
naive,Add,int64_t,min max mean symmetry,1024,0.001,1,15670751,False
vectorized,Add,int64_t,min max mean symmetry,1024,0.001,2,25949148,False
naive,Add,int64_t,min max mean symmetry,1024,0.001,2,17033089,False
vectorized,Add,int64_t,min max mean symmetry,1024,0.001,3,27031000,False
naive,Add,int64_t,min max mean symmetry,1024,0.001,3,15877012,False
vectorized,Add,int64_t,min max mean symmetry,1024,0.001,4,28197912,False
naive,Add,int64_t,min max mean symmetry,1024,0.001,4,16242764,False
vectorized,Add,int64_t,min max mean symmetry,1024,0.001,5,26996363,False
naive,Add,int64_t,min max mean symmetry,1024,0.001,5,14959265,False
vectorized,Add,int64_t,min max mean symmetry,1024,0.001,6,26633534,False
naive,Add,int64_t,min max mean symmetry,1024,0.001,6,15806117,False
vectorized,Add,int64_t,min max mean symmetry,1024,0.001,7,26679460,False
naive,Add,int64_t,min max mean symmetry,1024,0.001,7,15796151,False
vectorized,Add,int64_t,min max mean symmetry,1024,0.001,8,26143442,False
naive,Add,int64_t,min max mean symmetry,1024,0.001,8,15733486,False
vectorized,Add,int64_t,min max mean symmetry,1024,0.001,9,27071767,False
naive,Add,int64_t,min max mean symmetry,1024,0.001,9,15705822,False
vectorized,Add,int64_t,min max mean symmetry,1024,0.01,0,26750454,False
naive,Add,int64_t,min max mean symmetry,1024,0.01,0,15238078,False
vectorized,Add,int64_t,min max mean symmetry,1024,0.01,1,27085296,False
naive,Add,int64_t,min max mean symmetry,1024,0.01,1,16807235,False
vectorized,Add,int64_t,min max mean symmetry,1024,0.01,2,27176872,False
naive,Add,int64_t,min max mean symmetry,1024,0.01,2,15597798,False
vectorized,Add,int64_t,min max mean symmetry,1024,0.01,3,26379048,False
naive,Add,int64_t,min max mean symmetry,1024,0.01,3,15608214,False
vectorized,Add,int64_t,min max mean symmetry,1024,0.01,4,26598580,False
naive,Add,int64_t,min max mean symmetry,1024,0.01,4,14772459,False
vectorized,Add,int64_t,min max mean symmetry,1024,0.01,5,26619110,False
naive,Add,int64_t,min max mean symmetry,1024,0.01,5,15505221,False
vectorized,Add,int64_t,min max mean symmetry,1024,0.01,6,27017858,False
naive,Add,int64_t,min max mean symmetry,1024,0.01,6,16170490,False
vectorized,Add,int64_t,min max mean symmetry,1024,0.01,7,25284799,False
naive,Add,int64_t,min max mean symmetry,1024,0.01,7,15216990,False
vectorized,Add,int64_t,min max mean symmetry,1024,0.01,8,26567684,False
naive,Add,int64_t,min max mean symmetry,1024,0.01,8,15246137,False
vectorized,Add,int64_t,min max mean symmetry,1024,0.01,9,26260280,False
naive,Add,int64_t,min max mean symmetry,1024,0.01,9,15191555,False
vectorized,Add,int64_t,min max mean symmetry,1024,0.05,0,27381255,False
naive,Add,int64_t,min max mean symmetry,1024,0.05,0,14745581,False
vectorized,Add,int64_t,min max mean symmetry,1024,0.05,1,26401830,False
naive,Add,int64_t,min max mean symmetry,1024,0.05,1,15600246,False
vectorized,Add,int64_t,min max mean symmetry,1024,0.05,2,26259983,False
naive,Add,int64_t,min max mean symmetry,1024,0.05,2,14757093,False
vectorized,Add,int64_t,min max mean symmetry,1024,0.05,3,27341448,False
naive,Add,int64_t,min max mean symmetry,1024,0.05,3,16020970,False
vectorized,Add,int64_t,min max mean symmetry,1024,0.05,4,25574781,False
naive,Add,int64_t,min max mean symmetry,1024,0.05,4,14814261,False
vectorized,Add,int64_t,min max mean symmetry,1024,0.05,5,28887357,False
naive,Add,int64_t,min max mean symmetry,1024,0.05,5,14967109,False
vectorized,Add,int64_t,min max mean symmetry,1024,0.05,6,26549204,False
naive,Add,int64_t,min max mean symmetry,1024,0.05,6,14883999,False
vectorized,Add,int64_t,min max mean symmetry,1024,0.05,7,26330529,False
naive,Add,int64_t,min max mean symmetry,1024,0.05,7,16769220,False
vectorized,Add,int64_t,min max mean symmetry,1024,0.05,8,26383937,False
naive,Add,int64_t,min max mean symmetry,1024,0.05,8,15161401,False
vectorized,Add,int64_t,min max mean symmetry,1024,0.05,9,26890536,False
naive,Add,int64_t,min max mean symmetry,1024,0.05,9,15106920,False
vectorized,Add,int64_t,min max mean symmetry,1024,0.1,0,25248916,False
naive,Add,int64_t,min max mean symmetry,1024,0.1,0,15323704,False
vectorized,Add,int64_t,min max mean symmetry,1024,0.1,1,27134857,False
naive,Add,int64_t,min max mean symmetry,1024,0.1,1,14894280,False
vectorized,Add,int64_t,min max mean symmetry,1024,0.1,2,26197769,False
naive,Add,int64_t,min max mean symmetry,1024,0.1,2,15787426,False
vectorized,Add,int64_t,min max mean symmetry,1024,0.1,3,27206504,False
naive,Add,int64_t,min max mean symmetry,1024,0.1,3,15147689,False
vectorized,Add,int64_t,min max mean symmetry,1024,0.1,4,26452798,False
naive,Add,int64_t,min max mean symmetry,1024,0.1,4,14604584,False
vectorized,Add,int64_t,min max mean symmetry,1024,0.1,5,26792477,False
naive,Add,int64_t,min max mean symmetry,1024,0.1,5,14604833,False
vectorized,Add,int64_t,min max mean symmetry,1024,0.1,6,24430796,False
naive,Add,int64_t,min max mean symmetry,1024,0.1,6,14915744,False
vectorized,Add,int64_t,min max mean symmetry,1024,0.1,7,27423814,False
naive,Add,int64_t,min max mean symmetry,1024,0.1,7,15026656,False
vectorized,Add,int64_t,min max mean symmetry,1024,0.1,8,26639670,False
naive,Add,int64_t,min max mean symmetry,1024,0.1,8,15463496,False
vectorized,Add,int64_t,min max mean symmetry,1024,0.1,9,26937198,False
naive,Add,int64_t,min max mean symmetry,1024,0.1,9,14692465,False
vectorized,Add,int64_t,min max mean symmetry,1024,0.2,0,26294505,False
naive,Add,int64_t,min max mean symmetry,1024,0.2,0,14711399,False
vectorized,Add,int64_t,min max mean symmetry,1024,0.2,1,25390382,False
naive,Add,int64_t,min max mean symmetry,1024,0.2,1,14885968,False
vectorized,Add,int64_t,min max mean symmetry,1024,0.2,2,26718743,False
naive,Add,int64_t,min max mean symmetry,1024,0.2,2,14678737,False
vectorized,Add,int64_t,min max mean symmetry,1024,0.2,3,26835607,False
naive,Add,int64_t,min max mean symmetry,1024,0.2,3,15315034,False
vectorized,Add,int64_t,min max mean symmetry,1024,0.2,4,27146501,False
naive,Add,int64_t,min max mean symmetry,1024,0.2,4,14727123,False
vectorized,Add,int64_t,min max mean symmetry,1024,0.2,5,27502495,False
naive,Add,int64_t,min max mean symmetry,1024,0.2,5,14962618,False
vectorized,Add,int64_t,min max mean symmetry,1024,0.2,6,27615306,False
naive,Add,int64_t,min max mean symmetry,1024,0.2,6,14802115,False
vectorized,Add,int64_t,min max mean symmetry,1024,0.2,7,27156611,False
naive,Add,int64_t,min max mean symmetry,1024,0.2,7,14863550,False
vectorized,Add,int64_t,min max mean symmetry,1024,0.2,8,24156008,False
naive,Add,int64_t,min max mean symmetry,1024,0.2,8,14827703,False
vectorized,Add,int64_t,min max mean symmetry,1024,0.2,9,27012898,False
naive,Add,int64_t,min max mean symmetry,1024,0.2,9,15472186,False
vectorized,Add,int64_t,min max mean symmetry,1024,0.25,0,27822463,True
naive,Add,int64_t,min max mean symmetry,1024,0.25,0,14544724,True
vectorized,Add,int64_t,min max mean symmetry,1024,0.25,1,27397399,True
naive,Add,int64_t,min max mean symmetry,1024,0.25,1,14771688,True
vectorized,Add,int64_t,min max mean symmetry,1024,0.25,2,26804521,True
naive,Add,int64_t,min max mean symmetry,1024,0.25,2,14512974,True
vectorized,Add,int64_t,min max mean symmetry,1024,0.25,3,26590243,True
naive,Add,int64_t,min max mean symmetry,1024,0.25,3,14802240,True
vectorized,Add,int64_t,min max mean symmetry,1024,0.25,4,29440505,True
naive,Add,int64_t,min max mean symmetry,1024,0.25,4,14483508,True
vectorized,Add,int64_t,min max mean symmetry,1024,0.25,5,27228703,True
naive,Add,int64_t,min max mean symmetry,1024,0.25,5,14767399,True
vectorized,Add,int64_t,min max mean symmetry,1024,0.25,6,26651741,True
naive,Add,int64_t,min max mean symmetry,1024,0.25,6,15030172,True
vectorized,Add,int64_t,min max mean symmetry,1024,0.25,7,26991933,True
naive,Add,int64_t,min max mean symmetry,1024,0.25,7,14534350,True
vectorized,Add,int64_t,min max mean symmetry,1024,0.25,8,27737540,True
naive,Add,int64_t,min max mean symmetry,1024,0.25,8,14763948,True
vectorized,Add,int64_t,min max mean symmetry,1024,0.25,9,26279140,True
naive,Add,int64_t,min max mean symmetry,1024,0.25,9,15193318,True
vectorized,Add,int64_t,min max mean symmetry,1024,1.0,0,24274310,True
naive,Add,int64_t,min max mean symmetry,1024,1.0,0,18239244,True
vectorized,Add,int64_t,min max mean symmetry,1024,1.0,1,24509465,True
naive,Add,int64_t,min max mean symmetry,1024,1.0,1,18518699,True
vectorized,Add,int64_t,min max mean symmetry,1024,1.0,2,24048475,True
naive,Add,int64_t,min max mean symmetry,1024,1.0,2,18436758,True
vectorized,Add,int64_t,min max mean symmetry,1024,1.0,3,26129173,True
naive,Add,int64_t,min max mean symmetry,1024,1.0,3,18373084,True
vectorized,Add,int64_t,min max mean symmetry,1024,1.0,4,24022856,True
naive,Add,int64_t,min max mean symmetry,1024,1.0,4,18367788,True
vectorized,Add,int64_t,min max mean symmetry,1024,1.0,5,24302016,True
naive,Add,int64_t,min max mean symmetry,1024,1.0,5,18394264,True
vectorized,Add,int64_t,min max mean symmetry,1024,1.0,6,24167224,True
naive,Add,int64_t,min max mean symmetry,1024,1.0,6,18604996,True
vectorized,Add,int64_t,min max mean symmetry,1024,1.0,7,24855831,True
naive,Add,int64_t,min max mean symmetry,1024,1.0,7,18754869,True
vectorized,Add,int64_t,min max mean symmetry,1024,1.0,8,24031979,True
naive,Add,int64_t,min max mean symmetry,1024,1.0,8,18426733,True
vectorized,Add,int64_t,min max mean symmetry,1024,1.0,9,24435291,True
naive,Add,int64_t,min max mean symmetry,1024,1.0,9,18771881,True
vectorized,Add,int64_t,min max mean symmetry,2048,0.001,0,92795413,False
naive,Add,int64_t,min max mean symmetry,2048,0.001,0,71405323,False
vectorized,Add,int64_t,min max mean symmetry,2048,0.001,1,77037862,False
naive,Add,int64_t,min max mean symmetry,2048,0.001,1,76447160,False
vectorized,Add,int64_t,min max mean symmetry,2048,0.001,2,87081022,False
naive,Add,int64_t,min max mean symmetry,2048,0.001,2,71553321,False
vectorized,Add,int64_t,min max mean symmetry,2048,0.001,3,77073870,False
naive,Add,int64_t,min max mean symmetry,2048,0.001,3,71572291,False
vectorized,Add,int64_t,min max mean symmetry,2048,0.001,4,78630683,False
naive,Add,int64_t,min max mean symmetry,2048,0.001,4,71130519,False
vectorized,Add,int64_t,min max mean symmetry,2048,0.001,5,76871884,False
naive,Add,int64_t,min max mean symmetry,2048,0.001,5,70632043,False
vectorized,Add,int64_t,min max mean symmetry,2048,0.001,6,78368345,False
naive,Add,int64_t,min max mean symmetry,2048,0.001,6,74647440,False
vectorized,Add,int64_t,min max mean symmetry,2048,0.001,7,85923678,False
naive,Add,int64_t,min max mean symmetry,2048,0.001,7,71495176,False
vectorized,Add,int64_t,min max mean symmetry,2048,0.001,8,93200589,False
naive,Add,int64_t,min max mean symmetry,2048,0.001,8,71223927,False
vectorized,Add,int64_t,min max mean symmetry,2048,0.001,9,85009735,False
naive,Add,int64_t,min max mean symmetry,2048,0.001,9,71271913,False
vectorized,Add,int64_t,min max mean symmetry,2048,0.01,0,82217745,False
naive,Add,int64_t,min max mean symmetry,2048,0.01,0,71478901,False
vectorized,Add,int64_t,min max mean symmetry,2048,0.01,1,78097248,False
naive,Add,int64_t,min max mean symmetry,2048,0.01,1,70672453,False
vectorized,Add,int64_t,min max mean symmetry,2048,0.01,2,77715075,False
naive,Add,int64_t,min max mean symmetry,2048,0.01,2,70268800,False
vectorized,Add,int64_t,min max mean symmetry,2048,0.01,3,77815669,False
naive,Add,int64_t,min max mean symmetry,2048,0.01,3,71466441,False
vectorized,Add,int64_t,min max mean symmetry,2048,0.01,4,77733659,False
naive,Add,int64_t,min max mean symmetry,2048,0.01,4,70342507,False
vectorized,Add,int64_t,min max mean symmetry,2048,0.01,5,76866665,False
naive,Add,int64_t,min max mean symmetry,2048,0.01,5,70914713,False
vectorized,Add,int64_t,min max mean symmetry,2048,0.01,6,77339280,False
naive,Add,int64_t,min max mean symmetry,2048,0.01,6,71169728,False
vectorized,Add,int64_t,min max mean symmetry,2048,0.01,7,91980087,False
naive,Add,int64_t,min max mean symmetry,2048,0.01,7,71711656,False
vectorized,Add,int64_t,min max mean symmetry,2048,0.01,8,94318279,False
naive,Add,int64_t,min max mean symmetry,2048,0.01,8,71021168,False
vectorized,Add,int64_t,min max mean symmetry,2048,0.01,9,81296004,False
naive,Add,int64_t,min max mean symmetry,2048,0.01,9,71383230,False
vectorized,Add,int64_t,min max mean symmetry,2048,0.05,0,81862886,False
naive,Add,int64_t,min max mean symmetry,2048,0.05,0,71242988,False
vectorized,Add,int64_t,min max mean symmetry,2048,0.05,1,90763414,False
naive,Add,int64_t,min max mean symmetry,2048,0.05,1,72642958,False
vectorized,Add,int64_t,min max mean symmetry,2048,0.05,2,79446773,False
naive,Add,int64_t,min max mean symmetry,2048,0.05,2,74632012,False
vectorized,Add,int64_t,min max mean symmetry,2048,0.05,3,80486128,False
naive,Add,int64_t,min max mean symmetry,2048,0.05,3,71057943,False
vectorized,Add,int64_t,min max mean symmetry,2048,0.05,4,93757975,False
naive,Add,int64_t,min max mean symmetry,2048,0.05,4,70967264,False
vectorized,Add,int64_t,min max mean symmetry,2048,0.05,5,81738915,False
naive,Add,int64_t,min max mean symmetry,2048,0.05,5,70269971,False
vectorized,Add,int64_t,min max mean symmetry,2048,0.05,6,80853811,False
naive,Add,int64_t,min max mean symmetry,2048,0.05,6,71305357,False
vectorized,Add,int64_t,min max mean symmetry,2048,0.05,7,79783339,False
naive,Add,int64_t,min max mean symmetry,2048,0.05,7,73409134,False
vectorized,Add,int64_t,min max mean symmetry,2048,0.05,8,92766373,False
naive,Add,int64_t,min max mean symmetry,2048,0.05,8,71589633,False
vectorized,Add,int64_t,min max mean symmetry,2048,0.05,9,91241836,False
naive,Add,int64_t,min max mean symmetry,2048,0.05,9,71601300,False
vectorized,Add,int64_t,min max mean symmetry,2048,0.1,0,83537814,False
naive,Add,int64_t,min max mean symmetry,2048,0.1,0,71692447,False
vectorized,Add,int64_t,min max mean symmetry,2048,0.1,1,86255336,False
naive,Add,int64_t,min max mean symmetry,2048,0.1,1,70618847,False
vectorized,Add,int64_t,min max mean symmetry,2048,0.1,2,87628825,False
naive,Add,int64_t,min max mean symmetry,2048,0.1,2,70781355,False
vectorized,Add,int64_t,min max mean symmetry,2048,0.1,3,78499178,False
naive,Add,int64_t,min max mean symmetry,2048,0.1,3,71487973,False
vectorized,Add,int64_t,min max mean symmetry,2048,0.1,4,92355994,False
naive,Add,int64_t,min max mean symmetry,2048,0.1,4,71716471,False
vectorized,Add,int64_t,min max mean symmetry,2048,0.1,5,80349891,False
naive,Add,int64_t,min max mean symmetry,2048,0.1,5,70949209,False
vectorized,Add,int64_t,min max mean symmetry,2048,0.1,6,79505175,False
naive,Add,int64_t,min max mean symmetry,2048,0.1,6,70831472,False
vectorized,Add,int64_t,min max mean symmetry,2048,0.1,7,93148367,False
naive,Add,int64_t,min max mean symmetry,2048,0.1,7,70487405,False
vectorized,Add,int64_t,min max mean symmetry,2048,0.1,8,81096275,False
naive,Add,int64_t,min max mean symmetry,2048,0.1,8,71622549,False
vectorized,Add,int64_t,min max mean symmetry,2048,0.1,9,80548749,False
naive,Add,int64_t,min max mean symmetry,2048,0.1,9,70930458,False
vectorized,Add,int64_t,min max mean symmetry,2048,0.2,0,80038772,False
naive,Add,int64_t,min max mean symmetry,2048,0.2,0,75840319,False
vectorized,Add,int64_t,min max mean symmetry,2048,0.2,1,114793383,False
naive,Add,int64_t,min max mean symmetry,2048,0.2,1,70702858,False
vectorized,Add,int64_t,min max mean symmetry,2048,0.2,2,91611658,False
naive,Add,int64_t,min max mean symmetry,2048,0.2,2,71428556,False
vectorized,Add,int64_t,min max mean symmetry,2048,0.2,3,80832358,False
naive,Add,int64_t,min max mean symmetry,2048,0.2,3,71762031,False
vectorized,Add,int64_t,min max mean symmetry,2048,0.2,4,94199340,False
naive,Add,int64_t,min max mean symmetry,2048,0.2,4,71466171,False
vectorized,Add,int64_t,min max mean symmetry,2048,0.2,5,78814122,False
naive,Add,int64_t,min max mean symmetry,2048,0.2,5,71888801,False
vectorized,Add,int64_t,min max mean symmetry,2048,0.2,6,88569019,False
naive,Add,int64_t,min max mean symmetry,2048,0.2,6,71706424,False
vectorized,Add,int64_t,min max mean symmetry,2048,0.2,7,79896997,False
naive,Add,int64_t,min max mean symmetry,2048,0.2,7,71636592,False
vectorized,Add,int64_t,min max mean symmetry,2048,0.2,8,85311905,False
naive,Add,int64_t,min max mean symmetry,2048,0.2,8,70301665,False
vectorized,Add,int64_t,min max mean symmetry,2048,0.2,9,78072735,False
naive,Add,int64_t,min max mean symmetry,2048,0.2,9,70756313,False
vectorized,Add,int64_t,min max mean symmetry,2048,0.25,0,77409800,True
naive,Add,int64_t,min max mean symmetry,2048,0.25,0,70844607,True
vectorized,Add,int64_t,min max mean symmetry,2048,0.25,1,88686762,True
naive,Add,int64_t,min max mean symmetry,2048,0.25,1,71509567,True
vectorized,Add,int64_t,min max mean symmetry,2048,0.25,2,79697696,True
naive,Add,int64_t,min max mean symmetry,2048,0.25,2,70511349,True
vectorized,Add,int64_t,min max mean symmetry,2048,0.25,3,88710196,True
naive,Add,int64_t,min max mean symmetry,2048,0.25,3,70370240,True
vectorized,Add,int64_t,min max mean symmetry,2048,0.25,4,79426906,True
naive,Add,int64_t,min max mean symmetry,2048,0.25,4,70841529,True
vectorized,Add,int64_t,min max mean symmetry,2048,0.25,5,80674039,True
naive,Add,int64_t,min max mean symmetry,2048,0.25,5,75421299,True
vectorized,Add,int64_t,min max mean symmetry,2048,0.25,6,79524118,True
naive,Add,int64_t,min max mean symmetry,2048,0.25,6,71805213,True
vectorized,Add,int64_t,min max mean symmetry,2048,0.25,7,83775783,True
naive,Add,int64_t,min max mean symmetry,2048,0.25,7,72022148,True
vectorized,Add,int64_t,min max mean symmetry,2048,0.25,8,77921902,True
naive,Add,int64_t,min max mean symmetry,2048,0.25,8,74298873,True
vectorized,Add,int64_t,min max mean symmetry,2048,0.25,9,85596492,True
naive,Add,int64_t,min max mean symmetry,2048,0.25,9,71177372,True
vectorized,Add,int64_t,min max mean symmetry,2048,1.0,0,85800528,True
naive,Add,int64_t,min max mean symmetry,2048,1.0,0,70710147,True
vectorized,Add,int64_t,min max mean symmetry,2048,1.0,1,78020781,True
naive,Add,int64_t,min max mean symmetry,2048,1.0,1,70675108,True
vectorized,Add,int64_t,min max mean symmetry,2048,1.0,2,80505188,True
naive,Add,int64_t,min max mean symmetry,2048,1.0,2,71250708,True
vectorized,Add,int64_t,min max mean symmetry,2048,1.0,3,87713363,True
naive,Add,int64_t,min max mean symmetry,2048,1.0,3,71518794,True
vectorized,Add,int64_t,min max mean symmetry,2048,1.0,4,80210312,True
naive,Add,int64_t,min max mean symmetry,2048,1.0,4,70866913,True
vectorized,Add,int64_t,min max mean symmetry,2048,1.0,5,87284526,True
naive,Add,int64_t,min max mean symmetry,2048,1.0,5,70211264,True
vectorized,Add,int64_t,min max mean symmetry,2048,1.0,6,88547957,True
naive,Add,int64_t,min max mean symmetry,2048,1.0,6,72159737,True
vectorized,Add,int64_t,min max mean symmetry,2048,1.0,7,85621259,True
naive,Add,int64_t,min max mean symmetry,2048,1.0,7,71235810,True
vectorized,Add,int64_t,min max mean symmetry,2048,1.0,8,79427518,True
naive,Add,int64_t,min max mean symmetry,2048,1.0,8,71449728,True
vectorized,Add,int64_t,min max mean symmetry,2048,1.0,9,86883848,True
naive,Add,int64_t,min max mean symmetry,2048,1.0,9,71419906,True
vectorized,Add,int64_t,min max mean symmetry,4096,0.001,0,291403292,False
naive,Add,int64_t,min max mean symmetry,4096,0.001,0,305754547,False
vectorized,Add,int64_t,min max mean symmetry,4096,0.001,1,301451032,False
naive,Add,int64_t,min max mean symmetry,4096,0.001,1,312807947,False
vectorized,Add,int64_t,min max mean symmetry,4096,0.001,2,322883062,False
naive,Add,int64_t,min max mean symmetry,4096,0.001,2,306777344,False
vectorized,Add,int64_t,min max mean symmetry,4096,0.001,3,290770515,False
naive,Add,int64_t,min max mean symmetry,4096,0.001,3,305638834,False
vectorized,Add,int64_t,min max mean symmetry,4096,0.001,4,302492263,False
naive,Add,int64_t,min max mean symmetry,4096,0.001,4,304012138,False
vectorized,Add,int64_t,min max mean symmetry,4096,0.001,5,291801277,False
naive,Add,int64_t,min max mean symmetry,4096,0.001,5,303151568,False
vectorized,Add,int64_t,min max mean symmetry,4096,0.001,6,305557969,False
naive,Add,int64_t,min max mean symmetry,4096,0.001,6,308264082,False
vectorized,Add,int64_t,min max mean symmetry,4096,0.001,7,309363908,False
naive,Add,int64_t,min max mean symmetry,4096,0.001,7,304933407,False
vectorized,Add,int64_t,min max mean symmetry,4096,0.001,8,301520406,False
naive,Add,int64_t,min max mean symmetry,4096,0.001,8,304887963,False
vectorized,Add,int64_t,min max mean symmetry,4096,0.001,9,305789514,False
naive,Add,int64_t,min max mean symmetry,4096,0.001,9,305721176,False
vectorized,Add,int64_t,min max mean symmetry,4096,0.01,0,304217277,False
naive,Add,int64_t,min max mean symmetry,4096,0.01,0,307243799,False
vectorized,Add,int64_t,min max mean symmetry,4096,0.01,1,310341525,False
naive,Add,int64_t,min max mean symmetry,4096,0.01,1,303926309,False
vectorized,Add,int64_t,min max mean symmetry,4096,0.01,2,300926564,False
naive,Add,int64_t,min max mean symmetry,4096,0.01,2,305023394,False
vectorized,Add,int64_t,min max mean symmetry,4096,0.01,3,292099418,False
naive,Add,int64_t,min max mean symmetry,4096,0.01,3,307442432,False
vectorized,Add,int64_t,min max mean symmetry,4096,0.01,4,294407197,False
naive,Add,int64_t,min max mean symmetry,4096,0.01,4,307156160,False
vectorized,Add,int64_t,min max mean symmetry,4096,0.01,5,307877953,False
naive,Add,int64_t,min max mean symmetry,4096,0.01,5,306592745,False
vectorized,Add,int64_t,min max mean symmetry,4096,0.01,6,299606872,False
naive,Add,int64_t,min max mean symmetry,4096,0.01,6,308596272,False
vectorized,Add,int64_t,min max mean symmetry,4096,0.01,7,309976354,False
naive,Add,int64_t,min max mean symmetry,4096,0.01,7,323796792,False
vectorized,Add,int64_t,min max mean symmetry,4096,0.01,8,329581336,False
naive,Add,int64_t,min max mean symmetry,4096,0.01,8,307799088,False
vectorized,Add,int64_t,min max mean symmetry,4096,0.01,9,299372608,False
naive,Add,int64_t,min max mean symmetry,4096,0.01,9,322254657,False
vectorized,Add,int64_t,min max mean symmetry,4096,0.05,0,299078472,False
naive,Add,int64_t,min max mean symmetry,4096,0.05,0,304397735,False
vectorized,Add,int64_t,min max mean symmetry,4096,0.05,1,305225718,False
naive,Add,int64_t,min max mean symmetry,4096,0.05,1,304634635,False
vectorized,Add,int64_t,min max mean symmetry,4096,0.05,2,313954177,False
naive,Add,int64_t,min max mean symmetry,4096,0.05,2,321698051,False
vectorized,Add,int64_t,min max mean symmetry,4096,0.05,3,303231575,False
naive,Add,int64_t,min max mean symmetry,4096,0.05,3,308079852,False
vectorized,Add,int64_t,min max mean symmetry,4096,0.05,4,295757809,False
naive,Add,int64_t,min max mean symmetry,4096,0.05,4,305932619,False
vectorized,Add,int64_t,min max mean symmetry,4096,0.05,5,291559255,False
naive,Add,int64_t,min max mean symmetry,4096,0.05,5,303398849,False
vectorized,Add,int64_t,min max mean symmetry,4096,0.05,6,300642970,False
naive,Add,int64_t,min max mean symmetry,4096,0.05,6,304946106,False
vectorized,Add,int64_t,min max mean symmetry,4096,0.05,7,309357756,False
naive,Add,int64_t,min max mean symmetry,4096,0.05,7,311199801,False
vectorized,Add,int64_t,min max mean symmetry,4096,0.05,8,301654943,False
naive,Add,int64_t,min max mean symmetry,4096,0.05,8,305643589,False
vectorized,Add,int64_t,min max mean symmetry,4096,0.05,9,305795709,False
naive,Add,int64_t,min max mean symmetry,4096,0.05,9,322591302,False
vectorized,Add,int64_t,min max mean symmetry,4096,0.1,0,298363076,False
naive,Add,int64_t,min max mean symmetry,4096,0.1,0,304645712,False
vectorized,Add,int64_t,min max mean symmetry,4096,0.1,1,293803093,False
naive,Add,int64_t,min max mean symmetry,4096,0.1,1,305031148,False
vectorized,Add,int64_t,min max mean symmetry,4096,0.1,2,291590946,False
naive,Add,int64_t,min max mean symmetry,4096,0.1,2,305656370,False
vectorized,Add,int64_t,min max mean symmetry,4096,0.1,3,309503452,False
naive,Add,int64_t,min max mean symmetry,4096,0.1,3,305800679,False
vectorized,Add,int64_t,min max mean symmetry,4096,0.1,4,300860702,False
naive,Add,int64_t,min max mean symmetry,4096,0.1,4,304353885,False
vectorized,Add,int64_t,min max mean symmetry,4096,0.1,5,322836278,False
naive,Add,int64_t,min max mean symmetry,4096,0.1,5,304218801,False
vectorized,Add,int64_t,min max mean symmetry,4096,0.1,6,300837852,False
naive,Add,int64_t,min max mean symmetry,4096,0.1,6,303153650,False
vectorized,Add,int64_t,min max mean symmetry,4096,0.1,7,295400312,False
naive,Add,int64_t,min max mean symmetry,4096,0.1,7,304398729,False
vectorized,Add,int64_t,min max mean symmetry,4096,0.1,8,309765386,False
naive,Add,int64_t,min max mean symmetry,4096,0.1,8,302250433,False
vectorized,Add,int64_t,min max mean symmetry,4096,0.1,9,296194426,False
naive,Add,int64_t,min max mean symmetry,4096,0.1,9,305080894,False
vectorized,Add,int64_t,min max mean symmetry,4096,0.2,0,306352455,False
naive,Add,int64_t,min max mean symmetry,4096,0.2,0,304237671,False
vectorized,Add,int64_t,min max mean symmetry,4096,0.2,1,300811953,False
naive,Add,int64_t,min max mean symmetry,4096,0.2,1,317519151,False
vectorized,Add,int64_t,min max mean symmetry,4096,0.2,2,316860980,False
naive,Add,int64_t,min max mean symmetry,4096,0.2,2,305936282,False
vectorized,Add,int64_t,min max mean symmetry,4096,0.2,3,320300028,False
naive,Add,int64_t,min max mean symmetry,4096,0.2,3,305654840,False
vectorized,Add,int64_t,min max mean symmetry,4096,0.2,4,304089124,False
naive,Add,int64_t,min max mean symmetry,4096,0.2,4,301940062,False
vectorized,Add,int64_t,min max mean symmetry,4096,0.2,5,299552069,False
naive,Add,int64_t,min max mean symmetry,4096,0.2,5,303965123,False
vectorized,Add,int64_t,min max mean symmetry,4096,0.2,6,325073528,False
naive,Add,int64_t,min max mean symmetry,4096,0.2,6,305217557,False
vectorized,Add,int64_t,min max mean symmetry,4096,0.2,7,325383113,False
naive,Add,int64_t,min max mean symmetry,4096,0.2,7,303119192,False
vectorized,Add,int64_t,min max mean symmetry,4096,0.2,8,323668033,False
naive,Add,int64_t,min max mean symmetry,4096,0.2,8,305265855,False
vectorized,Add,int64_t,min max mean symmetry,4096,0.2,9,298699501,False
naive,Add,int64_t,min max mean symmetry,4096,0.2,9,302876415,False
vectorized,Add,int64_t,min max mean symmetry,4096,0.25,0,301534353,True
naive,Add,int64_t,min max mean symmetry,4096,0.25,0,324157214,True
vectorized,Add,int64_t,min max mean symmetry,4096,0.25,1,319991835,True
naive,Add,int64_t,min max mean symmetry,4096,0.25,1,306565263,True
vectorized,Add,int64_t,min max mean symmetry,4096,0.25,2,318883354,True
naive,Add,int64_t,min max mean symmetry,4096,0.25,2,304088607,True
vectorized,Add,int64_t,min max mean symmetry,4096,0.25,3,303299733,True
naive,Add,int64_t,min max mean symmetry,4096,0.25,3,306396361,True
vectorized,Add,int64_t,min max mean symmetry,4096,0.25,4,294294129,True
naive,Add,int64_t,min max mean symmetry,4096,0.25,4,304156294,True
vectorized,Add,int64_t,min max mean symmetry,4096,0.25,5,323912539,True
naive,Add,int64_t,min max mean symmetry,4096,0.25,5,305663376,True
vectorized,Add,int64_t,min max mean symmetry,4096,0.25,6,320232771,True
naive,Add,int64_t,min max mean symmetry,4096,0.25,6,306195458,True
vectorized,Add,int64_t,min max mean symmetry,4096,0.25,7,301284920,True
naive,Add,int64_t,min max mean symmetry,4096,0.25,7,305083985,True
vectorized,Add,int64_t,min max mean symmetry,4096,0.25,8,303499205,True
naive,Add,int64_t,min max mean symmetry,4096,0.25,8,323064415,True
vectorized,Add,int64_t,min max mean symmetry,4096,0.25,9,320251008,True
naive,Add,int64_t,min max mean symmetry,4096,0.25,9,301853096,True
vectorized,Add,int64_t,min max mean symmetry,4096,1.0,0,293713398,True
naive,Add,int64_t,min max mean symmetry,4096,1.0,0,304412447,True
vectorized,Add,int64_t,min max mean symmetry,4096,1.0,1,318124675,True
naive,Add,int64_t,min max mean symmetry,4096,1.0,1,304891072,True
vectorized,Add,int64_t,min max mean symmetry,4096,1.0,2,307956419,True
naive,Add,int64_t,min max mean symmetry,4096,1.0,2,325256879,True
vectorized,Add,int64_t,min max mean symmetry,4096,1.0,3,322907320,True
naive,Add,int64_t,min max mean symmetry,4096,1.0,3,305914212,True
vectorized,Add,int64_t,min max mean symmetry,4096,1.0,4,301949998,True
naive,Add,int64_t,min max mean symmetry,4096,1.0,4,304135057,True
vectorized,Add,int64_t,min max mean symmetry,4096,1.0,5,293009868,True
naive,Add,int64_t,min max mean symmetry,4096,1.0,5,305836297,True
vectorized,Add,int64_t,min max mean symmetry,4096,1.0,6,320040851,True
naive,Add,int64_t,min max mean symmetry,4096,1.0,6,304621949,True
vectorized,Add,int64_t,min max mean symmetry,4096,1.0,7,290944722,True
naive,Add,int64_t,min max mean symmetry,4096,1.0,7,304471290,True
vectorized,Add,int64_t,min max mean symmetry,4096,1.0,8,310712967,True
naive,Add,int64_t,min max mean symmetry,4096,1.0,8,313301694,True
vectorized,Add,int64_t,min max mean symmetry,4096,1.0,9,310845789,True
naive,Add,int64_t,min max mean symmetry,4096,1.0,9,304343768,True
vectorized,Add,int64_t,min max,1024,0.001,0,9477634,False
naive,Add,int64_t,min max,1024,0.001,0,5776844,False
vectorized,Add,int64_t,min max,1024,0.001,1,9258500,False
naive,Add,int64_t,min max,1024,0.001,1,5751374,False
vectorized,Add,int64_t,min max,1024,0.001,2,8562326,False
naive,Add,int64_t,min max,1024,0.001,2,5588535,False
vectorized,Add,int64_t,min max,1024,0.001,3,8998492,False
naive,Add,int64_t,min max,1024,0.001,3,5838665,False
vectorized,Add,int64_t,min max,1024,0.001,4,9505142,False
naive,Add,int64_t,min max,1024,0.001,4,5641985,False
vectorized,Add,int64_t,min max,1024,0.001,5,10002090,False
naive,Add,int64_t,min max,1024,0.001,5,5823510,False
vectorized,Add,int64_t,min max,1024,0.001,6,8698120,False
naive,Add,int64_t,min max,1024,0.001,6,5641638,False
vectorized,Add,int64_t,min max,1024,0.001,7,9566576,False
naive,Add,int64_t,min max,1024,0.001,7,5908097,False
vectorized,Add,int64_t,min max,1024,0.001,8,9839089,False
naive,Add,int64_t,min max,1024,0.001,8,5682418,False
vectorized,Add,int64_t,min max,1024,0.001,9,9641388,False
naive,Add,int64_t,min max,1024,0.001,9,5903684,False
vectorized,Add,int64_t,min max,1024,0.01,0,9046408,False
naive,Add,int64_t,min max,1024,0.01,0,5484799,False
vectorized,Add,int64_t,min max,1024,0.01,1,8905335,False
naive,Add,int64_t,min max,1024,0.01,1,5568833,False
vectorized,Add,int64_t,min max,1024,0.01,2,8919561,False
naive,Add,int64_t,min max,1024,0.01,2,5644335,False
vectorized,Add,int64_t,min max,1024,0.01,3,9214315,False
naive,Add,int64_t,min max,1024,0.01,3,5384448,False
vectorized,Add,int64_t,min max,1024,0.01,4,8665588,False
naive,Add,int64_t,min max,1024,0.01,4,5581798,False
vectorized,Add,int64_t,min max,1024,0.01,5,8879660,False
naive,Add,int64_t,min max,1024,0.01,5,6438533,False
vectorized,Add,int64_t,min max,1024,0.01,6,8668373,False
naive,Add,int64_t,min max,1024,0.01,6,5500352,False
vectorized,Add,int64_t,min max,1024,0.01,7,9138847,False
naive,Add,int64_t,min max,1024,0.01,7,5639426,False
vectorized,Add,int64_t,min max,1024,0.01,8,9139578,False
naive,Add,int64_t,min max,1024,0.01,8,5501160,False
vectorized,Add,int64_t,min max,1024,0.01,9,9102111,False
naive,Add,int64_t,min max,1024,0.01,9,5664315,False
vectorized,Add,int64_t,min max,1024,0.05,0,8369362,False
naive,Add,int64_t,min max,1024,0.05,0,5072226,False
vectorized,Add,int64_t,min max,1024,0.05,1,8625821,False
naive,Add,int64_t,min max,1024,0.05,1,5035215,False
vectorized,Add,int64_t,min max,1024,0.05,2,8777322,False
naive,Add,int64_t,min max,1024,0.05,2,5418490,False
vectorized,Add,int64_t,min max,1024,0.05,3,8348225,False
naive,Add,int64_t,min max,1024,0.05,3,5131711,False
vectorized,Add,int64_t,min max,1024,0.05,4,8822263,False
naive,Add,int64_t,min max,1024,0.05,4,5065758,False
vectorized,Add,int64_t,min max,1024,0.05,5,8495718,False
naive,Add,int64_t,min max,1024,0.05,5,4963374,False
vectorized,Add,int64_t,min max,1024,0.05,6,9108427,False
naive,Add,int64_t,min max,1024,0.05,6,4905219,False
vectorized,Add,int64_t,min max,1024,0.05,7,8544754,False
naive,Add,int64_t,min max,1024,0.05,7,5071460,False
vectorized,Add,int64_t,min max,1024,0.05,8,8712064,False
naive,Add,int64_t,min max,1024,0.05,8,5207155,False
vectorized,Add,int64_t,min max,1024,0.05,9,8224267,False
naive,Add,int64_t,min max,1024,0.05,9,5246622,False
vectorized,Add,int64_t,min max,1024,0.1,0,9082731,False
naive,Add,int64_t,min max,1024,0.1,0,4795152,False
vectorized,Add,int64_t,min max,1024,0.1,1,8855161,False
naive,Add,int64_t,min max,1024,0.1,1,4682049,False
vectorized,Add,int64_t,min max,1024,0.1,2,8393425,False
naive,Add,int64_t,min max,1024,0.1,2,5074112,False
vectorized,Add,int64_t,min max,1024,0.1,3,8521205,False
naive,Add,int64_t,min max,1024,0.1,3,5316043,False
vectorized,Add,int64_t,min max,1024,0.1,4,8889654,False
naive,Add,int64_t,min max,1024,0.1,4,4654571,False
vectorized,Add,int64_t,min max,1024,0.1,5,8327987,False
naive,Add,int64_t,min max,1024,0.1,5,4778897,False
vectorized,Add,int64_t,min max,1024,0.1,6,8308374,False
naive,Add,int64_t,min max,1024,0.1,6,4666043,False
vectorized,Add,int64_t,min max,1024,0.1,7,8350542,False
naive,Add,int64_t,min max,1024,0.1,7,4715646,False
vectorized,Add,int64_t,min max,1024,0.1,8,8103787,False
naive,Add,int64_t,min max,1024,0.1,8,4688205,False
vectorized,Add,int64_t,min max,1024,0.1,9,8942336,False
naive,Add,int64_t,min max,1024,0.1,9,4894955,False
vectorized,Add,int64_t,min max,1024,0.2,0,8163264,False
naive,Add,int64_t,min max,1024,0.2,0,4627998,False
vectorized,Add,int64_t,min max,1024,0.2,1,8377313,False
naive,Add,int64_t,min max,1024,0.2,1,4647725,False
vectorized,Add,int64_t,min max,1024,0.2,2,9194211,False
naive,Add,int64_t,min max,1024,0.2,2,4764183,False
vectorized,Add,int64_t,min max,1024,0.2,3,8301379,False
naive,Add,int64_t,min max,1024,0.2,3,4627304,False
vectorized,Add,int64_t,min max,1024,0.2,4,8197955,False
naive,Add,int64_t,min max,1024,0.2,4,4626970,False
vectorized,Add,int64_t,min max,1024,0.2,5,8146162,False
naive,Add,int64_t,min max,1024,0.2,5,4637963,False
vectorized,Add,int64_t,min max,1024,0.2,6,10682751,False
naive,Add,int64_t,min max,1024,0.2,6,4594402,False
vectorized,Add,int64_t,min max,1024,0.2,7,7983029,False
naive,Add,int64_t,min max,1024,0.2,7,4843592,False
vectorized,Add,int64_t,min max,1024,0.2,8,8188184,False
naive,Add,int64_t,min max,1024,0.2,8,4619526,False
vectorized,Add,int64_t,min max,1024,0.2,9,8797702,False
naive,Add,int64_t,min max,1024,0.2,9,4774363,False
vectorized,Add,int64_t,min max,1024,0.25,0,8964370,True
naive,Add,int64_t,min max,1024,0.25,0,4606719,True
vectorized,Add,int64_t,min max,1024,0.25,1,8221608,True
naive,Add,int64_t,min max,1024,0.25,1,4954496,True
vectorized,Add,int64_t,min max,1024,0.25,2,8786145,True
naive,Add,int64_t,min max,1024,0.25,2,5148967,True
vectorized,Add,int64_t,min max,1024,0.25,3,9132418,True
naive,Add,int64_t,min max,1024,0.25,3,4864647,True
vectorized,Add,int64_t,min max,1024,0.25,4,8540230,True
naive,Add,int64_t,min max,1024,0.25,4,4595013,True
vectorized,Add,int64_t,min max,1024,0.25,5,8294252,True
naive,Add,int64_t,min max,1024,0.25,5,4625335,True
vectorized,Add,int64_t,min max,1024,0.25,6,8205033,True
naive,Add,int64_t,min max,1024,0.25,6,5141453,True
vectorized,Add,int64_t,min max,1024,0.25,7,8468681,True
naive,Add,int64_t,min max,1024,0.25,7,4790257,True
vectorized,Add,int64_t,min max,1024,0.25,8,8582159,True
naive,Add,int64_t,min max,1024,0.25,8,4978934,True
vectorized,Add,int64_t,min max,1024,0.25,9,8156664,True
naive,Add,int64_t,min max,1024,0.25,9,4580750,True
vectorized,Add,int64_t,min max,1024,1.0,0,7585070,True
naive,Add,int64_t,min max,1024,1.0,0,6033439,True
vectorized,Add,int64_t,min max,1024,1.0,1,7425752,True
naive,Add,int64_t,min max,1024,1.0,1,6134550,True
vectorized,Add,int64_t,min max,1024,1.0,2,7699185,True
naive,Add,int64_t,min max,1024,1.0,2,6135995,True
vectorized,Add,int64_t,min max,1024,1.0,3,7597338,True
naive,Add,int64_t,min max,1024,1.0,3,6049567,True
vectorized,Add,int64_t,min max,1024,1.0,4,7583455,True
naive,Add,int64_t,min max,1024,1.0,4,6017024,True
vectorized,Add,int64_t,min max,1024,1.0,5,7686518,True
naive,Add,int64_t,min max,1024,1.0,5,6039466,True
vectorized,Add,int64_t,min max,1024,1.0,6,7395540,True
naive,Add,int64_t,min max,1024,1.0,6,6106755,True
vectorized,Add,int64_t,min max,1024,1.0,7,7727333,True
naive,Add,int64_t,min max,1024,1.0,7,6149248,True
vectorized,Add,int64_t,min max,1024,1.0,8,7695566,True
naive,Add,int64_t,min max,1024,1.0,8,6306720,True
vectorized,Add,int64_t,min max,1024,1.0,9,7682445,True
naive,Add,int64_t,min max,1024,1.0,9,6159926,True
vectorized,Add,int64_t,min max,2048,0.001,0,18117353,False
naive,Add,int64_t,min max,2048,0.001,0,19680962,False
vectorized,Add,int64_t,min max,2048,0.001,1,17102116,False
naive,Add,int64_t,min max,2048,0.001,1,19842172,False
vectorized,Add,int64_t,min max,2048,0.001,2,17686524,False
naive,Add,int64_t,min max,2048,0.001,2,19725949,False
vectorized,Add,int64_t,min max,2048,0.001,3,20799269,False
naive,Add,int64_t,min max,2048,0.001,3,19752978,False
vectorized,Add,int64_t,min max,2048,0.001,4,17479683,False
naive,Add,int64_t,min max,2048,0.001,4,19683899,False
vectorized,Add,int64_t,min max,2048,0.001,5,17748845,False
naive,Add,int64_t,min max,2048,0.001,5,19758572,False
vectorized,Add,int64_t,min max,2048,0.001,6,21892868,False
naive,Add,int64_t,min max,2048,0.001,6,20699331,False
vectorized,Add,int64_t,min max,2048,0.001,7,18060309,False
naive,Add,int64_t,min max,2048,0.001,7,19273096,False
vectorized,Add,int64_t,min max,2048,0.001,8,20882278,False
naive,Add,int64_t,min max,2048,0.001,8,19908304,False
vectorized,Add,int64_t,min max,2048,0.001,9,17896625,False
naive,Add,int64_t,min max,2048,0.001,9,19760341,False
vectorized,Add,int64_t,min max,2048,0.01,0,21392840,False
naive,Add,int64_t,min max,2048,0.01,0,19303426,False
vectorized,Add,int64_t,min max,2048,0.01,1,17642492,False
naive,Add,int64_t,min max,2048,0.01,1,19770968,False
vectorized,Add,int64_t,min max,2048,0.01,2,20935444,False
naive,Add,int64_t,min max,2048,0.01,2,19812672,False
vectorized,Add,int64_t,min max,2048,0.01,3,17960364,False
naive,Add,int64_t,min max,2048,0.01,3,21683257,False
vectorized,Add,int64_t,min max,2048,0.01,4,20739044,False
naive,Add,int64_t,min max,2048,0.01,4,19920463,False
vectorized,Add,int64_t,min max,2048,0.01,5,21346853,False
naive,Add,int64_t,min max,2048,0.01,5,19784595,False
vectorized,Add,int64_t,min max,2048,0.01,6,19417700,False
naive,Add,int64_t,min max,2048,0.01,6,19716891,False
vectorized,Add,int64_t,min max,2048,0.01,7,20451714,False
naive,Add,int64_t,min max,2048,0.01,7,18789776,False
vectorized,Add,int64_t,min max,2048,0.01,8,18253706,False
naive,Add,int64_t,min max,2048,0.01,8,19723250,False
vectorized,Add,int64_t,min max,2048,0.01,9,19880475,False
naive,Add,int64_t,min max,2048,0.01,9,18774890,False
vectorized,Add,int64_t,min max,2048,0.05,0,19777890,False
naive,Add,int64_t,min max,2048,0.05,0,19870947,False
vectorized,Add,int64_t,min max,2048,0.05,1,21321595,False
naive,Add,int64_t,min max,2048,0.05,1,20026881,False
vectorized,Add,int64_t,min max,2048,0.05,2,18478763,False
naive,Add,int64_t,min max,2048,0.05,2,19845721,False
vectorized,Add,int64_t,min max,2048,0.05,3,17740357,False
naive,Add,int64_t,min max,2048,0.05,3,18931819,False
vectorized,Add,int64_t,min max,2048,0.05,4,19629619,False
naive,Add,int64_t,min max,2048,0.05,4,20122653,False
vectorized,Add,int64_t,min max,2048,0.05,5,21337980,False
naive,Add,int64_t,min max,2048,0.05,5,19924811,False
vectorized,Add,int64_t,min max,2048,0.05,6,18635023,False
naive,Add,int64_t,min max,2048,0.05,6,19973732,False
vectorized,Add,int64_t,min max,2048,0.05,7,20437755,False
naive,Add,int64_t,min max,2048,0.05,7,18858578,False
vectorized,Add,int64_t,min max,2048,0.05,8,22060625,False
naive,Add,int64_t,min max,2048,0.05,8,19889690,False
vectorized,Add,int64_t,min max,2048,0.05,9,20818758,False
naive,Add,int64_t,min max,2048,0.05,9,19699159,False
vectorized,Add,int64_t,min max,2048,0.1,0,21770975,False
naive,Add,int64_t,min max,2048,0.1,0,19852083,False
vectorized,Add,int64_t,min max,2048,0.1,1,21679018,False
naive,Add,int64_t,min max,2048,0.1,1,19871491,False
vectorized,Add,int64_t,min max,2048,0.1,2,21515169,False
naive,Add,int64_t,min max,2048,0.1,2,18845638,False
vectorized,Add,int64_t,min max,2048,0.1,3,17977344,False
naive,Add,int64_t,min max,2048,0.1,3,19001955,False
vectorized,Add,int64_t,min max,2048,0.1,4,17668461,False
naive,Add,int64_t,min max,2048,0.1,4,19926171,False
vectorized,Add,int64_t,min max,2048,0.1,5,20890212,False
naive,Add,int64_t,min max,2048,0.1,5,19921410,False
vectorized,Add,int64_t,min max,2048,0.1,6,20311496,False
naive,Add,int64_t,min max,2048,0.1,6,20314472,False
vectorized,Add,int64_t,min max,2048,0.1,7,20375154,False
naive,Add,int64_t,min max,2048,0.1,7,19945153,False
vectorized,Add,int64_t,min max,2048,0.1,8,18820813,False
naive,Add,int64_t,min max,2048,0.1,8,19323822,False
vectorized,Add,int64_t,min max,2048,0.1,9,22375236,False
naive,Add,int64_t,min max,2048,0.1,9,19891935,False
vectorized,Add,int64_t,min max,2048,0.2,0,21038102,False
naive,Add,int64_t,min max,2048,0.2,0,19911818,False
vectorized,Add,int64_t,min max,2048,0.2,1,21157605,False
naive,Add,int64_t,min max,2048,0.2,1,19899615,False
vectorized,Add,int64_t,min max,2048,0.2,2,18375191,False
naive,Add,int64_t,min max,2048,0.2,2,19926147,False
vectorized,Add,int64_t,min max,2048,0.2,3,20485314,False
naive,Add,int64_t,min max,2048,0.2,3,18894519,False
vectorized,Add,int64_t,min max,2048,0.2,4,19251376,False
naive,Add,int64_t,min max,2048,0.2,4,18913818,False
vectorized,Add,int64_t,min max,2048,0.2,5,20828517,False
naive,Add,int64_t,min max,2048,0.2,5,19966318,False
vectorized,Add,int64_t,min max,2048,0.2,6,18160032,False
naive,Add,int64_t,min max,2048,0.2,6,19849241,False
vectorized,Add,int64_t,min max,2048,0.2,7,20404351,False
naive,Add,int64_t,min max,2048,0.2,7,19902969,False
vectorized,Add,int64_t,min max,2048,0.2,8,18011917,False
naive,Add,int64_t,min max,2048,0.2,8,19894344,False
vectorized,Add,int64_t,min max,2048,0.2,9,21114316,False
naive,Add,int64_t,min max,2048,0.2,9,18910720,False
vectorized,Add,int64_t,min max,2048,0.25,0,20756806,True
naive,Add,int64_t,min max,2048,0.25,0,19883919,True
vectorized,Add,int64_t,min max,2048,0.25,1,19382666,True
naive,Add,int64_t,min max,2048,0.25,1,19985104,True
vectorized,Add,int64_t,min max,2048,0.25,2,20168581,True
naive,Add,int64_t,min max,2048,0.25,2,19983301,True
vectorized,Add,int64_t,min max,2048,0.25,3,17803070,True
naive,Add,int64_t,min max,2048,0.25,3,19910788,True
vectorized,Add,int64_t,min max,2048,0.25,4,21372308,True
naive,Add,int64_t,min max,2048,0.25,4,18928734,True
vectorized,Add,int64_t,min max,2048,0.25,5,17957766,True
naive,Add,int64_t,min max,2048,0.25,5,19916586,True
vectorized,Add,int64_t,min max,2048,0.25,6,18158992,True
naive,Add,int64_t,min max,2048,0.25,6,18825389,True
vectorized,Add,int64_t,min max,2048,0.25,7,17546421,True
naive,Add,int64_t,min max,2048,0.25,7,18888743,True
vectorized,Add,int64_t,min max,2048,0.25,8,17446227,True
naive,Add,int64_t,min max,2048,0.25,8,19107696,True
vectorized,Add,int64_t,min max,2048,0.25,9,21542953,True
naive,Add,int64_t,min max,2048,0.25,9,18861468,True
vectorized,Add,int64_t,min max,2048,1.0,0,21081099,True
naive,Add,int64_t,min max,2048,1.0,0,19825621,True
vectorized,Add,int64_t,min max,2048,1.0,1,17172110,True
naive,Add,int64_t,min max,2048,1.0,1,18816346,True
vectorized,Add,int64_t,min max,2048,1.0,2,21463009,True
naive,Add,int64_t,min max,2048,1.0,2,19856132,True
vectorized,Add,int64_t,min max,2048,1.0,3,20622834,True
naive,Add,int64_t,min max,2048,1.0,3,19867857,True
vectorized,Add,int64_t,min max,2048,1.0,4,20651862,True
naive,Add,int64_t,min max,2048,1.0,4,19008152,True
vectorized,Add,int64_t,min max,2048,1.0,5,17798089,True
naive,Add,int64_t,min max,2048,1.0,5,19851844,True
vectorized,Add,int64_t,min max,2048,1.0,6,21043423,True
naive,Add,int64_t,min max,2048,1.0,6,19997193,True
vectorized,Add,int64_t,min max,2048,1.0,7,21571869,True
naive,Add,int64_t,min max,2048,1.0,7,18923586,True
vectorized,Add,int64_t,min max,2048,1.0,8,16042636,True
naive,Add,int64_t,min max,2048,1.0,8,20071542,True
vectorized,Add,int64_t,min max,2048,1.0,9,21000582,True
naive,Add,int64_t,min max,2048,1.0,9,19797870,True
vectorized,Add,int64_t,min max,4096,0.001,0,50788821,False
naive,Add,int64_t,min max,4096,0.001,0,88188652,False
vectorized,Add,int64_t,min max,4096,0.001,1,66628623,False
naive,Add,int64_t,min max,4096,0.001,1,79651701,False
vectorized,Add,int64_t,min max,4096,0.001,2,47870344,False
naive,Add,int64_t,min max,4096,0.001,2,76434790,False
vectorized,Add,int64_t,min max,4096,0.001,3,54015204,False
naive,Add,int64_t,min max,4096,0.001,3,79695302,False
vectorized,Add,int64_t,min max,4096,0.001,4,46700132,False
naive,Add,int64_t,min max,4096,0.001,4,79827020,False
vectorized,Add,int64_t,min max,4096,0.001,5,55620312,False
naive,Add,int64_t,min max,4096,0.001,5,79469116,False
vectorized,Add,int64_t,min max,4096,0.001,6,60136160,False
naive,Add,int64_t,min max,4096,0.001,6,78458712,False
vectorized,Add,int64_t,min max,4096,0.001,7,66008238,False
naive,Add,int64_t,min max,4096,0.001,7,78800974,False
vectorized,Add,int64_t,min max,4096,0.001,8,51175134,False
naive,Add,int64_t,min max,4096,0.001,8,79635225,False
vectorized,Add,int64_t,min max,4096,0.001,9,54951915,False
naive,Add,int64_t,min max,4096,0.001,9,79401564,False
vectorized,Add,int64_t,min max,4096,0.01,0,54818243,False
naive,Add,int64_t,min max,4096,0.01,0,79520036,False
vectorized,Add,int64_t,min max,4096,0.01,1,53978104,False
naive,Add,int64_t,min max,4096,0.01,1,79379956,False
vectorized,Add,int64_t,min max,4096,0.01,2,54005431,False
naive,Add,int64_t,min max,4096,0.01,2,79713951,False
vectorized,Add,int64_t,min max,4096,0.01,3,54684557,False
naive,Add,int64_t,min max,4096,0.01,3,79735379,False
vectorized,Add,int64_t,min max,4096,0.01,4,55389864,False
naive,Add,int64_t,min max,4096,0.01,4,79755287,False
vectorized,Add,int64_t,min max,4096,0.01,5,60224332,False
naive,Add,int64_t,min max,4096,0.01,5,80009302,False
vectorized,Add,int64_t,min max,4096,0.01,6,56306102,False
naive,Add,int64_t,min max,4096,0.01,6,79664365,False
vectorized,Add,int64_t,min max,4096,0.01,7,46960688,False
naive,Add,int64_t,min max,4096,0.01,7,80568318,False
vectorized,Add,int64_t,min max,4096,0.01,8,56273593,False
naive,Add,int64_t,min max,4096,0.01,8,77174275,False
vectorized,Add,int64_t,min max,4096,0.01,9,54251547,False
naive,Add,int64_t,min max,4096,0.01,9,79570840,False
vectorized,Add,int64_t,min max,4096,0.05,0,57030424,False
naive,Add,int64_t,min max,4096,0.05,0,78672094,False
vectorized,Add,int64_t,min max,4096,0.05,1,50480736,False
naive,Add,int64_t,min max,4096,0.05,1,80484941,False
vectorized,Add,int64_t,min max,4096,0.05,2,47715325,False
naive,Add,int64_t,min max,4096,0.05,2,79683516,False
vectorized,Add,int64_t,min max,4096,0.05,3,67112947,False
naive,Add,int64_t,min max,4096,0.05,3,84317221,False
vectorized,Add,int64_t,min max,4096,0.05,4,49246548,False
naive,Add,int64_t,min max,4096,0.05,4,79437410,False
vectorized,Add,int64_t,min max,4096,0.05,5,54007838,False
naive,Add,int64_t,min max,4096,0.05,5,80097865,False
vectorized,Add,int64_t,min max,4096,0.05,6,52620659,False
naive,Add,int64_t,min max,4096,0.05,6,76107578,False
vectorized,Add,int64_t,min max,4096,0.05,7,52296970,False
naive,Add,int64_t,min max,4096,0.05,7,79765031,False
vectorized,Add,int64_t,min max,4096,0.05,8,61687936,False
naive,Add,int64_t,min max,4096,0.05,8,79688259,False
vectorized,Add,int64_t,min max,4096,0.05,9,59268876,False
naive,Add,int64_t,min max,4096,0.05,9,80498456,False
vectorized,Add,int64_t,min max,4096,0.1,0,54446672,False
naive,Add,int64_t,min max,4096,0.1,0,79993269,False
vectorized,Add,int64_t,min max,4096,0.1,1,54667422,False
naive,Add,int64_t,min max,4096,0.1,1,78634493,False
vectorized,Add,int64_t,min max,4096,0.1,2,61111053,False
naive,Add,int64_t,min max,4096,0.1,2,88149801,False
vectorized,Add,int64_t,min max,4096,0.1,3,54074766,False
naive,Add,int64_t,min max,4096,0.1,3,79596341,False
vectorized,Add,int64_t,min max,4096,0.1,4,54538915,False
naive,Add,int64_t,min max,4096,0.1,4,79419515,False
vectorized,Add,int64_t,min max,4096,0.1,5,53430949,False
naive,Add,int64_t,min max,4096,0.1,5,79443690,False
vectorized,Add,int64_t,min max,4096,0.1,6,54919436,False
naive,Add,int64_t,min max,4096,0.1,6,79816164,False
vectorized,Add,int64_t,min max,4096,0.1,7,60076277,False
naive,Add,int64_t,min max,4096,0.1,7,79411306,False
vectorized,Add,int64_t,min max,4096,0.1,8,59891646,False
naive,Add,int64_t,min max,4096,0.1,8,79812219,False
vectorized,Add,int64_t,min max,4096,0.1,9,54958841,False
naive,Add,int64_t,min max,4096,0.1,9,89666549,False
vectorized,Add,int64_t,min max,4096,0.2,0,65844266,False
naive,Add,int64_t,min max,4096,0.2,0,79652910,False
vectorized,Add,int64_t,min max,4096,0.2,1,54909054,False
naive,Add,int64_t,min max,4096,0.2,1,79773690,False
vectorized,Add,int64_t,min max,4096,0.2,2,56293807,False
naive,Add,int64_t,min max,4096,0.2,2,79607209,False
vectorized,Add,int64_t,min max,4096,0.2,3,54600922,False
naive,Add,int64_t,min max,4096,0.2,3,78402392,False
vectorized,Add,int64_t,min max,4096,0.2,4,54965806,False
naive,Add,int64_t,min max,4096,0.2,4,80163436,False
vectorized,Add,int64_t,min max,4096,0.2,5,48607621,False
naive,Add,int64_t,min max,4096,0.2,5,79948352,False
vectorized,Add,int64_t,min max,4096,0.2,6,50696136,False
naive,Add,int64_t,min max,4096,0.2,6,79574430,False
vectorized,Add,int64_t,min max,4096,0.2,7,53155584,False
naive,Add,int64_t,min max,4096,0.2,7,78494711,False
vectorized,Add,int64_t,min max,4096,0.2,8,54866453,False
naive,Add,int64_t,min max,4096,0.2,8,79286109,False
vectorized,Add,int64_t,min max,4096,0.2,9,54339813,False
naive,Add,int64_t,min max,4096,0.2,9,79855604,False
vectorized,Add,int64_t,min max,4096,0.25,0,56227779,True
naive,Add,int64_t,min max,4096,0.25,0,78233153,True
vectorized,Add,int64_t,min max,4096,0.25,1,49909497,True
naive,Add,int64_t,min max,4096,0.25,1,79904460,True
vectorized,Add,int64_t,min max,4096,0.25,2,50101747,True
naive,Add,int64_t,min max,4096,0.25,2,79755674,True
vectorized,Add,int64_t,min max,4096,0.25,3,47111526,True
naive,Add,int64_t,min max,4096,0.25,3,79143975,True
vectorized,Add,int64_t,min max,4096,0.25,4,56632365,True
naive,Add,int64_t,min max,4096,0.25,4,81175369,True
vectorized,Add,int64_t,min max,4096,0.25,5,53895322,True
naive,Add,int64_t,min max,4096,0.25,5,79772887,True
vectorized,Add,int64_t,min max,4096,0.25,6,47547858,True
naive,Add,int64_t,min max,4096,0.25,6,78701859,True
vectorized,Add,int64_t,min max,4096,0.25,7,55930790,True
naive,Add,int64_t,min max,4096,0.25,7,79423756,True
vectorized,Add,int64_t,min max,4096,0.25,8,65439597,True
naive,Add,int64_t,min max,4096,0.25,8,76898221,True
vectorized,Add,int64_t,min max,4096,0.25,9,55451902,True
naive,Add,int64_t,min max,4096,0.25,9,79516922,True
vectorized,Add,int64_t,min max,4096,1.0,0,66322594,True
naive,Add,int64_t,min max,4096,1.0,0,76061814,True
vectorized,Add,int64_t,min max,4096,1.0,1,50510551,True
naive,Add,int64_t,min max,4096,1.0,1,79777143,True
vectorized,Add,int64_t,min max,4096,1.0,2,47820407,True
naive,Add,int64_t,min max,4096,1.0,2,79969011,True
vectorized,Add,int64_t,min max,4096,1.0,3,52792816,True
naive,Add,int64_t,min max,4096,1.0,3,80419264,True
vectorized,Add,int64_t,min max,4096,1.0,4,54817930,True
naive,Add,int64_t,min max,4096,1.0,4,79547598,True
vectorized,Add,int64_t,min max,4096,1.0,5,54973713,True
naive,Add,int64_t,min max,4096,1.0,5,79357270,True
vectorized,Add,int64_t,min max,4096,1.0,6,50290982,True
naive,Add,int64_t,min max,4096,1.0,6,79769425,True
vectorized,Add,int64_t,min max,4096,1.0,7,54483996,True
naive,Add,int64_t,min max,4096,1.0,7,79500261,True
vectorized,Add,int64_t,min max,4096,1.0,8,54211663,True
naive,Add,int64_t,min max,4096,1.0,8,79417298,True
vectorized,Add,int64_t,min max,4096,1.0,9,55934549,True
naive,Add,int64_t,min max,4096,1.0,9,78392386,True
vectorized,Mul,int64_t,,1024,0.001,0,10446888,False
naive,Mul,int64_t,,1024,0.001,0,4857504,False
vectorized,Mul,int64_t,,1024,0.001,1,10812406,False
naive,Mul,int64_t,,1024,0.001,1,4580516,False
vectorized,Mul,int64_t,,1024,0.001,2,12231320,False
naive,Mul,int64_t,,1024,0.001,2,4177748,False
vectorized,Mul,int64_t,,1024,0.001,3,12083721,False
naive,Mul,int64_t,,1024,0.001,3,4271159,False
vectorized,Mul,int64_t,,1024,0.001,4,12434251,False
naive,Mul,int64_t,,1024,0.001,4,4866512,False
vectorized,Mul,int64_t,,1024,0.001,5,11724116,False
naive,Mul,int64_t,,1024,0.001,5,4821357,False
vectorized,Mul,int64_t,,1024,0.001,6,11712308,False
naive,Mul,int64_t,,1024,0.001,6,4379269,False
vectorized,Mul,int64_t,,1024,0.001,7,12136865,False
naive,Mul,int64_t,,1024,0.001,7,4747704,False
vectorized,Mul,int64_t,,1024,0.001,8,11893675,False
naive,Mul,int64_t,,1024,0.001,8,4223560,False
vectorized,Mul,int64_t,,1024,0.001,9,11444529,False
naive,Mul,int64_t,,1024,0.001,9,4529556,False
vectorized,Mul,int64_t,,1024,0.01,0,11854970,False
naive,Mul,int64_t,,1024,0.01,0,4632572,False
vectorized,Mul,int64_t,,1024,0.01,1,11929588,False
naive,Mul,int64_t,,1024,0.01,1,4720188,False
vectorized,Mul,int64_t,,1024,0.01,2,11213083,False
naive,Mul,int64_t,,1024,0.01,2,4555594,False
vectorized,Mul,int64_t,,1024,0.01,3,11138188,False
naive,Mul,int64_t,,1024,0.01,3,4467639,False
vectorized,Mul,int64_t,,1024,0.01,4,11291277,False
naive,Mul,int64_t,,1024,0.01,4,4490582,False
vectorized,Mul,int64_t,,1024,0.01,5,12015400,False
naive,Mul,int64_t,,1024,0.01,5,4588010,False
vectorized,Mul,int64_t,,1024,0.01,6,11460217,False
naive,Mul,int64_t,,1024,0.01,6,4511079,False
vectorized,Mul,int64_t,,1024,0.01,7,12205656,False
naive,Mul,int64_t,,1024,0.01,7,4699235,False
vectorized,Mul,int64_t,,1024,0.01,8,10481853,False
naive,Mul,int64_t,,1024,0.01,8,4719083,False
vectorized,Mul,int64_t,,1024,0.01,9,11511644,False
naive,Mul,int64_t,,1024,0.01,9,4601222,False
vectorized,Mul,int64_t,,1024,0.05,0,12266081,False
naive,Mul,int64_t,,1024,0.05,0,3540207,False
vectorized,Mul,int64_t,,1024,0.05,1,11061189,False
naive,Mul,int64_t,,1024,0.05,1,3667652,False
vectorized,Mul,int64_t,,1024,0.05,2,10868994,False
naive,Mul,int64_t,,1024,0.05,2,4282151,False
vectorized,Mul,int64_t,,1024,0.05,3,11509259,False
naive,Mul,int64_t,,1024,0.05,3,4095623,False
vectorized,Mul,int64_t,,1024,0.05,4,11415470,False
naive,Mul,int64_t,,1024,0.05,4,4034349,False
vectorized,Mul,int64_t,,1024,0.05,5,11999429,False
naive,Mul,int64_t,,1024,0.05,5,3598135,False
vectorized,Mul,int64_t,,1024,0.05,6,11061981,False
naive,Mul,int64_t,,1024,0.05,6,4093151,False
vectorized,Mul,int64_t,,1024,0.05,7,11696658,False
naive,Mul,int64_t,,1024,0.05,7,4089702,False
vectorized,Mul,int64_t,,1024,0.05,8,11145023,False
naive,Mul,int64_t,,1024,0.05,8,4305004,False
vectorized,Mul,int64_t,,1024,0.05,9,11701311,False
naive,Mul,int64_t,,1024,0.05,9,4190202,False
vectorized,Mul,int64_t,,1024,0.1,0,11125638,False
naive,Mul,int64_t,,1024,0.1,0,3652916,False
vectorized,Mul,int64_t,,1024,0.1,1,10731550,False
naive,Mul,int64_t,,1024,0.1,1,3827471,False
vectorized,Mul,int64_t,,1024,0.1,2,11462042,False
naive,Mul,int64_t,,1024,0.1,2,3742572,False
vectorized,Mul,int64_t,,1024,0.1,3,11780371,False
naive,Mul,int64_t,,1024,0.1,3,3514548,False
vectorized,Mul,int64_t,,1024,0.1,4,11316191,False
naive,Mul,int64_t,,1024,0.1,4,3755806,False
vectorized,Mul,int64_t,,1024,0.1,5,11521674,False
naive,Mul,int64_t,,1024,0.1,5,3593983,False
vectorized,Mul,int64_t,,1024,0.1,6,11880631,False
naive,Mul,int64_t,,1024,0.1,6,3540593,False
vectorized,Mul,int64_t,,1024,0.1,7,12088284,False
naive,Mul,int64_t,,1024,0.1,7,3573514,False
vectorized,Mul,int64_t,,1024,0.1,8,11210867,False
naive,Mul,int64_t,,1024,0.1,8,3887415,False
vectorized,Mul,int64_t,,1024,0.1,9,12076685,False
naive,Mul,int64_t,,1024,0.1,9,3554427,False
vectorized,Mul,int64_t,,1024,0.2,0,10603853,False
naive,Mul,int64_t,,1024,0.2,0,3530121,False
vectorized,Mul,int64_t,,1024,0.2,1,11180490,False
naive,Mul,int64_t,,1024,0.2,1,3747480,False
vectorized,Mul,int64_t,,1024,0.2,2,12087375,False
naive,Mul,int64_t,,1024,0.2,2,3575642,False
vectorized,Mul,int64_t,,1024,0.2,3,11667932,False
naive,Mul,int64_t,,1024,0.2,3,3731397,False
vectorized,Mul,int64_t,,1024,0.2,4,11572667,False
naive,Mul,int64_t,,1024,0.2,4,3760600,False
vectorized,Mul,int64_t,,1024,0.2,5,11914041,False
naive,Mul,int64_t,,1024,0.2,5,3723204,False
vectorized,Mul,int64_t,,1024,0.2,6,11087530,False
naive,Mul,int64_t,,1024,0.2,6,3616639,False
vectorized,Mul,int64_t,,1024,0.2,7,11347721,False
naive,Mul,int64_t,,1024,0.2,7,3734247,False
vectorized,Mul,int64_t,,1024,0.2,8,11090968,False
naive,Mul,int64_t,,1024,0.2,8,3675211,False
vectorized,Mul,int64_t,,1024,0.2,9,11349675,False
naive,Mul,int64_t,,1024,0.2,9,3527040,False
vectorized,Mul,int64_t,,1024,0.25,0,11556447,False
naive,Mul,int64_t,,1024,0.25,0,3831946,False
vectorized,Mul,int64_t,,1024,0.25,1,11165696,False
naive,Mul,int64_t,,1024,0.25,1,3760401,False
vectorized,Mul,int64_t,,1024,0.25,2,11077322,False
naive,Mul,int64_t,,1024,0.25,2,3762044,False
vectorized,Mul,int64_t,,1024,0.25,3,11317201,False
naive,Mul,int64_t,,1024,0.25,3,3981886,False
vectorized,Mul,int64_t,,1024,0.25,4,12144268,False
naive,Mul,int64_t,,1024,0.25,4,3536222,False
vectorized,Mul,int64_t,,1024,0.25,5,10956533,False
naive,Mul,int64_t,,1024,0.25,5,4108762,False
vectorized,Mul,int64_t,,1024,0.25,6,10704037,False
naive,Mul,int64_t,,1024,0.25,6,3845271,False
vectorized,Mul,int64_t,,1024,0.25,7,11381305,False
naive,Mul,int64_t,,1024,0.25,7,3519906,False
vectorized,Mul,int64_t,,1024,0.25,8,12359034,False
naive,Mul,int64_t,,1024,0.25,8,3749411,False
vectorized,Mul,int64_t,,1024,0.25,9,11766962,False
naive,Mul,int64_t,,1024,0.25,9,3738534,False
vectorized,Mul,int64_t,,1024,1.0,0,10147131,True
naive,Mul,int64_t,,1024,1.0,0,4875457,True
vectorized,Mul,int64_t,,1024,1.0,1,10064872,True
naive,Mul,int64_t,,1024,1.0,1,4880705,True
vectorized,Mul,int64_t,,1024,1.0,2,10182358,True
naive,Mul,int64_t,,1024,1.0,2,5284829,True
vectorized,Mul,int64_t,,1024,1.0,3,10367019,True
naive,Mul,int64_t,,1024,1.0,3,4901953,True
vectorized,Mul,int64_t,,1024,1.0,4,10281983,True
naive,Mul,int64_t,,1024,1.0,4,5051258,True
vectorized,Mul,int64_t,,1024,1.0,5,10386224,True
naive,Mul,int64_t,,1024,1.0,5,4862511,True
vectorized,Mul,int64_t,,1024,1.0,6,10327598,True
naive,Mul,int64_t,,1024,1.0,6,4905157,True
vectorized,Mul,int64_t,,1024,1.0,7,10008297,True
naive,Mul,int64_t,,1024,1.0,7,4881211,True
vectorized,Mul,int64_t,,1024,1.0,8,11667580,True
naive,Mul,int64_t,,1024,1.0,8,5092933,True
vectorized,Mul,int64_t,,1024,1.0,9,10160240,True
naive,Mul,int64_t,,1024,1.0,9,4890819,True
vectorized,Mul,int64_t,,2048,0.001,0,31793689,False
naive,Mul,int64_t,,2048,0.001,0,15711046,False
vectorized,Mul,int64_t,,2048,0.001,1,25993175,False
naive,Mul,int64_t,,2048,0.001,1,14904315,False
vectorized,Mul,int64_t,,2048,0.001,2,24999824,False
naive,Mul,int64_t,,2048,0.001,2,14867939,False
vectorized,Mul,int64_t,,2048,0.001,3,26099286,False
naive,Mul,int64_t,,2048,0.001,3,14852645,False
vectorized,Mul,int64_t,,2048,0.001,4,26110366,False
naive,Mul,int64_t,,2048,0.001,4,13985259,False
vectorized,Mul,int64_t,,2048,0.001,5,30194558,False
naive,Mul,int64_t,,2048,0.001,5,14847874,False
vectorized,Mul,int64_t,,2048,0.001,6,24371654,False
naive,Mul,int64_t,,2048,0.001,6,13979179,False
vectorized,Mul,int64_t,,2048,0.001,7,31033650,False
naive,Mul,int64_t,,2048,0.001,7,14008108,False
vectorized,Mul,int64_t,,2048,0.001,8,30358327,False
naive,Mul,int64_t,,2048,0.001,8,13999979,False
vectorized,Mul,int64_t,,2048,0.001,9,27041795,False
naive,Mul,int64_t,,2048,0.001,9,14973470,False
vectorized,Mul,int64_t,,2048,0.01,0,29898734,False
naive,Mul,int64_t,,2048,0.01,0,15158794,False
vectorized,Mul,int64_t,,2048,0.01,1,32066940,False
naive,Mul,int64_t,,2048,0.01,1,14886103,False
vectorized,Mul,int64_t,,2048,0.01,2,33746042,False
naive,Mul,int64_t,,2048,0.01,2,13995182,False
vectorized,Mul,int64_t,,2048,0.01,3,25678303,False
naive,Mul,int64_t,,2048,0.01,3,15115900,False
vectorized,Mul,int64_t,,2048,0.01,4,31270753,False
naive,Mul,int64_t,,2048,0.01,4,14704325,False
vectorized,Mul,int64_t,,2048,0.01,5,32196468,False
naive,Mul,int64_t,,2048,0.01,5,14881060,False
vectorized,Mul,int64_t,,2048,0.01,6,33065552,False
naive,Mul,int64_t,,2048,0.01,6,13977378,False
vectorized,Mul,int64_t,,2048,0.01,7,31527627,False
naive,Mul,int64_t,,2048,0.01,7,13976605,False
vectorized,Mul,int64_t,,2048,0.01,8,26535867,False
naive,Mul,int64_t,,2048,0.01,8,14955960,False
vectorized,Mul,int64_t,,2048,0.01,9,27704049,False
naive,Mul,int64_t,,2048,0.01,9,15008443,False
vectorized,Mul,int64_t,,2048,0.05,0,32703116,False
naive,Mul,int64_t,,2048,0.05,0,13938833,False
vectorized,Mul,int64_t,,2048,0.05,1,32474071,False
naive,Mul,int64_t,,2048,0.05,1,14932402,False
vectorized,Mul,int64_t,,2048,0.05,2,29274037,False
naive,Mul,int64_t,,2048,0.05,2,15179780,False
vectorized,Mul,int64_t,,2048,0.05,3,30214661,False
naive,Mul,int64_t,,2048,0.05,3,15435682,False
vectorized,Mul,int64_t,,2048,0.05,4,26561455,False
naive,Mul,int64_t,,2048,0.05,4,15129337,False
vectorized,Mul,int64_t,,2048,0.05,5,32326785,False
naive,Mul,int64_t,,2048,0.05,5,14869227,False
vectorized,Mul,int64_t,,2048,0.05,6,25538155,False
naive,Mul,int64_t,,2048,0.05,6,15009228,False
vectorized,Mul,int64_t,,2048,0.05,7,29342198,False
naive,Mul,int64_t,,2048,0.05,7,14996272,False
vectorized,Mul,int64_t,,2048,0.05,8,26495208,False
naive,Mul,int64_t,,2048,0.05,8,15035134,False
vectorized,Mul,int64_t,,2048,0.05,9,25836957,False
naive,Mul,int64_t,,2048,0.05,9,14022843,False
vectorized,Mul,int64_t,,2048,0.1,0,31810090,False
naive,Mul,int64_t,,2048,0.1,0,15038872,False
vectorized,Mul,int64_t,,2048,0.1,1,33024720,False
naive,Mul,int64_t,,2048,0.1,1,14999090,False
vectorized,Mul,int64_t,,2048,0.1,2,25953898,False
naive,Mul,int64_t,,2048,0.1,2,15375512,False
vectorized,Mul,int64_t,,2048,0.1,3,28166202,False
naive,Mul,int64_t,,2048,0.1,3,14426336,False
vectorized,Mul,int64_t,,2048,0.1,4,26309086,False
naive,Mul,int64_t,,2048,0.1,4,15107842,False
vectorized,Mul,int64_t,,2048,0.1,5,26080820,False
naive,Mul,int64_t,,2048,0.1,5,15264318,False
vectorized,Mul,int64_t,,2048,0.1,6,32050272,False
naive,Mul,int64_t,,2048,0.1,6,15025023,False
vectorized,Mul,int64_t,,2048,0.1,7,33890057,False
naive,Mul,int64_t,,2048,0.1,7,15239039,False
vectorized,Mul,int64_t,,2048,0.1,8,31084511,False
naive,Mul,int64_t,,2048,0.1,8,13943123,False
vectorized,Mul,int64_t,,2048,0.1,9,30759060,False
naive,Mul,int64_t,,2048,0.1,9,15103790,False
vectorized,Mul,int64_t,,2048,0.2,0,25982022,False
naive,Mul,int64_t,,2048,0.2,0,15027725,False
vectorized,Mul,int64_t,,2048,0.2,1,26147012,False
naive,Mul,int64_t,,2048,0.2,1,13960765,False
vectorized,Mul,int64_t,,2048,0.2,2,26470224,False
naive,Mul,int64_t,,2048,0.2,2,14057299,False
vectorized,Mul,int64_t,,2048,0.2,3,26693522,False
naive,Mul,int64_t,,2048,0.2,3,14939569,False
vectorized,Mul,int64_t,,2048,0.2,4,32673402,False
naive,Mul,int64_t,,2048,0.2,4,14001529,False
vectorized,Mul,int64_t,,2048,0.2,5,26777616,False
naive,Mul,int64_t,,2048,0.2,5,14018065,False
vectorized,Mul,int64_t,,2048,0.2,6,32823696,False
naive,Mul,int64_t,,2048,0.2,6,15214307,False
vectorized,Mul,int64_t,,2048,0.2,7,28037617,False
naive,Mul,int64_t,,2048,0.2,7,14009550,False
vectorized,Mul,int64_t,,2048,0.2,8,27006921,False
naive,Mul,int64_t,,2048,0.2,8,14024669,False
vectorized,Mul,int64_t,,2048,0.2,9,32954460,False
naive,Mul,int64_t,,2048,0.2,9,14967464,False
vectorized,Mul,int64_t,,2048,0.25,0,27447554,False
naive,Mul,int64_t,,2048,0.25,0,14987613,False
vectorized,Mul,int64_t,,2048,0.25,1,26030002,False
naive,Mul,int64_t,,2048,0.25,1,15347531,False
vectorized,Mul,int64_t,,2048,0.25,2,28792482,False
naive,Mul,int64_t,,2048,0.25,2,14929958,False
vectorized,Mul,int64_t,,2048,0.25,3,26109060,False
naive,Mul,int64_t,,2048,0.25,3,15006228,False
vectorized,Mul,int64_t,,2048,0.25,4,27534120,False
naive,Mul,int64_t,,2048,0.25,4,14242140,False
vectorized,Mul,int64_t,,2048,0.25,5,28919623,False
naive,Mul,int64_t,,2048,0.25,5,15083440,False
vectorized,Mul,int64_t,,2048,0.25,6,32014794,False
naive,Mul,int64_t,,2048,0.25,6,15181267,False
vectorized,Mul,int64_t,,2048,0.25,7,24982984,False
naive,Mul,int64_t,,2048,0.25,7,15049070,False
vectorized,Mul,int64_t,,2048,0.25,8,26400539,False
naive,Mul,int64_t,,2048,0.25,8,14968213,False
vectorized,Mul,int64_t,,2048,0.25,9,31495485,False
naive,Mul,int64_t,,2048,0.25,9,13972354,False
vectorized,Mul,int64_t,,2048,1.0,0,31824947,True
naive,Mul,int64_t,,2048,1.0,0,15019891,True
vectorized,Mul,int64_t,,2048,1.0,1,29533137,True
naive,Mul,int64_t,,2048,1.0,1,14015721,True
vectorized,Mul,int64_t,,2048,1.0,2,30296300,True
naive,Mul,int64_t,,2048,1.0,2,14982799,True
vectorized,Mul,int64_t,,2048,1.0,3,30753620,True
naive,Mul,int64_t,,2048,1.0,3,15039895,True
vectorized,Mul,int64_t,,2048,1.0,4,31759340,True
naive,Mul,int64_t,,2048,1.0,4,15305585,True
vectorized,Mul,int64_t,,2048,1.0,5,31499457,True
naive,Mul,int64_t,,2048,1.0,5,15068228,True
vectorized,Mul,int64_t,,2048,1.0,6,32596075,True
naive,Mul,int64_t,,2048,1.0,6,14012089,True
vectorized,Mul,int64_t,,2048,1.0,7,30174350,True
naive,Mul,int64_t,,2048,1.0,7,14665313,True
vectorized,Mul,int64_t,,2048,1.0,8,33577498,True
naive,Mul,int64_t,,2048,1.0,8,13993979,True
vectorized,Mul,int64_t,,2048,1.0,9,32182207,True
naive,Mul,int64_t,,2048,1.0,9,15310779,True
vectorized,Mul,int64_t,,4096,0.001,0,81385162,False
naive,Mul,int64_t,,4096,0.001,0,60399715,False
vectorized,Mul,int64_t,,4096,0.001,1,91433577,False
naive,Mul,int64_t,,4096,0.001,1,60144614,False
vectorized,Mul,int64_t,,4096,0.001,2,87873540,False
naive,Mul,int64_t,,4096,0.001,2,59974380,False
vectorized,Mul,int64_t,,4096,0.001,3,97789290,False
naive,Mul,int64_t,,4096,0.001,3,60248138,False
vectorized,Mul,int64_t,,4096,0.001,4,90006090,False
naive,Mul,int64_t,,4096,0.001,4,60130039,False
vectorized,Mul,int64_t,,4096,0.001,5,85203254,False
naive,Mul,int64_t,,4096,0.001,5,59978467,False
vectorized,Mul,int64_t,,4096,0.001,6,110068546,False
naive,Mul,int64_t,,4096,0.001,6,56702894,False
vectorized,Mul,int64_t,,4096,0.001,7,83115637,False
naive,Mul,int64_t,,4096,0.001,7,60268398,False
vectorized,Mul,int64_t,,4096,0.001,8,88749925,False
naive,Mul,int64_t,,4096,0.001,8,60292460,False
vectorized,Mul,int64_t,,4096,0.001,9,81248451,False
naive,Mul,int64_t,,4096,0.001,9,56970750,False
vectorized,Mul,int64_t,,4096,0.01,0,92669269,False
naive,Mul,int64_t,,4096,0.01,0,60318210,False
vectorized,Mul,int64_t,,4096,0.01,1,90657243,False
naive,Mul,int64_t,,4096,0.01,1,60206367,False
vectorized,Mul,int64_t,,4096,0.01,2,80421191,False
naive,Mul,int64_t,,4096,0.01,2,60241443,False
vectorized,Mul,int64_t,,4096,0.01,3,86240496,False
naive,Mul,int64_t,,4096,0.01,3,60220107,False
vectorized,Mul,int64_t,,4096,0.01,4,86977615,False
naive,Mul,int64_t,,4096,0.01,4,60197432,False
vectorized,Mul,int64_t,,4096,0.01,5,82605458,False
naive,Mul,int64_t,,4096,0.01,5,56972677,False
vectorized,Mul,int64_t,,4096,0.01,6,80303287,False
naive,Mul,int64_t,,4096,0.01,6,60085432,False
vectorized,Mul,int64_t,,4096,0.01,7,86801323,False
naive,Mul,int64_t,,4096,0.01,7,60882785,False
vectorized,Mul,int64_t,,4096,0.01,8,93001467,False
naive,Mul,int64_t,,4096,0.01,8,60360380,False
vectorized,Mul,int64_t,,4096,0.01,9,80744194,False
naive,Mul,int64_t,,4096,0.01,9,60074730,False
vectorized,Mul,int64_t,,4096,0.05,0,83567014,False
naive,Mul,int64_t,,4096,0.05,0,60018116,False
vectorized,Mul,int64_t,,4096,0.05,1,90606482,False
naive,Mul,int64_t,,4096,0.05,1,58303149,False
vectorized,Mul,int64_t,,4096,0.05,2,93019430,False
naive,Mul,int64_t,,4096,0.05,2,60571929,False
vectorized,Mul,int64_t,,4096,0.05,3,84064064,False
naive,Mul,int64_t,,4096,0.05,3,60054909,False
vectorized,Mul,int64_t,,4096,0.05,4,91588817,False
naive,Mul,int64_t,,4096,0.05,4,58861911,False
vectorized,Mul,int64_t,,4096,0.05,5,89438564,False
naive,Mul,int64_t,,4096,0.05,5,60266968,False
vectorized,Mul,int64_t,,4096,0.05,6,79250211,False
naive,Mul,int64_t,,4096,0.05,6,57913038,False
vectorized,Mul,int64_t,,4096,0.05,7,88490922,False
naive,Mul,int64_t,,4096,0.05,7,60156656,False
vectorized,Mul,int64_t,,4096,0.05,8,84382335,False
naive,Mul,int64_t,,4096,0.05,8,60262451,False
vectorized,Mul,int64_t,,4096,0.05,9,91863635,False
naive,Mul,int64_t,,4096,0.05,9,60140546,False
vectorized,Mul,int64_t,,4096,0.1,0,79997003,False
naive,Mul,int64_t,,4096,0.1,0,60022141,False
vectorized,Mul,int64_t,,4096,0.1,1,83585291,False
naive,Mul,int64_t,,4096,0.1,1,60297718,False
vectorized,Mul,int64_t,,4096,0.1,2,85171188,False
naive,Mul,int64_t,,4096,0.1,2,57590668,False
vectorized,Mul,int64_t,,4096,0.1,3,94510795,False
naive,Mul,int64_t,,4096,0.1,3,60282281,False
vectorized,Mul,int64_t,,4096,0.1,4,83846775,False
naive,Mul,int64_t,,4096,0.1,4,59113050,False
vectorized,Mul,int64_t,,4096,0.1,5,87543139,False
naive,Mul,int64_t,,4096,0.1,5,57213173,False
vectorized,Mul,int64_t,,4096,0.1,6,90230166,False
naive,Mul,int64_t,,4096,0.1,6,58115487,False
vectorized,Mul,int64_t,,4096,0.1,7,84615790,False
naive,Mul,int64_t,,4096,0.1,7,58950162,False
vectorized,Mul,int64_t,,4096,0.1,8,80039883,False
naive,Mul,int64_t,,4096,0.1,8,59882451,False
vectorized,Mul,int64_t,,4096,0.1,9,82522153,False
naive,Mul,int64_t,,4096,0.1,9,60475713,False
vectorized,Mul,int64_t,,4096,0.2,0,84904036,False
naive,Mul,int64_t,,4096,0.2,0,60039368,False
vectorized,Mul,int64_t,,4096,0.2,1,79072962,False
naive,Mul,int64_t,,4096,0.2,1,60509504,False
vectorized,Mul,int64_t,,4096,0.2,2,90559765,False
naive,Mul,int64_t,,4096,0.2,2,60301080,False
vectorized,Mul,int64_t,,4096,0.2,3,83094406,False
naive,Mul,int64_t,,4096,0.2,3,57203362,False
vectorized,Mul,int64_t,,4096,0.2,4,82971489,False
naive,Mul,int64_t,,4096,0.2,4,60172626,False
vectorized,Mul,int64_t,,4096,0.2,5,89232191,False
naive,Mul,int64_t,,4096,0.2,5,59126830,False
vectorized,Mul,int64_t,,4096,0.2,6,82344221,False
naive,Mul,int64_t,,4096,0.2,6,59846173,False
vectorized,Mul,int64_t,,4096,0.2,7,81051179,False
naive,Mul,int64_t,,4096,0.2,7,60016411,False
vectorized,Mul,int64_t,,4096,0.2,8,89589071,False
naive,Mul,int64_t,,4096,0.2,8,58998391,False
vectorized,Mul,int64_t,,4096,0.2,9,86281684,False
naive,Mul,int64_t,,4096,0.2,9,62820833,False
vectorized,Mul,int64_t,,4096,0.25,0,79037916,False
naive,Mul,int64_t,,4096,0.25,0,59310500,False
vectorized,Mul,int64_t,,4096,0.25,1,85154866,False
naive,Mul,int64_t,,4096,0.25,1,63187538,False
vectorized,Mul,int64_t,,4096,0.25,2,82818836,False
naive,Mul,int64_t,,4096,0.25,2,60243212,False
vectorized,Mul,int64_t,,4096,0.25,3,95914410,False
naive,Mul,int64_t,,4096,0.25,3,59812274,False
vectorized,Mul,int64_t,,4096,0.25,4,85198882,False
naive,Mul,int64_t,,4096,0.25,4,60109531,False
vectorized,Mul,int64_t,,4096,0.25,5,88002536,False
naive,Mul,int64_t,,4096,0.25,5,60187412,False
vectorized,Mul,int64_t,,4096,0.25,6,85843537,False
naive,Mul,int64_t,,4096,0.25,6,60006746,False
vectorized,Mul,int64_t,,4096,0.25,7,83413854,False
naive,Mul,int64_t,,4096,0.25,7,58921789,False
vectorized,Mul,int64_t,,4096,0.25,8,82728488,False
naive,Mul,int64_t,,4096,0.25,8,59921005,False
vectorized,Mul,int64_t,,4096,0.25,9,80926640,False
naive,Mul,int64_t,,4096,0.25,9,57548606,False
vectorized,Mul,int64_t,,4096,1.0,0,89356230,True
naive,Mul,int64_t,,4096,1.0,0,59944899,True
vectorized,Mul,int64_t,,4096,1.0,1,87618899,True
naive,Mul,int64_t,,4096,1.0,1,59658061,True
vectorized,Mul,int64_t,,4096,1.0,2,90085319,True
naive,Mul,int64_t,,4096,1.0,2,60350352,True
vectorized,Mul,int64_t,,4096,1.0,3,80528982,True
naive,Mul,int64_t,,4096,1.0,3,61462018,True
vectorized,Mul,int64_t,,4096,1.0,4,79373659,True
naive,Mul,int64_t,,4096,1.0,4,60299368,True
vectorized,Mul,int64_t,,4096,1.0,5,85017136,True
naive,Mul,int64_t,,4096,1.0,5,60177083,True
vectorized,Mul,int64_t,,4096,1.0,6,90320562,True
naive,Mul,int64_t,,4096,1.0,6,60639732,True
vectorized,Mul,int64_t,,4096,1.0,7,91884994,True
naive,Mul,int64_t,,4096,1.0,7,60602849,True
vectorized,Mul,int64_t,,4096,1.0,8,86330643,True
naive,Mul,int64_t,,4096,1.0,8,60191409,True
vectorized,Mul,int64_t,,4096,1.0,9,90660583,True
naive,Mul,int64_t,,4096,1.0,9,60432216,True
vectorized,Mul,int64_t,symmetry,1024,0.001,0,22550599,False
naive,Mul,int64_t,symmetry,1024,0.001,0,14639779,False
vectorized,Mul,int64_t,symmetry,1024,0.001,1,22802736,False
naive,Mul,int64_t,symmetry,1024,0.001,1,13965689,False
vectorized,Mul,int64_t,symmetry,1024,0.001,2,22611271,False
naive,Mul,int64_t,symmetry,1024,0.001,2,14668257,False
vectorized,Mul,int64_t,symmetry,1024,0.001,3,21870164,False
naive,Mul,int64_t,symmetry,1024,0.001,3,14696721,False
vectorized,Mul,int64_t,symmetry,1024,0.001,4,22515142,False
naive,Mul,int64_t,symmetry,1024,0.001,4,15190020,False
vectorized,Mul,int64_t,symmetry,1024,0.001,5,21819261,False
naive,Mul,int64_t,symmetry,1024,0.001,5,14680922,False
vectorized,Mul,int64_t,symmetry,1024,0.001,6,22111012,False
naive,Mul,int64_t,symmetry,1024,0.001,6,14178075,False
vectorized,Mul,int64_t,symmetry,1024,0.001,7,21085147,False
naive,Mul,int64_t,symmetry,1024,0.001,7,14101466,False
vectorized,Mul,int64_t,symmetry,1024,0.001,8,20123342,False
naive,Mul,int64_t,symmetry,1024,0.001,8,14648409,False
vectorized,Mul,int64_t,symmetry,1024,0.001,9,21309015,False
naive,Mul,int64_t,symmetry,1024,0.001,9,15069049,False
vectorized,Mul,int64_t,symmetry,1024,0.01,0,22199470,False
naive,Mul,int64_t,symmetry,1024,0.01,0,14580553,False
vectorized,Mul,int64_t,symmetry,1024,0.01,1,22080326,False
naive,Mul,int64_t,symmetry,1024,0.01,1,13905367,False
vectorized,Mul,int64_t,symmetry,1024,0.01,2,21841763,False
naive,Mul,int64_t,symmetry,1024,0.01,2,14466165,False
vectorized,Mul,int64_t,symmetry,1024,0.01,3,20259383,False
naive,Mul,int64_t,symmetry,1024,0.01,3,15029167,False
vectorized,Mul,int64_t,symmetry,1024,0.01,4,22201826,False
naive,Mul,int64_t,symmetry,1024,0.01,4,14356456,False
vectorized,Mul,int64_t,symmetry,1024,0.01,5,21557749,False
naive,Mul,int64_t,symmetry,1024,0.01,5,14263111,False
vectorized,Mul,int64_t,symmetry,1024,0.01,6,21829777,False
naive,Mul,int64_t,symmetry,1024,0.01,6,14530237,False
vectorized,Mul,int64_t,symmetry,1024,0.01,7,22658708,False
naive,Mul,int64_t,symmetry,1024,0.01,7,14451427,False
vectorized,Mul,int64_t,symmetry,1024,0.01,8,22144534,False
naive,Mul,int64_t,symmetry,1024,0.01,8,14477932,False
vectorized,Mul,int64_t,symmetry,1024,0.01,9,21816784,False
naive,Mul,int64_t,symmetry,1024,0.01,9,14406897,False
vectorized,Mul,int64_t,symmetry,1024,0.05,0,19675700,False
naive,Mul,int64_t,symmetry,1024,0.05,0,14327002,False
vectorized,Mul,int64_t,symmetry,1024,0.05,1,21982164,False
naive,Mul,int64_t,symmetry,1024,0.05,1,13827790,False
vectorized,Mul,int64_t,symmetry,1024,0.05,2,21377107,False
naive,Mul,int64_t,symmetry,1024,0.05,2,13575637,False
vectorized,Mul,int64_t,symmetry,1024,0.05,3,22019832,False
naive,Mul,int64_t,symmetry,1024,0.05,3,13835971,False
vectorized,Mul,int64_t,symmetry,1024,0.05,4,21245207,False
naive,Mul,int64_t,symmetry,1024,0.05,4,13845388,False
vectorized,Mul,int64_t,symmetry,1024,0.05,5,22578757,False
naive,Mul,int64_t,symmetry,1024,0.05,5,13953478,False
vectorized,Mul,int64_t,symmetry,1024,0.05,6,20898011,False
naive,Mul,int64_t,symmetry,1024,0.05,6,14010695,False
vectorized,Mul,int64_t,symmetry,1024,0.05,7,20842372,False
naive,Mul,int64_t,symmetry,1024,0.05,7,13644087,False
vectorized,Mul,int64_t,symmetry,1024,0.05,8,22000569,False
naive,Mul,int64_t,symmetry,1024,0.05,8,13733155,False
vectorized,Mul,int64_t,symmetry,1024,0.05,9,22349315,False
naive,Mul,int64_t,symmetry,1024,0.05,9,13850458,False
vectorized,Mul,int64_t,symmetry,1024,0.1,0,21485981,False
naive,Mul,int64_t,symmetry,1024,0.1,0,13431546,False
vectorized,Mul,int64_t,symmetry,1024,0.1,1,22186224,False
naive,Mul,int64_t,symmetry,1024,0.1,1,13281428,False
vectorized,Mul,int64_t,symmetry,1024,0.1,2,20518092,False
naive,Mul,int64_t,symmetry,1024,0.1,2,13202944,False
vectorized,Mul,int64_t,symmetry,1024,0.1,3,22262439,False
naive,Mul,int64_t,symmetry,1024,0.1,3,13728013,False
vectorized,Mul,int64_t,symmetry,1024,0.1,4,22386017,False
naive,Mul,int64_t,symmetry,1024,0.1,4,13696510,False
vectorized,Mul,int64_t,symmetry,1024,0.1,5,20908394,False
naive,Mul,int64_t,symmetry,1024,0.1,5,13509247,False
vectorized,Mul,int64_t,symmetry,1024,0.1,6,22854641,False
naive,Mul,int64_t,symmetry,1024,0.1,6,13265584,False
vectorized,Mul,int64_t,symmetry,1024,0.1,7,21345226,False
naive,Mul,int64_t,symmetry,1024,0.1,7,13202875,False
vectorized,Mul,int64_t,symmetry,1024,0.1,8,21575946,False
naive,Mul,int64_t,symmetry,1024,0.1,8,13241272,False
vectorized,Mul,int64_t,symmetry,1024,0.1,9,22299783,False
naive,Mul,int64_t,symmetry,1024,0.1,9,13236149,False
vectorized,Mul,int64_t,symmetry,1024,0.2,0,22699496,False
naive,Mul,int64_t,symmetry,1024,0.2,0,13298789,False
vectorized,Mul,int64_t,symmetry,1024,0.2,1,20714427,False
naive,Mul,int64_t,symmetry,1024,0.2,1,13602786,False
vectorized,Mul,int64_t,symmetry,1024,0.2,2,21980947,False
naive,Mul,int64_t,symmetry,1024,0.2,2,13285235,False
vectorized,Mul,int64_t,symmetry,1024,0.2,3,22033986,False
naive,Mul,int64_t,symmetry,1024,0.2,3,13477487,False
vectorized,Mul,int64_t,symmetry,1024,0.2,4,21697236,False
naive,Mul,int64_t,symmetry,1024,0.2,4,13519091,False
vectorized,Mul,int64_t,symmetry,1024,0.2,5,22380248,False
naive,Mul,int64_t,symmetry,1024,0.2,5,13362510,False
vectorized,Mul,int64_t,symmetry,1024,0.2,6,21967944,False
naive,Mul,int64_t,symmetry,1024,0.2,6,13484910,False
vectorized,Mul,int64_t,symmetry,1024,0.2,7,21402949,False
naive,Mul,int64_t,symmetry,1024,0.2,7,13637921,False
vectorized,Mul,int64_t,symmetry,1024,0.2,8,22236880,False
naive,Mul,int64_t,symmetry,1024,0.2,8,13516572,False
vectorized,Mul,int64_t,symmetry,1024,0.2,9,21859496,False
naive,Mul,int64_t,symmetry,1024,0.2,9,13495347,False
vectorized,Mul,int64_t,symmetry,1024,0.25,0,19698327,False
naive,Mul,int64_t,symmetry,1024,0.25,0,13582965,False
vectorized,Mul,int64_t,symmetry,1024,0.25,1,22020956,False
naive,Mul,int64_t,symmetry,1024,0.25,1,13581838,False
vectorized,Mul,int64_t,symmetry,1024,0.25,2,21417792,False
naive,Mul,int64_t,symmetry,1024,0.25,2,13422535,False
vectorized,Mul,int64_t,symmetry,1024,0.25,3,19149325,False
naive,Mul,int64_t,symmetry,1024,0.25,3,13600717,False
vectorized,Mul,int64_t,symmetry,1024,0.25,4,21851215,False
naive,Mul,int64_t,symmetry,1024,0.25,4,13328736,False
vectorized,Mul,int64_t,symmetry,1024,0.25,5,21737941,False
naive,Mul,int64_t,symmetry,1024,0.25,5,13392294,False
vectorized,Mul,int64_t,symmetry,1024,0.25,6,21926523,False
naive,Mul,int64_t,symmetry,1024,0.25,6,13356578,False
vectorized,Mul,int64_t,symmetry,1024,0.25,7,22616718,False
naive,Mul,int64_t,symmetry,1024,0.25,7,13436577,False
vectorized,Mul,int64_t,symmetry,1024,0.25,8,22625069,False
naive,Mul,int64_t,symmetry,1024,0.25,8,13587461,False
vectorized,Mul,int64_t,symmetry,1024,0.25,9,20240608,False
naive,Mul,int64_t,symmetry,1024,0.25,9,13623429,False
vectorized,Mul,int64_t,symmetry,1024,1.0,0,19824190,True
naive,Mul,int64_t,symmetry,1024,1.0,0,16866334,True
vectorized,Mul,int64_t,symmetry,1024,1.0,1,19683883,True
naive,Mul,int64_t,symmetry,1024,1.0,1,16741223,True
vectorized,Mul,int64_t,symmetry,1024,1.0,2,19746665,True
naive,Mul,int64_t,symmetry,1024,1.0,2,16842039,True
vectorized,Mul,int64_t,symmetry,1024,1.0,3,20202577,True
naive,Mul,int64_t,symmetry,1024,1.0,3,13743449,True
vectorized,Mul,int64_t,symmetry,1024,1.0,4,18809499,True
naive,Mul,int64_t,symmetry,1024,1.0,4,16706552,True
vectorized,Mul,int64_t,symmetry,1024,1.0,5,20601085,True
naive,Mul,int64_t,symmetry,1024,1.0,5,17100315,True
vectorized,Mul,int64_t,symmetry,1024,1.0,6,20331242,True
naive,Mul,int64_t,symmetry,1024,1.0,6,16875101,True
vectorized,Mul,int64_t,symmetry,1024,1.0,7,19903412,True
naive,Mul,int64_t,symmetry,1024,1.0,7,16780465,True
vectorized,Mul,int64_t,symmetry,1024,1.0,8,20382382,True
naive,Mul,int64_t,symmetry,1024,1.0,8,16674180,True
vectorized,Mul,int64_t,symmetry,1024,1.0,9,20515142,True
naive,Mul,int64_t,symmetry,1024,1.0,9,16732533,True
vectorized,Mul,int64_t,symmetry,2048,0.001,0,61601915,False
naive,Mul,int64_t,symmetry,2048,0.001,0,55594220,False
vectorized,Mul,int64_t,symmetry,2048,0.001,1,63139164,False
naive,Mul,int64_t,symmetry,2048,0.001,1,58305222,False
vectorized,Mul,int64_t,symmetry,2048,0.001,2,65645340,False
naive,Mul,int64_t,symmetry,2048,0.001,2,55454020,False
vectorized,Mul,int64_t,symmetry,2048,0.001,3,68130189,False
naive,Mul,int64_t,symmetry,2048,0.001,3,54791821,False
vectorized,Mul,int64_t,symmetry,2048,0.001,4,65207069,False
naive,Mul,int64_t,symmetry,2048,0.001,4,54733748,False
vectorized,Mul,int64_t,symmetry,2048,0.001,5,79311022,False
naive,Mul,int64_t,symmetry,2048,0.001,5,54966003,False
vectorized,Mul,int64_t,symmetry,2048,0.001,6,61394844,False
naive,Mul,int64_t,symmetry,2048,0.001,6,56792546,False
vectorized,Mul,int64_t,symmetry,2048,0.001,7,64479343,False
naive,Mul,int64_t,symmetry,2048,0.001,7,55485856,False
vectorized,Mul,int64_t,symmetry,2048,0.001,8,64704960,False
naive,Mul,int64_t,symmetry,2048,0.001,8,54939863,False
vectorized,Mul,int64_t,symmetry,2048,0.001,9,73752808,False
naive,Mul,int64_t,symmetry,2048,0.001,9,55438023,False
vectorized,Mul,int64_t,symmetry,2048,0.01,0,67655267,False
naive,Mul,int64_t,symmetry,2048,0.01,0,55916859,False
vectorized,Mul,int64_t,symmetry,2048,0.01,1,71379171,False
naive,Mul,int64_t,symmetry,2048,0.01,1,54336784,False
vectorized,Mul,int64_t,symmetry,2048,0.01,2,72676472,False
naive,Mul,int64_t,symmetry,2048,0.01,2,54829826,False
vectorized,Mul,int64_t,symmetry,2048,0.01,3,64116709,False
naive,Mul,int64_t,symmetry,2048,0.01,3,54399495,False
vectorized,Mul,int64_t,symmetry,2048,0.01,4,61925469,False
naive,Mul,int64_t,symmetry,2048,0.01,4,56072157,False
vectorized,Mul,int64_t,symmetry,2048,0.01,5,70226026,False
naive,Mul,int64_t,symmetry,2048,0.01,5,55741951,False
vectorized,Mul,int64_t,symmetry,2048,0.01,6,84281238,False
naive,Mul,int64_t,symmetry,2048,0.01,6,55382747,False
vectorized,Mul,int64_t,symmetry,2048,0.01,7,78876253,False
naive,Mul,int64_t,symmetry,2048,0.01,7,54642003,False
vectorized,Mul,int64_t,symmetry,2048,0.01,8,78834591,False
naive,Mul,int64_t,symmetry,2048,0.01,8,55072930,False
vectorized,Mul,int64_t,symmetry,2048,0.01,9,71661506,False
naive,Mul,int64_t,symmetry,2048,0.01,9,54618796,False
vectorized,Mul,int64_t,symmetry,2048,0.05,0,63674169,False
naive,Mul,int64_t,symmetry,2048,0.05,0,54536292,False
vectorized,Mul,int64_t,symmetry,2048,0.05,1,69075546,False
naive,Mul,int64_t,symmetry,2048,0.05,1,55549990,False
vectorized,Mul,int64_t,symmetry,2048,0.05,2,69628088,False
naive,Mul,int64_t,symmetry,2048,0.05,2,55382826,False
vectorized,Mul,int64_t,symmetry,2048,0.05,3,62677643,False
naive,Mul,int64_t,symmetry,2048,0.05,3,54432945,False
vectorized,Mul,int64_t,symmetry,2048,0.05,4,73743340,False
naive,Mul,int64_t,symmetry,2048,0.05,4,54570343,False
vectorized,Mul,int64_t,symmetry,2048,0.05,5,62606258,False
naive,Mul,int64_t,symmetry,2048,0.05,5,54696172,False
vectorized,Mul,int64_t,symmetry,2048,0.05,6,62927225,False
naive,Mul,int64_t,symmetry,2048,0.05,6,55545022,False
vectorized,Mul,int64_t,symmetry,2048,0.05,7,60483170,False
naive,Mul,int64_t,symmetry,2048,0.05,7,55522432,False
vectorized,Mul,int64_t,symmetry,2048,0.05,8,79349000,False
naive,Mul,int64_t,symmetry,2048,0.05,8,55556250,False
vectorized,Mul,int64_t,symmetry,2048,0.05,9,63861209,False
naive,Mul,int64_t,symmetry,2048,0.05,9,54523336,False
vectorized,Mul,int64_t,symmetry,2048,0.1,0,68046640,False
naive,Mul,int64_t,symmetry,2048,0.1,0,54525440,False
vectorized,Mul,int64_t,symmetry,2048,0.1,1,80023224,False
naive,Mul,int64_t,symmetry,2048,0.1,1,60252011,False
vectorized,Mul,int64_t,symmetry,2048,0.1,2,81430277,False
naive,Mul,int64_t,symmetry,2048,0.1,2,57698678,False
vectorized,Mul,int64_t,symmetry,2048,0.1,3,64526775,False
naive,Mul,int64_t,symmetry,2048,0.1,3,55668865,False
vectorized,Mul,int64_t,symmetry,2048,0.1,4,68269311,False
naive,Mul,int64_t,symmetry,2048,0.1,4,54619629,False
vectorized,Mul,int64_t,symmetry,2048,0.1,5,61421284,False
naive,Mul,int64_t,symmetry,2048,0.1,5,56265558,False
vectorized,Mul,int64_t,symmetry,2048,0.1,6,64053844,False
naive,Mul,int64_t,symmetry,2048,0.1,6,54668191,False
vectorized,Mul,int64_t,symmetry,2048,0.1,7,64169359,False
naive,Mul,int64_t,symmetry,2048,0.1,7,55626381,False
vectorized,Mul,int64_t,symmetry,2048,0.1,8,62391001,False
naive,Mul,int64_t,symmetry,2048,0.1,8,56207218,False
vectorized,Mul,int64_t,symmetry,2048,0.1,9,63357297,False
naive,Mul,int64_t,symmetry,2048,0.1,9,54448938,False
vectorized,Mul,int64_t,symmetry,2048,0.2,0,79008475,False
naive,Mul,int64_t,symmetry,2048,0.2,0,54566543,False
vectorized,Mul,int64_t,symmetry,2048,0.2,1,81625619,False
naive,Mul,int64_t,symmetry,2048,0.2,1,55527438,False
vectorized,Mul,int64_t,symmetry,2048,0.2,2,69836803,False
naive,Mul,int64_t,symmetry,2048,0.2,2,54567257,False
vectorized,Mul,int64_t,symmetry,2048,0.2,3,62930940,False
naive,Mul,int64_t,symmetry,2048,0.2,3,54910012,False
vectorized,Mul,int64_t,symmetry,2048,0.2,4,62153097,False
naive,Mul,int64_t,symmetry,2048,0.2,4,57707822,False
vectorized,Mul,int64_t,symmetry,2048,0.2,5,77377130,False
naive,Mul,int64_t,symmetry,2048,0.2,5,55090574,False
vectorized,Mul,int64_t,symmetry,2048,0.2,6,63864774,False
naive,Mul,int64_t,symmetry,2048,0.2,6,54745221,False
vectorized,Mul,int64_t,symmetry,2048,0.2,7,64491571,False
naive,Mul,int64_t,symmetry,2048,0.2,7,55522254,False
vectorized,Mul,int64_t,symmetry,2048,0.2,8,61768602,False
naive,Mul,int64_t,symmetry,2048,0.2,8,54655501,False
vectorized,Mul,int64_t,symmetry,2048,0.2,9,68784325,False
naive,Mul,int64_t,symmetry,2048,0.2,9,54813065,False
vectorized,Mul,int64_t,symmetry,2048,0.25,0,79776493,False
naive,Mul,int64_t,symmetry,2048,0.25,0,54868913,False
vectorized,Mul,int64_t,symmetry,2048,0.25,1,63376619,False
naive,Mul,int64_t,symmetry,2048,0.25,1,54527123,False
vectorized,Mul,int64_t,symmetry,2048,0.25,2,73900463,False
naive,Mul,int64_t,symmetry,2048,0.25,2,54663457,False
vectorized,Mul,int64_t,symmetry,2048,0.25,3,64168013,False
naive,Mul,int64_t,symmetry,2048,0.25,3,58248255,False
vectorized,Mul,int64_t,symmetry,2048,0.25,4,66566621,False
naive,Mul,int64_t,symmetry,2048,0.25,4,54928045,False
vectorized,Mul,int64_t,symmetry,2048,0.25,5,63804185,False
naive,Mul,int64_t,symmetry,2048,0.25,5,58023751,False
vectorized,Mul,int64_t,symmetry,2048,0.25,6,62388219,False
naive,Mul,int64_t,symmetry,2048,0.25,6,54508978,False
vectorized,Mul,int64_t,symmetry,2048,0.25,7,76458152,False
naive,Mul,int64_t,symmetry,2048,0.25,7,55575604,False
vectorized,Mul,int64_t,symmetry,2048,0.25,8,63461807,False
naive,Mul,int64_t,symmetry,2048,0.25,8,54648637,False
vectorized,Mul,int64_t,symmetry,2048,0.25,9,69993194,False
naive,Mul,int64_t,symmetry,2048,0.25,9,57833782,False
vectorized,Mul,int64_t,symmetry,2048,1.0,0,69581887,True
naive,Mul,int64_t,symmetry,2048,1.0,0,57378616,True
vectorized,Mul,int64_t,symmetry,2048,1.0,1,71635994,True
naive,Mul,int64_t,symmetry,2048,1.0,1,55535498,True
vectorized,Mul,int64_t,symmetry,2048,1.0,2,65036667,True
naive,Mul,int64_t,symmetry,2048,1.0,2,55637860,True
vectorized,Mul,int64_t,symmetry,2048,1.0,3,63100873,True
naive,Mul,int64_t,symmetry,2048,1.0,3,56180471,True
vectorized,Mul,int64_t,symmetry,2048,1.0,4,71911472,True
naive,Mul,int64_t,symmetry,2048,1.0,4,54988019,True
vectorized,Mul,int64_t,symmetry,2048,1.0,5,67296278,True
naive,Mul,int64_t,symmetry,2048,1.0,5,55434641,True
vectorized,Mul,int64_t,symmetry,2048,1.0,6,79829036,True
naive,Mul,int64_t,symmetry,2048,1.0,6,55782290,True
vectorized,Mul,int64_t,symmetry,2048,1.0,7,79121877,True
naive,Mul,int64_t,symmetry,2048,1.0,7,54820758,True
vectorized,Mul,int64_t,symmetry,2048,1.0,8,69200116,True
naive,Mul,int64_t,symmetry,2048,1.0,8,58342234,True
vectorized,Mul,int64_t,symmetry,2048,1.0,9,66397612,True
naive,Mul,int64_t,symmetry,2048,1.0,9,55938316,True
vectorized,Mul,int64_t,symmetry,4096,0.001,0,243271639,False
naive,Mul,int64_t,symmetry,4096,0.001,0,242522619,False
vectorized,Mul,int64_t,symmetry,4096,0.001,1,243681680,False
naive,Mul,int64_t,symmetry,4096,0.001,1,239357360,False
vectorized,Mul,int64_t,symmetry,4096,0.001,2,248180527,False
naive,Mul,int64_t,symmetry,4096,0.001,2,242468478,False
vectorized,Mul,int64_t,symmetry,4096,0.001,3,237705752,False
naive,Mul,int64_t,symmetry,4096,0.001,3,240862489,False
vectorized,Mul,int64_t,symmetry,4096,0.001,4,244630912,False
naive,Mul,int64_t,symmetry,4096,0.001,4,241835874,False
vectorized,Mul,int64_t,symmetry,4096,0.001,5,249554791,False
naive,Mul,int64_t,symmetry,4096,0.001,5,241880653,False
vectorized,Mul,int64_t,symmetry,4096,0.001,6,235710780,False
naive,Mul,int64_t,symmetry,4096,0.001,6,239432832,False
vectorized,Mul,int64_t,symmetry,4096,0.001,7,248421093,False
naive,Mul,int64_t,symmetry,4096,0.001,7,240430500,False
vectorized,Mul,int64_t,symmetry,4096,0.001,8,234095810,False
naive,Mul,int64_t,symmetry,4096,0.001,8,239099618,False
vectorized,Mul,int64_t,symmetry,4096,0.001,9,248601366,False
naive,Mul,int64_t,symmetry,4096,0.001,9,239625903,False
vectorized,Mul,int64_t,symmetry,4096,0.01,0,250836503,False
naive,Mul,int64_t,symmetry,4096,0.01,0,239658509,False
vectorized,Mul,int64_t,symmetry,4096,0.01,1,240355341,False
naive,Mul,int64_t,symmetry,4096,0.01,1,241241502,False
vectorized,Mul,int64_t,symmetry,4096,0.01,2,242479331,False
naive,Mul,int64_t,symmetry,4096,0.01,2,241058033,False
vectorized,Mul,int64_t,symmetry,4096,0.01,3,242834986,False
naive,Mul,int64_t,symmetry,4096,0.01,3,241425255,False
vectorized,Mul,int64_t,symmetry,4096,0.01,4,237179177,False
naive,Mul,int64_t,symmetry,4096,0.01,4,238381104,False
vectorized,Mul,int64_t,symmetry,4096,0.01,5,255322433,False
naive,Mul,int64_t,symmetry,4096,0.01,5,239488297,False
vectorized,Mul,int64_t,symmetry,4096,0.01,6,259145362,False
naive,Mul,int64_t,symmetry,4096,0.01,6,243511143,False
vectorized,Mul,int64_t,symmetry,4096,0.01,7,233430781,False
naive,Mul,int64_t,symmetry,4096,0.01,7,239397164,False
vectorized,Mul,int64_t,symmetry,4096,0.01,8,235296278,False
naive,Mul,int64_t,symmetry,4096,0.01,8,241846204,False
vectorized,Mul,int64_t,symmetry,4096,0.01,9,241640328,False
naive,Mul,int64_t,symmetry,4096,0.01,9,241465338,False
vectorized,Mul,int64_t,symmetry,4096,0.05,0,238483083,False
naive,Mul,int64_t,symmetry,4096,0.05,0,256219968,False
vectorized,Mul,int64_t,symmetry,4096,0.05,1,246191415,False
naive,Mul,int64_t,symmetry,4096,0.05,1,250742023,False
vectorized,Mul,int64_t,symmetry,4096,0.05,2,254178759,False
naive,Mul,int64_t,symmetry,4096,0.05,2,253076525,False
vectorized,Mul,int64_t,symmetry,4096,0.05,3,239567771,False
naive,Mul,int64_t,symmetry,4096,0.05,3,241061568,False
vectorized,Mul,int64_t,symmetry,4096,0.05,4,242040440,False
naive,Mul,int64_t,symmetry,4096,0.05,4,252380597,False
vectorized,Mul,int64_t,symmetry,4096,0.05,5,248088456,False
naive,Mul,int64_t,symmetry,4096,0.05,5,239612453,False
vectorized,Mul,int64_t,symmetry,4096,0.05,6,263135067,False
naive,Mul,int64_t,symmetry,4096,0.05,6,242187785,False
vectorized,Mul,int64_t,symmetry,4096,0.05,7,246455334,False
naive,Mul,int64_t,symmetry,4096,0.05,7,241927296,False
vectorized,Mul,int64_t,symmetry,4096,0.05,8,244989934,False
naive,Mul,int64_t,symmetry,4096,0.05,8,246263832,False
vectorized,Mul,int64_t,symmetry,4096,0.05,9,243602554,False
naive,Mul,int64_t,symmetry,4096,0.05,9,243264172,False
vectorized,Mul,int64_t,symmetry,4096,0.1,0,250125585,False
naive,Mul,int64_t,symmetry,4096,0.1,0,240380937,False
vectorized,Mul,int64_t,symmetry,4096,0.1,1,263200136,False
naive,Mul,int64_t,symmetry,4096,0.1,1,243501282,False
vectorized,Mul,int64_t,symmetry,4096,0.1,2,247718144,False
naive,Mul,int64_t,symmetry,4096,0.1,2,242389510,False
vectorized,Mul,int64_t,symmetry,4096,0.1,3,236547137,False
naive,Mul,int64_t,symmetry,4096,0.1,3,242470946,False
vectorized,Mul,int64_t,symmetry,4096,0.1,4,261452260,False
naive,Mul,int64_t,symmetry,4096,0.1,4,243791987,False
vectorized,Mul,int64_t,symmetry,4096,0.1,5,245197137,False
naive,Mul,int64_t,symmetry,4096,0.1,5,242880552,False
vectorized,Mul,int64_t,symmetry,4096,0.1,6,238903090,False
naive,Mul,int64_t,symmetry,4096,0.1,6,241622971,False
vectorized,Mul,int64_t,symmetry,4096,0.1,7,248863931,False
naive,Mul,int64_t,symmetry,4096,0.1,7,239747682,False
vectorized,Mul,int64_t,symmetry,4096,0.1,8,235253669,False
naive,Mul,int64_t,symmetry,4096,0.1,8,240154758,False
vectorized,Mul,int64_t,symmetry,4096,0.1,9,252442014,False
naive,Mul,int64_t,symmetry,4096,0.1,9,240953979,False
vectorized,Mul,int64_t,symmetry,4096,0.2,0,244883168,False
naive,Mul,int64_t,symmetry,4096,0.2,0,240961459,False
vectorized,Mul,int64_t,symmetry,4096,0.2,1,241852281,False
naive,Mul,int64_t,symmetry,4096,0.2,1,242027186,False
vectorized,Mul,int64_t,symmetry,4096,0.2,2,240163050,False
naive,Mul,int64_t,symmetry,4096,0.2,2,241801877,False
vectorized,Mul,int64_t,symmetry,4096,0.2,3,242280155,False
naive,Mul,int64_t,symmetry,4096,0.2,3,241182708,False
vectorized,Mul,int64_t,symmetry,4096,0.2,4,257779888,False
naive,Mul,int64_t,symmetry,4096,0.2,4,241420100,False
vectorized,Mul,int64_t,symmetry,4096,0.2,5,239040113,False
naive,Mul,int64_t,symmetry,4096,0.2,5,242246509,False
vectorized,Mul,int64_t,symmetry,4096,0.2,6,247450191,False
naive,Mul,int64_t,symmetry,4096,0.2,6,242431057,False
vectorized,Mul,int64_t,symmetry,4096,0.2,7,247585897,False
naive,Mul,int64_t,symmetry,4096,0.2,7,243482548,False
vectorized,Mul,int64_t,symmetry,4096,0.2,8,235222132,False
naive,Mul,int64_t,symmetry,4096,0.2,8,256734815,False
vectorized,Mul,int64_t,symmetry,4096,0.2,9,240369166,False
naive,Mul,int64_t,symmetry,4096,0.2,9,248706495,False
vectorized,Mul,int64_t,symmetry,4096,0.25,0,231907285,False
naive,Mul,int64_t,symmetry,4096,0.25,0,240039412,False
vectorized,Mul,int64_t,symmetry,4096,0.25,1,238622627,False
naive,Mul,int64_t,symmetry,4096,0.25,1,243285079,False
vectorized,Mul,int64_t,symmetry,4096,0.25,2,246871454,False
naive,Mul,int64_t,symmetry,4096,0.25,2,241948560,False
vectorized,Mul,int64_t,symmetry,4096,0.25,3,235034435,False
naive,Mul,int64_t,symmetry,4096,0.25,3,242895870,False
vectorized,Mul,int64_t,symmetry,4096,0.25,4,257671045,False
naive,Mul,int64_t,symmetry,4096,0.25,4,242739372,False
vectorized,Mul,int64_t,symmetry,4096,0.25,5,246876511,False
naive,Mul,int64_t,symmetry,4096,0.25,5,242873559,False
vectorized,Mul,int64_t,symmetry,4096,0.25,6,235635552,False
naive,Mul,int64_t,symmetry,4096,0.25,6,242591907,False
vectorized,Mul,int64_t,symmetry,4096,0.25,7,261993406,False
naive,Mul,int64_t,symmetry,4096,0.25,7,242893321,False
vectorized,Mul,int64_t,symmetry,4096,0.25,8,240890438,False
naive,Mul,int64_t,symmetry,4096,0.25,8,244488759,False
vectorized,Mul,int64_t,symmetry,4096,0.25,9,244465778,False
naive,Mul,int64_t,symmetry,4096,0.25,9,242891827,False
vectorized,Mul,int64_t,symmetry,4096,1.0,0,261548710,True
naive,Mul,int64_t,symmetry,4096,1.0,0,238560549,True
vectorized,Mul,int64_t,symmetry,4096,1.0,1,252902990,True
naive,Mul,int64_t,symmetry,4096,1.0,1,241149751,True
vectorized,Mul,int64_t,symmetry,4096,1.0,2,258374192,True
naive,Mul,int64_t,symmetry,4096,1.0,2,242554798,True
vectorized,Mul,int64_t,symmetry,4096,1.0,3,236811454,True
naive,Mul,int64_t,symmetry,4096,1.0,3,247179716,True
vectorized,Mul,int64_t,symmetry,4096,1.0,4,259788658,True
naive,Mul,int64_t,symmetry,4096,1.0,4,250912685,True
vectorized,Mul,int64_t,symmetry,4096,1.0,5,243085626,True
naive,Mul,int64_t,symmetry,4096,1.0,5,244302760,True
vectorized,Mul,int64_t,symmetry,4096,1.0,6,245063275,True
naive,Mul,int64_t,symmetry,4096,1.0,6,247250071,True
vectorized,Mul,int64_t,symmetry,4096,1.0,7,236076072,True
naive,Mul,int64_t,symmetry,4096,1.0,7,248447325,True
vectorized,Mul,int64_t,symmetry,4096,1.0,8,236028134,True
naive,Mul,int64_t,symmetry,4096,1.0,8,240458195,True
vectorized,Mul,int64_t,symmetry,4096,1.0,9,259861521,True
naive,Mul,int64_t,symmetry,4096,1.0,9,238221663,True
vectorized,Mul,int64_t,mean,1024,0.001,0,15131739,False
naive,Mul,int64_t,mean,1024,0.001,0,7723798,False
vectorized,Mul,int64_t,mean,1024,0.001,1,15769360,False
naive,Mul,int64_t,mean,1024,0.001,1,7312012,False
vectorized,Mul,int64_t,mean,1024,0.001,2,15456367,False
naive,Mul,int64_t,mean,1024,0.001,2,7666313,False
vectorized,Mul,int64_t,mean,1024,0.001,3,15784297,False
naive,Mul,int64_t,mean,1024,0.001,3,7343694,False
vectorized,Mul,int64_t,mean,1024,0.001,4,16007847,False
naive,Mul,int64_t,mean,1024,0.001,4,8163860,False
vectorized,Mul,int64_t,mean,1024,0.001,5,15874398,False
naive,Mul,int64_t,mean,1024,0.001,5,7436533,False
vectorized,Mul,int64_t,mean,1024,0.001,6,15760485,False
naive,Mul,int64_t,mean,1024,0.001,6,7401894,False
vectorized,Mul,int64_t,mean,1024,0.001,7,16521098,False
naive,Mul,int64_t,mean,1024,0.001,7,6354294,False
vectorized,Mul,int64_t,mean,1024,0.001,8,15601203,False
naive,Mul,int64_t,mean,1024,0.001,8,7662460,False
vectorized,Mul,int64_t,mean,1024,0.001,9,16355570,False
naive,Mul,int64_t,mean,1024,0.001,9,8066714,False
vectorized,Mul,int64_t,mean,1024,0.01,0,15752745,False
naive,Mul,int64_t,mean,1024,0.01,0,7445337,False
vectorized,Mul,int64_t,mean,1024,0.01,1,15762427,False
naive,Mul,int64_t,mean,1024,0.01,1,7393692,False
vectorized,Mul,int64_t,mean,1024,0.01,2,14898123,False
naive,Mul,int64_t,mean,1024,0.01,2,6668652,False
vectorized,Mul,int64_t,mean,1024,0.01,3,16024153,False
naive,Mul,int64_t,mean,1024,0.01,3,7314439,False
vectorized,Mul,int64_t,mean,1024,0.01,4,15896534,False
naive,Mul,int64_t,mean,1024,0.01,4,7434382,False
vectorized,Mul,int64_t,mean,1024,0.01,5,15522813,False
naive,Mul,int64_t,mean,1024,0.01,5,7357384,False
vectorized,Mul,int64_t,mean,1024,0.01,6,14557289,False
naive,Mul,int64_t,mean,1024,0.01,6,7593418,False
vectorized,Mul,int64_t,mean,1024,0.01,7,16256920,False
naive,Mul,int64_t,mean,1024,0.01,7,7444920,False
vectorized,Mul,int64_t,mean,1024,0.01,8,15637885,False
naive,Mul,int64_t,mean,1024,0.01,8,7359117,False
vectorized,Mul,int64_t,mean,1024,0.01,9,14302080,False
naive,Mul,int64_t,mean,1024,0.01,9,7193381,False
vectorized,Mul,int64_t,mean,1024,0.05,0,15927876,False
naive,Mul,int64_t,mean,1024,0.05,0,6244428,False
vectorized,Mul,int64_t,mean,1024,0.05,1,15153742,False
naive,Mul,int64_t,mean,1024,0.05,1,6832457,False
vectorized,Mul,int64_t,mean,1024,0.05,2,15163832,False
naive,Mul,int64_t,mean,1024,0.05,2,7045922,False
vectorized,Mul,int64_t,mean,1024,0.05,3,14577422,False
naive,Mul,int64_t,mean,1024,0.05,3,6779496,False
vectorized,Mul,int64_t,mean,1024,0.05,4,15501000,False
naive,Mul,int64_t,mean,1024,0.05,4,6783531,False
vectorized,Mul,int64_t,mean,1024,0.05,5,14500248,False
naive,Mul,int64_t,mean,1024,0.05,5,6816221,False
vectorized,Mul,int64_t,mean,1024,0.05,6,13741286,False
naive,Mul,int64_t,mean,1024,0.05,6,6918903,False
vectorized,Mul,int64_t,mean,1024,0.05,7,15104326,False
naive,Mul,int64_t,mean,1024,0.05,7,6923146,False
vectorized,Mul,int64_t,mean,1024,0.05,8,15276083,False
naive,Mul,int64_t,mean,1024,0.05,8,6996483,False
vectorized,Mul,int64_t,mean,1024,0.05,9,15451880,False
naive,Mul,int64_t,mean,1024,0.05,9,6688583,False
vectorized,Mul,int64_t,mean,1024,0.1,0,15235294,False
naive,Mul,int64_t,mean,1024,0.1,0,6556786,False
vectorized,Mul,int64_t,mean,1024,0.1,1,14784475,False
naive,Mul,int64_t,mean,1024,0.1,1,6320882,False
vectorized,Mul,int64_t,mean,1024,0.1,2,14832403,False
naive,Mul,int64_t,mean,1024,0.1,2,6233932,False
vectorized,Mul,int64_t,mean,1024,0.1,3,15046464,False
naive,Mul,int64_t,mean,1024,0.1,3,6408362,False
vectorized,Mul,int64_t,mean,1024,0.1,4,15030021,False
naive,Mul,int64_t,mean,1024,0.1,4,6321320,False
vectorized,Mul,int64_t,mean,1024,0.1,5,14982661,False
naive,Mul,int64_t,mean,1024,0.1,5,6412923,False
vectorized,Mul,int64_t,mean,1024,0.1,6,14536725,False
naive,Mul,int64_t,mean,1024,0.1,6,6988541,False
vectorized,Mul,int64_t,mean,1024,0.1,7,14725602,False
naive,Mul,int64_t,mean,1024,0.1,7,6237980,False
vectorized,Mul,int64_t,mean,1024,0.1,8,14142807,False
naive,Mul,int64_t,mean,1024,0.1,8,6444197,False
vectorized,Mul,int64_t,mean,1024,0.1,9,14028084,False
naive,Mul,int64_t,mean,1024,0.1,9,6376154,False
vectorized,Mul,int64_t,mean,1024,0.2,0,15683286,False
naive,Mul,int64_t,mean,1024,0.2,0,6367997,False
vectorized,Mul,int64_t,mean,1024,0.2,1,14854634,False
naive,Mul,int64_t,mean,1024,0.2,1,6588008,False
vectorized,Mul,int64_t,mean,1024,0.2,2,15042324,False
naive,Mul,int64_t,mean,1024,0.2,2,6623314,False
vectorized,Mul,int64_t,mean,1024,0.2,3,14827161,False
naive,Mul,int64_t,mean,1024,0.2,3,6467035,False
vectorized,Mul,int64_t,mean,1024,0.2,4,16169560,False
naive,Mul,int64_t,mean,1024,0.2,4,6310526,False
vectorized,Mul,int64_t,mean,1024,0.2,5,15606734,False
naive,Mul,int64_t,mean,1024,0.2,5,6329212,False
vectorized,Mul,int64_t,mean,1024,0.2,6,14208044,False
naive,Mul,int64_t,mean,1024,0.2,6,6187133,False
vectorized,Mul,int64_t,mean,1024,0.2,7,14968791,False
naive,Mul,int64_t,mean,1024,0.2,7,6302069,False
vectorized,Mul,int64_t,mean,1024,0.2,8,15165445,False
naive,Mul,int64_t,mean,1024,0.2,8,6248817,False
vectorized,Mul,int64_t,mean,1024,0.2,9,14141521,False
naive,Mul,int64_t,mean,1024,0.2,9,6562357,False
vectorized,Mul,int64_t,mean,1024,0.25,0,15236721,False
naive,Mul,int64_t,mean,1024,0.25,0,6254310,False
vectorized,Mul,int64_t,mean,1024,0.25,1,13752916,False
naive,Mul,int64_t,mean,1024,0.25,1,6426772,False
vectorized,Mul,int64_t,mean,1024,0.25,2,15525942,False
naive,Mul,int64_t,mean,1024,0.25,2,6222486,False
vectorized,Mul,int64_t,mean,1024,0.25,3,15613965,False
naive,Mul,int64_t,mean,1024,0.25,3,6111463,False
vectorized,Mul,int64_t,mean,1024,0.25,4,14903372,False
naive,Mul,int64_t,mean,1024,0.25,4,6354619,False
vectorized,Mul,int64_t,mean,1024,0.25,5,15210866,False
naive,Mul,int64_t,mean,1024,0.25,5,6384551,False
vectorized,Mul,int64_t,mean,1024,0.25,6,15212912,False
naive,Mul,int64_t,mean,1024,0.25,6,6456914,False
vectorized,Mul,int64_t,mean,1024,0.25,7,14557199,False
naive,Mul,int64_t,mean,1024,0.25,7,6516564,False
vectorized,Mul,int64_t,mean,1024,0.25,8,15432552,False
naive,Mul,int64_t,mean,1024,0.25,8,6202555,False
vectorized,Mul,int64_t,mean,1024,0.25,9,14843308,False
naive,Mul,int64_t,mean,1024,0.25,9,6453301,False
vectorized,Mul,int64_t,mean,1024,1.0,0,13911479,True
naive,Mul,int64_t,mean,1024,1.0,0,8553605,True
vectorized,Mul,int64_t,mean,1024,1.0,1,12784730,True
naive,Mul,int64_t,mean,1024,1.0,1,8597404,True
vectorized,Mul,int64_t,mean,1024,1.0,2,13826946,True
naive,Mul,int64_t,mean,1024,1.0,2,7322317,True
vectorized,Mul,int64_t,mean,1024,1.0,3,13414951,True
naive,Mul,int64_t,mean,1024,1.0,3,8610119,True
vectorized,Mul,int64_t,mean,1024,1.0,4,13740598,True
naive,Mul,int64_t,mean,1024,1.0,4,8935862,True
vectorized,Mul,int64_t,mean,1024,1.0,5,13420883,True
naive,Mul,int64_t,mean,1024,1.0,5,7256581,True
vectorized,Mul,int64_t,mean,1024,1.0,6,13767142,True
naive,Mul,int64_t,mean,1024,1.0,6,8905699,True
vectorized,Mul,int64_t,mean,1024,1.0,7,13812112,True
naive,Mul,int64_t,mean,1024,1.0,7,8628875,True
vectorized,Mul,int64_t,mean,1024,1.0,8,13674374,True
naive,Mul,int64_t,mean,1024,1.0,8,8707764,True
vectorized,Mul,int64_t,mean,1024,1.0,9,13567141,True
naive,Mul,int64_t,mean,1024,1.0,9,8624511,True
vectorized,Mul,int64_t,mean,2048,0.001,0,41095233,False
naive,Mul,int64_t,mean,2048,0.001,0,27796540,False
vectorized,Mul,int64_t,mean,2048,0.001,1,50218723,False
naive,Mul,int64_t,mean,2048,0.001,1,27914456,False
vectorized,Mul,int64_t,mean,2048,0.001,2,39831613,False
naive,Mul,int64_t,mean,2048,0.001,2,26871507,False
vectorized,Mul,int64_t,mean,2048,0.001,3,39858413,False
naive,Mul,int64_t,mean,2048,0.001,3,28012350,False
vectorized,Mul,int64_t,mean,2048,0.001,4,46030264,False
naive,Mul,int64_t,mean,2048,0.001,4,28546086,False
vectorized,Mul,int64_t,mean,2048,0.001,5,45772214,False
naive,Mul,int64_t,mean,2048,0.001,5,27876559,False
vectorized,Mul,int64_t,mean,2048,0.001,6,51076005,False
naive,Mul,int64_t,mean,2048,0.001,6,26825422,False
vectorized,Mul,int64_t,mean,2048,0.001,7,49454376,False
naive,Mul,int64_t,mean,2048,0.001,7,27741744,False
vectorized,Mul,int64_t,mean,2048,0.001,8,38984029,False
naive,Mul,int64_t,mean,2048,0.001,8,26889818,False
vectorized,Mul,int64_t,mean,2048,0.001,9,45627987,False
naive,Mul,int64_t,mean,2048,0.001,9,27762848,False
vectorized,Mul,int64_t,mean,2048,0.01,0,41023238,False
naive,Mul,int64_t,mean,2048,0.01,0,28054857,False
vectorized,Mul,int64_t,mean,2048,0.01,1,41378482,False
naive,Mul,int64_t,mean,2048,0.01,1,27933761,False
vectorized,Mul,int64_t,mean,2048,0.01,2,40402921,False
naive,Mul,int64_t,mean,2048,0.01,2,26878616,False
vectorized,Mul,int64_t,mean,2048,0.01,3,40341340,False
naive,Mul,int64_t,mean,2048,0.01,3,27023160,False
vectorized,Mul,int64_t,mean,2048,0.01,4,45966376,False
naive,Mul,int64_t,mean,2048,0.01,4,27862769,False
vectorized,Mul,int64_t,mean,2048,0.01,5,48543018,False
naive,Mul,int64_t,mean,2048,0.01,5,27913943,False
vectorized,Mul,int64_t,mean,2048,0.01,6,41895332,False
naive,Mul,int64_t,mean,2048,0.01,6,28107174,False
vectorized,Mul,int64_t,mean,2048,0.01,7,51234935,False
naive,Mul,int64_t,mean,2048,0.01,7,27820065,False
vectorized,Mul,int64_t,mean,2048,0.01,8,40064268,False
naive,Mul,int64_t,mean,2048,0.01,8,27126420,False
vectorized,Mul,int64_t,mean,2048,0.01,9,48682352,False
naive,Mul,int64_t,mean,2048,0.01,9,27746661,False
vectorized,Mul,int64_t,mean,2048,0.05,0,49882026,False
naive,Mul,int64_t,mean,2048,0.05,0,28158846,False
vectorized,Mul,int64_t,mean,2048,0.05,1,45592847,False
naive,Mul,int64_t,mean,2048,0.05,1,27412015,False
vectorized,Mul,int64_t,mean,2048,0.05,2,45012683,False
naive,Mul,int64_t,mean,2048,0.05,2,26932854,False
vectorized,Mul,int64_t,mean,2048,0.05,3,48777825,False
naive,Mul,int64_t,mean,2048,0.05,3,27030260,False
vectorized,Mul,int64_t,mean,2048,0.05,4,49936971,False
naive,Mul,int64_t,mean,2048,0.05,4,28228937,False
vectorized,Mul,int64_t,mean,2048,0.05,5,41184111,False
naive,Mul,int64_t,mean,2048,0.05,5,28012251,False
vectorized,Mul,int64_t,mean,2048,0.05,6,48594433,False
naive,Mul,int64_t,mean,2048,0.05,6,26935519,False
vectorized,Mul,int64_t,mean,2048,0.05,7,46192844,False
naive,Mul,int64_t,mean,2048,0.05,7,27017595,False
vectorized,Mul,int64_t,mean,2048,0.05,8,45250121,False
naive,Mul,int64_t,mean,2048,0.05,8,27772476,False
vectorized,Mul,int64_t,mean,2048,0.05,9,45037391,False
naive,Mul,int64_t,mean,2048,0.05,9,27957423,False
vectorized,Mul,int64_t,mean,2048,0.1,0,51416632,False
naive,Mul,int64_t,mean,2048,0.1,0,27034030,False
vectorized,Mul,int64_t,mean,2048,0.1,1,40585053,False
naive,Mul,int64_t,mean,2048,0.1,1,27015962,False
vectorized,Mul,int64_t,mean,2048,0.1,2,40065526,False
naive,Mul,int64_t,mean,2048,0.1,2,27907951,False
vectorized,Mul,int64_t,mean,2048,0.1,3,39817818,False
naive,Mul,int64_t,mean,2048,0.1,3,27020249,False
vectorized,Mul,int64_t,mean,2048,0.1,4,43345688,False
naive,Mul,int64_t,mean,2048,0.1,4,28018589,False
vectorized,Mul,int64_t,mean,2048,0.1,5,45222770,False
naive,Mul,int64_t,mean,2048,0.1,5,28057552,False
vectorized,Mul,int64_t,mean,2048,0.1,6,45419995,False
naive,Mul,int64_t,mean,2048,0.1,6,27842251,False
vectorized,Mul,int64_t,mean,2048,0.1,7,40797771,False
naive,Mul,int64_t,mean,2048,0.1,7,28061540,False
vectorized,Mul,int64_t,mean,2048,0.1,8,45022566,False
naive,Mul,int64_t,mean,2048,0.1,8,28136501,False
vectorized,Mul,int64_t,mean,2048,0.1,9,39950235,False
naive,Mul,int64_t,mean,2048,0.1,9,28717776,False
vectorized,Mul,int64_t,mean,2048,0.2,0,47257545,False
naive,Mul,int64_t,mean,2048,0.2,0,27014969,False
vectorized,Mul,int64_t,mean,2048,0.2,1,39835449,False
naive,Mul,int64_t,mean,2048,0.2,1,28203379,False
vectorized,Mul,int64_t,mean,2048,0.2,2,46169879,False
naive,Mul,int64_t,mean,2048,0.2,2,28300073,False
vectorized,Mul,int64_t,mean,2048,0.2,3,38715416,False
naive,Mul,int64_t,mean,2048,0.2,3,28007793,False
vectorized,Mul,int64_t,mean,2048,0.2,4,42959003,False
naive,Mul,int64_t,mean,2048,0.2,4,28021301,False
vectorized,Mul,int64_t,mean,2048,0.2,5,49891489,False
naive,Mul,int64_t,mean,2048,0.2,5,26994231,False
vectorized,Mul,int64_t,mean,2048,0.2,6,40852191,False
naive,Mul,int64_t,mean,2048,0.2,6,27950284,False
vectorized,Mul,int64_t,mean,2048,0.2,7,48051198,False
naive,Mul,int64_t,mean,2048,0.2,7,28124217,False
vectorized,Mul,int64_t,mean,2048,0.2,8,38465683,False
naive,Mul,int64_t,mean,2048,0.2,8,28962193,False
vectorized,Mul,int64_t,mean,2048,0.2,9,50242450,False
naive,Mul,int64_t,mean,2048,0.2,9,27001562,False
vectorized,Mul,int64_t,mean,2048,0.25,0,44729091,False
naive,Mul,int64_t,mean,2048,0.25,0,29182854,False
vectorized,Mul,int64_t,mean,2048,0.25,1,39894277,False
naive,Mul,int64_t,mean,2048,0.25,1,28084152,False
vectorized,Mul,int64_t,mean,2048,0.25,2,50116589,False
naive,Mul,int64_t,mean,2048,0.25,2,27054090,False
vectorized,Mul,int64_t,mean,2048,0.25,3,46204148,False
naive,Mul,int64_t,mean,2048,0.25,3,28069948,False
vectorized,Mul,int64_t,mean,2048,0.25,4,40015215,False
naive,Mul,int64_t,mean,2048,0.25,4,28129009,False
vectorized,Mul,int64_t,mean,2048,0.25,5,49375791,False
naive,Mul,int64_t,mean,2048,0.25,5,27016689,False
vectorized,Mul,int64_t,mean,2048,0.25,6,50135848,False
naive,Mul,int64_t,mean,2048,0.25,6,26977828,False
vectorized,Mul,int64_t,mean,2048,0.25,7,44868337,False
naive,Mul,int64_t,mean,2048,0.25,7,28765716,False
vectorized,Mul,int64_t,mean,2048,0.25,8,39785786,False
naive,Mul,int64_t,mean,2048,0.25,8,27231327,False
vectorized,Mul,int64_t,mean,2048,0.25,9,49906072,False
naive,Mul,int64_t,mean,2048,0.25,9,28072754,False
vectorized,Mul,int64_t,mean,2048,1.0,0,39601087,True
naive,Mul,int64_t,mean,2048,1.0,0,27773011,True
vectorized,Mul,int64_t,mean,2048,1.0,1,39118758,True
naive,Mul,int64_t,mean,2048,1.0,1,27975405,True
vectorized,Mul,int64_t,mean,2048,1.0,2,50136908,True
naive,Mul,int64_t,mean,2048,1.0,2,28111916,True
vectorized,Mul,int64_t,mean,2048,1.0,3,39970670,True
naive,Mul,int64_t,mean,2048,1.0,3,27894587,True
vectorized,Mul,int64_t,mean,2048,1.0,4,48771141,True
naive,Mul,int64_t,mean,2048,1.0,4,30063711,True
vectorized,Mul,int64_t,mean,2048,1.0,5,45128639,True
naive,Mul,int64_t,mean,2048,1.0,5,27995987,True
vectorized,Mul,int64_t,mean,2048,1.0,6,49288660,True
naive,Mul,int64_t,mean,2048,1.0,6,28225506,True
vectorized,Mul,int64_t,mean,2048,1.0,7,40212342,True
naive,Mul,int64_t,mean,2048,1.0,7,28553224,True
vectorized,Mul,int64_t,mean,2048,1.0,8,48205724,True
naive,Mul,int64_t,mean,2048,1.0,8,28042509,True
vectorized,Mul,int64_t,mean,2048,1.0,9,48305483,True
naive,Mul,int64_t,mean,2048,1.0,9,27936246,True
vectorized,Mul,int64_t,mean,4096,0.001,0,145364838,False
naive,Mul,int64_t,mean,4096,0.001,0,112826246,False
vectorized,Mul,int64_t,mean,4096,0.001,1,147781685,False
naive,Mul,int64_t,mean,4096,0.001,1,110175989,False
vectorized,Mul,int64_t,mean,4096,0.001,2,146082443,False
naive,Mul,int64_t,mean,4096,0.001,2,112258588,False
vectorized,Mul,int64_t,mean,4096,0.001,3,143298095,False
naive,Mul,int64_t,mean,4096,0.001,3,113117856,False
vectorized,Mul,int64_t,mean,4096,0.001,4,140413155,False
naive,Mul,int64_t,mean,4096,0.001,4,111131075,False
vectorized,Mul,int64_t,mean,4096,0.001,5,131601655,False
naive,Mul,int64_t,mean,4096,0.001,5,112670411,False
vectorized,Mul,int64_t,mean,4096,0.001,6,143955604,False
naive,Mul,int64_t,mean,4096,0.001,6,112656638,False
vectorized,Mul,int64_t,mean,4096,0.001,7,147911884,False
naive,Mul,int64_t,mean,4096,0.001,7,112734077,False
vectorized,Mul,int64_t,mean,4096,0.001,8,143871452,False
naive,Mul,int64_t,mean,4096,0.001,8,109736370,False
vectorized,Mul,int64_t,mean,4096,0.001,9,134970395,False
naive,Mul,int64_t,mean,4096,0.001,9,110744664,False
vectorized,Mul,int64_t,mean,4096,0.01,0,142839638,False
naive,Mul,int64_t,mean,4096,0.01,0,112747672,False
vectorized,Mul,int64_t,mean,4096,0.01,1,144051006,False
naive,Mul,int64_t,mean,4096,0.01,1,111653401,False
vectorized,Mul,int64_t,mean,4096,0.01,2,139457429,False
naive,Mul,int64_t,mean,4096,0.01,2,113026538,False
vectorized,Mul,int64_t,mean,4096,0.01,3,152194065,False
naive,Mul,int64_t,mean,4096,0.01,3,119399100,False
vectorized,Mul,int64_t,mean,4096,0.01,4,154779188,False
naive,Mul,int64_t,mean,4096,0.01,4,113406618,False
vectorized,Mul,int64_t,mean,4096,0.01,5,163514539,False
naive,Mul,int64_t,mean,4096,0.01,5,112630109,False
vectorized,Mul,int64_t,mean,4096,0.01,6,152655618,False
naive,Mul,int64_t,mean,4096,0.01,6,112667600,False
vectorized,Mul,int64_t,mean,4096,0.01,7,144845993,False
naive,Mul,int64_t,mean,4096,0.01,7,110343920,False
vectorized,Mul,int64_t,mean,4096,0.01,8,151005157,False
naive,Mul,int64_t,mean,4096,0.01,8,113532675,False
vectorized,Mul,int64_t,mean,4096,0.01,9,141209240,False
naive,Mul,int64_t,mean,4096,0.01,9,113210147,False
vectorized,Mul,int64_t,mean,4096,0.05,0,142667732,False
naive,Mul,int64_t,mean,4096,0.05,0,110129533,False
vectorized,Mul,int64_t,mean,4096,0.05,1,142709867,False
naive,Mul,int64_t,mean,4096,0.05,1,113100212,False
vectorized,Mul,int64_t,mean,4096,0.05,2,138994646,False
naive,Mul,int64_t,mean,4096,0.05,2,112774811,False
vectorized,Mul,int64_t,mean,4096,0.05,3,144805726,False
naive,Mul,int64_t,mean,4096,0.05,3,109949316,False
vectorized,Mul,int64_t,mean,4096,0.05,4,145836198,False
naive,Mul,int64_t,mean,4096,0.05,4,113690014,False
vectorized,Mul,int64_t,mean,4096,0.05,5,137663393,False
naive,Mul,int64_t,mean,4096,0.05,5,113451387,False
vectorized,Mul,int64_t,mean,4096,0.05,6,170067922,False
naive,Mul,int64_t,mean,4096,0.05,6,113128117,False
vectorized,Mul,int64_t,mean,4096,0.05,7,144256728,False
naive,Mul,int64_t,mean,4096,0.05,7,110964815,False
vectorized,Mul,int64_t,mean,4096,0.05,8,144460617,False
naive,Mul,int64_t,mean,4096,0.05,8,113974957,False
vectorized,Mul,int64_t,mean,4096,0.05,9,171400842,False
naive,Mul,int64_t,mean,4096,0.05,9,109977208,False
vectorized,Mul,int64_t,mean,4096,0.1,0,150336918,False
naive,Mul,int64_t,mean,4096,0.1,0,113691532,False
vectorized,Mul,int64_t,mean,4096,0.1,1,140755355,False
naive,Mul,int64_t,mean,4096,0.1,1,113460280,False
vectorized,Mul,int64_t,mean,4096,0.1,2,139576985,False
naive,Mul,int64_t,mean,4096,0.1,2,112520876,False
vectorized,Mul,int64_t,mean,4096,0.1,3,141121449,False
naive,Mul,int64_t,mean,4096,0.1,3,112533186,False
vectorized,Mul,int64_t,mean,4096,0.1,4,147962282,False
naive,Mul,int64_t,mean,4096,0.1,4,110289614,False
vectorized,Mul,int64_t,mean,4096,0.1,5,143793312,False
naive,Mul,int64_t,mean,4096,0.1,5,112956953,False
vectorized,Mul,int64_t,mean,4096,0.1,6,139385563,False
naive,Mul,int64_t,mean,4096,0.1,6,113106904,False
vectorized,Mul,int64_t,mean,4096,0.1,7,139052970,False
naive,Mul,int64_t,mean,4096,0.1,7,113311517,False
vectorized,Mul,int64_t,mean,4096,0.1,8,140334679,False
naive,Mul,int64_t,mean,4096,0.1,8,112762417,False
vectorized,Mul,int64_t,mean,4096,0.1,9,148485945,False
naive,Mul,int64_t,mean,4096,0.1,9,111149899,False
vectorized,Mul,int64_t,mean,4096,0.2,0,143972684,False
naive,Mul,int64_t,mean,4096,0.2,0,111991778,False
vectorized,Mul,int64_t,mean,4096,0.2,1,145940968,False
naive,Mul,int64_t,mean,4096,0.2,1,110873516,False
vectorized,Mul,int64_t,mean,4096,0.2,2,151468070,False
naive,Mul,int64_t,mean,4096,0.2,2,112691823,False
vectorized,Mul,int64_t,mean,4096,0.2,3,142758586,False
naive,Mul,int64_t,mean,4096,0.2,3,113371788,False
vectorized,Mul,int64_t,mean,4096,0.2,4,139675999,False
naive,Mul,int64_t,mean,4096,0.2,4,112736717,False
vectorized,Mul,int64_t,mean,4096,0.2,5,143640069,False
naive,Mul,int64_t,mean,4096,0.2,5,112735193,False
vectorized,Mul,int64_t,mean,4096,0.2,6,153066563,False
naive,Mul,int64_t,mean,4096,0.2,6,112959693,False
vectorized,Mul,int64_t,mean,4096,0.2,7,138105974,False
naive,Mul,int64_t,mean,4096,0.2,7,113269340,False
vectorized,Mul,int64_t,mean,4096,0.2,8,150307972,False
naive,Mul,int64_t,mean,4096,0.2,8,111928212,False
vectorized,Mul,int64_t,mean,4096,0.2,9,143851607,False
naive,Mul,int64_t,mean,4096,0.2,9,109930096,False
vectorized,Mul,int64_t,mean,4096,0.25,0,151467804,False
naive,Mul,int64_t,mean,4096,0.25,0,110854108,False
vectorized,Mul,int64_t,mean,4096,0.25,1,153087779,False
naive,Mul,int64_t,mean,4096,0.25,1,117360035,False
vectorized,Mul,int64_t,mean,4096,0.25,2,144814465,False
naive,Mul,int64_t,mean,4096,0.25,2,112534471,False
vectorized,Mul,int64_t,mean,4096,0.25,3,137413770,False
naive,Mul,int64_t,mean,4096,0.25,3,113301154,False
vectorized,Mul,int64_t,mean,4096,0.25,4,148166276,False
naive,Mul,int64_t,mean,4096,0.25,4,111410690,False
vectorized,Mul,int64_t,mean,4096,0.25,5,149274436,False
naive,Mul,int64_t,mean,4096,0.25,5,113597847,False
vectorized,Mul,int64_t,mean,4096,0.25,6,146359656,False
naive,Mul,int64_t,mean,4096,0.25,6,112540720,False
vectorized,Mul,int64_t,mean,4096,0.25,7,144476293,False
naive,Mul,int64_t,mean,4096,0.25,7,111192144,False
vectorized,Mul,int64_t,mean,4096,0.25,8,145647411,False
naive,Mul,int64_t,mean,4096,0.25,8,110111658,False
vectorized,Mul,int64_t,mean,4096,0.25,9,146519102,False
naive,Mul,int64_t,mean,4096,0.25,9,110489139,False
vectorized,Mul,int64_t,mean,4096,1.0,0,146390040,True
naive,Mul,int64_t,mean,4096,1.0,0,117863099,True
vectorized,Mul,int64_t,mean,4096,1.0,1,140409299,True
naive,Mul,int64_t,mean,4096,1.0,1,112985253,True
vectorized,Mul,int64_t,mean,4096,1.0,2,154636953,True
naive,Mul,int64_t,mean,4096,1.0,2,112902948,True
vectorized,Mul,int64_t,mean,4096,1.0,3,142285466,True
naive,Mul,int64_t,mean,4096,1.0,3,110401968,True
vectorized,Mul,int64_t,mean,4096,1.0,4,140415570,True
naive,Mul,int64_t,mean,4096,1.0,4,113959255,True
vectorized,Mul,int64_t,mean,4096,1.0,5,152601739,True
naive,Mul,int64_t,mean,4096,1.0,5,117051297,True
vectorized,Mul,int64_t,mean,4096,1.0,6,145024557,True
naive,Mul,int64_t,mean,4096,1.0,6,112671936,True
vectorized,Mul,int64_t,mean,4096,1.0,7,135611962,True
naive,Mul,int64_t,mean,4096,1.0,7,111944742,True
vectorized,Mul,int64_t,mean,4096,1.0,8,143988523,True
naive,Mul,int64_t,mean,4096,1.0,8,110388028,True
vectorized,Mul,int64_t,mean,4096,1.0,9,132642094,True
naive,Mul,int64_t,mean,4096,1.0,9,110634040,True
vectorized,Mul,int64_t,min,1024,0.001,0,9095524,False
naive,Mul,int64_t,min,1024,0.001,0,5638493,False
vectorized,Mul,int64_t,min,1024,0.001,1,8548049,False
naive,Mul,int64_t,min,1024,0.001,1,5322632,False
vectorized,Mul,int64_t,min,1024,0.001,2,9270485,False
naive,Mul,int64_t,min,1024,0.001,2,6264769,False
vectorized,Mul,int64_t,min,1024,0.001,3,8858264,False
naive,Mul,int64_t,min,1024,0.001,3,5456182,False
vectorized,Mul,int64_t,min,1024,0.001,4,10001020,False
naive,Mul,int64_t,min,1024,0.001,4,5399884,False
vectorized,Mul,int64_t,min,1024,0.001,5,8061187,False
naive,Mul,int64_t,min,1024,0.001,5,4782634,False
vectorized,Mul,int64_t,min,1024,0.001,6,7690974,False
naive,Mul,int64_t,min,1024,0.001,6,5476701,False
vectorized,Mul,int64_t,min,1024,0.001,7,9022317,False
naive,Mul,int64_t,min,1024,0.001,7,5598307,False
vectorized,Mul,int64_t,min,1024,0.001,8,8076196,False
naive,Mul,int64_t,min,1024,0.001,8,4128857,False
vectorized,Mul,int64_t,min,1024,0.001,9,9315538,False
naive,Mul,int64_t,min,1024,0.001,9,5545094,False
vectorized,Mul,int64_t,min,1024,0.01,0,9672890,False
naive,Mul,int64_t,min,1024,0.01,0,5337843,False
vectorized,Mul,int64_t,min,1024,0.01,1,9418171,False
naive,Mul,int64_t,min,1024,0.01,1,5047598,False
vectorized,Mul,int64_t,min,1024,0.01,2,8082138,False
naive,Mul,int64_t,min,1024,0.01,2,5422328,False
vectorized,Mul,int64_t,min,1024,0.01,3,8890064,False
naive,Mul,int64_t,min,1024,0.01,3,5360346,False
vectorized,Mul,int64_t,min,1024,0.01,4,8476846,False
naive,Mul,int64_t,min,1024,0.01,4,5192944,False
vectorized,Mul,int64_t,min,1024,0.01,5,8329308,False
naive,Mul,int64_t,min,1024,0.01,5,5470028,False
vectorized,Mul,int64_t,min,1024,0.01,6,8538914,False
naive,Mul,int64_t,min,1024,0.01,6,5195330,False
vectorized,Mul,int64_t,min,1024,0.01,7,8729604,False
naive,Mul,int64_t,min,1024,0.01,7,5248023,False
vectorized,Mul,int64_t,min,1024,0.01,8,8693955,False
naive,Mul,int64_t,min,1024,0.01,8,5414798,False
vectorized,Mul,int64_t,min,1024,0.01,9,8189933,False
naive,Mul,int64_t,min,1024,0.01,9,5077021,False
vectorized,Mul,int64_t,min,1024,0.05,0,8363434,False
naive,Mul,int64_t,min,1024,0.05,0,4814366,False
vectorized,Mul,int64_t,min,1024,0.05,1,8933989,False
naive,Mul,int64_t,min,1024,0.05,1,4723570,False
vectorized,Mul,int64_t,min,1024,0.05,2,8266816,False
naive,Mul,int64_t,min,1024,0.05,2,4927602,False
vectorized,Mul,int64_t,min,1024,0.05,3,8809671,False
naive,Mul,int64_t,min,1024,0.05,3,4871361,False
vectorized,Mul,int64_t,min,1024,0.05,4,8423149,False
naive,Mul,int64_t,min,1024,0.05,4,4566146,False
vectorized,Mul,int64_t,min,1024,0.05,5,8073836,False
naive,Mul,int64_t,min,1024,0.05,5,4557615,False
vectorized,Mul,int64_t,min,1024,0.05,6,8376358,False
naive,Mul,int64_t,min,1024,0.05,6,4869729,False
vectorized,Mul,int64_t,min,1024,0.05,7,7825795,False
naive,Mul,int64_t,min,1024,0.05,7,4230807,False
vectorized,Mul,int64_t,min,1024,0.05,8,8183627,False
naive,Mul,int64_t,min,1024,0.05,8,4220024,False
vectorized,Mul,int64_t,min,1024,0.05,9,8363990,False
naive,Mul,int64_t,min,1024,0.05,9,4682242,False
vectorized,Mul,int64_t,min,1024,0.1,0,8031779,False
naive,Mul,int64_t,min,1024,0.1,0,4414135,False
vectorized,Mul,int64_t,min,1024,0.1,1,8067744,False
naive,Mul,int64_t,min,1024,0.1,1,4263588,False
vectorized,Mul,int64_t,min,1024,0.1,2,7972697,False
naive,Mul,int64_t,min,1024,0.1,2,4289525,False
vectorized,Mul,int64_t,min,1024,0.1,3,8025294,False
naive,Mul,int64_t,min,1024,0.1,3,4362199,False
vectorized,Mul,int64_t,min,1024,0.1,4,8367579,False
naive,Mul,int64_t,min,1024,0.1,4,4425933,False
vectorized,Mul,int64_t,min,1024,0.1,5,8466075,False
naive,Mul,int64_t,min,1024,0.1,5,5260319,False
vectorized,Mul,int64_t,min,1024,0.1,6,8204954,False
naive,Mul,int64_t,min,1024,0.1,6,4329509,False
vectorized,Mul,int64_t,min,1024,0.1,7,7991562,False
naive,Mul,int64_t,min,1024,0.1,7,4282686,False
vectorized,Mul,int64_t,min,1024,0.1,8,7816143,False
naive,Mul,int64_t,min,1024,0.1,8,4256397,False
vectorized,Mul,int64_t,min,1024,0.1,9,8461503,False
naive,Mul,int64_t,min,1024,0.1,9,4251468,False
vectorized,Mul,int64_t,min,1024,0.2,0,7990527,False
naive,Mul,int64_t,min,1024,0.2,0,4415646,False
vectorized,Mul,int64_t,min,1024,0.2,1,8058363,False
naive,Mul,int64_t,min,1024,0.2,1,4362954,False
vectorized,Mul,int64_t,min,1024,0.2,2,8007454,False
naive,Mul,int64_t,min,1024,0.2,2,4256616,False
vectorized,Mul,int64_t,min,1024,0.2,3,8024615,False
naive,Mul,int64_t,min,1024,0.2,3,4698600,False
vectorized,Mul,int64_t,min,1024,0.2,4,9082092,False
naive,Mul,int64_t,min,1024,0.2,4,4240088,False
vectorized,Mul,int64_t,min,1024,0.2,5,8290191,False
naive,Mul,int64_t,min,1024,0.2,5,4331975,False
vectorized,Mul,int64_t,min,1024,0.2,6,7826292,False
naive,Mul,int64_t,min,1024,0.2,6,4244872,False
vectorized,Mul,int64_t,min,1024,0.2,7,8372993,False
naive,Mul,int64_t,min,1024,0.2,7,4438967,False
vectorized,Mul,int64_t,min,1024,0.2,8,8367917,False
naive,Mul,int64_t,min,1024,0.2,8,4313036,False
vectorized,Mul,int64_t,min,1024,0.2,9,7827051,False
naive,Mul,int64_t,min,1024,0.2,9,4252862,False
vectorized,Mul,int64_t,min,1024,0.25,0,7939161,False
naive,Mul,int64_t,min,1024,0.25,0,4273804,False
vectorized,Mul,int64_t,min,1024,0.25,1,8208007,False
naive,Mul,int64_t,min,1024,0.25,1,4442249,False
vectorized,Mul,int64_t,min,1024,0.25,2,7987229,False
naive,Mul,int64_t,min,1024,0.25,2,4628053,False
vectorized,Mul,int64_t,min,1024,0.25,3,8317693,False
naive,Mul,int64_t,min,1024,0.25,3,4261194,False
vectorized,Mul,int64_t,min,1024,0.25,4,7629616,False
naive,Mul,int64_t,min,1024,0.25,4,4421554,False
vectorized,Mul,int64_t,min,1024,0.25,5,8236297,False
naive,Mul,int64_t,min,1024,0.25,5,4301818,False
vectorized,Mul,int64_t,min,1024,0.25,6,7950193,False
naive,Mul,int64_t,min,1024,0.25,6,4420306,False
vectorized,Mul,int64_t,min,1024,0.25,7,7969766,False
naive,Mul,int64_t,min,1024,0.25,7,4276778,False
vectorized,Mul,int64_t,min,1024,0.25,8,7635802,False
naive,Mul,int64_t,min,1024,0.25,8,4398308,False
vectorized,Mul,int64_t,min,1024,0.25,9,8374395,False
naive,Mul,int64_t,min,1024,0.25,9,4603270,False
vectorized,Mul,int64_t,min,1024,1.0,0,6608139,True
naive,Mul,int64_t,min,1024,1.0,0,5708336,True
vectorized,Mul,int64_t,min,1024,1.0,1,7421304,True
naive,Mul,int64_t,min,1024,1.0,1,6019368,True
vectorized,Mul,int64_t,min,1024,1.0,2,7491871,True
naive,Mul,int64_t,min,1024,1.0,2,5781290,True
vectorized,Mul,int64_t,min,1024,1.0,3,7351907,True
naive,Mul,int64_t,min,1024,1.0,3,5838580,True
vectorized,Mul,int64_t,min,1024,1.0,4,7352204,True
naive,Mul,int64_t,min,1024,1.0,4,5789736,True
vectorized,Mul,int64_t,min,1024,1.0,5,7070158,True
naive,Mul,int64_t,min,1024,1.0,5,5709170,True
vectorized,Mul,int64_t,min,1024,1.0,6,7366311,True
naive,Mul,int64_t,min,1024,1.0,6,5696496,True
vectorized,Mul,int64_t,min,1024,1.0,7,7334403,True
naive,Mul,int64_t,min,1024,1.0,7,5773570,True
vectorized,Mul,int64_t,min,1024,1.0,8,7470559,True
naive,Mul,int64_t,min,1024,1.0,8,5744053,True
vectorized,Mul,int64_t,min,1024,1.0,9,7382514,True
naive,Mul,int64_t,min,1024,1.0,9,5716657,True
vectorized,Mul,int64_t,min,2048,0.001,0,19702076,False
naive,Mul,int64_t,min,2048,0.001,0,17777377,False
vectorized,Mul,int64_t,min,2048,0.001,1,15980015,False
naive,Mul,int64_t,min,2048,0.001,1,19061924,False
vectorized,Mul,int64_t,min,2048,0.001,2,19282981,False
naive,Mul,int64_t,min,2048,0.001,2,17719131,False
vectorized,Mul,int64_t,min,2048,0.001,3,14035232,False
naive,Mul,int64_t,min,2048,0.001,3,17740742,False
vectorized,Mul,int64_t,min,2048,0.001,4,15826547,False
naive,Mul,int64_t,min,2048,0.001,4,16890156,False
vectorized,Mul,int64_t,min,2048,0.001,5,19739201,False
naive,Mul,int64_t,min,2048,0.001,5,17658452,False
vectorized,Mul,int64_t,min,2048,0.001,6,19126680,False
naive,Mul,int64_t,min,2048,0.001,6,16911992,False
vectorized,Mul,int64_t,min,2048,0.001,7,17438886,False
naive,Mul,int64_t,min,2048,0.001,7,17793010,False
vectorized,Mul,int64_t,min,2048,0.001,8,17337589,False
naive,Mul,int64_t,min,2048,0.001,8,17794585,False
vectorized,Mul,int64_t,min,2048,0.001,9,18966034,False
naive,Mul,int64_t,min,2048,0.001,9,17671882,False
vectorized,Mul,int64_t,min,2048,0.01,0,18192849,False
naive,Mul,int64_t,min,2048,0.01,0,16831931,False
vectorized,Mul,int64_t,min,2048,0.01,1,19003860,False
naive,Mul,int64_t,min,2048,0.01,1,16867353,False
vectorized,Mul,int64_t,min,2048,0.01,2,19090638,False
naive,Mul,int64_t,min,2048,0.01,2,16910869,False
vectorized,Mul,int64_t,min,2048,0.01,3,19857464,False
naive,Mul,int64_t,min,2048,0.01,3,17853019,False
vectorized,Mul,int64_t,min,2048,0.01,4,17806529,False
naive,Mul,int64_t,min,2048,0.01,4,17741514,False
vectorized,Mul,int64_t,min,2048,0.01,5,19197833,False
naive,Mul,int64_t,min,2048,0.01,5,18009161,False
vectorized,Mul,int64_t,min,2048,0.01,6,19119160,False
naive,Mul,int64_t,min,2048,0.01,6,17447232,False
vectorized,Mul,int64_t,min,2048,0.01,7,16756030,False
naive,Mul,int64_t,min,2048,0.01,7,16855870,False
vectorized,Mul,int64_t,min,2048,0.01,8,16995308,False
naive,Mul,int64_t,min,2048,0.01,8,17722789,False
vectorized,Mul,int64_t,min,2048,0.01,9,17167023,False
naive,Mul,int64_t,min,2048,0.01,9,17758283,False
vectorized,Mul,int64_t,min,2048,0.05,0,16562353,False
naive,Mul,int64_t,min,2048,0.05,0,16854553,False
vectorized,Mul,int64_t,min,2048,0.05,1,16540047,False
naive,Mul,int64_t,min,2048,0.05,1,16906141,False
vectorized,Mul,int64_t,min,2048,0.05,2,19882634,False
naive,Mul,int64_t,min,2048,0.05,2,18344235,False
vectorized,Mul,int64_t,min,2048,0.05,3,17932012,False
naive,Mul,int64_t,min,2048,0.05,3,16885977,False
vectorized,Mul,int64_t,min,2048,0.05,4,19679591,False
naive,Mul,int64_t,min,2048,0.05,4,18350748,False
vectorized,Mul,int64_t,min,2048,0.05,5,19209024,False
naive,Mul,int64_t,min,2048,0.05,5,16839255,False
vectorized,Mul,int64_t,min,2048,0.05,6,18650654,False
naive,Mul,int64_t,min,2048,0.05,6,17844907,False
vectorized,Mul,int64_t,min,2048,0.05,7,15950985,False
naive,Mul,int64_t,min,2048,0.05,7,17974952,False
vectorized,Mul,int64_t,min,2048,0.05,8,17580344,False
naive,Mul,int64_t,min,2048,0.05,8,17175438,False
vectorized,Mul,int64_t,min,2048,0.05,9,20128251,False
naive,Mul,int64_t,min,2048,0.05,9,17838458,False
vectorized,Mul,int64_t,min,2048,0.1,0,19963485,False
naive,Mul,int64_t,min,2048,0.1,0,17121702,False
vectorized,Mul,int64_t,min,2048,0.1,1,17185403,False
naive,Mul,int64_t,min,2048,0.1,1,16966233,False
vectorized,Mul,int64_t,min,2048,0.1,2,16633368,False
naive,Mul,int64_t,min,2048,0.1,2,17885978,False
vectorized,Mul,int64_t,min,2048,0.1,3,18681470,False
naive,Mul,int64_t,min,2048,0.1,3,16880238,False
vectorized,Mul,int64_t,min,2048,0.1,4,15777532,False
naive,Mul,int64_t,min,2048,0.1,4,17859255,False
vectorized,Mul,int64_t,min,2048,0.1,5,19060847,False
naive,Mul,int64_t,min,2048,0.1,5,17851828,False
vectorized,Mul,int64_t,min,2048,0.1,6,17655534,False
naive,Mul,int64_t,min,2048,0.1,6,16933244,False
vectorized,Mul,int64_t,min,2048,0.1,7,18981180,False
naive,Mul,int64_t,min,2048,0.1,7,19195418,False
vectorized,Mul,int64_t,min,2048,0.1,8,16483864,False
naive,Mul,int64_t,min,2048,0.1,8,18339437,False
vectorized,Mul,int64_t,min,2048,0.1,9,21622833,False
naive,Mul,int64_t,min,2048,0.1,9,16830506,False
vectorized,Mul,int64_t,min,2048,0.2,0,20265080,False
naive,Mul,int64_t,min,2048,0.2,0,17953502,False
vectorized,Mul,int64_t,min,2048,0.2,1,14978782,False
naive,Mul,int64_t,min,2048,0.2,1,18044895,False
vectorized,Mul,int64_t,min,2048,0.2,2,15199349,False
naive,Mul,int64_t,min,2048,0.2,2,17100185,False
vectorized,Mul,int64_t,min,2048,0.2,3,16124187,False
naive,Mul,int64_t,min,2048,0.2,3,19194801,False
vectorized,Mul,int64_t,min,2048,0.2,4,19330723,False
naive,Mul,int64_t,min,2048,0.2,4,17855733,False
vectorized,Mul,int64_t,min,2048,0.2,5,17150637,False
naive,Mul,int64_t,min,2048,0.2,5,18100185,False
vectorized,Mul,int64_t,min,2048,0.2,6,20546439,False
naive,Mul,int64_t,min,2048,0.2,6,17834804,False
vectorized,Mul,int64_t,min,2048,0.2,7,15523134,False
naive,Mul,int64_t,min,2048,0.2,7,17896476,False
vectorized,Mul,int64_t,min,2048,0.2,8,19569918,False
naive,Mul,int64_t,min,2048,0.2,8,19097152,False
vectorized,Mul,int64_t,min,2048,0.2,9,17476582,False
naive,Mul,int64_t,min,2048,0.2,9,17826881,False
vectorized,Mul,int64_t,min,2048,0.25,0,16607376,False
naive,Mul,int64_t,min,2048,0.25,0,17885682,False
vectorized,Mul,int64_t,min,2048,0.25,1,19283278,False
naive,Mul,int64_t,min,2048,0.25,1,17009379,False
vectorized,Mul,int64_t,min,2048,0.25,2,20114554,False
naive,Mul,int64_t,min,2048,0.25,2,17890303,False
vectorized,Mul,int64_t,min,2048,0.25,3,19336941,False
naive,Mul,int64_t,min,2048,0.25,3,17145864,False
vectorized,Mul,int64_t,min,2048,0.25,4,19487831,False
naive,Mul,int64_t,min,2048,0.25,4,17882554,False
vectorized,Mul,int64_t,min,2048,0.25,5,18537311,False
naive,Mul,int64_t,min,2048,0.25,5,17904915,False
vectorized,Mul,int64_t,min,2048,0.25,6,15077537,False
naive,Mul,int64_t,min,2048,0.25,6,17986356,False
vectorized,Mul,int64_t,min,2048,0.25,7,20039632,False
naive,Mul,int64_t,min,2048,0.25,7,17865376,False
vectorized,Mul,int64_t,min,2048,0.25,8,17272520,False
naive,Mul,int64_t,min,2048,0.25,8,16870263,False
vectorized,Mul,int64_t,min,2048,0.25,9,17903057,False
naive,Mul,int64_t,min,2048,0.25,9,19267929,False
vectorized,Mul,int64_t,min,2048,1.0,0,17313873,True
naive,Mul,int64_t,min,2048,1.0,0,18070004,True
vectorized,Mul,int64_t,min,2048,1.0,1,16946170,True
naive,Mul,int64_t,min,2048,1.0,1,18070361,True
vectorized,Mul,int64_t,min,2048,1.0,2,19578731,True
naive,Mul,int64_t,min,2048,1.0,2,19138430,True
vectorized,Mul,int64_t,min,2048,1.0,3,18969012,True
naive,Mul,int64_t,min,2048,1.0,3,16922921,True
vectorized,Mul,int64_t,min,2048,1.0,4,17854231,True
naive,Mul,int64_t,min,2048,1.0,4,17608218,True
vectorized,Mul,int64_t,min,2048,1.0,5,17168009,True
naive,Mul,int64_t,min,2048,1.0,5,17810051,True
vectorized,Mul,int64_t,min,2048,1.0,6,16114419,True
naive,Mul,int64_t,min,2048,1.0,6,17876178,True
vectorized,Mul,int64_t,min,2048,1.0,7,18802722,True
naive,Mul,int64_t,min,2048,1.0,7,17854199,True
vectorized,Mul,int64_t,min,2048,1.0,8,16060231,True
naive,Mul,int64_t,min,2048,1.0,8,17909859,True
vectorized,Mul,int64_t,min,2048,1.0,9,15565135,True
naive,Mul,int64_t,min,2048,1.0,9,17792774,True
vectorized,Mul,int64_t,min,4096,0.001,0,47357470,False
naive,Mul,int64_t,min,4096,0.001,0,71840885,False
vectorized,Mul,int64_t,min,4096,0.001,1,50901353,False
naive,Mul,int64_t,min,4096,0.001,1,77714382,False
vectorized,Mul,int64_t,min,4096,0.001,2,51324971,False
naive,Mul,int64_t,min,4096,0.001,2,72003889,False
vectorized,Mul,int64_t,min,4096,0.001,3,45449194,False
naive,Mul,int64_t,min,4096,0.001,3,71696858,False
vectorized,Mul,int64_t,min,4096,0.001,4,50575953,False
naive,Mul,int64_t,min,4096,0.001,4,72333845,False
vectorized,Mul,int64_t,min,4096,0.001,5,64084161,False
naive,Mul,int64_t,min,4096,0.001,5,71925738,False
vectorized,Mul,int64_t,min,4096,0.001,6,45429209,False
naive,Mul,int64_t,min,4096,0.001,6,71939400,False
vectorized,Mul,int64_t,min,4096,0.001,7,50919628,False
naive,Mul,int64_t,min,4096,0.001,7,71925230,False
vectorized,Mul,int64_t,min,4096,0.001,8,44379549,False
naive,Mul,int64_t,min,4096,0.001,8,68764717,False
vectorized,Mul,int64_t,min,4096,0.001,9,52101126,False
naive,Mul,int64_t,min,4096,0.001,9,72295812,False
vectorized,Mul,int64_t,min,4096,0.01,0,61235110,False
naive,Mul,int64_t,min,4096,0.01,0,72024537,False
vectorized,Mul,int64_t,min,4096,0.01,1,40132085,False
naive,Mul,int64_t,min,4096,0.01,1,74196435,False
vectorized,Mul,int64_t,min,4096,0.01,2,55994789,False
naive,Mul,int64_t,min,4096,0.01,2,71893740,False
vectorized,Mul,int64_t,min,4096,0.01,3,47818697,False
naive,Mul,int64_t,min,4096,0.01,3,71708113,False
vectorized,Mul,int64_t,min,4096,0.01,4,51766905,False
naive,Mul,int64_t,min,4096,0.01,4,79093805,False
vectorized,Mul,int64_t,min,4096,0.01,5,61709136,False
naive,Mul,int64_t,min,4096,0.01,5,72515078,False
vectorized,Mul,int64_t,min,4096,0.01,6,48811073,False
naive,Mul,int64_t,min,4096,0.01,6,72162325,False
vectorized,Mul,int64_t,min,4096,0.01,7,55355441,False
naive,Mul,int64_t,min,4096,0.01,7,71938676,False
vectorized,Mul,int64_t,min,4096,0.01,8,46247249,False
naive,Mul,int64_t,min,4096,0.01,8,77508318,False
vectorized,Mul,int64_t,min,4096,0.01,9,50408242,False
naive,Mul,int64_t,min,4096,0.01,9,69777362,False
vectorized,Mul,int64_t,min,4096,0.05,0,52957951,False
naive,Mul,int64_t,min,4096,0.05,0,77327242,False
vectorized,Mul,int64_t,min,4096,0.05,1,50330441,False
naive,Mul,int64_t,min,4096,0.05,1,72110526,False
vectorized,Mul,int64_t,min,4096,0.05,2,49401020,False
naive,Mul,int64_t,min,4096,0.05,2,74889644,False
vectorized,Mul,int64_t,min,4096,0.05,3,50685861,False
naive,Mul,int64_t,min,4096,0.05,3,69595982,False
vectorized,Mul,int64_t,min,4096,0.05,4,49842292,False
naive,Mul,int64_t,min,4096,0.05,4,77011242,False
vectorized,Mul,int64_t,min,4096,0.05,5,46873998,False
naive,Mul,int64_t,min,4096,0.05,5,71980577,False
vectorized,Mul,int64_t,min,4096,0.05,6,62669356,False
naive,Mul,int64_t,min,4096,0.05,6,77784251,False
vectorized,Mul,int64_t,min,4096,0.05,7,53120126,False
naive,Mul,int64_t,min,4096,0.05,7,71848317,False
vectorized,Mul,int64_t,min,4096,0.05,8,50807839,False
naive,Mul,int64_t,min,4096,0.05,8,70118629,False
vectorized,Mul,int64_t,min,4096,0.05,9,52500805,False
naive,Mul,int64_t,min,4096,0.05,9,72322347,False
vectorized,Mul,int64_t,min,4096,0.1,0,44845722,False
naive,Mul,int64_t,min,4096,0.1,0,72180136,False
vectorized,Mul,int64_t,min,4096,0.1,1,49342900,False
naive,Mul,int64_t,min,4096,0.1,1,72258498,False
vectorized,Mul,int64_t,min,4096,0.1,2,61046487,False
naive,Mul,int64_t,min,4096,0.1,2,68968916,False
vectorized,Mul,int64_t,min,4096,0.1,3,46150103,False
naive,Mul,int64_t,min,4096,0.1,3,71775780,False
vectorized,Mul,int64_t,min,4096,0.1,4,52051173,False
naive,Mul,int64_t,min,4096,0.1,4,70761423,False
vectorized,Mul,int64_t,min,4096,0.1,5,45002757,False
naive,Mul,int64_t,min,4096,0.1,5,72588571,False
vectorized,Mul,int64_t,min,4096,0.1,6,63277799,False
naive,Mul,int64_t,min,4096,0.1,6,72395913,False
vectorized,Mul,int64_t,min,4096,0.1,7,51381048,False
naive,Mul,int64_t,min,4096,0.1,7,72039251,False
vectorized,Mul,int64_t,min,4096,0.1,8,47292659,False
naive,Mul,int64_t,min,4096,0.1,8,71922451,False
vectorized,Mul,int64_t,min,4096,0.1,9,53994605,False
naive,Mul,int64_t,min,4096,0.1,9,72747019,False
vectorized,Mul,int64_t,min,4096,0.2,0,49668248,False
naive,Mul,int64_t,min,4096,0.2,0,69516580,False
vectorized,Mul,int64_t,min,4096,0.2,1,44330793,False
naive,Mul,int64_t,min,4096,0.2,1,71452383,False
vectorized,Mul,int64_t,min,4096,0.2,2,46472116,False
naive,Mul,int64_t,min,4096,0.2,2,77818173,False
vectorized,Mul,int64_t,min,4096,0.2,3,63680389,False
naive,Mul,int64_t,min,4096,0.2,3,82028238,False
vectorized,Mul,int64_t,min,4096,0.2,4,46890557,False
naive,Mul,int64_t,min,4096,0.2,4,71697702,False
vectorized,Mul,int64_t,min,4096,0.2,5,50295770,False
naive,Mul,int64_t,min,4096,0.2,5,72063130,False
vectorized,Mul,int64_t,min,4096,0.2,6,55025345,False
naive,Mul,int64_t,min,4096,0.2,6,71739301,False
vectorized,Mul,int64_t,min,4096,0.2,7,57297442,False
naive,Mul,int64_t,min,4096,0.2,7,70805809,False
vectorized,Mul,int64_t,min,4096,0.2,8,50794785,False
naive,Mul,int64_t,min,4096,0.2,8,72685529,False
vectorized,Mul,int64_t,min,4096,0.2,9,44389028,False
naive,Mul,int64_t,min,4096,0.2,9,72062367,False
vectorized,Mul,int64_t,min,4096,0.25,0,50225415,False
naive,Mul,int64_t,min,4096,0.25,0,71752038,False
vectorized,Mul,int64_t,min,4096,0.25,1,52986046,False
naive,Mul,int64_t,min,4096,0.25,1,71726399,False
vectorized,Mul,int64_t,min,4096,0.25,2,56738742,False
naive,Mul,int64_t,min,4096,0.25,2,71356496,False
vectorized,Mul,int64_t,min,4096,0.25,3,44810376,False
naive,Mul,int64_t,min,4096,0.25,3,70166942,False
vectorized,Mul,int64_t,min,4096,0.25,4,54707108,False
naive,Mul,int64_t,min,4096,0.25,4,72196443,False
vectorized,Mul,int64_t,min,4096,0.25,5,62965994,False
naive,Mul,int64_t,min,4096,0.25,5,71444966,False
vectorized,Mul,int64_t,min,4096,0.25,6,50439491,False
naive,Mul,int64_t,min,4096,0.25,6,69469212,False
vectorized,Mul,int64_t,min,4096,0.25,7,60773004,False
naive,Mul,int64_t,min,4096,0.25,7,68632236,False
vectorized,Mul,int64_t,min,4096,0.25,8,50492522,False
naive,Mul,int64_t,min,4096,0.25,8,75505805,False
vectorized,Mul,int64_t,min,4096,0.25,9,61310887,False
naive,Mul,int64_t,min,4096,0.25,9,71948885,False
vectorized,Mul,int64_t,min,4096,1.0,0,57743009,True
naive,Mul,int64_t,min,4096,1.0,0,71719811,True
vectorized,Mul,int64_t,min,4096,1.0,1,50193076,True
naive,Mul,int64_t,min,4096,1.0,1,72029827,True
vectorized,Mul,int64_t,min,4096,1.0,2,59032658,True
naive,Mul,int64_t,min,4096,1.0,2,72235462,True
vectorized,Mul,int64_t,min,4096,1.0,3,48993328,True
naive,Mul,int64_t,min,4096,1.0,3,69284912,True
vectorized,Mul,int64_t,min,4096,1.0,4,51383689,True
naive,Mul,int64_t,min,4096,1.0,4,68905784,True
vectorized,Mul,int64_t,min,4096,1.0,5,62486379,True
naive,Mul,int64_t,min,4096,1.0,5,69039719,True
vectorized,Mul,int64_t,min,4096,1.0,6,48656996,True
naive,Mul,int64_t,min,4096,1.0,6,72339426,True
vectorized,Mul,int64_t,min,4096,1.0,7,48270357,True
naive,Mul,int64_t,min,4096,1.0,7,75951311,True
vectorized,Mul,int64_t,min,4096,1.0,8,50146614,True
naive,Mul,int64_t,min,4096,1.0,8,69567807,True
vectorized,Mul,int64_t,min,4096,1.0,9,61031354,True
naive,Mul,int64_t,min,4096,1.0,9,72128458,True
vectorized,Mul,int64_t,max,1024,0.001,0,9227409,False
naive,Mul,int64_t,max,1024,0.001,0,5276795,False
vectorized,Mul,int64_t,max,1024,0.001,1,8983946,False
naive,Mul,int64_t,max,1024,0.001,1,5796034,False
vectorized,Mul,int64_t,max,1024,0.001,2,8458734,False
naive,Mul,int64_t,max,1024,0.001,2,5593055,False
vectorized,Mul,int64_t,max,1024,0.001,3,8593226,False
naive,Mul,int64_t,max,1024,0.001,3,5702939,False
vectorized,Mul,int64_t,max,1024,0.001,4,7963801,False
naive,Mul,int64_t,max,1024,0.001,4,4158401,False
vectorized,Mul,int64_t,max,1024,0.001,5,8144344,False
naive,Mul,int64_t,max,1024,0.001,5,5372127,False
vectorized,Mul,int64_t,max,1024,0.001,6,8729891,False
naive,Mul,int64_t,max,1024,0.001,6,5681565,False
vectorized,Mul,int64_t,max,1024,0.001,7,8388459,False
naive,Mul,int64_t,max,1024,0.001,7,5387459,False
vectorized,Mul,int64_t,max,1024,0.001,8,9792011,False
naive,Mul,int64_t,max,1024,0.001,8,5360842,False
vectorized,Mul,int64_t,max,1024,0.001,9,8563943,False
naive,Mul,int64_t,max,1024,0.001,9,5620417,False
vectorized,Mul,int64_t,max,1024,0.01,0,9313763,False
naive,Mul,int64_t,max,1024,0.01,0,5899734,False
vectorized,Mul,int64_t,max,1024,0.01,1,9078237,False
naive,Mul,int64_t,max,1024,0.01,1,4916884,False
vectorized,Mul,int64_t,max,1024,0.01,2,9107442,False
naive,Mul,int64_t,max,1024,0.01,2,5326834,False
vectorized,Mul,int64_t,max,1024,0.01,3,8715536,False
naive,Mul,int64_t,max,1024,0.01,3,5102995,False
vectorized,Mul,int64_t,max,1024,0.01,4,9443560,False
naive,Mul,int64_t,max,1024,0.01,4,5402058,False
vectorized,Mul,int64_t,max,1024,0.01,5,9031426,False
naive,Mul,int64_t,max,1024,0.01,5,4372692,False
vectorized,Mul,int64_t,max,1024,0.01,6,8713420,False
naive,Mul,int64_t,max,1024,0.01,6,5254364,False
vectorized,Mul,int64_t,max,1024,0.01,7,7896439,False
naive,Mul,int64_t,max,1024,0.01,7,5280217,False
vectorized,Mul,int64_t,max,1024,0.01,8,8515883,False
naive,Mul,int64_t,max,1024,0.01,8,5394170,False
vectorized,Mul,int64_t,max,1024,0.01,9,8835351,False
naive,Mul,int64_t,max,1024,0.01,9,5278619,False
vectorized,Mul,int64_t,max,1024,0.05,0,8830713,False
naive,Mul,int64_t,max,1024,0.05,0,4981131,False
vectorized,Mul,int64_t,max,1024,0.05,1,8382765,False
naive,Mul,int64_t,max,1024,0.05,1,4798988,False
vectorized,Mul,int64_t,max,1024,0.05,2,8118930,False
naive,Mul,int64_t,max,1024,0.05,2,4859263,False
vectorized,Mul,int64_t,max,1024,0.05,3,8144862,False
naive,Mul,int64_t,max,1024,0.05,3,4825558,False
vectorized,Mul,int64_t,max,1024,0.05,4,7926910,False
naive,Mul,int64_t,max,1024,0.05,4,4743151,False
vectorized,Mul,int64_t,max,1024,0.05,5,8031469,False
naive,Mul,int64_t,max,1024,0.05,5,5175387,False
vectorized,Mul,int64_t,max,1024,0.05,6,8153133,False
naive,Mul,int64_t,max,1024,0.05,6,4926077,False
vectorized,Mul,int64_t,max,1024,0.05,7,8559485,False
naive,Mul,int64_t,max,1024,0.05,7,4812786,False
vectorized,Mul,int64_t,max,1024,0.05,8,8063865,False
naive,Mul,int64_t,max,1024,0.05,8,4765998,False
vectorized,Mul,int64_t,max,1024,0.05,9,8326743,False
naive,Mul,int64_t,max,1024,0.05,9,4686951,False
vectorized,Mul,int64_t,max,1024,0.1,0,7995538,False
naive,Mul,int64_t,max,1024,0.1,0,4457284,False
vectorized,Mul,int64_t,max,1024,0.1,1,8206693,False
naive,Mul,int64_t,max,1024,0.1,1,4341964,False
vectorized,Mul,int64_t,max,1024,0.1,2,8049416,False
naive,Mul,int64_t,max,1024,0.1,2,4295221,False
vectorized,Mul,int64_t,max,1024,0.1,3,7913506,False
naive,Mul,int64_t,max,1024,0.1,3,4309148,False
vectorized,Mul,int64_t,max,1024,0.1,4,7993050,False
naive,Mul,int64_t,max,1024,0.1,4,4411410,False
vectorized,Mul,int64_t,max,1024,0.1,5,8351707,False
naive,Mul,int64_t,max,1024,0.1,5,4394436,False
vectorized,Mul,int64_t,max,1024,0.1,6,7921365,False
naive,Mul,int64_t,max,1024,0.1,6,4242630,False
vectorized,Mul,int64_t,max,1024,0.1,7,8151699,False
naive,Mul,int64_t,max,1024,0.1,7,4279374,False
vectorized,Mul,int64_t,max,1024,0.1,8,8078852,False
naive,Mul,int64_t,max,1024,0.1,8,4235640,False
vectorized,Mul,int64_t,max,1024,0.1,9,7876497,False
naive,Mul,int64_t,max,1024,0.1,9,4447557,False
vectorized,Mul,int64_t,max,1024,0.2,0,8491804,False
naive,Mul,int64_t,max,1024,0.2,0,4652727,False
vectorized,Mul,int64_t,max,1024,0.2,1,8607524,False
naive,Mul,int64_t,max,1024,0.2,1,4295625,False
vectorized,Mul,int64_t,max,1024,0.2,2,8235515,False
naive,Mul,int64_t,max,1024,0.2,2,4672316,False
vectorized,Mul,int64_t,max,1024,0.2,3,7807745,False
naive,Mul,int64_t,max,1024,0.2,3,4567002,False
vectorized,Mul,int64_t,max,1024,0.2,4,7658460,False
naive,Mul,int64_t,max,1024,0.2,4,4252972,False
vectorized,Mul,int64_t,max,1024,0.2,5,8267150,False
naive,Mul,int64_t,max,1024,0.2,5,4605448,False
vectorized,Mul,int64_t,max,1024,0.2,6,7813780,False
naive,Mul,int64_t,max,1024,0.2,6,4278415,False
vectorized,Mul,int64_t,max,1024,0.2,7,8312114,False
naive,Mul,int64_t,max,1024,0.2,7,4523577,False
vectorized,Mul,int64_t,max,1024,0.2,8,8082468,False
naive,Mul,int64_t,max,1024,0.2,8,4467182,False
vectorized,Mul,int64_t,max,1024,0.2,9,8122429,False
naive,Mul,int64_t,max,1024,0.2,9,4575160,False
vectorized,Mul,int64_t,max,1024,0.25,0,8612420,False
naive,Mul,int64_t,max,1024,0.25,0,4255313,False
vectorized,Mul,int64_t,max,1024,0.25,1,7941054,False
naive,Mul,int64_t,max,1024,0.25,1,4268603,False
vectorized,Mul,int64_t,max,1024,0.25,2,8067447,False
naive,Mul,int64_t,max,1024,0.25,2,4483184,False
vectorized,Mul,int64_t,max,1024,0.25,3,7979618,False
naive,Mul,int64_t,max,1024,0.25,3,4276454,False
vectorized,Mul,int64_t,max,1024,0.25,4,7890756,False
naive,Mul,int64_t,max,1024,0.25,4,4596897,False
vectorized,Mul,int64_t,max,1024,0.25,5,8479213,False
naive,Mul,int64_t,max,1024,0.25,5,4252411,False
vectorized,Mul,int64_t,max,1024,0.25,6,7699302,False
naive,Mul,int64_t,max,1024,0.25,6,4693080,False
vectorized,Mul,int64_t,max,1024,0.25,7,8076926,False
naive,Mul,int64_t,max,1024,0.25,7,4221512,False
vectorized,Mul,int64_t,max,1024,0.25,8,8462025,False
naive,Mul,int64_t,max,1024,0.25,8,4269725,False
vectorized,Mul,int64_t,max,1024,0.25,9,7794542,False
naive,Mul,int64_t,max,1024,0.25,9,4494277,False
vectorized,Mul,int64_t,max,1024,1.0,0,6978530,True
naive,Mul,int64_t,max,1024,1.0,0,5663420,True
vectorized,Mul,int64_t,max,1024,1.0,1,6974979,True
naive,Mul,int64_t,max,1024,1.0,1,5794671,True
vectorized,Mul,int64_t,max,1024,1.0,2,7869785,True
naive,Mul,int64_t,max,1024,1.0,2,5795351,True
vectorized,Mul,int64_t,max,1024,1.0,3,7459807,True
naive,Mul,int64_t,max,1024,1.0,3,5785264,True
vectorized,Mul,int64_t,max,1024,1.0,4,7012330,True
naive,Mul,int64_t,max,1024,1.0,4,5707063,True
vectorized,Mul,int64_t,max,1024,1.0,5,7462547,True
naive,Mul,int64_t,max,1024,1.0,5,5810225,True
vectorized,Mul,int64_t,max,1024,1.0,6,7403073,True
naive,Mul,int64_t,max,1024,1.0,6,4938899,True
vectorized,Mul,int64_t,max,1024,1.0,7,7068346,True
naive,Mul,int64_t,max,1024,1.0,7,5980188,True
vectorized,Mul,int64_t,max,1024,1.0,8,6970563,True
naive,Mul,int64_t,max,1024,1.0,8,5835472,True
vectorized,Mul,int64_t,max,1024,1.0,9,7377540,True
naive,Mul,int64_t,max,1024,1.0,9,5804096,True
vectorized,Mul,int64_t,max,2048,0.001,0,16567787,False
naive,Mul,int64_t,max,2048,0.001,0,17898312,False
vectorized,Mul,int64_t,max,2048,0.001,1,19276840,False
naive,Mul,int64_t,max,2048,0.001,1,16948580,False
vectorized,Mul,int64_t,max,2048,0.001,2,19674795,False
naive,Mul,int64_t,max,2048,0.001,2,17650503,False
vectorized,Mul,int64_t,max,2048,0.001,3,16475781,False
naive,Mul,int64_t,max,2048,0.001,3,17664935,False
vectorized,Mul,int64_t,max,2048,0.001,4,18787785,False
naive,Mul,int64_t,max,2048,0.001,4,17875344,False
vectorized,Mul,int64_t,max,2048,0.001,5,16911984,False
naive,Mul,int64_t,max,2048,0.001,5,17648376,False
vectorized,Mul,int64_t,max,2048,0.001,6,18878706,False
naive,Mul,int64_t,max,2048,0.001,6,16930981,False
vectorized,Mul,int64_t,max,2048,0.001,7,18302388,False
naive,Mul,int64_t,max,2048,0.001,7,17767387,False
vectorized,Mul,int64_t,max,2048,0.001,8,17184847,False
naive,Mul,int64_t,max,2048,0.001,8,17897305,False
vectorized,Mul,int64_t,max,2048,0.001,9,19526537,False
naive,Mul,int64_t,max,2048,0.001,9,18293873,False
vectorized,Mul,int64_t,max,2048,0.01,0,18811707,False
naive,Mul,int64_t,max,2048,0.01,0,16841937,False
vectorized,Mul,int64_t,max,2048,0.01,1,19268684,False
naive,Mul,int64_t,max,2048,0.01,1,16840027,False
vectorized,Mul,int64_t,max,2048,0.01,2,19043786,False
naive,Mul,int64_t,max,2048,0.01,2,17568561,False
vectorized,Mul,int64_t,max,2048,0.01,3,19279491,False
naive,Mul,int64_t,max,2048,0.01,3,17765601,False
vectorized,Mul,int64_t,max,2048,0.01,4,16987315,False
naive,Mul,int64_t,max,2048,0.01,4,17661193,False
vectorized,Mul,int64_t,max,2048,0.01,5,16472844,False
naive,Mul,int64_t,max,2048,0.01,5,18920808,False
vectorized,Mul,int64_t,max,2048,0.01,6,17600144,False
naive,Mul,int64_t,max,2048,0.01,6,17730379,False
vectorized,Mul,int64_t,max,2048,0.01,7,17291109,False
naive,Mul,int64_t,max,2048,0.01,7,17751074,False
vectorized,Mul,int64_t,max,2048,0.01,8,19461381,False
naive,Mul,int64_t,max,2048,0.01,8,17769916,False
vectorized,Mul,int64_t,max,2048,0.01,9,16686169,False
naive,Mul,int64_t,max,2048,0.01,9,16941902,False
vectorized,Mul,int64_t,max,2048,0.05,0,19233903,False
naive,Mul,int64_t,max,2048,0.05,0,16932578,False
vectorized,Mul,int64_t,max,2048,0.05,1,17455672,False
naive,Mul,int64_t,max,2048,0.05,1,17920246,False
vectorized,Mul,int64_t,max,2048,0.05,2,16929764,False
naive,Mul,int64_t,max,2048,0.05,2,17092421,False
vectorized,Mul,int64_t,max,2048,0.05,3,19736584,False
naive,Mul,int64_t,max,2048,0.05,3,17819815,False
vectorized,Mul,int64_t,max,2048,0.05,4,19615982,False
naive,Mul,int64_t,max,2048,0.05,4,17110247,False
vectorized,Mul,int64_t,max,2048,0.05,5,17145940,False
naive,Mul,int64_t,max,2048,0.05,5,16879328,False
vectorized,Mul,int64_t,max,2048,0.05,6,18870492,False
naive,Mul,int64_t,max,2048,0.05,6,18192662,False
vectorized,Mul,int64_t,max,2048,0.05,7,17066928,False
naive,Mul,int64_t,max,2048,0.05,7,17976360,False
vectorized,Mul,int64_t,max,2048,0.05,8,16266574,False
naive,Mul,int64_t,max,2048,0.05,8,18110318,False
vectorized,Mul,int64_t,max,2048,0.05,9,19079001,False
naive,Mul,int64_t,max,2048,0.05,9,16871313,False
vectorized,Mul,int64_t,max,2048,0.1,0,19114328,False
naive,Mul,int64_t,max,2048,0.1,0,17855544,False
vectorized,Mul,int64_t,max,2048,0.1,1,20072659,False
naive,Mul,int64_t,max,2048,0.1,1,17917779,False
vectorized,Mul,int64_t,max,2048,0.1,2,19381639,False
naive,Mul,int64_t,max,2048,0.1,2,17958108,False
vectorized,Mul,int64_t,max,2048,0.1,3,19596826,False
naive,Mul,int64_t,max,2048,0.1,3,16930201,False
vectorized,Mul,int64_t,max,2048,0.1,4,18736491,False
naive,Mul,int64_t,max,2048,0.1,4,18100285,False
vectorized,Mul,int64_t,max,2048,0.1,5,17954355,False
naive,Mul,int64_t,max,2048,0.1,5,17873393,False
vectorized,Mul,int64_t,max,2048,0.1,6,17833840,False
naive,Mul,int64_t,max,2048,0.1,6,16926953,False
vectorized,Mul,int64_t,max,2048,0.1,7,19983078,False
naive,Mul,int64_t,max,2048,0.1,7,17720432,False
vectorized,Mul,int64_t,max,2048,0.1,8,16943367,False
naive,Mul,int64_t,max,2048,0.1,8,18045771,False
vectorized,Mul,int64_t,max,2048,0.1,9,18941648,False
naive,Mul,int64_t,max,2048,0.1,9,16870761,False
vectorized,Mul,int64_t,max,2048,0.2,0,18910610,False
naive,Mul,int64_t,max,2048,0.2,0,16953034,False
vectorized,Mul,int64_t,max,2048,0.2,1,19762080,False
naive,Mul,int64_t,max,2048,0.2,1,16967768,False
vectorized,Mul,int64_t,max,2048,0.2,2,18230668,False
naive,Mul,int64_t,max,2048,0.2,2,17890695,False
vectorized,Mul,int64_t,max,2048,0.2,3,19543915,False
naive,Mul,int64_t,max,2048,0.2,3,17899024,False
vectorized,Mul,int64_t,max,2048,0.2,4,17294606,False
naive,Mul,int64_t,max,2048,0.2,4,17042709,False
vectorized,Mul,int64_t,max,2048,0.2,5,20114235,False
naive,Mul,int64_t,max,2048,0.2,5,17828956,False
vectorized,Mul,int64_t,max,2048,0.2,6,18377984,False
naive,Mul,int64_t,max,2048,0.2,6,17885836,False
vectorized,Mul,int64_t,max,2048,0.2,7,20338258,False
naive,Mul,int64_t,max,2048,0.2,7,17908659,False
vectorized,Mul,int64_t,max,2048,0.2,8,20042294,False
naive,Mul,int64_t,max,2048,0.2,8,18262181,False
vectorized,Mul,int64_t,max,2048,0.2,9,18330768,False
naive,Mul,int64_t,max,2048,0.2,9,17938271,False
vectorized,Mul,int64_t,max,2048,0.25,0,17848203,False
naive,Mul,int64_t,max,2048,0.25,0,17903619,False
vectorized,Mul,int64_t,max,2048,0.25,1,16360083,False
naive,Mul,int64_t,max,2048,0.25,1,17713211,False
vectorized,Mul,int64_t,max,2048,0.25,2,17460614,False
naive,Mul,int64_t,max,2048,0.25,2,17411995,False
vectorized,Mul,int64_t,max,2048,0.25,3,17527400,False
naive,Mul,int64_t,max,2048,0.25,3,17770253,False
vectorized,Mul,int64_t,max,2048,0.25,4,17536213,False
naive,Mul,int64_t,max,2048,0.25,4,16983326,False
vectorized,Mul,int64_t,max,2048,0.25,5,17327021,False
naive,Mul,int64_t,max,2048,0.25,5,17949687,False
vectorized,Mul,int64_t,max,2048,0.25,6,19361492,False
naive,Mul,int64_t,max,2048,0.25,6,17991120,False
vectorized,Mul,int64_t,max,2048,0.25,7,17906266,False
naive,Mul,int64_t,max,2048,0.25,7,19137255,False
vectorized,Mul,int64_t,max,2048,0.25,8,17636837,False
naive,Mul,int64_t,max,2048,0.25,8,16933090,False
vectorized,Mul,int64_t,max,2048,0.25,9,16479228,False
naive,Mul,int64_t,max,2048,0.25,9,18286799,False
vectorized,Mul,int64_t,max,2048,1.0,0,19679976,True
naive,Mul,int64_t,max,2048,1.0,0,16890730,True
vectorized,Mul,int64_t,max,2048,1.0,1,15149533,True
naive,Mul,int64_t,max,2048,1.0,1,18046652,True
vectorized,Mul,int64_t,max,2048,1.0,2,19129004,True
naive,Mul,int64_t,max,2048,1.0,2,17817137,True
vectorized,Mul,int64_t,max,2048,1.0,3,19513359,True
naive,Mul,int64_t,max,2048,1.0,3,17833574,True
vectorized,Mul,int64_t,max,2048,1.0,4,18922073,True
naive,Mul,int64_t,max,2048,1.0,4,17890163,True
vectorized,Mul,int64_t,max,2048,1.0,5,18944405,True
naive,Mul,int64_t,max,2048,1.0,5,17797315,True
vectorized,Mul,int64_t,max,2048,1.0,6,19914167,True
naive,Mul,int64_t,max,2048,1.0,6,18124509,True
vectorized,Mul,int64_t,max,2048,1.0,7,14229883,True
naive,Mul,int64_t,max,2048,1.0,7,18016847,True
vectorized,Mul,int64_t,max,2048,1.0,8,18372781,True
naive,Mul,int64_t,max,2048,1.0,8,18006505,True
vectorized,Mul,int64_t,max,2048,1.0,9,19181197,True
naive,Mul,int64_t,max,2048,1.0,9,17774155,True
vectorized,Mul,int64_t,max,4096,0.001,0,62616997,False
naive,Mul,int64_t,max,4096,0.001,0,71723850,False
vectorized,Mul,int64_t,max,4096,0.001,1,52016556,False
naive,Mul,int64_t,max,4096,0.001,1,72014089,False
vectorized,Mul,int64_t,max,4096,0.001,2,45664930,False
naive,Mul,int64_t,max,4096,0.001,2,72218829,False
vectorized,Mul,int64_t,max,4096,0.001,3,44295109,False
naive,Mul,int64_t,max,4096,0.001,3,71823652,False
vectorized,Mul,int64_t,max,4096,0.001,4,53801426,False
naive,Mul,int64_t,max,4096,0.001,4,71755399,False
vectorized,Mul,int64_t,max,4096,0.001,5,50770174,False
naive,Mul,int64_t,max,4096,0.001,5,71985257,False
vectorized,Mul,int64_t,max,4096,0.001,6,54120547,False
naive,Mul,int64_t,max,4096,0.001,6,72019561,False
vectorized,Mul,int64_t,max,4096,0.001,7,44492902,False
naive,Mul,int64_t,max,4096,0.001,7,71787365,False
vectorized,Mul,int64_t,max,4096,0.001,8,47117658,False
naive,Mul,int64_t,max,4096,0.001,8,72278335,False
vectorized,Mul,int64_t,max,4096,0.001,9,54291279,False
naive,Mul,int64_t,max,4096,0.001,9,70298049,False
vectorized,Mul,int64_t,max,4096,0.01,0,50998517,False
naive,Mul,int64_t,max,4096,0.01,0,70166338,False
vectorized,Mul,int64_t,max,4096,0.01,1,54625550,False
naive,Mul,int64_t,max,4096,0.01,1,72006023,False
vectorized,Mul,int64_t,max,4096,0.01,2,61026996,False
naive,Mul,int64_t,max,4096,0.01,2,69241479,False
vectorized,Mul,int64_t,max,4096,0.01,3,61608186,False
naive,Mul,int64_t,max,4096,0.01,3,69306341,False
vectorized,Mul,int64_t,max,4096,0.01,4,62001420,False
naive,Mul,int64_t,max,4096,0.01,4,71996523,False
vectorized,Mul,int64_t,max,4096,0.01,5,57527387,False
naive,Mul,int64_t,max,4096,0.01,5,70794897,False
vectorized,Mul,int64_t,max,4096,0.01,6,50281955,False
naive,Mul,int64_t,max,4096,0.01,6,72526823,False
vectorized,Mul,int64_t,max,4096,0.01,7,52099878,False
naive,Mul,int64_t,max,4096,0.01,7,71997441,False
vectorized,Mul,int64_t,max,4096,0.01,8,51005949,False
naive,Mul,int64_t,max,4096,0.01,8,71997134,False
vectorized,Mul,int64_t,max,4096,0.01,9,48596558,False
naive,Mul,int64_t,max,4096,0.01,9,72290851,False
vectorized,Mul,int64_t,max,4096,0.05,0,54603326,False
naive,Mul,int64_t,max,4096,0.05,0,71749735,False
vectorized,Mul,int64_t,max,4096,0.05,1,53931537,False
naive,Mul,int64_t,max,4096,0.05,1,70923900,False
vectorized,Mul,int64_t,max,4096,0.05,2,54076739,False
naive,Mul,int64_t,max,4096,0.05,2,68867582,False
vectorized,Mul,int64_t,max,4096,0.05,3,51877182,False
naive,Mul,int64_t,max,4096,0.05,3,72748589,False
vectorized,Mul,int64_t,max,4096,0.05,4,55048635,False
naive,Mul,int64_t,max,4096,0.05,4,72162169,False
vectorized,Mul,int64_t,max,4096,0.05,5,50877867,False
naive,Mul,int64_t,max,4096,0.05,5,69059954,False
vectorized,Mul,int64_t,max,4096,0.05,6,57523804,False
naive,Mul,int64_t,max,4096,0.05,6,70914394,False
vectorized,Mul,int64_t,max,4096,0.05,7,49927756,False
naive,Mul,int64_t,max,4096,0.05,7,71925178,False
vectorized,Mul,int64_t,max,4096,0.05,8,51004609,False
naive,Mul,int64_t,max,4096,0.05,8,69540872,False
vectorized,Mul,int64_t,max,4096,0.05,9,52557857,False
naive,Mul,int64_t,max,4096,0.05,9,70759487,False
vectorized,Mul,int64_t,max,4096,0.1,0,54209144,False
naive,Mul,int64_t,max,4096,0.1,0,77880479,False
vectorized,Mul,int64_t,max,4096,0.1,1,52410818,False
naive,Mul,int64_t,max,4096,0.1,1,72501991,False
vectorized,Mul,int64_t,max,4096,0.1,2,46762482,False
naive,Mul,int64_t,max,4096,0.1,2,71518447,False
vectorized,Mul,int64_t,max,4096,0.1,3,43204673,False
naive,Mul,int64_t,max,4096,0.1,3,69346178,False
vectorized,Mul,int64_t,max,4096,0.1,4,55210362,False
naive,Mul,int64_t,max,4096,0.1,4,71961442,False
vectorized,Mul,int64_t,max,4096,0.1,5,56100305,False
naive,Mul,int64_t,max,4096,0.1,5,71978359,False
vectorized,Mul,int64_t,max,4096,0.1,6,48064510,False
naive,Mul,int64_t,max,4096,0.1,6,71576100,False
vectorized,Mul,int64_t,max,4096,0.1,7,45741589,False
naive,Mul,int64_t,max,4096,0.1,7,70694309,False
vectorized,Mul,int64_t,max,4096,0.1,8,50362472,False
naive,Mul,int64_t,max,4096,0.1,8,79686374,False
vectorized,Mul,int64_t,max,4096,0.1,9,56267198,False
naive,Mul,int64_t,max,4096,0.1,9,72001660,False
vectorized,Mul,int64_t,max,4096,0.2,0,53340501,False
naive,Mul,int64_t,max,4096,0.2,0,72135794,False
vectorized,Mul,int64_t,max,4096,0.2,1,62243042,False
naive,Mul,int64_t,max,4096,0.2,1,72540462,False
vectorized,Mul,int64_t,max,4096,0.2,2,49342740,False
naive,Mul,int64_t,max,4096,0.2,2,71886630,False
vectorized,Mul,int64_t,max,4096,0.2,3,61559092,False
naive,Mul,int64_t,max,4096,0.2,3,72057179,False
vectorized,Mul,int64_t,max,4096,0.2,4,63548820,False
naive,Mul,int64_t,max,4096,0.2,4,77766204,False
vectorized,Mul,int64_t,max,4096,0.2,5,39825264,False
naive,Mul,int64_t,max,4096,0.2,5,72181587,False
vectorized,Mul,int64_t,max,4096,0.2,6,49556231,False
naive,Mul,int64_t,max,4096,0.2,6,72689192,False
vectorized,Mul,int64_t,max,4096,0.2,7,51157593,False
naive,Mul,int64_t,max,4096,0.2,7,68356337,False
vectorized,Mul,int64_t,max,4096,0.2,8,51769981,False
naive,Mul,int64_t,max,4096,0.2,8,68810619,False
vectorized,Mul,int64_t,max,4096,0.2,9,51778587,False
naive,Mul,int64_t,max,4096,0.2,9,71637252,False
vectorized,Mul,int64_t,max,4096,0.25,0,55151285,False
naive,Mul,int64_t,max,4096,0.25,0,70059803,False
vectorized,Mul,int64_t,max,4096,0.25,1,47820454,False
naive,Mul,int64_t,max,4096,0.25,1,71462270,False
vectorized,Mul,int64_t,max,4096,0.25,2,47406147,False
naive,Mul,int64_t,max,4096,0.25,2,72217391,False
vectorized,Mul,int64_t,max,4096,0.25,3,48454596,False
naive,Mul,int64_t,max,4096,0.25,3,71765024,False
vectorized,Mul,int64_t,max,4096,0.25,4,47344496,False
naive,Mul,int64_t,max,4096,0.25,4,75979341,False
vectorized,Mul,int64_t,max,4096,0.25,5,51386512,False
naive,Mul,int64_t,max,4096,0.25,5,69201007,False
vectorized,Mul,int64_t,max,4096,0.25,6,51111682,False
naive,Mul,int64_t,max,4096,0.25,6,71352242,False
vectorized,Mul,int64_t,max,4096,0.25,7,49849508,False
naive,Mul,int64_t,max,4096,0.25,7,77465233,False
vectorized,Mul,int64_t,max,4096,0.25,8,51896872,False
naive,Mul,int64_t,max,4096,0.25,8,71965990,False
vectorized,Mul,int64_t,max,4096,0.25,9,46066449,False
naive,Mul,int64_t,max,4096,0.25,9,71921790,False
vectorized,Mul,int64_t,max,4096,1.0,0,51369854,True
naive,Mul,int64_t,max,4096,1.0,0,71856387,True
vectorized,Mul,int64_t,max,4096,1.0,1,51005995,True
naive,Mul,int64_t,max,4096,1.0,1,69221896,True
vectorized,Mul,int64_t,max,4096,1.0,2,48450121,True
naive,Mul,int64_t,max,4096,1.0,2,71953130,True
vectorized,Mul,int64_t,max,4096,1.0,3,43752503,True
naive,Mul,int64_t,max,4096,1.0,3,71817141,True
vectorized,Mul,int64_t,max,4096,1.0,4,42600059,True
naive,Mul,int64_t,max,4096,1.0,4,72258459,True
vectorized,Mul,int64_t,max,4096,1.0,5,61863784,True
naive,Mul,int64_t,max,4096,1.0,5,71899052,True
vectorized,Mul,int64_t,max,4096,1.0,6,57376328,True
naive,Mul,int64_t,max,4096,1.0,6,73228432,True
vectorized,Mul,int64_t,max,4096,1.0,7,61278673,True
naive,Mul,int64_t,max,4096,1.0,7,72064918,True
vectorized,Mul,int64_t,max,4096,1.0,8,62757948,True
naive,Mul,int64_t,max,4096,1.0,8,72266961,True
vectorized,Mul,int64_t,max,4096,1.0,9,60685216,True
naive,Mul,int64_t,max,4096,1.0,9,68631728,True
vectorized,Mul,int64_t,min max mean symmetry,1024,0.001,0,26616527,False
naive,Mul,int64_t,min max mean symmetry,1024,0.001,0,14526031,False
vectorized,Mul,int64_t,min max mean symmetry,1024,0.001,1,27036678,False
naive,Mul,int64_t,min max mean symmetry,1024,0.001,1,15855051,False
vectorized,Mul,int64_t,min max mean symmetry,1024,0.001,2,26437435,False
naive,Mul,int64_t,min max mean symmetry,1024,0.001,2,15946412,False
vectorized,Mul,int64_t,min max mean symmetry,1024,0.001,3,26874438,False
naive,Mul,int64_t,min max mean symmetry,1024,0.001,3,15407825,False
vectorized,Mul,int64_t,min max mean symmetry,1024,0.001,4,26777331,False
naive,Mul,int64_t,min max mean symmetry,1024,0.001,4,15933969,False
vectorized,Mul,int64_t,min max mean symmetry,1024,0.001,5,26550170,False
naive,Mul,int64_t,min max mean symmetry,1024,0.001,5,15606093,False
vectorized,Mul,int64_t,min max mean symmetry,1024,0.001,6,27474691,False
naive,Mul,int64_t,min max mean symmetry,1024,0.001,6,15598592,False
vectorized,Mul,int64_t,min max mean symmetry,1024,0.001,7,27082419,False
naive,Mul,int64_t,min max mean symmetry,1024,0.001,7,15664928,False
vectorized,Mul,int64_t,min max mean symmetry,1024,0.001,8,27736373,False
naive,Mul,int64_t,min max mean symmetry,1024,0.001,8,15815564,False
vectorized,Mul,int64_t,min max mean symmetry,1024,0.001,9,26985580,False
naive,Mul,int64_t,min max mean symmetry,1024,0.001,9,16282233,False
vectorized,Mul,int64_t,min max mean symmetry,1024,0.01,0,26476847,False
naive,Mul,int64_t,min max mean symmetry,1024,0.01,0,15502831,False
vectorized,Mul,int64_t,min max mean symmetry,1024,0.01,1,26823917,False
naive,Mul,int64_t,min max mean symmetry,1024,0.01,1,15548163,False
vectorized,Mul,int64_t,min max mean symmetry,1024,0.01,2,27670525,False
naive,Mul,int64_t,min max mean symmetry,1024,0.01,2,16436924,False
vectorized,Mul,int64_t,min max mean symmetry,1024,0.01,3,26959825,False
naive,Mul,int64_t,min max mean symmetry,1024,0.01,3,15324610,False
vectorized,Mul,int64_t,min max mean symmetry,1024,0.01,4,27023703,False
naive,Mul,int64_t,min max mean symmetry,1024,0.01,4,15441483,False
vectorized,Mul,int64_t,min max mean symmetry,1024,0.01,5,26861916,False
naive,Mul,int64_t,min max mean symmetry,1024,0.01,5,15818468,False
vectorized,Mul,int64_t,min max mean symmetry,1024,0.01,6,27578103,False
naive,Mul,int64_t,min max mean symmetry,1024,0.01,6,15674130,False
vectorized,Mul,int64_t,min max mean symmetry,1024,0.01,7,25888638,False
naive,Mul,int64_t,min max mean symmetry,1024,0.01,7,15107622,False
vectorized,Mul,int64_t,min max mean symmetry,1024,0.01,8,26506404,False
naive,Mul,int64_t,min max mean symmetry,1024,0.01,8,15769036,False
vectorized,Mul,int64_t,min max mean symmetry,1024,0.01,9,24366196,False
naive,Mul,int64_t,min max mean symmetry,1024,0.01,9,15582958,False
vectorized,Mul,int64_t,min max mean symmetry,1024,0.05,0,24347498,False
naive,Mul,int64_t,min max mean symmetry,1024,0.05,0,14501057,False
vectorized,Mul,int64_t,min max mean symmetry,1024,0.05,1,25540263,False
naive,Mul,int64_t,min max mean symmetry,1024,0.05,1,14911866,False
vectorized,Mul,int64_t,min max mean symmetry,1024,0.05,2,26589864,False
naive,Mul,int64_t,min max mean symmetry,1024,0.05,2,15130853,False
vectorized,Mul,int64_t,min max mean symmetry,1024,0.05,3,26376945,False
naive,Mul,int64_t,min max mean symmetry,1024,0.05,3,14979849,False
vectorized,Mul,int64_t,min max mean symmetry,1024,0.05,4,26745537,False
naive,Mul,int64_t,min max mean symmetry,1024,0.05,4,16003638,False
vectorized,Mul,int64_t,min max mean symmetry,1024,0.05,5,25641384,False
naive,Mul,int64_t,min max mean symmetry,1024,0.05,5,14860006,False
vectorized,Mul,int64_t,min max mean symmetry,1024,0.05,6,27706551,False
naive,Mul,int64_t,min max mean symmetry,1024,0.05,6,15439106,False
vectorized,Mul,int64_t,min max mean symmetry,1024,0.05,7,26260476,False
naive,Mul,int64_t,min max mean symmetry,1024,0.05,7,15156596,False
vectorized,Mul,int64_t,min max mean symmetry,1024,0.05,8,22813514,False
naive,Mul,int64_t,min max mean symmetry,1024,0.05,8,15114615,False
vectorized,Mul,int64_t,min max mean symmetry,1024,0.05,9,26969811,False
naive,Mul,int64_t,min max mean symmetry,1024,0.05,9,15338532,False
vectorized,Mul,int64_t,min max mean symmetry,1024,0.1,0,26605662,False
naive,Mul,int64_t,min max mean symmetry,1024,0.1,0,14890052,False
vectorized,Mul,int64_t,min max mean symmetry,1024,0.1,1,26285053,False
naive,Mul,int64_t,min max mean symmetry,1024,0.1,1,14972008,False
vectorized,Mul,int64_t,min max mean symmetry,1024,0.1,2,27210120,False
naive,Mul,int64_t,min max mean symmetry,1024,0.1,2,14719527,False
vectorized,Mul,int64_t,min max mean symmetry,1024,0.1,3,25269335,False
naive,Mul,int64_t,min max mean symmetry,1024,0.1,3,14814834,False
vectorized,Mul,int64_t,min max mean symmetry,1024,0.1,4,26440826,False
naive,Mul,int64_t,min max mean symmetry,1024,0.1,4,14760639,False
vectorized,Mul,int64_t,min max mean symmetry,1024,0.1,5,26745496,False
naive,Mul,int64_t,min max mean symmetry,1024,0.1,5,15136417,False
vectorized,Mul,int64_t,min max mean symmetry,1024,0.1,6,26098060,False
naive,Mul,int64_t,min max mean symmetry,1024,0.1,6,15073889,False
vectorized,Mul,int64_t,min max mean symmetry,1024,0.1,7,28344344,False
naive,Mul,int64_t,min max mean symmetry,1024,0.1,7,15907214,False
vectorized,Mul,int64_t,min max mean symmetry,1024,0.1,8,27265060,False
naive,Mul,int64_t,min max mean symmetry,1024,0.1,8,14662449,False
vectorized,Mul,int64_t,min max mean symmetry,1024,0.1,9,27107879,False
naive,Mul,int64_t,min max mean symmetry,1024,0.1,9,14648501,False
vectorized,Mul,int64_t,min max mean symmetry,1024,0.2,0,26829934,False
naive,Mul,int64_t,min max mean symmetry,1024,0.2,0,14699245,False
vectorized,Mul,int64_t,min max mean symmetry,1024,0.2,1,25954955,False
naive,Mul,int64_t,min max mean symmetry,1024,0.2,1,15215520,False
vectorized,Mul,int64_t,min max mean symmetry,1024,0.2,2,28780067,False
naive,Mul,int64_t,min max mean symmetry,1024,0.2,2,14754834,False
vectorized,Mul,int64_t,min max mean symmetry,1024,0.2,3,27035133,False
naive,Mul,int64_t,min max mean symmetry,1024,0.2,3,14914853,False
vectorized,Mul,int64_t,min max mean symmetry,1024,0.2,4,24893562,False
naive,Mul,int64_t,min max mean symmetry,1024,0.2,4,14673767,False
vectorized,Mul,int64_t,min max mean symmetry,1024,0.2,5,25726248,False
naive,Mul,int64_t,min max mean symmetry,1024,0.2,5,14750945,False
vectorized,Mul,int64_t,min max mean symmetry,1024,0.2,6,26932523,False
naive,Mul,int64_t,min max mean symmetry,1024,0.2,6,15202757,False
vectorized,Mul,int64_t,min max mean symmetry,1024,0.2,7,27056225,False
naive,Mul,int64_t,min max mean symmetry,1024,0.2,7,15204873,False
vectorized,Mul,int64_t,min max mean symmetry,1024,0.2,8,26757705,False
naive,Mul,int64_t,min max mean symmetry,1024,0.2,8,14647995,False
vectorized,Mul,int64_t,min max mean symmetry,1024,0.2,9,27214363,False
naive,Mul,int64_t,min max mean symmetry,1024,0.2,9,14579132,False
vectorized,Mul,int64_t,min max mean symmetry,1024,0.25,0,24041350,False
naive,Mul,int64_t,min max mean symmetry,1024,0.25,0,15018236,False
vectorized,Mul,int64_t,min max mean symmetry,1024,0.25,1,27094881,False
naive,Mul,int64_t,min max mean symmetry,1024,0.25,1,14825653,False
vectorized,Mul,int64_t,min max mean symmetry,1024,0.25,2,27084910,False
naive,Mul,int64_t,min max mean symmetry,1024,0.25,2,14788077,False
vectorized,Mul,int64_t,min max mean symmetry,1024,0.25,3,27109519,False
naive,Mul,int64_t,min max mean symmetry,1024,0.25,3,15265363,False
vectorized,Mul,int64_t,min max mean symmetry,1024,0.25,4,26608468,False
naive,Mul,int64_t,min max mean symmetry,1024,0.25,4,14592912,False
vectorized,Mul,int64_t,min max mean symmetry,1024,0.25,5,27010128,False
naive,Mul,int64_t,min max mean symmetry,1024,0.25,5,14647884,False
vectorized,Mul,int64_t,min max mean symmetry,1024,0.25,6,26349339,False
naive,Mul,int64_t,min max mean symmetry,1024,0.25,6,15390536,False
vectorized,Mul,int64_t,min max mean symmetry,1024,0.25,7,27731603,False
naive,Mul,int64_t,min max mean symmetry,1024,0.25,7,15015215,False
vectorized,Mul,int64_t,min max mean symmetry,1024,0.25,8,27158724,False
naive,Mul,int64_t,min max mean symmetry,1024,0.25,8,15085317,False
vectorized,Mul,int64_t,min max mean symmetry,1024,0.25,9,25703491,False
naive,Mul,int64_t,min max mean symmetry,1024,0.25,9,14978883,False
vectorized,Mul,int64_t,min max mean symmetry,1024,1.0,0,24129213,True
naive,Mul,int64_t,min max mean symmetry,1024,1.0,0,18577743,True
vectorized,Mul,int64_t,min max mean symmetry,1024,1.0,1,24107300,True
naive,Mul,int64_t,min max mean symmetry,1024,1.0,1,18659421,True
vectorized,Mul,int64_t,min max mean symmetry,1024,1.0,2,24095300,True
naive,Mul,int64_t,min max mean symmetry,1024,1.0,2,18510484,True
vectorized,Mul,int64_t,min max mean symmetry,1024,1.0,3,23768436,True
naive,Mul,int64_t,min max mean symmetry,1024,1.0,3,18706096,True
vectorized,Mul,int64_t,min max mean symmetry,1024,1.0,4,23910984,True
naive,Mul,int64_t,min max mean symmetry,1024,1.0,4,18443802,True
vectorized,Mul,int64_t,min max mean symmetry,1024,1.0,5,23811827,True
naive,Mul,int64_t,min max mean symmetry,1024,1.0,5,18638875,True
vectorized,Mul,int64_t,min max mean symmetry,1024,1.0,6,24237631,True
naive,Mul,int64_t,min max mean symmetry,1024,1.0,6,18325146,True
vectorized,Mul,int64_t,min max mean symmetry,1024,1.0,7,24492314,True
naive,Mul,int64_t,min max mean symmetry,1024,1.0,7,18737172,True
vectorized,Mul,int64_t,min max mean symmetry,1024,1.0,8,24074201,True
naive,Mul,int64_t,min max mean symmetry,1024,1.0,8,15677777,True
vectorized,Mul,int64_t,min max mean symmetry,1024,1.0,9,24521133,True
naive,Mul,int64_t,min max mean symmetry,1024,1.0,9,18630227,True
vectorized,Mul,int64_t,min max mean symmetry,2048,0.001,0,79203113,False
naive,Mul,int64_t,min max mean symmetry,2048,0.001,0,71261449,False
vectorized,Mul,int64_t,min max mean symmetry,2048,0.001,1,94454028,False
naive,Mul,int64_t,min max mean symmetry,2048,0.001,1,71474083,False
vectorized,Mul,int64_t,min max mean symmetry,2048,0.001,2,88968999,False
naive,Mul,int64_t,min max mean symmetry,2048,0.001,2,71292275,False
vectorized,Mul,int64_t,min max mean symmetry,2048,0.001,3,86357249,False
naive,Mul,int64_t,min max mean symmetry,2048,0.001,3,71724433,False
vectorized,Mul,int64_t,min max mean symmetry,2048,0.001,4,86059920,False
naive,Mul,int64_t,min max mean symmetry,2048,0.001,4,71032719,False
vectorized,Mul,int64_t,min max mean symmetry,2048,0.001,5,91111240,False
naive,Mul,int64_t,min max mean symmetry,2048,0.001,5,71106733,False
vectorized,Mul,int64_t,min max mean symmetry,2048,0.001,6,89564099,False
naive,Mul,int64_t,min max mean symmetry,2048,0.001,6,71697595,False
vectorized,Mul,int64_t,min max mean symmetry,2048,0.001,7,94472874,False
naive,Mul,int64_t,min max mean symmetry,2048,0.001,7,71286330,False
vectorized,Mul,int64_t,min max mean symmetry,2048,0.001,8,77009146,False
naive,Mul,int64_t,min max mean symmetry,2048,0.001,8,70173210,False
vectorized,Mul,int64_t,min max mean symmetry,2048,0.001,9,79235010,False
naive,Mul,int64_t,min max mean symmetry,2048,0.001,9,71353741,False
vectorized,Mul,int64_t,min max mean symmetry,2048,0.01,0,91261295,False
naive,Mul,int64_t,min max mean symmetry,2048,0.01,0,70653426,False
vectorized,Mul,int64_t,min max mean symmetry,2048,0.01,1,76962908,False
naive,Mul,int64_t,min max mean symmetry,2048,0.01,1,72139020,False
vectorized,Mul,int64_t,min max mean symmetry,2048,0.01,2,79598150,False
naive,Mul,int64_t,min max mean symmetry,2048,0.01,2,71209161,False
vectorized,Mul,int64_t,min max mean symmetry,2048,0.01,3,77106416,False
naive,Mul,int64_t,min max mean symmetry,2048,0.01,3,74512924,False
vectorized,Mul,int64_t,min max mean symmetry,2048,0.01,4,83033985,False
naive,Mul,int64_t,min max mean symmetry,2048,0.01,4,70659649,False
vectorized,Mul,int64_t,min max mean symmetry,2048,0.01,5,94368189,False
naive,Mul,int64_t,min max mean symmetry,2048,0.01,5,70680408,False
vectorized,Mul,int64_t,min max mean symmetry,2048,0.01,6,91815554,False
naive,Mul,int64_t,min max mean symmetry,2048,0.01,6,71209893,False
vectorized,Mul,int64_t,min max mean symmetry,2048,0.01,7,79136564,False
naive,Mul,int64_t,min max mean symmetry,2048,0.01,7,71436731,False
vectorized,Mul,int64_t,min max mean symmetry,2048,0.01,8,92127487,False
naive,Mul,int64_t,min max mean symmetry,2048,0.01,8,71547463,False
vectorized,Mul,int64_t,min max mean symmetry,2048,0.01,9,78203838,False
naive,Mul,int64_t,min max mean symmetry,2048,0.01,9,70198930,False
vectorized,Mul,int64_t,min max mean symmetry,2048,0.05,0,86867246,False
naive,Mul,int64_t,min max mean symmetry,2048,0.05,0,76500480,False
vectorized,Mul,int64_t,min max mean symmetry,2048,0.05,1,82040772,False
naive,Mul,int64_t,min max mean symmetry,2048,0.05,1,71993152,False
vectorized,Mul,int64_t,min max mean symmetry,2048,0.05,2,81773764,False
naive,Mul,int64_t,min max mean symmetry,2048,0.05,2,70956653,False
vectorized,Mul,int64_t,min max mean symmetry,2048,0.05,3,85774472,False
naive,Mul,int64_t,min max mean symmetry,2048,0.05,3,71267229,False
vectorized,Mul,int64_t,min max mean symmetry,2048,0.05,4,86912385,False
naive,Mul,int64_t,min max mean symmetry,2048,0.05,4,71862008,False
vectorized,Mul,int64_t,min max mean symmetry,2048,0.05,5,78250959,False
naive,Mul,int64_t,min max mean symmetry,2048,0.05,5,70497114,False
vectorized,Mul,int64_t,min max mean symmetry,2048,0.05,6,95788392,False
naive,Mul,int64_t,min max mean symmetry,2048,0.05,6,71374351,False
vectorized,Mul,int64_t,min max mean symmetry,2048,0.05,7,81076904,False
naive,Mul,int64_t,min max mean symmetry,2048,0.05,7,71332933,False
vectorized,Mul,int64_t,min max mean symmetry,2048,0.05,8,93984591,False
naive,Mul,int64_t,min max mean symmetry,2048,0.05,8,71693855,False
vectorized,Mul,int64_t,min max mean symmetry,2048,0.05,9,77615092,False
naive,Mul,int64_t,min max mean symmetry,2048,0.05,9,72056449,False
vectorized,Mul,int64_t,min max mean symmetry,2048,0.1,0,84863259,False
naive,Mul,int64_t,min max mean symmetry,2048,0.1,0,71766821,False
vectorized,Mul,int64_t,min max mean symmetry,2048,0.1,1,79844534,False
naive,Mul,int64_t,min max mean symmetry,2048,0.1,1,71318843,False
vectorized,Mul,int64_t,min max mean symmetry,2048,0.1,2,78503847,False
naive,Mul,int64_t,min max mean symmetry,2048,0.1,2,71291713,False
vectorized,Mul,int64_t,min max mean symmetry,2048,0.1,3,91770178,False
naive,Mul,int64_t,min max mean symmetry,2048,0.1,3,71498887,False
vectorized,Mul,int64_t,min max mean symmetry,2048,0.1,4,93146721,False
naive,Mul,int64_t,min max mean symmetry,2048,0.1,4,71559986,False
vectorized,Mul,int64_t,min max mean symmetry,2048,0.1,5,93276417,False
naive,Mul,int64_t,min max mean symmetry,2048,0.1,5,70467446,False
vectorized,Mul,int64_t,min max mean symmetry,2048,0.1,6,75924824,False
naive,Mul,int64_t,min max mean symmetry,2048,0.1,6,71947219,False
vectorized,Mul,int64_t,min max mean symmetry,2048,0.1,7,94195927,False
naive,Mul,int64_t,min max mean symmetry,2048,0.1,7,70466315,False
vectorized,Mul,int64_t,min max mean symmetry,2048,0.1,8,80936808,False
naive,Mul,int64_t,min max mean symmetry,2048,0.1,8,72255568,False
vectorized,Mul,int64_t,min max mean symmetry,2048,0.1,9,88484065,False
naive,Mul,int64_t,min max mean symmetry,2048,0.1,9,70544689,False
vectorized,Mul,int64_t,min max mean symmetry,2048,0.2,0,82541325,False
naive,Mul,int64_t,min max mean symmetry,2048,0.2,0,71367974,False
vectorized,Mul,int64_t,min max mean symmetry,2048,0.2,1,80534656,False
naive,Mul,int64_t,min max mean symmetry,2048,0.2,1,70353453,False
vectorized,Mul,int64_t,min max mean symmetry,2048,0.2,2,113750032,False
naive,Mul,int64_t,min max mean symmetry,2048,0.2,2,70406754,False
vectorized,Mul,int64_t,min max mean symmetry,2048,0.2,3,86359473,False
naive,Mul,int64_t,min max mean symmetry,2048,0.2,3,72050392,False
vectorized,Mul,int64_t,min max mean symmetry,2048,0.2,4,88168733,False
naive,Mul,int64_t,min max mean symmetry,2048,0.2,4,71604502,False
vectorized,Mul,int64_t,min max mean symmetry,2048,0.2,5,75149931,False
naive,Mul,int64_t,min max mean symmetry,2048,0.2,5,70797769,False
vectorized,Mul,int64_t,min max mean symmetry,2048,0.2,6,94771260,False
naive,Mul,int64_t,min max mean symmetry,2048,0.2,6,71298346,False
vectorized,Mul,int64_t,min max mean symmetry,2048,0.2,7,79854647,False
naive,Mul,int64_t,min max mean symmetry,2048,0.2,7,72229087,False
vectorized,Mul,int64_t,min max mean symmetry,2048,0.2,8,79404102,False
naive,Mul,int64_t,min max mean symmetry,2048,0.2,8,71507787,False
vectorized,Mul,int64_t,min max mean symmetry,2048,0.2,9,93826866,False
naive,Mul,int64_t,min max mean symmetry,2048,0.2,9,71787805,False
vectorized,Mul,int64_t,min max mean symmetry,2048,0.25,0,86767946,False
naive,Mul,int64_t,min max mean symmetry,2048,0.25,0,71534521,False
vectorized,Mul,int64_t,min max mean symmetry,2048,0.25,1,80988014,False
naive,Mul,int64_t,min max mean symmetry,2048,0.25,1,70658477,False
vectorized,Mul,int64_t,min max mean symmetry,2048,0.25,2,77814319,False
naive,Mul,int64_t,min max mean symmetry,2048,0.25,2,71357979,False
vectorized,Mul,int64_t,min max mean symmetry,2048,0.25,3,91957494,False
naive,Mul,int64_t,min max mean symmetry,2048,0.25,3,75821051,False
vectorized,Mul,int64_t,min max mean symmetry,2048,0.25,4,85745941,False
naive,Mul,int64_t,min max mean symmetry,2048,0.25,4,71389929,False
vectorized,Mul,int64_t,min max mean symmetry,2048,0.25,5,77487516,False
naive,Mul,int64_t,min max mean symmetry,2048,0.25,5,71627485,False
vectorized,Mul,int64_t,min max mean symmetry,2048,0.25,6,86172824,False
naive,Mul,int64_t,min max mean symmetry,2048,0.25,6,71472184,False
vectorized,Mul,int64_t,min max mean symmetry,2048,0.25,7,97572179,False
naive,Mul,int64_t,min max mean symmetry,2048,0.25,7,72197494,False
vectorized,Mul,int64_t,min max mean symmetry,2048,0.25,8,77560359,False
naive,Mul,int64_t,min max mean symmetry,2048,0.25,8,71190416,False
vectorized,Mul,int64_t,min max mean symmetry,2048,0.25,9,78849857,False
naive,Mul,int64_t,min max mean symmetry,2048,0.25,9,72095109,False
vectorized,Mul,int64_t,min max mean symmetry,2048,1.0,0,86196848,True
naive,Mul,int64_t,min max mean symmetry,2048,1.0,0,71758822,True
vectorized,Mul,int64_t,min max mean symmetry,2048,1.0,1,86059943,True
naive,Mul,int64_t,min max mean symmetry,2048,1.0,1,71519842,True
vectorized,Mul,int64_t,min max mean symmetry,2048,1.0,2,85147408,True
naive,Mul,int64_t,min max mean symmetry,2048,1.0,2,71758347,True
vectorized,Mul,int64_t,min max mean symmetry,2048,1.0,3,85540348,True
naive,Mul,int64_t,min max mean symmetry,2048,1.0,3,70537763,True
vectorized,Mul,int64_t,min max mean symmetry,2048,1.0,4,86872377,True
naive,Mul,int64_t,min max mean symmetry,2048,1.0,4,71182305,True
vectorized,Mul,int64_t,min max mean symmetry,2048,1.0,5,76112519,True
naive,Mul,int64_t,min max mean symmetry,2048,1.0,5,71977085,True
vectorized,Mul,int64_t,min max mean symmetry,2048,1.0,6,78555630,True
naive,Mul,int64_t,min max mean symmetry,2048,1.0,6,71610718,True
vectorized,Mul,int64_t,min max mean symmetry,2048,1.0,7,83725427,True
naive,Mul,int64_t,min max mean symmetry,2048,1.0,7,72030839,True
vectorized,Mul,int64_t,min max mean symmetry,2048,1.0,8,84879380,True
naive,Mul,int64_t,min max mean symmetry,2048,1.0,8,70416239,True
vectorized,Mul,int64_t,min max mean symmetry,2048,1.0,9,87005930,True
naive,Mul,int64_t,min max mean symmetry,2048,1.0,9,70352155,True
vectorized,Mul,int64_t,min max mean symmetry,4096,0.001,0,317312123,False
naive,Mul,int64_t,min max mean symmetry,4096,0.001,0,306100623,False
vectorized,Mul,int64_t,min max mean symmetry,4096,0.001,1,298603337,False
naive,Mul,int64_t,min max mean symmetry,4096,0.001,1,305223426,False
vectorized,Mul,int64_t,min max mean symmetry,4096,0.001,2,302488372,False
naive,Mul,int64_t,min max mean symmetry,4096,0.001,2,310644752,False
vectorized,Mul,int64_t,min max mean symmetry,4096,0.001,3,305868091,False
naive,Mul,int64_t,min max mean symmetry,4096,0.001,3,305078376,False
vectorized,Mul,int64_t,min max mean symmetry,4096,0.001,4,311741495,False
naive,Mul,int64_t,min max mean symmetry,4096,0.001,4,304327633,False
vectorized,Mul,int64_t,min max mean symmetry,4096,0.001,5,309348249,False
naive,Mul,int64_t,min max mean symmetry,4096,0.001,5,305432030,False
vectorized,Mul,int64_t,min max mean symmetry,4096,0.001,6,305011709,False
naive,Mul,int64_t,min max mean symmetry,4096,0.001,6,305132642,False
vectorized,Mul,int64_t,min max mean symmetry,4096,0.001,7,307167431,False
naive,Mul,int64_t,min max mean symmetry,4096,0.001,7,304354156,False
vectorized,Mul,int64_t,min max mean symmetry,4096,0.001,8,309368350,False
naive,Mul,int64_t,min max mean symmetry,4096,0.001,8,302830831,False
vectorized,Mul,int64_t,min max mean symmetry,4096,0.001,9,300522346,False
naive,Mul,int64_t,min max mean symmetry,4096,0.001,9,327121762,False
vectorized,Mul,int64_t,min max mean symmetry,4096,0.01,0,310322518,False
naive,Mul,int64_t,min max mean symmetry,4096,0.01,0,305038593,False
vectorized,Mul,int64_t,min max mean symmetry,4096,0.01,1,300814425,False
naive,Mul,int64_t,min max mean symmetry,4096,0.01,1,303518829,False
vectorized,Mul,int64_t,min max mean symmetry,4096,0.01,2,295042104,False
naive,Mul,int64_t,min max mean symmetry,4096,0.01,2,306661252,False
vectorized,Mul,int64_t,min max mean symmetry,4096,0.01,3,297207968,False
naive,Mul,int64_t,min max mean symmetry,4096,0.01,3,306984053,False
vectorized,Mul,int64_t,min max mean symmetry,4096,0.01,4,311919032,False
naive,Mul,int64_t,min max mean symmetry,4096,0.01,4,305110356,False
vectorized,Mul,int64_t,min max mean symmetry,4096,0.01,5,293783976,False
naive,Mul,int64_t,min max mean symmetry,4096,0.01,5,301808687,False
vectorized,Mul,int64_t,min max mean symmetry,4096,0.01,6,314014282,False
naive,Mul,int64_t,min max mean symmetry,4096,0.01,6,315198361,False
vectorized,Mul,int64_t,min max mean symmetry,4096,0.01,7,299809124,False
naive,Mul,int64_t,min max mean symmetry,4096,0.01,7,304910137,False
vectorized,Mul,int64_t,min max mean symmetry,4096,0.01,8,298306081,False
naive,Mul,int64_t,min max mean symmetry,4096,0.01,8,311569542,False
vectorized,Mul,int64_t,min max mean symmetry,4096,0.01,9,316229964,False
naive,Mul,int64_t,min max mean symmetry,4096,0.01,9,304620310,False
vectorized,Mul,int64_t,min max mean symmetry,4096,0.05,0,321572552,False
naive,Mul,int64_t,min max mean symmetry,4096,0.05,0,304504126,False
vectorized,Mul,int64_t,min max mean symmetry,4096,0.05,1,297951023,False
naive,Mul,int64_t,min max mean symmetry,4096,0.05,1,306002157,False
vectorized,Mul,int64_t,min max mean symmetry,4096,0.05,2,296704354,False
naive,Mul,int64_t,min max mean symmetry,4096,0.05,2,304719821,False
vectorized,Mul,int64_t,min max mean symmetry,4096,0.05,3,323522784,False
naive,Mul,int64_t,min max mean symmetry,4096,0.05,3,302348246,False
vectorized,Mul,int64_t,min max mean symmetry,4096,0.05,4,305012059,False
naive,Mul,int64_t,min max mean symmetry,4096,0.05,4,323784662,False
vectorized,Mul,int64_t,min max mean symmetry,4096,0.05,5,301882186,False
naive,Mul,int64_t,min max mean symmetry,4096,0.05,5,305031159,False
vectorized,Mul,int64_t,min max mean symmetry,4096,0.05,6,283460057,False
naive,Mul,int64_t,min max mean symmetry,4096,0.05,6,306145030,False
vectorized,Mul,int64_t,min max mean symmetry,4096,0.05,7,300188708,False
naive,Mul,int64_t,min max mean symmetry,4096,0.05,7,302328332,False
vectorized,Mul,int64_t,min max mean symmetry,4096,0.05,8,314337464,False
naive,Mul,int64_t,min max mean symmetry,4096,0.05,8,304932618,False
vectorized,Mul,int64_t,min max mean symmetry,4096,0.05,9,306196392,False
naive,Mul,int64_t,min max mean symmetry,4096,0.05,9,306501389,False
vectorized,Mul,int64_t,min max mean symmetry,4096,0.1,0,304635589,False
naive,Mul,int64_t,min max mean symmetry,4096,0.1,0,308198309,False
vectorized,Mul,int64_t,min max mean symmetry,4096,0.1,1,308919985,False
naive,Mul,int64_t,min max mean symmetry,4096,0.1,1,304782725,False
vectorized,Mul,int64_t,min max mean symmetry,4096,0.1,2,304987989,False
naive,Mul,int64_t,min max mean symmetry,4096,0.1,2,305765296,False
vectorized,Mul,int64_t,min max mean symmetry,4096,0.1,3,299269322,False
naive,Mul,int64_t,min max mean symmetry,4096,0.1,3,304600857,False
vectorized,Mul,int64_t,min max mean symmetry,4096,0.1,4,297778251,False
naive,Mul,int64_t,min max mean symmetry,4096,0.1,4,301854808,False
vectorized,Mul,int64_t,min max mean symmetry,4096,0.1,5,304184335,False
naive,Mul,int64_t,min max mean symmetry,4096,0.1,5,305690600,False
vectorized,Mul,int64_t,min max mean symmetry,4096,0.1,6,305806401,False
naive,Mul,int64_t,min max mean symmetry,4096,0.1,6,305016042,False
vectorized,Mul,int64_t,min max mean symmetry,4096,0.1,7,306371170,False
naive,Mul,int64_t,min max mean symmetry,4096,0.1,7,304974261,False
vectorized,Mul,int64_t,min max mean symmetry,4096,0.1,8,298445379,False
naive,Mul,int64_t,min max mean symmetry,4096,0.1,8,317165572,False
vectorized,Mul,int64_t,min max mean symmetry,4096,0.1,9,296181705,False
naive,Mul,int64_t,min max mean symmetry,4096,0.1,9,304411117,False
vectorized,Mul,int64_t,min max mean symmetry,4096,0.2,0,310224786,False
naive,Mul,int64_t,min max mean symmetry,4096,0.2,0,304592791,False
vectorized,Mul,int64_t,min max mean symmetry,4096,0.2,1,311400370,False
naive,Mul,int64_t,min max mean symmetry,4096,0.2,1,301917566,False
vectorized,Mul,int64_t,min max mean symmetry,4096,0.2,2,292898148,False
naive,Mul,int64_t,min max mean symmetry,4096,0.2,2,305122166,False
vectorized,Mul,int64_t,min max mean symmetry,4096,0.2,3,296242991,False
naive,Mul,int64_t,min max mean symmetry,4096,0.2,3,301652895,False
vectorized,Mul,int64_t,min max mean symmetry,4096,0.2,4,292567993,False
naive,Mul,int64_t,min max mean symmetry,4096,0.2,4,305975411,False
vectorized,Mul,int64_t,min max mean symmetry,4096,0.2,5,296234869,False
naive,Mul,int64_t,min max mean symmetry,4096,0.2,5,303347865,False
vectorized,Mul,int64_t,min max mean symmetry,4096,0.2,6,310817804,False
naive,Mul,int64_t,min max mean symmetry,4096,0.2,6,303001601,False
vectorized,Mul,int64_t,min max mean symmetry,4096,0.2,7,305468121,False
naive,Mul,int64_t,min max mean symmetry,4096,0.2,7,304567576,False
vectorized,Mul,int64_t,min max mean symmetry,4096,0.2,8,318065802,False
naive,Mul,int64_t,min max mean symmetry,4096,0.2,8,305699046,False
vectorized,Mul,int64_t,min max mean symmetry,4096,0.2,9,305216060,False
naive,Mul,int64_t,min max mean symmetry,4096,0.2,9,304854677,False
vectorized,Mul,int64_t,min max mean symmetry,4096,0.25,0,307761131,False
naive,Mul,int64_t,min max mean symmetry,4096,0.25,0,306430376,False
vectorized,Mul,int64_t,min max mean symmetry,4096,0.25,1,293921812,False
naive,Mul,int64_t,min max mean symmetry,4096,0.25,1,307796988,False
vectorized,Mul,int64_t,min max mean symmetry,4096,0.25,2,303223814,False
naive,Mul,int64_t,min max mean symmetry,4096,0.25,2,318723664,False
vectorized,Mul,int64_t,min max mean symmetry,4096,0.25,3,303329488,False
naive,Mul,int64_t,min max mean symmetry,4096,0.25,3,303604640,False
vectorized,Mul,int64_t,min max mean symmetry,4096,0.25,4,308826542,False
naive,Mul,int64_t,min max mean symmetry,4096,0.25,4,304470552,False
vectorized,Mul,int64_t,min max mean symmetry,4096,0.25,5,315954487,False
naive,Mul,int64_t,min max mean symmetry,4096,0.25,5,305341859,False
vectorized,Mul,int64_t,min max mean symmetry,4096,0.25,6,321397389,False
naive,Mul,int64_t,min max mean symmetry,4096,0.25,6,305688438,False
vectorized,Mul,int64_t,min max mean symmetry,4096,0.25,7,303053025,False
naive,Mul,int64_t,min max mean symmetry,4096,0.25,7,327759487,False
vectorized,Mul,int64_t,min max mean symmetry,4096,0.25,8,308120007,False
naive,Mul,int64_t,min max mean symmetry,4096,0.25,8,307546269,False
vectorized,Mul,int64_t,min max mean symmetry,4096,0.25,9,302563128,False
naive,Mul,int64_t,min max mean symmetry,4096,0.25,9,303817991,False
vectorized,Mul,int64_t,min max mean symmetry,4096,1.0,0,318227579,True
naive,Mul,int64_t,min max mean symmetry,4096,1.0,0,317761125,True
vectorized,Mul,int64_t,min max mean symmetry,4096,1.0,1,299078994,True
naive,Mul,int64_t,min max mean symmetry,4096,1.0,1,306224074,True
vectorized,Mul,int64_t,min max mean symmetry,4096,1.0,2,319505104,True
naive,Mul,int64_t,min max mean symmetry,4096,1.0,2,302662714,True
vectorized,Mul,int64_t,min max mean symmetry,4096,1.0,3,295965296,True
naive,Mul,int64_t,min max mean symmetry,4096,1.0,3,306335411,True
vectorized,Mul,int64_t,min max mean symmetry,4096,1.0,4,287899777,True
naive,Mul,int64_t,min max mean symmetry,4096,1.0,4,311635578,True
vectorized,Mul,int64_t,min max mean symmetry,4096,1.0,5,301686393,True
naive,Mul,int64_t,min max mean symmetry,4096,1.0,5,307807551,True
vectorized,Mul,int64_t,min max mean symmetry,4096,1.0,6,297056266,True
naive,Mul,int64_t,min max mean symmetry,4096,1.0,6,303857830,True
vectorized,Mul,int64_t,min max mean symmetry,4096,1.0,7,298492908,True
naive,Mul,int64_t,min max mean symmetry,4096,1.0,7,304669950,True
vectorized,Mul,int64_t,min max mean symmetry,4096,1.0,8,303792871,True
naive,Mul,int64_t,min max mean symmetry,4096,1.0,8,305835926,True
vectorized,Mul,int64_t,min max mean symmetry,4096,1.0,9,309795143,True
naive,Mul,int64_t,min max mean symmetry,4096,1.0,9,305357857,True
vectorized,Mul,int64_t,min max,1024,0.001,0,8865348,False
naive,Mul,int64_t,min max,1024,0.001,0,5831528,False
vectorized,Mul,int64_t,min max,1024,0.001,1,9888197,False
naive,Mul,int64_t,min max,1024,0.001,1,5599731,False
vectorized,Mul,int64_t,min max,1024,0.001,2,9631285,False
naive,Mul,int64_t,min max,1024,0.001,2,5613204,False
vectorized,Mul,int64_t,min max,1024,0.001,3,9920365,False
naive,Mul,int64_t,min max,1024,0.001,3,5952407,False
vectorized,Mul,int64_t,min max,1024,0.001,4,9422341,False
naive,Mul,int64_t,min max,1024,0.001,4,5525576,False
vectorized,Mul,int64_t,min max,1024,0.001,5,9649437,False
naive,Mul,int64_t,min max,1024,0.001,5,5281550,False
vectorized,Mul,int64_t,min max,1024,0.001,6,8944143,False
naive,Mul,int64_t,min max,1024,0.001,6,6699177,False
vectorized,Mul,int64_t,min max,1024,0.001,7,8987663,False
naive,Mul,int64_t,min max,1024,0.001,7,5854738,False
vectorized,Mul,int64_t,min max,1024,0.001,8,8996930,False
naive,Mul,int64_t,min max,1024,0.001,8,4508993,False
vectorized,Mul,int64_t,min max,1024,0.001,9,9742331,False
naive,Mul,int64_t,min max,1024,0.001,9,5841735,False
vectorized,Mul,int64_t,min max,1024,0.01,0,9847357,False
naive,Mul,int64_t,min max,1024,0.01,0,5605389,False
vectorized,Mul,int64_t,min max,1024,0.01,1,8843204,False
naive,Mul,int64_t,min max,1024,0.01,1,5439359,False
vectorized,Mul,int64_t,min max,1024,0.01,2,9201743,False
naive,Mul,int64_t,min max,1024,0.01,2,4474002,False
vectorized,Mul,int64_t,min max,1024,0.01,3,8702413,False
naive,Mul,int64_t,min max,1024,0.01,3,5333996,False
vectorized,Mul,int64_t,min max,1024,0.01,4,8820764,False
naive,Mul,int64_t,min max,1024,0.01,4,5562939,False
vectorized,Mul,int64_t,min max,1024,0.01,5,8981891,False
naive,Mul,int64_t,min max,1024,0.01,5,5427136,False
vectorized,Mul,int64_t,min max,1024,0.01,6,9520877,False
naive,Mul,int64_t,min max,1024,0.01,6,5639470,False
vectorized,Mul,int64_t,min max,1024,0.01,7,9884184,False
naive,Mul,int64_t,min max,1024,0.01,7,5370756,False
vectorized,Mul,int64_t,min max,1024,0.01,8,8343244,False
naive,Mul,int64_t,min max,1024,0.01,8,5080981,False
vectorized,Mul,int64_t,min max,1024,0.01,9,8631963,False
naive,Mul,int64_t,min max,1024,0.01,9,5445432,False
vectorized,Mul,int64_t,min max,1024,0.05,0,8307522,False
naive,Mul,int64_t,min max,1024,0.05,0,4986845,False
vectorized,Mul,int64_t,min max,1024,0.05,1,9064586,False
naive,Mul,int64_t,min max,1024,0.05,1,5143304,False
vectorized,Mul,int64_t,min max,1024,0.05,2,9056598,False
naive,Mul,int64_t,min max,1024,0.05,2,5037112,False
vectorized,Mul,int64_t,min max,1024,0.05,3,8473035,False
naive,Mul,int64_t,min max,1024,0.05,3,5204285,False
vectorized,Mul,int64_t,min max,1024,0.05,4,9331129,False
naive,Mul,int64_t,min max,1024,0.05,4,5032939,False
vectorized,Mul,int64_t,min max,1024,0.05,5,8910294,False
naive,Mul,int64_t,min max,1024,0.05,5,4687453,False
vectorized,Mul,int64_t,min max,1024,0.05,6,8918779,False
naive,Mul,int64_t,min max,1024,0.05,6,5068308,False
vectorized,Mul,int64_t,min max,1024,0.05,7,8612508,False
naive,Mul,int64_t,min max,1024,0.05,7,4945118,False
vectorized,Mul,int64_t,min max,1024,0.05,8,8368044,False
naive,Mul,int64_t,min max,1024,0.05,8,6130011,False
vectorized,Mul,int64_t,min max,1024,0.05,9,8474059,False
naive,Mul,int64_t,min max,1024,0.05,9,5026764,False
vectorized,Mul,int64_t,min max,1024,0.1,0,8243680,False
naive,Mul,int64_t,min max,1024,0.1,0,4641735,False
vectorized,Mul,int64_t,min max,1024,0.1,1,8352409,False
naive,Mul,int64_t,min max,1024,0.1,1,4900156,False
vectorized,Mul,int64_t,min max,1024,0.1,2,8779708,False
naive,Mul,int64_t,min max,1024,0.1,2,4641867,False
vectorized,Mul,int64_t,min max,1024,0.1,3,8762899,False
naive,Mul,int64_t,min max,1024,0.1,3,5066130,False
vectorized,Mul,int64_t,min max,1024,0.1,4,8278694,False
naive,Mul,int64_t,min max,1024,0.1,4,4561038,False
vectorized,Mul,int64_t,min max,1024,0.1,5,8434271,False
naive,Mul,int64_t,min max,1024,0.1,5,4651294,False
vectorized,Mul,int64_t,min max,1024,0.1,6,8320023,False
naive,Mul,int64_t,min max,1024,0.1,6,4622022,False
vectorized,Mul,int64_t,min max,1024,0.1,7,8566727,False
naive,Mul,int64_t,min max,1024,0.1,7,4542668,False
vectorized,Mul,int64_t,min max,1024,0.1,8,8360138,False
naive,Mul,int64_t,min max,1024,0.1,8,4693919,False
vectorized,Mul,int64_t,min max,1024,0.1,9,8321681,False
naive,Mul,int64_t,min max,1024,0.1,9,5069501,False
vectorized,Mul,int64_t,min max,1024,0.2,0,8798681,False
naive,Mul,int64_t,min max,1024,0.2,0,4603317,False
vectorized,Mul,int64_t,min max,1024,0.2,1,8317412,False
naive,Mul,int64_t,min max,1024,0.2,1,4568626,False
vectorized,Mul,int64_t,min max,1024,0.2,2,9536258,False
naive,Mul,int64_t,min max,1024,0.2,2,4609458,False
vectorized,Mul,int64_t,min max,1024,0.2,3,8317537,False
naive,Mul,int64_t,min max,1024,0.2,3,4802431,False
vectorized,Mul,int64_t,min max,1024,0.2,4,8404355,False
naive,Mul,int64_t,min max,1024,0.2,4,4650117,False
vectorized,Mul,int64_t,min max,1024,0.2,5,8475194,False
naive,Mul,int64_t,min max,1024,0.2,5,4647212,False
vectorized,Mul,int64_t,min max,1024,0.2,6,8833248,False
naive,Mul,int64_t,min max,1024,0.2,6,4629507,False
vectorized,Mul,int64_t,min max,1024,0.2,7,8385223,False
naive,Mul,int64_t,min max,1024,0.2,7,5100802,False
vectorized,Mul,int64_t,min max,1024,0.2,8,8582274,False
naive,Mul,int64_t,min max,1024,0.2,8,4783845,False
vectorized,Mul,int64_t,min max,1024,0.2,9,8480394,False
naive,Mul,int64_t,min max,1024,0.2,9,4873947,False
vectorized,Mul,int64_t,min max,1024,0.25,0,9694538,False
naive,Mul,int64_t,min max,1024,0.25,0,4699210,False
vectorized,Mul,int64_t,min max,1024,0.25,1,8291508,False
naive,Mul,int64_t,min max,1024,0.25,1,4931599,False
vectorized,Mul,int64_t,min max,1024,0.25,2,8521048,False
naive,Mul,int64_t,min max,1024,0.25,2,4783662,False
vectorized,Mul,int64_t,min max,1024,0.25,3,8883891,False
naive,Mul,int64_t,min max,1024,0.25,3,4648918,False
vectorized,Mul,int64_t,min max,1024,0.25,4,8699029,False
naive,Mul,int64_t,min max,1024,0.25,4,4826422,False
vectorized,Mul,int64_t,min max,1024,0.25,5,8009333,False
naive,Mul,int64_t,min max,1024,0.25,5,4738299,False
vectorized,Mul,int64_t,min max,1024,0.25,6,8508043,False
naive,Mul,int64_t,min max,1024,0.25,6,4659745,False
vectorized,Mul,int64_t,min max,1024,0.25,7,8980425,False
naive,Mul,int64_t,min max,1024,0.25,7,4581957,False
vectorized,Mul,int64_t,min max,1024,0.25,8,8299362,False
naive,Mul,int64_t,min max,1024,0.25,8,4814801,False
vectorized,Mul,int64_t,min max,1024,0.25,9,8024166,False
naive,Mul,int64_t,min max,1024,0.25,9,4601979,False
vectorized,Mul,int64_t,min max,1024,1.0,0,7691594,True
naive,Mul,int64_t,min max,1024,1.0,0,6219632,True
vectorized,Mul,int64_t,min max,1024,1.0,1,7402110,True
naive,Mul,int64_t,min max,1024,1.0,1,6070036,True
vectorized,Mul,int64_t,min max,1024,1.0,2,7685504,True
naive,Mul,int64_t,min max,1024,1.0,2,6087313,True
vectorized,Mul,int64_t,min max,1024,1.0,3,7383535,True
naive,Mul,int64_t,min max,1024,1.0,3,6074754,True
vectorized,Mul,int64_t,min max,1024,1.0,4,7649726,True
naive,Mul,int64_t,min max,1024,1.0,4,6034405,True
vectorized,Mul,int64_t,min max,1024,1.0,5,7627250,True
naive,Mul,int64_t,min max,1024,1.0,5,6091783,True
vectorized,Mul,int64_t,min max,1024,1.0,6,7817932,True
naive,Mul,int64_t,min max,1024,1.0,6,6425252,True
vectorized,Mul,int64_t,min max,1024,1.0,7,7594631,True
naive,Mul,int64_t,min max,1024,1.0,7,6222793,True
vectorized,Mul,int64_t,min max,1024,1.0,8,7693293,True
naive,Mul,int64_t,min max,1024,1.0,8,6092329,True
vectorized,Mul,int64_t,min max,1024,1.0,9,7720579,True
naive,Mul,int64_t,min max,1024,1.0,9,6041191,True
vectorized,Mul,int64_t,min max,2048,0.001,0,19203935,False
naive,Mul,int64_t,min max,2048,0.001,0,21680560,False
vectorized,Mul,int64_t,min max,2048,0.001,1,21232237,False
naive,Mul,int64_t,min max,2048,0.001,1,20026801,False
vectorized,Mul,int64_t,min max,2048,0.001,2,16523715,False
naive,Mul,int64_t,min max,2048,0.001,2,18791165,False
vectorized,Mul,int64_t,min max,2048,0.001,3,17640017,False
naive,Mul,int64_t,min max,2048,0.001,3,19922821,False
vectorized,Mul,int64_t,min max,2048,0.001,4,17775116,False
naive,Mul,int64_t,min max,2048,0.001,4,19702081,False
vectorized,Mul,int64_t,min max,2048,0.001,5,21282452,False
naive,Mul,int64_t,min max,2048,0.001,5,19746011,False
vectorized,Mul,int64_t,min max,2048,0.001,6,17603284,False
naive,Mul,int64_t,min max,2048,0.001,6,19829880,False
vectorized,Mul,int64_t,min max,2048,0.001,7,18344394,False
naive,Mul,int64_t,min max,2048,0.001,7,19689308,False
vectorized,Mul,int64_t,min max,2048,0.001,8,21881119,False
naive,Mul,int64_t,min max,2048,0.001,8,19717545,False
vectorized,Mul,int64_t,min max,2048,0.001,9,16563551,False
naive,Mul,int64_t,min max,2048,0.001,9,19668535,False
vectorized,Mul,int64_t,min max,2048,0.01,0,18340840,False
naive,Mul,int64_t,min max,2048,0.01,0,18798594,False
vectorized,Mul,int64_t,min max,2048,0.01,1,18886527,False
naive,Mul,int64_t,min max,2048,0.01,1,19712072,False
vectorized,Mul,int64_t,min max,2048,0.01,2,18728165,False
naive,Mul,int64_t,min max,2048,0.01,2,18862789,False
vectorized,Mul,int64_t,min max,2048,0.01,3,21620827,False
naive,Mul,int64_t,min max,2048,0.01,3,19787414,False
vectorized,Mul,int64_t,min max,2048,0.01,4,18247065,False
naive,Mul,int64_t,min max,2048,0.01,4,19866273,False
vectorized,Mul,int64_t,min max,2048,0.01,5,21582396,False
naive,Mul,int64_t,min max,2048,0.01,5,19710299,False
vectorized,Mul,int64_t,min max,2048,0.01,6,18392591,False
naive,Mul,int64_t,min max,2048,0.01,6,19870219,False
vectorized,Mul,int64_t,min max,2048,0.01,7,17822883,False
naive,Mul,int64_t,min max,2048,0.01,7,20128635,False
vectorized,Mul,int64_t,min max,2048,0.01,8,21838869,False
naive,Mul,int64_t,min max,2048,0.01,8,19937844,False
vectorized,Mul,int64_t,min max,2048,0.01,9,17703544,False
naive,Mul,int64_t,min max,2048,0.01,9,19655561,False
vectorized,Mul,int64_t,min max,2048,0.05,0,20514492,False
naive,Mul,int64_t,min max,2048,0.05,0,19726232,False
vectorized,Mul,int64_t,min max,2048,0.05,1,18254180,False
naive,Mul,int64_t,min max,2048,0.05,1,19076664,False
vectorized,Mul,int64_t,min max,2048,0.05,2,18734872,False
naive,Mul,int64_t,min max,2048,0.05,2,18830143,False
vectorized,Mul,int64_t,min max,2048,0.05,3,18624863,False
naive,Mul,int64_t,min max,2048,0.05,3,20109139,False
vectorized,Mul,int64_t,min max,2048,0.05,4,20752029,False
naive,Mul,int64_t,min max,2048,0.05,4,20179560,False
vectorized,Mul,int64_t,min max,2048,0.05,5,21473680,False
naive,Mul,int64_t,min max,2048,0.05,5,20788995,False
vectorized,Mul,int64_t,min max,2048,0.05,6,18627107,False
naive,Mul,int64_t,min max,2048,0.05,6,18896678,False
vectorized,Mul,int64_t,min max,2048,0.05,7,20058427,False
naive,Mul,int64_t,min max,2048,0.05,7,22498085,False
vectorized,Mul,int64_t,min max,2048,0.05,8,18123788,False
naive,Mul,int64_t,min max,2048,0.05,8,19955349,False
vectorized,Mul,int64_t,min max,2048,0.05,9,17523321,False
naive,Mul,int64_t,min max,2048,0.05,9,20779677,False
vectorized,Mul,int64_t,min max,2048,0.1,0,20610942,False
naive,Mul,int64_t,min max,2048,0.1,0,19642156,False
vectorized,Mul,int64_t,min max,2048,0.1,1,18818994,False
naive,Mul,int64_t,min max,2048,0.1,1,18844550,False
vectorized,Mul,int64_t,min max,2048,0.1,2,15856433,False
naive,Mul,int64_t,min max,2048,0.1,2,19839569,False
vectorized,Mul,int64_t,min max,2048,0.1,3,21199897,False
naive,Mul,int64_t,min max,2048,0.1,3,18843746,False
vectorized,Mul,int64_t,min max,2048,0.1,4,17244534,False
naive,Mul,int64_t,min max,2048,0.1,4,19908418,False
vectorized,Mul,int64_t,min max,2048,0.1,5,16256037,False
naive,Mul,int64_t,min max,2048,0.1,5,18868682,False
vectorized,Mul,int64_t,min max,2048,0.1,6,21406578,False
naive,Mul,int64_t,min max,2048,0.1,6,21535188,False
vectorized,Mul,int64_t,min max,2048,0.1,7,21329088,False
naive,Mul,int64_t,min max,2048,0.1,7,19897028,False
vectorized,Mul,int64_t,min max,2048,0.1,8,20761517,False
naive,Mul,int64_t,min max,2048,0.1,8,19867139,False
vectorized,Mul,int64_t,min max,2048,0.1,9,21487815,False
naive,Mul,int64_t,min max,2048,0.1,9,19893332,False
vectorized,Mul,int64_t,min max,2048,0.2,0,21714676,False
naive,Mul,int64_t,min max,2048,0.2,0,18931019,False
vectorized,Mul,int64_t,min max,2048,0.2,1,17563355,False
naive,Mul,int64_t,min max,2048,0.2,1,19833017,False
vectorized,Mul,int64_t,min max,2048,0.2,2,17246454,False
naive,Mul,int64_t,min max,2048,0.2,2,19887908,False
vectorized,Mul,int64_t,min max,2048,0.2,3,18865873,False
naive,Mul,int64_t,min max,2048,0.2,3,18931204,False
vectorized,Mul,int64_t,min max,2048,0.2,4,21559996,False
naive,Mul,int64_t,min max,2048,0.2,4,20018090,False
vectorized,Mul,int64_t,min max,2048,0.2,5,18420821,False
naive,Mul,int64_t,min max,2048,0.2,5,20063962,False
vectorized,Mul,int64_t,min max,2048,0.2,6,17522898,False
naive,Mul,int64_t,min max,2048,0.2,6,20827726,False
vectorized,Mul,int64_t,min max,2048,0.2,7,21549451,False
naive,Mul,int64_t,min max,2048,0.2,7,19901355,False
vectorized,Mul,int64_t,min max,2048,0.2,8,21292310,False
naive,Mul,int64_t,min max,2048,0.2,8,20855556,False
vectorized,Mul,int64_t,min max,2048,0.2,9,21829201,False
naive,Mul,int64_t,min max,2048,0.2,9,21710202,False
vectorized,Mul,int64_t,min max,2048,0.25,0,21467731,False
naive,Mul,int64_t,min max,2048,0.25,0,18869165,False
vectorized,Mul,int64_t,min max,2048,0.25,1,21444924,False
naive,Mul,int64_t,min max,2048,0.25,1,20110564,False
vectorized,Mul,int64_t,min max,2048,0.25,2,19554825,False
naive,Mul,int64_t,min max,2048,0.25,2,19880345,False
vectorized,Mul,int64_t,min max,2048,0.25,3,18398004,False
naive,Mul,int64_t,min max,2048,0.25,3,19679238,False
vectorized,Mul,int64_t,min max,2048,0.25,4,18370735,False
naive,Mul,int64_t,min max,2048,0.25,4,18845456,False
vectorized,Mul,int64_t,min max,2048,0.25,5,17787218,False
naive,Mul,int64_t,min max,2048,0.25,5,20789008,False
vectorized,Mul,int64_t,min max,2048,0.25,6,19894493,False
naive,Mul,int64_t,min max,2048,0.25,6,21812234,False
vectorized,Mul,int64_t,min max,2048,0.25,7,22141525,False
naive,Mul,int64_t,min max,2048,0.25,7,19064502,False
vectorized,Mul,int64_t,min max,2048,0.25,8,16951342,False
naive,Mul,int64_t,min max,2048,0.25,8,19964653,False
vectorized,Mul,int64_t,min max,2048,0.25,9,20622593,False
naive,Mul,int64_t,min max,2048,0.25,9,20729678,False
vectorized,Mul,int64_t,min max,2048,1.0,0,18264670,True
naive,Mul,int64_t,min max,2048,1.0,0,19938893,True
vectorized,Mul,int64_t,min max,2048,1.0,1,21025091,True
naive,Mul,int64_t,min max,2048,1.0,1,18856789,True
vectorized,Mul,int64_t,min max,2048,1.0,2,20969310,True
naive,Mul,int64_t,min max,2048,1.0,2,20116716,True
vectorized,Mul,int64_t,min max,2048,1.0,3,21331208,True
naive,Mul,int64_t,min max,2048,1.0,3,19996469,True
vectorized,Mul,int64_t,min max,2048,1.0,4,21018768,True
naive,Mul,int64_t,min max,2048,1.0,4,21616718,True
vectorized,Mul,int64_t,min max,2048,1.0,5,18346380,True
naive,Mul,int64_t,min max,2048,1.0,5,20846265,True
vectorized,Mul,int64_t,min max,2048,1.0,6,20725932,True
naive,Mul,int64_t,min max,2048,1.0,6,19902364,True
vectorized,Mul,int64_t,min max,2048,1.0,7,17922754,True
naive,Mul,int64_t,min max,2048,1.0,7,19786637,True
vectorized,Mul,int64_t,min max,2048,1.0,8,18476257,True
naive,Mul,int64_t,min max,2048,1.0,8,19831671,True
vectorized,Mul,int64_t,min max,2048,1.0,9,20779069,True
naive,Mul,int64_t,min max,2048,1.0,9,21812748,True
vectorized,Mul,int64_t,min max,4096,0.001,0,48952538,False
naive,Mul,int64_t,min max,4096,0.001,0,79634185,False
vectorized,Mul,int64_t,min max,4096,0.001,1,52087058,False
naive,Mul,int64_t,min max,4096,0.001,1,86300417,False
vectorized,Mul,int64_t,min max,4096,0.001,2,54419863,False
naive,Mul,int64_t,min max,4096,0.001,2,79065963,False
vectorized,Mul,int64_t,min max,4096,0.001,3,54378846,False
naive,Mul,int64_t,min max,4096,0.001,3,90678236,False
vectorized,Mul,int64_t,min max,4096,0.001,4,50532637,False
naive,Mul,int64_t,min max,4096,0.001,4,79803205,False
vectorized,Mul,int64_t,min max,4096,0.001,5,46151709,False
naive,Mul,int64_t,min max,4096,0.001,5,79822064,False
vectorized,Mul,int64_t,min max,4096,0.001,6,51203246,False
naive,Mul,int64_t,min max,4096,0.001,6,87436825,False
vectorized,Mul,int64_t,min max,4096,0.001,7,54672211,False
naive,Mul,int64_t,min max,4096,0.001,7,79422362,False
vectorized,Mul,int64_t,min max,4096,0.001,8,53482597,False
naive,Mul,int64_t,min max,4096,0.001,8,79605898,False
vectorized,Mul,int64_t,min max,4096,0.001,9,62376620,False
naive,Mul,int64_t,min max,4096,0.001,9,79362563,False
vectorized,Mul,int64_t,min max,4096,0.01,0,45899593,False
naive,Mul,int64_t,min max,4096,0.01,0,78862800,False
vectorized,Mul,int64_t,min max,4096,0.01,1,55685511,False
naive,Mul,int64_t,min max,4096,0.01,1,78569871,False
vectorized,Mul,int64_t,min max,4096,0.01,2,55877203,False
naive,Mul,int64_t,min max,4096,0.01,2,77241202,False
vectorized,Mul,int64_t,min max,4096,0.01,3,46389901,False
naive,Mul,int64_t,min max,4096,0.01,3,79792961,False
vectorized,Mul,int64_t,min max,4096,0.01,4,46961490,False
naive,Mul,int64_t,min max,4096,0.01,4,77176652,False
vectorized,Mul,int64_t,min max,4096,0.01,5,51505299,False
naive,Mul,int64_t,min max,4096,0.01,5,79837491,False
vectorized,Mul,int64_t,min max,4096,0.01,6,65061236,False
naive,Mul,int64_t,min max,4096,0.01,6,78229171,False
vectorized,Mul,int64_t,min max,4096,0.01,7,50087313,False
naive,Mul,int64_t,min max,4096,0.01,7,77882625,False
vectorized,Mul,int64_t,min max,4096,0.01,8,67675128,False
naive,Mul,int64_t,min max,4096,0.01,8,80233201,False
vectorized,Mul,int64_t,min max,4096,0.01,9,54166177,False
naive,Mul,int64_t,min max,4096,0.01,9,80395132,False
vectorized,Mul,int64_t,min max,4096,0.05,0,51503342,False
naive,Mul,int64_t,min max,4096,0.05,0,79464312,False
vectorized,Mul,int64_t,min max,4096,0.05,1,60894771,False
naive,Mul,int64_t,min max,4096,0.05,1,79746203,False
vectorized,Mul,int64_t,min max,4096,0.05,2,52552231,False
naive,Mul,int64_t,min max,4096,0.05,2,79001821,False
vectorized,Mul,int64_t,min max,4096,0.05,3,53579975,False
naive,Mul,int64_t,min max,4096,0.05,3,76841197,False
vectorized,Mul,int64_t,min max,4096,0.05,4,58887749,False
naive,Mul,int64_t,min max,4096,0.05,4,80003030,False
vectorized,Mul,int64_t,min max,4096,0.05,5,59472424,False
naive,Mul,int64_t,min max,4096,0.05,5,77889804,False
vectorized,Mul,int64_t,min max,4096,0.05,6,54596625,False
naive,Mul,int64_t,min max,4096,0.05,6,76996835,False
vectorized,Mul,int64_t,min max,4096,0.05,7,51242820,False
naive,Mul,int64_t,min max,4096,0.05,7,79425714,False
vectorized,Mul,int64_t,min max,4096,0.05,8,62636775,False
naive,Mul,int64_t,min max,4096,0.05,8,82484405,False
vectorized,Mul,int64_t,min max,4096,0.05,9,45621282,False
naive,Mul,int64_t,min max,4096,0.05,9,76551326,False
vectorized,Mul,int64_t,min max,4096,0.1,0,45648169,False
naive,Mul,int64_t,min max,4096,0.1,0,80067359,False
vectorized,Mul,int64_t,min max,4096,0.1,1,52728385,False
naive,Mul,int64_t,min max,4096,0.1,1,79761797,False
vectorized,Mul,int64_t,min max,4096,0.1,2,53664868,False
naive,Mul,int64_t,min max,4096,0.1,2,79419495,False
vectorized,Mul,int64_t,min max,4096,0.1,3,53646961,False
naive,Mul,int64_t,min max,4096,0.1,3,79462101,False
vectorized,Mul,int64_t,min max,4096,0.1,4,55327316,False
naive,Mul,int64_t,min max,4096,0.1,4,80061747,False
vectorized,Mul,int64_t,min max,4096,0.1,5,56248515,False
naive,Mul,int64_t,min max,4096,0.1,5,80163177,False
vectorized,Mul,int64_t,min max,4096,0.1,6,50741802,False
naive,Mul,int64_t,min max,4096,0.1,6,76817150,False
vectorized,Mul,int64_t,min max,4096,0.1,7,52610846,False
naive,Mul,int64_t,min max,4096,0.1,7,79115332,False
vectorized,Mul,int64_t,min max,4096,0.1,8,57805288,False
naive,Mul,int64_t,min max,4096,0.1,8,79689442,False
vectorized,Mul,int64_t,min max,4096,0.1,9,65280581,False
naive,Mul,int64_t,min max,4096,0.1,9,86279327,False
vectorized,Mul,int64_t,min max,4096,0.2,0,65156209,False
naive,Mul,int64_t,min max,4096,0.2,0,77596666,False
vectorized,Mul,int64_t,min max,4096,0.2,1,48308792,False
naive,Mul,int64_t,min max,4096,0.2,1,80815267,False
vectorized,Mul,int64_t,min max,4096,0.2,2,60939900,False
naive,Mul,int64_t,min max,4096,0.2,2,79438073,False
vectorized,Mul,int64_t,min max,4096,0.2,3,54166758,False
naive,Mul,int64_t,min max,4096,0.2,3,79697448,False
vectorized,Mul,int64_t,min max,4096,0.2,4,49330658,False
naive,Mul,int64_t,min max,4096,0.2,4,79700606,False
vectorized,Mul,int64_t,min max,4096,0.2,5,53712042,False
naive,Mul,int64_t,min max,4096,0.2,5,87660055,False
vectorized,Mul,int64_t,min max,4096,0.2,6,66545014,False
naive,Mul,int64_t,min max,4096,0.2,6,78660456,False
vectorized,Mul,int64_t,min max,4096,0.2,7,58300407,False
naive,Mul,int64_t,min max,4096,0.2,7,92092162,False
vectorized,Mul,int64_t,min max,4096,0.2,8,54943008,False
naive,Mul,int64_t,min max,4096,0.2,8,79486376,False
vectorized,Mul,int64_t,min max,4096,0.2,9,48688119,False
naive,Mul,int64_t,min max,4096,0.2,9,79759018,False
vectorized,Mul,int64_t,min max,4096,0.25,0,51815747,False
naive,Mul,int64_t,min max,4096,0.25,0,79950411,False
vectorized,Mul,int64_t,min max,4096,0.25,1,62697635,False
naive,Mul,int64_t,min max,4096,0.25,1,80416681,False
vectorized,Mul,int64_t,min max,4096,0.25,2,43928371,False
naive,Mul,int64_t,min max,4096,0.25,2,88358940,False
vectorized,Mul,int64_t,min max,4096,0.25,3,55558406,False
naive,Mul,int64_t,min max,4096,0.25,3,76835824,False
vectorized,Mul,int64_t,min max,4096,0.25,4,52564891,False
naive,Mul,int64_t,min max,4096,0.25,4,78640621,False
vectorized,Mul,int64_t,min max,4096,0.25,5,67920978,False
naive,Mul,int64_t,min max,4096,0.25,5,82474520,False
vectorized,Mul,int64_t,min max,4096,0.25,6,58958039,False
naive,Mul,int64_t,min max,4096,0.25,6,78495478,False
vectorized,Mul,int64_t,min max,4096,0.25,7,58110093,False
naive,Mul,int64_t,min max,4096,0.25,7,78862017,False
vectorized,Mul,int64_t,min max,4096,0.25,8,66405716,False
naive,Mul,int64_t,min max,4096,0.25,8,79767872,False
vectorized,Mul,int64_t,min max,4096,0.25,9,51953987,False
naive,Mul,int64_t,min max,4096,0.25,9,76491712,False
vectorized,Mul,int64_t,min max,4096,1.0,0,61032760,True
naive,Mul,int64_t,min max,4096,1.0,0,80384742,True
vectorized,Mul,int64_t,min max,4096,1.0,1,53540832,True
naive,Mul,int64_t,min max,4096,1.0,1,76823792,True
vectorized,Mul,int64_t,min max,4096,1.0,2,54114347,True
naive,Mul,int64_t,min max,4096,1.0,2,79322131,True
vectorized,Mul,int64_t,min max,4096,1.0,3,61903234,True
naive,Mul,int64_t,min max,4096,1.0,3,76240719,True
vectorized,Mul,int64_t,min max,4096,1.0,4,58190450,True
naive,Mul,int64_t,min max,4096,1.0,4,79491883,True
vectorized,Mul,int64_t,min max,4096,1.0,5,66585840,True
naive,Mul,int64_t,min max,4096,1.0,5,80066826,True
vectorized,Mul,int64_t,min max,4096,1.0,6,53448891,True
naive,Mul,int64_t,min max,4096,1.0,6,77190482,True
vectorized,Mul,int64_t,min max,4096,1.0,7,50686907,True
naive,Mul,int64_t,min max,4096,1.0,7,76655049,True
vectorized,Mul,int64_t,min max,4096,1.0,8,54041739,True
naive,Mul,int64_t,min max,4096,1.0,8,79514890,True
vectorized,Mul,int64_t,min max,4096,1.0,9,58708504,True
naive,Mul,int64_t,min max,4096,1.0,9,77502037,True
